scene,edge,cost
0,"[[(0, 2), (0, 27), (6, 11), (6, 24), (18, 13), (9, 2), (9, 20), (23, 8), (4, 3), (3, 29), (21, 12), (8, 14), (10, 22), (7, 9), (13, 28), (20, 25), (15, 25)]]","[[41.54602591427253, 184.2311774958752, 23.535940819218297, 82.96529367660307, 69.8615052611722, 33.78279449340549, 124.58570631455066, 278.62623181763973, 24.403682050719873, 624.9228914309698, 190.8647659829648, 36.50644264161323, 137.00366326334566, 47.363478598985395, 25.80505364463038, 19.297589225734267, 124.56940913685955]]"
1,"[[(0, 2), (0, 27), (6, 11), (6, 24), (18, 13), (9, 2), (9, 20), (23, 8), (4, 3), (3, 29), (21, 12), (8, 14), (10, 22), (7, 9), (13, 28), (20, 25), (15, 25)]]","[[35.245231773172605, 86.99620721103577, 25.76686925438737, 157.01134667647844, 73.85135577550095, 13.08262155880736, 120.41068318174797, 271.65792579554704, 23.91567326257384, 463.43967627686885, 170.1045092729869, 28.99692205213448, 154.685396553524, 50.521481676943445, 16.101902954524128, 6.805948336975641, 132.7568196943308]]"
2,"[[(0, 2), (0, 27), (6, 11), (6, 24), (18, 13), (9, 2), (9, 20), (23, 8), (4, 3), (3, 29), (21, 12), (8, 14), (10, 22), (7, 9), (13, 28), (20, 25), (15, 25)]]","[[37.92727162412473, 162.9361427150572, 26.70886042743217, 120.37980728496268, 28.31376851594047, 68.99518212659468, 195.85074416146483, 75.66658629314028, 27.03652798469392, 503.4479640706927, 174.04779277463567, 41.848440381897674, 64.21723868722246, 40.673721826994274, 7.723077982215333, 19.97234497024649, 131.4026253771048]]"
3,"[[(0, 2), (0, 27), (6, 11), (6, 24), (18, 13), (9, 2), (9, 20), (23, 8), (4, 3), (3, 29), (21, 12), (8, 14), (10, 22), (7, 9), (13, 28), (20, 25), (15, 25)]]","[[33.88756872900698, 157.7979898068137, 27.301372724459636, 87.8837133614827, 142.20025250634018, 43.8637509731038, 143.26045627428493, 219.65156806333863, 12.042893283728738, 336.3177286002033, 145.36035268675147, 36.00669490776024, 97.20213778137371, 28.199249761747897, 37.48464939224162, 4.152682422946784, 126.79896983473184]]"
4,"[[(0, 2), (0, 27), (6, 11), (6, 24), (18, 13), (9, 2), (9, 20), (23, 8), (4, 3), (3, 29), (21, 12), (8, 14), (10, 22), (7, 9), (13, 28), (20, 25), (15, 25)]]","[[34.45055709577203, 150.61237281553014, 25.63014391789389, 161.16314594869615, 45.272138462149776, 4.485058127689476, 132.37604397974144, 12.718865867140664, 27.678634199164062, 42.26235772364873, 173.87740152756544, 47.46158044589491, 112.67815645080654, 35.27459006439625, 29.611894672980565, 9.13275585811422, 129.17252705281496]]"
5,"[[(0, 2), (0, 27), (6, 11), (6, 24), (18, 13), (9, 2), (9, 20), (23, 8), (4, 3), (3, 29), (21, 12), (8, 14), (10, 22), (7, 9), (13, 28), (20, 25), (15, 25)]]","[[39.62092431938555, 161.7926886366286, 27.015268209390847, 141.97023449170194, 74.78352749126918, 47.49955440692605, 234.43190338382854, 125.58661207632731, 22.358033892820657, 21.275529885913404, 178.87763839815148, 21.3625950456412, 184.89073307396805, 39.30297182349676, 25.908414404813403, 9.977296977054257, 132.89187323281223]]"
6,"[[(0, 2), (0, 27), (6, 11), (6, 24), (18, 13), (9, 2), (9, 20), (23, 8), (4, 3), (3, 29), (21, 12), (8, 14), (10, 22), (7, 9), (13, 28), (20, 25), (15, 25)]]","[[42.2071419331466, 160.12282045299304, 27.79534904165733, 127.19030343525883, 68.52926530224153, 63.97453415054568, 101.8770135587984, 50.54274623542461, 20.763996407539732, 484.66929512166956, 192.40739715455217, 39.48191190273296, 170.7495252624389, 28.849772902531186, 45.68864933281245, 9.152582955633028, 130.34717753099181]]"
7,"[[(0, 2), (0, 27), (6, 11), (6, 24), (18, 13), (9, 2), (9, 20), (23, 8), (4, 3), (3, 29), (21, 12), (8, 14), (10, 22), (7, 9), (13, 28), (20, 25), (15, 25)]]","[[24.015706316972146, 73.84301623117688, 23.111851673290374, 143.59811596678614, 88.10011916905584, 18.177505022482023, 130.32144519477913, 83.0206036247087, 13.857033216624664, 72.39234648332888, 158.4077059409185, 28.292246962611607, 114.97251469732959, 20.664767969916355, 44.119195069714735, 8.150803891819761, 123.24080031931835]]"
8,"[[(0, 2), (0, 27), (6, 11), (6, 24), (18, 13), (9, 2), (9, 20), (23, 8), (4, 3), (3, 29), (21, 12), (8, 14), (10, 22), (7, 9), (13, 28), (20, 25), (15, 25)]]","[[31.641636885741605, 78.14338313643657, 29.427566427231998, 146.95677671709103, 99.60579731687734, 61.53769170477214, 125.12918503394815, 148.35211816556355, 22.368037041077088, 238.49558868685358, 167.77907360355505, 38.19825443845376, 47.50793398740319, 19.079540353759405, 36.407761002166666, 13.075831854958379, 102.87899437843478]]"
9,"[[(0, 2), (0, 27), (6, 11), (6, 24), (18, 13), (9, 2), (9, 20), (23, 8), (4, 3), (3, 29), (21, 12), (8, 14), (10, 22), (7, 9), (13, 28), (20, 25), (15, 25)]]","[[33.078888234617345, 185.09362105353148, 23.161139375439237, 129.76126296567816, 72.55174328857288, 6.132229380705769, 185.33203877243008, 161.69933567572414, 24.510187722560875, 182.74776231844007, 172.5491968421118, 24.666610325441084, 85.78814399827854, 26.460032766730826, 11.755025400790194, 13.056531070526312, 119.53845309979482]]"
10,"[[(0, 2), (0, 27), (6, 11), (6, 24), (18, 13), (9, 2), (9, 20), (23, 8), (4, 3), (3, 29), (21, 12), (8, 14), (10, 22), (7, 9), (13, 28), (20, 25), (15, 25)]]","[[30.456925910987483, 87.35000859493397, 20.983547812292258, 90.5000213008806, 20.39207472097437, 59.55440073489414, 243.16166458577254, 354.438854253589, 17.9828389950301, 51.4555285319749, 191.29949229628923, 38.731777930217646, 107.49834949038672, 28.74552048143589, 6.232493776611413, 18.383657983329464, 114.59983050382819]]"
11,"[[(0, 2), (0, 27), (6, 11), (6, 24), (18, 13), (9, 2), (9, 20), (23, 8), (4, 3), (3, 29), (21, 12), (8, 14), (10, 22), (7, 9), (13, 28), (20, 25), (15, 25)]]","[[40.87091444915741, 204.22069239791702, 23.458034072847035, 144.27596629890326, 31.236126606932146, 66.10590179940098, 82.67928166988493, 188.86578413864788, 16.475998955246173, 348.30973837596326, 149.9093636736155, 18.187138834945728, 150.06914130271764, 26.050374109671278, 22.67359618643833, 8.114815622362762, 120.90967936847635]]"
12,"[[(0, 2), (0, 27), (6, 11), (6, 24), (18, 13), (9, 2), (9, 20), (23, 8), (4, 3), (3, 29), (21, 12), (8, 14), (10, 22), (7, 9), (13, 28), (20, 25), (15, 25)]]","[[40.30360280517051, 133.06138038423302, 22.619525971542924, 135.77409415665713, 96.92731344000919, 25.211553376735495, 123.52755150543473, 239.10939671008657, 30.907167958142264, 393.7513545973936, 169.2454110604396, 29.727129615103408, 130.4216888214042, 39.096331307267896, 43.66766490408469, 16.32865010598902, 118.84540407093417]]"
13,"[[(0, 2), (0, 27), (6, 11), (6, 24), (18, 13), (9, 2), (9, 20), (23, 8), (4, 3), (3, 29), (21, 12), (8, 14), (10, 22), (7, 9), (13, 28), (20, 25), (15, 25)]]","[[33.15867460800063, 66.98118670358335, 29.0685389600336, 106.82008016365646, 66.54632878213062, 15.33714685034431, 101.76743342498867, 320.8803908263968, 14.944183556095933, 353.3856792824412, 174.07773224434675, 28.22958935126127, 48.792278843438254, 29.51471770804381, 22.61992404710929, 5.916624068188096, 126.4206039057995]]"
14,"[[(0, 2), (0, 27), (6, 11), (6, 24), (18, 13), (9, 2), (9, 20), (23, 8), (4, 3), (3, 29), (21, 12), (8, 14), (10, 22), (7, 9), (13, 28), (20, 25), (15, 25)]]","[[34.76771031366869, 142.81139335558152, 24.915371524390455, 142.0463295741754, 59.0275238157494, 39.0515748005056, 179.33853452147142, 40.75869435861334, 11.187771452484501, 175.25981950273714, 183.41628607210484, 45.32710344782496, 168.79229604485008, 23.14894154811021, 36.95205220334416, 7.748953792147322, 114.6306806197215]]"
15,"[[(0, 2), (0, 27), (6, 11), (6, 24), (18, 13), (9, 2), (9, 20), (23, 8), (4, 3), (3, 29), (21, 12), (8, 14), (10, 22), (7, 9), (13, 28), (20, 25), (15, 25)]]","[[28.707279235221872, 55.94228959722172, 22.561643714320823, 98.47105527228366, 110.84879709090204, 47.98319060874133, 97.19873196574262, 348.6736408707949, 20.207256967141866, 542.0274294629913, 188.38781822743601, 20.471689906468455, 72.11669511010436, 44.21669026613105, 41.543893204775394, 12.118263537959347, 133.89519395682578]]"
16,"[[(0, 2), (0, 27), (6, 11), (6, 24), (18, 13), (9, 2), (9, 20), (23, 8), (4, 3), (3, 29), (21, 12), (8, 14), (10, 22), (7, 9), (13, 28), (20, 25), (15, 25)]]","[[36.02366488012949, 211.72812812270502, 25.9895962665292, 127.23122857300197, 115.10369684470916, 10.43890079399147, 146.59362092803264, 173.09798344117692, 13.710326613076099, 538.9254056440753, 155.6298918931839, 30.31934655762545, 77.42405643907543, 33.80637293435372, 35.442482322353534, 15.220204654630688, 103.19951585815895]]"
17,"[[(0, 2), (0, 27), (6, 11), (6, 24), (18, 13), (9, 2), (9, 20), (23, 8), (4, 3), (3, 29), (21, 12), (8, 14), (10, 22), (7, 9), (13, 28), (20, 25), (15, 25)]]","[[27.203579641733533, 86.43380750602137, 22.06940553671079, 149.50040419172902, 26.75144997083804, 76.3117729759148, 99.98458239603683, 346.09136163756654, 13.607601334269553, 606.0974331242701, 153.39093726012888, 26.1122941745694, 110.96433513903764, 42.01743191149357, 8.77741957927383, 17.018168298106684, 114.74067009501712]]"
18,"[[(0, 2), (0, 27), (6, 11), (6, 24), (18, 13), (9, 2), (9, 20), (23, 8), (4, 3), (3, 29), (21, 12), (8, 14), (10, 22), (7, 9), (13, 28), (20, 25), (15, 25)]]","[[31.714437640093692, 215.30846269643737, 21.192987580377302, 82.08303219741221, 148.88452692093938, 13.78241015785035, 176.8131470497795, 58.972298691333506, 25.24429765334132, 628.2758893352966, 145.19850586172646, 43.506021439596196, 174.3256250382975, 23.333537449139317, 38.76747287748764, 6.173637933982034, 106.64839108241655]]"
19,"[[(0, 2), (0, 27), (6, 11), (6, 24), (18, 13), (9, 2), (9, 20), (23, 8), (4, 3), (3, 29), (21, 12), (8, 14), (10, 22), (7, 9), (13, 28), (20, 25), (15, 25)]]","[[27.167392445170286, 109.52493358199544, 27.621486036239702, 99.41818060338395, 106.25091403617056, 10.494453133995604, 147.94845600572023, 303.4221996331676, 19.60794437949838, 547.4345568344427, 171.21668883386576, 28.922929856382083, 126.00889272416585, 22.856057194218366, 41.71766845201451, 7.884424599891249, 118.81988457494839]]"
20,"[[(0, 2), (0, 27), (6, 11), (6, 24), (18, 13), (9, 2), (9, 20), (23, 8), (4, 3), (3, 29), (21, 12), (8, 14), (10, 22), (7, 9), (13, 28), (20, 25), (15, 25)]]","[[29.956929437308624, 223.56271652304986, 25.475677247755375, 88.13011514369077, 75.60069039916982, 16.35622459223145, 251.44115100926803, 297.8584624206356, 22.823707057606036, 279.1769439315815, 195.8725758596695, 32.71292979192444, 96.3800262270926, 26.033741180680327, 39.609491576574065, 12.399781993982822, 134.4639696951841]]"
21,"[[(0, 2), (0, 27), (6, 11), (6, 24), (18, 13), (9, 2), (9, 20), (23, 8), (4, 3), (3, 29), (21, 12), (8, 14), (10, 22), (7, 9), (13, 28), (20, 25), (15, 25)]]","[[34.561434823125566, 60.5374957074179, 28.384042692821417, 132.44111011972015, 50.06689596134416, 15.389943679094442, 100.904990357808, 120.84803782603991, 20.698547716075765, 211.65863719039717, 165.08640190636572, 24.455759080857167, 191.69947233344408, 37.87242643517807, 13.000488649199722, 5.300666363811647, 124.98080662574891]]"
22,"[[(0, 2), (0, 27), (6, 11), (6, 24), (18, 13), (9, 2), (9, 20), (23, 8), (4, 3), (3, 29), (21, 12), (8, 14), (10, 22), (7, 9), (13, 28), (20, 25), (15, 25)]]","[[23.506462700401265, 75.93764711696579, 27.947864517167535, 122.95398919574988, 29.017894987458874, 74.72469308524734, 143.2063460419943, 251.5515646965073, 30.961943326657245, 227.3779676050088, 152.66731460738757, 18.943081999162473, 87.36728235812244, 27.49736138006882, 11.23468444210899, 17.46633567768076, 126.41923538377206]]"
23,"[[(0, 2), (0, 27), (6, 11), (6, 24), (18, 13), (9, 2), (9, 20), (23, 8), (4, 3), (3, 29), (21, 12), (8, 14), (10, 22), (7, 9), (13, 28), (20, 25), (15, 25)]]","[[28.651672058382456, 126.10014118626128, 26.741078568990904, 86.31551968019534, 137.571987673793, 39.62220184785208, 87.3843261367743, 257.41093923412177, 22.127922730595415, 203.4022385594353, 147.89259923408207, 41.931838458675614, 45.897241618615794, 40.448883448329184, 28.049408074613943, 9.412329824826477, 127.23935186601905]]"
24,"[[(0, 2), (0, 27), (6, 11), (6, 24), (18, 13), (9, 2), (9, 20), (23, 8), (4, 3), (3, 29), (21, 12), (8, 14), (10, 22), (7, 9), (13, 28), (20, 25), (15, 25)]]","[[35.63711304098794, 162.17238089779124, 26.46394608371336, 104.9343179803459, 72.06855391944922, 11.444223440209763, 225.38119646798978, 25.32991996882366, 10.668917805224726, 38.44220859684985, 193.89818206941834, 32.12540352131261, 187.0875951304366, 25.22675154038916, 20.37452634567505, 9.349011763855485, 117.53928287272703]]"
25,"[[(0, 2), (0, 27), (6, 11), (6, 24), (18, 13), (9, 2), (9, 20), (23, 8), (4, 3), (3, 29), (21, 12), (8, 14), (10, 22), (7, 9), (13, 28), (20, 25), (15, 25)]]","[[32.209065553192005, 65.20571914723732, 21.374770971591737, 109.33671322512825, 44.057786167720096, 8.426617275764968, 241.46409909036095, 142.19173707541822, 15.391452272254327, 667.9716219322104, 191.96456059962844, 24.27917239993899, 191.94125992469975, 29.466744567733915, 18.737556919058388, 19.803685947704736, 112.88638760378822]]"
26,"[[(0, 2), (0, 27), (6, 11), (6, 24), (18, 13), (9, 2), (9, 20), (23, 8), (4, 3), (3, 29), (21, 12), (8, 14), (10, 22), (7, 9), (13, 28), (20, 25), (15, 25)]]","[[29.717727444236225, 180.37706065552095, 28.753513088493285, 166.80269498322792, 78.81738978879041, 44.759665414128534, 110.70218261183965, 305.06430835138866, 13.413340889160445, 255.79581313871884, 192.56471570398838, 21.44946037048826, 191.31090282911606, 30.14810011551394, 22.193914372696156, 16.98036414127851, 114.25599045064887]]"
27,"[[(0, 2), (0, 27), (6, 11), (6, 24), (18, 13), (9, 2), (9, 20), (23, 8), (4, 3), (3, 29), (21, 12), (8, 14), (10, 22), (7, 9), (13, 28), (20, 25), (15, 25)]]","[[37.0324405075615, 56.74204482627477, 25.772236301026613, 78.34267752924885, 111.96157554604318, 68.4031920182968, 152.47657523196207, 353.388998020124, 14.131901787950037, 307.667866279703, 168.826216995931, 41.496558718471036, 67.56989244431966, 41.01445833795396, 45.603935782892776, 8.491647884365268, 112.40008673433121]]"
28,"[[(0, 2), (0, 27), (6, 11), (6, 24), (18, 13), (9, 2), (9, 20), (23, 8), (4, 3), (3, 29), (21, 12), (8, 14), (10, 22), (7, 9), (13, 28), (20, 25), (15, 25)]]","[[42.98511575858463, 120.34761054528911, 24.669066445606617, 124.33093950441153, 150.92304442037047, 37.56762711041845, 172.6285032198545, 349.32989179413516, 14.434254166285125, 558.1195669773707, 170.70558469793124, 34.46618971224781, 48.72051368422869, 51.28615365359908, 46.0432556196273, 12.181947236235104, 116.94241868324553]]"
29,"[[(0, 2), (0, 27), (6, 11), (6, 24), (18, 13), (9, 2), (9, 20), (23, 8), (4, 3), (3, 29), (21, 12), (8, 14), (10, 22), (7, 9), (13, 28), (20, 25), (15, 25)]]","[[40.0273420715988, 135.52772120314586, 21.18403550013596, 139.23426531696967, 93.53881199562062, 13.528504508344623, 159.0266450457105, 215.44631210574215, 12.093308991372746, 415.885441028274, 186.11910492121694, 21.23100497131463, 87.94193830939449, 48.019826519133105, 34.33336633363615, 13.643392571877483, 128.13407882322198]]"
30,"[[(0, 2), (0, 27), (6, 11), (6, 24), (18, 13), (9, 2), (9, 20), (23, 8), (4, 3), (3, 29), (21, 12), (8, 14), (10, 22), (7, 9), (13, 28), (20, 25), (15, 25)]]","[[36.07700534827378, 216.98797687824126, 23.767960593216685, 114.27941427066773, 100.71975710139681, 19.085810022708912, 161.79852243060486, 38.54483332022122, 13.447729749925104, 234.92407349809199, 146.01291192239066, 35.22155578768308, 75.56728350984741, 44.78391713204562, 17.001216919924765, 18.67821097215674, 129.24993921430072]]"
31,"[[(0, 2), (0, 27), (6, 11), (6, 24), (18, 13), (9, 2), (9, 20), (23, 8), (4, 3), (3, 29), (21, 12), (8, 14), (10, 22), (7, 9), (13, 28), (20, 25), (15, 25)]]","[[30.129058091254677, 113.68117124364625, 21.884250683304497, 161.00195539902978, 30.644826870816868, 48.75903995474584, 195.22366712102163, 135.11702544444057, 29.262089034612547, 436.62191914570883, 162.56101676586152, 41.15918642276158, 140.85363937211662, 22.315694245745362, 9.638723259300995, 10.583394340557284, 114.83540999540698]]"
32,"[[(0, 2), (0, 27), (6, 11), (6, 24), (18, 13), (9, 2), (9, 20), (23, 8), (4, 3), (3, 29), (21, 12), (8, 14), (10, 22), (7, 9), (13, 28), (20, 25), (15, 25)]]","[[28.229609848270872, 175.91448034104286, 28.020415346408598, 144.23051643635807, 122.076755922932, 57.98726446259489, 154.02980544198175, 313.69547147057324, 10.66603218691663, 133.39359415316306, 145.01152821755846, 37.69956664788852, 64.69147453087109, 18.216428889060083, 27.903127026104322, 4.94878225654087, 100.20791047065218]]"
33,"[[(0, 2), (0, 27), (6, 11), (6, 24), (18, 13), (9, 2), (9, 20), (23, 8), (4, 3), (3, 29), (21, 12), (8, 14), (10, 22), (7, 9), (13, 28), (20, 25), (15, 25)]]","[[32.59803545678342, 205.96355407959805, 25.979322433618233, 74.82721757396307, 50.15700489243032, 67.39788066416614, 99.35074211308034, 85.19875517744505, 10.691721072164833, 153.38234711802667, 167.72364822345912, 28.427472816690553, 192.95379658534515, 47.41022466452932, 5.002750593730078, 12.701351000030803, 105.13076901242971]]"
34,"[[(0, 2), (0, 27), (6, 11), (6, 24), (18, 13), (9, 2), (9, 20), (23, 8), (4, 3), (3, 29), (21, 12), (8, 14), (10, 22), (7, 9), (13, 28), (20, 25), (15, 25)]]","[[36.478859288291126, 108.49674801004755, 26.750761084155528, 136.0923757333665, 83.3193779646455, 46.870837153912774, 196.73279341692586, 62.5245260039451, 12.135234546365524, 354.3674996255111, 172.29506824616104, 34.851590326318814, 84.17391995610708, 18.66842063874148, 41.81948530583887, 9.531383486226964, 120.58691109717321]]"
35,"[[(0, 2), (0, 27), (6, 11), (6, 24), (18, 13), (9, 2), (9, 20), (23, 8), (4, 3), (3, 29), (21, 12), (8, 14), (10, 22), (7, 9), (13, 28), (20, 25), (15, 25)]]","[[28.558475686426583, 95.65461712324958, 29.683197590643694, 92.31300743819696, 40.842670410491436, 31.954176510933333, 243.1379480224656, 24.665849020732928, 21.66330829446925, 581.8771672428685, 183.96882938678945, 24.92948822183955, 165.92189628693473, 47.547625084558604, 20.070339770323454, 4.768956181714261, 120.9972816296987]]"
36,"[[(0, 2), (0, 27), (6, 11), (6, 24), (18, 13), (9, 2), (9, 20), (23, 8), (4, 3), (3, 29), (21, 12), (8, 14), (10, 22), (7, 9), (13, 28), (20, 25), (15, 25)]]","[[32.08971785321886, 197.1016480238829, 28.32417021141307, 102.06544989593236, 151.46151277229805, 49.673198909839286, 202.09178961792273, 341.5895990654877, 22.073200231949247, 479.45104130490705, 147.4676682454977, 30.8504192136577, 63.76853007417162, 31.410801035843413, 14.833987338466114, 13.97927078158553, 116.29827452521388]]"
37,"[[(0, 2), (0, 27), (6, 11), (6, 24), (18, 13), (9, 2), (9, 20), (23, 8), (4, 3), (3, 29), (21, 12), (8, 14), (10, 22), (7, 9), (13, 28), (20, 25), (15, 25)]]","[[37.13565853494623, 104.58578537285953, 20.231606496562538, 146.28555658804476, 65.18213387195058, 32.71182415865562, 188.88501727885847, 234.46476186337395, 17.512540600977736, 652.3686535993612, 145.71017684626707, 29.166047691549224, 141.87905509951528, 43.099522898602125, 7.481350818471026, 14.807002157608732, 120.94612703871577]]"
38,"[[(0, 2), (0, 27), (6, 11), (6, 24), (18, 13), (9, 2), (9, 20), (23, 8), (4, 3), (3, 29), (21, 12), (8, 14), (10, 22), (7, 9), (13, 28), (20, 25), (15, 25)]]","[[27.266715622470834, 112.82682859140732, 29.091494473176425, 148.8932818365755, 95.24859448783435, 51.075638070437776, 77.82079297922068, 10.817917722116686, 25.60454562854615, 357.40551123735935, 183.32734243975796, 30.789235129507702, 132.58826142167646, 46.51004503367884, 38.287658788932134, 19.344157432441087, 125.23752970399221]]"
39,"[[(0, 2), (0, 27), (6, 11), (6, 24), (18, 13), (9, 2), (9, 20), (23, 8), (4, 3), (3, 29), (21, 12), (8, 14), (10, 22), (7, 9), (13, 28), (20, 25), (15, 25)]]","[[24.19324091435718, 117.99102152857108, 25.034183091285467, 119.76934730362208, 17.408216306795538, 14.24361407893205, 139.8286000058316, 77.54669147579733, 21.929749188810696, 579.1070487064832, 157.52161636296125, 21.524138809049862, 88.1814088534647, 27.56257232751274, 22.201885479133747, 13.710950150105257, 115.95083716466527]]"
40,"[[(0, 2), (0, 27), (6, 11), (6, 24), (18, 13), (9, 2), (9, 20), (23, 8), (4, 3), (3, 29), (21, 12), (8, 14), (10, 22), (7, 9), (13, 28), (20, 25), (15, 25)]]","[[26.095694129965597, 103.48749556266498, 26.6362282027092, 121.23948195487293, 34.96666563765321, 20.45616987137682, 166.56844681139455, 163.67964648124098, 28.177036759967713, 20.80254377252166, 169.3305386674708, 43.1802128514544, 71.22004764367234, 21.258220334275922, 2.4792011425087206, 16.22539983073709, 117.2132335973761]]"
41,"[[(0, 2), (0, 27), (6, 11), (6, 24), (18, 13), (9, 2), (9, 20), (23, 8), (4, 3), (3, 29), (21, 12), (8, 14), (10, 22), (7, 9), (13, 28), (20, 25), (15, 25)]]","[[37.86485298165793, 169.4037283742823, 21.910795680202646, 80.802471620293, 92.49634032856403, 5.6156270358873694, 247.27434689715173, 275.1418099815229, 19.655672680433305, 302.93764719847064, 163.98921569618017, 47.7332672898373, 178.75964682553823, 30.84031204616621, 40.989809653794744, 14.329095409834348, 125.82515904992056]]"
42,"[[(0, 2), (0, 27), (6, 11), (6, 24), (18, 13), (9, 2), (9, 20), (23, 8), (4, 3), (3, 29), (21, 12), (8, 14), (10, 22), (7, 9), (13, 28), (20, 25), (15, 25)]]","[[40.953943866288114, 108.42624015908913, 26.451374981724918, 105.73002997217316, 27.17679846636712, 70.3755550988559, 130.28914839123777, 149.05752193535935, 22.05755452207059, 625.9124767012423, 181.58270993498058, 31.188169603362034, 186.58625462165875, 25.53506872342375, 25.881762426292422, 11.708483628403819, 112.71135804755752]]"
43,"[[(0, 2), (0, 27), (6, 11), (6, 24), (18, 13), (9, 2), (9, 20), (23, 8), (4, 3), (3, 29), (21, 12), (8, 14), (10, 22), (7, 9), (13, 28), (20, 25), (15, 25)]]","[[32.40317620856347, 75.87838561609104, 26.00788184244395, 100.86137921705918, 57.99544219710508, 46.8467401069271, 235.2273505391658, 296.23196778840963, 24.09672281886396, 353.85844528704956, 160.4472986793467, 21.60625104383046, 49.28029272501763, 39.14566624899773, 1.3931994938776786, 13.495424342533438, 117.8890645211219]]"
44,"[[(0, 2), (0, 27), (6, 11), (6, 24), (18, 13), (9, 2), (9, 20), (23, 8), (4, 3), (3, 29), (21, 12), (8, 14), (10, 22), (7, 9), (13, 28), (20, 25), (15, 25)]]","[[24.433506971573486, 160.17294820313342, 22.333820013418986, 85.2085158096458, 85.53269889172432, 4.715231975861075, 240.8020251515636, 274.4704254821569, 25.088836323668147, 98.9994738621739, 148.8975715410708, 43.828724955743894, 70.77504214919702, 40.69398183283717, 16.749361252813316, 19.480302662554912, 129.634024018527]]"
45,"[[(0, 2), (0, 27), (6, 11), (6, 24), (18, 13), (9, 2), (9, 20), (23, 8), (4, 3), (3, 29), (21, 12), (8, 14), (10, 22), (7, 9), (13, 28), (20, 25), (15, 25)]]","[[25.26991365522344, 145.52797301750132, 28.977118027450228, 82.57790796617394, 31.749579182934582, 8.29133634286364, 223.1035832883911, 152.15952186344248, 20.41593012830902, 204.672423596497, 192.17750999482251, 18.662766061092253, 68.62785159250393, 29.427770020537952, 36.39826895844809, 14.264213739921395, 132.9092742083809]]"
46,"[[(0, 2), (0, 27), (6, 11), (6, 24), (18, 13), (9, 2), (9, 20), (23, 8), (4, 3), (3, 29), (21, 12), (8, 14), (10, 22), (7, 9), (13, 28), (20, 25), (15, 25)]]","[[39.821135545234725, 224.93375303363857, 20.45813308157142, 107.48801759859549, 146.17478032957845, 40.292610660789364, 239.52611000675918, 120.58760097070467, 13.290827375978822, 359.94475959247256, 175.28263712929237, 46.62812847202122, 84.97545556166256, 42.848173848766805, 19.52846410990421, 15.164322441877342, 99.9464713911771]]"
47,"[[(0, 2), (0, 27), (6, 11), (6, 24), (18, 13), (9, 2), (9, 20), (23, 8), (4, 3), (3, 29), (21, 12), (8, 14), (10, 22), (7, 9), (13, 28), (20, 25), (15, 25)]]","[[31.96304056588918, 123.56787107742323, 29.577511898964524, 143.0909869278692, 18.33768609598083, 7.18223272065662, 210.55105294199478, 172.7152817740878, 15.788652164549083, 294.33790790918766, 151.30427193699097, 36.66815182411773, 116.42445258379934, 20.56970291435202, 13.541439070295803, 9.10331219134854, 114.05344029613241]]"
48,"[[(0, 2), (0, 27), (6, 11), (6, 24), (18, 13), (9, 2), (9, 20), (23, 8), (4, 3), (3, 29), (21, 12), (8, 14), (10, 22), (7, 9), (13, 28), (20, 25), (15, 25)]]","[[36.21399435428057, 154.26852086836618, 27.040541095523412, 99.94917400481333, 29.832868754394838, 10.45570192783181, 248.10984956888828, 96.3287352782271, 10.704930046596745, 482.75486882023046, 184.51342878126042, 28.087664188321984, 124.79008744677256, 33.88221393835505, 7.828785263464441, 12.1854134891788, 102.11658148129418]]"
49,"[[(0, 2), (0, 27), (6, 11), (6, 24), (18, 13), (9, 2), (9, 20), (23, 8), (4, 3), (3, 29), (21, 12), (8, 14), (10, 22), (7, 9), (13, 28), (20, 25), (15, 25)]]","[[39.486130338452234, 219.25247556986608, 21.960571927688466, 121.25119154383741, 147.7847533189645, 73.1608967965324, 97.2543109148993, 338.25701127534523, 12.999876883280493, 623.5517571367844, 149.22590846125647, 19.72022964240474, 43.496377211695545, 53.27720943388736, 13.58118633564769, 9.615214642922936, 127.91304926840478]]"
50,"[[(0, 2), (0, 27), (6, 11), (6, 24), (18, 13), (9, 2), (9, 20), (23, 8), (4, 3), (3, 29), (21, 12), (8, 14), (10, 22), (7, 9), (13, 28), (20, 25), (15, 25)]]","[[32.05648140529469, 121.13988567768595, 27.330935432030355, 107.81899287755877, 74.17281304042187, 52.9453006821134, 170.16859897814714, 69.06861105645737, 29.19839775069225, 81.57686635266964, 158.6764669314804, 29.24343494495277, 168.22242259558553, 40.319142210735485, 32.28001057183805, 11.841606112541035, 121.42203991120829]]"
51,"[[(0, 2), (0, 27), (6, 11), (6, 24), (18, 13), (9, 2), (9, 20), (23, 8), (4, 3), (3, 29), (21, 12), (8, 14), (10, 22), (7, 9), (13, 28), (20, 25), (15, 25)]]","[[27.509071370403156, 193.49782357876276, 27.08626901443744, 112.40337890718965, 116.02046603273209, 59.02039557732722, 134.83868580492523, 273.0430377223467, 10.372929825915124, 32.598324944279334, 196.69116794590462, 34.38253548028238, 122.20615306268137, 26.645520779326063, 29.36040101072122, 16.87945862907739, 107.77295156270132]]"
52,"[[(0, 2), (0, 27), (6, 11), (6, 24), (18, 13), (9, 2), (9, 20), (23, 8), (4, 3), (3, 29), (21, 12), (8, 14), (10, 22), (7, 9), (13, 28), (20, 25), (15, 25)]]","[[35.7170240395656, 111.15704416786275, 25.03623502279834, 143.5731283934372, 66.22931713816513, 58.08106001422458, 183.86983957088248, 152.22103535980628, 28.5692258490255, 151.40281230095502, 188.87536200913752, 19.8566215444163, 136.53287300491036, 43.394083477443274, 31.237634416044745, 5.690299436317, 101.22799755003724]]"
53,"[[(0, 2), (0, 27), (6, 11), (6, 24), (18, 13), (9, 2), (9, 20), (23, 8), (4, 3), (3, 29), (21, 12), (8, 14), (10, 22), (7, 9), (13, 28), (20, 25), (15, 25)]]","[[42.868229227918725, 128.07721754739796, 22.001216198218746, 79.95993514601241, 116.51451041768917, 21.983938664079645, 249.83674984956502, 284.79357632033765, 24.87501485076584, 352.19485508527134, 174.34779201985847, 37.681188195894876, 181.88776917206852, 20.714669237122774, 15.717752899705317, 14.897672353349508, 102.6101247662558]]"
54,"[[(0, 2), (0, 27), (6, 11), (6, 24), (18, 13), (9, 2), (9, 20), (23, 8), (4, 3), (3, 29), (21, 12), (8, 14), (10, 22), (7, 9), (13, 28), (20, 25), (15, 25)]]","[[25.726250816866, 91.05718972997755, 25.44616924396735, 81.08304515648145, 144.06620596193957, 63.4686094372737, 81.70481599088107, 336.3058297174326, 22.59232927258949, 29.96856330470215, 159.64767422921275, 34.71326235305044, 157.32226859750125, 35.30794498809174, 31.050893527707604, 7.675091412743198, 113.02715265800191]]"
55,"[[(0, 2), (0, 27), (6, 11), (6, 24), (18, 13), (9, 2), (9, 20), (23, 8), (4, 3), (3, 29), (21, 12), (8, 14), (10, 22), (7, 9), (13, 28), (20, 25), (15, 25)]]","[[37.53950488368376, 74.75685769649391, 25.17541710937907, 93.07096040610199, 24.725810002679623, 49.8373515564789, 211.40870743423577, 165.48471645515605, 22.41509111021801, 100.80872073739148, 146.00692047431284, 38.70556697466887, 110.17060870585522, 24.491202666069864, 28.48787277038449, 15.995695247295796, 106.68363225606225]]"
56,"[[(0, 2), (0, 27), (6, 11), (6, 24), (18, 13), (9, 2), (9, 20), (23, 8), (4, 3), (3, 29), (21, 12), (8, 14), (10, 22), (7, 9), (13, 28), (20, 25), (15, 25)]]","[[33.4288550595539, 151.84197301238845, 27.04298259912987, 165.9118424382596, 20.560135931860952, 15.863103601330835, 195.90611706538579, 12.211542391406434, 29.307203510732574, 529.5501438293701, 153.4602094463729, 45.97866554142624, 121.09680881082639, 35.17528421858539, 29.315367708605837, 15.28979374307827, 134.4032224589115]]"
57,"[[(0, 2), (0, 27), (6, 11), (6, 24), (18, 13), (9, 2), (9, 20), (23, 8), (4, 3), (3, 29), (21, 12), (8, 14), (10, 22), (7, 9), (13, 28), (20, 25), (15, 25)]]","[[36.457931093169215, 102.23192057982124, 23.039567741335848, 147.96696117874126, 111.37270532159438, 56.00937525571965, 216.24902047686194, 154.10098927450753, 11.904334762160662, 157.42276815646852, 175.59656040793013, 29.127150485674548, 62.79302849461223, 41.100077165396435, 41.988649594880776, 14.561027715123359, 131.17961116395378]]"
58,"[[(0, 2), (0, 27), (6, 11), (6, 24), (18, 13), (9, 2), (9, 20), (23, 8), (4, 3), (3, 29), (21, 12), (8, 14), (10, 22), (7, 9), (13, 28), (20, 25), (15, 25)]]","[[37.798043969388104, 84.9391161459246, 21.718568043661435, 70.00983470749526, 83.92809542104862, 42.248708018202045, 217.77204277460254, 321.7441492403892, 16.230710641107734, 317.02087005065215, 180.06375384134253, 38.89823866070414, 186.47684338490362, 33.37052016340442, 39.42547313662307, 15.48142402594998, 129.37215862976197]]"
59,"[[(0, 2), (0, 27), (6, 11), (6, 24), (18, 13), (9, 2), (9, 20), (23, 8), (4, 3), (3, 29), (21, 12), (8, 14), (10, 22), (7, 9), (13, 28), (20, 25), (15, 25)]]","[[37.52892070101127, 152.0023732819817, 21.43048622732294, 109.01893547758034, 124.19408327994064, 46.55516038939296, 225.18548782915138, 211.16435995869534, 21.684788433410326, 251.05084073847902, 146.56486212723462, 40.79163135753306, 72.69067004545786, 47.10990126717276, 44.899761234424076, 18.594365319619197, 122.4304140170668]]"
60,"[[(0, 2), (0, 27), (6, 11), (6, 24), (18, 13), (9, 2), (9, 20), (23, 8), (4, 3), (3, 29), (21, 12), (8, 14), (10, 22), (7, 9), (13, 28), (20, 25), (15, 25)]]","[[38.71771807565596, 116.71743042469092, 20.114955983284286, 137.40708386368027, 86.06737712339049, 31.566845841119328, 226.6606614903554, 250.97386502054482, 11.957213886314996, 583.7864844515018, 153.9619609355315, 27.2416070975642, 166.5915583388874, 50.00425129434539, 9.55899164540239, 11.78313049775847, 109.5260729489972]]"
61,"[[(0, 2), (0, 27), (6, 11), (6, 24), (18, 13), (9, 2), (9, 20), (23, 8), (4, 3), (3, 29), (21, 12), (8, 14), (10, 22), (7, 9), (13, 28), (20, 25), (15, 25)]]","[[42.136343190037444, 63.27641237853756, 27.98828110587077, 72.90833975233504, 40.64730681862791, 75.92928434694262, 219.99434950874183, 64.74051068773792, 11.28215579389256, 613.8472255138674, 165.45517210222798, 37.250153100721434, 50.818083295850286, 22.268085843254756, 40.792440020579086, 17.56168740908956, 111.21700389902875]]"
62,"[[(0, 2), (0, 27), (6, 11), (6, 24), (18, 13), (9, 2), (9, 20), (23, 8), (4, 3), (3, 29), (21, 12), (8, 14), (10, 22), (7, 9), (13, 28), (20, 25), (15, 25)]]","[[29.64010619832285, 119.20837800760226, 21.270312851479495, 110.4705774217214, 131.5078951872988, 69.65517065531436, 88.38508488369283, 105.09521025565947, 22.660244405052673, 532.6016719608425, 160.32921615487814, 33.65920098158838, 155.63402208993642, 28.32332129919122, 24.527270726113915, 17.159385957118644, 104.4070872467556]]"
63,"[[(0, 2), (0, 27), (6, 11), (6, 24), (18, 13), (9, 2), (9, 20), (23, 8), (4, 3), (3, 29), (21, 12), (8, 14), (10, 22), (7, 9), (13, 28), (20, 25), (15, 25)]]","[[36.98841872325666, 189.88464451119285, 22.994335841926087, 156.11565492285587, 61.76714845581925, 10.217960801150287, 131.72754781057444, 60.824596876342916, 14.034259505556317, 23.66907219809697, 164.4660668696601, 38.37012545791694, 178.77793820184502, 18.560339837073144, 30.559419291651245, 8.668153179659313, 122.04718167234168]]"
64,"[[(0, 2), (0, 27), (6, 11), (6, 24), (18, 13), (9, 2), (9, 20), (23, 8), (4, 3), (3, 29), (21, 12), (8, 14), (10, 22), (7, 9), (13, 28), (20, 25), (15, 25)]]","[[29.259381774967338, 72.93622446685096, 21.49683912059349, 135.66707857911427, 96.46072167966527, 39.23102893057252, 165.82860688566996, 340.3745033748551, 29.326092415062657, 72.00901985563681, 178.39713114062232, 33.632681858229155, 186.63586348729214, 39.74609003349813, 5.846124252797806, 8.852975478589713, 120.96801527468513]]"
65,"[[(0, 2), (0, 27), (6, 11), (6, 24), (18, 13), (9, 2), (9, 20), (23, 8), (4, 3), (3, 29), (21, 12), (8, 14), (10, 22), (7, 9), (13, 28), (20, 25), (15, 25)]]","[[23.858554476999757, 155.30369919365666, 24.44391046398746, 94.93980193578547, 150.99270348260058, 52.669021673990635, 166.76607877581716, 215.78197806476584, 26.967518948365363, 620.4697434719602, 166.3898926831512, 20.026187642157648, 90.78698712793013, 31.911335942847998, 37.76639431306834, 15.52523553831745, 102.670280037646]]"
66,"[[(0, 2), (0, 27), (6, 11), (6, 24), (18, 13), (9, 2), (9, 20), (23, 8), (4, 3), (3, 29), (21, 12), (8, 14), (10, 22), (7, 9), (13, 28), (20, 25), (15, 25)]]","[[31.282916667784974, 73.41533750480299, 24.98897780286819, 101.64416680259257, 85.95603862816706, 43.152865913591135, 120.7878157904394, 19.354780168942572, 29.34990834683218, 391.68817075818356, 186.8961179765131, 29.672319385615893, 130.0695867014582, 43.08456248004949, 33.06289360518349, 4.200782743069164, 100.6004700946369]]"
67,"[[(0, 2), (0, 27), (6, 11), (6, 24), (18, 13), (9, 2), (9, 20), (23, 8), (4, 3), (3, 29), (21, 12), (8, 14), (10, 22), (7, 9), (13, 28), (20, 25), (15, 25)]]","[[30.889059809956432, 58.23156905531347, 26.022910145725515, 84.68987834210228, 104.33334892276966, 73.20061043106624, 153.76258117807055, 288.28987893692766, 25.16405479643555, 550.3420069148727, 149.58315279317281, 42.72591357628909, 55.42077024379715, 49.17625943550317, 34.119692578877576, 11.705266228176578, 123.7915510377895]]"
68,"[[(0, 2), (0, 27), (6, 11), (6, 24), (18, 13), (9, 2), (9, 20), (23, 8), (4, 3), (3, 29), (21, 12), (8, 14), (10, 22), (7, 9), (13, 28), (20, 25), (15, 25)]]","[[37.47272849918832, 131.1267208476695, 27.49430393647517, 129.14706488412287, 84.7312944173539, 62.3077348837069, 117.73597697505929, 216.3209543982025, 15.79414676947161, 25.30982305041607, 152.7286625224039, 37.89779462999043, 193.4369437365165, 38.919070158398895, 15.366489257557586, 6.946568485543075, 112.22648413418072]]"
69,"[[(0, 2), (0, 27), (6, 11), (6, 24), (18, 13), (9, 2), (9, 20), (23, 8), (4, 3), (3, 29), (21, 12), (8, 14), (10, 22), (7, 9), (13, 28), (20, 25), (15, 25)]]","[[34.42919226630809, 74.41215318104142, 21.91980707618799, 139.21464749310547, 77.5788012299829, 30.74778980238798, 78.55306247587842, 194.68701587547815, 24.327627698460947, 179.98891770569628, 192.67324307686965, 30.118268390262703, 156.1009970805863, 46.2950077244105, 16.814732143764004, 5.764590859136797, 118.91312264775861]]"
70,"[[(0, 2), (0, 27), (6, 11), (6, 24), (18, 13), (9, 2), (9, 20), (23, 8), (4, 3), (3, 29), (21, 12), (8, 14), (10, 22), (7, 9), (13, 28), (20, 25), (15, 25)]]","[[31.661093289074024, 146.8836613727737, 26.24344908174438, 125.0127333966959, 123.92437076635065, 21.702741877294397, 173.56772827620722, 16.89320416443837, 30.754877370171542, 400.73473603869667, 157.9818207453963, 31.08867835908015, 129.9620963552002, 46.64763768201446, 31.45131328160634, 13.664173433482208, 120.20496772736058]]"
71,"[[(0, 2), (0, 27), (6, 11), (6, 24), (18, 13), (9, 2), (9, 20), (23, 8), (4, 3), (3, 29), (21, 12), (8, 14), (10, 22), (7, 9), (13, 28), (20, 25), (15, 25)]]","[[28.400584079526265, 120.65621004715317, 25.227713183290092, 89.2844338497362, 27.468853354277897, 51.50355581003464, 81.33502452892442, 266.1821554357174, 10.287614274061093, 75.021944600713, 150.82125314768237, 19.47294354525398, 51.3784040756433, 48.56673326314463, 44.78377637452369, 17.222384811508782, 123.87685169876755]]"
72,"[[(0, 2), (0, 27), (6, 11), (6, 24), (18, 13), (9, 2), (9, 20), (23, 8), (4, 3), (3, 29), (21, 12), (8, 14), (10, 22), (7, 9), (13, 28), (20, 25), (15, 25)]]","[[27.200916159922976, 118.92719378372075, 20.28687847354229, 101.41203446008525, 126.26189307066504, 66.64549156298433, 118.74515487558112, 253.6827042850332, 19.97941187851168, 145.45905930402276, 160.30151563824154, 40.947977730986594, 117.67931618126225, 30.244805267586546, 26.615879394530438, 16.490617826464877, 113.638836086405]]"
73,"[[(0, 2), (0, 27), (6, 11), (6, 24), (18, 13), (9, 2), (9, 20), (23, 8), (4, 3), (3, 29), (21, 12), (8, 14), (10, 22), (7, 9), (13, 28), (20, 25), (15, 25)]]","[[29.190727826085528, 56.92770099837813, 23.38327576811446, 102.61474500524994, 84.46664650404126, 36.80819039420398, 148.5840580469441, 279.51081639916845, 25.414784143464484, 13.752524870140263, 161.6288721379543, 31.06840221983483, 91.7844084762573, 34.063205226261246, 22.285468868285363, 8.231429492875465, 115.95201710784531]]"
74,"[[(0, 2), (0, 27), (6, 11), (6, 24), (18, 13), (9, 2), (9, 20), (23, 8), (4, 3), (3, 29), (21, 12), (8, 14), (10, 22), (7, 9), (13, 28), (20, 25), (15, 25)]]","[[37.09313921901365, 129.18618243862466, 20.71890553124299, 71.67285264525083, 124.8708839752959, 36.93971946447794, 199.64913150244502, 179.50744055775135, 22.793605115836634, 669.7199752392577, 174.83451308358286, 31.821644991087812, 145.62781866261778, 39.93056985647866, 42.71674466331381, 13.866146051832946, 134.1007525587485]]"
75,"[[(0, 2), (0, 27), (6, 11), (6, 24), (18, 13), (9, 2), (9, 20), (23, 8), (4, 3), (3, 29), (21, 12), (8, 14), (10, 22), (7, 9), (13, 28), (20, 25), (15, 25)]]","[[36.464324397907355, 222.5200388245013, 23.04768750081643, 86.11537424390994, 63.78571237959852, 60.640339648888634, 81.76769132935746, 152.48375299304766, 9.746364122406314, 421.36310290098584, 171.99898042752534, 24.523315089287117, 154.05587186772354, 47.27387678105056, 15.406768613320843, 10.975319793170357, 120.31890630033911]]"
76,"[[(0, 2), (0, 27), (6, 11), (6, 24), (18, 13), (9, 2), (9, 20), (23, 8), (4, 3), (3, 29), (21, 12), (8, 14), (10, 22), (7, 9), (13, 28), (20, 25), (15, 25)]]","[[41.972211578091866, 217.8919772899614, 28.633369653964056, 135.23451039341683, 29.572060723614342, 40.964008884948065, 110.40779178613246, 7.6806859093628495, 19.537164710070204, 264.9976817449704, 156.1609080966224, 45.37990603176926, 150.81541965040475, 22.886682065257997, 34.498998682316085, 11.912265932384107, 102.63152724761648]]"
77,"[[(0, 2), (0, 27), (6, 11), (6, 24), (18, 13), (9, 2), (9, 20), (23, 8), (4, 3), (3, 29), (21, 12), (8, 14), (10, 22), (7, 9), (13, 28), (20, 25), (15, 25)]]","[[25.630154608546892, 56.03316758936068, 22.08639419894479, 74.678027806078, 48.42473953935659, 16.373616813356634, 100.12203809277241, 133.22578680699596, 25.152030278194946, 389.37508665912924, 178.66747931063406, 22.131917387583083, 101.94655351984485, 33.45714034804506, 28.59618012990811, 15.789973819305562, 122.80764198156055]]"
78,"[[(0, 2), (0, 27), (6, 11), (6, 24), (18, 13), (9, 2), (9, 20), (23, 8), (4, 3), (3, 29), (21, 12), (8, 14), (10, 22), (7, 9), (13, 28), (20, 25), (15, 25)]]","[[39.11200748374976, 90.6488374368929, 22.87296648464345, 70.97309066225266, 112.4851213860258, 38.47573104640157, 82.43581886298949, 219.89039111771544, 17.928445805468158, 670.213207958854, 176.581844259499, 23.031480789128473, 143.76949605982054, 30.213907167887232, 23.741642771236556, 16.493494357893724, 114.95835030178532]]"
79,"[[(0, 2), (0, 27), (6, 11), (6, 24), (18, 13), (9, 2), (9, 20), (23, 8), (4, 3), (3, 29), (21, 12), (8, 14), (10, 22), (7, 9), (13, 28), (20, 25), (15, 25)]]","[[38.471462088104914, 186.29357145815743, 29.408502306086852, 127.61275400126772, 124.53083018591951, 32.81155532426652, 221.21646247495997, 212.70621982362587, 26.763614567581456, 464.8457102597482, 145.043403933609, 23.436831534567908, 190.51185321894823, 43.243876517707115, 45.75254628103788, 17.938361306401074, 119.31904470099548]]"
80,"[[(0, 2), (0, 27), (6, 11), (6, 24), (18, 13), (9, 2), (9, 20), (23, 8), (4, 3), (3, 29), (21, 12), (8, 14), (10, 22), (7, 9), (13, 28), (20, 25), (15, 25)]]","[[37.24288660681128, 215.3544568908909, 27.220983481585833, 157.10212318715972, 43.85413500991815, 63.9067672588258, 82.56231351099068, 325.7104938826531, 25.555848743042098, 631.4564759701911, 146.64530840743114, 32.5335471639582, 156.5444234780132, 26.213709391166905, 15.273975048777988, 11.691172156965202, 131.40902611088796]]"
81,"[[(0, 2), (0, 27), (6, 11), (6, 24), (18, 13), (9, 2), (9, 20), (23, 8), (4, 3), (3, 29), (21, 12), (8, 14), (10, 22), (7, 9), (13, 28), (20, 25), (15, 25)]]","[[34.005204891783855, 112.38917988742674, 24.427940529607994, 81.88402175208668, 103.44371892592702, 37.81032470709897, 101.70944852982744, 144.5117657774941, 10.845440391673852, 120.86354697793679, 182.02945727985121, 23.46397916483588, 124.32727746480415, 34.525842442781006, 28.49803073897341, 10.996067406186048, 107.31898329576265]]"
82,"[[(0, 2), (0, 27), (6, 11), (6, 24), (18, 13), (9, 2), (9, 20), (23, 8), (4, 3), (3, 29), (21, 12), (8, 14), (10, 22), (7, 9), (13, 28), (20, 25), (15, 25)]]","[[42.27678292078044, 216.1492913990966, 20.556578603525672, 131.5442741436446, 74.38045908483096, 68.75718297351979, 214.92132130885932, 11.915754374711469, 17.081955571051232, 515.616032133104, 184.07410053398803, 44.023420899895264, 79.19100838707628, 48.800236056382275, 11.587156570005194, 15.733609027705322, 110.86735826076915]]"
83,"[[(0, 2), (0, 27), (6, 11), (6, 24), (18, 13), (9, 2), (9, 20), (23, 8), (4, 3), (3, 29), (21, 12), (8, 14), (10, 22), (7, 9), (13, 28), (20, 25), (15, 25)]]","[[35.09674322522662, 175.37330857742842, 20.707307659439845, 77.63415600488844, 45.9576949776033, 76.72034753807999, 172.15140342638324, 291.15693122052187, 17.812606937694948, 162.22196852127405, 174.86495401569925, 30.591282440171707, 121.1742046279746, 29.49251792948084, 39.677651191548456, 15.104740513649825, 123.91476485416655]]"
84,"[[(0, 2), (0, 27), (6, 11), (6, 24), (18, 13), (9, 2), (9, 20), (23, 8), (4, 3), (3, 29), (21, 12), (8, 14), (10, 22), (7, 9), (13, 28), (20, 25), (15, 25)]]","[[30.804439054203993, 212.64695149085992, 26.30810261774151, 143.38319099162047, 71.81171454103661, 75.18653865558225, 173.68842932421913, 124.93322280804676, 23.818880353037983, 130.69567408808024, 179.94220068196094, 21.591144249254302, 146.9654463111683, 41.95658777860528, 17.23185928550681, 4.849963866580678, 107.59524370625807]]"
85,"[[(0, 2), (0, 27), (6, 11), (6, 24), (18, 13), (9, 2), (9, 20), (23, 8), (4, 3), (3, 29), (21, 12), (8, 14), (10, 22), (7, 9), (13, 28), (20, 25), (15, 25)]]","[[40.58360989679095, 84.6745244624511, 29.780791019864953, 79.27300357562832, 47.12028086744047, 42.913939286385606, 181.0214085991546, 56.9257719071215, 26.008536181974254, 13.950096222143939, 153.41397903732215, 20.756824867254593, 43.47138016589145, 37.09875880079426, 7.972408348271166, 13.79734094979067, 108.77962999723391]]"
86,"[[(0, 2), (0, 27), (6, 11), (6, 24), (18, 13), (9, 2), (9, 20), (23, 8), (4, 3), (3, 29), (21, 12), (8, 14), (10, 22), (7, 9), (13, 28), (20, 25), (15, 25)]]","[[38.94003312910615, 194.48935457556408, 22.310313009303407, 70.1241784712344, 153.28588096432674, 56.57280060211063, 161.29548962578033, 237.87533103224433, 27.81968293498179, 447.28106748389644, 194.58213989635996, 24.618468912493427, 93.1855950673924, 26.80343984154434, 1.5500445765691508, 18.348128704924658, 114.29896062088667]]"
87,"[[(0, 2), (0, 27), (6, 11), (6, 24), (18, 13), (9, 2), (9, 20), (23, 8), (4, 3), (3, 29), (21, 12), (8, 14), (10, 22), (7, 9), (13, 28), (20, 25), (15, 25)]]","[[33.81396863709805, 148.16963360986375, 26.894566236526877, 162.02934493614458, 16.32500680370698, 43.23276149501819, 241.64348142211486, 75.33648469498667, 15.366367888696102, 661.8282983009323, 151.7418592496709, 46.52047959664026, 94.88956883638457, 41.133739759274505, 33.28256882025136, 13.115929710644624, 128.4921312611669]]"
88,"[[(0, 2), (0, 27), (6, 11), (6, 24), (18, 13), (9, 2), (9, 20), (23, 8), (4, 3), (3, 29), (21, 12), (8, 14), (10, 22), (7, 9), (13, 28), (20, 25), (15, 25)]]","[[40.86290014398662, 132.46913871335684, 26.55187450433222, 85.94355618624172, 105.65157284236909, 68.87057012329547, 183.96772207396873, 49.77990236177861, 14.848136215574218, 190.1855183658474, 158.156048205214, 32.48634687277796, 120.18005761442777, 50.91608618397821, 23.28407585968527, 14.624538590868527, 99.5331791494901]]"
89,"[[(0, 2), (0, 27), (6, 11), (6, 24), (18, 13), (9, 2), (9, 20), (23, 8), (4, 3), (3, 29), (21, 12), (8, 14), (10, 22), (7, 9), (13, 28), (20, 25), (15, 25)]]","[[42.24099516320926, 56.19311706096784, 22.262075380686536, 91.71768079816255, 123.91913767542405, 67.61207776278167, 248.10089760618214, 304.0302983177992, 30.66434615933057, 647.0602303203415, 152.07426021386627, 42.19557954944604, 149.74410258303675, 31.70410171996249, 10.720977631116297, 6.071584516788636, 102.07764072988157]]"
90,"[[(0, 2), (0, 27), (6, 11), (6, 24), (18, 13), (9, 2), (9, 20), (23, 8), (4, 3), (3, 29), (21, 12), (8, 14), (10, 22), (7, 9), (13, 28), (20, 25), (15, 25)]]","[[42.18265586341857, 78.03570308623614, 27.225596678647214, 110.24435056588123, 69.82320893352, 70.24529554278233, 232.3912193044202, 5.07889227797973, 18.00686142171037, 666.4274410538354, 180.6043262510694, 40.95023643220421, 51.934090877038656, 31.222252398654526, 35.18867675888945, 7.776216412402411, 132.90054501703565]]"
91,"[[(0, 2), (0, 27), (6, 11), (6, 24), (18, 13), (9, 2), (9, 20), (23, 8), (4, 3), (3, 29), (21, 12), (8, 14), (10, 22), (7, 9), (13, 28), (20, 25), (15, 25)]]","[[32.64503673789331, 146.91294801016565, 23.462194794686948, 103.73638146633115, 25.08041370863245, 25.449179605384096, 169.15562296790915, 280.4729774364901, 11.327129433034976, 103.99749457821618, 154.7293171964019, 37.56044697288651, 128.01176305778074, 32.939029715571365, 33.81362088775342, 12.498984908968213, 111.22035148478182]]"
92,"[[(0, 2), (0, 27), (6, 11), (6, 24), (18, 13), (9, 2), (9, 20), (23, 8), (4, 3), (3, 29), (21, 12), (8, 14), (10, 22), (7, 9), (13, 28), (20, 25), (15, 25)]]","[[26.28719480826329, 137.65149830032877, 29.914708800000056, 111.04824486148863, 95.6194910565062, 30.334546730655937, 213.95188595304913, 286.7339409765425, 28.50586012211646, 376.97945582127, 172.44738211891845, 35.52906232340475, 65.48046195637812, 51.25467772648689, 42.32295592516084, 6.2249021440232415, 123.25923185518269]]"
93,"[[(0, 2), (0, 27), (6, 11), (6, 24), (18, 13), (9, 2), (9, 20), (23, 8), (4, 3), (3, 29), (21, 12), (8, 14), (10, 22), (7, 9), (13, 28), (20, 25), (15, 25)]]","[[42.80357447844327, 195.56089806499182, 20.921114422526713, 70.94612295588307, 92.80933612918835, 72.09991957122013, 189.36132825854443, 145.382972967703, 27.756563792798154, 265.251799914657, 196.91819439587474, 25.012197176057565, 122.1178719582781, 33.720385462721964, 31.31601552543064, 9.634514305802616, 116.55482731037844]]"
94,"[[(0, 2), (0, 27), (6, 11), (6, 24), (18, 13), (9, 2), (9, 20), (23, 8), (4, 3), (3, 29), (21, 12), (8, 14), (10, 22), (7, 9), (13, 28), (20, 25), (15, 25)]]","[[29.858286120230552, 55.19088824082291, 20.942924187676383, 81.49278247652906, 26.10615614769032, 57.87313237538812, 164.75174712966202, 17.42495263879067, 9.01726712781891, 416.76961672530666, 184.19942825702918, 27.548537320803057, 179.86594103042268, 38.745686824564935, 35.214502348684064, 19.364759256444483, 122.94152177278906]]"
95,"[[(0, 2), (0, 27), (6, 11), (6, 24), (18, 13), (9, 2), (9, 20), (23, 8), (4, 3), (3, 29), (21, 12), (8, 14), (10, 22), (7, 9), (13, 28), (20, 25), (15, 25)]]","[[23.264224910156386, 69.89611303040334, 28.11731782374327, 152.12328525232306, 126.06873252284944, 3.5202226219598813, 187.9726098011106, 186.06406654985042, 23.739738020918, 673.5998496495404, 193.74351470025755, 39.38611749713263, 118.74216784598923, 44.79732472407395, 21.50472487277433, 18.89093346252848, 131.24836870823808]]"
96,"[[(0, 2), (0, 27), (6, 11), (6, 24), (18, 13), (9, 2), (9, 20), (23, 8), (4, 3), (3, 29), (21, 12), (8, 14), (10, 22), (7, 9), (13, 28), (20, 25), (15, 25)]]","[[32.55085453200806, 174.28134773945857, 25.50237017797768, 89.98462027239059, 91.901607379513, 69.5223579513667, 94.86302015757028, 299.37583931485824, 16.81002226339896, 485.29117853797356, 188.08533008884376, 33.79371240199658, 131.95614757476136, 46.39926296870873, 2.7943227653180926, 8.94922752382342, 107.10220525575528]]"
97,"[[(0, 2), (0, 27), (6, 11), (6, 24), (18, 13), (9, 2), (9, 20), (23, 8), (4, 3), (3, 29), (21, 12), (8, 14), (10, 22), (7, 9), (13, 28), (20, 25), (15, 25)]]","[[27.060546532659878, 65.80836247144393, 27.70498764949155, 156.75408092103743, 89.23943945257905, 29.857299836511636, 134.82738603660385, 176.96581524930446, 20.490090093597054, 50.86717901696911, 149.15705284135086, 20.26516901849354, 177.66448542060263, 52.378568187441296, 43.85233514569757, 6.06325308174117, 128.2696932834686]]"
98,"[[(0, 2), (0, 27), (6, 11), (6, 24), (18, 13), (9, 2), (9, 20), (23, 8), (4, 3), (3, 29), (21, 12), (8, 14), (10, 22), (7, 9), (13, 28), (20, 25), (15, 25)]]","[[38.12770890365957, 144.75955583785566, 24.190584385741733, 137.9717309576052, 125.06742419757745, 66.78406661842281, 197.700829119567, 121.34301867552303, 15.801475766532123, 498.3296930939224, 171.62200110145392, 33.20590696190224, 72.18591236171068, 37.05717376654986, 10.643635795966333, 17.18608978563119, 103.93823504864994]]"
99,"[[(0, 2), (0, 27), (6, 11), (6, 24), (18, 13), (9, 2), (9, 20), (23, 8), (4, 3), (3, 29), (21, 12), (8, 14), (10, 22), (7, 9), (13, 28), (20, 25), (15, 25)]]","[[27.719746248288583, 131.44785025916826, 27.424272604905994, 148.4121683660064, 107.45475192665701, 59.90839201225552, 123.8298454923069, 163.86101779042195, 11.923654782886246, 99.4259800962451, 187.82359239133672, 39.898335617356864, 140.8289108445814, 25.6890965264398, 28.40791739719207, 8.982737710709868, 108.7442380539643]]"
100,"[[(0, 2), (0, 27), (6, 11), (6, 24), (18, 13), (9, 2), (9, 20), (23, 8), (4, 3), (3, 29), (21, 12), (8, 14), (10, 22), (7, 9), (13, 28), (20, 25), (15, 25)]]","[[30.535803774402307, 137.9582806533225, 29.915789166985995, 127.79958331026015, 26.237286164209515, 68.7605284743267, 211.27485013432207, 205.99239248335655, 17.788632492183783, 400.40983387395283, 160.67449721502157, 40.297922523011025, 193.60130217997684, 47.05752672786152, 43.31941772359456, 19.17248304427466, 128.2994759834823]]"
101,"[[(0, 2), (0, 27), (6, 11), (6, 24), (18, 13), (9, 2), (9, 20), (23, 8), (4, 3), (3, 29), (21, 12), (8, 14), (10, 22), (7, 9), (13, 28), (20, 25), (15, 25)]]","[[31.620575346223536, 138.75805055252994, 29.911543625671886, 83.1174996091444, 54.997612621438975, 28.504846427623967, 139.66677019483282, 151.05839984252174, 17.840107814011493, 169.437617661705, 165.9521679252246, 47.44505604814946, 103.46387302283013, 19.099488688388217, 7.351127874222357, 8.942836828049485, 113.90186000117838]]"
102,"[[(0, 2), (0, 27), (6, 11), (6, 24), (18, 13), (9, 2), (9, 20), (23, 8), (4, 3), (3, 29), (21, 12), (8, 14), (10, 22), (7, 9), (13, 28), (20, 25), (15, 25)]]","[[28.043349872046324, 117.28197729414364, 23.43060418320783, 93.06317206810505, 131.5026229100231, 64.27097294747836, 94.37229119749085, 106.83066732670727, 22.686576528995758, 173.04975749327144, 161.41953475290538, 23.103768576925564, 90.80448009062495, 27.91715321538042, 14.231192186083064, 6.06424775972676, 128.83424056836517]]"
103,"[[(0, 2), (0, 27), (6, 11), (6, 24), (18, 13), (9, 2), (9, 20), (23, 8), (4, 3), (3, 29), (21, 12), (8, 14), (10, 22), (7, 9), (13, 28), (20, 25), (15, 25)]]","[[29.240245375675464, 188.2427747505867, 25.554245794892488, 123.40089445876657, 102.03949128651595, 60.005754067264355, 145.04432386738597, 82.62799887058236, 10.536747425220703, 621.3031315331425, 175.87414471211014, 19.7969551248171, 184.51100975187273, 26.936172183868045, 45.729356967999436, 19.356771636609327, 101.75421527853017]]"
104,"[[(0, 2), (0, 27), (6, 11), (6, 24), (18, 13), (9, 2), (9, 20), (23, 8), (4, 3), (3, 29), (21, 12), (8, 14), (10, 22), (7, 9), (13, 28), (20, 25), (15, 25)]]","[[23.848785060393446, 71.51485568568262, 25.721266679574978, 114.15979470018327, 143.10581640008908, 45.1950895161413, 202.24923934047055, 275.013203828128, 21.11546195615151, 28.03560270803156, 155.92708731305396, 43.24933611928309, 189.28530593176305, 28.50992627100239, 16.264695886884116, 16.55035867477817, 125.8200245953716]]"
105,"[[(0, 2), (0, 27), (6, 11), (6, 24), (18, 13), (9, 2), (9, 20), (23, 8), (4, 3), (3, 29), (21, 12), (8, 14), (10, 22), (7, 9), (13, 28), (20, 25), (15, 25)]]","[[25.529813110726305, 152.74674888252383, 25.372272257770973, 97.90289980970194, 50.500120127118095, 37.22003198556638, 119.22270906254097, 18.075151557787628, 14.12774760958737, 92.32294779449046, 169.72911059714744, 46.1317114648631, 136.9395028747478, 36.93515749500702, 34.06535836283972, 16.287347585388645, 113.92670958159191]]"
106,"[[(0, 2), (0, 27), (6, 11), (6, 24), (18, 13), (9, 2), (9, 20), (23, 8), (4, 3), (3, 29), (21, 12), (8, 14), (10, 22), (7, 9), (13, 28), (20, 25), (15, 25)]]","[[31.584374506891315, 218.82341822917272, 22.415791612135564, 93.22040334905522, 80.1430867931304, 31.386230955087665, 113.93355415216725, 289.99453970425026, 25.47458013531141, 328.05526417892196, 186.19157722926263, 31.868799741051845, 67.63509417273684, 19.897987678249628, 6.439301243114572, 9.117824546146993, 110.88935776289254]]"
107,"[[(0, 2), (0, 27), (6, 11), (6, 24), (18, 13), (9, 2), (9, 20), (23, 8), (4, 3), (3, 29), (21, 12), (8, 14), (10, 22), (7, 9), (13, 28), (20, 25), (15, 25)]]","[[40.609993914095924, 176.54335046133605, 24.527967204055663, 161.40817094388527, 116.19888677398356, 9.877534833725049, 111.4167263943763, 320.2899910844009, 9.741350749505818, 206.98284687707599, 149.37364849333156, 28.207013223954696, 181.34280620899673, 30.093286280251434, 9.970894460630284, 19.244136351665347, 133.02150974450709]]"
108,"[[(0, 2), (0, 27), (6, 11), (6, 24), (18, 13), (9, 2), (9, 20), (23, 8), (4, 3), (3, 29), (21, 12), (8, 14), (10, 22), (7, 9), (13, 28), (20, 25), (15, 25)]]","[[33.515499813249974, 127.01869378605697, 26.522587502786756, 143.97994482965052, 121.83622298901125, 64.51179651190688, 75.80976699967509, 110.87202702453067, 30.585260198710124, 589.6710389415882, 169.08579125402105, 36.57016325478947, 127.28724112531006, 44.07439555066179, 6.063468700868269, 13.649408815562182, 101.40298686374918]]"
109,"[[(0, 2), (0, 27), (6, 11), (6, 24), (18, 13), (9, 2), (9, 20), (23, 8), (4, 3), (3, 29), (21, 12), (8, 14), (10, 22), (7, 9), (13, 28), (20, 25), (15, 25)]]","[[31.894296750145518, 130.1722134320416, 27.476763170083057, 139.9135283443619, 56.26003633913879, 24.795453139185195, 191.01238124628605, 273.8367193994463, 14.134637955743383, 541.810896871001, 169.0904915737066, 26.8959478704366, 187.6940524279088, 38.16303777883269, 42.14758800208701, 14.316339763139707, 113.87914996075773]]"
110,"[[(0, 2), (0, 27), (6, 11), (6, 24), (18, 13), (9, 2), (9, 20), (23, 8), (4, 3), (3, 29), (21, 12), (8, 14), (10, 22), (7, 9), (13, 28), (20, 25), (15, 25)]]","[[36.51637206070935, 153.2854657512263, 29.904988838260287, 72.13633734863305, 143.96238602122625, 63.29942405222555, 98.0307912272705, 193.43268715450523, 20.125467440020763, 129.99586826394034, 189.32557373585806, 45.61091029676023, 107.68201575997338, 50.38915060838634, 41.35244700121961, 13.100817988438317, 104.88117812214695]]"
111,"[[(0, 2), (0, 27), (6, 11), (6, 24), (18, 13), (9, 2), (9, 20), (23, 8), (4, 3), (3, 29), (21, 12), (8, 14), (10, 22), (7, 9), (13, 28), (20, 25), (15, 25)]]","[[25.6833764216183, 123.79685860827456, 28.380396943450876, 96.59668427851065, 51.39706525811256, 19.07866365421562, 247.3387979562889, 291.64141198887296, 26.614674827922084, 112.94896314880296, 180.5666602266337, 36.87775759074566, 177.76349835864784, 34.78963124992149, 45.58656311346032, 7.812154559601483, 103.86855750787657]]"
112,"[[(0, 2), (0, 27), (6, 11), (6, 24), (18, 13), (9, 2), (9, 20), (23, 8), (4, 3), (3, 29), (21, 12), (8, 14), (10, 22), (7, 9), (13, 28), (20, 25), (15, 25)]]","[[30.17889076739874, 221.2052305343476, 28.607148565526366, 88.21113166778078, 130.69209251970233, 20.905062302707716, 91.11499959719745, 94.91024431063688, 19.42178455410214, 680.6904975819799, 155.7365279084198, 28.875644204141988, 51.89809290458665, 46.5295262914655, 35.1360829308359, 18.982817645802477, 130.03451892485683]]"
113,"[[(0, 2), (0, 27), (6, 11), (6, 24), (18, 13), (9, 2), (9, 20), (23, 8), (4, 3), (3, 29), (21, 12), (8, 14), (10, 22), (7, 9), (13, 28), (20, 25), (15, 25)]]","[[33.85200599661692, 174.84652281608115, 28.519629000170546, 86.46553912727049, 32.23469036585867, 47.013790418117736, 228.36632152237138, 234.8932202836077, 28.05957345787673, 137.26766708653884, 164.753498968477, 26.317912046779554, 86.04638737863544, 51.08302752971073, 11.66493060875496, 15.20112812972375, 125.22890007681583]]"
114,"[[(0, 2), (0, 27), (6, 11), (6, 24), (18, 13), (9, 2), (9, 20), (23, 8), (4, 3), (3, 29), (21, 12), (8, 14), (10, 22), (7, 9), (13, 28), (20, 25), (15, 25)]]","[[28.93694135162113, 114.64738951319589, 24.491437279692885, 145.8459385996643, 79.34175013810895, 34.63156868034289, 141.070962191445, 16.714087760871507, 12.80228268892769, 564.2773654802005, 172.90401783971345, 39.09599550205133, 77.4192358050774, 23.633833411325135, 31.881514954322707, 18.430554779050855, 133.49759378168034]]"
115,"[[(0, 2), (0, 27), (6, 11), (6, 24), (18, 13), (9, 2), (9, 20), (23, 8), (4, 3), (3, 29), (21, 12), (8, 14), (10, 22), (7, 9), (13, 28), (20, 25), (15, 25)]]","[[29.23549273545161, 88.24710891089188, 20.54006028831055, 134.62538833228768, 110.53195586093706, 70.6760301904394, 180.17095255812427, 252.06265154050868, 24.31717204110287, 381.81226485025644, 186.04601764825225, 35.45942735467912, 63.158327755325175, 44.07257159949053, 1.8142905275795698, 6.8384954037181505, 112.04899630089282]]"
116,"[[(0, 2), (0, 27), (6, 11), (6, 24), (18, 13), (9, 2), (9, 20), (23, 8), (4, 3), (3, 29), (21, 12), (8, 14), (10, 22), (7, 9), (13, 28), (20, 25), (15, 25)]]","[[24.96107333779288, 74.04565502354218, 26.88609871548794, 125.03561255862412, 149.76165334727213, 46.39602775560785, 100.0340762782473, 238.37172024342794, 23.012060454401315, 191.7937896403614, 146.71547017157667, 46.587393525501696, 96.11500256001781, 42.500232494229664, 12.254999697945383, 18.664825923008703, 125.6105985614083]]"
117,"[[(0, 2), (0, 27), (6, 11), (6, 24), (18, 13), (9, 2), (9, 20), (23, 8), (4, 3), (3, 29), (21, 12), (8, 14), (10, 22), (7, 9), (13, 28), (20, 25), (15, 25)]]","[[29.300779229686942, 224.66631184972564, 20.358663786810613, 91.65663455046543, 149.27061973607914, 59.277178397266326, 165.885001461561, 149.20184529635597, 27.433362694007748, 415.30466588861856, 173.97801928866028, 27.642163095655057, 85.71711826877129, 49.267542745131564, 1.4356775776584032, 15.078122416955974, 117.14557520289884]]"
118,"[[(0, 2), (0, 27), (6, 11), (6, 24), (18, 13), (9, 2), (9, 20), (23, 8), (4, 3), (3, 29), (21, 12), (8, 14), (10, 22), (7, 9), (13, 28), (20, 25), (15, 25)]]","[[32.7943454067636, 192.2659875698715, 23.18516753746221, 91.98754953202332, 145.29937699179283, 17.237568427838283, 128.79527151555732, 63.63030028286421, 12.277264418767881, 595.6227001209368, 194.7221318854627, 33.35763102717401, 171.5323234425067, 35.40174868366156, 5.666335770165144, 15.380989116297247, 106.94786930415685]]"
119,"[[(0, 2), (0, 27), (6, 11), (6, 24), (18, 13), (9, 2), (9, 20), (23, 8), (4, 3), (3, 29), (21, 12), (8, 14), (10, 22), (7, 9), (13, 28), (20, 25), (15, 25)]]","[[31.004825152201104, 113.13682679960237, 26.574783709498057, 84.1595670483724, 73.75730219164302, 59.05254394054797, 96.77374880245794, 344.56715609033853, 30.89567671951839, 623.8394180623158, 183.5658825502364, 45.17471767037607, 175.14216252297174, 21.51520096326594, 13.493635078669831, 12.13501539282114, 105.24019600695178]]"
120,"[[(0, 2), (0, 27), (6, 11), (6, 24), (18, 13), (9, 2), (9, 20), (23, 8), (4, 3), (3, 29), (21, 12), (8, 14), (10, 22), (7, 9), (13, 28), (20, 25), (15, 25)]]","[[27.080352483651914, 95.52476081301953, 29.766172676716018, 154.157550511915, 68.94267260345106, 39.25024626676298, 101.58119212551651, 340.8069286054017, 14.906678870426047, 608.4979292918962, 153.8444517525475, 23.457948919644974, 125.08361129133539, 50.03884210879404, 10.837699292981185, 8.870507018117152, 105.69698136492684]]"
121,"[[(0, 2), (0, 27), (6, 11), (6, 24), (18, 13), (9, 2), (9, 20), (23, 8), (4, 3), (3, 29), (21, 12), (8, 14), (10, 22), (7, 9), (13, 28), (20, 25), (15, 25)]]","[[29.855000509757904, 218.72563788329046, 21.94815751287595, 81.83447863689956, 143.62552053413066, 21.64969719484193, 104.83520909331617, 308.50000432860276, 15.772146131715264, 265.7062732656666, 154.78201503130248, 26.38065536131593, 193.29109042895735, 50.5482508748237, 37.19628646728937, 7.6781727974328575, 107.78111816001967]]"
122,"[[(0, 2), (0, 27), (6, 11), (6, 24), (18, 13), (9, 2), (9, 20), (23, 8), (4, 3), (3, 29), (21, 12), (8, 14), (10, 22), (7, 9), (13, 28), (20, 25), (15, 25)]]","[[37.710765821591394, 69.94019228385338, 20.700780230283776, 128.6669328054833, 66.49288859485873, 26.359748229906643, 138.48952780066548, 73.85370967583205, 18.570981028683715, 434.8084127927669, 169.01880684632272, 24.639804057121324, 97.03179421271352, 50.1378572873217, 22.67362295244905, 6.092097824153141, 127.58596916606285]]"
123,"[[(0, 2), (0, 27), (6, 11), (6, 24), (18, 13), (9, 2), (9, 20), (23, 8), (4, 3), (3, 29), (21, 12), (8, 14), (10, 22), (7, 9), (13, 28), (20, 25), (15, 25)]]","[[24.146316821963417, 212.56810833738444, 24.7199427993148, 129.78348909037, 36.02680994814675, 47.36331498311702, 184.91047025037994, 338.15342898248844, 15.398498815857646, 398.1298662574883, 151.8399522267178, 38.168657935433814, 84.56947919179942, 37.878260176846716, 2.0205093606537963, 17.75712744760435, 122.60127265572007]]"
124,"[[(0, 2), (0, 27), (6, 11), (6, 24), (18, 13), (9, 2), (9, 20), (23, 8), (4, 3), (3, 29), (21, 12), (8, 14), (10, 22), (7, 9), (13, 28), (20, 25), (15, 25)]]","[[24.778386669681, 212.21648044146326, 26.71706151967107, 78.7314408361851, 105.24243399626587, 16.446028897972447, 74.40213541210244, 62.3358984543082, 13.669859195226334, 186.31575172600157, 157.86981731152895, 47.16955586671212, 50.72367920970514, 34.86812850657605, 19.51685884678666, 14.775125498221078, 101.76111538095866]]"
125,"[[(0, 2), (0, 27), (6, 11), (6, 24), (18, 13), (9, 2), (9, 20), (23, 8), (4, 3), (3, 29), (21, 12), (8, 14), (10, 22), (7, 9), (13, 28), (20, 25), (15, 25)]]","[[41.37244791941707, 84.52983306131364, 24.596146441348083, 127.2176812279047, 96.2622934076539, 31.388154868247696, 81.1941713827059, 242.76575319269455, 14.841941353839678, 404.1116840418212, 174.92029362016362, 27.716571303701777, 150.04211557102457, 45.528179277046796, 18.9824031981044, 15.126957753845216, 100.25948600210616]]"
126,"[[(0, 2), (0, 27), (6, 11), (6, 24), (18, 13), (9, 2), (9, 20), (23, 8), (4, 3), (3, 29), (21, 12), (8, 14), (10, 22), (7, 9), (13, 28), (20, 25), (15, 25)]]","[[42.41351720232047, 98.17945386665903, 25.701104174979154, 105.72902874713682, 124.46603294840692, 75.80826846143735, 104.3769498068886, 249.88290061804938, 14.988711113180226, 615.1020091676276, 150.09691338171484, 27.065687812996806, 145.51763379761525, 27.367743977753758, 12.512906011309155, 4.6573805692363095, 127.77983955095232]]"
127,"[[(0, 2), (0, 27), (6, 11), (6, 24), (18, 13), (9, 2), (9, 20), (23, 8), (4, 3), (3, 29), (21, 12), (8, 14), (10, 22), (7, 9), (13, 28), (20, 25), (15, 25)]]","[[31.08052778781761, 209.49455347961216, 29.942246040219402, 140.86673715609112, 66.04929112642915, 43.24267118254591, 193.6315021102693, 112.98710132211501, 22.280878950983073, 628.2896815309712, 194.99999896370622, 35.72876658626273, 78.5071276756782, 30.131642235882463, 25.949834112560445, 5.424876227409076, 109.16647947493843]]"
128,"[[(0, 2), (0, 27), (6, 11), (6, 24), (18, 13), (9, 2), (9, 20), (23, 8), (4, 3), (3, 29), (21, 12), (8, 14), (10, 22), (7, 9), (13, 28), (20, 25), (15, 25)]]","[[32.835757866516246, 186.67384526817034, 22.54540513719308, 76.24856608317481, 136.48118471173248, 15.244960230012623, 75.86285141554988, 134.8528128519247, 11.995884489674486, 130.3069611909261, 155.8073459286613, 45.95256406344009, 77.19515145642373, 31.584558349756033, 23.320736761676812, 18.667042281538897, 107.28362736303436]]"
129,"[[(0, 2), (0, 27), (6, 11), (6, 24), (18, 13), (9, 2), (9, 20), (23, 8), (4, 3), (3, 29), (21, 12), (8, 14), (10, 22), (7, 9), (13, 28), (20, 25), (15, 25)]]","[[35.877005497250806, 92.26894609460072, 20.298193771170197, 109.72978845467063, 140.71471541428218, 58.465592285179774, 196.46137497864243, 193.6809105955582, 17.324440765103937, 23.934323349415962, 162.03864702563698, 23.817932813139354, 51.13495773667756, 51.69496672766539, 43.3194496177179, 12.464687390354095, 109.54740033123669]]"
130,"[[(0, 2), (0, 27), (6, 11), (6, 24), (18, 13), (9, 2), (9, 20), (23, 8), (4, 3), (3, 29), (21, 12), (8, 14), (10, 22), (7, 9), (13, 28), (20, 25), (15, 25)]]","[[25.843372160888006, 139.6048447894022, 28.7364612186159, 128.75557295537206, 132.13613270788258, 33.883679377564576, 196.5482768431427, 169.29528803362936, 11.634950275971034, 224.33435670410248, 151.13033911448207, 34.51429925100092, 134.1694254436777, 35.12281194490185, 32.79524792515427, 4.926400180389971, 99.80769254988938]]"
131,"[[(0, 2), (0, 27), (6, 11), (6, 24), (18, 13), (9, 2), (9, 20), (23, 8), (4, 3), (3, 29), (21, 12), (8, 14), (10, 22), (7, 9), (13, 28), (20, 25), (15, 25)]]","[[29.34928566899699, 187.8994280871706, 28.89968477919109, 139.95595053417003, 144.29256526666103, 56.781992179699095, 81.9839420189515, 280.8132664692133, 13.835520814272884, 51.48689643178085, 157.25949649127097, 23.72006569464612, 115.49883745533769, 47.50357022193255, 3.007955786254416, 19.662968587878105, 119.95668414901735]]"
132,"[[(0, 2), (0, 27), (6, 11), (6, 24), (18, 13), (9, 2), (9, 20), (23, 8), (4, 3), (3, 29), (21, 12), (8, 14), (10, 22), (7, 9), (13, 28), (20, 25), (15, 25)]]","[[28.07680090200359, 208.0486897602458, 22.173542012218803, 72.46937361910302, 87.20159803584124, 62.89395848498216, 111.45695226592579, 280.11586226129333, 22.94516070461644, 668.8750896920715, 151.52743215105556, 36.902089430143405, 126.2596139534879, 44.0631130740753, 19.428410886078616, 9.501629892408245, 103.32044845263812]]"
133,"[[(0, 2), (0, 27), (6, 11), (6, 24), (18, 13), (9, 2), (9, 20), (23, 8), (4, 3), (3, 29), (21, 12), (8, 14), (10, 22), (7, 9), (13, 28), (20, 25), (15, 25)]]","[[38.43810454008126, 135.40704371862017, 21.730200060523963, 74.70733541975967, 135.3205177223635, 37.69981682703979, 206.22729284105145, 121.80839876542771, 25.327019800137414, 297.4939062663642, 164.98673607651793, 29.19009199333862, 125.21370708194428, 29.405475708808186, 4.4749309829554, 4.206361719289928, 116.93190483476988]]"
134,"[[(0, 2), (0, 27), (6, 11), (6, 24), (18, 13), (9, 2), (9, 20), (23, 8), (4, 3), (3, 29), (21, 12), (8, 14), (10, 22), (7, 9), (13, 28), (20, 25), (15, 25)]]","[[36.79830695136774, 117.59929718950974, 25.214738106323253, 83.58881607675148, 103.56102940197654, 55.09533428311553, 93.29488044665564, 235.5373568610409, 30.473177051374762, 261.1330330480321, 171.83434919414077, 27.892315080524224, 123.33673578179389, 50.71421919993086, 25.93309874144286, 9.072697620026725, 123.22408718403365]]"
135,"[[(0, 2), (0, 27), (6, 11), (6, 24), (18, 13), (9, 2), (9, 20), (23, 8), (4, 3), (3, 29), (21, 12), (8, 14), (10, 22), (7, 9), (13, 28), (20, 25), (15, 25)]]","[[29.510085124424993, 198.85490236011782, 26.775978520432815, 114.61785181963074, 83.20394511660035, 53.387499670773295, 204.22472708867002, 54.221883998974306, 27.76233352205526, 595.1915816727555, 168.33932526956013, 42.40861663000224, 56.002627040034774, 24.309469977352258, 6.892851633029226, 5.967065553536269, 123.40969681395656]]"
136,"[[(0, 2), (0, 27), (6, 11), (6, 24), (18, 13), (9, 2), (9, 20), (23, 8), (4, 3), (3, 29), (21, 12), (8, 14), (10, 22), (7, 9), (13, 28), (20, 25), (15, 25)]]","[[23.495314282856185, 93.15526350674045, 21.134881488068732, 145.47717683053276, 129.51041988894747, 9.892655080228455, 167.36386375976505, 96.8145355318453, 23.85544779933039, 144.3146211758018, 190.11338884348513, 42.31772932093274, 100.73226879802627, 29.660768618947877, 3.508668505549724, 18.58856068767186, 124.22527341720348]]"
137,"[[(0, 2), (0, 27), (6, 11), (6, 24), (18, 13), (9, 2), (9, 20), (23, 8), (4, 3), (3, 29), (21, 12), (8, 14), (10, 22), (7, 9), (13, 28), (20, 25), (15, 25)]]","[[27.501154654857668, 93.96962123486571, 21.003275504535836, 74.92869017600043, 149.16033654879044, 59.3822962502553, 75.53269229916553, 257.16895453408995, 14.582372193421518, 205.26504311713748, 168.54784822930037, 39.09342669496537, 91.75150841010246, 32.24457577539542, 17.620353714701537, 4.548011006849128, 114.46865542065018]]"
138,"[[(0, 2), (0, 27), (6, 11), (6, 24), (18, 13), (9, 2), (9, 20), (23, 8), (4, 3), (3, 29), (21, 12), (8, 14), (10, 22), (7, 9), (13, 28), (20, 25), (15, 25)]]","[[31.159930488607237, 68.19164064764506, 20.186805757248656, 124.76854229543562, 41.668223877921875, 61.643037825869115, 135.10216886044827, 347.48547194983666, 30.047238353104195, 83.41449308711259, 154.62567072240915, 27.194087838737886, 182.01361726508543, 43.46891141034483, 11.85051449474779, 10.14192871939038, 123.34764081569628]]"
139,"[[(0, 2), (0, 27), (6, 11), (6, 24), (18, 13), (9, 2), (9, 20), (23, 8), (4, 3), (3, 29), (21, 12), (8, 14), (10, 22), (7, 9), (13, 28), (20, 25), (15, 25)]]","[[36.266095218893525, 145.40837201380114, 20.620170325586514, 125.10222414056935, 73.837012991895, 75.1955827656778, 73.3656570810286, 104.27659848916005, 17.31803048229523, 627.0665942621433, 161.13111632622378, 36.265343702039274, 61.068285941032435, 41.94810475187313, 9.738946682488132, 9.201251824645473, 121.59868115976738]]"
140,"[[(0, 2), (0, 27), (6, 11), (6, 24), (18, 13), (9, 2), (9, 20), (23, 8), (4, 3), (3, 29), (21, 12), (8, 14), (10, 22), (7, 9), (13, 28), (20, 25), (15, 25)]]","[[35.786713824117584, 199.83345180747992, 26.312040938122603, 97.31664787437548, 64.1330502536364, 41.56345848136202, 142.065473230113, 145.07026477422613, 21.80757884055468, 365.22457843029764, 186.4582470237557, 28.03270972590417, 101.82547648440692, 36.020902584921224, 17.984525026695728, 19.72130483632703, 133.92050975311992]]"
141,"[[(0, 2), (0, 27), (6, 11), (6, 24), (18, 13), (9, 2), (9, 20), (23, 8), (4, 3), (3, 29), (21, 12), (8, 14), (10, 22), (7, 9), (13, 28), (20, 25), (15, 25)]]","[[29.69294280318804, 219.31915677362767, 22.59008654657253, 119.94480846911023, 52.961212921347474, 26.15375880001332, 139.0120577934305, 55.78418127269137, 29.02419416510726, 191.77042692503045, 158.70924910103017, 38.395029993835806, 49.96239056163928, 42.340912784696116, 22.358096113410504, 19.493294170709742, 100.24678284625531]]"
142,"[[(0, 2), (0, 27), (6, 11), (6, 24), (18, 13), (9, 2), (9, 20), (23, 8), (4, 3), (3, 29), (21, 12), (8, 14), (10, 22), (7, 9), (13, 28), (20, 25), (15, 25)]]","[[41.747945676223054, 130.74271380337416, 22.034884864809943, 74.32857742228299, 63.4978944283618, 73.53878458976781, 196.17844164751864, 201.6801920821795, 13.930958624211529, 159.74716355392172, 177.28634343107865, 42.92257788691607, 151.87689396710712, 31.70241422882847, 12.303184539474449, 17.56914007274026, 127.43793861656283]]"
143,"[[(0, 2), (0, 27), (6, 11), (6, 24), (18, 13), (9, 2), (9, 20), (23, 8), (4, 3), (3, 29), (21, 12), (8, 14), (10, 22), (7, 9), (13, 28), (20, 25), (15, 25)]]","[[30.53478932490892, 82.6909875241416, 22.826932505740636, 102.90528448211677, 123.7579125617299, 65.79164207197746, 163.8203452840067, 70.05644065463609, 23.294111860426888, 515.2688741984284, 191.58965916654256, 31.229029226503382, 98.70241784897297, 28.56009744566387, 15.953816019965606, 6.03571354941128, 131.28543539935683]]"
144,"[[(0, 2), (0, 27), (6, 11), (6, 24), (18, 13), (9, 2), (9, 20), (23, 8), (4, 3), (3, 29), (21, 12), (8, 14), (10, 22), (7, 9), (13, 28), (20, 25), (15, 25)]]","[[26.656840616545946, 156.45553107933856, 25.516067802609584, 145.633820329225, 113.34688915820672, 29.037604300874914, 219.56797170411133, 190.42257815371306, 18.9440130181556, 132.70531759544713, 151.64285285025, 20.058940231381246, 122.17377948807162, 43.783926305042606, 13.092394593172433, 10.389398910249607, 116.98443825781297]]"
145,"[[(0, 2), (0, 27), (6, 11), (6, 24), (18, 13), (9, 2), (9, 20), (23, 8), (4, 3), (3, 29), (21, 12), (8, 14), (10, 22), (7, 9), (13, 28), (20, 25), (15, 25)]]","[[39.40906448871874, 204.6322929697829, 22.513384702719485, 163.47020190625244, 125.35843319631955, 6.2752699280215225, 215.89212596788155, 194.0179840771288, 14.978354675177924, 434.22351722436764, 158.67749295473715, 26.328700129471088, 150.66764061622325, 41.99951883857426, 27.612342297699975, 15.978450048159505, 131.00816135941477]]"
146,"[[(0, 2), (0, 27), (6, 11), (6, 24), (18, 13), (9, 2), (9, 20), (23, 8), (4, 3), (3, 29), (21, 12), (8, 14), (10, 22), (7, 9), (13, 28), (20, 25), (15, 25)]]","[[26.85816204140248, 211.45139624127353, 22.33367500986827, 78.0887761092243, 148.6874359882329, 13.436909780532964, 133.92260734089288, 154.42770906928382, 29.055204269832817, 231.6114490573904, 166.07264742978978, 18.357647588414547, 153.0693073637205, 28.498067518621916, 16.663832129917026, 6.442318279286887, 116.5872192330775]]"
147,"[[(0, 2), (0, 27), (6, 11), (6, 24), (18, 13), (9, 2), (9, 20), (23, 8), (4, 3), (3, 29), (21, 12), (8, 14), (10, 22), (7, 9), (13, 28), (20, 25), (15, 25)]]","[[30.75848738921704, 129.1764501400731, 24.85302528136354, 73.76347700734124, 79.4096824071075, 69.51899670597408, 243.37663536422804, 138.77540777797387, 18.944017646651258, 135.87230954877424, 145.83594038568216, 39.7909867902312, 162.8490164972905, 36.49508898377536, 20.651708169062186, 15.618900229028005, 128.9155272887911]]"
148,"[[(0, 2), (0, 27), (6, 11), (6, 24), (18, 13), (9, 2), (9, 20), (23, 8), (4, 3), (3, 29), (21, 12), (8, 14), (10, 22), (7, 9), (13, 28), (20, 25), (15, 25)]]","[[41.40587285922487, 117.14130068381814, 27.409611767438943, 113.47096363432698, 29.152845587094767, 3.2291120073953103, 126.02629710187247, 142.41985383558583, 11.43270458825167, 326.29150043423573, 174.5963789615317, 28.3539649172916, 45.06335027825399, 36.199154036002085, 43.485993933289855, 8.411705309161364, 126.94543834985716]]"
149,"[[(0, 2), (0, 27), (6, 11), (6, 24), (18, 13), (9, 2), (9, 20), (23, 8), (4, 3), (3, 29), (21, 12), (8, 14), (10, 22), (7, 9), (13, 28), (20, 25), (15, 25)]]","[[39.99323963502225, 181.9419455978604, 28.47973102196852, 163.73220314986807, 151.19898070492135, 63.54876829564407, 142.37329385517583, 242.75070290009526, 12.705412386179447, 138.66208291100946, 183.61907869412218, 25.599158590866242, 136.31637130192524, 35.53199782002153, 10.957933168177046, 17.99912685772078, 102.59388995152804]]"
150,"[[(0, 2), (0, 27), (6, 11), (6, 24), (18, 13), (9, 2), (9, 20), (23, 8), (4, 3), (3, 29), (21, 12), (8, 14), (10, 22), (7, 9), (13, 28), (20, 25), (15, 25)]]","[[24.743321201406204, 66.73350671262631, 24.421470021857843, 136.98509044614616, 54.270643692082906, 43.23808723173053, 197.96881941907944, 299.1400317491156, 11.096546673271558, 250.10343350938626, 190.58554057564393, 30.436284792759384, 114.67715670804375, 18.86522911797769, 20.24678421582057, 5.1760661058293405, 103.79346137106228]]"
151,"[[(0, 2), (0, 27), (6, 11), (6, 24), (18, 13), (9, 2), (9, 20), (23, 8), (4, 3), (3, 29), (21, 12), (8, 14), (10, 22), (7, 9), (13, 28), (20, 25), (15, 25)]]","[[27.24566061646336, 86.95445669438274, 24.242065739726375, 95.55987169127675, 43.72804033737651, 47.666976819793696, 116.31534149785249, 76.96955814125002, 23.807827526246623, 319.3822007623929, 195.0936858292009, 22.656453183761144, 128.48508307599087, 46.118432592247245, 13.233749616410057, 5.757098616447218, 130.6928649270197]]"
152,"[[(0, 2), (0, 27), (6, 11), (6, 24), (18, 13), (9, 2), (9, 20), (23, 8), (4, 3), (3, 29), (21, 12), (8, 14), (10, 22), (7, 9), (13, 28), (20, 25), (15, 25)]]","[[42.73006388043189, 96.18422658083898, 22.346300308350283, 131.68127538346488, 66.83689635629312, 56.86309009791559, 250.59180317625922, 121.3665639919748, 22.624606938478223, 326.3307296071156, 187.2216358110188, 24.89590256522073, 71.91103366609255, 22.976198325790243, 8.247863323213128, 9.00111791914394, 127.27400627744088]]"
153,"[[(0, 2), (0, 27), (6, 11), (6, 24), (18, 13), (9, 2), (9, 20), (23, 8), (4, 3), (3, 29), (21, 12), (8, 14), (10, 22), (7, 9), (13, 28), (20, 25), (15, 25)]]","[[27.82369096688366, 83.64803563830833, 21.49541862350194, 138.72435878026153, 60.626263233649816, 39.9432294087368, 73.34138615750848, 118.50006225241505, 28.822844682923133, 286.9364268485793, 186.20127526720108, 42.837246016480364, 185.60696818493673, 25.18867769950697, 40.265993595811445, 17.020678749647942, 116.42513029707563]]"
154,"[[(0, 2), (0, 27), (6, 11), (6, 24), (18, 13), (9, 2), (9, 20), (23, 8), (4, 3), (3, 29), (21, 12), (8, 14), (10, 22), (7, 9), (13, 28), (20, 25), (15, 25)]]","[[28.037132442962154, 154.81108580413633, 29.19195129928648, 122.14650518337797, 134.6074010518036, 52.30351759374914, 124.8433008658545, 150.53361453954975, 22.905143085686092, 258.58021594584125, 153.51161353723535, 41.05488395360659, 63.936009188826844, 20.52351067495676, 20.78520457528766, 15.25102094123348, 126.31578403137566]]"
155,"[[(0, 2), (0, 27), (6, 11), (6, 24), (18, 13), (9, 2), (9, 20), (23, 8), (4, 3), (3, 29), (21, 12), (8, 14), (10, 22), (7, 9), (13, 28), (20, 25), (15, 25)]]","[[27.514667482349086, 207.02384734317206, 29.057629961060734, 100.07594412120503, 117.20385323593942, 55.78849138615102, 96.79799376260146, 328.7802171265154, 23.156401312544673, 320.6682557313125, 194.0308864585121, 42.41225718808954, 168.20644889096778, 38.01336795075886, 11.25218433506597, 19.76219635031769, 108.12141099413058]]"
156,"[[(0, 2), (0, 27), (6, 11), (6, 24), (18, 13), (9, 2), (9, 20), (23, 8), (4, 3), (3, 29), (21, 12), (8, 14), (10, 22), (7, 9), (13, 28), (20, 25), (15, 25)]]","[[23.020619967655268, 68.19408648701756, 20.262257801925692, 129.13259429886813, 108.63309830589782, 42.16844020609609, 154.29266071885448, 327.444652695799, 22.28189021742762, 408.5826656832274, 148.2732070566638, 46.59589313444759, 50.440210593369414, 21.69891164475046, 40.55565276533488, 9.320586153650595, 110.31414381358917]]"
157,"[[(0, 2), (0, 27), (6, 11), (6, 24), (18, 13), (9, 2), (9, 20), (23, 8), (4, 3), (3, 29), (21, 12), (8, 14), (10, 22), (7, 9), (13, 28), (20, 25), (15, 25)]]","[[26.986548200692983, 146.95477810129094, 20.637461122678918, 99.01818906154674, 42.94309872215189, 15.458702627926103, 77.68709171840452, 144.17821882952632, 11.313764168568632, 534.3443730243533, 196.14826007755227, 43.48108658937677, 80.47907944657429, 30.97110098496481, 41.56528951455065, 10.10063212085827, 109.31311179798377]]"
158,"[[(0, 2), (0, 27), (6, 11), (6, 24), (18, 13), (9, 2), (9, 20), (23, 8), (4, 3), (3, 29), (21, 12), (8, 14), (10, 22), (7, 9), (13, 28), (20, 25), (15, 25)]]","[[23.491542393559982, 221.25831666441735, 26.09158341929036, 90.89943128771428, 76.94811514500438, 46.00255876884095, 251.55072842821338, 185.21993174609372, 14.48448932430454, 326.31134662291004, 148.66384568448564, 29.976981642537197, 43.886102431879706, 31.44098359937888, 12.212433532656922, 17.065500047674064, 119.96383497602416]]"
159,"[[(0, 2), (0, 27), (6, 11), (6, 24), (18, 13), (9, 2), (9, 20), (23, 8), (4, 3), (3, 29), (21, 12), (8, 14), (10, 22), (7, 9), (13, 28), (20, 25), (15, 25)]]","[[30.983911805525743, 131.08381937971382, 20.60618238557696, 111.51451089656571, 133.57496734017622, 59.95961096040335, 137.31928864985412, 205.9654064099888, 29.604088218244165, 478.24771542243263, 175.77118646369902, 27.06434084126356, 193.52605881599018, 38.240769075635725, 36.41517458472309, 7.347928946464151, 127.66883591617118]]"
160,"[[(0, 2), (0, 27), (6, 11), (6, 24), (18, 13), (9, 2), (9, 20), (23, 8), (4, 3), (3, 29), (21, 12), (8, 14), (10, 22), (7, 9), (13, 28), (20, 25), (15, 25)]]","[[40.338269154900956, 193.21899781454817, 23.69872607047728, 142.52549753659864, 73.01746429556067, 22.751524893425465, 190.91427971691525, 358.02335052826095, 13.860938876172757, 512.6247534512668, 186.12016034479106, 20.599354192090185, 126.53572216507014, 37.65573732721985, 19.141497369298257, 8.177361100956873, 133.19585970637434]]"
161,"[[(0, 2), (0, 27), (6, 11), (6, 24), (18, 13), (9, 2), (9, 20), (23, 8), (4, 3), (3, 29), (21, 12), (8, 14), (10, 22), (7, 9), (13, 28), (20, 25), (15, 25)]]","[[35.856227912784625, 92.90948905340338, 27.564588368703546, 162.99106312202628, 145.546711628399, 63.68608051507783, 96.90405976610643, 322.56306436666927, 20.99916173688306, 476.3570843992926, 153.47769611033976, 32.94189419307275, 173.40940344398558, 24.68043659657974, 24.1204357018282, 17.22831064651418, 119.22581498894411]]"
162,"[[(0, 2), (0, 27), (6, 11), (6, 24), (18, 13), (9, 2), (9, 20), (23, 8), (4, 3), (3, 29), (21, 12), (8, 14), (10, 22), (7, 9), (13, 28), (20, 25), (15, 25)]]","[[37.01494410470577, 213.238424109819, 20.30759705862069, 116.6200381139584, 70.73007577547008, 49.00993614999777, 156.5648846538807, 207.90739690590493, 9.902433156917382, 297.0356144214354, 166.9773293381357, 18.190029464343862, 168.0036637423903, 20.360928563092937, 45.588164654860286, 18.735259314027694, 107.02886008296414]]"
163,"[[(0, 2), (0, 27), (6, 11), (6, 24), (18, 13), (9, 2), (9, 20), (23, 8), (4, 3), (3, 29), (21, 12), (8, 14), (10, 22), (7, 9), (13, 28), (20, 25), (15, 25)]]","[[31.08171970564385, 190.8504292880802, 28.356375992439038, 97.08820396563911, 60.73852259303944, 73.42998511929827, 167.48941393587123, 187.82753236406623, 13.113977170993854, 669.3554869862887, 152.0597626165174, 25.006993345085633, 142.7827676180657, 44.24342179083832, 32.79070589436556, 11.403322746507593, 129.02117560490194]]"
164,"[[(0, 2), (0, 27), (6, 11), (6, 24), (18, 13), (9, 2), (9, 20), (23, 8), (4, 3), (3, 29), (21, 12), (8, 14), (10, 22), (7, 9), (13, 28), (20, 25), (15, 25)]]","[[34.89148927361626, 139.49555688579252, 27.077848362990093, 148.35335693451026, 76.55051134427802, 15.458618883139499, 195.55013110344044, 341.5731207140867, 9.194016368195376, 549.3192574979239, 196.77773441162088, 31.311234588677507, 45.328104808094274, 34.41301929767343, 6.8186143366290946, 18.231905055403203, 129.33716530745278]]"
165,"[[(0, 2), (0, 27), (6, 11), (6, 24), (18, 13), (9, 2), (9, 20), (23, 8), (4, 3), (3, 29), (21, 12), (8, 14), (10, 22), (7, 9), (13, 28), (20, 25), (15, 25)]]","[[29.316639742842867, 206.01366373009577, 29.73243921181888, 117.58832031208784, 129.09190856347686, 38.32167243859038, 77.8268411930996, 276.6411253849993, 12.064216514953744, 534.3297372274674, 186.47692879807897, 36.02952919331879, 162.7979307590217, 19.374037486674933, 3.2113567801509597, 19.65687435842085, 113.58405166662384]]"
166,"[[(0, 2), (0, 27), (6, 11), (6, 24), (18, 13), (9, 2), (9, 20), (23, 8), (4, 3), (3, 29), (21, 12), (8, 14), (10, 22), (7, 9), (13, 28), (20, 25), (15, 25)]]","[[28.814806585764217, 132.7497278950863, 21.28914462455519, 69.16179613141163, 142.55312794543158, 25.098902896945393, 197.1871488143552, 317.19508857670684, 9.92090365671358, 263.20034088225697, 159.6683063491193, 31.882887483184327, 95.07177205166317, 20.643198505193286, 6.591543090609558, 9.068012951613992, 126.04405137956647]]"
167,"[[(0, 2), (0, 27), (6, 11), (6, 24), (18, 13), (9, 2), (9, 20), (23, 8), (4, 3), (3, 29), (21, 12), (8, 14), (10, 22), (7, 9), (13, 28), (20, 25), (15, 25)]]","[[37.67826963425654, 200.54699846201817, 23.677059139801422, 122.3559483284635, 72.63516381217158, 37.24525094601113, 195.070901598598, 92.72209083438685, 15.422792478167624, 265.5467786987998, 184.04867251970637, 32.43425040135207, 177.51122950938972, 47.930902864126686, 26.98833792648175, 18.27183845058024, 108.07866742532953]]"
168,"[[(0, 2), (0, 27), (6, 11), (6, 24), (18, 13), (9, 2), (9, 20), (23, 8), (4, 3), (3, 29), (21, 12), (8, 14), (10, 22), (7, 9), (13, 28), (20, 25), (15, 25)]]","[[27.568147728915243, 79.31244210802156, 26.327021202579814, 120.03921456428832, 71.56659780062978, 16.991074262306043, 229.93238081588356, 86.79724220870507, 21.00757741960343, 635.1711357322382, 183.4226904264769, 18.088387084594288, 95.42479841504833, 18.818029836870732, 44.95829661481732, 14.441016139743203, 131.0218881816476]]"
169,"[[(0, 2), (0, 27), (6, 11), (6, 24), (18, 13), (9, 2), (9, 20), (23, 8), (4, 3), (3, 29), (21, 12), (8, 14), (10, 22), (7, 9), (13, 28), (20, 25), (15, 25)]]","[[36.773675561043035, 66.15077791522201, 27.955835264606794, 117.23575423507002, 31.189122348009022, 10.672856634929914, 105.92941309427144, 186.58354787535154, 28.835785819029827, 485.87130754478324, 180.83925025023711, 19.056832463924103, 136.50626174244476, 48.971071367483766, 5.5434970215699195, 19.88621736783732, 103.3517347601962]]"
170,"[[(0, 2), (0, 27), (6, 11), (6, 24), (18, 13), (9, 2), (9, 20), (23, 8), (4, 3), (3, 29), (21, 12), (8, 14), (10, 22), (7, 9), (13, 28), (20, 25), (15, 25)]]","[[38.6832329041897, 166.80811418396038, 22.52056708900232, 107.50509397367229, 68.87643034376393, 40.05418295399521, 97.98370447825312, 211.51456426715262, 27.74991172622077, 241.48664737599495, 151.20141853985263, 47.91886104250473, 190.38832477943217, 36.21221298110453, 3.5045192410777997, 11.275116689620242, 102.69707414116229]]"
171,"[[(0, 2), (0, 27), (6, 11), (6, 24), (18, 13), (9, 2), (9, 20), (23, 8), (4, 3), (3, 29), (21, 12), (8, 14), (10, 22), (7, 9), (13, 28), (20, 25), (15, 25)]]","[[41.7496073731625, 80.35826241419477, 29.974748214982423, 97.84638562070168, 45.15786085938302, 41.72238283515398, 169.16703539449122, 272.4789321090923, 27.917402001478496, 145.29476882736262, 174.08961516489572, 25.498348358391137, 130.54142158480596, 23.64300632694865, 5.641085113702534, 8.207553372272578, 101.51349608405853]]"
172,"[[(0, 2), (0, 27), (6, 11), (6, 24), (18, 13), (9, 2), (9, 20), (23, 8), (4, 3), (3, 29), (21, 12), (8, 14), (10, 22), (7, 9), (13, 28), (20, 25), (15, 25)]]","[[23.29483464901347, 116.50196483849464, 23.29766394807936, 79.33433479286926, 151.66659968655736, 28.172178058150642, 238.5285662897839, 247.34400631815615, 25.409625939440218, 168.01103460106552, 146.22519827964825, 28.43234005348787, 119.65010715635015, 33.94704331282665, 44.522770433217055, 4.480688710330526, 116.94595194211952]]"
173,"[[(0, 2), (0, 27), (6, 11), (6, 24), (18, 13), (9, 2), (9, 20), (23, 8), (4, 3), (3, 29), (21, 12), (8, 14), (10, 22), (7, 9), (13, 28), (20, 25), (15, 25)]]","[[23.32231033451034, 101.35624057744428, 21.956118096201763, 136.93547962351056, 134.7207283537415, 11.554230702947203, 79.68984055380567, 230.1859919337788, 10.769346425523088, 135.32319690314688, 185.2077031218164, 41.94292327652012, 153.57013786216623, 20.605313489583157, 25.51913198376057, 8.562202080360326, 123.92221296865551]]"
174,"[[(0, 2), (0, 27), (6, 11), (6, 24), (18, 13), (9, 2), (9, 20), (23, 8), (4, 3), (3, 29), (21, 12), (8, 14), (10, 22), (7, 9), (13, 28), (20, 25), (15, 25)]]","[[35.014544189759945, 103.42962404471753, 28.481756040806538, 102.49167154889062, 36.55216920734339, 44.27733725633957, 107.66923834279382, 15.535269795691887, 9.442995725558694, 449.68224168992043, 189.82760801672535, 41.60533964374811, 131.88081450076774, 53.94763149379521, 8.78763246920306, 13.545978577047274, 107.09629797989493]]"
175,"[[(0, 2), (0, 27), (6, 11), (6, 24), (18, 13), (9, 2), (9, 20), (23, 8), (4, 3), (3, 29), (21, 12), (8, 14), (10, 22), (7, 9), (13, 28), (20, 25), (15, 25)]]","[[34.48787139257819, 173.1950759354017, 24.611098826851407, 106.30161097497461, 51.34154892350417, 64.4609569280326, 192.9921763756586, 222.86167808106055, 9.26395737263965, 44.016508975847145, 191.08226276960204, 42.06183088854635, 116.91381361895313, 47.01715916001221, 39.502449801427936, 9.052445196534311, 134.31438744557244]]"
176,"[[(0, 2), (0, 27), (6, 11), (6, 24), (18, 13), (9, 2), (9, 20), (23, 8), (4, 3), (3, 29), (21, 12), (8, 14), (10, 22), (7, 9), (13, 28), (20, 25), (15, 25)]]","[[23.334479249686822, 142.7646487926721, 27.870680746396392, 94.50056721557831, 38.91425412424579, 75.09028998545425, 126.59600039989635, 213.0215952629369, 10.382542999641654, 97.25318231883044, 186.7624232516839, 40.80573310439604, 106.87415582087505, 19.43525409056971, 24.87907360644257, 15.226132158723571, 108.65283827266569]]"
177,"[[(0, 2), (0, 27), (6, 11), (6, 24), (18, 13), (9, 2), (9, 20), (23, 8), (4, 3), (3, 29), (21, 12), (8, 14), (10, 22), (7, 9), (13, 28), (20, 25), (15, 25)]]","[[26.95169666949694, 124.64975951071204, 25.011863852827847, 89.7052234959182, 133.00707594472541, 46.814694003021444, 80.21176747775533, 144.19388926273447, 15.755160697130464, 422.98694167654804, 187.679254538225, 32.07261351357766, 127.37312730702999, 52.200341506729664, 44.19827611376614, 10.208224379800164, 102.52223738175124]]"
178,"[[(0, 2), (0, 27), (6, 11), (6, 24), (18, 13), (9, 2), (9, 20), (23, 8), (4, 3), (3, 29), (21, 12), (8, 14), (10, 22), (7, 9), (13, 28), (20, 25), (15, 25)]]","[[42.052096958575696, 214.35775409171043, 26.21862628015454, 97.43590098733097, 60.747140805243724, 73.30866065861262, 77.30936700755841, 35.22985806577762, 12.482392686426268, 607.4997096741647, 163.06952095048666, 19.991361388823215, 106.97726846876043, 42.26996389553345, 10.21673182611633, 14.288500158183039, 126.69278010065204]]"
179,"[[(0, 2), (0, 27), (6, 11), (6, 24), (18, 13), (9, 2), (9, 20), (23, 8), (4, 3), (3, 29), (21, 12), (8, 14), (10, 22), (7, 9), (13, 28), (20, 25), (15, 25)]]","[[42.29546309511685, 207.6556250252452, 24.25955829070972, 112.24709243762791, 145.55563275092985, 37.24076770292439, 87.89039164946297, 48.892395042392636, 9.167694060002367, 372.1684908593711, 156.31167793661706, 20.615846200105423, 175.022563524242, 40.85397140867805, 20.63478566839758, 17.288352160554624, 121.08185631525602]]"
180,"[[(0, 2), (0, 27), (6, 11), (6, 24), (18, 13), (9, 2), (9, 20), (23, 8), (4, 3), (3, 29), (21, 12), (8, 14), (10, 22), (7, 9), (13, 28), (20, 25), (15, 25)]]","[[35.46073543648649, 206.12217385437563, 20.37680951605638, 118.52930808876252, 132.0430422071687, 3.266577472921602, 246.84566574592216, 224.72021294324577, 27.27062551635612, 319.9121732233382, 155.54935024056675, 35.85317094703719, 62.16523602434047, 29.549963514764144, 32.846428741661526, 11.779245574508497, 105.90500499921731]]"
181,"[[(0, 2), (0, 27), (6, 11), (6, 24), (18, 13), (9, 2), (9, 20), (23, 8), (4, 3), (3, 29), (21, 12), (8, 14), (10, 22), (7, 9), (13, 28), (20, 25), (15, 25)]]","[[36.80642476812472, 183.48307801672698, 20.69983739806455, 156.9935148456789, 118.92375020703695, 31.027440272203492, 167.78338731936077, 303.12604882343476, 20.858015055828254, 643.5474032777547, 161.00913175685682, 34.56628347570606, 127.10842922765114, 43.492925783527824, 42.98082586303073, 5.860459223725737, 128.7719108550731]]"
182,"[[(0, 2), (0, 27), (6, 11), (6, 24), (18, 13), (9, 2), (9, 20), (23, 8), (4, 3), (3, 29), (21, 12), (8, 14), (10, 22), (7, 9), (13, 28), (20, 25), (15, 25)]]","[[37.37803341870767, 76.81189089210775, 26.268038045075414, 88.94867052224441, 94.64784019960092, 12.729923302984524, 162.81734771174973, 148.8233858700419, 21.622890524320212, 17.238835180194634, 156.99474378887174, 22.058469543336223, 71.30204842983747, 40.92805710326235, 30.932597447564927, 8.13419353733121, 100.2176436434509]]"
183,"[[(0, 2), (0, 27), (6, 11), (6, 24), (18, 13), (9, 2), (9, 20), (23, 8), (4, 3), (3, 29), (21, 12), (8, 14), (10, 22), (7, 9), (13, 28), (20, 25), (15, 25)]]","[[40.80329645748064, 179.3171432067097, 25.255384814647947, 146.78341172884834, 143.20630404937918, 36.170293842240056, 85.29930710187804, 18.411086637541334, 29.494235289197544, 670.455495956567, 166.39951104415013, 47.63545033532107, 171.49244112127366, 32.668793988303946, 6.716356860982809, 18.455082617069355, 126.4371871730265]]"
184,"[[(0, 2), (0, 27), (6, 11), (6, 24), (18, 13), (9, 2), (9, 20), (23, 8), (4, 3), (3, 29), (21, 12), (8, 14), (10, 22), (7, 9), (13, 28), (20, 25), (15, 25)]]","[[32.74203417036188, 70.3935147414203, 23.259332032306727, 119.54650159859938, 96.84506268763907, 41.638450610442945, 169.43032425636753, 156.12853522120332, 24.529643441848396, 290.4240729294484, 152.41374807789464, 23.991615308793723, 76.54451027261533, 27.533455820307257, 28.599423200993893, 9.403442560399299, 110.26108605845046]]"
185,"[[(0, 2), (0, 27), (6, 11), (6, 24), (18, 13), (9, 2), (9, 20), (23, 8), (4, 3), (3, 29), (21, 12), (8, 14), (10, 22), (7, 9), (13, 28), (20, 25), (15, 25)]]","[[33.54506990414631, 116.36542257722829, 27.245552723906986, 96.01327212008748, 126.31934482976425, 64.50003104573592, 150.78288025145605, 268.27381965548346, 14.85787427995785, 675.7775581342046, 183.88857346806353, 45.3803199747153, 69.534871599352, 37.31991948296158, 40.93959279363064, 8.862083328207348, 121.86961840962263]]"
186,"[[(0, 2), (0, 27), (6, 11), (6, 24), (18, 13), (9, 2), (9, 20), (23, 8), (4, 3), (3, 29), (21, 12), (8, 14), (10, 22), (7, 9), (13, 28), (20, 25), (15, 25)]]","[[25.464626212098857, 92.21959085705745, 25.77300394333485, 77.16917721455575, 89.16265560942526, 7.876596251212316, 246.39833246451227, 196.21591530019492, 28.136908452520935, 644.8505921151349, 155.8285905881806, 20.349136159924537, 161.50040758236966, 19.731131676980922, 24.13283886982214, 14.23149118612434, 123.23408307427674]]"
187,"[[(0, 2), (0, 27), (6, 11), (6, 24), (18, 13), (9, 2), (9, 20), (23, 8), (4, 3), (3, 29), (21, 12), (8, 14), (10, 22), (7, 9), (13, 28), (20, 25), (15, 25)]]","[[34.2346188980694, 144.54807494945487, 23.72923056590877, 158.64068368407715, 47.341211467679386, 46.54800056989529, 173.21011687099303, 172.29183680775753, 21.299539950790756, 489.50642919051353, 175.6072734350403, 22.136604153608108, 46.62036473534828, 44.474165381579255, 3.532620606844433, 17.693572682210675, 102.85375105169466]]"
188,"[[(0, 2), (0, 27), (6, 11), (6, 24), (18, 13), (9, 2), (9, 20), (23, 8), (4, 3), (3, 29), (21, 12), (8, 14), (10, 22), (7, 9), (13, 28), (20, 25), (15, 25)]]","[[27.238992806568515, 68.05997586484594, 24.434099864653884, 87.75783627620125, 104.5483345828551, 41.928453012295954, 151.23600131601467, 160.82109800418155, 21.795114340928365, 202.6768182791529, 157.7087346683002, 24.034269688771246, 192.46226952084464, 28.017471726902592, 27.6099038776899, 15.821308349604204, 130.7837592353261]]"
189,"[[(0, 2), (0, 27), (6, 11), (6, 24), (18, 13), (9, 2), (9, 20), (23, 8), (4, 3), (3, 29), (21, 12), (8, 14), (10, 22), (7, 9), (13, 28), (20, 25), (15, 25)]]","[[41.750505573755454, 79.84785428039439, 23.58354936219112, 114.4555567890946, 51.81613101684037, 34.467543199882, 134.45449450605213, 201.53480704211896, 22.440067772988535, 27.91862221306625, 153.02868881854332, 30.702837754998143, 99.18264913290096, 18.930225846193647, 2.9072076985132203, 19.839437166498712, 133.679644196303]]"
190,"[[(0, 2), (0, 27), (6, 11), (6, 24), (18, 13), (9, 2), (9, 20), (23, 8), (4, 3), (3, 29), (21, 12), (8, 14), (10, 22), (7, 9), (13, 28), (20, 25), (15, 25)]]","[[28.507628279262814, 96.47516400008733, 27.98921763693375, 137.83740017713677, 102.77494183466231, 57.609061717915914, 182.84988531833682, 123.59244425966372, 9.679417624331137, 482.925661163632, 186.04346140183446, 39.41837491946083, 192.44191905297052, 32.71597335479758, 18.891998905280165, 11.456675843833985, 119.53115063627462]]"
191,"[[(0, 2), (0, 27), (6, 11), (6, 24), (18, 13), (9, 2), (9, 20), (23, 8), (4, 3), (3, 29), (21, 12), (8, 14), (10, 22), (7, 9), (13, 28), (20, 25), (15, 25)]]","[[32.144046784758906, 78.20321734247848, 21.134906879474038, 124.66650851788658, 126.82136978612307, 9.266409719619343, 116.10486630639849, 239.34315577840545, 20.103690772391094, 62.57124100408654, 178.34671128859424, 24.25969237164667, 140.76976470065, 32.72771066583179, 16.31298736447389, 18.246006530584097, 109.4527676350927]]"
192,"[[(0, 2), (0, 27), (6, 11), (6, 24), (18, 13), (9, 2), (9, 20), (23, 8), (4, 3), (3, 29), (21, 12), (8, 14), (10, 22), (7, 9), (13, 28), (20, 25), (15, 25)]]","[[40.241767300765545, 86.58185236545246, 24.17081978959877, 127.58839057209272, 89.80479042270609, 64.13885807923654, 104.7761308052988, 242.14717553414113, 21.065274956807833, 486.15228887244325, 165.97652352195612, 38.237560773858206, 112.47532155231137, 22.01339077006191, 32.61058411736765, 5.0843449327192385, 126.77073547234]]"
193,"[[(0, 2), (0, 27), (6, 11), (6, 24), (18, 13), (9, 2), (9, 20), (23, 8), (4, 3), (3, 29), (21, 12), (8, 14), (10, 22), (7, 9), (13, 28), (20, 25), (15, 25)]]","[[41.79617612170192, 146.6544748411764, 27.68305112866743, 130.63453092629186, 27.998574872847627, 42.010935407272186, 142.95485289114185, 72.1210321582687, 24.23742203022411, 225.89650885428478, 180.1655841433507, 30.189107805623877, 42.57894888705878, 36.18368895273413, 2.9214708808004666, 19.64328097263803, 130.04662929866723]]"
194,"[[(0, 2), (0, 27), (6, 11), (6, 24), (18, 13), (9, 2), (9, 20), (23, 8), (4, 3), (3, 29), (21, 12), (8, 14), (10, 22), (7, 9), (13, 28), (20, 25), (15, 25)]]","[[24.543129742641042, 98.381596682473, 28.209949371694307, 98.72696798625377, 40.3158218478318, 53.020428672315795, 176.68953143953092, 202.44609562813903, 22.959579640477635, 40.084340885796685, 145.40767148381707, 32.787920436061505, 192.35540062495667, 21.280031454403385, 46.97178235459708, 17.54599087321933, 131.25335372286438]]"
195,"[[(0, 2), (0, 27), (6, 11), (6, 24), (18, 13), (9, 2), (9, 20), (23, 8), (4, 3), (3, 29), (21, 12), (8, 14), (10, 22), (7, 9), (13, 28), (20, 25), (15, 25)]]","[[23.733065921149624, 117.24409273873928, 25.820993700973645, 152.88524979726594, 103.11146146025558, 43.2009723847452, 117.23841046211362, 321.62632782188206, 24.925612850116345, 273.7673491684039, 192.63202272141473, 40.530154762213286, 130.91088482222602, 48.821784752466016, 22.22274201352718, 10.698407570056407, 113.53031180284056]]"
196,"[[(0, 2), (0, 27), (6, 11), (6, 24), (18, 13), (9, 2), (9, 20), (23, 8), (4, 3), (3, 29), (21, 12), (8, 14), (10, 22), (7, 9), (13, 28), (20, 25), (15, 25)]]","[[26.316554254088064, 155.59930921491923, 20.301866431026472, 94.85077474360216, 126.60786194159729, 10.995427681032314, 159.82902926195092, 161.11057041391135, 20.284197265349704, 616.4333248663382, 168.92236966452728, 38.98504935028585, 156.13639022508494, 23.284476673355567, 26.904162116696313, 12.189321662138683, 134.89074105678276]]"
197,"[[(0, 2), (0, 27), (6, 11), (6, 24), (18, 13), (9, 2), (9, 20), (23, 8), (4, 3), (3, 29), (21, 12), (8, 14), (10, 22), (7, 9), (13, 28), (20, 25), (15, 25)]]","[[31.301771280379327, 139.15870064244524, 27.22871287609365, 154.7175055913994, 36.53840238955398, 24.035844111737752, 80.49908367026696, 293.8946615737766, 19.097659121211876, 579.2188085464118, 180.8025382343957, 18.094744480532867, 163.3824019732893, 50.12916637499141, 4.596902702910367, 12.922901874970632, 105.5306846249946]]"
198,"[[(0, 2), (0, 27), (6, 11), (6, 24), (18, 13), (9, 2), (9, 20), (23, 8), (4, 3), (3, 29), (21, 12), (8, 14), (10, 22), (7, 9), (13, 28), (20, 25), (15, 25)]]","[[42.74665302263282, 146.24488570067527, 20.381911990159974, 118.9802253944691, 51.16046262738645, 13.578475714307922, 80.57450239407976, 304.0405608723195, 9.518225161484498, 61.81304833292593, 182.59020198615605, 21.90663853128076, 73.84294075965987, 52.812610071560606, 34.6322666899552, 7.745788454873871, 104.68407421109725]]"
199,"[[(0, 2), (0, 27), (6, 11), (6, 24), (18, 13), (9, 2), (9, 20), (23, 8), (4, 3), (3, 29), (21, 12), (8, 14), (10, 22), (7, 9), (13, 28), (20, 25), (15, 25)]]","[[26.767451507965305, 176.832043400446, 29.843080139426203, 139.5141868267765, 119.79914769705645, 20.565064228377068, 166.25662531652037, 326.8307081047479, 20.09239379730511, 320.98239428167204, 195.65127857398352, 28.528577385530312, 62.15136040364381, 46.171628317545334, 43.23841116630655, 15.930949573343021, 134.07864004352703]]"
200,"[[(0, 2), (0, 27), (6, 11), (6, 24), (18, 13), (9, 2), (9, 20), (23, 8), (4, 3), (3, 29), (21, 12), (8, 14), (10, 22), (7, 9), (13, 28), (20, 25), (15, 25)]]","[[38.1545460489758, 82.75289047845534, 25.337980459809756, 83.52465471390418, 132.38019364024902, 61.15800608607021, 92.60417385332252, 31.21856084800991, 27.814576384120652, 36.80213271052229, 174.52974561635827, 30.011867057628745, 123.77328835851975, 18.635827327952533, 39.20863802099937, 18.08503982342868, 113.38832928922784]]"
201,"[[(0, 2), (0, 27), (6, 11), (6, 24), (18, 13), (9, 2), (9, 20), (23, 8), (4, 3), (3, 29), (21, 12), (8, 14), (10, 22), (7, 9), (13, 28), (20, 25), (15, 25)]]","[[25.44202516593401, 146.63400011816742, 25.726878914551428, 140.2187333669769, 119.2088068476765, 18.502345651934867, 194.07630317441877, 147.37874163350583, 22.747533400002098, 181.5542131836219, 158.50190401992262, 36.340538733641324, 121.06661546225078, 37.09578776006016, 21.4635163762511, 18.841596397892765, 117.69799016774384]]"
202,"[[(0, 2), (0, 27), (6, 11), (6, 24), (18, 13), (9, 2), (9, 20), (23, 8), (4, 3), (3, 29), (21, 12), (8, 14), (10, 22), (7, 9), (13, 28), (20, 25), (15, 25)]]","[[35.324531029594844, 100.83897543833979, 21.957468137402547, 69.48136019519195, 115.91301448765, 58.082166719504514, 195.17467549415682, 123.8948813324927, 14.276603310520377, 670.061286232774, 175.87568882392264, 18.121992320274952, 65.12311079455475, 50.88683178324037, 39.19067072745936, 12.597597367186172, 120.91188247429248]]"
203,"[[(0, 2), (0, 27), (6, 11), (6, 24), (18, 13), (9, 2), (9, 20), (23, 8), (4, 3), (3, 29), (21, 12), (8, 14), (10, 22), (7, 9), (13, 28), (20, 25), (15, 25)]]","[[38.36143057525016, 118.59801131695056, 25.50941464688655, 69.43892563630826, 143.39670745414315, 29.827396674566103, 216.82274401293995, 167.3235031838406, 29.58707852051855, 265.0286106923443, 156.25550665339438, 33.58038338851579, 108.74982627972857, 38.542850176829916, 26.818297485276737, 11.191660890812756, 104.6481539584837]]"
204,"[[(0, 2), (0, 27), (6, 11), (6, 24), (18, 13), (9, 2), (9, 20), (23, 8), (4, 3), (3, 29), (21, 12), (8, 14), (10, 22), (7, 9), (13, 28), (20, 25), (15, 25)]]","[[39.030488242463306, 148.77261819541496, 23.528124588759816, 150.6068756218525, 146.70646736408443, 10.210434776479541, 100.50825547367916, 254.81255734216728, 27.745506369979964, 359.0547593210467, 182.63753218882232, 34.24747076589861, 91.44820782602855, 47.08510565358271, 43.02101653993131, 12.961469530716634, 134.03089170017648]]"
205,"[[(0, 2), (0, 27), (6, 11), (6, 24), (18, 13), (9, 2), (9, 20), (23, 8), (4, 3), (3, 29), (21, 12), (8, 14), (10, 22), (7, 9), (13, 28), (20, 25), (15, 25)]]","[[27.562222485081833, 125.32431606440119, 24.307191720152748, 165.55918859564247, 20.29966356110025, 56.772104047435604, 171.70766487357747, 222.6514779662814, 22.646051744396384, 13.457312566315476, 188.84375750133657, 31.63975717130107, 118.47387628722288, 20.126624322286467, 1.7576123919687456, 10.740750592977143, 129.8364526550922]]"
206,"[[(0, 2), (0, 27), (6, 11), (6, 24), (18, 13), (9, 2), (9, 20), (23, 8), (4, 3), (3, 29), (21, 12), (8, 14), (10, 22), (7, 9), (13, 28), (20, 25), (15, 25)]]","[[40.025436394597456, 85.03493994344132, 25.5996716899987, 93.98051553528467, 149.97501334442242, 22.066596332090963, 163.2781689512753, 111.3749527804439, 13.250384837198531, 543.1230166052676, 151.41157696563485, 31.57778316932908, 86.61285675008294, 53.5599333638502, 11.693455997191757, 18.88502260143833, 130.02242301960814]]"
207,"[[(0, 2), (0, 27), (6, 11), (6, 24), (18, 13), (9, 2), (9, 20), (23, 8), (4, 3), (3, 29), (21, 12), (8, 14), (10, 22), (7, 9), (13, 28), (20, 25), (15, 25)]]","[[29.065288086930902, 158.08066248369926, 28.13957027178327, 142.55843114593787, 31.2946817099019, 7.697037061084571, 138.56309836417444, 187.57400526150983, 22.88259607287601, 204.8814734034376, 186.87333482953787, 45.683056705933964, 87.91395062853584, 52.91862007828998, 46.40730079787035, 15.465515317475136, 106.92639809196324]]"
208,"[[(0, 2), (0, 27), (6, 11), (6, 24), (18, 13), (9, 2), (9, 20), (23, 8), (4, 3), (3, 29), (21, 12), (8, 14), (10, 22), (7, 9), (13, 28), (20, 25), (15, 25)]]","[[39.765022608306865, 83.41861527330357, 22.022698971455966, 159.10509054117423, 151.0354108130031, 48.74141741841184, 183.69680731052972, 219.1363484023047, 25.581225361417957, 199.33437881185537, 184.70224161259125, 39.24170347529409, 129.5442456300375, 32.202544833662984, 22.676532535030088, 10.951084730798078, 126.53384141224427]]"
209,"[[(0, 2), (0, 27), (6, 11), (6, 24), (18, 13), (9, 2), (9, 20), (23, 8), (4, 3), (3, 29), (21, 12), (8, 14), (10, 22), (7, 9), (13, 28), (20, 25), (15, 25)]]","[[32.6423932642289, 115.23103264447121, 20.700720399900415, 148.17886558707633, 72.30943125421989, 53.059171782435214, 130.798508700106, 25.485227346327253, 20.735889618814483, 256.87402752106186, 160.03216470136263, 23.080599516225373, 130.59315386824034, 28.662491290799256, 43.31700670863177, 9.14733649671489, 127.16735232296719]]"
210,"[[(0, 2), (0, 27), (6, 11), (6, 24), (18, 13), (9, 2), (9, 20), (23, 8), (4, 3), (3, 29), (21, 12), (8, 14), (10, 22), (7, 9), (13, 28), (20, 25), (15, 25)]]","[[36.69300889240021, 119.71908461723416, 20.83357643951321, 96.98773138967762, 62.620780106000865, 64.64676034665983, 221.1037139102474, 151.12394338378195, 24.51584409546642, 573.8166089979052, 190.802742075953, 19.19676973449769, 171.99878733329842, 41.863072248603885, 43.607993692162715, 16.382384651147987, 110.5898702851116]]"
211,"[[(0, 2), (0, 27), (6, 11), (6, 24), (18, 13), (9, 2), (9, 20), (23, 8), (4, 3), (3, 29), (21, 12), (8, 14), (10, 22), (7, 9), (13, 28), (20, 25), (15, 25)]]","[[25.717551695963568, 217.75628587268795, 25.6844694179376, 121.25019363975201, 64.07249901416881, 55.010900757173125, 133.32186074682048, 149.0619770472964, 28.95851605604392, 31.728498824360564, 186.2682003495045, 25.547598108654007, 58.94123713468177, 40.03325314754512, 34.50553234839157, 15.298885968459297, 118.29997890335449]]"
212,"[[(0, 2), (0, 27), (6, 11), (6, 24), (18, 13), (9, 2), (9, 20), (23, 8), (4, 3), (3, 29), (21, 12), (8, 14), (10, 22), (7, 9), (13, 28), (20, 25), (15, 25)]]","[[30.709704949045072, 97.24526871347145, 22.38676502005399, 76.55105713227168, 91.29324403401846, 8.712863349988012, 194.9373260768748, 177.70313756606706, 18.493576178338614, 641.8493942698651, 192.93798804162154, 46.41464553923332, 175.89873968175556, 47.91567351567906, 20.028076406193097, 11.062200948341564, 116.40698366161402]]"
213,"[[(0, 2), (0, 27), (6, 11), (6, 24), (18, 13), (9, 2), (9, 20), (23, 8), (4, 3), (3, 29), (21, 12), (8, 14), (10, 22), (7, 9), (13, 28), (20, 25), (15, 25)]]","[[26.365932505329557, 174.06016293555842, 26.508459092234, 138.03344000376273, 71.74124029462752, 27.402767482560616, 222.86516576485297, 120.28487882979803, 28.621741029081733, 170.8789638585129, 177.10998709249625, 44.28742978411352, 147.14957341803398, 50.044513499687696, 24.306414308640445, 10.545747773590653, 114.9096630342205]]"
214,"[[(0, 2), (0, 27), (6, 11), (6, 24), (18, 13), (9, 2), (9, 20), (23, 8), (4, 3), (3, 29), (21, 12), (8, 14), (10, 22), (7, 9), (13, 28), (20, 25), (15, 25)]]","[[42.23703437283848, 165.86659641902054, 23.846971536613292, 79.64875311007947, 25.5189467590753, 15.244537663633874, 246.11530699122747, 276.30384821226556, 27.594068996049046, 95.97538723649946, 157.9277624052835, 34.03405491939207, 135.09986884562662, 37.53601992298081, 4.093163725919518, 18.596841532686454, 126.81545124256135]]"
215,"[[(0, 2), (0, 27), (6, 11), (6, 24), (18, 13), (9, 2), (9, 20), (23, 8), (4, 3), (3, 29), (21, 12), (8, 14), (10, 22), (7, 9), (13, 28), (20, 25), (15, 25)]]","[[32.597798218091576, 107.73975022146476, 21.62429616072174, 94.53076582562859, 55.20269047925685, 53.63452904558438, 122.71654229173492, 332.2696838056603, 9.732875390258057, 147.56995599132844, 146.82217348649078, 32.18290443914073, 65.27259262267779, 19.907970611530622, 18.653218867166625, 6.322391851331526, 104.12539967655945]]"
216,"[[(0, 2), (0, 27), (6, 11), (6, 24), (18, 13), (9, 2), (9, 20), (23, 8), (4, 3), (3, 29), (21, 12), (8, 14), (10, 22), (7, 9), (13, 28), (20, 25), (15, 25)]]","[[33.66268447268655, 124.26848401148278, 26.77722044217003, 70.9242842218399, 39.92605145498652, 66.95632311711371, 178.17575494590108, 207.57704534758764, 29.424421138885002, 136.55936854481763, 161.62620704744015, 36.93967172516193, 116.07561065502446, 35.93846099870193, 9.940506697700538, 15.413247233064137, 123.36857035227315]]"
217,"[[(0, 2), (0, 27), (6, 11), (6, 24), (18, 13), (9, 2), (9, 20), (23, 8), (4, 3), (3, 29), (21, 12), (8, 14), (10, 22), (7, 9), (13, 28), (20, 25), (15, 25)]]","[[27.26332063845406, 105.84730774555507, 20.80878838434747, 88.99402814653371, 119.5502278711546, 58.10664048164648, 109.63673508721202, 128.31834564855416, 21.90778293983226, 393.97847221383176, 148.28980965723318, 22.74224139609427, 75.72357413826384, 52.264972152410415, 30.203757743724033, 10.014633812302263, 131.23767808815387]]"
218,"[[(0, 2), (0, 27), (6, 11), (6, 24), (18, 13), (9, 2), (9, 20), (23, 8), (4, 3), (3, 29), (21, 12), (8, 14), (10, 22), (7, 9), (13, 28), (20, 25), (15, 25)]]","[[36.45941676063205, 181.8737120653727, 23.247617127962506, 166.01130095226483, 153.67878015117103, 37.2073413727883, 167.5552932676331, 324.705359046875, 12.492626025352966, 271.5777993728312, 189.2423015913621, 27.92536419343592, 191.1568404372449, 47.06911809271547, 23.091165862471456, 14.533882807952065, 106.6742080894273]]"
219,"[[(0, 2), (0, 27), (6, 11), (6, 24), (18, 13), (9, 2), (9, 20), (23, 8), (4, 3), (3, 29), (21, 12), (8, 14), (10, 22), (7, 9), (13, 28), (20, 25), (15, 25)]]","[[24.945527835660318, 218.87153453338505, 22.419044923071606, 163.571589143709, 128.4331199286683, 16.191736881217924, 236.80023485835738, 221.8880890912767, 18.808043253551396, 525.2528422280515, 167.14862017124366, 18.464061618345863, 139.51375649992258, 46.04136696229737, 30.852142061251175, 6.736578383294368, 130.44918450072376]]"
220,"[[(0, 2), (0, 27), (6, 11), (6, 24), (18, 13), (9, 2), (9, 20), (23, 8), (4, 3), (3, 29), (21, 12), (8, 14), (10, 22), (7, 9), (13, 28), (20, 25), (15, 25)]]","[[26.23661781060649, 191.11267906353783, 28.30234936327983, 159.10958854437848, 147.0571207291766, 42.681097454301174, 95.76137948565881, 52.280654312807094, 16.86838859556684, 296.8568803633119, 187.4165685758353, 42.39820688927231, 80.62748589739918, 31.498152091974376, 33.69282924082573, 17.62214704082683, 117.26955213781525]]"
221,"[[(0, 2), (0, 27), (6, 11), (6, 24), (18, 13), (9, 2), (9, 20), (23, 8), (4, 3), (3, 29), (21, 12), (8, 14), (10, 22), (7, 9), (13, 28), (20, 25), (15, 25)]]","[[42.41825286109801, 71.81674888865075, 27.283603756164343, 74.9486363168703, 103.62538755561728, 44.073591980710255, 245.82368009366502, 28.125746006429097, 24.279118635443062, 101.79522114121865, 179.73952602807435, 21.57925812707046, 144.17093292011276, 24.52268726856154, 16.497061437173837, 16.30233343939117, 108.29751369573816]]"
222,"[[(0, 2), (0, 27), (6, 11), (6, 24), (18, 13), (9, 2), (9, 20), (23, 8), (4, 3), (3, 29), (21, 12), (8, 14), (10, 22), (7, 9), (13, 28), (20, 25), (15, 25)]]","[[27.204960360783, 152.30615026079494, 24.557931163118337, 102.87174585702655, 120.23783165437565, 76.10962202531897, 147.2807664030517, 324.2278404576893, 21.927528210158147, 403.10079027367135, 152.7600022540887, 35.90873308346043, 92.88764290778727, 41.706506369963876, 21.894880592326782, 19.4008985984646, 134.54862260908519]]"
223,"[[(0, 2), (0, 27), (6, 11), (6, 24), (18, 13), (9, 2), (9, 20), (23, 8), (4, 3), (3, 29), (21, 12), (8, 14), (10, 22), (7, 9), (13, 28), (20, 25), (15, 25)]]","[[37.75486759505284, 87.88682334275603, 21.972540335445764, 104.93321167305503, 82.39829414785491, 41.646086723207375, 224.93897644610297, 135.88341833230544, 23.381458521584893, 88.50113299735182, 179.61146054100374, 40.52257245659817, 183.10562989139083, 47.26209194343862, 27.124705969804694, 9.380872855411601, 118.88312514598752]]"
224,"[[(0, 2), (0, 27), (6, 11), (6, 24), (18, 13), (9, 2), (9, 20), (23, 8), (4, 3), (3, 29), (21, 12), (8, 14), (10, 22), (7, 9), (13, 28), (20, 25), (15, 25)]]","[[39.95863425062861, 172.19165636976095, 20.427364385057377, 140.22585358776567, 46.36603081348786, 27.71060559638565, 188.5078980434106, 97.3287486742706, 13.997323241213511, 260.0048725618733, 161.48829464319005, 47.30448945449245, 102.15958786981413, 39.42641590324551, 29.087449211632403, 7.317387446639382, 103.18153785464239]]"
225,"[[(0, 2), (0, 27), (6, 11), (6, 24), (18, 13), (9, 2), (9, 20), (23, 8), (4, 3), (3, 29), (21, 12), (8, 14), (10, 22), (7, 9), (13, 28), (20, 25), (15, 25)]]","[[28.666862204407916, 162.3130915199466, 22.149613067862425, 140.06869427316008, 100.83435186394055, 8.426118779791036, 183.66951850210353, 29.67102475528513, 19.00820438201825, 231.51115218570826, 193.7430483948426, 28.999193670719528, 68.62594128691609, 33.37588884051614, 20.442557614134397, 16.0684926120013, 113.86893443015596]]"
226,"[[(0, 2), (0, 27), (6, 11), (6, 24), (18, 13), (9, 2), (9, 20), (23, 8), (4, 3), (3, 29), (21, 12), (8, 14), (10, 22), (7, 9), (13, 28), (20, 25), (15, 25)]]","[[25.4407023013578, 116.33345204262511, 26.04785576851488, 71.80889724578819, 150.77003815799117, 21.253514003863955, 141.17456991908458, 311.0513681329154, 14.163698749498984, 544.1156586433405, 188.2083824456937, 27.47127279949338, 170.86518026809608, 37.08546279246977, 44.62190054054996, 13.802220473008067, 124.42326532706008]]"
227,"[[(0, 2), (0, 27), (6, 11), (6, 24), (18, 13), (9, 2), (9, 20), (23, 8), (4, 3), (3, 29), (21, 12), (8, 14), (10, 22), (7, 9), (13, 28), (20, 25), (15, 25)]]","[[36.49145519453719, 192.00602417198414, 29.8605973161011, 140.11789862706598, 75.05368308499246, 16.746232917054986, 220.77996882947747, 6.073701603897846, 19.503938287521933, 655.6236531430068, 167.47456122546038, 23.218295619155704, 117.99471743217997, 32.004469158552084, 25.66441781641327, 15.88233962569086, 126.03931880811264]]"
228,"[[(0, 2), (0, 27), (6, 11), (6, 24), (18, 13), (9, 2), (9, 20), (23, 8), (4, 3), (3, 29), (21, 12), (8, 14), (10, 22), (7, 9), (13, 28), (20, 25), (15, 25)]]","[[39.751336514897886, 200.2706399342847, 21.53161001252698, 91.97999235086962, 24.61503429076905, 68.51637436352082, 221.8072245847719, 201.61554223279728, 26.92498649468743, 16.63261197744138, 148.3793416274431, 41.66823673778559, 105.6065076964121, 33.75424375893566, 38.81854242076192, 6.70977547003287, 131.97515990923546]]"
229,"[[(0, 2), (0, 27), (6, 11), (6, 24), (18, 13), (9, 2), (9, 20), (23, 8), (4, 3), (3, 29), (21, 12), (8, 14), (10, 22), (7, 9), (13, 28), (20, 25), (15, 25)]]","[[24.17864030828226, 152.29883369304224, 24.883767956252747, 84.5166788640094, 112.65279016744624, 37.87219082585134, 73.57672495002, 307.27343325462715, 28.460764021539266, 135.6173318670825, 160.7802607052781, 38.58347474466507, 47.25430415749778, 47.38926899309837, 29.371170738847646, 7.203012885957703, 121.61805774884319]]"
230,"[[(0, 2), (0, 27), (6, 11), (6, 24), (18, 13), (9, 2), (9, 20), (23, 8), (4, 3), (3, 29), (21, 12), (8, 14), (10, 22), (7, 9), (13, 28), (20, 25), (15, 25)]]","[[41.26609251013271, 152.41444307664023, 26.088703868727205, 81.56100648229176, 79.57660547891777, 5.476161321463486, 113.52216828561995, 245.83066608611077, 16.679013612189067, 33.37737385627828, 163.18241723236412, 38.16074905131346, 163.4637031204981, 35.18232540078118, 7.765030333155666, 10.905995474173029, 101.85807570783146]]"
231,"[[(0, 2), (0, 27), (6, 11), (6, 24), (18, 13), (9, 2), (9, 20), (23, 8), (4, 3), (3, 29), (21, 12), (8, 14), (10, 22), (7, 9), (13, 28), (20, 25), (15, 25)]]","[[38.21109331798303, 140.0803143674031, 21.140479867728967, 147.50748069118924, 75.8824207364511, 13.76867872202315, 245.59552673831186, 47.5847092387363, 12.6116487180138, 347.73322337651854, 172.92031331774322, 19.35563273960377, 154.45736742455352, 46.373864895843646, 26.84711957928167, 8.547186980933311, 105.44429180239354]]"
232,"[[(0, 2), (0, 27), (6, 11), (6, 24), (18, 13), (9, 2), (9, 20), (23, 8), (4, 3), (3, 29), (21, 12), (8, 14), (10, 22), (7, 9), (13, 28), (20, 25), (15, 25)]]","[[25.085723573060733, 221.1149155607129, 28.333392654006772, 135.10908284527534, 62.641465712917885, 66.97518956224675, 162.30913891976897, 159.5218862326062, 21.741848529271664, 505.59566993505615, 170.81695742235678, 30.658767726007056, 187.50171290997122, 42.896586406297416, 42.1211163386792, 13.891023827516815, 120.88491187665291]]"
233,"[[(0, 2), (0, 27), (6, 11), (6, 24), (18, 13), (9, 2), (9, 20), (23, 8), (4, 3), (3, 29), (21, 12), (8, 14), (10, 22), (7, 9), (13, 28), (20, 25), (15, 25)]]","[[37.689479347504125, 138.09818840418916, 28.616803364534995, 133.6563820476419, 83.93011749428385, 31.16739193838417, 125.68410666486241, 155.61328541576364, 10.30065627103699, 459.0033654642183, 183.96650326576813, 23.78289806457755, 99.14283248630102, 43.37953581992089, 6.926448785600156, 12.31086819622374, 109.52636047731758]]"
234,"[[(0, 2), (0, 27), (6, 11), (6, 24), (18, 13), (9, 2), (9, 20), (23, 8), (4, 3), (3, 29), (21, 12), (8, 14), (10, 22), (7, 9), (13, 28), (20, 25), (15, 25)]]","[[35.188264236231475, 116.50273292923033, 23.708571741166026, 116.97282023467687, 61.92817849549884, 39.43135531964786, 136.57052818422596, 84.34152271820771, 13.842768640701868, 542.6884809251519, 182.12301436623267, 24.879671127605707, 94.62010187238562, 45.31605748122959, 9.207860753780436, 11.558747883287795, 101.48796022907833]]"
235,"[[(0, 2), (0, 27), (6, 11), (6, 24), (18, 13), (9, 2), (9, 20), (23, 8), (4, 3), (3, 29), (21, 12), (8, 14), (10, 22), (7, 9), (13, 28), (20, 25), (15, 25)]]","[[23.024663976747995, 101.97985350863026, 24.444254682933085, 166.59130141903074, 39.763513162998265, 68.71427589540018, 133.8366044321648, 300.3511466564692, 12.151871009453956, 462.5951169259094, 158.34865294223957, 44.506491351525185, 161.62534017699025, 38.7948252831377, 27.600505399267508, 5.130272199663954, 106.3403323322629]]"
236,"[[(0, 2), (0, 27), (6, 11), (6, 24), (18, 13), (9, 2), (9, 20), (23, 8), (4, 3), (3, 29), (21, 12), (8, 14), (10, 22), (7, 9), (13, 28), (20, 25), (15, 25)]]","[[42.028377751837894, 98.76333765958447, 28.328482724879102, 118.4834286221814, 112.1549255916298, 75.48584281069775, 221.23218495412664, 119.7196346052175, 11.976942020671228, 80.14075859004541, 158.51815832246356, 39.04344788839438, 173.81594771257062, 18.133406218455317, 22.320278159054954, 11.367890508380789, 114.00000448089986]]"
237,"[[(0, 2), (0, 27), (6, 11), (6, 24), (18, 13), (9, 2), (9, 20), (23, 8), (4, 3), (3, 29), (21, 12), (8, 14), (10, 22), (7, 9), (13, 28), (20, 25), (15, 25)]]","[[37.6454530773825, 85.45762345007334, 26.02797735101685, 92.1220115411565, 37.02567167000792, 25.834976975630536, 103.93956532948582, 16.949638408618593, 11.457396177417229, 89.03521024839924, 158.96997782580064, 21.959417956182623, 186.65745484425094, 35.01214839332047, 38.95970708883216, 17.381027565664148, 113.22544930135932]]"
238,"[[(0, 2), (0, 27), (6, 11), (6, 24), (18, 13), (9, 2), (9, 20), (23, 8), (4, 3), (3, 29), (21, 12), (8, 14), (10, 22), (7, 9), (13, 28), (20, 25), (15, 25)]]","[[39.89402219928804, 110.65166122504019, 21.284691710065495, 95.78136593772523, 59.62796344104613, 62.5603847429317, 115.14488461502728, 58.14118921347368, 19.447212065347625, 392.0117258870479, 179.37257627781779, 39.87199193919561, 107.18144435841452, 22.037313682305154, 22.349633857634853, 6.065499835474638, 120.38885920574543]]"
239,"[[(0, 2), (0, 27), (6, 11), (6, 24), (18, 13), (9, 2), (9, 20), (23, 8), (4, 3), (3, 29), (21, 12), (8, 14), (10, 22), (7, 9), (13, 28), (20, 25), (15, 25)]]","[[32.8846446966746, 206.7401715685374, 20.04256019466658, 133.16723894276282, 136.88957672698743, 35.65454490400069, 82.08845344596244, 30.240756640986252, 25.522367847695545, 498.4479956671905, 159.89363887583698, 29.663221675319967, 177.9083775322651, 37.41762335056792, 44.03933965905221, 16.862942882633742, 133.26243551053062]]"
240,"[[(0, 2), (0, 27), (6, 11), (6, 24), (18, 13), (9, 2), (9, 20), (23, 8), (4, 3), (3, 29), (21, 12), (8, 14), (10, 22), (7, 9), (13, 28), (20, 25), (15, 25)]]","[[36.53938122158313, 154.61487644300223, 22.065973960765575, 166.56472379972942, 153.48212490683574, 69.49672775050038, 165.96861682837567, 25.098857672430313, 22.850478399005855, 541.923947171038, 155.38573717739266, 41.450188918682706, 69.53027585119034, 37.87160695888707, 45.82330605009157, 4.324188117639721, 116.9226048673855]]"
241,"[[(0, 2), (0, 27), (6, 11), (6, 24), (18, 13), (9, 2), (9, 20), (23, 8), (4, 3), (3, 29), (21, 12), (8, 14), (10, 22), (7, 9), (13, 28), (20, 25), (15, 25)]]","[[28.022412434889585, 89.49892942219596, 29.754585648328227, 122.21414631121914, 24.748351442876814, 64.37160213789255, 126.8916926741843, 231.5290618058826, 19.025594581628436, 584.2838352333508, 153.74645619674214, 31.810929213654134, 49.566838001713535, 41.68408339958147, 32.81921932953944, 7.53786470474237, 107.11595638742419]]"
242,"[[(0, 2), (0, 27), (6, 11), (6, 24), (18, 13), (9, 2), (9, 20), (23, 8), (4, 3), (3, 29), (21, 12), (8, 14), (10, 22), (7, 9), (13, 28), (20, 25), (15, 25)]]","[[27.055186326752192, 225.48997643765756, 26.905615298852005, 105.19013861946462, 118.21876747567741, 26.811940323878076, 138.64664797497994, 12.211152691355501, 29.130636928465673, 382.7507671265522, 162.78664069033954, 22.384513766656916, 105.83279593585746, 25.175647836207713, 25.42023738824417, 11.832621895755661, 105.78739331799727]]"
243,"[[(0, 2), (0, 27), (6, 11), (6, 24), (18, 13), (9, 2), (9, 20), (23, 8), (4, 3), (3, 29), (21, 12), (8, 14), (10, 22), (7, 9), (13, 28), (20, 25), (15, 25)]]","[[40.74122776599687, 193.82366345215442, 29.665910018880265, 118.57519585040075, 19.907152237488695, 57.48545253824234, 103.81083793640272, 29.184178274779175, 12.693525641521369, 422.05067976922453, 189.54834216563938, 33.61756864293109, 128.25107175562908, 25.24439593857766, 44.79607115632043, 6.585997198140197, 134.00143285203248]]"
244,"[[(0, 2), (0, 27), (6, 11), (6, 24), (18, 13), (9, 2), (9, 20), (23, 8), (4, 3), (3, 29), (21, 12), (8, 14), (10, 22), (7, 9), (13, 28), (20, 25), (15, 25)]]","[[35.7858423758576, 59.49495222697364, 29.840468950130642, 91.46609234159556, 120.64577557641063, 70.1407957999247, 92.62765766295304, 146.23117725466108, 10.886404304702026, 433.3507662276571, 153.4915714563379, 22.47356187137668, 52.251481450868305, 34.3639883761431, 25.372339255931657, 19.484679621205196, 108.43867664516374]]"
245,"[[(0, 2), (0, 27), (6, 11), (6, 24), (18, 13), (9, 2), (9, 20), (23, 8), (4, 3), (3, 29), (21, 12), (8, 14), (10, 22), (7, 9), (13, 28), (20, 25), (15, 25)]]","[[38.477922021498024, 141.94656169537834, 29.651399237526224, 73.28237756659996, 48.672138990625236, 69.2697569804872, 183.93346226191204, 49.421396980132826, 11.464149580643513, 310.1949502588535, 180.35363246408323, 35.42282459196579, 94.8513783852552, 40.82008716579428, 40.34003844498849, 5.642771351211689, 130.986615266307]]"
246,"[[(0, 2), (0, 27), (6, 11), (6, 24), (18, 13), (9, 2), (9, 20), (23, 8), (4, 3), (3, 29), (21, 12), (8, 14), (10, 22), (7, 9), (13, 28), (20, 25), (15, 25)]]","[[28.537524163023566, 132.29641542203598, 25.43057949059002, 101.58732995308618, 109.7069792261365, 76.59609725857798, 223.00513154560392, 260.8374760078218, 15.32236191952599, 663.4656563515895, 192.4254919024773, 20.441552909588673, 115.85690692859626, 51.46610613688812, 11.353225436659196, 8.219295343253345, 107.5008979335052]]"
247,"[[(0, 2), (0, 27), (6, 11), (6, 24), (18, 13), (9, 2), (9, 20), (23, 8), (4, 3), (3, 29), (21, 12), (8, 14), (10, 22), (7, 9), (13, 28), (20, 25), (15, 25)]]","[[31.643527609419095, 147.68784468535043, 22.503561150442444, 95.2589414051077, 32.65958879907525, 7.936521617326529, 154.2391535192831, 167.1255725717175, 27.58766399276282, 414.0014725357923, 148.41575474712778, 24.389506368441964, 136.51049254606488, 53.003517331386014, 4.377600173289127, 7.68613161584468, 112.15174558863723]]"
248,"[[(0, 2), (0, 27), (6, 11), (6, 24), (18, 13), (9, 2), (9, 20), (23, 8), (4, 3), (3, 29), (21, 12), (8, 14), (10, 22), (7, 9), (13, 28), (20, 25), (15, 25)]]","[[37.74035351546047, 81.85975174643049, 22.23215185761685, 149.65004161313416, 123.70435205403203, 38.98618285468976, 163.67152879228132, 200.76395015212447, 25.810767752223494, 440.8070333275955, 166.92999594470035, 33.219839552349654, 62.96129448976525, 47.361832262808065, 2.5044387803969244, 15.998047949354786, 124.49415716257414]]"
249,"[[(0, 2), (0, 27), (6, 11), (6, 24), (18, 13), (9, 2), (9, 20), (23, 8), (4, 3), (3, 29), (21, 12), (8, 14), (10, 22), (7, 9), (13, 28), (20, 25), (15, 25)]]","[[30.861556801812064, 147.38597177094434, 24.285014960173918, 104.06648646266268, 108.10194555210444, 27.142986385135192, 242.97550340308987, 113.00432318463551, 30.9586616837937, 175.8756038958864, 172.63064027077118, 18.21338276442868, 144.0386044748798, 33.510505569934594, 2.668678410333557, 15.985708588291377, 134.92672156904635]]"
250,"[[(0, 2), (0, 27), (6, 11), (6, 24), (18, 13), (9, 2), (9, 20), (23, 8), (4, 3), (3, 29), (21, 12), (8, 14), (10, 22), (7, 9), (13, 28), (20, 25), (15, 25)]]","[[31.55676633154131, 84.07763510181934, 28.697385743196318, 152.33688995683812, 74.62189026178012, 10.532239839748875, 188.54507105714697, 306.13121874632753, 19.713320802165583, 341.764799892696, 158.67789645119348, 42.137946038742925, 67.1663043407976, 36.861170557819584, 21.61019046635755, 7.982149947428651, 116.1310507812436]]"
251,"[[(0, 2), (0, 27), (6, 11), (6, 24), (18, 13), (9, 2), (9, 20), (23, 8), (4, 3), (3, 29), (21, 12), (8, 14), (10, 22), (7, 9), (13, 28), (20, 25), (15, 25)]]","[[29.40602870590986, 73.32795013161774, 26.225098219350627, 140.71458090660502, 19.13531671086765, 24.503240056684028, 157.99841365006168, 341.35156696816875, 27.40029818455454, 214.59030157797463, 179.00333339642563, 39.9650150879119, 113.03476450571476, 44.30394672149828, 25.53900671225081, 18.55935049760918, 105.73598640834143]]"
252,"[[(0, 2), (0, 27), (6, 11), (6, 24), (18, 13), (9, 2), (9, 20), (23, 8), (4, 3), (3, 29), (21, 12), (8, 14), (10, 22), (7, 9), (13, 28), (20, 25), (15, 25)]]","[[41.25146851444431, 163.95423240900303, 22.995396788348266, 148.24767329115608, 29.8009569360053, 20.731593367141773, 186.0879501114401, 190.1664075221475, 17.72595377049575, 176.35553270556326, 164.968933751003, 47.02792580847973, 54.314913012878876, 38.205313426101284, 44.02166161294755, 11.20622743360775, 116.40032755577249]]"
253,"[[(0, 2), (0, 27), (6, 11), (6, 24), (18, 13), (9, 2), (9, 20), (23, 8), (4, 3), (3, 29), (21, 12), (8, 14), (10, 22), (7, 9), (13, 28), (20, 25), (15, 25)]]","[[27.151741598066877, 123.2161093657679, 29.789226834718125, 140.825356636114, 131.25171917203284, 28.26094944358679, 83.30922505399438, 64.84237954289509, 18.87097486376873, 532.8541854186933, 148.75145619102645, 31.95585247663081, 73.40111586457172, 21.131795672699784, 40.82658290812139, 6.135756471603575, 100.70080992748676]]"
254,"[[(0, 2), (0, 27), (6, 11), (6, 24), (18, 13), (9, 2), (9, 20), (23, 8), (4, 3), (3, 29), (21, 12), (8, 14), (10, 22), (7, 9), (13, 28), (20, 25), (15, 25)]]","[[35.985840802927825, 218.69732333471208, 23.80379250954422, 117.7030640123196, 122.32235676547637, 63.79141414484844, 195.03830324495078, 224.45787079449545, 26.56992276470476, 298.42370474046913, 156.74371125711798, 18.322806684668997, 193.858122507427, 51.956619398314764, 40.604101558451546, 15.851974992655954, 100.79403227323778]]"
255,"[[(0, 2), (0, 27), (6, 11), (6, 24), (18, 13), (9, 2), (9, 20), (23, 8), (4, 3), (3, 29), (21, 12), (8, 14), (10, 22), (7, 9), (13, 28), (20, 25), (15, 25)]]","[[23.264675876175154, 212.2761532032322, 29.171633229572993, 154.1728084577831, 48.365443704927024, 32.9387026400903, 88.21847268075402, 187.36934910399683, 14.021941249600172, 88.72863652396816, 193.20005913221576, 29.744085217501407, 181.26895746222158, 45.79239691609607, 7.122954694145825, 8.466635440716619, 116.40917721726831]]"
256,"[[(0, 2), (0, 27), (6, 11), (6, 24), (18, 13), (9, 2), (9, 20), (23, 8), (4, 3), (3, 29), (21, 12), (8, 14), (10, 22), (7, 9), (13, 28), (20, 25), (15, 25)]]","[[41.80023648950086, 58.129763999901876, 20.22159585836842, 73.59606687480158, 85.71652539164424, 22.27687226428838, 135.37476014635394, 23.53541085799789, 11.16996829672016, 358.4521507023251, 176.5358480645251, 29.439368607667596, 161.84282866114123, 34.536863820290314, 21.043186797551833, 8.164094819059068, 111.76925155096444]]"
257,"[[(0, 2), (0, 27), (6, 11), (6, 24), (18, 13), (9, 2), (9, 20), (23, 8), (4, 3), (3, 29), (21, 12), (8, 14), (10, 22), (7, 9), (13, 28), (20, 25), (15, 25)]]","[[23.089687483086472, 130.47409373342938, 21.01126094128693, 142.68421420360937, 85.83814997561649, 23.552553516912862, 120.6920453782503, 254.92753027198856, 22.00416219527336, 500.44274863148206, 167.0449362471063, 29.780805677473346, 53.24223746828274, 23.271968604151617, 18.307846505735466, 8.945979663495642, 117.46580777045769]]"
258,"[[(0, 2), (0, 27), (6, 11), (6, 24), (18, 13), (9, 2), (9, 20), (23, 8), (4, 3), (3, 29), (21, 12), (8, 14), (10, 22), (7, 9), (13, 28), (20, 25), (15, 25)]]","[[27.249721483557316, 128.76852238822374, 22.392873363947857, 92.70417004801112, 73.10263151952616, 31.48680467959075, 134.19807609232907, 296.93237788126726, 9.439173520101665, 651.056587041426, 163.74943275784554, 34.124858207057315, 77.56190738614528, 32.36965648942167, 5.6583625114386, 4.576038152630952, 111.84019264682402]]"
259,"[[(0, 2), (0, 27), (6, 11), (6, 24), (18, 13), (9, 2), (9, 20), (23, 8), (4, 3), (3, 29), (21, 12), (8, 14), (10, 22), (7, 9), (13, 28), (20, 25), (15, 25)]]","[[25.909833921525465, 109.59930817562663, 26.179236236378376, 73.08437844169764, 50.909920055757944, 70.67272674336502, 243.55052482528606, 221.16809993459515, 23.279296609864115, 188.51577272033555, 169.30837909869157, 31.25942646893008, 87.10448954127997, 44.93863923422266, 16.237421863697925, 17.355131460647918, 126.31230321127167]]"
260,"[[(0, 2), (0, 27), (6, 11), (6, 24), (18, 13), (9, 2), (9, 20), (23, 8), (4, 3), (3, 29), (21, 12), (8, 14), (10, 22), (7, 9), (13, 28), (20, 25), (15, 25)]]","[[41.77312528067077, 161.13722086384314, 28.203646421928298, 71.26074209870475, 82.55498553954392, 13.271485482403097, 139.0885939888571, 187.417873148814, 22.817148623224597, 146.37139304918892, 163.41030239245907, 44.06655131325003, 144.96508497451345, 44.42185913337385, 3.1396350418287002, 5.852118928391549, 134.99461832681231]]"
261,"[[(0, 2), (0, 27), (6, 11), (6, 24), (18, 13), (9, 2), (9, 20), (23, 8), (4, 3), (3, 29), (21, 12), (8, 14), (10, 22), (7, 9), (13, 28), (20, 25), (15, 25)]]","[[33.62647270682871, 88.25608548767278, 28.726018574243483, 114.67025894883614, 21.70264893742018, 19.50441088302319, 153.40093301667605, 340.44120927710287, 23.217683802109956, 592.4806948926545, 185.80974323277786, 39.993201590447725, 167.8515364911966, 53.53534267724544, 39.05469025983697, 8.738804149782462, 117.4434634102247]]"
262,"[[(0, 2), (0, 27), (6, 11), (6, 24), (18, 13), (9, 2), (9, 20), (23, 8), (4, 3), (3, 29), (21, 12), (8, 14), (10, 22), (7, 9), (13, 28), (20, 25), (15, 25)]]","[[41.69745113476344, 200.53708361354398, 24.74410473773638, 144.1898354479929, 94.80411687208505, 66.82622661813954, 112.1317319327085, 271.2527416844395, 14.617776608970882, 116.34263753112162, 153.2954235732794, 23.027985550443322, 192.4146599771035, 45.30765119851391, 40.12351368173547, 12.653925741278707, 107.2170737568975]]"
263,"[[(0, 2), (0, 27), (6, 11), (6, 24), (18, 13), (9, 2), (9, 20), (23, 8), (4, 3), (3, 29), (21, 12), (8, 14), (10, 22), (7, 9), (13, 28), (20, 25), (15, 25)]]","[[38.36582068297118, 71.35299387178269, 25.485541818381964, 144.16319653933476, 86.877063593578, 51.28146295720183, 212.48600563003842, 245.96366658206338, 18.18017881248599, 198.0228667989547, 156.2414016490846, 29.495633456721016, 96.9618645271854, 48.56771864329497, 35.81884820193623, 4.552519582432282, 112.87325662436557]]"
264,"[[(0, 2), (0, 27), (6, 11), (6, 24), (18, 13), (9, 2), (9, 20), (23, 8), (4, 3), (3, 29), (21, 12), (8, 14), (10, 22), (7, 9), (13, 28), (20, 25), (15, 25)]]","[[29.474450167007667, 146.33826178412943, 20.292731737303775, 122.50618023664822, 39.647905890561546, 51.88576774298427, 210.54119508521487, 151.46987797146863, 29.464255549199677, 549.9518475461842, 183.75803512345414, 32.77462660900031, 124.04850818429499, 49.554020471703154, 42.261292069371805, 19.17306607868531, 119.67913093062748]]"
265,"[[(0, 2), (0, 27), (6, 11), (6, 24), (18, 13), (9, 2), (9, 20), (23, 8), (4, 3), (3, 29), (21, 12), (8, 14), (10, 22), (7, 9), (13, 28), (20, 25), (15, 25)]]","[[34.81263323108777, 197.15194189833412, 24.983023563671676, 113.12385924306444, 120.45956487953197, 41.590309201023814, 231.5021188423241, 76.34726118584977, 15.581547565157873, 345.9034116279151, 164.538156009298, 22.816174582446905, 109.84376621772134, 28.750444103121847, 28.57234056064369, 16.997148038250657, 101.62447870015633]]"
266,"[[(0, 2), (0, 27), (6, 11), (6, 24), (18, 13), (9, 2), (9, 20), (23, 8), (4, 3), (3, 29), (21, 12), (8, 14), (10, 22), (7, 9), (13, 28), (20, 25), (15, 25)]]","[[31.428940839099834, 110.50535172409722, 29.984158800597182, 85.75567983310877, 113.20099801306985, 3.040439068421216, 144.1983179506093, 163.57972729595232, 28.11518926280523, 279.9043411076816, 179.57822499121545, 27.829213257358976, 173.1172973082278, 33.826163875115974, 25.32636667047101, 18.89422747157848, 129.96173020936016]]"
267,"[[(0, 2), (0, 27), (6, 11), (6, 24), (18, 13), (9, 2), (9, 20), (23, 8), (4, 3), (3, 29), (21, 12), (8, 14), (10, 22), (7, 9), (13, 28), (20, 25), (15, 25)]]","[[26.51320666925744, 100.19349083034817, 22.289941152923213, 150.21823429840788, 36.79753832687002, 7.856946271592882, 216.92097423191555, 33.29325974135354, 27.983125666203446, 36.89222568832764, 181.20673767901388, 21.556083190306538, 123.59731518249455, 38.486467102501315, 6.299547038816028, 9.98870760798696, 109.19020281193077]]"
268,"[[(0, 2), (0, 27), (6, 11), (6, 24), (18, 13), (9, 2), (9, 20), (23, 8), (4, 3), (3, 29), (21, 12), (8, 14), (10, 22), (7, 9), (13, 28), (20, 25), (15, 25)]]","[[37.833750077842026, 173.557043937427, 21.066500972296407, 76.3042409643669, 22.842856775779154, 46.89000775438265, 203.88908516461436, 315.66178109877904, 23.780039000160386, 547.5522253971626, 157.27611370918828, 42.17395979799913, 170.90695800386717, 47.795111540673844, 32.23260874723144, 7.992979136581447, 133.6126578514793]]"
269,"[[(0, 2), (0, 27), (6, 11), (6, 24), (18, 13), (9, 2), (9, 20), (23, 8), (4, 3), (3, 29), (21, 12), (8, 14), (10, 22), (7, 9), (13, 28), (20, 25), (15, 25)]]","[[25.607748475109045, 127.3155655620292, 25.164256900609207, 88.49496246907749, 87.03120521975922, 6.085068912523077, 129.01088664249912, 77.39094850637103, 10.1911631914076, 480.6878647424742, 154.0838471793749, 45.80917153300133, 68.87896962999824, 42.060641219984575, 10.199538080907832, 7.340557830753122, 99.9630463761764]]"
270,"[[(0, 2), (0, 27), (6, 11), (6, 24), (18, 13), (9, 2), (9, 20), (23, 8), (4, 3), (3, 29), (21, 12), (8, 14), (10, 22), (7, 9), (13, 28), (20, 25), (15, 25)]]","[[36.64054614498444, 85.90715218195285, 26.4132113547685, 144.50972396244003, 32.99384077890164, 74.4617519655875, 188.0928660921474, 292.302392137265, 11.047223063297984, 519.0956651048256, 152.18078984481417, 29.597243913988933, 128.59059696634932, 52.91712509409732, 17.25455912979923, 10.185822901623759, 129.03924207786523]]"
271,"[[(0, 2), (0, 27), (6, 11), (6, 24), (18, 13), (9, 2), (9, 20), (23, 8), (4, 3), (3, 29), (21, 12), (8, 14), (10, 22), (7, 9), (13, 28), (20, 25), (15, 25)]]","[[38.63779806978566, 69.2841298363662, 22.906497587940013, 127.2413770717202, 97.27184859534786, 66.47059377591847, 163.00688070107438, 350.42860230383263, 27.90601430699744, 391.3809902376947, 161.04313819373667, 40.340789499261234, 92.43556511324884, 24.28012174869563, 33.50191974421221, 10.206155625965753, 120.46037745138023]]"
272,"[[(0, 2), (0, 27), (6, 11), (6, 24), (18, 13), (9, 2), (9, 20), (23, 8), (4, 3), (3, 29), (21, 12), (8, 14), (10, 22), (7, 9), (13, 28), (20, 25), (15, 25)]]","[[36.992452325700285, 126.31898405462684, 23.344310467830084, 163.80898204307653, 151.7716543080907, 45.36994040158828, 251.5721867999103, 275.22159929004516, 17.775768070648816, 47.694550017912555, 184.38363025257416, 29.48866869475077, 99.70084084739342, 30.96785499915344, 4.989764831642031, 19.639562107212925, 105.85984251151511]]"
273,"[[(0, 2), (0, 27), (6, 11), (6, 24), (18, 13), (9, 2), (9, 20), (23, 8), (4, 3), (3, 29), (21, 12), (8, 14), (10, 22), (7, 9), (13, 28), (20, 25), (15, 25)]]","[[24.52036202879038, 205.46161580818952, 29.14886887620106, 158.53927340528148, 108.68843423060781, 32.572762859732194, 169.5368621362651, 158.65952230081388, 28.248841656644906, 638.4613947367868, 167.3978532514014, 25.828388456414036, 114.21519775065826, 38.218271978779, 35.54447642110206, 14.876287092858053, 112.59476800391259]]"
274,"[[(0, 2), (0, 27), (6, 11), (6, 24), (18, 13), (9, 2), (9, 20), (23, 8), (4, 3), (3, 29), (21, 12), (8, 14), (10, 22), (7, 9), (13, 28), (20, 25), (15, 25)]]","[[23.45299700121838, 118.96829681451902, 24.81362437238053, 147.32203053597513, 103.04122883636276, 20.83323867914913, 166.2421914699977, 72.50674052588373, 13.29607760707726, 180.94221081032865, 153.11283664151546, 18.60772155955394, 50.8443001156781, 33.40793414818145, 10.573791256467173, 11.87761773445305, 134.55746800417774]]"
275,"[[(0, 2), (0, 27), (6, 11), (6, 24), (18, 13), (9, 2), (9, 20), (23, 8), (4, 3), (3, 29), (21, 12), (8, 14), (10, 22), (7, 9), (13, 28), (20, 25), (15, 25)]]","[[24.977540885321208, 195.72352116474542, 21.73033413248252, 134.69410571265348, 48.92432564985856, 59.24400819654029, 217.29329024031955, 177.43587187134236, 20.096024720290018, 156.71291722198856, 151.650038539834, 41.57446982770844, 123.10113044945976, 42.03463746156692, 32.72651738108628, 11.584732654305244, 100.12732295545695]]"
276,"[[(0, 2), (0, 27), (6, 11), (6, 24), (18, 13), (9, 2), (9, 20), (23, 8), (4, 3), (3, 29), (21, 12), (8, 14), (10, 22), (7, 9), (13, 28), (20, 25), (15, 25)]]","[[35.660796373514586, 180.4997260534921, 23.559677738772216, 82.33097267025268, 54.79764320175827, 71.63582448564226, 235.12298766122024, 79.75182791875388, 14.607367892072837, 177.76845019827306, 187.51574195622172, 47.60942929719727, 108.97726484319826, 47.07567304913319, 10.601027275865551, 14.551482357882282, 105.19319342414563]]"
277,"[[(0, 2), (0, 27), (6, 11), (6, 24), (18, 13), (9, 2), (9, 20), (23, 8), (4, 3), (3, 29), (21, 12), (8, 14), (10, 22), (7, 9), (13, 28), (20, 25), (15, 25)]]","[[25.576403935725374, 145.27293204777743, 21.011722708731572, 127.09246627534723, 103.84996502460687, 11.722186136227936, 88.00274841647537, 25.14770725792803, 10.800541581599937, 680.7599352848785, 180.50634411713946, 18.05402836474783, 136.09919344466834, 38.86842499079283, 20.068590188264416, 17.313920310579775, 109.05875630212502]]"
278,"[[(0, 2), (0, 27), (6, 11), (6, 24), (18, 13), (9, 2), (9, 20), (23, 8), (4, 3), (3, 29), (21, 12), (8, 14), (10, 22), (7, 9), (13, 28), (20, 25), (15, 25)]]","[[37.6261485495356, 176.48164163458125, 27.205765551204927, 123.03244012086748, 82.61475192101868, 7.392451823891472, 179.17539863261152, 266.49924059916486, 15.911429308620846, 401.44187811629763, 195.12095405027378, 36.14972889968625, 186.22912222767812, 34.391838434337664, 26.430859818499616, 13.12499983340566, 115.92329838602724]]"
279,"[[(0, 2), (0, 27), (6, 11), (6, 24), (18, 13), (9, 2), (9, 20), (23, 8), (4, 3), (3, 29), (21, 12), (8, 14), (10, 22), (7, 9), (13, 28), (20, 25), (15, 25)]]","[[39.63546200514428, 144.31057280772308, 26.49330373206012, 165.7842792573375, 54.40868781931824, 22.62212641941274, 95.22822949587076, 345.9014227974854, 23.308997024870997, 45.64049242688803, 196.11722354347035, 45.381570346141544, 57.04222796522353, 46.377447136746284, 12.532685024148167, 5.6188460583901385, 133.6487534539093]]"
280,"[[(0, 2), (0, 27), (6, 11), (6, 24), (18, 13), (9, 2), (9, 20), (23, 8), (4, 3), (3, 29), (21, 12), (8, 14), (10, 22), (7, 9), (13, 28), (20, 25), (15, 25)]]","[[34.7788946742036, 153.78540371943126, 22.90113494837037, 70.09345216024701, 95.66060378224701, 24.07584767519063, 81.20439881324401, 274.98485342342246, 14.682840606350226, 671.0387260944552, 170.27406107881245, 35.363452592096664, 150.91104098345687, 45.79157445845159, 37.793423829560865, 13.8348190884087, 133.08956468645215]]"
281,"[[(0, 2), (0, 27), (6, 11), (6, 24), (18, 13), (9, 2), (9, 20), (23, 8), (4, 3), (3, 29), (21, 12), (8, 14), (10, 22), (7, 9), (13, 28), (20, 25), (15, 25)]]","[[32.839792780125904, 117.58496368941923, 29.00017098083208, 121.61645351571255, 60.68653339966104, 33.043419080474116, 112.67976461561045, 170.62424174034877, 15.627376155382626, 475.2164733990604, 169.4826623006627, 25.077121785086828, 133.6577381174851, 41.29082335387122, 41.132309636166156, 8.660958112937333, 112.05339592077074]]"
282,"[[(0, 2), (0, 27), (6, 11), (6, 24), (18, 13), (9, 2), (9, 20), (23, 8), (4, 3), (3, 29), (21, 12), (8, 14), (10, 22), (7, 9), (13, 28), (20, 25), (15, 25)]]","[[28.432576309279995, 74.01417721869423, 25.32835906054098, 101.91400011459342, 149.40011466423374, 72.89110748444503, 225.02273806130088, 284.75750086921636, 22.252081088406577, 647.8353997221104, 179.96301735048976, 30.240635310771566, 159.82095095594198, 32.55333375426578, 34.88966510853851, 4.552520745125539, 121.82526420879788]]"
283,"[[(0, 2), (0, 27), (6, 11), (6, 24), (18, 13), (9, 2), (9, 20), (23, 8), (4, 3), (3, 29), (21, 12), (8, 14), (10, 22), (7, 9), (13, 28), (20, 25), (15, 25)]]","[[37.24264715505675, 85.59867583406401, 22.897289912834275, 154.02240488148777, 72.94960666677753, 63.24790394629016, 129.2557213157122, 102.7921980739345, 29.56842017516069, 325.8888883537627, 194.1609642462499, 20.846815901762426, 91.57860558608988, 25.346112388907294, 26.462760587254675, 9.911143553770051, 102.46147640727692]]"
284,"[[(0, 2), (0, 27), (6, 11), (6, 24), (18, 13), (9, 2), (9, 20), (23, 8), (4, 3), (3, 29), (21, 12), (8, 14), (10, 22), (7, 9), (13, 28), (20, 25), (15, 25)]]","[[25.182477901430403, 215.04775909548454, 27.993013435617, 69.39688371468843, 101.81597582253178, 46.5551384920516, 218.9800335904144, 299.5211500185784, 15.338060134540841, 491.33366770012213, 178.91227762917043, 21.185576972972967, 120.0186100919639, 25.715883362896534, 45.08350358442613, 9.328836312761707, 127.59666856656212]]"
285,"[[(0, 2), (0, 27), (6, 11), (6, 24), (18, 13), (9, 2), (9, 20), (23, 8), (4, 3), (3, 29), (21, 12), (8, 14), (10, 22), (7, 9), (13, 28), (20, 25), (15, 25)]]","[[39.76245859136373, 172.4122721336011, 29.398522790560484, 100.45526021448882, 25.3972113919653, 61.660215978818, 130.74679140389895, 54.29174284576944, 25.474401798157572, 267.401059787457, 154.87579748557582, 36.06406758339358, 108.86001578801212, 38.173572670599704, 21.755315322878335, 15.217785172828252, 132.65679680268175]]"
286,"[[(0, 2), (0, 27), (6, 11), (6, 24), (18, 13), (9, 2), (9, 20), (23, 8), (4, 3), (3, 29), (21, 12), (8, 14), (10, 22), (7, 9), (13, 28), (20, 25), (15, 25)]]","[[31.331537908813726, 56.424313664816395, 21.212821638621808, 155.17196278180882, 86.3048558052491, 16.373267844498624, 181.51264749389577, 103.4350214491959, 21.818562484540802, 586.9835370272297, 166.94636945516044, 32.36411230676411, 79.66235450746927, 23.761771385605194, 26.28293733543447, 13.35848831441676, 129.66250926478125]]"
287,"[[(0, 2), (0, 27), (6, 11), (6, 24), (18, 13), (9, 2), (9, 20), (23, 8), (4, 3), (3, 29), (21, 12), (8, 14), (10, 22), (7, 9), (13, 28), (20, 25), (15, 25)]]","[[39.47155898191534, 196.2353647007038, 29.58745202472588, 110.53620627778736, 93.58689488799457, 36.43293850301873, 225.70523121323174, 216.038964852004, 23.749327251854574, 487.10004973127315, 196.29381986978123, 34.95714831412988, 79.62454142467752, 28.60963493850305, 28.521292117148814, 15.970080885024748, 101.27050971627881]]"
288,"[[(0, 2), (0, 27), (6, 11), (6, 24), (18, 13), (9, 2), (9, 20), (23, 8), (4, 3), (3, 29), (21, 12), (8, 14), (10, 22), (7, 9), (13, 28), (20, 25), (15, 25)]]","[[27.481085600487173, 201.13161879226652, 28.406483098977404, 100.03125213897066, 74.19771629081839, 3.3424732440678127, 184.7185653615014, 154.1361793411991, 19.803757084731735, 440.49085791188014, 187.19718717667322, 30.211014412321063, 86.94937643861502, 37.993934484017586, 6.982575570933839, 19.18196344671528, 112.42295615320151]]"
289,"[[(0, 2), (0, 27), (6, 11), (6, 24), (18, 13), (9, 2), (9, 20), (23, 8), (4, 3), (3, 29), (21, 12), (8, 14), (10, 22), (7, 9), (13, 28), (20, 25), (15, 25)]]","[[29.656518020937895, 85.71017408087285, 24.87706802982177, 104.0572196629904, 48.56597507661851, 72.52413496364336, 98.70548870411675, 357.11324661511355, 23.77751661188644, 44.558165948045186, 145.76582673192314, 20.663008250409103, 148.31374439028724, 41.921545655383376, 39.997128958810436, 11.814049476301117, 134.12268092163188]]"
290,"[[(0, 2), (0, 27), (6, 11), (6, 24), (18, 13), (9, 2), (9, 20), (23, 8), (4, 3), (3, 29), (21, 12), (8, 14), (10, 22), (7, 9), (13, 28), (20, 25), (15, 25)]]","[[32.019339364310895, 157.6444710745251, 26.882263622990898, 89.32739749985627, 140.58455343840313, 32.467612449401514, 214.65955674548496, 171.7712092775814, 23.59681696074795, 219.5149602765215, 163.7684683172887, 28.14279368511059, 131.28675617450216, 42.97196361331322, 42.048395206665276, 15.40246515546873, 103.07233460957686]]"
291,"[[(0, 2), (0, 27), (6, 11), (6, 24), (18, 13), (9, 2), (9, 20), (23, 8), (4, 3), (3, 29), (21, 12), (8, 14), (10, 22), (7, 9), (13, 28), (20, 25), (15, 25)]]","[[28.118346893040027, 82.84632461360263, 25.88955182635579, 98.48396269069356, 56.978197223439615, 40.95050164142291, 82.23122511656084, 178.15987987771626, 29.752732388513316, 383.7510770163875, 170.45984284736215, 42.6743461135042, 66.5463603901304, 30.142146455224452, 36.23616171992948, 10.939701053155677, 119.33573320983157]]"
292,"[[(0, 2), (0, 27), (6, 11), (6, 24), (18, 13), (9, 2), (9, 20), (23, 8), (4, 3), (3, 29), (21, 12), (8, 14), (10, 22), (7, 9), (13, 28), (20, 25), (15, 25)]]","[[37.86308292386484, 54.57986482108352, 22.173491310391103, 149.05250503145368, 128.62927300550024, 34.70114736925423, 94.69287541143864, 343.11350433314874, 12.645496325039932, 176.80927098951798, 195.76385265727436, 28.790743621062287, 55.11948121650043, 42.052073972182555, 1.1439481352321061, 15.241839688015723, 117.57030522577452]]"
293,"[[(0, 2), (0, 27), (6, 11), (6, 24), (18, 13), (9, 2), (9, 20), (23, 8), (4, 3), (3, 29), (21, 12), (8, 14), (10, 22), (7, 9), (13, 28), (20, 25), (15, 25)]]","[[36.15761090385119, 158.05601973319824, 20.735969038644008, 160.09417894112636, 77.94231370254644, 46.47596016201494, 134.01839782672835, 172.24457148563414, 24.556609728453378, 497.17699176005806, 175.65835165280208, 31.69264067819593, 180.47146220768835, 40.33215393628092, 22.271076526026466, 7.950135064145449, 134.04276440612313]]"
294,"[[(0, 2), (0, 27), (6, 11), (6, 24), (18, 13), (9, 2), (9, 20), (23, 8), (4, 3), (3, 29), (21, 12), (8, 14), (10, 22), (7, 9), (13, 28), (20, 25), (15, 25)]]","[[39.871091868802516, 55.079852984977165, 25.592537931633387, 143.05053446141613, 117.74014166712873, 30.267541254786867, 102.27349825039506, 335.1304386874699, 26.528674388842767, 190.5105177280959, 152.47905311399694, 24.903297458531313, 81.51727646614299, 26.538493408223726, 27.797364821090728, 4.840702762685785, 133.72587184006525]]"
295,"[[(0, 2), (0, 27), (6, 11), (6, 24), (18, 13), (9, 2), (9, 20), (23, 8), (4, 3), (3, 29), (21, 12), (8, 14), (10, 22), (7, 9), (13, 28), (20, 25), (15, 25)]]","[[26.858842309127375, 196.27731567883734, 27.43595344960176, 81.87126348195372, 129.58637911306886, 6.014211519841511, 84.9794184432811, 198.8280535758035, 30.64532348647254, 614.3345965347693, 163.11980598130114, 35.582692015062904, 91.12193813680877, 48.46450040335776, 9.080901435369054, 11.295935856781075, 127.02024928488802]]"
296,"[[(0, 2), (0, 27), (6, 11), (6, 24), (18, 13), (9, 2), (9, 20), (23, 8), (4, 3), (3, 29), (21, 12), (8, 14), (10, 22), (7, 9), (13, 28), (20, 25), (15, 25)]]","[[25.20123624603663, 104.65068438261765, 27.579105940311237, 133.60715411630468, 85.28949107466832, 50.61662932311573, 80.88294550621194, 9.24686335223739, 25.658356759504837, 157.04326574199337, 172.01496109132543, 24.193112007348727, 73.5656182282081, 30.237719452961144, 44.87143495761499, 19.71342089528715, 123.57251038607106]]"
297,"[[(0, 2), (0, 27), (6, 11), (6, 24), (18, 13), (9, 2), (9, 20), (23, 8), (4, 3), (3, 29), (21, 12), (8, 14), (10, 22), (7, 9), (13, 28), (20, 25), (15, 25)]]","[[24.702272643927277, 222.88496889737368, 22.311927870700437, 83.62194139242818, 112.52772625677683, 34.89044597410823, 159.5247281714756, 83.51877448005038, 14.795238117721173, 272.4084266446664, 147.6110237339602, 39.57384089643851, 152.99905302459447, 32.69912515993233, 36.40469837406022, 13.417323882453045, 124.98464658887877]]"
298,"[[(0, 2), (0, 27), (6, 11), (6, 24), (18, 13), (9, 2), (9, 20), (23, 8), (4, 3), (3, 29), (21, 12), (8, 14), (10, 22), (7, 9), (13, 28), (20, 25), (15, 25)]]","[[36.71866679937632, 157.56211721142506, 21.970439739063586, 148.41737909473247, 33.208268248700875, 4.280406806006775, 173.76509994294406, 287.28022288397005, 30.30768313915123, 173.33758882499598, 158.30640469852818, 20.015103492493427, 168.61187769219487, 53.986722682173074, 27.739596327936635, 17.38531571731605, 111.09677314190066]]"
299,"[[(0, 2), (0, 27), (6, 11), (6, 24), (18, 13), (9, 2), (9, 20), (23, 8), (4, 3), (3, 29), (21, 12), (8, 14), (10, 22), (7, 9), (13, 28), (20, 25), (15, 25)]]","[[24.208491372055924, 177.46224335015378, 20.598579279008245, 71.66784095112108, 89.39166631656525, 25.501519052015148, 228.8814952168191, 346.2203139374507, 16.081766646889555, 190.14829519249517, 174.4129411253624, 30.06073914718721, 165.20698691910025, 43.626076567638044, 6.988308605547084, 15.42048702298958, 110.51638464099244]]"
300,"[[(0, 2), (0, 27), (6, 11), (6, 24), (18, 13), (9, 2), (9, 20), (23, 8), (4, 3), (3, 29), (21, 12), (8, 14), (10, 22), (7, 9), (13, 28), (20, 25), (15, 25)]]","[[29.560603800515352, 221.33219900192702, 29.52258538328219, 138.25304925650045, 148.70611398094982, 7.265890994261804, 100.3955544896067, 326.01920822437813, 27.49812032539089, 29.365591922132616, 170.46277830772777, 25.236967358916043, 138.42946290656516, 23.04299633141588, 27.52998765239604, 8.439397252371908, 129.54209990480683]]"
301,"[[(0, 2), (0, 27), (6, 11), (6, 24), (18, 13), (9, 2), (9, 20), (23, 8), (4, 3), (3, 29), (21, 12), (8, 14), (10, 22), (7, 9), (13, 28), (20, 25), (15, 25)]]","[[41.71592626298218, 125.99657925268406, 28.613557985799666, 150.85346678036896, 81.9298504892445, 33.21738142219468, 112.9422231714386, 141.31854709812558, 29.041498106684546, 206.28068848817318, 160.91146259710573, 40.36069232181751, 169.6109380991882, 31.4289213658951, 7.281639524885306, 15.318501183070563, 99.24909699467013]]"
302,"[[(0, 2), (0, 27), (6, 11), (6, 24), (18, 13), (9, 2), (9, 20), (23, 8), (4, 3), (3, 29), (21, 12), (8, 14), (10, 22), (7, 9), (13, 28), (20, 25), (15, 25)]]","[[34.619597529627896, 152.78032667240433, 28.501417892478493, 164.2030543289473, 93.14034911645749, 13.120757056176872, 187.54197029140866, 323.4887170103649, 15.59514471632529, 527.8494194419409, 165.04242926196997, 35.51013062721937, 148.4179338695836, 52.389686231961164, 18.783911464818157, 18.45196999482694, 108.79562097141076]]"
303,"[[(0, 2), (0, 27), (6, 11), (6, 24), (18, 13), (9, 2), (9, 20), (23, 8), (4, 3), (3, 29), (21, 12), (8, 14), (10, 22), (7, 9), (13, 28), (20, 25), (15, 25)]]","[[28.063996919106984, 207.41416341293603, 26.422033050566615, 110.0649415131017, 92.23449592057922, 15.919662966262873, 94.32457632390472, 107.0583469935141, 30.503391981165464, 331.1564116620645, 157.46260192418828, 23.6438309420207, 84.29891277442383, 52.212806184036744, 1.2600548082057261, 19.490658442213338, 113.97292569643466]]"
304,"[[(0, 2), (0, 27), (6, 11), (6, 24), (18, 13), (9, 2), (9, 20), (23, 8), (4, 3), (3, 29), (21, 12), (8, 14), (10, 22), (7, 9), (13, 28), (20, 25), (15, 25)]]","[[34.14427808194014, 176.30870027687538, 22.636062377879995, 119.55489220643804, 111.54304523481805, 22.88560646761667, 79.88487103039401, 17.676174395937053, 11.454709186653062, 309.4743717770086, 171.5970308425774, 23.43183264933223, 190.22304202897433, 41.630419951528935, 34.221010791227634, 17.30380319764113, 101.86348524066234]]"
305,"[[(0, 2), (0, 27), (6, 11), (6, 24), (18, 13), (9, 2), (9, 20), (23, 8), (4, 3), (3, 29), (21, 12), (8, 14), (10, 22), (7, 9), (13, 28), (20, 25), (15, 25)]]","[[38.505923724092696, 194.75548147397646, 21.148059878316175, 151.55777690799772, 100.12100584498121, 22.481553864080002, 129.57107274114136, 27.355569871552785, 26.61415638940521, 587.1616913487541, 172.06066201539142, 34.131816647843024, 185.18131952845937, 25.998005637186395, 15.65584101167291, 10.733981621056635, 133.39195541479108]]"
306,"[[(0, 2), (0, 27), (6, 11), (6, 24), (18, 13), (9, 2), (9, 20), (23, 8), (4, 3), (3, 29), (21, 12), (8, 14), (10, 22), (7, 9), (13, 28), (20, 25), (15, 25)]]","[[25.241926732036887, 204.33618378341217, 29.3831004309966, 138.02147857406067, 92.3155424207362, 9.935956516914846, 150.15004983383184, 260.8361188875676, 21.624523457383205, 656.5188771466009, 164.76546477165243, 41.03844356835768, 144.92343978262545, 51.5474228466503, 26.513099233060743, 11.851056155786624, 132.20601090088522]]"
307,"[[(0, 2), (0, 27), (6, 11), (6, 24), (18, 13), (9, 2), (9, 20), (23, 8), (4, 3), (3, 29), (21, 12), (8, 14), (10, 22), (7, 9), (13, 28), (20, 25), (15, 25)]]","[[28.30144100203311, 68.34014774760175, 26.21545236347758, 156.52940638157858, 134.7369770309003, 75.36247356971494, 201.54947348711462, 75.54450121819909, 23.470121135393043, 155.9040445936603, 146.01990193423592, 18.39754654461931, 48.94970665614124, 46.9563429137697, 37.768357955444316, 11.552369548992335, 100.03463024540918]]"
308,"[[(0, 2), (0, 27), (6, 11), (6, 24), (18, 13), (9, 2), (9, 20), (23, 8), (4, 3), (3, 29), (21, 12), (8, 14), (10, 22), (7, 9), (13, 28), (20, 25), (15, 25)]]","[[26.330674471207402, 134.18850747751694, 23.138350993613333, 162.78160616969728, 138.49447023844147, 74.53851369840591, 213.39748787791956, 31.231925769204302, 16.57953912804138, 316.51009288921887, 176.90380692568823, 20.012938794489763, 151.59482202049315, 44.96453206042381, 37.02996003760329, 14.135943532437953, 131.00517464785494]]"
309,"[[(0, 2), (0, 27), (6, 11), (6, 24), (18, 13), (9, 2), (9, 20), (23, 8), (4, 3), (3, 29), (21, 12), (8, 14), (10, 22), (7, 9), (13, 28), (20, 25), (15, 25)]]","[[42.42089974521513, 192.68521838066107, 22.653409018000147, 151.45580583193953, 151.95039117556126, 26.826374761177817, 125.17254215399828, 234.12688212185327, 12.126869219693198, 323.2551401380789, 188.87418241271524, 36.54434587613131, 186.05580450461076, 33.81719441534512, 39.018310462410604, 13.405924243231304, 106.68253219692903]]"
310,"[[(0, 2), (0, 27), (6, 11), (6, 24), (18, 13), (9, 2), (9, 20), (23, 8), (4, 3), (3, 29), (21, 12), (8, 14), (10, 22), (7, 9), (13, 28), (20, 25), (15, 25)]]","[[41.564188572557725, 218.3002645994832, 28.823028962366585, 105.2909735226621, 46.811081040058426, 44.72132424161046, 73.68897615166298, 258.2117035439245, 14.03120253866013, 632.3681559340291, 171.53651252671443, 21.697518989673693, 127.44221367803873, 21.266839328207517, 29.856112425198674, 11.175795956195614, 124.98895770292768]]"
311,"[[(0, 2), (0, 27), (6, 11), (6, 24), (18, 13), (9, 2), (9, 20), (23, 8), (4, 3), (3, 29), (21, 12), (8, 14), (10, 22), (7, 9), (13, 28), (20, 25), (15, 25)]]","[[32.20864161458977, 162.62112006298915, 22.9162170715956, 114.6229534459243, 44.16729011927461, 58.836523394877574, 251.00244440734903, 35.93814554440653, 21.56262213836225, 44.1231979149406, 196.04586768561808, 46.35630977462819, 193.7269986715064, 28.052798142319197, 10.02120963478948, 11.63972685073443, 106.07192197901227]]"
312,"[[(0, 2), (0, 27), (6, 11), (6, 24), (18, 13), (9, 2), (9, 20), (23, 8), (4, 3), (3, 29), (21, 12), (8, 14), (10, 22), (7, 9), (13, 28), (20, 25), (15, 25)]]","[[33.314712350173366, 87.03286825122444, 25.54840324872177, 69.79662340992213, 139.07189875050216, 9.080521188301136, 116.12843017641681, 136.11548223653594, 19.488496101278376, 249.2638717709199, 148.41710215528468, 46.91684650511823, 140.54668125132508, 32.78371392337894, 31.896516952765523, 15.675444740080172, 100.89607964717567]]"
313,"[[(0, 2), (0, 27), (6, 11), (6, 24), (18, 13), (9, 2), (9, 20), (23, 8), (4, 3), (3, 29), (21, 12), (8, 14), (10, 22), (7, 9), (13, 28), (20, 25), (15, 25)]]","[[38.51341129728844, 171.24726845488073, 27.1192637450439, 86.64388859180299, 52.2335510237331, 73.75089943780137, 145.38166118981036, 18.192563925463247, 16.6637917042031, 189.1500507576079, 165.78015103805757, 29.42422806416637, 173.97452698915725, 24.589714491361928, 40.32448924985478, 7.034233644194073, 112.59247915969465]]"
314,"[[(0, 2), (0, 27), (6, 11), (6, 24), (18, 13), (9, 2), (9, 20), (23, 8), (4, 3), (3, 29), (21, 12), (8, 14), (10, 22), (7, 9), (13, 28), (20, 25), (15, 25)]]","[[35.665698772255894, 225.08348764890383, 27.470441888356735, 91.74764600795876, 92.68123268455209, 71.2069063798605, 248.09095379186664, 322.5869887979982, 10.756695019944548, 309.5139844715598, 166.20174199925805, 20.630122029837665, 105.67814192342811, 41.132832271638804, 6.639746169570259, 18.69703932657209, 134.80109492838795]]"
315,"[[(0, 2), (0, 27), (6, 11), (6, 24), (18, 13), (9, 2), (9, 20), (23, 8), (4, 3), (3, 29), (21, 12), (8, 14), (10, 22), (7, 9), (13, 28), (20, 25), (15, 25)]]","[[34.992132936920996, 157.85967142010148, 22.300214820558526, 131.43694921354157, 137.46793884282206, 48.539358613074384, 221.71401080465373, 152.18094803793738, 26.70188438618997, 212.5375620969582, 153.2654979793821, 30.689756389522728, 143.47585197074648, 45.42558041266727, 43.24902183404744, 13.404827841961191, 112.04074221729964]]"
316,"[[(0, 2), (0, 27), (6, 11), (6, 24), (18, 13), (9, 2), (9, 20), (23, 8), (4, 3), (3, 29), (21, 12), (8, 14), (10, 22), (7, 9), (13, 28), (20, 25), (15, 25)]]","[[39.04092817105585, 124.16381726265134, 20.012726292870433, 85.94312178471048, 113.21480008766613, 66.16014894112004, 203.6394728009953, 271.42770130205605, 30.441550604082863, 21.293383006492945, 174.63961705983124, 45.71546388240466, 85.32661114975618, 41.87225173221739, 16.387424662533405, 5.972340602269723, 124.27133980237173]]"
317,"[[(0, 2), (0, 27), (6, 11), (6, 24), (18, 13), (9, 2), (9, 20), (23, 8), (4, 3), (3, 29), (21, 12), (8, 14), (10, 22), (7, 9), (13, 28), (20, 25), (15, 25)]]","[[24.625663935472474, 166.40290440193968, 24.869999401975463, 138.4001441235061, 64.20545086073021, 74.81553338973768, 152.31613803387904, 155.0746421726049, 29.726386696903962, 641.8020362192706, 152.49273313263916, 28.509518995217903, 46.71647127421664, 28.980665175031294, 18.789910486664322, 16.01386355874445, 115.98382184875717]]"
318,"[[(0, 2), (0, 27), (6, 11), (6, 24), (18, 13), (9, 2), (9, 20), (23, 8), (4, 3), (3, 29), (21, 12), (8, 14), (10, 22), (7, 9), (13, 28), (20, 25), (15, 25)]]","[[30.499624819512103, 195.27067780862038, 29.823654673823693, 88.62661290985825, 137.31155106578356, 30.969204236895138, 104.34088422897975, 81.88164793962413, 28.818533346149383, 617.0677897453619, 189.28120604211787, 24.122911059464865, 173.8287099406649, 22.487521234823525, 19.942312712478092, 18.59283283030642, 129.3773691700938]]"
319,"[[(0, 2), (0, 27), (6, 11), (6, 24), (18, 13), (9, 2), (9, 20), (23, 8), (4, 3), (3, 29), (21, 12), (8, 14), (10, 22), (7, 9), (13, 28), (20, 25), (15, 25)]]","[[26.799736065114377, 99.64008106600087, 28.192264690774543, 115.12739975082309, 136.5610031576308, 59.433540456615205, 96.10768206491498, 204.92804634861642, 19.739588823634385, 56.327435240701355, 182.02884624498955, 37.90739303192428, 164.68054165691933, 25.466777327201005, 10.14981849961962, 4.2972860631537095, 104.01592125409391]]"
320,"[[(0, 2), (0, 27), (6, 11), (6, 24), (18, 13), (9, 2), (9, 20), (23, 8), (4, 3), (3, 29), (21, 12), (8, 14), (10, 22), (7, 9), (13, 28), (20, 25), (15, 25)]]","[[31.366155169165296, 90.69889979196554, 27.15566845185641, 129.58174344161148, 67.66209988420648, 15.090440431886318, 144.3849372528739, 270.47424322235355, 29.512136387875824, 657.6974892358843, 183.86437313164075, 22.01001780451866, 153.36868171585542, 45.35420558635629, 2.4289432516055287, 6.463668818812982, 129.63514185476072]]"
321,"[[(0, 2), (0, 27), (6, 11), (6, 24), (18, 13), (9, 2), (9, 20), (23, 8), (4, 3), (3, 29), (21, 12), (8, 14), (10, 22), (7, 9), (13, 28), (20, 25), (15, 25)]]","[[26.193614901995495, 184.49854763048873, 22.69295793456684, 152.94391766781706, 125.44701626231773, 69.24997290936972, 154.5249367874299, 356.99299157993914, 26.762437816654423, 516.9456954423619, 188.54365440019413, 20.433064988438893, 126.94639700463591, 29.622465547110963, 12.709472629515163, 16.623541439187857, 125.54051579000247]]"
322,"[[(0, 2), (0, 27), (6, 11), (6, 24), (18, 13), (9, 2), (9, 20), (23, 8), (4, 3), (3, 29), (21, 12), (8, 14), (10, 22), (7, 9), (13, 28), (20, 25), (15, 25)]]","[[30.34002574663166, 70.86748949073299, 23.509942825705675, 130.06845267491815, 34.016837637330525, 26.509284968616154, 250.43136565144377, 305.81517666566907, 18.37639499973554, 344.47884693721556, 166.8377326889561, 39.84321044249786, 72.34544854494914, 47.14819980821727, 44.76037432808298, 17.36593168004929, 126.9579652692283]]"
323,"[[(0, 2), (0, 27), (6, 11), (6, 24), (18, 13), (9, 2), (9, 20), (23, 8), (4, 3), (3, 29), (21, 12), (8, 14), (10, 22), (7, 9), (13, 28), (20, 25), (15, 25)]]","[[36.422305124332794, 171.95267755010946, 25.28651924165513, 152.48559795272746, 120.84991641708514, 71.39147225864401, 215.79022750545653, 234.32529348720027, 20.712138177032763, 664.6980450287197, 188.35162567776555, 21.534606585105106, 120.14862293635198, 51.79332846587702, 39.48147205524139, 14.889663029300493, 114.93124223390328]]"
324,"[[(0, 2), (0, 27), (6, 11), (6, 24), (18, 13), (9, 2), (9, 20), (23, 8), (4, 3), (3, 29), (21, 12), (8, 14), (10, 22), (7, 9), (13, 28), (20, 25), (15, 25)]]","[[32.335465720255115, 83.39199590658174, 24.416199497919834, 91.37422978260393, 96.44929058358393, 59.14335613559755, 97.39709459353475, 132.50955288263668, 12.123599489508646, 275.9988768890597, 189.25351911779654, 29.838323381261937, 173.97456661710794, 34.9493083155704, 45.62297121001139, 11.88643800324061, 121.81774376167594]]"
325,"[[(0, 2), (0, 27), (6, 11), (6, 24), (18, 13), (9, 2), (9, 20), (23, 8), (4, 3), (3, 29), (21, 12), (8, 14), (10, 22), (7, 9), (13, 28), (20, 25), (15, 25)]]","[[36.33340118562438, 137.66120742957213, 22.19691468939702, 146.30531166322294, 149.05052235121912, 12.56087190734805, 96.84834731179212, 18.23419490919713, 18.79721151756542, 408.43442237041387, 190.86478575228085, 31.438442982704046, 162.33271858434694, 34.96706259679002, 23.159307962245915, 13.210742017931466, 124.18145621276564]]"
326,"[[(0, 2), (0, 27), (6, 11), (6, 24), (18, 13), (9, 2), (9, 20), (23, 8), (4, 3), (3, 29), (21, 12), (8, 14), (10, 22), (7, 9), (13, 28), (20, 25), (15, 25)]]","[[26.957518922977627, 134.39405547435553, 23.804920719555746, 97.25693302164919, 143.92584335239377, 30.048310817741267, 106.24491598199337, 183.6979410909175, 13.646285955654704, 637.5267498834238, 177.57636651860065, 45.549671243702406, 169.23844438078174, 21.291435743942262, 33.58146614909127, 16.48826109560442, 121.31064292575005]]"
327,"[[(0, 2), (0, 27), (6, 11), (6, 24), (18, 13), (9, 2), (9, 20), (23, 8), (4, 3), (3, 29), (21, 12), (8, 14), (10, 22), (7, 9), (13, 28), (20, 25), (15, 25)]]","[[42.0651991306209, 148.4623477485937, 26.27686733361261, 105.33765214800093, 77.31079681424805, 33.38043572404406, 114.16614154777463, 316.4104938269962, 20.327604129852343, 154.69748404224853, 169.88237695811347, 18.76736858763574, 43.11535988739492, 27.751607701589812, 4.5005250717871, 9.996998167660061, 130.29893548639205]]"
328,"[[(0, 2), (0, 27), (6, 11), (6, 24), (18, 13), (9, 2), (9, 20), (23, 8), (4, 3), (3, 29), (21, 12), (8, 14), (10, 22), (7, 9), (13, 28), (20, 25), (15, 25)]]","[[24.393006011160615, 222.98086538275496, 23.167472038452686, 151.36053406042447, 134.74451157887995, 40.61387184995347, 134.4718535602346, 149.47705637396763, 28.163056257284236, 230.89025065352226, 174.93804191672447, 45.7553542483367, 95.72784439323607, 32.50128981949708, 31.303576608454065, 14.305847028692124, 124.88679288763541]]"
329,"[[(0, 2), (0, 27), (6, 11), (6, 24), (18, 13), (9, 2), (9, 20), (23, 8), (4, 3), (3, 29), (21, 12), (8, 14), (10, 22), (7, 9), (13, 28), (20, 25), (15, 25)]]","[[35.60355130240213, 118.00623359983851, 29.860626428987974, 117.22493811752936, 43.796431527422044, 17.68442891743487, 161.08326953975364, 41.103899904965125, 10.960655847460982, 571.2048731935832, 195.94019971811912, 18.00968895447887, 79.69866118426651, 26.527124729039123, 6.7372038163407435, 18.342236751358648, 115.0489364521205]]"
330,"[[(0, 2), (0, 27), (6, 11), (6, 24), (18, 13), (9, 2), (9, 20), (23, 8), (4, 3), (3, 29), (21, 12), (8, 14), (10, 22), (7, 9), (13, 28), (20, 25), (15, 25)]]","[[34.09103219265657, 153.60812394356662, 25.353451511232805, 77.14045058199314, 115.21945303241044, 64.74823420325308, 236.20856630234871, 250.5930463759939, 14.498236011492267, 432.6498768677222, 163.27251787844068, 32.324429590717166, 48.1253417963468, 53.93559775205135, 27.608971926274247, 10.869861036540824, 133.62613817915627]]"
331,"[[(0, 2), (0, 27), (6, 11), (6, 24), (18, 13), (9, 2), (9, 20), (23, 8), (4, 3), (3, 29), (21, 12), (8, 14), (10, 22), (7, 9), (13, 28), (20, 25), (15, 25)]]","[[23.92074751739198, 137.74396938240287, 27.203295730903193, 163.9854627059832, 59.05502940693596, 28.518863484232828, 144.3871069576599, 48.37090124969058, 17.73877722976472, 276.252341898481, 184.614992031768, 46.475267067555485, 96.25897632225758, 29.326227072572486, 7.2204275191340646, 18.11005003809484, 104.46541189612975]]"
332,"[[(0, 2), (0, 27), (6, 11), (6, 24), (18, 13), (9, 2), (9, 20), (23, 8), (4, 3), (3, 29), (21, 12), (8, 14), (10, 22), (7, 9), (13, 28), (20, 25), (15, 25)]]","[[37.542876750811345, 146.2977943934374, 24.967562939721816, 92.76417225932919, 122.33630791927415, 51.580491846739704, 196.55361606236477, 7.819154179868241, 18.838024892293397, 526.311867406641, 162.59904531732298, 42.94248370781267, 111.63417018521541, 20.829613936284343, 21.916424409152008, 10.895330700300685, 116.50465954004459]]"
333,"[[(0, 2), (0, 27), (6, 11), (6, 24), (18, 13), (9, 2), (9, 20), (23, 8), (4, 3), (3, 29), (21, 12), (8, 14), (10, 22), (7, 9), (13, 28), (20, 25), (15, 25)]]","[[33.864145423251, 80.24101019202016, 20.649872305752027, 108.23791410036776, 32.674142916691814, 65.76653466151501, 240.46787908019863, 327.9708719104379, 27.467243814438568, 39.84651598582549, 182.03340768592903, 22.26784540158468, 159.69909622759596, 21.07779352076471, 27.363864742425275, 5.040309089125698, 116.36834218170246]]"
334,"[[(0, 2), (0, 27), (6, 11), (6, 24), (18, 13), (9, 2), (9, 20), (23, 8), (4, 3), (3, 29), (21, 12), (8, 14), (10, 22), (7, 9), (13, 28), (20, 25), (15, 25)]]","[[28.316125031668587, 105.39627587198166, 27.286492845680932, 118.77313723200743, 146.9792126562899, 8.639091692120111, 219.60309015624054, 47.1979868613188, 20.66703095621219, 340.523278653301, 152.1507230837743, 38.81983332390095, 83.23318827918656, 47.61564256430421, 30.432521779279472, 7.415546644815837, 118.16342648319642]]"
335,"[[(0, 2), (0, 27), (6, 11), (6, 24), (18, 13), (9, 2), (9, 20), (23, 8), (4, 3), (3, 29), (21, 12), (8, 14), (10, 22), (7, 9), (13, 28), (20, 25), (15, 25)]]","[[40.84386741667236, 61.93062176943768, 23.561436621873554, 87.45070659188092, 57.81933455543982, 32.85894648387796, 114.8220970758164, 20.410328363593308, 9.907458174450364, 136.9322516263753, 164.11988406341223, 28.42710784895053, 95.89407724097642, 47.213616426280765, 35.42234204935734, 18.07302015907004, 105.46314409451095]]"
336,"[[(0, 2), (0, 27), (6, 11), (6, 24), (18, 13), (9, 2), (9, 20), (23, 8), (4, 3), (3, 29), (21, 12), (8, 14), (10, 22), (7, 9), (13, 28), (20, 25), (15, 25)]]","[[38.74844448619396, 206.52643072496667, 20.193072083605852, 89.28500299279636, 116.58646974418572, 40.56863754977019, 204.57652698451406, 277.08329280679544, 13.342635447203646, 66.4117454356992, 162.44853995590796, 22.487121092093382, 132.57655774675686, 51.438636261041346, 5.899431409068598, 5.265244789478148, 111.33208194082404]]"
337,"[[(0, 2), (0, 27), (6, 11), (6, 24), (18, 13), (9, 2), (9, 20), (23, 8), (4, 3), (3, 29), (21, 12), (8, 14), (10, 22), (7, 9), (13, 28), (20, 25), (15, 25)]]","[[26.115911385362452, 207.68291049813786, 24.39903877158561, 153.22884084986055, 22.82465345377642, 45.08559448704359, 159.64904139241636, 336.91150721636325, 25.19528149688317, 449.2145236308289, 168.27727688898025, 45.450822842916054, 173.1737418415899, 26.129732515829314, 28.947816047350518, 17.820991111668047, 117.9428427787442]]"
338,"[[(0, 2), (0, 27), (6, 11), (6, 24), (18, 13), (9, 2), (9, 20), (23, 8), (4, 3), (3, 29), (21, 12), (8, 14), (10, 22), (7, 9), (13, 28), (20, 25), (15, 25)]]","[[33.276819010094314, 81.5110697546299, 25.05426746649443, 142.03422411985582, 150.33857914041272, 38.37627717406031, 177.6135957417186, 51.430890434625596, 16.08568383757792, 440.4159030764972, 172.65380624071176, 40.38125265382373, 79.235396630378, 48.486309774569044, 43.93236440156136, 11.24692691730179, 127.28727717723521]]"
339,"[[(0, 2), (0, 27), (6, 11), (6, 24), (18, 13), (9, 2), (9, 20), (23, 8), (4, 3), (3, 29), (21, 12), (8, 14), (10, 22), (7, 9), (13, 28), (20, 25), (15, 25)]]","[[23.638530248953796, 89.36144578750252, 28.697284130162213, 117.25069537957772, 79.59501656052518, 66.0175318442936, 141.0317254004216, 150.01113661571748, 14.247078557384363, 66.7044262960435, 189.49678174388742, 19.26761415869074, 113.39157928041446, 31.867190706276325, 10.310155362318248, 18.328001818783747, 121.13547752596541]]"
340,"[[(0, 2), (0, 27), (6, 11), (6, 24), (18, 13), (9, 2), (9, 20), (23, 8), (4, 3), (3, 29), (21, 12), (8, 14), (10, 22), (7, 9), (13, 28), (20, 25), (15, 25)]]","[[30.791106555080923, 78.83972697568599, 22.100643684593265, 140.88475903573243, 57.8983985803367, 64.17732465303331, 212.56885019699456, 174.17184312871808, 30.983580274590135, 493.37223547387424, 178.63248335190954, 40.51627433920042, 70.76109550325775, 31.386305074545678, 10.93569550451302, 12.16270458238052, 132.70967870772213]]"
341,"[[(0, 2), (0, 27), (6, 11), (6, 24), (18, 13), (9, 2), (9, 20), (23, 8), (4, 3), (3, 29), (21, 12), (8, 14), (10, 22), (7, 9), (13, 28), (20, 25), (15, 25)]]","[[32.88724850559314, 74.25573665832601, 21.141353929078047, 121.49093585935347, 119.23437071765667, 34.547273102250664, 146.14351112931905, 85.53735468959064, 10.937325594192833, 46.16538670453823, 173.1015117131928, 22.34914533927588, 134.85896416413163, 49.203374642404, 20.669132948578838, 9.637910683390432, 103.89622148697683]]"
342,"[[(0, 2), (0, 27), (6, 11), (6, 24), (18, 13), (9, 2), (9, 20), (23, 8), (4, 3), (3, 29), (21, 12), (8, 14), (10, 22), (7, 9), (13, 28), (20, 25), (15, 25)]]","[[41.74024653491958, 210.42544895276401, 23.783355109645132, 90.77357738455997, 142.0720119810197, 67.46754021433995, 234.98453436412328, 76.9533894531934, 13.94479936112739, 569.6181454816045, 189.30372828036198, 22.330589212832354, 176.38709671683634, 45.50481318027831, 31.725588635821477, 6.872332047101587, 128.97701324041103]]"
343,"[[(0, 2), (0, 27), (6, 11), (6, 24), (18, 13), (9, 2), (9, 20), (23, 8), (4, 3), (3, 29), (21, 12), (8, 14), (10, 22), (7, 9), (13, 28), (20, 25), (15, 25)]]","[[41.11841636090814, 168.4158238664403, 20.93371568577537, 94.09794034016824, 23.917653785378942, 34.52693280862763, 87.64785059573016, 143.57619829482073, 20.074818991335682, 179.68960167626943, 151.8854967677101, 28.84889521747658, 72.85412075232162, 28.355721397658893, 3.4434893033451974, 19.83545951182753, 100.00565191401984]]"
344,"[[(0, 2), (0, 27), (6, 11), (6, 24), (18, 13), (9, 2), (9, 20), (23, 8), (4, 3), (3, 29), (21, 12), (8, 14), (10, 22), (7, 9), (13, 28), (20, 25), (15, 25)]]","[[39.751671601655104, 120.36011321283101, 21.876595228576104, 137.12657489421258, 115.25537173444206, 6.801066915863209, 172.96932246626665, 84.782525939037, 13.531396392728386, 156.0349609091911, 147.62387067043952, 25.493345616088416, 143.8787468736018, 43.601325317181164, 25.065367456936123, 8.043884280703596, 127.75534292484298]]"
345,"[[(0, 2), (0, 27), (6, 11), (6, 24), (18, 13), (9, 2), (9, 20), (23, 8), (4, 3), (3, 29), (21, 12), (8, 14), (10, 22), (7, 9), (13, 28), (20, 25), (15, 25)]]","[[25.24666411137601, 96.2811151711147, 26.040302683968598, 136.3382580354679, 90.39620112615098, 51.49543510150295, 150.89852925124052, 330.77843866695343, 24.338399441537298, 262.6065443390977, 148.281279089175, 34.44652599764635, 114.00160270404201, 21.08126959517167, 35.28310650953131, 17.113165613089784, 121.453226788188]]"
346,"[[(0, 2), (0, 27), (6, 11), (6, 24), (18, 13), (9, 2), (9, 20), (23, 8), (4, 3), (3, 29), (21, 12), (8, 14), (10, 22), (7, 9), (13, 28), (20, 25), (15, 25)]]","[[42.80958376624495, 210.65902158643735, 29.42571592723759, 141.05114681681687, 78.39767800845542, 39.877104253329726, 162.92547847944337, 61.24993125534132, 25.025739312167367, 99.56702288213553, 160.67877087512437, 45.772753336726, 51.75855542458552, 52.08020147062477, 21.21806085323255, 13.791454387366631, 102.17159086058744]]"
347,"[[(0, 2), (0, 27), (6, 11), (6, 24), (18, 13), (9, 2), (9, 20), (23, 8), (4, 3), (3, 29), (21, 12), (8, 14), (10, 22), (7, 9), (13, 28), (20, 25), (15, 25)]]","[[41.517176009267736, 149.00551950722564, 21.245459350535423, 150.61588439252478, 130.68750608834182, 16.864197295559627, 157.3530523431586, 308.8507955105933, 24.464687108875175, 63.94170699967643, 176.41738251420068, 37.117503623299825, 170.12674449444364, 37.89923647393428, 2.5790680498316485, 16.325281337805382, 132.20624950696427]]"
348,"[[(0, 2), (0, 27), (6, 11), (6, 24), (18, 13), (9, 2), (9, 20), (23, 8), (4, 3), (3, 29), (21, 12), (8, 14), (10, 22), (7, 9), (13, 28), (20, 25), (15, 25)]]","[[24.691432000668936, 116.6040297895735, 27.895104360285593, 137.4338452848947, 34.65714359619933, 57.86110339808571, 130.02053590388877, 209.99084893132292, 23.50204490365033, 494.8075354549465, 166.7903945600645, 39.126939309774315, 59.672909260396736, 21.653650848060103, 35.74944785117218, 10.717010109256845, 123.3222328069945]]"
349,"[[(0, 2), (0, 27), (6, 11), (6, 24), (18, 13), (9, 2), (9, 20), (23, 8), (4, 3), (3, 29), (21, 12), (8, 14), (10, 22), (7, 9), (13, 28), (20, 25), (15, 25)]]","[[27.928003663020732, 95.72135941311774, 23.275519742518227, 135.21927017746833, 122.88190512903967, 30.98588785643235, 115.2706947421126, 156.49945291109378, 14.809393558867468, 288.8956081786217, 157.7847489423117, 20.40849477356891, 48.337299123562005, 34.030248894720245, 27.571144888241427, 15.064450336501714, 104.68589639990661]]"
350,"[[(0, 2), (0, 27), (6, 11), (6, 24), (18, 13), (9, 2), (9, 20), (23, 8), (4, 3), (3, 29), (21, 12), (8, 14), (10, 22), (7, 9), (13, 28), (20, 25), (15, 25)]]","[[23.892009701833487, 72.35743655910122, 22.47167990234451, 156.2216630087612, 116.29628472374714, 13.360060409247517, 93.50510456961214, 247.06777089357058, 25.68938001904431, 542.706288950073, 146.3840773318474, 28.0938818427992, 49.11829500862531, 19.22090968341428, 6.377626286760936, 15.102857839942526, 102.115022016725]]"
351,"[[(0, 2), (0, 27), (6, 11), (6, 24), (18, 13), (9, 2), (9, 20), (23, 8), (4, 3), (3, 29), (21, 12), (8, 14), (10, 22), (7, 9), (13, 28), (20, 25), (15, 25)]]","[[25.520889528671354, 213.44582526867825, 26.479728238109317, 109.19273647697894, 75.86145689906556, 10.939417680260398, 125.50969464103768, 110.81921704467436, 30.489924313693983, 108.45671120017394, 163.80525379122972, 23.43749310210958, 47.75060494506227, 43.130054067932996, 15.366441713096465, 15.386585812669313, 134.50172586552176]]"
352,"[[(0, 2), (0, 27), (6, 11), (6, 24), (18, 13), (9, 2), (9, 20), (23, 8), (4, 3), (3, 29), (21, 12), (8, 14), (10, 22), (7, 9), (13, 28), (20, 25), (15, 25)]]","[[36.519323835939886, 198.28717851813198, 26.19409842407924, 90.147585382334, 129.4876753891302, 13.212254599244254, 206.59767700402006, 210.91766551132199, 14.955391546889704, 94.80477965864269, 187.10733203848264, 27.334424964217337, 44.33463027024873, 34.0354756287232, 6.047356038975131, 18.318972782139245, 107.66950181131398]]"
353,"[[(0, 2), (0, 27), (6, 11), (6, 24), (18, 13), (9, 2), (9, 20), (23, 8), (4, 3), (3, 29), (21, 12), (8, 14), (10, 22), (7, 9), (13, 28), (20, 25), (15, 25)]]","[[24.13381234668429, 212.3655418964224, 27.646206773046565, 74.34616628483812, 55.54690468578786, 24.770523748664246, 199.78812817022293, 327.3547839064791, 15.521398134657744, 215.2279891520568, 188.01611700634743, 23.14312516701585, 103.778345166056, 38.933464612381286, 9.432200567088012, 15.494682986718216, 101.64831698283682]]"
354,"[[(0, 2), (0, 27), (6, 11), (6, 24), (18, 13), (9, 2), (9, 20), (23, 8), (4, 3), (3, 29), (21, 12), (8, 14), (10, 22), (7, 9), (13, 28), (20, 25), (15, 25)]]","[[23.793257791910527, 162.7323624612848, 28.55363719050657, 104.31318512498636, 90.88004724106032, 33.59480155853849, 235.22237284590406, 350.9067517076693, 15.013991991722142, 531.1631427989898, 191.29535369645427, 40.01278736186614, 192.04049261520893, 36.16303561531144, 38.930994360965, 13.089446928678232, 121.00168897633058]]"
355,"[[(0, 2), (0, 27), (6, 11), (6, 24), (18, 13), (9, 2), (9, 20), (23, 8), (4, 3), (3, 29), (21, 12), (8, 14), (10, 22), (7, 9), (13, 28), (20, 25), (15, 25)]]","[[40.834576497422965, 143.75692916585763, 21.85795717701393, 140.49201319610364, 44.99039049589905, 58.744413060170004, 72.63771916419287, 291.40894581003056, 29.09457933565583, 256.38327740389593, 159.50754571453027, 29.62312986517144, 180.44190761725162, 48.137578048272644, 21.630834708279735, 12.50714414313031, 127.8097160837157]]"
356,"[[(0, 2), (0, 27), (6, 11), (6, 24), (18, 13), (9, 2), (9, 20), (23, 8), (4, 3), (3, 29), (21, 12), (8, 14), (10, 22), (7, 9), (13, 28), (20, 25), (15, 25)]]","[[26.747308650442093, 160.71959005825937, 20.10471554155014, 82.50848746152413, 102.7820984093292, 51.630340600379675, 237.10709972821272, 254.35237337062995, 19.416669446209646, 53.91499609219154, 180.3408070065447, 30.348423685203166, 128.43351839837834, 40.42187702199904, 40.93884463385429, 18.336761581382508, 134.1541718545906]]"
357,"[[(0, 2), (0, 27), (6, 11), (6, 24), (18, 13), (9, 2), (9, 20), (23, 8), (4, 3), (3, 29), (21, 12), (8, 14), (10, 22), (7, 9), (13, 28), (20, 25), (15, 25)]]","[[29.984463029102475, 121.2446338310746, 25.48982075771627, 108.85167299585987, 96.94355700479494, 36.109884358932234, 100.510046054681, 183.6578433045939, 24.40941965664517, 44.05544872533362, 162.87900121397402, 21.731181347247688, 160.43004944611704, 38.38157026127118, 24.634871534610937, 9.775949404760969, 104.93476153387974]]"
358,"[[(0, 2), (0, 27), (6, 11), (6, 24), (18, 13), (9, 2), (9, 20), (23, 8), (4, 3), (3, 29), (21, 12), (8, 14), (10, 22), (7, 9), (13, 28), (20, 25), (15, 25)]]","[[37.69490743023206, 138.5475302500961, 23.208595920318636, 122.70290833286504, 86.76252111568603, 17.62494763267628, 118.71832378032961, 324.9074784316405, 27.35167698593247, 523.1446622806778, 160.94991259080533, 35.52427266056394, 130.59230264866622, 19.53193493587069, 45.80203689811728, 16.333401288392288, 109.83934967348007]]"
359,"[[(0, 2), (0, 27), (6, 11), (6, 24), (18, 13), (9, 2), (9, 20), (23, 8), (4, 3), (3, 29), (21, 12), (8, 14), (10, 22), (7, 9), (13, 28), (20, 25), (15, 25)]]","[[42.75841001367746, 86.20564055301452, 21.4349220788776, 101.53663940341676, 115.68245985505034, 6.296822169017826, 124.15585471815267, 216.17878093793482, 14.802066692327209, 156.1123641986064, 171.469279736174, 42.86817114995994, 107.40406613165565, 39.938292358977435, 9.425515723526564, 13.872752281745152, 102.42754041571841]]"
360,"[[(0, 2), (0, 27), (6, 11), (6, 24), (18, 13), (9, 2), (9, 20), (23, 8), (4, 3), (3, 29), (21, 12), (8, 14), (10, 22), (7, 9), (13, 28), (20, 25), (15, 25)]]","[[25.2954133561183, 56.645454273472346, 21.28867101007794, 79.67849822623829, 102.14766868025546, 42.145089926535626, 231.06492792894855, 303.69966018562167, 13.365848434743697, 586.4689058891553, 145.39047121427964, 40.810808695819034, 65.45921558889944, 34.16535217804877, 20.04402357491103, 17.996388608122906, 107.54488961364095]]"
361,"[[(0, 2), (0, 27), (6, 11), (6, 24), (18, 13), (9, 2), (9, 20), (23, 8), (4, 3), (3, 29), (21, 12), (8, 14), (10, 22), (7, 9), (13, 28), (20, 25), (15, 25)]]","[[41.64713776749017, 147.50402394907547, 20.882873853745025, 95.18533982141487, 128.27955110412813, 13.123615880297232, 182.4542230477677, 334.6526773361634, 21.978878582800412, 646.9362644360052, 179.82693370476989, 38.956361662430815, 135.32227908865883, 44.21235205692959, 3.1717454777791296, 5.6670032277810645, 115.60395553061434]]"
362,"[[(0, 2), (0, 27), (6, 11), (6, 24), (18, 13), (9, 2), (9, 20), (23, 8), (4, 3), (3, 29), (21, 12), (8, 14), (10, 22), (7, 9), (13, 28), (20, 25), (15, 25)]]","[[30.29476494398615, 152.68332824626657, 20.759383787018468, 108.03815061484397, 78.11482966826443, 76.83812548007093, 100.89576393970665, 37.41038391798525, 27.619413772176998, 285.5255572058988, 145.81372258139027, 24.0702694367582, 128.54877798074338, 43.89490740131339, 30.117099920382465, 5.708312660914386, 118.63495154592914]]"
363,"[[(0, 2), (0, 27), (6, 11), (6, 24), (18, 13), (9, 2), (9, 20), (23, 8), (4, 3), (3, 29), (21, 12), (8, 14), (10, 22), (7, 9), (13, 28), (20, 25), (15, 25)]]","[[36.703192100797295, 85.49641420144552, 24.942797723218575, 118.2516800322625, 136.6185932603064, 19.43437333746223, 129.1020204354993, 17.136543035900907, 11.763337136374197, 560.1356059997552, 186.02198615519026, 21.66661454737626, 73.98490549155214, 21.337456517790613, 38.508025186486734, 12.042170316952001, 106.85218946449798]]"
364,"[[(0, 2), (0, 27), (6, 11), (6, 24), (18, 13), (9, 2), (9, 20), (23, 8), (4, 3), (3, 29), (21, 12), (8, 14), (10, 22), (7, 9), (13, 28), (20, 25), (15, 25)]]","[[28.506328685260723, 205.96643739675463, 21.71781228722482, 156.3325947735907, 45.0185038910849, 9.069699158054162, 127.7528114043563, 221.94474390279834, 18.422308794215347, 253.3202495793245, 150.33280169975947, 31.461119965512857, 158.12955889841817, 52.13682594814098, 9.484333259857058, 16.020518022395144, 104.46415905229587]]"
365,"[[(0, 2), (0, 27), (6, 11), (6, 24), (18, 13), (9, 2), (9, 20), (23, 8), (4, 3), (3, 29), (21, 12), (8, 14), (10, 22), (7, 9), (13, 28), (20, 25), (15, 25)]]","[[40.63804626563221, 213.00521729119592, 24.505080329188793, 88.34250356256412, 38.27376133488396, 73.68416257011827, 121.22328107393555, 303.04506618627016, 15.593699991196276, 582.6249352207624, 165.48316802142622, 45.71306004812813, 119.10997673082176, 37.984368064232015, 4.130725842369635, 7.737994883325943, 118.21583392800511]]"
366,"[[(0, 2), (0, 27), (6, 11), (6, 24), (18, 13), (9, 2), (9, 20), (23, 8), (4, 3), (3, 29), (21, 12), (8, 14), (10, 22), (7, 9), (13, 28), (20, 25), (15, 25)]]","[[29.66540897262296, 93.11313730604348, 21.81309071586896, 78.32135767675217, 117.7552579051062, 67.42011929617252, 150.49262661475197, 323.7815975057968, 27.74589215892821, 666.2243256840611, 164.59884353718337, 41.10714161057588, 55.63586292364614, 51.11622415821947, 39.89915609612868, 16.31970611248781, 129.0861894645784]]"
367,"[[(0, 2), (0, 27), (6, 11), (6, 24), (18, 13), (9, 2), (9, 20), (23, 8), (4, 3), (3, 29), (21, 12), (8, 14), (10, 22), (7, 9), (13, 28), (20, 25), (15, 25)]]","[[28.974163949005288, 55.565349988378046, 26.288636235575442, 126.19215029216792, 129.33163205528956, 40.43871765754686, 242.35606802123476, 69.47882739565048, 15.375806821657854, 296.0824322331362, 182.18598989580295, 23.53415239949456, 176.43431203600676, 33.193310895667956, 7.368980473838757, 4.184976897576973, 116.98842220210517]]"
368,"[[(0, 2), (0, 27), (6, 11), (6, 24), (18, 13), (9, 2), (9, 20), (23, 8), (4, 3), (3, 29), (21, 12), (8, 14), (10, 22), (7, 9), (13, 28), (20, 25), (15, 25)]]","[[37.706162386859454, 91.74849879382637, 21.786204541320018, 162.49461724680197, 144.1142269544029, 31.43550628209, 153.5471182003759, 80.78024590936549, 14.047905555042696, 73.68797982743253, 194.6383654961959, 38.45247917869584, 53.85493992283195, 29.971378363671217, 4.083876434779111, 6.282459079980441, 108.78795681620164]]"
369,"[[(0, 2), (0, 27), (6, 11), (6, 24), (18, 13), (9, 2), (9, 20), (23, 8), (4, 3), (3, 29), (21, 12), (8, 14), (10, 22), (7, 9), (13, 28), (20, 25), (15, 25)]]","[[39.02624574673116, 207.72029138726896, 29.852997452297522, 160.6261261005896, 67.36867790789843, 60.132208091476144, 205.3476958569186, 180.8263083588319, 30.927434264554954, 317.2353618095401, 193.70743979199693, 25.627551271026434, 159.05795523687715, 19.32272105408415, 45.86964200645646, 16.995428452816874, 117.62333895023133]]"
370,"[[(0, 2), (0, 27), (6, 11), (6, 24), (18, 13), (9, 2), (9, 20), (23, 8), (4, 3), (3, 29), (21, 12), (8, 14), (10, 22), (7, 9), (13, 28), (20, 25), (15, 25)]]","[[33.97947595409977, 164.1278351432909, 27.50128009822113, 72.12916098796386, 113.03808726450995, 54.64621390665322, 77.73646260747539, 89.38358267324426, 11.644835351455761, 29.19342830696594, 172.99417186807906, 42.8399137269042, 55.23298100273348, 35.83006563472074, 20.548503759300623, 5.052165962764212, 118.63680208422682]]"
371,"[[(0, 2), (0, 27), (6, 11), (6, 24), (18, 13), (9, 2), (9, 20), (23, 8), (4, 3), (3, 29), (21, 12), (8, 14), (10, 22), (7, 9), (13, 28), (20, 25), (15, 25)]]","[[42.998190286220876, 139.78182636839668, 28.634529307818337, 128.90081793060062, 126.31925068584057, 67.24178690580962, 134.24163089255725, 42.484159699848725, 10.787456339068052, 266.160324352285, 161.21566600583003, 26.91635607384625, 106.96876000725514, 51.291275174960354, 5.158609134809025, 19.65352823841414, 100.1879467546278]]"
372,"[[(0, 2), (0, 27), (6, 11), (6, 24), (18, 13), (9, 2), (9, 20), (23, 8), (4, 3), (3, 29), (21, 12), (8, 14), (10, 22), (7, 9), (13, 28), (20, 25), (15, 25)]]","[[32.7890579947485, 84.63837943110926, 27.146610574210122, 152.49246330010237, 70.36893170012038, 12.710965132215154, 179.1111436186, 10.276287339454296, 9.888005071918647, 143.8563042842977, 164.10467994028716, 18.38766932569747, 157.51356483874932, 22.213240645236283, 32.30960235734651, 12.651614061369898, 110.23727390349879]]"
373,"[[(0, 2), (0, 27), (6, 11), (6, 24), (18, 13), (9, 2), (9, 20), (23, 8), (4, 3), (3, 29), (21, 12), (8, 14), (10, 22), (7, 9), (13, 28), (20, 25), (15, 25)]]","[[33.496578964530876, 154.77684784139194, 24.022638911931463, 143.1990511399001, 129.925400491898, 39.355665402331724, 88.05162057699991, 166.01958340262217, 26.938007633715998, 599.7866838924749, 178.48869961650746, 30.24974062243932, 155.42454660089123, 24.77816404433209, 5.807862083889053, 16.380938503449293, 126.3998629112346]]"
374,"[[(0, 2), (0, 27), (6, 11), (6, 24), (18, 13), (9, 2), (9, 20), (23, 8), (4, 3), (3, 29), (21, 12), (8, 14), (10, 22), (7, 9), (13, 28), (20, 25), (15, 25)]]","[[41.70265568720047, 185.52624262234096, 26.78193989878052, 110.33976607887834, 24.747826563944475, 34.54081312008799, 160.52136929947682, 113.81908751903495, 22.87366529626854, 461.3074352634844, 173.32031095537926, 46.444943534067875, 157.81210863337176, 31.990535730560836, 3.341052468160281, 10.320417291023853, 129.41231448441874]]"
375,"[[(0, 2), (0, 27), (6, 11), (6, 24), (18, 13), (9, 2), (9, 20), (23, 8), (4, 3), (3, 29), (21, 12), (8, 14), (10, 22), (7, 9), (13, 28), (20, 25), (15, 25)]]","[[31.596763276300564, 206.2872333939448, 20.877708051755558, 91.12217548710126, 72.19241010844368, 48.877842165973185, 250.09534278966413, 276.47048956404217, 28.2275711985322, 286.93294019139717, 190.03400642376383, 29.779215700414692, 101.06923149337496, 48.66134664023197, 9.970047616812124, 10.620046778430801, 114.96285743214865]]"
376,"[[(0, 2), (0, 27), (6, 11), (6, 24), (18, 13), (9, 2), (9, 20), (23, 8), (4, 3), (3, 29), (21, 12), (8, 14), (10, 22), (7, 9), (13, 28), (20, 25), (15, 25)]]","[[26.41010554817185, 163.74523338955183, 22.805650313305527, 109.5755802964023, 97.93350767169355, 34.573442905033, 171.60904244524465, 69.6754912655038, 9.488051702311322, 135.95051991565467, 167.48560220186204, 45.31884645451632, 192.5094853293886, 19.998367041300366, 45.52586133675235, 7.665621861860336, 130.31583114122273]]"
377,"[[(0, 2), (0, 27), (6, 11), (6, 24), (18, 13), (9, 2), (9, 20), (23, 8), (4, 3), (3, 29), (21, 12), (8, 14), (10, 22), (7, 9), (13, 28), (20, 25), (15, 25)]]","[[27.048802071206218, 164.57389654729093, 20.241668975902705, 70.28264013740984, 120.62489714328636, 57.177110058256254, 191.34202599412987, 352.817666966308, 13.165297259256343, 301.3430359076929, 186.5882923643113, 27.36855249957507, 138.63081987891826, 27.325292211099047, 14.940422099178777, 4.6367153962891, 115.74580154033697]]"
378,"[[(0, 2), (0, 27), (6, 11), (6, 24), (18, 13), (9, 2), (9, 20), (23, 8), (4, 3), (3, 29), (21, 12), (8, 14), (10, 22), (7, 9), (13, 28), (20, 25), (15, 25)]]","[[23.452456558501122, 155.437866875586, 26.657117032545685, 79.61584512772404, 134.0814314604085, 67.35421132751542, 160.60867480475747, 158.71959192367868, 26.231487461721166, 503.2419336445967, 158.30934842510345, 28.837997816497634, 49.65163463812677, 34.61158581500415, 5.902651997560474, 4.4599057631794885, 114.39011767446526]]"
379,"[[(0, 2), (0, 27), (6, 11), (6, 24), (18, 13), (9, 2), (9, 20), (23, 8), (4, 3), (3, 29), (21, 12), (8, 14), (10, 22), (7, 9), (13, 28), (20, 25), (15, 25)]]","[[23.85595002166822, 136.0786931010356, 24.042318884796213, 74.49450834883012, 118.37332090684731, 59.92407577301634, 117.81232713185582, 301.66924085712475, 27.813188890980477, 521.2253742701212, 173.4054401818852, 36.65113173679919, 109.30924346098932, 40.92700405739295, 5.891731453952252, 10.614158910322606, 119.4762788678959]]"
380,"[[(0, 2), (0, 27), (6, 11), (6, 24), (18, 13), (9, 2), (9, 20), (23, 8), (4, 3), (3, 29), (21, 12), (8, 14), (10, 22), (7, 9), (13, 28), (20, 25), (15, 25)]]","[[27.153235176072982, 224.48435538317383, 22.533429985280865, 159.5081816319518, 99.79035869208137, 32.65010390946918, 86.87025602713443, 312.7843607568178, 18.993356527383497, 465.62570302807995, 170.73856192727413, 37.420923980732525, 153.59158024365664, 29.54075630394425, 46.52430282268728, 16.746003524791206, 101.66258761258268]]"
381,"[[(0, 2), (0, 27), (6, 11), (6, 24), (18, 13), (9, 2), (9, 20), (23, 8), (4, 3), (3, 29), (21, 12), (8, 14), (10, 22), (7, 9), (13, 28), (20, 25), (15, 25)]]","[[36.57432460781748, 70.87990475596051, 27.974634970303427, 79.24640932552015, 128.4108279301579, 60.19926062198295, 214.47667505363012, 272.8390306005584, 21.205171056884428, 25.391258719859856, 172.64122592611, 43.453975798955895, 111.25185013644355, 28.015589990636656, 14.997643810257474, 4.582581721951454, 99.91443317827833]]"
382,"[[(0, 2), (0, 27), (6, 11), (6, 24), (18, 13), (9, 2), (9, 20), (23, 8), (4, 3), (3, 29), (21, 12), (8, 14), (10, 22), (7, 9), (13, 28), (20, 25), (15, 25)]]","[[26.236831516149202, 212.55311995648447, 22.496386044835756, 145.5400452009772, 21.63851852720324, 50.42128917614245, 113.72948797273857, 30.424474287940267, 18.33511246011025, 182.58072952945017, 192.89478349580145, 31.134311228554886, 95.24168768968492, 20.90098666554237, 21.728996631494354, 16.497203569334957, 122.22416925595876]]"
383,"[[(0, 2), (0, 27), (6, 11), (6, 24), (18, 13), (9, 2), (9, 20), (23, 8), (4, 3), (3, 29), (21, 12), (8, 14), (10, 22), (7, 9), (13, 28), (20, 25), (15, 25)]]","[[31.78880632216461, 177.84193881110446, 27.7653874852724, 164.46405223056394, 138.40852090706704, 12.556137402177926, 172.61458330320573, 90.6488207989754, 26.054525719790803, 23.837544600560726, 184.82071421663062, 32.82133547765663, 113.53463865646764, 37.24281477327274, 3.937804270508776, 12.958027166012405, 119.92124652201703]]"
384,"[[(0, 2), (0, 27), (6, 11), (6, 24), (18, 13), (9, 2), (9, 20), (23, 8), (4, 3), (3, 29), (21, 12), (8, 14), (10, 22), (7, 9), (13, 28), (20, 25), (15, 25)]]","[[35.26357432674778, 57.867368788163795, 26.382571785533372, 141.39207062624547, 22.148437293277375, 59.975743740385234, 123.16103767073008, 127.01187017905194, 26.267924966296228, 587.4457761788051, 146.69586151966348, 36.74147048946227, 170.24264961351798, 19.404573416795365, 20.199199338140048, 15.920075735808462, 117.73445973166955]]"
385,"[[(0, 2), (0, 27), (6, 11), (6, 24), (18, 13), (9, 2), (9, 20), (23, 8), (4, 3), (3, 29), (21, 12), (8, 14), (10, 22), (7, 9), (13, 28), (20, 25), (15, 25)]]","[[25.202109938436045, 141.4080636626706, 27.849230515682407, 78.21726968942933, 75.27103812989061, 64.16727004368477, 233.47652988950645, 326.49065235765386, 15.013160254813112, 454.4280589531142, 191.1744201700874, 38.55774053756357, 124.57870589446743, 28.5773984969937, 26.743754532503573, 4.353116968078071, 122.89759563074378]]"
386,"[[(0, 2), (0, 27), (6, 11), (6, 24), (18, 13), (9, 2), (9, 20), (23, 8), (4, 3), (3, 29), (21, 12), (8, 14), (10, 22), (7, 9), (13, 28), (20, 25), (15, 25)]]","[[30.592850909764778, 109.07497395310686, 20.52095008442705, 72.80127621693299, 53.42551488831243, 65.47156726963786, 188.50284575647225, 356.2860368271893, 11.568214487170295, 299.01088420161733, 182.4220436340468, 20.567122647378405, 105.82742619515, 29.327681969525457, 12.463013363157447, 5.895868549776715, 123.37150515059272]]"
387,"[[(0, 2), (0, 27), (6, 11), (6, 24), (18, 13), (9, 2), (9, 20), (23, 8), (4, 3), (3, 29), (21, 12), (8, 14), (10, 22), (7, 9), (13, 28), (20, 25), (15, 25)]]","[[35.232151588941804, 122.24813492970846, 27.930921792464883, 70.26809749217188, 33.39826477800425, 14.63708524999484, 238.69053242802923, 77.21777491601739, 24.241719541961437, 640.1434820150522, 151.80075735281653, 22.233127795313692, 108.08456554093921, 33.4206118623613, 4.759922299649176, 4.6407181332769305, 121.34939173156229]]"
388,"[[(0, 2), (0, 27), (6, 11), (6, 24), (18, 13), (9, 2), (9, 20), (23, 8), (4, 3), (3, 29), (21, 12), (8, 14), (10, 22), (7, 9), (13, 28), (20, 25), (15, 25)]]","[[41.416575426886084, 108.74056180686495, 23.235045401021317, 74.94402973258308, 50.83451250575205, 68.3829661823848, 241.16477762779388, 55.077204725734134, 24.713831612345786, 571.6207170335931, 166.02418128400478, 34.0970887737126, 116.69773248787956, 26.073662275696474, 7.3775230408297094, 18.939305324572054, 127.7501522581453]]"
389,"[[(0, 2), (0, 27), (6, 11), (6, 24), (18, 13), (9, 2), (9, 20), (23, 8), (4, 3), (3, 29), (21, 12), (8, 14), (10, 22), (7, 9), (13, 28), (20, 25), (15, 25)]]","[[32.39640122034932, 98.71165177449437, 22.451606706333965, 93.25759195449287, 100.42636945063539, 28.122497449482896, 108.20317513318388, 240.05657440542626, 12.238902706777465, 19.86938156058877, 155.0870639456175, 21.595233828718737, 127.90889178445683, 36.892048395916134, 2.4970796085850466, 13.1102440001858, 114.7168765580544]]"
390,"[[(0, 2), (0, 27), (6, 11), (6, 24), (18, 13), (9, 2), (9, 20), (23, 8), (4, 3), (3, 29), (21, 12), (8, 14), (10, 22), (7, 9), (13, 28), (20, 25), (15, 25)]]","[[40.30598321897911, 193.56887740937444, 29.807429271552337, 141.54903542052267, 129.75742979119747, 31.456941530329853, 99.55972242952345, 306.8412247227752, 12.873964047034217, 152.44095105912677, 150.4455792538767, 24.25678939486016, 160.27023759992477, 33.994616942135096, 10.434128694666242, 16.341546733701986, 128.11364209955912]]"
391,"[[(0, 2), (0, 27), (6, 11), (6, 24), (18, 13), (9, 2), (9, 20), (23, 8), (4, 3), (3, 29), (21, 12), (8, 14), (10, 22), (7, 9), (13, 28), (20, 25), (15, 25)]]","[[35.778678944965606, 142.41787224096848, 21.34004755181703, 154.87772012975637, 105.2820414745391, 54.481828509563414, 248.68669543558576, 68.82118067893853, 11.550118442579256, 464.63039987310333, 185.78519266380496, 36.38166859518523, 122.67966104729558, 31.955029998766978, 29.387952069673823, 9.506362579111668, 121.770002317031]]"
392,"[[(0, 2), (0, 27), (6, 11), (6, 24), (18, 13), (9, 2), (9, 20), (23, 8), (4, 3), (3, 29), (21, 12), (8, 14), (10, 22), (7, 9), (13, 28), (20, 25), (15, 25)]]","[[23.51194252203098, 220.62790830832256, 25.01141147789118, 83.16752390187645, 132.5765352210998, 73.68222678865536, 87.16328238872322, 128.5306045922301, 22.5755749703248, 215.02829089245967, 170.15879938501962, 40.032070826311184, 48.79749284537836, 49.61333855354529, 7.305533504655255, 13.705165043671242, 122.02903881262303]]"
393,"[[(0, 2), (0, 27), (6, 11), (6, 24), (18, 13), (9, 2), (9, 20), (23, 8), (4, 3), (3, 29), (21, 12), (8, 14), (10, 22), (7, 9), (13, 28), (20, 25), (15, 25)]]","[[29.71287810415457, 133.83253075217914, 21.169431310119617, 128.8882257388828, 93.64501900628795, 27.96631751449426, 123.40006549972101, 54.86247930373543, 16.309719754466265, 238.36857409790713, 194.0844318853707, 29.403377022601184, 190.21140306348684, 24.33080237520161, 31.51693961814661, 6.3258627162892775, 116.15868402825768]]"
394,"[[(0, 2), (0, 27), (6, 11), (6, 24), (18, 13), (9, 2), (9, 20), (23, 8), (4, 3), (3, 29), (21, 12), (8, 14), (10, 22), (7, 9), (13, 28), (20, 25), (15, 25)]]","[[42.51015345449727, 220.09266089146413, 23.614256826194627, 88.7187723950509, 138.26990885893386, 39.14154484504503, 196.94236350402753, 327.78973136663893, 18.624366619773703, 480.0769656010755, 159.1168890555158, 46.7564909095592, 60.54614940254478, 18.705973887955388, 11.09406073087226, 8.261494841102886, 134.26081206393576]]"
395,"[[(0, 2), (0, 27), (6, 11), (6, 24), (18, 13), (9, 2), (9, 20), (23, 8), (4, 3), (3, 29), (21, 12), (8, 14), (10, 22), (7, 9), (13, 28), (20, 25), (15, 25)]]","[[28.080953407079125, 116.61666194039145, 23.250361604832168, 158.656208732145, 79.99438892315982, 56.50920947863622, 197.25370064357813, 225.0631902797548, 12.912727214145393, 71.40945536342065, 151.48299837981298, 40.83255229393705, 69.51021465582983, 49.27316035176545, 3.8764368258430624, 19.168119606606695, 108.67859435792198]]"
396,"[[(0, 2), (0, 27), (6, 11), (6, 24), (18, 13), (9, 2), (9, 20), (23, 8), (4, 3), (3, 29), (21, 12), (8, 14), (10, 22), (7, 9), (13, 28), (20, 25), (15, 25)]]","[[29.277099479105928, 79.86046573451884, 20.603316480181267, 74.13794457837801, 82.55843027338587, 71.57711483581093, 172.8360513032087, 18.1547571085336, 15.87072491697269, 306.09209246526234, 155.6080417215083, 39.16390197269327, 150.02805650013863, 43.96017283771198, 45.06561444342919, 14.390587223880514, 134.19038768205135]]"
397,"[[(0, 2), (0, 27), (6, 11), (6, 24), (18, 13), (9, 2), (9, 20), (23, 8), (4, 3), (3, 29), (21, 12), (8, 14), (10, 22), (7, 9), (13, 28), (20, 25), (15, 25)]]","[[33.16805222254631, 77.85878423950935, 29.11731985897095, 154.92324130677383, 107.93514417267647, 70.4081202469328, 227.9251758163385, 257.1015893820708, 17.222301321026855, 628.1661122916684, 173.781660460282, 36.223129065227226, 79.76042530274117, 36.93492706399671, 1.7868973116777422, 10.3724549348354, 126.9938695560407]]"
398,"[[(0, 2), (0, 27), (6, 11), (6, 24), (18, 13), (9, 2), (9, 20), (23, 8), (4, 3), (3, 29), (21, 12), (8, 14), (10, 22), (7, 9), (13, 28), (20, 25), (15, 25)]]","[[42.04012151678427, 200.74620918045562, 25.86763702502847, 101.99333036265813, 124.08249294047819, 66.24568355598345, 172.58040490649267, 350.46560142744005, 23.791268840471552, 601.7091335752506, 166.1080299663133, 33.37055669478, 132.6622841230745, 20.914523337417666, 41.338439792828176, 6.919725246345095, 123.36566909461641]]"
399,"[[(0, 2), (0, 27), (6, 11), (6, 24), (18, 13), (9, 2), (9, 20), (23, 8), (4, 3), (3, 29), (21, 12), (8, 14), (10, 22), (7, 9), (13, 28), (20, 25), (15, 25)]]","[[35.26834169079418, 99.37054776126115, 23.08405870151555, 96.47010213980121, 73.33509535805374, 35.680563626847125, 105.46635426092112, 93.94473721530953, 19.19028997589815, 577.2269819439393, 185.75771173750593, 44.58513785935433, 86.13435399455562, 49.31921682798713, 7.234070030301911, 7.655547017128345, 134.76774273403234]]"
400,"[[(0, 2), (0, 27), (6, 11), (6, 24), (18, 13), (9, 2), (9, 20), (23, 8), (4, 3), (3, 29), (21, 12), (8, 14), (10, 22), (7, 9), (13, 28), (20, 25), (15, 25)]]","[[38.064121790770265, 134.95092972029465, 20.03907762098207, 120.8823286130945, 89.71468317169885, 74.02371577274558, 175.25181746374352, 191.80838494644183, 23.444536394227377, 468.4491849254928, 196.5697243243552, 38.80333014031288, 69.09868799510531, 32.58040931942788, 11.675531908885874, 4.391432191598364, 115.65669285080097]]"
401,"[[(0, 2), (0, 27), (6, 11), (6, 24), (18, 13), (9, 2), (9, 20), (23, 8), (4, 3), (3, 29), (21, 12), (8, 14), (10, 22), (7, 9), (13, 28), (20, 25), (15, 25)]]","[[25.707838457755823, 135.18283591842277, 27.610981174187145, 144.4921906633357, 74.43998587428716, 59.57709163719071, 138.9151695172698, 280.07296443835384, 15.293282496969027, 495.58276141165237, 186.21264758947214, 23.235742258282222, 111.10041577029541, 18.791223898599902, 21.05374259162895, 12.217561102296424, 110.48691079237884]]"
402,"[[(0, 2), (0, 27), (6, 11), (6, 24), (18, 13), (9, 2), (9, 20), (23, 8), (4, 3), (3, 29), (21, 12), (8, 14), (10, 22), (7, 9), (13, 28), (20, 25), (15, 25)]]","[[40.25948046341034, 101.93102903273754, 28.711874351290852, 160.45608149165628, 126.58882702943824, 64.21196430510909, 223.78237681792868, 71.74361327629984, 29.998134532169658, 520.2501004436508, 189.99612131854755, 29.790014517764433, 172.77719666922468, 27.248314967784932, 24.317412673400465, 6.108148493432653, 133.76097604177852]]"
403,"[[(0, 2), (0, 27), (6, 11), (6, 24), (18, 13), (9, 2), (9, 20), (23, 8), (4, 3), (3, 29), (21, 12), (8, 14), (10, 22), (7, 9), (13, 28), (20, 25), (15, 25)]]","[[41.01456610709978, 56.884198061751356, 22.28228033555222, 159.72393952279702, 129.6902344729815, 10.55852853199774, 189.63752710869383, 86.9743215309364, 29.759349706798996, 309.33143408213346, 174.4839354953078, 47.867927961424385, 177.643667275031, 28.19304596461871, 21.031120279866567, 7.108262942550979, 127.09192262955719]]"
404,"[[(0, 2), (0, 27), (6, 11), (6, 24), (18, 13), (9, 2), (9, 20), (23, 8), (4, 3), (3, 29), (21, 12), (8, 14), (10, 22), (7, 9), (13, 28), (20, 25), (15, 25)]]","[[27.627518385291502, 112.42091241474296, 22.759840616672584, 122.13659438880413, 39.710972906081096, 68.23351812371067, 140.37978389707186, 166.14780198797123, 19.995295507486595, 504.07962693405, 158.97669603532518, 42.88605753965124, 170.37257455379566, 20.491958956153223, 26.385817443020684, 8.40426019106955, 107.18779410073299]]"
405,"[[(0, 2), (0, 27), (6, 11), (6, 24), (18, 13), (9, 2), (9, 20), (23, 8), (4, 3), (3, 29), (21, 12), (8, 14), (10, 22), (7, 9), (13, 28), (20, 25), (15, 25)]]","[[42.9491399252758, 125.89176576725686, 27.994796666278347, 99.76248264771039, 24.89788920590714, 13.157105107020191, 149.21415308232247, 351.0403580931753, 22.769208418690674, 369.35654238871473, 160.4323872769279, 26.588962769946974, 44.64865098376646, 50.67163910976331, 29.361444118960055, 10.640074173305743, 103.9418636700992]]"
406,"[[(0, 2), (0, 27), (6, 11), (6, 24), (18, 13), (9, 2), (9, 20), (23, 8), (4, 3), (3, 29), (21, 12), (8, 14), (10, 22), (7, 9), (13, 28), (20, 25), (15, 25)]]","[[35.82408174521373, 57.56321789101131, 28.067069192110885, 74.75905414882963, 47.35330987131978, 29.479373156738617, 159.01344311985386, 89.43897591813061, 11.840125362592389, 343.3641729305159, 164.74066509023825, 39.580026280115135, 127.20838739649027, 50.1120117175797, 10.911148707835059, 9.05519919987364, 122.78800008055671]]"
407,"[[(0, 2), (0, 27), (6, 11), (6, 24), (18, 13), (9, 2), (9, 20), (23, 8), (4, 3), (3, 29), (21, 12), (8, 14), (10, 22), (7, 9), (13, 28), (20, 25), (15, 25)]]","[[27.90668588124572, 82.14879418104263, 26.328489090744622, 109.27092975905089, 33.65209795804053, 44.21727608351739, 244.91925083512834, 99.2545346796926, 20.858278659237406, 530.1034815145754, 149.57078515902995, 40.15926385018547, 188.96279624564843, 49.21121975490743, 39.715631323876494, 16.36062714989919, 104.90054620012762]]"
408,"[[(0, 2), (0, 27), (6, 11), (6, 24), (18, 13), (9, 2), (9, 20), (23, 8), (4, 3), (3, 29), (21, 12), (8, 14), (10, 22), (7, 9), (13, 28), (20, 25), (15, 25)]]","[[36.06663939865674, 122.13708717226052, 23.70844337583774, 149.51887357586997, 129.19913534512457, 53.91383403523253, 248.22721381297646, 195.4099232392621, 28.21685277955621, 528.2677753961322, 187.50787545091492, 33.274810567549665, 109.68043966789148, 52.65281673556142, 21.25823373575807, 11.750145914492158, 113.92788730464676]]"
409,"[[(0, 2), (0, 27), (6, 11), (6, 24), (18, 13), (9, 2), (9, 20), (23, 8), (4, 3), (3, 29), (21, 12), (8, 14), (10, 22), (7, 9), (13, 28), (20, 25), (15, 25)]]","[[35.57267015287045, 62.3737934918652, 21.430660114957664, 162.38883168638867, 49.45936305501835, 4.350452590605636, 73.6862604438656, 355.08264651340477, 12.379195948367787, 221.92035149561275, 191.77446161059257, 29.286541204416075, 76.38340032481372, 25.126395911964654, 30.363978594399136, 16.025419777010008, 99.80361742619085]]"
410,"[[(0, 2), (0, 27), (6, 11), (6, 24), (18, 13), (9, 2), (9, 20), (23, 8), (4, 3), (3, 29), (21, 12), (8, 14), (10, 22), (7, 9), (13, 28), (20, 25), (15, 25)]]","[[34.49883190757356, 82.9728698508269, 28.71229510024482, 78.60824056188363, 136.14850907682913, 17.812391815938334, 187.23129353191516, 170.48794943899068, 10.315040258658714, 456.167172278074, 154.71897484679488, 33.97411893136792, 87.33384988984389, 44.97985529488865, 21.68230851890131, 12.954021876571474, 102.16080980139294]]"
411,"[[(0, 2), (0, 27), (6, 11), (6, 24), (18, 13), (9, 2), (9, 20), (23, 8), (4, 3), (3, 29), (21, 12), (8, 14), (10, 22), (7, 9), (13, 28), (20, 25), (15, 25)]]","[[27.601272821126397, 86.33693946923333, 22.609350697919687, 164.99161703084752, 149.68043983386585, 7.376538186559484, 81.99112201369363, 185.23860544581197, 28.94475903618201, 175.132501615855, 161.40752487617686, 30.9269907853226, 181.7601452635756, 36.97526433666051, 44.679283117453735, 18.479834373901976, 101.09117328107719]]"
412,"[[(0, 2), (0, 27), (6, 11), (6, 24), (18, 13), (9, 2), (9, 20), (23, 8), (4, 3), (3, 29), (21, 12), (8, 14), (10, 22), (7, 9), (13, 28), (20, 25), (15, 25)]]","[[37.02788195748976, 148.2966889120534, 24.36056840061392, 103.24098034641601, 83.81463693394143, 20.053796145599044, 121.28334345198596, 296.7824147012648, 24.716253756800025, 132.04733303300162, 149.63330781558503, 32.99132353522741, 174.7600713203933, 42.89260392405248, 13.594642027740985, 8.584363450027807, 110.4298682314704]]"
413,"[[(0, 2), (0, 27), (6, 11), (6, 24), (18, 13), (9, 2), (9, 20), (23, 8), (4, 3), (3, 29), (21, 12), (8, 14), (10, 22), (7, 9), (13, 28), (20, 25), (15, 25)]]","[[26.69990036596359, 146.540259852453, 26.44944373633477, 123.99966026097766, 142.54130376564015, 58.11886111197982, 183.0715051116899, 56.23593734065068, 11.397607143777314, 354.8350941787296, 162.28036664642727, 31.068392483436774, 97.04986287492854, 36.642055801849544, 19.850681789905405, 13.235352195124728, 103.99813286214837]]"
414,"[[(0, 2), (0, 27), (6, 11), (6, 24), (18, 13), (9, 2), (9, 20), (23, 8), (4, 3), (3, 29), (21, 12), (8, 14), (10, 22), (7, 9), (13, 28), (20, 25), (15, 25)]]","[[25.45668635730655, 213.87810040082474, 23.35670920933219, 163.88149328145101, 38.10670711047528, 8.321091455664751, 98.2920847805268, 83.26959605334197, 10.322272203615926, 652.65011055636, 162.14105109660267, 23.59116764010332, 176.90056954757551, 31.318389262273186, 46.44985446624965, 8.646124362791245, 101.30347102565183]]"
415,"[[(0, 2), (0, 27), (6, 11), (6, 24), (18, 13), (9, 2), (9, 20), (23, 8), (4, 3), (3, 29), (21, 12), (8, 14), (10, 22), (7, 9), (13, 28), (20, 25), (15, 25)]]","[[28.841844135563406, 138.7984596040333, 20.84774753480508, 95.67787064658974, 68.848030125273, 52.80448280783199, 111.13762269598377, 99.76822491512713, 20.573481713968675, 90.38169721784756, 189.90430817987294, 36.03954896089452, 190.73592262631416, 49.098567106949105, 4.279640364659936, 12.741528288053514, 104.32016230906979]]"
416,"[[(0, 2), (0, 27), (6, 11), (6, 24), (18, 13), (9, 2), (9, 20), (23, 8), (4, 3), (3, 29), (21, 12), (8, 14), (10, 22), (7, 9), (13, 28), (20, 25), (15, 25)]]","[[28.265306348328846, 128.02127307425366, 23.747739062312714, 162.38901299648802, 146.58949180736826, 42.866161080986814, 73.73310755491386, 314.31468479961404, 18.15184420462451, 575.9835506016029, 157.13081141621356, 19.423548127390067, 94.89756435221256, 28.526402704472872, 2.1027159224724565, 5.096397187604465, 108.10881850409613]]"
417,"[[(0, 2), (0, 27), (6, 11), (6, 24), (18, 13), (9, 2), (9, 20), (23, 8), (4, 3), (3, 29), (21, 12), (8, 14), (10, 22), (7, 9), (13, 28), (20, 25), (15, 25)]]","[[31.363600736827046, 87.60347328121676, 25.27808363054779, 110.95835571965608, 147.8065457034442, 73.35700520555969, 115.5730109140005, 343.2364235472251, 10.243166620762828, 505.4433856952533, 188.6975703128867, 45.43815837809179, 115.5938694043031, 50.859898591263494, 14.89413301249159, 10.04753062327353, 128.74077154907772]]"
418,"[[(0, 2), (0, 27), (6, 11), (6, 24), (18, 13), (9, 2), (9, 20), (23, 8), (4, 3), (3, 29), (21, 12), (8, 14), (10, 22), (7, 9), (13, 28), (20, 25), (15, 25)]]","[[39.66850108538209, 135.58459691361782, 20.358423335378074, 161.14851330998522, 130.29537271853786, 39.76314995608673, 196.12704192523228, 11.992279621409079, 23.91229442036115, 523.8925298475742, 150.24566614502587, 38.611118666436255, 184.5363840858042, 50.94146131999902, 36.41531822296653, 4.428523951016492, 116.24086370332671]]"
419,"[[(0, 2), (0, 27), (6, 11), (6, 24), (18, 13), (9, 2), (9, 20), (23, 8), (4, 3), (3, 29), (21, 12), (8, 14), (10, 22), (7, 9), (13, 28), (20, 25), (15, 25)]]","[[35.282584535645384, 57.636495745802954, 23.92944430829889, 110.09231836084487, 108.83820061685283, 6.753506186027483, 164.67202919427987, 273.6173710209778, 27.223905224292658, 538.4464967630005, 145.1601165455237, 26.92071906320228, 84.59584321849735, 40.484581393425486, 20.413166012629613, 7.866621791019835, 99.94354734550093]]"
420,"[[(0, 2), (0, 27), (6, 11), (6, 24), (18, 13), (9, 2), (9, 20), (23, 8), (4, 3), (3, 29), (21, 12), (8, 14), (10, 22), (7, 9), (13, 28), (20, 25), (15, 25)]]","[[25.369509486471294, 121.94406581821274, 25.032962326552642, 135.90516510501817, 127.51539415690642, 75.69000560466854, 135.27425010293004, 118.03450440305137, 9.027914117784702, 590.3097762308305, 180.58964870380876, 37.60970242870461, 137.0449987505338, 42.88658766962916, 7.23235455783546, 4.566207875924645, 111.15038146916994]]"
421,"[[(0, 2), (0, 27), (6, 11), (6, 24), (18, 13), (9, 2), (9, 20), (23, 8), (4, 3), (3, 29), (21, 12), (8, 14), (10, 22), (7, 9), (13, 28), (20, 25), (15, 25)]]","[[40.65753761922558, 63.55955029668594, 26.574615823290625, 111.18961649331868, 18.248252775551403, 49.72680638520048, 228.40326946242607, 145.93387017032498, 14.788818512913494, 552.8342065473045, 195.6771013729736, 24.500259435830205, 126.45823322250298, 19.10043760041226, 28.364075295308478, 17.597777990971753, 112.91246121824713]]"
422,"[[(0, 2), (0, 27), (6, 11), (6, 24), (18, 13), (9, 2), (9, 20), (23, 8), (4, 3), (3, 29), (21, 12), (8, 14), (10, 22), (7, 9), (13, 28), (20, 25), (15, 25)]]","[[31.1133271332508, 109.2288491504608, 20.378650553264062, 117.2345420833273, 69.4002575939709, 51.2044537384799, 148.99551174720222, 57.716438801848845, 27.905547255982352, 477.5300466754224, 185.03193516709385, 32.405504971452864, 190.82242742670658, 31.55864115301958, 42.547933689425285, 4.5906434022909846, 115.11350476457571]]"
423,"[[(0, 2), (0, 27), (6, 11), (6, 24), (18, 13), (9, 2), (9, 20), (23, 8), (4, 3), (3, 29), (21, 12), (8, 14), (10, 22), (7, 9), (13, 28), (20, 25), (15, 25)]]","[[26.380724852343164, 160.59894088929153, 20.18681146268712, 164.11849022995, 69.53637517557372, 46.520212705238016, 81.96379625316985, 344.8041144112501, 15.117307305033108, 349.5054041228811, 166.645069622596, 18.86793613672225, 138.02914092015948, 35.79751586776975, 22.224414753432868, 9.892917012254232, 128.68174586130115]]"
424,"[[(0, 2), (0, 27), (6, 11), (6, 24), (18, 13), (9, 2), (9, 20), (23, 8), (4, 3), (3, 29), (21, 12), (8, 14), (10, 22), (7, 9), (13, 28), (20, 25), (15, 25)]]","[[28.229075076339484, 76.30440007847056, 29.96959484425676, 72.78494379170357, 91.08232987261856, 26.69870945007331, 143.26627768462077, 52.28411500793991, 9.399522547115671, 269.99424425187595, 180.19036336143603, 22.532468666848942, 96.08417600404728, 41.10438798760267, 34.33290816088744, 8.432088988213394, 115.65019945414137]]"
425,"[[(0, 2), (0, 27), (6, 11), (6, 24), (18, 13), (9, 2), (9, 20), (23, 8), (4, 3), (3, 29), (21, 12), (8, 14), (10, 22), (7, 9), (13, 28), (20, 25), (15, 25)]]","[[25.429702390025824, 165.6406801968359, 22.084895239612937, 114.58246336778402, 89.00942405423841, 19.560181946035353, 94.46665153159736, 315.3727367490212, 15.034900705421075, 615.8232154199028, 154.45081983001705, 32.73106090186951, 131.59302594763795, 18.06096615616404, 18.52862765599266, 18.13697299347292, 113.04762279770395]]"
426,"[[(0, 2), (0, 27), (6, 11), (6, 24), (18, 13), (9, 2), (9, 20), (23, 8), (4, 3), (3, 29), (21, 12), (8, 14), (10, 22), (7, 9), (13, 28), (20, 25), (15, 25)]]","[[27.439265577049333, 71.32795356605813, 22.911137794225876, 163.6896337358127, 117.96512704301342, 43.55651200696094, 106.98953961028087, 31.695492484492835, 25.589977793180804, 142.03727230571258, 172.03611427186485, 46.174503214615186, 104.64040016352111, 44.12476607702945, 28.52964535102747, 14.284672993432109, 119.91707910674293]]"
427,"[[(0, 2), (0, 27), (6, 11), (6, 24), (18, 13), (9, 2), (9, 20), (23, 8), (4, 3), (3, 29), (21, 12), (8, 14), (10, 22), (7, 9), (13, 28), (20, 25), (15, 25)]]","[[35.243648634377884, 114.71529134752927, 25.981933401105064, 134.29805206577458, 18.671755628438635, 31.231167255826207, 186.13271002584455, 41.057905567419326, 28.527926532948516, 529.0267186140159, 186.43734173100145, 41.41084986666746, 156.15819516944225, 28.991105900061218, 40.5880611037702, 15.770270416395679, 131.18083684040184]]"
428,"[[(0, 2), (0, 27), (6, 11), (6, 24), (18, 13), (9, 2), (9, 20), (23, 8), (4, 3), (3, 29), (21, 12), (8, 14), (10, 22), (7, 9), (13, 28), (20, 25), (15, 25)]]","[[41.71131630464193, 192.4079343381324, 25.004198607574576, 148.84985806277658, 141.63490485377525, 18.102800711515894, 244.56261867190221, 123.66870010382581, 26.063628409661852, 616.340341542813, 157.99109380434626, 34.67756874128564, 64.10226208252826, 29.65652306882044, 22.490233147269997, 7.239941968192175, 129.7026517724692]]"
429,"[[(0, 2), (0, 27), (6, 11), (6, 24), (18, 13), (9, 2), (9, 20), (23, 8), (4, 3), (3, 29), (21, 12), (8, 14), (10, 22), (7, 9), (13, 28), (20, 25), (15, 25)]]","[[35.47588596082447, 174.42440595013943, 24.94814205741267, 114.07830262867706, 140.3207442832524, 53.51183324118495, 86.65460994120468, 64.07379105109797, 16.8625988789844, 621.2843198840917, 150.96922344386175, 20.04506147629814, 73.18021704813779, 47.492554361672525, 35.93386504503566, 5.124665813374504, 124.92730100593519]]"
430,"[[(0, 2), (0, 27), (6, 11), (6, 24), (18, 13), (9, 2), (9, 20), (23, 8), (4, 3), (3, 29), (21, 12), (8, 14), (10, 22), (7, 9), (13, 28), (20, 25), (15, 25)]]","[[40.47325470339414, 82.75313039698901, 25.524547989390634, 72.81172176736501, 144.77514514745607, 29.234533302439292, 191.43220253654005, 205.30584020400332, 21.338294055848245, 71.46873210676077, 166.53954238409239, 27.49897301150479, 170.29539984151796, 30.489891615516942, 3.33148387942237, 13.026590313929423, 133.38829988701266]]"
431,"[[(0, 2), (0, 27), (6, 11), (6, 24), (18, 13), (9, 2), (9, 20), (23, 8), (4, 3), (3, 29), (21, 12), (8, 14), (10, 22), (7, 9), (13, 28), (20, 25), (15, 25)]]","[[29.26786705852505, 192.47388588138924, 23.169158301936942, 137.82940989224647, 128.27423281738382, 23.460441098289614, 117.7493704088838, 102.94850092770858, 28.23249033689494, 272.61359094434295, 161.98500337569394, 42.88029913239633, 185.88210508244646, 36.61014785510062, 10.830466353004827, 11.571653787403633, 126.4746816290828]]"
432,"[[(0, 2), (0, 27), (6, 11), (6, 24), (18, 13), (9, 2), (9, 20), (23, 8), (4, 3), (3, 29), (21, 12), (8, 14), (10, 22), (7, 9), (13, 28), (20, 25), (15, 25)]]","[[35.47787324427319, 195.64268836203473, 23.943397971834983, 109.44814823218448, 144.13912563168438, 25.966130219265604, 212.49140511704712, 333.97389154662613, 27.350926308826534, 614.7470789653912, 162.93594520190175, 47.27393777651812, 160.71477716029264, 53.331769301737445, 30.965837632077843, 15.047465122754348, 133.6578095021411]]"
433,"[[(0, 2), (0, 27), (6, 11), (6, 24), (18, 13), (9, 2), (9, 20), (23, 8), (4, 3), (3, 29), (21, 12), (8, 14), (10, 22), (7, 9), (13, 28), (20, 25), (15, 25)]]","[[32.151974166578526, 166.00203572349386, 29.514130740035288, 69.98309161904884, 40.4837176306019, 47.070175318719144, 74.60844496644592, 83.25970708219003, 18.68329007296118, 583.4962656659822, 193.43751684601253, 23.127002830334483, 146.5405522668772, 47.784825670209834, 26.119823772307598, 14.761769202169338, 134.16916760944818]]"
434,"[[(0, 2), (0, 27), (6, 11), (6, 24), (18, 13), (9, 2), (9, 20), (23, 8), (4, 3), (3, 29), (21, 12), (8, 14), (10, 22), (7, 9), (13, 28), (20, 25), (15, 25)]]","[[41.22973341996942, 80.78462088300196, 24.976040469920715, 71.3171849671403, 138.2889878607469, 52.1510280914481, 141.1732500358071, 266.8099022466925, 10.898836118139299, 181.64908637577633, 190.95374216510191, 40.98564175781072, 175.87117981012835, 42.56328821874534, 17.722470017162603, 19.363248016764032, 107.84021225870548]]"
435,"[[(0, 2), (0, 27), (6, 11), (6, 24), (18, 13), (9, 2), (9, 20), (23, 8), (4, 3), (3, 29), (21, 12), (8, 14), (10, 22), (7, 9), (13, 28), (20, 25), (15, 25)]]","[[29.546838553512952, 135.92382297461137, 28.322433895417618, 163.44034886719362, 84.3896203864861, 50.69168332021909, 102.96577237305853, 185.26656990263436, 27.352403685790165, 180.44349586755584, 173.05895888628177, 29.984891778449807, 136.72564688957067, 49.3086421378996, 22.66758989714817, 9.65679784441407, 113.05659263160683]]"
436,"[[(0, 2), (0, 27), (6, 11), (6, 24), (18, 13), (9, 2), (9, 20), (23, 8), (4, 3), (3, 29), (21, 12), (8, 14), (10, 22), (7, 9), (13, 28), (20, 25), (15, 25)]]","[[27.652223501110903, 201.62068542164252, 21.54394762838197, 110.56881011366772, 145.60580009128182, 17.535129732908967, 192.4255635879418, 349.47681062799444, 26.98287772396559, 587.8448623742917, 170.55787267629273, 43.278645017293556, 167.21215479167614, 34.87156828834979, 37.257028428712495, 17.14196608344892, 115.30468459976849]]"
437,"[[(0, 2), (0, 27), (6, 11), (6, 24), (18, 13), (9, 2), (9, 20), (23, 8), (4, 3), (3, 29), (21, 12), (8, 14), (10, 22), (7, 9), (13, 28), (20, 25), (15, 25)]]","[[29.239293182554828, 214.07253462724566, 26.215281926383042, 124.2572352680416, 40.65759131769161, 21.633787695319143, 167.1282484015398, 211.29719559848738, 17.48247362816425, 395.8033623754625, 184.67098940022055, 30.461704717383597, 101.99300126177522, 29.092489026685804, 41.391718882494516, 19.663589528161307, 103.45769715028703]]"
438,"[[(0, 2), (0, 27), (6, 11), (6, 24), (18, 13), (9, 2), (9, 20), (23, 8), (4, 3), (3, 29), (21, 12), (8, 14), (10, 22), (7, 9), (13, 28), (20, 25), (15, 25)]]","[[32.15489400592114, 195.99429372758954, 27.777354655589214, 96.92770524609494, 23.76166792664297, 10.142717840264881, 126.57424430052032, 345.01974958945937, 17.211293675374144, 452.7543569030344, 150.68832226152423, 41.52818413384181, 182.3253365759619, 42.973215956213934, 27.517860884367426, 9.443482363118157, 133.33497950385066]]"
439,"[[(0, 2), (0, 27), (6, 11), (6, 24), (18, 13), (9, 2), (9, 20), (23, 8), (4, 3), (3, 29), (21, 12), (8, 14), (10, 22), (7, 9), (13, 28), (20, 25), (15, 25)]]","[[28.37065545224348, 223.6992989264656, 28.149461454230604, 128.5079855193862, 63.811075479106016, 21.958851486831243, 215.16527020997233, 209.95581549260348, 24.29651710084009, 591.4329605029561, 154.769492852062, 22.422991612142958, 55.622397044518955, 24.669309674153812, 1.4204952914514857, 12.787631134054743, 114.27707731466364]]"
440,"[[(0, 2), (0, 27), (6, 11), (6, 24), (18, 13), (9, 2), (9, 20), (23, 8), (4, 3), (3, 29), (21, 12), (8, 14), (10, 22), (7, 9), (13, 28), (20, 25), (15, 25)]]","[[24.42510008329134, 99.21723993743277, 24.599623766195414, 124.55872388845103, 64.21300056365317, 52.08439537848092, 112.26041668514173, 202.28785652798547, 14.642956120601491, 547.4597420590936, 179.80390385654545, 38.655568422680446, 114.73943609395822, 30.27248196965453, 34.46896043502353, 12.837732744854625, 134.84498887850253]]"
441,"[[(0, 2), (0, 27), (6, 11), (6, 24), (18, 13), (9, 2), (9, 20), (23, 8), (4, 3), (3, 29), (21, 12), (8, 14), (10, 22), (7, 9), (13, 28), (20, 25), (15, 25)]]","[[26.922102338456014, 169.0757286449424, 22.190398004161146, 126.30631574756177, 74.79885971403459, 44.74286914983986, 81.48915313864848, 331.01668495068463, 23.97880553097117, 63.873520293788964, 180.47121672345816, 44.17635378347832, 156.1541676929948, 45.40547660287593, 10.397734934870872, 4.784267343920062, 117.8983977954549]]"
442,"[[(0, 2), (0, 27), (6, 11), (6, 24), (18, 13), (9, 2), (9, 20), (23, 8), (4, 3), (3, 29), (21, 12), (8, 14), (10, 22), (7, 9), (13, 28), (20, 25), (15, 25)]]","[[33.00683675512962, 83.47195650893597, 26.759779881897884, 71.35966145681272, 140.0723271680406, 25.060886821968158, 72.21951161796112, 149.13493072094968, 13.421359761693008, 268.0626416684869, 155.31739620958783, 39.772021911876536, 93.45407492072025, 45.174891539586284, 37.05033356227297, 10.987650687745326, 113.7427744484626]]"
443,"[[(0, 2), (0, 27), (6, 11), (6, 24), (18, 13), (9, 2), (9, 20), (23, 8), (4, 3), (3, 29), (21, 12), (8, 14), (10, 22), (7, 9), (13, 28), (20, 25), (15, 25)]]","[[35.121392323395426, 135.86796565240277, 26.817118136887785, 123.5764268735546, 55.78799805463606, 27.50272529175988, 133.1635503234195, 148.1591371840644, 10.14416195446931, 173.70800722711346, 194.38821982594516, 24.60889783983378, 78.58885866998921, 36.48515351209245, 37.51506678339794, 17.972958188593452, 107.74974382406765]]"
444,"[[(0, 2), (0, 27), (6, 11), (6, 24), (18, 13), (9, 2), (9, 20), (23, 8), (4, 3), (3, 29), (21, 12), (8, 14), (10, 22), (7, 9), (13, 28), (20, 25), (15, 25)]]","[[36.66858841322922, 145.07516698097456, 27.121653502886144, 100.47692834927413, 32.78840707351299, 17.803754996479856, 87.54713286887437, 114.56605367702693, 9.915672810047694, 448.9823057753893, 176.51394541611882, 35.84489945303046, 78.85642014411403, 44.28919238416715, 6.032244818888929, 10.76826293903625, 123.27002964721513]]"
445,"[[(0, 2), (0, 27), (6, 11), (6, 24), (18, 13), (9, 2), (9, 20), (23, 8), (4, 3), (3, 29), (21, 12), (8, 14), (10, 22), (7, 9), (13, 28), (20, 25), (15, 25)]]","[[33.91972020861015, 150.5609409490115, 25.579389919076032, 161.77506512377948, 44.445885978755015, 21.87075480160597, 89.39747434610953, 121.97448451933013, 26.522714661610614, 466.8799243114979, 193.89921405369432, 26.550718368106452, 125.88180870660379, 45.48562164520036, 37.10684567185307, 6.761153882739867, 132.9284043963249]]"
446,"[[(0, 2), (0, 27), (6, 11), (6, 24), (18, 13), (9, 2), (9, 20), (23, 8), (4, 3), (3, 29), (21, 12), (8, 14), (10, 22), (7, 9), (13, 28), (20, 25), (15, 25)]]","[[23.595137181727672, 67.29580795484873, 26.373004965693255, 83.13562868072323, 88.80578594797427, 36.113042972987486, 186.52497496789033, 145.97201347273548, 19.54592894100557, 213.99154327974355, 166.61829940092468, 41.98228813247995, 123.4431410701433, 37.17060707957901, 32.880005546834, 11.76522564500226, 104.19564053237771]]"
447,"[[(0, 2), (0, 27), (6, 11), (6, 24), (18, 13), (9, 2), (9, 20), (23, 8), (4, 3), (3, 29), (21, 12), (8, 14), (10, 22), (7, 9), (13, 28), (20, 25), (15, 25)]]","[[33.21612695193535, 222.33360018029683, 26.344303192934973, 153.07285886688106, 20.259501782812222, 23.573667136297402, 84.78808041363826, 107.43387542979758, 21.668067734584355, 520.1377818908516, 158.67779073035655, 47.472380648083856, 49.27092556369182, 29.641525970148894, 10.998125733522087, 7.659490906795398, 117.64805307352822]]"
448,"[[(0, 2), (0, 27), (6, 11), (6, 24), (18, 13), (9, 2), (9, 20), (23, 8), (4, 3), (3, 29), (21, 12), (8, 14), (10, 22), (7, 9), (13, 28), (20, 25), (15, 25)]]","[[34.1483926532114, 78.69188506824028, 22.593763134752912, 99.26084744683982, 131.15334748355372, 28.059350122042844, 237.18357164681834, 194.1644571562892, 9.48260429078331, 18.285449637858555, 152.31454937232377, 43.54938745773637, 162.38356138190147, 43.7845064788947, 11.429039508965554, 19.012967053601262, 104.85813782470308]]"
449,"[[(0, 2), (0, 27), (6, 11), (6, 24), (18, 13), (9, 2), (9, 20), (23, 8), (4, 3), (3, 29), (21, 12), (8, 14), (10, 22), (7, 9), (13, 28), (20, 25), (15, 25)]]","[[41.05423518180868, 108.64691577249081, 24.257648907765727, 129.05993530286085, 49.039391745849684, 7.7518392444750175, 239.88834271755985, 4.590470258204663, 20.997720597413384, 58.69852655629262, 172.15291899192286, 27.7686738237374, 149.250159245011, 35.000061970182074, 4.533114063954516, 10.361044396299581, 106.9683442679606]]"
450,"[[(0, 2), (0, 27), (6, 11), (6, 24), (18, 13), (9, 2), (9, 20), (23, 8), (4, 3), (3, 29), (21, 12), (8, 14), (10, 22), (7, 9), (13, 28), (20, 25), (15, 25)]]","[[35.534486061413645, 139.86193292970626, 22.344496932846614, 111.18002817202093, 94.98429824186691, 36.40908835645892, 106.5803317494242, 138.34180889003227, 29.772586039932524, 671.2474619398427, 163.03817972801457, 18.834219317035167, 45.85757737742169, 31.313213004220312, 45.64028081901739, 19.885458248717956, 113.71371384597398]]"
451,"[[(0, 2), (0, 27), (6, 11), (6, 24), (18, 13), (9, 2), (9, 20), (23, 8), (4, 3), (3, 29), (21, 12), (8, 14), (10, 22), (7, 9), (13, 28), (20, 25), (15, 25)]]","[[31.664541016395304, 93.67460908352169, 29.18315253964144, 87.7499507864107, 129.85300152763426, 50.97301071533358, 173.82403076613468, 327.06027285670086, 23.165770297114403, 229.74707082976036, 163.85857433138762, 26.13153686063745, 97.50160001403147, 44.097681471883064, 38.226753040645086, 4.238326655382087, 109.02400390882056]]"
452,"[[(0, 2), (0, 27), (6, 11), (6, 24), (18, 13), (9, 2), (9, 20), (23, 8), (4, 3), (3, 29), (21, 12), (8, 14), (10, 22), (7, 9), (13, 28), (20, 25), (15, 25)]]","[[40.85387802049681, 172.03632462348676, 23.19928251701169, 153.0182113490916, 147.14067846264552, 62.372085549374496, 217.0715477163627, 143.09044263231152, 16.522622663207805, 109.41683391985241, 147.38068807097994, 31.52926033413837, 60.52172921169461, 41.89351263480249, 38.64968651046121, 10.878112590994984, 132.36666953442966]]"
453,"[[(0, 2), (0, 27), (6, 11), (6, 24), (18, 13), (9, 2), (9, 20), (23, 8), (4, 3), (3, 29), (21, 12), (8, 14), (10, 22), (7, 9), (13, 28), (20, 25), (15, 25)]]","[[36.29896938844669, 110.4222845117509, 24.163596365552237, 131.47201089974843, 23.934851585538876, 5.915582097659175, 228.31294203194773, 293.0145221493904, 28.874251637324672, 150.5372473946616, 193.72170350757534, 35.06929681989831, 128.56646674233752, 45.27590040713429, 29.242706542846527, 9.452304019698808, 134.22530850024572]]"
454,"[[(0, 2), (0, 27), (6, 11), (6, 24), (18, 13), (9, 2), (9, 20), (23, 8), (4, 3), (3, 29), (21, 12), (8, 14), (10, 22), (7, 9), (13, 28), (20, 25), (15, 25)]]","[[25.31698727743674, 144.03393972425772, 21.257801072430038, 87.27152800450277, 46.352333416735235, 12.07642653385858, 119.74639616776707, 201.71234787039643, 14.798883860358998, 658.8800607650235, 161.31183353031537, 22.01962688724661, 188.14021249731906, 41.99729628764041, 16.601338537623324, 9.501968086712983, 114.09845075894786]]"
455,"[[(0, 2), (0, 27), (6, 11), (6, 24), (18, 13), (9, 2), (9, 20), (23, 8), (4, 3), (3, 29), (21, 12), (8, 14), (10, 22), (7, 9), (13, 28), (20, 25), (15, 25)]]","[[40.360098424627694, 191.74511768949188, 23.375463854665334, 164.05620053008727, 52.291303235360246, 46.03660412985105, 105.31028389586481, 102.29333089572306, 10.954925664270773, 421.95068073130875, 161.86548629843765, 23.84996877744847, 67.90595718954509, 25.2821323431816, 35.16515276424765, 14.325566980552336, 108.19360869638865]]"
456,"[[(0, 2), (0, 27), (6, 11), (6, 24), (18, 13), (9, 2), (9, 20), (23, 8), (4, 3), (3, 29), (21, 12), (8, 14), (10, 22), (7, 9), (13, 28), (20, 25), (15, 25)]]","[[40.071727742810566, 216.00181543412006, 21.83992530790737, 122.47597623468229, 122.88834500977225, 60.86139308765963, 121.42890945564776, 211.38654058478866, 21.449543658152628, 590.5587894070339, 159.4357284053608, 38.94731163349708, 141.53842892243136, 53.36751230237198, 16.170132398315594, 16.47725225552871, 106.86353919283412]]"
457,"[[(0, 2), (0, 27), (6, 11), (6, 24), (18, 13), (9, 2), (9, 20), (23, 8), (4, 3), (3, 29), (21, 12), (8, 14), (10, 22), (7, 9), (13, 28), (20, 25), (15, 25)]]","[[29.64601970759552, 215.817188865304, 22.285495899286005, 93.2215362344539, 115.81229339689276, 44.827849158170956, 133.8276400610006, 151.20854587970604, 15.560249244064643, 42.73922463540568, 186.38916409210114, 30.92603771959132, 46.13829927130995, 39.31727997574245, 16.472380103001285, 9.090543168588518, 101.56982070045038]]"
458,"[[(0, 2), (0, 27), (6, 11), (6, 24), (18, 13), (9, 2), (9, 20), (23, 8), (4, 3), (3, 29), (21, 12), (8, 14), (10, 22), (7, 9), (13, 28), (20, 25), (15, 25)]]","[[36.749708792769624, 113.15632898320914, 27.126073373329618, 114.23074067984959, 80.61777971398675, 11.928379256463717, 84.60436546593453, 302.8347475023196, 29.81903098060198, 626.6684960296346, 159.524633633238, 37.87984318534791, 101.30442325324282, 48.94980298556012, 27.22894461899762, 15.04456425811592, 122.19869589267347]]"
459,"[[(0, 2), (0, 27), (6, 11), (6, 24), (18, 13), (9, 2), (9, 20), (23, 8), (4, 3), (3, 29), (21, 12), (8, 14), (10, 22), (7, 9), (13, 28), (20, 25), (15, 25)]]","[[25.74297251699135, 147.84968720881812, 28.255746238439826, 143.250193939172, 134.4178126017766, 35.85296810155646, 243.0866329091271, 89.62079615473445, 11.006827735205988, 356.6545662337378, 178.42953213060693, 18.662984721157937, 137.47389705860056, 46.534033546168175, 46.76301028518393, 15.682021536505378, 107.16862549008152]]"
460,"[[(0, 2), (0, 27), (6, 11), (6, 24), (18, 13), (9, 2), (9, 20), (23, 8), (4, 3), (3, 29), (21, 12), (8, 14), (10, 22), (7, 9), (13, 28), (20, 25), (15, 25)]]","[[41.35170929281145, 187.67499972711295, 20.77891682137244, 132.98482415355738, 78.57495632466168, 45.14692842667065, 246.88994616335728, 76.36565844652961, 26.21711237167539, 177.79591411686175, 162.16038856018417, 32.75440884549383, 192.3965924533644, 50.365787639847916, 4.603442975009507, 17.23501422048634, 133.02512051452615]]"
461,"[[(0, 2), (0, 27), (6, 11), (6, 24), (18, 13), (9, 2), (9, 20), (23, 8), (4, 3), (3, 29), (21, 12), (8, 14), (10, 22), (7, 9), (13, 28), (20, 25), (15, 25)]]","[[29.579623391245793, 174.9088991789945, 24.011097552060185, 107.46043287354982, 79.28901503746066, 20.85609736923868, 171.77729167559386, 343.62171584034434, 26.13548179785728, 454.46473227154377, 180.6239340579485, 36.45132077376448, 73.78908231514225, 51.23269405008328, 42.338032333526264, 16.637120074172604, 113.55053014427624]]"
462,"[[(0, 2), (0, 27), (6, 11), (6, 24), (18, 13), (9, 2), (9, 20), (23, 8), (4, 3), (3, 29), (21, 12), (8, 14), (10, 22), (7, 9), (13, 28), (20, 25), (15, 25)]]","[[30.976866104207872, 143.01259545333045, 22.337270791509106, 69.50404804349978, 57.25518092776774, 59.86898699437294, 95.66685142743873, 266.7406584184943, 30.311366272285174, 641.3613050285685, 154.82475622944742, 29.452776385175838, 116.58463146662214, 44.0628182952204, 19.0770863042444, 18.401349869649405, 121.17125149401647]]"
463,"[[(0, 2), (0, 27), (6, 11), (6, 24), (18, 13), (9, 2), (9, 20), (23, 8), (4, 3), (3, 29), (21, 12), (8, 14), (10, 22), (7, 9), (13, 28), (20, 25), (15, 25)]]","[[30.468704247693232, 166.55462925825915, 23.7245008603053, 81.26519335481224, 87.67274977202446, 55.562300469876426, 212.5139912459415, 190.20321372534835, 12.034387021391284, 625.9890760907607, 156.31934329863762, 44.76892216329905, 134.25694368220894, 50.44420263786741, 7.045706008679701, 16.693221347275646, 103.08507015930698]]"
464,"[[(0, 2), (0, 27), (6, 11), (6, 24), (18, 13), (9, 2), (9, 20), (23, 8), (4, 3), (3, 29), (21, 12), (8, 14), (10, 22), (7, 9), (13, 28), (20, 25), (15, 25)]]","[[39.90131212900546, 195.45472640737643, 26.711195255015525, 111.92550956009858, 106.9853056325679, 69.80670240956756, 125.59828176254419, 271.06582560614584, 28.166209076831777, 582.8090121072585, 146.9168803625558, 46.968368254362, 117.40652510906705, 38.59720853593954, 12.671076842944505, 4.624502912742043, 102.84380145989414]]"
465,"[[(0, 2), (0, 27), (6, 11), (6, 24), (18, 13), (9, 2), (9, 20), (23, 8), (4, 3), (3, 29), (21, 12), (8, 14), (10, 22), (7, 9), (13, 28), (20, 25), (15, 25)]]","[[41.48087232929085, 137.56524316326258, 20.86543616402541, 140.90998493168058, 113.61417208780527, 15.499226914305318, 154.87651623533588, 327.7242076081402, 30.487481359120604, 503.9901341755486, 157.39582613170427, 33.85957885000113, 170.57627097617754, 22.438045395478458, 33.19471924717887, 10.607350635471978, 101.91533332529013]]"
466,"[[(0, 2), (0, 27), (6, 11), (6, 24), (18, 13), (9, 2), (9, 20), (23, 8), (4, 3), (3, 29), (21, 12), (8, 14), (10, 22), (7, 9), (13, 28), (20, 25), (15, 25)]]","[[28.402836585855177, 126.69965601001309, 26.875207938035135, 107.76829979263005, 29.10717186146959, 34.754569315278175, 81.06851558028833, 286.11433049976745, 26.847708219429745, 257.1810033696616, 169.23435645269475, 42.03358385976504, 81.65737073230078, 28.495725998252194, 45.21053480392607, 7.828898875814421, 125.51862545031668]]"
467,"[[(0, 2), (0, 27), (6, 11), (6, 24), (18, 13), (9, 2), (9, 20), (23, 8), (4, 3), (3, 29), (21, 12), (8, 14), (10, 22), (7, 9), (13, 28), (20, 25), (15, 25)]]","[[36.02505327773741, 81.86507230642809, 27.818488161953155, 106.28840608405682, 64.75136251887798, 68.5525266659282, 179.33199531159136, 150.848043867383, 28.51950810720722, 46.614427131443485, 172.83534232619598, 20.14986209299657, 122.92909558886998, 30.72333288433374, 46.91419496239234, 17.284511754467808, 104.5745365810698]]"
468,"[[(0, 2), (0, 27), (6, 11), (6, 24), (18, 13), (9, 2), (9, 20), (23, 8), (4, 3), (3, 29), (21, 12), (8, 14), (10, 22), (7, 9), (13, 28), (20, 25), (15, 25)]]","[[33.19983556017976, 103.79023758891537, 28.4473687141203, 145.6114955696746, 59.9045645304023, 24.600328107128927, 79.33309538972333, 179.4440942700364, 12.952941544567906, 617.06628825223, 156.5984840093404, 22.13161733758068, 70.32289255062844, 48.96466479018539, 8.16873609657922, 16.146947432702206, 117.46428645973972]]"
469,"[[(0, 2), (0, 27), (6, 11), (6, 24), (18, 13), (9, 2), (9, 20), (23, 8), (4, 3), (3, 29), (21, 12), (8, 14), (10, 22), (7, 9), (13, 28), (20, 25), (15, 25)]]","[[39.587939611638404, 209.1851267410848, 29.839228523038393, 105.28437076761585, 136.77061002090903, 44.07928082207624, 115.14441205748804, 124.58615733320916, 9.51288039335885, 506.7563651419986, 164.7924820863781, 45.68946805867519, 90.4695731158104, 45.198846583918694, 22.05141201274943, 14.012719970753347, 111.16009187730619]]"
470,"[[(0, 2), (0, 27), (6, 11), (6, 24), (18, 13), (9, 2), (9, 20), (23, 8), (4, 3), (3, 29), (21, 12), (8, 14), (10, 22), (7, 9), (13, 28), (20, 25), (15, 25)]]","[[26.52084360699155, 109.0031790944875, 20.041100332528934, 113.77332993722399, 130.4923245516352, 54.83302830226439, 242.40757410078598, 185.22517583220858, 30.25450560036543, 666.9113842813705, 185.14728030837983, 42.417666436911844, 168.36588982808948, 52.311204847011425, 43.44329561889183, 17.730224357125117, 123.96099096137345]]"
471,"[[(0, 2), (0, 27), (6, 11), (6, 24), (18, 13), (9, 2), (9, 20), (23, 8), (4, 3), (3, 29), (21, 12), (8, 14), (10, 22), (7, 9), (13, 28), (20, 25), (15, 25)]]","[[30.9931510097061, 222.61818206947598, 22.55638199835189, 156.98345420518154, 146.5161473122832, 25.086765833087806, 161.2227825125022, 271.7798989855647, 27.251689133154596, 186.36822330967155, 177.49095096449645, 19.69253774779207, 185.1549125265788, 51.001451940343706, 21.16328411458273, 15.356819032137246, 124.91986614020692]]"
472,"[[(0, 2), (0, 27), (6, 11), (6, 24), (18, 13), (9, 2), (9, 20), (23, 8), (4, 3), (3, 29), (21, 12), (8, 14), (10, 22), (7, 9), (13, 28), (20, 25), (15, 25)]]","[[34.492657469042385, 208.61264050636512, 26.69016370422421, 165.7638374017619, 73.72900715343344, 63.12434526208924, 209.7929681482215, 6.7591109398339375, 15.34468320098907, 498.3404316648012, 167.02956301432374, 36.255277770491475, 96.86834385134311, 39.734810806600905, 33.34393904192241, 13.888992521740146, 125.92069182436086]]"
473,"[[(0, 2), (0, 27), (6, 11), (6, 24), (18, 13), (9, 2), (9, 20), (23, 8), (4, 3), (3, 29), (21, 12), (8, 14), (10, 22), (7, 9), (13, 28), (20, 25), (15, 25)]]","[[32.00693857789942, 55.88326043773473, 22.931021167285188, 109.25467563755699, 73.3639958096212, 49.73064152528516, 99.45275957887677, 71.4677833587207, 20.316431396423795, 519.0951094233603, 173.75814298858714, 26.989949471510943, 166.27924139592776, 31.430794513623525, 16.48074683915781, 10.695804887197555, 131.27771720814556]]"
474,"[[(0, 2), (0, 27), (6, 11), (6, 24), (18, 13), (9, 2), (9, 20), (23, 8), (4, 3), (3, 29), (21, 12), (8, 14), (10, 22), (7, 9), (13, 28), (20, 25), (15, 25)]]","[[34.61559604276172, 172.95626493059137, 22.292967025211407, 90.78351412104074, 108.78215326486635, 41.050351016965884, 107.14313068672891, 195.96933978968448, 30.555881194684915, 28.155549843701458, 163.37581902658746, 26.4417405484348, 124.07832400002341, 40.06321816745272, 46.17506391122398, 6.095069397872555, 122.1787437102353]]"
475,"[[(0, 2), (0, 27), (6, 11), (6, 24), (18, 13), (9, 2), (9, 20), (23, 8), (4, 3), (3, 29), (21, 12), (8, 14), (10, 22), (7, 9), (13, 28), (20, 25), (15, 25)]]","[[23.27994517551777, 168.61733539503322, 24.616900825526972, 133.09374301541112, 65.0028561736398, 36.99547944834405, 241.1043967557614, 46.4867623250216, 24.361906723356245, 271.41696588782145, 151.67945702150365, 27.300377495927258, 162.693658601382, 32.20662530636694, 27.97480519612011, 14.440510248325058, 104.63675592778871]]"
476,"[[(0, 2), (0, 27), (6, 11), (6, 24), (18, 13), (9, 2), (9, 20), (23, 8), (4, 3), (3, 29), (21, 12), (8, 14), (10, 22), (7, 9), (13, 28), (20, 25), (15, 25)]]","[[35.923463897779186, 74.86519832713064, 20.424289964339206, 116.53629779794551, 23.176830146359734, 46.86651495774197, 155.80023957645972, 47.2677323220012, 30.3152706449559, 627.012685725341, 168.69465692869505, 25.714423901238277, 87.10850975816444, 52.774866413016404, 40.57207500276239, 9.662278284015157, 108.19484434218784]]"
477,"[[(0, 2), (0, 27), (6, 11), (6, 24), (18, 13), (9, 2), (9, 20), (23, 8), (4, 3), (3, 29), (21, 12), (8, 14), (10, 22), (7, 9), (13, 28), (20, 25), (15, 25)]]","[[23.189841645732262, 129.9523091973005, 29.959670548413712, 118.42088147822551, 104.90909233425396, 4.099839965378085, 204.7521101500793, 71.5325729819448, 25.64871120529932, 28.580271902259103, 159.00981188071347, 43.729121436963524, 137.00702827018856, 43.55699617829379, 42.716921090865654, 9.83834158511658, 130.54434408368064]]"
478,"[[(0, 2), (0, 27), (6, 11), (6, 24), (18, 13), (9, 2), (9, 20), (23, 8), (4, 3), (3, 29), (21, 12), (8, 14), (10, 22), (7, 9), (13, 28), (20, 25), (15, 25)]]","[[35.294881092192924, 185.61355171296168, 23.235209973146517, 118.94536152983173, 111.25977485741122, 64.2491876288609, 194.26728408928554, 266.58654332497287, 10.753291825997618, 608.639925077068, 151.06952195076934, 22.83791521884895, 139.15544319098402, 32.32278709425573, 45.36944030423125, 19.432273432607378, 111.52659663739291]]"
479,"[[(0, 2), (0, 27), (6, 11), (6, 24), (18, 13), (9, 2), (9, 20), (23, 8), (4, 3), (3, 29), (21, 12), (8, 14), (10, 22), (7, 9), (13, 28), (20, 25), (15, 25)]]","[[38.193486270569416, 127.08867181787143, 22.609797712776057, 136.84700078977843, 89.78448492699444, 45.24710034073367, 247.333488507319, 51.40138105297951, 18.203696742026203, 230.02680688585923, 156.44838532847552, 34.35566072504409, 135.05245015930353, 51.53313361132869, 44.25805852236547, 13.775921372283287, 104.63949913631785]]"
480,"[[(0, 2), (0, 27), (6, 11), (6, 24), (18, 13), (9, 2), (9, 20), (23, 8), (4, 3), (3, 29), (21, 12), (8, 14), (10, 22), (7, 9), (13, 28), (20, 25), (15, 25)]]","[[42.4218201698087, 75.13716700331048, 24.651240281246224, 81.93415839240294, 50.78926149288577, 38.00432492240277, 109.97243733393674, 63.057796800126404, 15.390334382069398, 108.8205269006176, 172.53686815033836, 20.14736756657149, 168.49078066201537, 28.680205641282416, 42.61772131505673, 4.226434945817962, 110.68811242142026]]"
481,"[[(0, 2), (0, 27), (6, 11), (6, 24), (18, 13), (9, 2), (9, 20), (23, 8), (4, 3), (3, 29), (21, 12), (8, 14), (10, 22), (7, 9), (13, 28), (20, 25), (15, 25)]]","[[33.202731815082174, 195.3938106245746, 23.959043105380836, 124.68520692299587, 126.10413398793403, 73.39810438214636, 250.88787053767538, 125.87792564868673, 22.288733565182078, 571.4104670534178, 173.06116780884454, 31.777481572902147, 188.01144649377366, 21.76312660293364, 16.38188956267777, 13.071396105177929, 119.78528258034649]]"
482,"[[(0, 2), (0, 27), (6, 11), (6, 24), (18, 13), (9, 2), (9, 20), (23, 8), (4, 3), (3, 29), (21, 12), (8, 14), (10, 22), (7, 9), (13, 28), (20, 25), (15, 25)]]","[[37.056596413646425, 208.28838397404775, 29.282109202942088, 82.4595183380308, 105.90704596141725, 41.20775614045631, 250.09094917214557, 189.08407981621565, 27.13239591028584, 494.2963802902227, 179.03815697287558, 33.34556528689275, 106.75815987250526, 46.47312328899112, 27.298409917577796, 6.601040337037496, 108.8686457808612]]"
483,"[[(0, 2), (0, 27), (6, 11), (6, 24), (18, 13), (9, 2), (9, 20), (23, 8), (4, 3), (3, 29), (21, 12), (8, 14), (10, 22), (7, 9), (13, 28), (20, 25), (15, 25)]]","[[25.985078878878888, 78.80882094429062, 26.358775945814564, 74.17754837050254, 66.38158861586223, 41.58234533150115, 249.17882923952484, 58.71545832459647, 29.336199862607327, 332.47841866821943, 171.36941647313895, 34.86797088795523, 150.05244370388363, 50.07503989235959, 41.00725344998452, 6.87427097800048, 127.85382150075961]]"
484,"[[(0, 2), (0, 27), (6, 11), (6, 24), (18, 13), (9, 2), (9, 20), (23, 8), (4, 3), (3, 29), (21, 12), (8, 14), (10, 22), (7, 9), (13, 28), (20, 25), (15, 25)]]","[[29.36509791018964, 65.85142626435595, 26.055844304291515, 95.25207543606562, 118.46110457239261, 38.88915816895793, 136.6883474710976, 111.61865543873591, 11.265726293556709, 479.6296453699493, 184.56562123873, 22.635239799757883, 99.91874980425794, 33.82222874668151, 11.893670215463542, 17.226058358954457, 117.94631945858477]]"
485,"[[(0, 2), (0, 27), (6, 11), (6, 24), (18, 13), (9, 2), (9, 20), (23, 8), (4, 3), (3, 29), (21, 12), (8, 14), (10, 22), (7, 9), (13, 28), (20, 25), (15, 25)]]","[[23.822054780531726, 120.3180657268045, 28.906485874933335, 89.04385961604606, 53.987204327287586, 15.616104121053029, 174.2528529112081, 242.8535517319331, 29.94858858726878, 463.4075950136798, 148.3650119449843, 21.588065352672054, 52.03852455757233, 21.170592370579634, 6.583101472884678, 10.459667075706609, 114.9405750728364]]"
486,"[[(0, 2), (0, 27), (6, 11), (6, 24), (18, 13), (9, 2), (9, 20), (23, 8), (4, 3), (3, 29), (21, 12), (8, 14), (10, 22), (7, 9), (13, 28), (20, 25), (15, 25)]]","[[24.553188196718736, 157.52877262684484, 27.07618315441253, 140.87711265983526, 78.0507084697808, 68.58650552426575, 152.09110532703497, 165.38603863417273, 23.12656666047659, 328.59862000091346, 195.2732374814908, 45.45797795777981, 158.0849149926363, 49.43642420054617, 44.18577779488334, 8.721001664569753, 119.48358206007913]]"
487,"[[(0, 2), (0, 27), (6, 11), (6, 24), (18, 13), (9, 2), (9, 20), (23, 8), (4, 3), (3, 29), (21, 12), (8, 14), (10, 22), (7, 9), (13, 28), (20, 25), (15, 25)]]","[[39.84504080642253, 95.65715024328638, 28.27932968614556, 160.88824087266156, 88.0796514080451, 59.45155044952256, 86.30485188082208, 213.92442235643537, 16.859637678343667, 674.2834001734461, 171.62968300139772, 37.31157581113574, 115.21869499283093, 42.01136685276187, 15.203514004545235, 16.21585327111965, 102.98139321232583]]"
488,"[[(0, 2), (0, 27), (6, 11), (6, 24), (18, 13), (9, 2), (9, 20), (23, 8), (4, 3), (3, 29), (21, 12), (8, 14), (10, 22), (7, 9), (13, 28), (20, 25), (15, 25)]]","[[27.169935780880657, 83.50662761693678, 25.365745826927377, 87.46644071424356, 149.90476084307906, 31.269290187057578, 218.67575401758225, 341.9738296409445, 12.350717931140046, 548.9633718927257, 195.25063412430512, 45.98583132582563, 185.42363215997187, 25.728759417374373, 10.856095766972015, 10.735288193258935, 107.05387263397186]]"
489,"[[(0, 2), (0, 27), (6, 11), (6, 24), (18, 13), (9, 2), (9, 20), (23, 8), (4, 3), (3, 29), (21, 12), (8, 14), (10, 22), (7, 9), (13, 28), (20, 25), (15, 25)]]","[[28.93398026152029, 154.53907780448088, 26.28836186716901, 70.74646701560685, 70.44811430551454, 28.151891384877068, 197.7410321899133, 84.3388386202092, 20.345538431489086, 29.748605004876953, 174.15647727756448, 44.99096465757728, 191.24692959512723, 40.8342161226324, 41.79461903005738, 19.660636373539727, 116.3105071493759]]"
490,"[[(0, 2), (0, 27), (6, 11), (6, 24), (18, 13), (9, 2), (9, 20), (23, 8), (4, 3), (3, 29), (21, 12), (8, 14), (10, 22), (7, 9), (13, 28), (20, 25), (15, 25)]]","[[25.517446874150796, 130.48861493895083, 23.025719187229917, 107.08196522138789, 119.70862752406524, 61.19902947242075, 97.008023528956, 207.47563327298553, 26.027595574422925, 297.9355130653134, 169.24995992829815, 22.81194061740533, 123.80068098005162, 31.398212607463446, 1.2162315225100013, 6.872577645244048, 109.57665158377621]]"
491,"[[(0, 2), (0, 27), (6, 11), (6, 24), (18, 13), (9, 2), (9, 20), (23, 8), (4, 3), (3, 29), (21, 12), (8, 14), (10, 22), (7, 9), (13, 28), (20, 25), (15, 25)]]","[[42.550330150351904, 163.99882543616656, 29.6222630720676, 128.39645059879106, 61.52143602073116, 51.102222072052555, 221.92011204601172, 209.57958709051195, 26.68372177704316, 640.3118470597339, 160.25942712060387, 35.68700083970981, 85.16934474109598, 41.904591324552705, 32.65530672978612, 11.786711485354557, 134.97982950620343]]"
492,"[[(0, 2), (0, 27), (6, 11), (6, 24), (18, 13), (9, 2), (9, 20), (23, 8), (4, 3), (3, 29), (21, 12), (8, 14), (10, 22), (7, 9), (13, 28), (20, 25), (15, 25)]]","[[33.33310752856633, 221.33446607609463, 24.518014309571146, 109.78987346947585, 81.43023873738531, 34.97603435249672, 101.65647452407237, 285.5139925107112, 22.097473606685462, 316.418657881967, 146.33970940373413, 41.81912307822233, 158.67180740257808, 18.316824933431306, 20.842272550767596, 7.464064453389742, 124.27454717767836]]"
493,"[[(0, 2), (0, 27), (6, 11), (6, 24), (18, 13), (9, 2), (9, 20), (23, 8), (4, 3), (3, 29), (21, 12), (8, 14), (10, 22), (7, 9), (13, 28), (20, 25), (15, 25)]]","[[42.588153972184024, 92.99501425982123, 26.297264329485046, 93.8112378132455, 58.21894093248291, 28.562589607564327, 136.52255693987547, 78.0441800933859, 29.262533518834037, 170.98344128655407, 181.08989408018277, 36.91465036578499, 96.72130412879343, 41.389861346971145, 31.92851547350876, 7.16376357689704, 128.2610442494743]]"
494,"[[(0, 2), (0, 27), (6, 11), (6, 24), (18, 13), (9, 2), (9, 20), (23, 8), (4, 3), (3, 29), (21, 12), (8, 14), (10, 22), (7, 9), (13, 28), (20, 25), (15, 25)]]","[[34.959080970736586, 111.18967049363727, 28.86945302245319, 142.87992005487897, 84.19299920053409, 23.447282204879865, 165.4515225592843, 59.05864309926184, 26.395704771899137, 242.80921669769057, 184.5036777868256, 44.30497122355007, 89.18399968792309, 35.73441460615528, 41.47076036822268, 11.244427572024554, 127.02627806570241]]"
495,"[[(0, 2), (0, 27), (6, 11), (6, 24), (18, 13), (9, 2), (9, 20), (23, 8), (4, 3), (3, 29), (21, 12), (8, 14), (10, 22), (7, 9), (13, 28), (20, 25), (15, 25)]]","[[24.583068021681477, 109.83323174404445, 29.041964034899593, 121.97049281214375, 130.08755339695693, 4.544399042082849, 243.39417712591333, 21.742413803429258, 26.207676600341237, 655.8258322353066, 185.89731854963657, 41.9694722965461, 66.40964273654224, 33.826117472011035, 21.362032468480912, 17.826216725688802, 115.15235144513609]]"
496,"[[(0, 2), (0, 27), (6, 11), (6, 24), (18, 13), (9, 2), (9, 20), (23, 8), (4, 3), (3, 29), (21, 12), (8, 14), (10, 22), (7, 9), (13, 28), (20, 25), (15, 25)]]","[[27.31970186725967, 194.4403748209001, 20.442407966524502, 161.4443967774116, 40.97474054171053, 25.40791349554967, 222.83239482320653, 203.323734955856, 18.804987621843274, 129.55522205921392, 178.87525427603694, 41.508127899736486, 127.92370720643754, 49.817382497266806, 38.9280123114676, 17.52805129335013, 107.38315094915924]]"
497,"[[(0, 2), (0, 27), (6, 11), (6, 24), (18, 13), (9, 2), (9, 20), (23, 8), (4, 3), (3, 29), (21, 12), (8, 14), (10, 22), (7, 9), (13, 28), (20, 25), (15, 25)]]","[[27.2413983303897, 111.95036933522661, 23.334393298871483, 149.49743683829425, 67.06239427205139, 52.833919598934095, 209.35253026661326, 29.771496162806372, 16.935956953069997, 447.6280482502595, 153.7184228083605, 29.31112760417854, 71.29430852422185, 47.67301045076488, 8.574024632996327, 17.61452253514241, 126.74635959710135]]"
498,"[[(0, 2), (0, 27), (6, 11), (6, 24), (18, 13), (9, 2), (9, 20), (23, 8), (4, 3), (3, 29), (21, 12), (8, 14), (10, 22), (7, 9), (13, 28), (20, 25), (15, 25)]]","[[26.598579260735217, 208.9159296944553, 22.58532215956338, 131.9849392976634, 138.33882022035215, 69.3405439212737, 188.53588667878034, 236.54244440613576, 9.647767053441017, 101.24610570185749, 156.04359062277194, 23.062351115752637, 121.47505646057762, 29.408205507424398, 28.319599793857144, 8.111197936545318, 132.6602038699936]]"
499,"[[(0, 2), (0, 27), (6, 11), (6, 24), (18, 13), (9, 2), (9, 20), (23, 8), (4, 3), (3, 29), (21, 12), (8, 14), (10, 22), (7, 9), (13, 28), (20, 25), (15, 25)]]","[[38.40969062933799, 108.5566860080603, 20.122283759587134, 163.20260757915463, 82.62288391460609, 15.534074991869948, 136.05336586085113, 279.486973606117, 22.679253788780777, 668.8707976553532, 146.08223982671015, 21.57318257623884, 64.47708896151222, 37.4824552274916, 33.700753067434675, 8.692256510691633, 115.40635652881997]]"
500,"[[(0, 2), (0, 27), (6, 11), (6, 24), (18, 13), (9, 2), (9, 20), (23, 8), (4, 3), (3, 29), (21, 12), (8, 14), (10, 22), (7, 9), (13, 28), (20, 25), (15, 25)]]","[[29.718518367815996, 108.76084032570769, 29.579560085683, 72.34827121083656, 134.43701331229926, 70.41603350117065, 174.65678657849577, 179.10317813940418, 13.759439896165322, 316.6839810507963, 196.51447734704658, 37.357235830621406, 69.3453338247389, 42.29092256640499, 16.231161219068454, 10.678386526728051, 123.04018422341146]]"
501,"[[(0, 2), (0, 27), (6, 11), (6, 24), (18, 13), (9, 2), (9, 20), (23, 8), (4, 3), (3, 29), (21, 12), (8, 14), (10, 22), (7, 9), (13, 28), (20, 25), (15, 25)]]","[[31.405879186049283, 176.65745504154, 24.921744047463875, 73.6273009860646, 142.7575324756159, 65.84522960797943, 83.10146500530016, 303.7922536022195, 14.998821107932162, 68.98526162494906, 145.6141189925333, 23.32683788658016, 95.34122998125608, 26.37510037515011, 9.792986393411956, 6.429148662138086, 128.09868232873845]]"
502,"[[(0, 2), (0, 27), (6, 11), (6, 24), (18, 13), (9, 2), (9, 20), (23, 8), (4, 3), (3, 29), (21, 12), (8, 14), (10, 22), (7, 9), (13, 28), (20, 25), (15, 25)]]","[[34.21997862263776, 72.51850955071721, 23.638494961825803, 150.51180732009414, 70.98566235319974, 36.296636301021636, 227.21844663882013, 115.26938305702461, 28.173188643204004, 546.3817739975485, 151.75602621963955, 31.895156764500264, 94.8571321458956, 28.300073016743426, 27.52981518077137, 11.274211321600758, 127.43979174476524]]"
503,"[[(0, 2), (0, 27), (6, 11), (6, 24), (18, 13), (9, 2), (9, 20), (23, 8), (4, 3), (3, 29), (21, 12), (8, 14), (10, 22), (7, 9), (13, 28), (20, 25), (15, 25)]]","[[41.944395973789995, 146.46027501833845, 23.05784931403504, 88.20278261328531, 136.38677543139136, 46.664848699704066, 198.95899363678507, 45.242315629666386, 14.801215085918468, 539.8122877547854, 152.61914208124335, 42.1030631566474, 58.72198291323669, 24.814170780458078, 18.755834803402063, 19.79641986408228, 116.12591218563034]]"
504,"[[(0, 2), (0, 27), (6, 11), (6, 24), (18, 13), (9, 2), (9, 20), (23, 8), (4, 3), (3, 29), (21, 12), (8, 14), (10, 22), (7, 9), (13, 28), (20, 25), (15, 25)]]","[[30.134251210700185, 70.17072263193333, 20.939270501166597, 76.26959949243493, 134.58091840439215, 19.316089245518015, 247.6515191622852, 61.4289984346308, 24.03646772210311, 169.9710786580091, 183.25182983166854, 22.826402970375145, 88.0945825898487, 48.858018536174015, 15.088039616940309, 9.602085994747181, 130.7432235691738]]"
505,"[[(0, 2), (0, 27), (6, 11), (6, 24), (18, 13), (9, 2), (9, 20), (23, 8), (4, 3), (3, 29), (21, 12), (8, 14), (10, 22), (7, 9), (13, 28), (20, 25), (15, 25)]]","[[38.69493948858362, 188.63513711623625, 25.529203559590215, 120.28100062298584, 19.745842682867988, 53.17777123293825, 109.61874451272114, 187.01336331084133, 23.635535994101406, 229.17879304708782, 191.019659556303, 20.532305792446405, 173.90256541160338, 38.18050858323724, 44.63633579911083, 4.208489337317083, 109.1846929463386]]"
506,"[[(0, 2), (0, 27), (6, 11), (6, 24), (18, 13), (9, 2), (9, 20), (23, 8), (4, 3), (3, 29), (21, 12), (8, 14), (10, 22), (7, 9), (13, 28), (20, 25), (15, 25)]]","[[39.939137283862905, 69.19559190241065, 24.33666528498148, 140.0045047250693, 21.078913996847163, 65.73673667481879, 188.67963793492237, 340.62620463534915, 10.256119856067691, 289.81334262225727, 191.56935819173745, 43.11661202284721, 118.79638985647487, 27.23773361994047, 38.381869000032054, 11.864233450529444, 115.93686336169733]]"
507,"[[(0, 2), (0, 27), (6, 11), (6, 24), (18, 13), (9, 2), (9, 20), (23, 8), (4, 3), (3, 29), (21, 12), (8, 14), (10, 22), (7, 9), (13, 28), (20, 25), (15, 25)]]","[[36.63528610393911, 151.13199491229676, 22.115142960506287, 96.5126293837296, 70.26348231652983, 29.56959757267619, 210.19596372869267, 352.2566525842362, 14.751314997931644, 540.1194163905893, 189.61083458108172, 45.74344093040684, 145.186931787299, 52.25942072904284, 38.99133504340255, 19.72189094080762, 121.8690169932869]]"
508,"[[(0, 2), (0, 27), (6, 11), (6, 24), (18, 13), (9, 2), (9, 20), (23, 8), (4, 3), (3, 29), (21, 12), (8, 14), (10, 22), (7, 9), (13, 28), (20, 25), (15, 25)]]","[[26.917899148689543, 188.26694358435952, 23.931621732028926, 156.89634975623125, 92.58021434184208, 66.20653737026288, 93.16588295041659, 94.24237727630029, 27.23611644234312, 440.22110852323675, 172.06576219059744, 35.30092103826257, 155.88135323351156, 18.853636117603603, 33.47151629002934, 9.187190352080663, 100.40196270191475]]"
509,"[[(0, 2), (0, 27), (6, 11), (6, 24), (18, 13), (9, 2), (9, 20), (23, 8), (4, 3), (3, 29), (21, 12), (8, 14), (10, 22), (7, 9), (13, 28), (20, 25), (15, 25)]]","[[30.495877713829756, 94.38397390806523, 22.57744502404578, 125.74905775361418, 150.34846933321506, 44.452662122095724, 74.88871509057127, 176.94747264505844, 25.023836699275815, 362.9792373376337, 181.3522466772801, 42.24475045290035, 79.63557552357364, 35.63670775938205, 38.84773289072551, 12.377439034354454, 117.4244162575792]]"
510,"[[(0, 2), (0, 27), (6, 11), (6, 24), (18, 13), (9, 2), (9, 20), (23, 8), (4, 3), (3, 29), (21, 12), (8, 14), (10, 22), (7, 9), (13, 28), (20, 25), (15, 25)]]","[[29.624236568845255, 215.77000960884124, 20.535915723885005, 147.4443722181868, 68.69646707161989, 56.03605493987204, 221.3393759326297, 308.99465498836565, 18.9272262180207, 460.43332315741816, 175.29427244027553, 24.254034767139366, 166.1907612779312, 31.47679634607732, 36.47375130189858, 8.788265995275072, 105.61709357212364]]"
511,"[[(0, 2), (0, 27), (6, 11), (6, 24), (18, 13), (9, 2), (9, 20), (23, 8), (4, 3), (3, 29), (21, 12), (8, 14), (10, 22), (7, 9), (13, 28), (20, 25), (15, 25)]]","[[31.652812722433666, 164.62790808297552, 25.62465818059494, 150.0391648002906, 76.31451590957067, 46.906906252154556, 188.19017650633924, 89.56602811700486, 17.09995839164952, 297.71512163566933, 188.49693782047873, 42.08113226738525, 159.60501250146248, 48.044109867527, 16.027214603271872, 5.707469242889802, 134.6256019393378]]"
512,"[[(0, 2), (0, 27), (6, 11), (6, 24), (18, 13), (9, 2), (9, 20), (23, 8), (4, 3), (3, 29), (21, 12), (8, 14), (10, 22), (7, 9), (13, 28), (20, 25), (15, 25)]]","[[36.910454663697536, 192.1945203955134, 22.904777533966705, 97.20475928120004, 136.6366771807605, 9.060313407131215, 130.5175712382628, 190.9663149495409, 16.21632417791462, 160.77381251654822, 177.72366623834824, 42.43361179165031, 156.36962153981784, 39.19583313498415, 16.70433999335338, 16.995639205312933, 120.24758999403628]]"
513,"[[(0, 2), (0, 27), (6, 11), (6, 24), (18, 13), (9, 2), (9, 20), (23, 8), (4, 3), (3, 29), (21, 12), (8, 14), (10, 22), (7, 9), (13, 28), (20, 25), (15, 25)]]","[[36.937350114352284, 172.21433273507105, 28.01662430206933, 166.49973484425453, 123.67415837464435, 36.847553690128606, 241.88615541315676, 259.0035573548955, 18.814553369584154, 80.11378294725857, 166.49045914707352, 29.605397809189277, 154.95186039978825, 31.3518106357931, 11.555999342783077, 13.522454201695606, 128.56975566628407]]"
514,"[[(0, 2), (0, 27), (6, 11), (6, 24), (18, 13), (9, 2), (9, 20), (23, 8), (4, 3), (3, 29), (21, 12), (8, 14), (10, 22), (7, 9), (13, 28), (20, 25), (15, 25)]]","[[32.059828047074035, 59.54958075037937, 26.236547453850683, 93.61792585211747, 45.46479667790587, 57.40796114167673, 247.69644927633888, 107.66555198984453, 12.274160350783472, 363.90922002277034, 175.63876825204923, 35.12655855895915, 120.64238130776536, 28.580162452797065, 10.31433676423924, 7.943804470522956, 104.75634235324308]]"
515,"[[(0, 2), (0, 27), (6, 11), (6, 24), (18, 13), (9, 2), (9, 20), (23, 8), (4, 3), (3, 29), (21, 12), (8, 14), (10, 22), (7, 9), (13, 28), (20, 25), (15, 25)]]","[[24.890099340788037, 69.29748678028642, 28.878911656839364, 148.7130063707094, 67.18194064461478, 41.39705828968195, 200.86878794190233, 237.22698025579004, 30.930941758793917, 403.05178961750454, 152.97323068407223, 30.462598223130865, 173.35363877451803, 31.138544682963705, 44.64172346241226, 10.846772836090024, 132.10464450593267]]"
516,"[[(0, 2), (0, 27), (6, 11), (6, 24), (18, 13), (9, 2), (9, 20), (23, 8), (4, 3), (3, 29), (21, 12), (8, 14), (10, 22), (7, 9), (13, 28), (20, 25), (15, 25)]]","[[23.704832487243404, 217.7714588236107, 21.394435797870734, 72.56229684953125, 25.566957717919447, 3.2473463902574204, 231.743983863362, 58.48402579061163, 13.529705725135251, 619.2332891555807, 149.16508082026417, 26.026092339330603, 147.89004328708737, 18.04587318378338, 26.484613072209303, 6.225860862757637, 132.78190895240118]]"
517,"[[(0, 2), (0, 27), (6, 11), (6, 24), (18, 13), (9, 2), (9, 20), (23, 8), (4, 3), (3, 29), (21, 12), (8, 14), (10, 22), (7, 9), (13, 28), (20, 25), (15, 25)]]","[[37.40499848098139, 164.15631083349763, 27.582856185904376, 147.21297401993644, 109.2157548522857, 76.29442900360738, 72.77156580237202, 34.903514607693964, 27.805548383254386, 503.7145487675063, 188.94962272736873, 31.040103206741684, 108.90984630421335, 40.15475403386279, 19.210255094630813, 17.583555193123104, 103.00224336992845]]"
518,"[[(0, 2), (0, 27), (6, 11), (6, 24), (18, 13), (9, 2), (9, 20), (23, 8), (4, 3), (3, 29), (21, 12), (8, 14), (10, 22), (7, 9), (13, 28), (20, 25), (15, 25)]]","[[25.644203499989427, 165.3867471505119, 20.023626639148112, 81.05646911088562, 26.358963460149205, 46.069996634034254, 142.81184185095498, 334.9339594012569, 17.35111178979644, 211.29993151120397, 178.5090801121771, 24.91391538599735, 49.57161955438348, 49.257967174257, 4.207357052817511, 8.540975290580334, 125.56072209420537]]"
519,"[[(0, 2), (0, 27), (6, 11), (6, 24), (18, 13), (9, 2), (9, 20), (23, 8), (4, 3), (3, 29), (21, 12), (8, 14), (10, 22), (7, 9), (13, 28), (20, 25), (15, 25)]]","[[34.82514049645795, 209.2906577697067, 25.82176180807418, 98.5256929396264, 73.16058883470049, 14.771830439252215, 111.4628384885717, 209.89894835251988, 18.33740436704388, 607.4299613732079, 149.87982468373983, 44.714911653254035, 74.98945054908484, 31.952775015929788, 21.03102541083484, 13.860808591661954, 111.73923584044421]]"
520,"[[(0, 2), (0, 27), (6, 11), (6, 24), (18, 13), (9, 2), (9, 20), (23, 8), (4, 3), (3, 29), (21, 12), (8, 14), (10, 22), (7, 9), (13, 28), (20, 25), (15, 25)]]","[[23.6530375209165, 94.4165250330804, 24.45319634583372, 155.5519834444414, 150.88018440918833, 66.877150497925, 129.28365063621445, 13.002766076778883, 26.767315323670275, 434.22831991791753, 189.2057691070073, 25.907386679109784, 179.29524040094796, 49.23263353470256, 1.0935713819647315, 5.219516337496888, 115.25811205436197]]"
521,"[[(0, 2), (0, 27), (6, 11), (6, 24), (18, 13), (9, 2), (9, 20), (23, 8), (4, 3), (3, 29), (21, 12), (8, 14), (10, 22), (7, 9), (13, 28), (20, 25), (15, 25)]]","[[32.42157624879722, 174.67607077863977, 22.765790840836274, 98.10641214763045, 111.08524502174468, 39.11147616462941, 106.1577197394218, 325.2186770808207, 10.827469189503773, 600.337529343063, 164.97256009628143, 38.62090795704151, 171.5605427575526, 44.76977330534899, 21.055161767060362, 10.675825114576389, 131.73231972299803]]"
522,"[[(0, 2), (0, 27), (6, 11), (6, 24), (18, 13), (9, 2), (9, 20), (23, 8), (4, 3), (3, 29), (21, 12), (8, 14), (10, 22), (7, 9), (13, 28), (20, 25), (15, 25)]]","[[29.553113934042663, 56.06758905962779, 24.535973915244803, 119.71153639566701, 147.38617245187658, 43.6199236027483, 151.94825118677613, 237.27296222722381, 23.438659943021428, 435.0553921222045, 193.21481787829134, 36.45417579726265, 88.46005118161429, 34.275695257566106, 11.730953767194435, 19.011395782273414, 120.9058489108585]]"
523,"[[(0, 2), (0, 27), (6, 11), (6, 24), (18, 13), (9, 2), (9, 20), (23, 8), (4, 3), (3, 29), (21, 12), (8, 14), (10, 22), (7, 9), (13, 28), (20, 25), (15, 25)]]","[[31.13940085467111, 62.47863172152529, 20.544347428435405, 118.31574604645863, 101.36203416624733, 51.20032556426514, 149.06347300202526, 114.59877980895736, 17.959435495983787, 660.0070307312996, 186.67009158768573, 41.74039849758932, 63.60937755262144, 21.2494499949114, 15.486414711026145, 5.257353510047176, 117.85027970635332]]"
524,"[[(0, 2), (0, 27), (6, 11), (6, 24), (18, 13), (9, 2), (9, 20), (23, 8), (4, 3), (3, 29), (21, 12), (8, 14), (10, 22), (7, 9), (13, 28), (20, 25), (15, 25)]]","[[31.37170852503734, 183.73640757446844, 26.8936138081865, 82.873383264783, 27.076685763522836, 69.85538829077966, 194.1611407552728, 75.526835944341, 23.09909213176233, 457.39987337157777, 149.72218958351957, 27.391463757649614, 172.72888173083794, 24.281070540778764, 1.8914870906288754, 16.878961949953904, 105.4206956400966]]"
525,"[[(0, 2), (0, 27), (6, 11), (6, 24), (18, 13), (9, 2), (9, 20), (23, 8), (4, 3), (3, 29), (21, 12), (8, 14), (10, 22), (7, 9), (13, 28), (20, 25), (15, 25)]]","[[38.436340484805285, 164.50492714361496, 24.863823580353152, 112.32121177775952, 126.93416725299483, 18.39858710162268, 198.9191582185006, 118.45168485520918, 13.1530576426555, 513.7634422480506, 181.75488391775298, 33.35289377283061, 143.34793054633224, 53.65614197979995, 11.38841980597246, 6.073519705593037, 103.64211667532554]]"
526,"[[(0, 2), (0, 27), (6, 11), (6, 24), (18, 13), (9, 2), (9, 20), (23, 8), (4, 3), (3, 29), (21, 12), (8, 14), (10, 22), (7, 9), (13, 28), (20, 25), (15, 25)]]","[[28.018636932367183, 185.52672904426473, 27.322626755954055, 74.44525125364629, 135.31529526174802, 15.321476342673982, 103.72421847589996, 36.40989934866774, 20.68708326300594, 643.4662177848958, 158.35008573952376, 26.864370464983452, 159.07662558958444, 33.85019772225462, 30.334097149545112, 9.171154938156947, 108.57179816497202]]"
527,"[[(0, 2), (0, 27), (6, 11), (6, 24), (18, 13), (9, 2), (9, 20), (23, 8), (4, 3), (3, 29), (21, 12), (8, 14), (10, 22), (7, 9), (13, 28), (20, 25), (15, 25)]]","[[33.56367871088646, 83.57443204876846, 25.45119085351278, 126.76302990603365, 56.33399207012911, 3.6326964145342524, 101.3282247079437, 141.10617287272117, 16.209179870870862, 451.27097206684203, 175.59735251817528, 21.493692740584876, 56.650774299634, 23.14580662938249, 17.42241493650444, 19.75183775407886, 104.95377406605647]]"
528,"[[(0, 2), (0, 27), (6, 11), (6, 24), (18, 13), (9, 2), (9, 20), (23, 8), (4, 3), (3, 29), (21, 12), (8, 14), (10, 22), (7, 9), (13, 28), (20, 25), (15, 25)]]","[[41.15660284460644, 181.06252741611505, 28.664663724634185, 133.47451132386354, 124.68787186191177, 10.313657495518274, 78.0367669175636, 270.0888186969316, 26.06336792457665, 156.71942893078383, 169.52186880237417, 40.572929126396865, 189.41479875881546, 50.477872814801984, 24.76812379069788, 6.7801521640444875, 108.30043637569952]]"
529,"[[(0, 2), (0, 27), (6, 11), (6, 24), (18, 13), (9, 2), (9, 20), (23, 8), (4, 3), (3, 29), (21, 12), (8, 14), (10, 22), (7, 9), (13, 28), (20, 25), (15, 25)]]","[[32.252193697418164, 208.00170160740998, 29.886491083769734, 89.04888142387817, 50.831239801372504, 3.8991556806071968, 182.94539305745286, 270.0501559821469, 25.792959905917343, 92.80570156259074, 188.78594808954477, 41.29032386175665, 78.12686991793672, 45.7545115456891, 18.87820378501259, 13.250456623116794, 117.91689026022335]]"
530,"[[(0, 2), (0, 27), (6, 11), (6, 24), (18, 13), (9, 2), (9, 20), (23, 8), (4, 3), (3, 29), (21, 12), (8, 14), (10, 22), (7, 9), (13, 28), (20, 25), (15, 25)]]","[[38.62112313854559, 150.58078237930818, 29.686315630487567, 155.10915152590132, 119.53626993396963, 25.75147838379282, 183.07133807223676, 143.12780231958808, 22.237335847106102, 112.09919218705299, 169.2516503987498, 36.567574652948615, 103.06046474417799, 50.5674668447414, 10.674696532400517, 18.046924805264098, 115.90192865786764]]"
531,"[[(0, 2), (0, 27), (6, 11), (6, 24), (18, 13), (9, 2), (9, 20), (23, 8), (4, 3), (3, 29), (21, 12), (8, 14), (10, 22), (7, 9), (13, 28), (20, 25), (15, 25)]]","[[26.384688252343047, 78.81347776680255, 27.42682200752558, 108.60388535350208, 34.89557046850757, 11.494784106934173, 170.92642598512685, 158.8831551573445, 17.27156052007676, 640.3808082782793, 154.19105981679198, 21.528746642477515, 67.50462116024354, 44.77139611081526, 30.059354668684612, 11.549283214265518, 117.98582613073921]]"
532,"[[(0, 2), (0, 27), (6, 11), (6, 24), (18, 13), (9, 2), (9, 20), (23, 8), (4, 3), (3, 29), (21, 12), (8, 14), (10, 22), (7, 9), (13, 28), (20, 25), (15, 25)]]","[[26.20792541540048, 153.53395570389517, 27.89825533954141, 74.31543659361904, 89.9594751445403, 54.95096580297138, 211.242378573284, 323.8213855264964, 16.22471738722097, 119.31920168051914, 180.02101433497458, 33.0809843929418, 175.21450976777822, 52.30652326813986, 41.66272958846573, 14.378322754695272, 107.86129490613541]]"
533,"[[(0, 2), (0, 27), (6, 11), (6, 24), (18, 13), (9, 2), (9, 20), (23, 8), (4, 3), (3, 29), (21, 12), (8, 14), (10, 22), (7, 9), (13, 28), (20, 25), (15, 25)]]","[[40.39028615942646, 120.06935165631441, 29.909109155296342, 126.79096275207608, 72.37619299879026, 13.684378561494302, 242.1045321570891, 288.5658649711313, 26.33251832188825, 41.73418152665394, 154.33665741131693, 29.70026328021374, 146.4192002802271, 22.997337253579715, 11.068464998537594, 13.600147089275294, 112.04548538087798]]"
534,"[[(0, 2), (0, 27), (6, 11), (6, 24), (18, 13), (9, 2), (9, 20), (23, 8), (4, 3), (3, 29), (21, 12), (8, 14), (10, 22), (7, 9), (13, 28), (20, 25), (15, 25)]]","[[42.24535728738795, 91.9430785608647, 27.686222019629465, 121.33570081936665, 45.9981770459418, 6.3535670436994724, 182.11981135441656, 255.90503859476905, 21.493322952889617, 525.3117751160576, 156.070166094351, 18.21297299885956, 124.2155082386085, 34.745760743525196, 12.999497622142284, 6.65864028846949, 103.15357407872096]]"
535,"[[(0, 2), (0, 27), (6, 11), (6, 24), (18, 13), (9, 2), (9, 20), (23, 8), (4, 3), (3, 29), (21, 12), (8, 14), (10, 22), (7, 9), (13, 28), (20, 25), (15, 25)]]","[[23.75419185189314, 219.30414252897307, 21.267779005902725, 113.47149892330302, 153.2677292460817, 16.466525321234034, 250.54734443152208, 265.1889345275672, 22.1390698777056, 399.4464719944076, 162.0134639887153, 38.80141711196323, 161.5515645882548, 37.52719667318725, 36.07625577587343, 13.624895393012395, 115.68026034673677]]"
536,"[[(0, 2), (0, 27), (6, 11), (6, 24), (18, 13), (9, 2), (9, 20), (23, 8), (4, 3), (3, 29), (21, 12), (8, 14), (10, 22), (7, 9), (13, 28), (20, 25), (15, 25)]]","[[32.21388208942924, 146.29226572954224, 26.146029921290413, 100.47462637275574, 71.22682196244139, 13.453561799103223, 143.9398169059421, 118.90734336587823, 10.406921913456804, 418.12614330545426, 195.52027646507602, 20.109064350009646, 60.726843255395245, 49.176356214667535, 2.96442801787387, 6.765297173427106, 108.87389681936679]]"
537,"[[(0, 2), (0, 27), (6, 11), (6, 24), (18, 13), (9, 2), (9, 20), (23, 8), (4, 3), (3, 29), (21, 12), (8, 14), (10, 22), (7, 9), (13, 28), (20, 25), (15, 25)]]","[[25.726337950568922, 66.23028868082638, 23.198254923307175, 137.93869635784046, 108.78377163753977, 20.595460373038716, 124.84997634745935, 188.9914183005656, 29.565317344432465, 452.6257390519832, 187.199140449196, 29.30514966566043, 51.98069070154671, 29.588683269816986, 26.213660941072384, 9.768537649894855, 131.22210990984632]]"
538,"[[(0, 2), (0, 27), (6, 11), (6, 24), (18, 13), (9, 2), (9, 20), (23, 8), (4, 3), (3, 29), (21, 12), (8, 14), (10, 22), (7, 9), (13, 28), (20, 25), (15, 25)]]","[[32.50700357089951, 149.7983067011557, 28.901636826334972, 164.51794210874004, 129.6858443066127, 57.18425485210839, 145.21075629133767, 75.41507422242739, 21.57582962465028, 228.7540535097622, 162.22585215070262, 40.17040879410507, 171.89342610420022, 23.719534119130095, 27.347613308249354, 5.463799067261535, 112.40742814830695]]"
539,"[[(0, 2), (0, 27), (6, 11), (6, 24), (18, 13), (9, 2), (9, 20), (23, 8), (4, 3), (3, 29), (21, 12), (8, 14), (10, 22), (7, 9), (13, 28), (20, 25), (15, 25)]]","[[30.352720116211515, 93.30961246627207, 24.601275710374736, 119.45601231777206, 134.93880763013755, 62.242513356057664, 110.30165244894201, 249.22770402816687, 21.609821677052206, 539.6826975540467, 187.64338274741206, 36.68572717781481, 180.64611632547476, 29.49874501888015, 35.48051900872589, 14.302223538066155, 106.2904920617005]]"
540,"[[(0, 2), (0, 27), (6, 11), (6, 24), (18, 13), (9, 2), (9, 20), (23, 8), (4, 3), (3, 29), (21, 12), (8, 14), (10, 22), (7, 9), (13, 28), (20, 25), (15, 25)]]","[[25.9187819024135, 189.5149008078016, 25.15800980337019, 80.10375919859638, 83.67777572409808, 6.46227878862559, 248.941157267066, 127.88681877056469, 23.936434656254185, 66.65099846704257, 145.24820606619193, 26.586576306366524, 47.168114241801405, 25.083486189396652, 13.516537698163727, 11.954659796328425, 111.32985639869689]]"
541,"[[(0, 2), (0, 27), (6, 11), (6, 24), (18, 13), (9, 2), (9, 20), (23, 8), (4, 3), (3, 29), (21, 12), (8, 14), (10, 22), (7, 9), (13, 28), (20, 25), (15, 25)]]","[[35.759643357859645, 121.53928907537187, 20.310968257327087, 163.83504772952176, 40.10071203442623, 69.99673257670634, 105.66763787078463, 353.5122742859969, 11.183789721138695, 381.5999264228587, 185.93692055014338, 23.601049334847406, 154.00810843065005, 23.34494991236558, 38.40819013948797, 15.712955171892366, 129.06151397011007]]"
542,"[[(0, 2), (0, 27), (6, 11), (6, 24), (18, 13), (9, 2), (9, 20), (23, 8), (4, 3), (3, 29), (21, 12), (8, 14), (10, 22), (7, 9), (13, 28), (20, 25), (15, 25)]]","[[28.691802407765366, 68.96272838044472, 26.103261784901747, 161.37976121418083, 74.95405121527513, 53.08494945320708, 180.97375804761862, 183.9259033686122, 28.07403756350341, 619.0515687153335, 165.76685720352066, 26.46887484196469, 153.2467463798128, 52.10665587820941, 37.39298645849081, 18.522276243975682, 110.08901101380526]]"
543,"[[(0, 2), (0, 27), (6, 11), (6, 24), (18, 13), (9, 2), (9, 20), (23, 8), (4, 3), (3, 29), (21, 12), (8, 14), (10, 22), (7, 9), (13, 28), (20, 25), (15, 25)]]","[[35.878341097718504, 148.6799465024306, 23.928317795986935, 98.34885192547104, 80.21607061690605, 21.013682413016372, 217.14476546075258, 292.8303687617559, 27.55230384435772, 76.70067301614301, 179.8849256101107, 40.104016468034075, 103.53924083633865, 35.36949650771698, 9.89300072461598, 12.440517333189739, 110.64173970519327]]"
544,"[[(0, 2), (0, 27), (6, 11), (6, 24), (18, 13), (9, 2), (9, 20), (23, 8), (4, 3), (3, 29), (21, 12), (8, 14), (10, 22), (7, 9), (13, 28), (20, 25), (15, 25)]]","[[34.517105615493016, 63.24695024284797, 22.411028229372995, 120.82678447485095, 87.50998107583412, 26.87512341689037, 115.07545170609251, 203.87318819487598, 15.550582163879962, 469.7443025936062, 156.44067517538284, 39.11189348272297, 53.5216145626445, 39.203962165836835, 35.89209508797227, 11.85378399549827, 121.61035071196427]]"
545,"[[(0, 2), (0, 27), (6, 11), (6, 24), (18, 13), (9, 2), (9, 20), (23, 8), (4, 3), (3, 29), (21, 12), (8, 14), (10, 22), (7, 9), (13, 28), (20, 25), (15, 25)]]","[[29.382325820319146, 61.68811003613006, 25.89426477243949, 89.54660110898969, 90.10076220626462, 57.969882978153734, 91.05760591261787, 336.41909902617374, 24.123141036210917, 229.47383153233642, 164.2160735440704, 41.04735012486485, 132.24494751477397, 34.10206309382713, 28.58497067848005, 17.195668961048675, 122.56400604274704]]"
546,"[[(0, 2), (0, 27), (6, 11), (6, 24), (18, 13), (9, 2), (9, 20), (23, 8), (4, 3), (3, 29), (21, 12), (8, 14), (10, 22), (7, 9), (13, 28), (20, 25), (15, 25)]]","[[26.388011165890678, 141.75214325538911, 29.25518561334907, 159.22110661240845, 52.91268008590455, 21.418634719979163, 111.02028159401803, 152.516039679651, 14.29573568997396, 585.3598151022074, 155.42962934928022, 30.59188175651265, 193.55248751689356, 49.98383702947416, 3.6730355835589643, 12.010060801770518, 127.45067465302466]]"
547,"[[(0, 2), (0, 27), (6, 11), (6, 24), (18, 13), (9, 2), (9, 20), (23, 8), (4, 3), (3, 29), (21, 12), (8, 14), (10, 22), (7, 9), (13, 28), (20, 25), (15, 25)]]","[[24.721559473965797, 211.02688614944566, 29.56888780479487, 69.34788275776857, 79.14839171650307, 60.38595109476768, 120.93729950825201, 347.04077627145085, 27.838974284998972, 103.66773442702244, 172.22936655132023, 32.166289081469145, 112.4914232413809, 34.72564838576984, 21.0176889029429, 16.4713557221444, 123.58450371190814]]"
548,"[[(0, 2), (0, 27), (6, 11), (6, 24), (18, 13), (9, 2), (9, 20), (23, 8), (4, 3), (3, 29), (21, 12), (8, 14), (10, 22), (7, 9), (13, 28), (20, 25), (15, 25)]]","[[41.14496837716305, 124.3658169990629, 25.427632359089905, 84.939185407089, 128.70158518236994, 6.715969043762979, 238.79740687568147, 195.84075349211258, 21.066078052179662, 47.82441534697869, 147.16666299328014, 20.241930351239333, 81.82349289883561, 24.646173398816963, 34.09691231444998, 7.36799691173076, 133.61706883182165]]"
549,"[[(0, 2), (0, 27), (6, 11), (6, 24), (18, 13), (9, 2), (9, 20), (23, 8), (4, 3), (3, 29), (21, 12), (8, 14), (10, 22), (7, 9), (13, 28), (20, 25), (15, 25)]]","[[27.454431336913427, 154.02180445879884, 21.91239819883778, 119.25712984145675, 80.2113113751911, 4.963589377451737, 140.78689066102697, 51.69127999902839, 24.598469503714426, 196.25871272676457, 150.53412526804715, 35.75055379494745, 139.47521156780454, 51.8887130119613, 32.82072606413499, 12.108908560370596, 130.07483783299972]]"
550,"[[(0, 2), (0, 27), (6, 11), (6, 24), (18, 13), (9, 2), (9, 20), (23, 8), (4, 3), (3, 29), (21, 12), (8, 14), (10, 22), (7, 9), (13, 28), (20, 25), (15, 25)]]","[[40.75669441420937, 207.54904867820534, 29.360263853811617, 70.71267397193277, 87.46781719008389, 44.88152451050193, 144.0875738860225, 108.76537494979316, 23.0601719587574, 547.0369431548272, 162.19283605980718, 34.05062749089224, 82.22378636076891, 25.00552143865561, 32.10992164233318, 18.205039808193774, 102.40805005477453]]"
551,"[[(0, 2), (0, 27), (6, 11), (6, 24), (18, 13), (9, 2), (9, 20), (23, 8), (4, 3), (3, 29), (21, 12), (8, 14), (10, 22), (7, 9), (13, 28), (20, 25), (15, 25)]]","[[36.771314162606515, 223.51319751834572, 28.52931983786461, 111.31617459296129, 59.81400047863801, 33.45119520142602, 178.59440456930804, 63.36141462289869, 24.500552495050314, 612.4410753761375, 161.98402883475762, 29.39834353725605, 92.37933923357657, 24.687431588365072, 11.537083537958946, 6.684576845616789, 107.58998964540108]]"
552,"[[(0, 2), (0, 27), (6, 11), (6, 24), (18, 13), (9, 2), (9, 20), (23, 8), (4, 3), (3, 29), (21, 12), (8, 14), (10, 22), (7, 9), (13, 28), (20, 25), (15, 25)]]","[[29.799642195812144, 103.83884201507574, 27.38650522317736, 123.78014291213017, 95.36032092524331, 55.03974993827002, 180.47687646580943, 171.47706283789756, 21.082642640228876, 331.59877019628755, 186.5556157499553, 36.59877927413272, 54.35984052476982, 20.371673880654843, 43.61485768176817, 4.5654044226743675, 128.6699965366952]]"
553,"[[(0, 2), (0, 27), (6, 11), (6, 24), (18, 13), (9, 2), (9, 20), (23, 8), (4, 3), (3, 29), (21, 12), (8, 14), (10, 22), (7, 9), (13, 28), (20, 25), (15, 25)]]","[[38.478281043879605, 164.72239970302996, 24.39799194342094, 82.34667628266796, 144.54806286356373, 16.518878059587575, 192.35261963063806, 219.14657788720513, 14.472974934407002, 283.3116537803129, 158.162809179891, 18.270094124838874, 181.1767569804685, 35.332162764670315, 20.425229745740545, 17.933509489029436, 119.79432262727919]]"
554,"[[(0, 2), (0, 27), (6, 11), (6, 24), (18, 13), (9, 2), (9, 20), (23, 8), (4, 3), (3, 29), (21, 12), (8, 14), (10, 22), (7, 9), (13, 28), (20, 25), (15, 25)]]","[[31.37488082217932, 59.60487662400023, 27.52157529149082, 145.6076224434393, 26.761219398335115, 61.6194802736928, 156.2486599362603, 177.13005738270306, 17.131573902045886, 483.5565547445295, 165.73371185101047, 47.122264779569285, 77.91215754650136, 27.41509438166817, 32.84052118490035, 17.718499973923127, 128.59164195447875]]"
555,"[[(0, 2), (0, 27), (6, 11), (6, 24), (18, 13), (9, 2), (9, 20), (23, 8), (4, 3), (3, 29), (21, 12), (8, 14), (10, 22), (7, 9), (13, 28), (20, 25), (15, 25)]]","[[38.1260935156571, 197.14346897905497, 24.111395696357025, 71.52247445925381, 58.380533953459555, 50.291577363661744, 251.16776656245855, 133.52851426768387, 20.585738050726153, 586.8853818872769, 145.01232039003372, 41.9895790942588, 183.76410957792325, 51.32110453867604, 13.115046752936573, 4.929789850179503, 109.00467015818312]]"
556,"[[(0, 2), (0, 27), (6, 11), (6, 24), (18, 13), (9, 2), (9, 20), (23, 8), (4, 3), (3, 29), (21, 12), (8, 14), (10, 22), (7, 9), (13, 28), (20, 25), (15, 25)]]","[[28.458292875002726, 166.8118603924345, 28.763048756872315, 104.50303483820326, 145.9274065238801, 23.825706711242535, 219.19459385976313, 85.8577201483292, 27.545500997683178, 480.5598441932813, 171.6998317055057, 31.37779714651134, 96.58078102577491, 28.967041340518342, 30.820867351743008, 10.381056890853374, 133.50858046124108]]"
557,"[[(0, 2), (0, 27), (6, 11), (6, 24), (18, 13), (9, 2), (9, 20), (23, 8), (4, 3), (3, 29), (21, 12), (8, 14), (10, 22), (7, 9), (13, 28), (20, 25), (15, 25)]]","[[34.2163260340638, 54.93961422058968, 26.498793566365755, 137.3145702244502, 129.00115118166502, 75.03405045685496, 147.93210154576258, 190.95700114100364, 9.457721275825891, 539.846007468097, 170.29659711683897, 39.40813278290433, 152.6579982795616, 44.99572461861272, 33.66892869976983, 8.712831355365125, 114.31933922992326]]"
558,"[[(0, 2), (0, 27), (6, 11), (6, 24), (18, 13), (9, 2), (9, 20), (23, 8), (4, 3), (3, 29), (21, 12), (8, 14), (10, 22), (7, 9), (13, 28), (20, 25), (15, 25)]]","[[36.60432895812423, 68.11072374347918, 29.18404354622074, 163.64534777737526, 78.29911517133522, 55.431804253798, 218.7011737599858, 258.94174415962414, 22.12821479996305, 175.55998497109076, 180.09186105567642, 42.60674677729445, 149.6306491945505, 19.69743570835529, 11.125486275273488, 10.059315842149722, 115.24992883138147]]"
559,"[[(0, 2), (0, 27), (6, 11), (6, 24), (18, 13), (9, 2), (9, 20), (23, 8), (4, 3), (3, 29), (21, 12), (8, 14), (10, 22), (7, 9), (13, 28), (20, 25), (15, 25)]]","[[36.58800037927889, 56.93723772391942, 28.97039057543325, 113.57787970795732, 35.132747770629194, 18.476515443688477, 73.0232668966329, 168.03112108185, 23.504708023963488, 145.07660320202288, 192.41814652311584, 23.89617476980574, 67.06746774849898, 38.656056813108556, 25.024287146336462, 7.31638413171099, 112.6774469177496]]"
560,"[[(0, 2), (0, 27), (6, 11), (6, 24), (18, 13), (9, 2), (9, 20), (23, 8), (4, 3), (3, 29), (21, 12), (8, 14), (10, 22), (7, 9), (13, 28), (20, 25), (15, 25)]]","[[30.255142050518415, 82.86994838339331, 25.44705127885802, 140.1231634431736, 127.8823065128347, 73.0841680148176, 107.19448502148119, 296.0628179848539, 26.369457108459617, 19.24402740870522, 190.11919322788918, 30.22926600301532, 176.3272548343383, 25.72217053956245, 23.934263207434523, 4.694934205396773, 122.21966366221768]]"
561,"[[(0, 2), (0, 27), (6, 11), (6, 24), (18, 13), (9, 2), (9, 20), (23, 8), (4, 3), (3, 29), (21, 12), (8, 14), (10, 22), (7, 9), (13, 28), (20, 25), (15, 25)]]","[[25.245020768494808, 112.999419822873, 20.362556732675017, 148.532866304531, 116.1257188881958, 10.185898801603189, 212.6088101121869, 167.0428495497396, 27.447704622196227, 453.04649953206996, 187.92832876155177, 39.61032707664393, 53.12934803691524, 27.89825627812712, 41.852153016016636, 19.640751116604, 109.98438743187776]]"
562,"[[(0, 2), (0, 27), (6, 11), (6, 24), (18, 13), (9, 2), (9, 20), (23, 8), (4, 3), (3, 29), (21, 12), (8, 14), (10, 22), (7, 9), (13, 28), (20, 25), (15, 25)]]","[[37.99434520724169, 67.0682558713608, 24.091707643902286, 102.41466252143542, 96.55872896768997, 17.350734005690992, 144.71898360053962, 112.12831491038166, 15.493549378937487, 183.63489499058426, 174.72458104264817, 30.941750102813387, 63.599923315026764, 33.27113413476166, 40.50980917894821, 9.464269297584265, 129.23046752506275]]"
563,"[[(0, 2), (0, 27), (6, 11), (6, 24), (18, 13), (9, 2), (9, 20), (23, 8), (4, 3), (3, 29), (21, 12), (8, 14), (10, 22), (7, 9), (13, 28), (20, 25), (15, 25)]]","[[29.206601476149267, 88.87432707286044, 21.840408050025687, 75.59792191636876, 79.64205339944664, 23.276525071154822, 153.1192827793884, 150.79649419187794, 17.01120229907952, 255.99244490955803, 161.75563856877125, 33.73856577264147, 157.22204644612276, 49.14408197124704, 16.332927843721375, 4.223132204655045, 118.0631798333807]]"
564,"[[(0, 2), (0, 27), (6, 11), (6, 24), (18, 13), (9, 2), (9, 20), (23, 8), (4, 3), (3, 29), (21, 12), (8, 14), (10, 22), (7, 9), (13, 28), (20, 25), (15, 25)]]","[[30.776734602567117, 151.1239447174476, 24.662703552469615, 106.80487188418107, 129.04072124044708, 76.24304155225403, 213.71798009261016, 285.9806917497693, 24.75996129903469, 259.27972420366063, 196.39421061048182, 28.99989496126658, 53.086262482849165, 43.42673593565373, 45.908465403761795, 13.39844626732235, 133.10130092805693]]"
565,"[[(0, 2), (0, 27), (6, 11), (6, 24), (18, 13), (9, 2), (9, 20), (23, 8), (4, 3), (3, 29), (21, 12), (8, 14), (10, 22), (7, 9), (13, 28), (20, 25), (15, 25)]]","[[34.87634299337287, 86.01226872452841, 26.004910751273574, 90.9707354156964, 135.06353942854065, 31.485371503636447, 206.55837273782984, 87.85814912085897, 11.727247356403964, 112.99898539506395, 187.82054035913134, 25.793083215382655, 156.27982679757548, 43.39875754152823, 40.38338375509147, 19.46838127759726, 100.25380478620046]]"
566,"[[(0, 2), (0, 27), (6, 11), (6, 24), (18, 13), (9, 2), (9, 20), (23, 8), (4, 3), (3, 29), (21, 12), (8, 14), (10, 22), (7, 9), (13, 28), (20, 25), (15, 25)]]","[[38.342719261827376, 147.34843447158636, 20.377829540039887, 111.4773640880891, 147.55456971482235, 72.1858067794607, 179.63539849794563, 282.94235000931735, 24.843657491319355, 593.6234100530797, 150.05633561501023, 33.622995362311094, 162.43282319696632, 48.63295809335767, 37.879904776134026, 9.241542534778278, 101.81203897287607]]"
567,"[[(0, 2), (0, 27), (6, 11), (6, 24), (18, 13), (9, 2), (9, 20), (23, 8), (4, 3), (3, 29), (21, 12), (8, 14), (10, 22), (7, 9), (13, 28), (20, 25), (15, 25)]]","[[36.8263551570816, 89.63138771518747, 29.48262993442032, 116.41007766793047, 22.529442754192843, 42.44130920828179, 195.97224730994003, 230.71132954720557, 10.770469621523079, 357.30418170018936, 186.02562005701435, 28.67822626040408, 166.16824029964312, 51.784844987936374, 42.92896479349935, 13.89350032329681, 128.7927317601841]]"
568,"[[(0, 2), (0, 27), (6, 11), (6, 24), (18, 13), (9, 2), (9, 20), (23, 8), (4, 3), (3, 29), (21, 12), (8, 14), (10, 22), (7, 9), (13, 28), (20, 25), (15, 25)]]","[[33.43091279323425, 165.14372849908239, 28.121625259913326, 101.39829941007729, 152.95652261104485, 53.35025708607829, 104.46481584569425, 12.5939795238375, 27.662726731701156, 432.97210418419667, 187.0418517143674, 25.934789718278275, 74.55305518014782, 45.40591238923585, 25.165595084440724, 19.445884653276124, 133.89798346871294]]"
569,"[[(0, 2), (0, 27), (6, 11), (6, 24), (18, 13), (9, 2), (9, 20), (23, 8), (4, 3), (3, 29), (21, 12), (8, 14), (10, 22), (7, 9), (13, 28), (20, 25), (15, 25)]]","[[31.65373581268194, 129.9626752484107, 24.668756203258667, 159.63877517158278, 95.1970037918404, 9.06588420143105, 167.41084516342096, 179.96516702876266, 21.974353961265404, 67.78218299344351, 172.85232748128297, 47.58095769440995, 72.82135839382796, 35.03469452992895, 38.78925964654762, 11.307785730253915, 123.52251323734791]]"
570,"[[(0, 2), (0, 27), (6, 11), (6, 24), (18, 13), (9, 2), (9, 20), (23, 8), (4, 3), (3, 29), (21, 12), (8, 14), (10, 22), (7, 9), (13, 28), (20, 25), (15, 25)]]","[[28.958086535630677, 79.93061085788139, 26.012786875963545, 154.23886763569854, 132.04945993898627, 23.57206806895004, 173.45606304392032, 292.13736857813484, 29.03348444953369, 443.2490555106495, 164.83404089107177, 27.887557108653468, 126.60482505048597, 28.710815996436455, 12.700454571347528, 4.486560443013191, 112.19138550976042]]"
571,"[[(0, 2), (0, 27), (6, 11), (6, 24), (18, 13), (9, 2), (9, 20), (23, 8), (4, 3), (3, 29), (21, 12), (8, 14), (10, 22), (7, 9), (13, 28), (20, 25), (15, 25)]]","[[42.95326081228632, 132.02955596261094, 28.84551039067662, 72.79956796390745, 50.569166782979295, 30.507545970642415, 165.06250423803579, 303.2141181251894, 25.721589787553203, 112.07966265453743, 151.92223666051305, 19.24460162365463, 144.59231056741794, 45.21596856651024, 14.657040182670084, 17.617337759619538, 131.70255253676024]]"
572,"[[(0, 2), (0, 27), (6, 11), (6, 24), (18, 13), (9, 2), (9, 20), (23, 8), (4, 3), (3, 29), (21, 12), (8, 14), (10, 22), (7, 9), (13, 28), (20, 25), (15, 25)]]","[[25.418826853522777, 175.09083140472052, 28.906507941219576, 136.39493001923262, 129.86236297229487, 71.48404838582013, 118.91178114094049, 98.2247751449961, 9.314938594448748, 321.45080472669457, 184.96374197026086, 40.53452919140992, 108.84217076197433, 25.55170680485434, 1.7818694852427404, 17.97722858768026, 106.1593308585721]]"
573,"[[(0, 2), (0, 27), (6, 11), (6, 24), (18, 13), (9, 2), (9, 20), (23, 8), (4, 3), (3, 29), (21, 12), (8, 14), (10, 22), (7, 9), (13, 28), (20, 25), (15, 25)]]","[[39.08209302073879, 90.9655231955108, 28.35145733954222, 72.4077835863603, 83.34126840880762, 72.30969126848572, 138.52401048305182, 18.50240191291709, 23.261300108312593, 296.0875551359606, 166.31229086692173, 30.35333170177081, 155.70247472293994, 37.76673060101889, 7.534355889621619, 17.48808268475491, 134.4207504158263]]"
574,"[[(0, 2), (0, 27), (6, 11), (6, 24), (18, 13), (9, 2), (9, 20), (23, 8), (4, 3), (3, 29), (21, 12), (8, 14), (10, 22), (7, 9), (13, 28), (20, 25), (15, 25)]]","[[24.761311748985595, 121.6518456272758, 26.621827935241704, 69.7343983295269, 26.685487606559533, 25.99022220356955, 154.52583516546133, 314.049416554983, 19.437206676407985, 127.97091317791747, 159.08614016945268, 42.892170346091675, 135.89833494088577, 52.1688781944024, 26.700067282252448, 9.92222776317236, 117.00992644070189]]"
575,"[[(0, 2), (0, 27), (6, 11), (6, 24), (18, 13), (9, 2), (9, 20), (23, 8), (4, 3), (3, 29), (21, 12), (8, 14), (10, 22), (7, 9), (13, 28), (20, 25), (15, 25)]]","[[42.26957097765026, 172.84082822297523, 25.144925493747223, 106.09006067739276, 20.773496474852475, 72.47917489294602, 183.93676639491656, 165.45852209743032, 29.04730850694253, 582.0590962539883, 162.9749980316743, 47.2314931533071, 75.15830580046537, 43.84217063929263, 21.337954713101954, 7.277907741394488, 102.23879052743324]]"
576,"[[(0, 2), (0, 27), (6, 11), (6, 24), (18, 13), (9, 2), (9, 20), (23, 8), (4, 3), (3, 29), (21, 12), (8, 14), (10, 22), (7, 9), (13, 28), (20, 25), (15, 25)]]","[[41.824904254419366, 164.38447880301055, 21.666458171077597, 150.67512114236524, 83.25116798588583, 30.9354621938991, 86.7503065275626, 323.69678208717335, 23.537311433339706, 29.7233436535002, 182.28416935677848, 19.359763133527053, 151.97923726440615, 51.10363569977007, 14.737040454233279, 19.72047088330273, 99.31073018124667]]"
577,"[[(0, 2), (0, 27), (6, 11), (6, 24), (18, 13), (9, 2), (9, 20), (23, 8), (4, 3), (3, 29), (21, 12), (8, 14), (10, 22), (7, 9), (13, 28), (20, 25), (15, 25)]]","[[28.685469509180184, 139.1229248476942, 26.442669464245053, 154.16478285786462, 61.359192235055716, 24.438284109454326, 170.45115347107773, 201.47562116698361, 20.4860201917539, 102.16592026517539, 178.51818695352878, 32.43385156365096, 101.1901466540387, 39.33912526578561, 42.8206840654495, 19.170927571108955, 113.74332738588976]]"
578,"[[(0, 2), (0, 27), (6, 11), (6, 24), (18, 13), (9, 2), (9, 20), (23, 8), (4, 3), (3, 29), (21, 12), (8, 14), (10, 22), (7, 9), (13, 28), (20, 25), (15, 25)]]","[[31.335258513496527, 126.98985337338078, 20.78516887487212, 107.2193043958847, 29.204942840810475, 25.01368579724386, 100.7076095579737, 231.29677495146555, 15.004532904245865, 412.06502428461295, 154.88892488646533, 37.2070291353138, 71.90952303189906, 31.508254074688622, 28.47474401549965, 13.412039910068666, 113.52667391365992]]"
579,"[[(0, 2), (0, 27), (6, 11), (6, 24), (18, 13), (9, 2), (9, 20), (23, 8), (4, 3), (3, 29), (21, 12), (8, 14), (10, 22), (7, 9), (13, 28), (20, 25), (15, 25)]]","[[30.17232351804177, 200.14041285205198, 21.773317426695538, 149.60669108258014, 146.1791075392484, 51.87247692195379, 248.0546946805209, 304.5101253488157, 20.902198219358723, 493.00253208850575, 195.93150934534145, 19.658089768061263, 118.72344157136332, 35.57656866793903, 4.86386011780777, 10.034714051002625, 100.73228214120533]]"
580,"[[(0, 2), (0, 27), (6, 11), (6, 24), (18, 13), (9, 2), (9, 20), (23, 8), (4, 3), (3, 29), (21, 12), (8, 14), (10, 22), (7, 9), (13, 28), (20, 25), (15, 25)]]","[[41.42075319588721, 59.08118121828628, 23.4142911587356, 92.48474086119766, 58.26115726769006, 41.783855017295195, 138.15661890838476, 46.304287999172324, 17.43780901800379, 498.34449874486774, 187.09169901699156, 32.313158758825374, 93.43795333762915, 19.364287377966917, 19.956191412022317, 12.429857881378878, 121.42784757416092]]"
581,"[[(0, 2), (0, 27), (6, 11), (6, 24), (18, 13), (9, 2), (9, 20), (23, 8), (4, 3), (3, 29), (21, 12), (8, 14), (10, 22), (7, 9), (13, 28), (20, 25), (15, 25)]]","[[33.60017290748512, 71.30055223843961, 27.70988520645531, 151.60699078180477, 16.263961301411616, 42.957612730244946, 73.83269838495126, 10.410026971666197, 9.21474766066757, 349.12889245175677, 149.7083466013767, 20.867115556506754, 52.5392451660704, 48.63254499709066, 35.36784584573509, 8.962058467170008, 134.80581967347106]]"
582,"[[(0, 2), (0, 27), (6, 11), (6, 24), (18, 13), (9, 2), (9, 20), (23, 8), (4, 3), (3, 29), (21, 12), (8, 14), (10, 22), (7, 9), (13, 28), (20, 25), (15, 25)]]","[[30.783426602500846, 123.17088623416689, 21.607188302251746, 85.9207801396237, 58.34756812170515, 73.2387542402385, 217.12428241508707, 256.25462398957563, 17.421597194052254, 410.1988977575335, 165.11010050521867, 30.824739248412087, 139.30017461127926, 29.74207179347069, 15.473481054172108, 19.607054314718106, 120.95259729117655]]"
583,"[[(0, 2), (0, 27), (6, 11), (6, 24), (18, 13), (9, 2), (9, 20), (23, 8), (4, 3), (3, 29), (21, 12), (8, 14), (10, 22), (7, 9), (13, 28), (20, 25), (15, 25)]]","[[24.412405048931333, 88.18398369323549, 28.250845103083233, 158.97222588741778, 45.80722800607855, 71.63975580929305, 111.22154848527471, 104.0324805765935, 10.213860749658185, 404.68258564723686, 166.38238341702944, 44.805209950836364, 60.90749582167973, 46.45011644065882, 38.59074591500685, 7.8452116191744885, 110.37313120074184]]"
584,"[[(0, 2), (0, 27), (6, 11), (6, 24), (18, 13), (9, 2), (9, 20), (23, 8), (4, 3), (3, 29), (21, 12), (8, 14), (10, 22), (7, 9), (13, 28), (20, 25), (15, 25)]]","[[36.615686043822556, 65.5625910838368, 23.9023787765006, 138.021718260527, 116.95234723402918, 16.65468105710885, 122.91723665909647, 163.29512957662416, 22.901096914295017, 109.28800008060934, 151.5745542234269, 45.134958365831196, 103.22549565008842, 24.830891363988233, 40.75220771494579, 18.478642049713642, 101.9919590858749]]"
585,"[[(0, 2), (0, 27), (6, 11), (6, 24), (18, 13), (9, 2), (9, 20), (23, 8), (4, 3), (3, 29), (21, 12), (8, 14), (10, 22), (7, 9), (13, 28), (20, 25), (15, 25)]]","[[33.52046492919169, 211.09925276414992, 27.155923868281214, 101.00551886660554, 31.493867764687767, 76.1946410905408, 85.7060282833186, 313.93577420951306, 27.588537987745127, 499.94879999658724, 193.59975965489036, 28.652490573290038, 130.83484612661215, 39.91637214504821, 29.234388373490663, 7.074105804362791, 100.46817166745936]]"
586,"[[(0, 2), (0, 27), (6, 11), (6, 24), (18, 13), (9, 2), (9, 20), (23, 8), (4, 3), (3, 29), (21, 12), (8, 14), (10, 22), (7, 9), (13, 28), (20, 25), (15, 25)]]","[[36.180108390761234, 187.32776709319293, 23.286719257619627, 76.13397797997634, 82.68171376726163, 28.917243443754852, 123.17328970912529, 128.36321027818886, 17.075546665607906, 376.47104805868287, 170.21388651334124, 46.44612117536135, 167.33098611025918, 30.149931067499377, 23.34297619431525, 13.569514589083953, 119.62275069245472]]"
587,"[[(0, 2), (0, 27), (6, 11), (6, 24), (18, 13), (9, 2), (9, 20), (23, 8), (4, 3), (3, 29), (21, 12), (8, 14), (10, 22), (7, 9), (13, 28), (20, 25), (15, 25)]]","[[33.0238704582841, 153.6807952260969, 24.500049695929512, 137.19574857121486, 24.569382326050686, 71.94363553147565, 123.58581185509573, 299.4031338423695, 27.821682503920126, 567.7110436743197, 163.34579912166, 19.480810246882513, 106.70413761273946, 23.80654974457007, 39.09513552525812, 15.362920284516155, 111.53051568471795]]"
588,"[[(0, 2), (0, 27), (6, 11), (6, 24), (18, 13), (9, 2), (9, 20), (23, 8), (4, 3), (3, 29), (21, 12), (8, 14), (10, 22), (7, 9), (13, 28), (20, 25), (15, 25)]]","[[28.235315034265113, 120.09485559355913, 20.07556974218221, 129.55830610103683, 130.03625631702113, 68.40985902618611, 76.76356737010721, 277.9013711058145, 18.83314384587563, 546.9304527043521, 150.4984997478768, 24.10890009813357, 170.79095803312603, 21.474073108800255, 20.971236192832606, 6.55145260535309, 113.46395039784957]]"
589,"[[(0, 2), (0, 27), (6, 11), (6, 24), (18, 13), (9, 2), (9, 20), (23, 8), (4, 3), (3, 29), (21, 12), (8, 14), (10, 22), (7, 9), (13, 28), (20, 25), (15, 25)]]","[[23.586408675698603, 111.86551627502621, 25.58910415353225, 148.01488936072877, 129.92894174768207, 45.285292138186456, 145.30566646512034, 333.52305269937375, 19.662851027666107, 65.94643680456657, 193.9298586299342, 28.355543611578707, 68.01201059635804, 50.31554085551367, 38.899206150775335, 10.29212435436268, 125.35842307121595]]"
590,"[[(0, 2), (0, 27), (6, 11), (6, 24), (18, 13), (9, 2), (9, 20), (23, 8), (4, 3), (3, 29), (21, 12), (8, 14), (10, 22), (7, 9), (13, 28), (20, 25), (15, 25)]]","[[38.88123626758919, 112.7894480478946, 27.50804293958714, 137.6924876602382, 153.5605744496637, 4.0152485176604875, 125.16502303150642, 324.6556963271815, 10.815777063497206, 424.9480622322761, 174.01846518872142, 20.252364592484103, 146.1565184187608, 51.630361009949965, 10.537276430451056, 4.254077377946212, 132.42558826980172]]"
591,"[[(0, 2), (0, 27), (6, 11), (6, 24), (18, 13), (9, 2), (9, 20), (23, 8), (4, 3), (3, 29), (21, 12), (8, 14), (10, 22), (7, 9), (13, 28), (20, 25), (15, 25)]]","[[31.555581567069737, 175.07477737449108, 27.656171386513396, 132.45695659553445, 77.32827212474497, 12.443392581220477, 218.50511256215108, 33.333482897069395, 10.269873768832971, 444.5430956335229, 145.11113625521662, 36.737407170595944, 193.42545278111763, 24.885137288714862, 31.313682995449764, 16.82703607824816, 121.8624830088448]]"
592,"[[(0, 2), (0, 27), (6, 11), (6, 24), (18, 13), (9, 2), (9, 20), (23, 8), (4, 3), (3, 29), (21, 12), (8, 14), (10, 22), (7, 9), (13, 28), (20, 25), (15, 25)]]","[[27.29150921721981, 143.63414239743327, 23.80673721813756, 82.33789191705313, 116.3807423718262, 38.11938969690396, 246.86709529072937, 30.941765211496413, 20.36244855251427, 72.4759744379524, 189.80294269875202, 25.773966038079372, 83.16105804741534, 28.055249126259778, 14.250958559698436, 17.23698242110806, 102.76476948923215]]"
593,"[[(0, 2), (0, 27), (6, 11), (6, 24), (18, 13), (9, 2), (9, 20), (23, 8), (4, 3), (3, 29), (21, 12), (8, 14), (10, 22), (7, 9), (13, 28), (20, 25), (15, 25)]]","[[23.3660580719725, 154.73399613590777, 22.22254511136161, 84.13815387253835, 150.2330608324309, 42.15455699839985, 224.78109458498074, 357.8844331375898, 29.665136351217644, 259.67308186477095, 154.91343665675126, 23.52826297710196, 50.19663492114734, 38.37563464869386, 41.173292440615874, 15.109839616987447, 132.11350720106026]]"
594,"[[(0, 2), (0, 27), (6, 11), (6, 24), (18, 13), (9, 2), (9, 20), (23, 8), (4, 3), (3, 29), (21, 12), (8, 14), (10, 22), (7, 9), (13, 28), (20, 25), (15, 25)]]","[[23.71896683896941, 98.55057073780362, 28.996477757310956, 69.63210484516219, 107.52730877383073, 54.414500866374006, 130.04748615737114, 295.78233281108635, 30.552797563009623, 672.7620259842691, 182.23323559664425, 26.215645458870625, 126.85892032173349, 24.55702209656847, 46.56157688935997, 13.39304750882172, 120.73851113874613]]"
595,"[[(0, 2), (0, 27), (6, 11), (6, 24), (18, 13), (9, 2), (9, 20), (23, 8), (4, 3), (3, 29), (21, 12), (8, 14), (10, 22), (7, 9), (13, 28), (20, 25), (15, 25)]]","[[35.21454846778124, 225.62494476185478, 25.283633699477022, 155.28126682523845, 54.62237809054898, 32.20327248944339, 211.793572337892, 286.60737958743766, 24.491330985374503, 205.19347057487775, 173.3476927710393, 43.08791300236699, 53.29169556982307, 28.09391881065689, 24.060235355295255, 18.96639805401005, 109.23208670317302]]"
596,"[[(0, 2), (0, 27), (6, 11), (6, 24), (18, 13), (9, 2), (9, 20), (23, 8), (4, 3), (3, 29), (21, 12), (8, 14), (10, 22), (7, 9), (13, 28), (20, 25), (15, 25)]]","[[33.9188423941323, 160.53872041289202, 26.675326122419236, 134.09832842423566, 79.31371430823893, 15.229105127804097, 248.52259384384985, 190.25539913402784, 27.39928066509209, 82.62767264310973, 158.17158422653927, 27.17828197812488, 111.78732340965932, 48.25697717715545, 42.55493687791525, 6.948860266095133, 128.1332174140831]]"
597,"[[(0, 2), (0, 27), (6, 11), (6, 24), (18, 13), (9, 2), (9, 20), (23, 8), (4, 3), (3, 29), (21, 12), (8, 14), (10, 22), (7, 9), (13, 28), (20, 25), (15, 25)]]","[[32.915010361287216, 117.18251164755081, 24.64915655572365, 157.42982559912807, 125.8989655047936, 60.42344445061609, 86.59862150689086, 61.92592666173325, 18.38798366171352, 664.5804827321571, 168.9120413081929, 24.663186834263147, 63.944278396205625, 34.3589288158243, 5.7553302654456635, 8.340676482482046, 119.00850773091922]]"
598,"[[(0, 2), (0, 27), (6, 11), (6, 24), (18, 13), (9, 2), (9, 20), (23, 8), (4, 3), (3, 29), (21, 12), (8, 14), (10, 22), (7, 9), (13, 28), (20, 25), (15, 25)]]","[[38.80525438828177, 92.52534413853675, 23.045870442994097, 164.36354504154576, 85.20432993065411, 58.88141497802516, 110.51814502786951, 322.08856955761087, 25.606119739029868, 236.38322443923067, 182.79877930034513, 24.95797045224289, 174.63374500026623, 24.273008698366333, 14.014983531780041, 11.677655944162238, 126.51161721934321]]"
599,"[[(0, 2), (0, 27), (6, 11), (6, 24), (18, 13), (9, 2), (9, 20), (23, 8), (4, 3), (3, 29), (21, 12), (8, 14), (10, 22), (7, 9), (13, 28), (20, 25), (15, 25)]]","[[26.260008869162114, 108.44456569704214, 25.28583412281808, 110.22199618322671, 78.92661871388509, 33.36714605928967, 242.21722774054265, 131.71412398708063, 17.264962880388417, 680.3575371291687, 169.5904739288205, 40.951361558723946, 120.00319436519287, 48.708050132454375, 27.545957803016705, 11.566511835588798, 114.06698478846783]]"
600,"[[(0, 2), (0, 27), (6, 11), (6, 24), (18, 13), (9, 2), (9, 20), (23, 8), (4, 3), (3, 29), (21, 12), (8, 14), (10, 22), (7, 9), (13, 28), (20, 25), (15, 25)]]","[[41.359137847569116, 156.9756681518192, 26.069879383345146, 100.94426686891727, 148.40017340904996, 46.10276475066734, 79.14579982813233, 306.68823936765074, 23.665387147838253, 598.4005713998962, 192.64353980432216, 46.650088076800444, 127.4221228506307, 35.96278735496389, 22.793001600414012, 13.383016734225844, 109.47380189374356]]"
601,"[[(0, 2), (0, 27), (6, 11), (6, 24), (18, 13), (9, 2), (9, 20), (23, 8), (4, 3), (3, 29), (21, 12), (8, 14), (10, 22), (7, 9), (13, 28), (20, 25), (15, 25)]]","[[27.09993083180645, 74.27963255676562, 28.31314332059014, 146.83294874710828, 84.68167289003152, 41.29006579145884, 75.03145026490886, 236.6265258844156, 23.34744719399867, 417.81146649166993, 189.45221569666927, 29.430933768441108, 158.94187519745657, 52.9838335306163, 44.75562130049181, 18.656851766254178, 114.76956337917974]]"
602,"[[(0, 2), (0, 27), (6, 11), (6, 24), (18, 13), (9, 2), (9, 20), (23, 8), (4, 3), (3, 29), (21, 12), (8, 14), (10, 22), (7, 9), (13, 28), (20, 25), (15, 25)]]","[[34.91108629382088, 101.62760966237977, 20.710243866502218, 139.77248526603154, 118.31844852616527, 31.65254108971263, 75.82266040002125, 345.315717826832, 29.610952946628487, 503.20965758570287, 159.28755062572773, 38.648368013060754, 133.32820276398638, 44.25500902837502, 8.819747097927683, 17.46212380124625, 129.41262690484294]]"
603,"[[(0, 2), (0, 27), (6, 11), (6, 24), (18, 13), (9, 2), (9, 20), (23, 8), (4, 3), (3, 29), (21, 12), (8, 14), (10, 22), (7, 9), (13, 28), (20, 25), (15, 25)]]","[[38.77952071127253, 194.95797868405845, 28.305420814347627, 158.3946999158703, 110.01434432831039, 11.066534916309728, 133.02322944689453, 283.31069185180485, 16.624283867131037, 168.4860904364417, 173.96772492235206, 37.39643906976707, 93.0610400083255, 35.249027254065254, 24.354186027361074, 9.734090339870175, 113.55378069245845]]"
604,"[[(0, 2), (0, 27), (6, 11), (6, 24), (18, 13), (9, 2), (9, 20), (23, 8), (4, 3), (3, 29), (21, 12), (8, 14), (10, 22), (7, 9), (13, 28), (20, 25), (15, 25)]]","[[33.72159010589642, 147.55709787688517, 23.604783246013465, 119.69547948297435, 126.87952020383761, 31.404774381218672, 126.1976478011918, 145.70911243894145, 17.645289030274483, 278.4793485198214, 174.81084221668172, 38.60324902934785, 100.58641962766544, 49.11559378233794, 5.993822912285055, 16.181998987482245, 131.51432795529786]]"
605,"[[(0, 2), (0, 27), (6, 11), (6, 24), (18, 13), (9, 2), (9, 20), (23, 8), (4, 3), (3, 29), (21, 12), (8, 14), (10, 22), (7, 9), (13, 28), (20, 25), (15, 25)]]","[[39.80810513385517, 147.61679046792287, 29.595079510074306, 157.58183620901988, 145.06024906255703, 24.575186481155225, 137.04043907577966, 137.34999654827757, 24.704816251939768, 212.0801484372298, 153.2906018385574, 38.76285144739438, 173.24485812131581, 41.87844789622535, 45.81565627252849, 10.393732706221144, 102.4539162588116]]"
606,"[[(0, 2), (0, 27), (6, 11), (6, 24), (18, 13), (9, 2), (9, 20), (23, 8), (4, 3), (3, 29), (21, 12), (8, 14), (10, 22), (7, 9), (13, 28), (20, 25), (15, 25)]]","[[36.23280066979753, 129.75093657839554, 23.22426437762744, 71.54872037660193, 34.8960620022577, 28.30282879125115, 158.14918846727113, 100.23425193695152, 23.34368485886723, 24.938231545254244, 176.64544307607355, 23.272925185468736, 73.74061050791722, 49.564966936158925, 22.002843154289778, 10.237159102170702, 116.64801510442372]]"
607,"[[(0, 2), (0, 27), (6, 11), (6, 24), (18, 13), (9, 2), (9, 20), (23, 8), (4, 3), (3, 29), (21, 12), (8, 14), (10, 22), (7, 9), (13, 28), (20, 25), (15, 25)]]","[[41.230875328300996, 151.48201610273878, 29.375859628179068, 145.05330136093525, 50.29746364907426, 70.85023315664083, 189.7907428418277, 79.92497122861259, 10.176142455876118, 86.22650292649746, 179.5799120635137, 30.609690361074, 156.3084938846984, 52.15853902415313, 34.69751856270189, 4.881347135462294, 105.63620900514785]]"
608,"[[(0, 2), (0, 27), (6, 11), (6, 24), (18, 13), (9, 2), (9, 20), (23, 8), (4, 3), (3, 29), (21, 12), (8, 14), (10, 22), (7, 9), (13, 28), (20, 25), (15, 25)]]","[[25.484180415912043, 80.33780040499965, 25.318055516537893, 165.45568920066358, 33.021359869793926, 57.936637983159265, 128.35318746366738, 159.20661275386476, 27.794430008941802, 73.35358309421906, 172.15218067040396, 24.55292269132645, 136.5090379836861, 50.757088774688256, 24.416493512928998, 14.854460231595553, 130.63046306144014]]"
609,"[[(0, 2), (0, 27), (6, 11), (6, 24), (18, 13), (9, 2), (9, 20), (23, 8), (4, 3), (3, 29), (21, 12), (8, 14), (10, 22), (7, 9), (13, 28), (20, 25), (15, 25)]]","[[37.90397573300028, 69.11409098133076, 26.49631559883443, 77.43604862775682, 79.2186557878992, 30.41352815287933, 85.3024510645364, 11.106854878153566, 26.627170457993856, 398.34542804739556, 187.8711118267159, 43.314291123438394, 170.55923084386828, 40.11786617907778, 28.468993902957617, 14.647557136855832, 122.1145601070208]]"
610,"[[(0, 2), (0, 27), (6, 11), (6, 24), (18, 13), (9, 2), (9, 20), (23, 8), (4, 3), (3, 29), (21, 12), (8, 14), (10, 22), (7, 9), (13, 28), (20, 25), (15, 25)]]","[[36.76240800137424, 78.35031430965707, 21.443089175022482, 116.71329476309867, 129.05812495751897, 10.941419428871384, 235.06336616783696, 162.48240428662996, 25.379007857605195, 85.68429477312561, 190.27808255550704, 34.68159313766216, 96.19210938580639, 36.80055264641709, 40.28781965113823, 13.808971691629027, 131.52251296885086]]"
611,"[[(0, 2), (0, 27), (6, 11), (6, 24), (18, 13), (9, 2), (9, 20), (23, 8), (4, 3), (3, 29), (21, 12), (8, 14), (10, 22), (7, 9), (13, 28), (20, 25), (15, 25)]]","[[32.13474546655953, 141.97754973411787, 29.087071097925836, 136.8987097501813, 103.9189935744269, 19.83112599206838, 241.8280756791185, 347.58605735152304, 14.300124553482362, 27.92239530450407, 167.25325650299834, 37.65744726610421, 124.47499518553313, 43.71076729335404, 14.45533971699334, 16.910909458347344, 121.13257826500893]]"
612,"[[(0, 2), (0, 27), (6, 11), (6, 24), (18, 13), (9, 2), (9, 20), (23, 8), (4, 3), (3, 29), (21, 12), (8, 14), (10, 22), (7, 9), (13, 28), (20, 25), (15, 25)]]","[[42.43914305986446, 58.82372492458355, 22.054006702344495, 91.36788583186811, 113.19704113734046, 29.840761819433673, 230.27964037800922, 19.479604147859718, 9.65403123034971, 398.37954850963814, 152.0653346351537, 29.94807653358071, 55.275703973309845, 36.24369925472525, 8.489434480601298, 12.278308766094506, 127.96659359667132]]"
613,"[[(0, 2), (0, 27), (6, 11), (6, 24), (18, 13), (9, 2), (9, 20), (23, 8), (4, 3), (3, 29), (21, 12), (8, 14), (10, 22), (7, 9), (13, 28), (20, 25), (15, 25)]]","[[37.31927836382164, 97.44716379274908, 27.744483838428042, 161.75716469252495, 92.25251967772434, 37.70235771623158, 230.2688476064927, 149.8852015700193, 26.68382767857431, 474.46322190332484, 146.75372116160582, 20.36883120715849, 135.64025754137748, 43.14255033820384, 40.73904318224967, 6.174424658709453, 129.72557516953705]]"
614,"[[(0, 2), (0, 27), (6, 11), (6, 24), (18, 13), (9, 2), (9, 20), (23, 8), (4, 3), (3, 29), (21, 12), (8, 14), (10, 22), (7, 9), (13, 28), (20, 25), (15, 25)]]","[[29.575974783674745, 225.3701452129862, 29.196124287377444, 107.28915607529775, 92.56637024653494, 66.45827795561556, 129.39852854543702, 280.7747726696834, 30.660611153826725, 211.25864550879163, 168.35692808304327, 38.45326906741074, 154.67256234849037, 40.32635845351101, 24.331472806482413, 9.620036513674162, 121.08438794071557]]"
615,"[[(0, 2), (0, 27), (6, 11), (6, 24), (18, 13), (9, 2), (9, 20), (23, 8), (4, 3), (3, 29), (21, 12), (8, 14), (10, 22), (7, 9), (13, 28), (20, 25), (15, 25)]]","[[29.626697226352817, 207.60445714166286, 26.70995984809623, 114.17188494285875, 91.74109512619573, 72.2673011442094, 142.1628563571789, 306.7842164179909, 25.22741834933851, 323.2579403306626, 176.0518911564539, 34.462691100206875, 125.44556231717564, 28.956821823000936, 16.22873513295108, 13.694609694500995, 124.00662166313478]]"
616,"[[(0, 2), (0, 27), (6, 11), (6, 24), (18, 13), (9, 2), (9, 20), (23, 8), (4, 3), (3, 29), (21, 12), (8, 14), (10, 22), (7, 9), (13, 28), (20, 25), (15, 25)]]","[[42.75285675417382, 162.57941956981406, 21.49871961339247, 86.24085570675341, 138.92505205181027, 41.713190558698095, 114.69454877883089, 235.99069739402904, 29.349361459877375, 276.03110500806304, 181.95932087309242, 42.437239454638984, 185.2552064939905, 48.80618494294845, 21.913888269705534, 13.08411068301983, 115.83688182916563]]"
617,"[[(0, 2), (0, 27), (6, 11), (6, 24), (18, 13), (9, 2), (9, 20), (23, 8), (4, 3), (3, 29), (21, 12), (8, 14), (10, 22), (7, 9), (13, 28), (20, 25), (15, 25)]]","[[39.58428584914368, 173.18184063801118, 28.25771002076486, 127.1363684503298, 73.04371017036524, 33.93236258993922, 167.52837932751612, 95.64618129370257, 26.325048276746177, 263.964147472174, 174.37727602518015, 27.35071477077815, 185.36610102419974, 29.363605585303812, 34.602334089972075, 6.933343685426497, 101.03376786132549]]"
618,"[[(0, 2), (0, 27), (6, 11), (6, 24), (18, 13), (9, 2), (9, 20), (23, 8), (4, 3), (3, 29), (21, 12), (8, 14), (10, 22), (7, 9), (13, 28), (20, 25), (15, 25)]]","[[32.04382182967805, 118.32457493194637, 29.89839425956675, 107.1676081656299, 23.88757309635251, 32.18596555469511, 143.44380100656736, 260.40183730877783, 9.706827987620194, 97.6088131434334, 154.9456797458899, 20.933535871415987, 111.66045962389664, 28.300349892832738, 29.592608618690612, 19.121683540308766, 104.1223035250286]]"
619,"[[(0, 2), (0, 27), (6, 11), (6, 24), (18, 13), (9, 2), (9, 20), (23, 8), (4, 3), (3, 29), (21, 12), (8, 14), (10, 22), (7, 9), (13, 28), (20, 25), (15, 25)]]","[[30.28910160945688, 166.60859051762773, 29.649872519416977, 133.82457049759154, 53.74534599714939, 24.836028151537, 201.9096086134514, 14.387132398738032, 17.988477661219186, 668.1695706338184, 162.61784278716203, 25.801508872889194, 161.5156016430588, 33.66949940618185, 6.87714309229491, 11.511218643401882, 109.89547921988196]]"
620,"[[(0, 2), (0, 27), (6, 11), (6, 24), (18, 13), (9, 2), (9, 20), (23, 8), (4, 3), (3, 29), (21, 12), (8, 14), (10, 22), (7, 9), (13, 28), (20, 25), (15, 25)]]","[[32.08629718810613, 195.64472964319904, 27.48094254401667, 155.51115918821034, 83.71442346533291, 71.8887030677679, 91.7914769055024, 189.0031215251285, 11.4325197435928, 187.83233110957065, 145.9608311498265, 23.08204720809259, 58.10628330115671, 31.193444431749462, 4.70904119452595, 12.754229996151041, 109.48746596498935]]"
621,"[[(0, 2), (0, 27), (6, 11), (6, 24), (18, 13), (9, 2), (9, 20), (23, 8), (4, 3), (3, 29), (21, 12), (8, 14), (10, 22), (7, 9), (13, 28), (20, 25), (15, 25)]]","[[37.607756541040686, 133.53806600762312, 26.084951404776724, 118.92246328714539, 104.11633901528404, 7.938467828165948, 104.12667991198327, 353.8341407935556, 15.06954497474781, 316.24481577762344, 150.61892796502704, 36.38319514979802, 72.77232155572464, 44.49763263794168, 19.219793053703473, 6.689523209029016, 112.78437994294406]]"
622,"[[(0, 2), (0, 27), (6, 11), (6, 24), (18, 13), (9, 2), (9, 20), (23, 8), (4, 3), (3, 29), (21, 12), (8, 14), (10, 22), (7, 9), (13, 28), (20, 25), (15, 25)]]","[[24.022120369973315, 167.42666710012548, 29.93959216904795, 79.25820786272878, 147.41141091155086, 65.75245324684616, 178.50239732613596, 154.887142918378, 14.116414744040451, 67.63492259435196, 148.1756994982753, 33.21108312576675, 75.16823196390739, 25.950730039537074, 40.771528638367194, 19.97143179420217, 125.55373144609129]]"
623,"[[(0, 2), (0, 27), (6, 11), (6, 24), (18, 13), (9, 2), (9, 20), (23, 8), (4, 3), (3, 29), (21, 12), (8, 14), (10, 22), (7, 9), (13, 28), (20, 25), (15, 25)]]","[[42.73464766308416, 209.41765705420835, 29.983072328875714, 104.77133262268518, 20.595869192546445, 31.349117846252863, 153.6811831615414, 262.2488991370168, 23.98102832196013, 509.10626479723226, 185.96005764888787, 39.724401623037735, 184.60960274838075, 53.94251366081372, 10.117611236854312, 18.378650463989736, 103.29096048438686]]"
624,"[[(0, 2), (0, 27), (6, 11), (6, 24), (18, 13), (9, 2), (9, 20), (23, 8), (4, 3), (3, 29), (21, 12), (8, 14), (10, 22), (7, 9), (13, 28), (20, 25), (15, 25)]]","[[32.88998431596018, 213.2198845882096, 23.37191314571686, 127.16497403682013, 74.34078045234509, 26.06435950001239, 237.9376541975635, 297.768096769714, 26.469185732037896, 666.2971616822541, 148.14328483203684, 31.931258938010235, 107.96246371046128, 24.93204258444893, 32.72345500157601, 6.3627024694308805, 119.34877541030605]]"
625,"[[(0, 2), (0, 27), (6, 11), (6, 24), (18, 13), (9, 2), (9, 20), (23, 8), (4, 3), (3, 29), (21, 12), (8, 14), (10, 22), (7, 9), (13, 28), (20, 25), (15, 25)]]","[[24.86552213481133, 195.86517313842936, 28.07849156473734, 162.77353281583655, 102.54979548938954, 11.952347586377837, 211.76242135452728, 145.72847439106644, 20.631227086374388, 379.04508642271577, 147.04493337193284, 23.285030743563176, 188.21505279484262, 26.24547597713034, 7.9056969021256585, 16.381872030750632, 133.33248738647265]]"
626,"[[(0, 2), (0, 27), (6, 11), (6, 24), (18, 13), (9, 2), (9, 20), (23, 8), (4, 3), (3, 29), (21, 12), (8, 14), (10, 22), (7, 9), (13, 28), (20, 25), (15, 25)]]","[[42.0622368867959, 100.04535472461643, 25.639965678166483, 125.47216257961955, 94.62174962207816, 13.67684169175497, 109.84692623099136, 353.74058793795933, 23.329821101274263, 247.27810594821577, 189.68844163303208, 22.76363950902875, 96.77759005921318, 21.87327538889735, 13.762503119894351, 11.276470271096416, 113.62899076038413]]"
627,"[[(0, 2), (0, 27), (6, 11), (6, 24), (18, 13), (9, 2), (9, 20), (23, 8), (4, 3), (3, 29), (21, 12), (8, 14), (10, 22), (7, 9), (13, 28), (20, 25), (15, 25)]]","[[26.724749604645496, 57.13231847618475, 25.159437454166458, 111.96808040825825, 126.94150210791952, 42.01390913830069, 217.1195528908255, 233.5750678946059, 24.90683095292888, 192.87301843255284, 179.58295602297, 25.971731752750326, 62.92882313230406, 48.23379426849532, 6.291152307979307, 17.513318959640277, 105.32611573874948]]"
628,"[[(0, 2), (0, 27), (6, 11), (6, 24), (18, 13), (9, 2), (9, 20), (23, 8), (4, 3), (3, 29), (21, 12), (8, 14), (10, 22), (7, 9), (13, 28), (20, 25), (15, 25)]]","[[39.323493110133796, 107.98099833738351, 25.040959085234658, 156.3279168450973, 55.15118526568975, 68.34726609847316, 121.87062008508777, 13.072197984251265, 22.550783565586414, 15.406599725768075, 179.7191451029817, 28.146662944016462, 137.1006949909169, 32.23180127888898, 39.73747292186106, 13.25263819789472, 127.06482640097894]]"
629,"[[(0, 2), (0, 27), (6, 11), (6, 24), (18, 13), (9, 2), (9, 20), (23, 8), (4, 3), (3, 29), (21, 12), (8, 14), (10, 22), (7, 9), (13, 28), (20, 25), (15, 25)]]","[[24.54011324710918, 71.20559619055368, 21.27873980405553, 128.01140991730148, 139.683378509706, 57.947543334846415, 141.03132110834088, 304.5221674695749, 13.69481287372109, 256.77323241616915, 154.84329379127902, 19.439273718338008, 115.01318119022314, 53.93757245046367, 40.73504290290098, 11.808198607373797, 114.80218342315614]]"
630,"[[(0, 2), (0, 27), (6, 11), (6, 24), (18, 13), (9, 2), (9, 20), (23, 8), (4, 3), (3, 29), (21, 12), (8, 14), (10, 22), (7, 9), (13, 28), (20, 25), (15, 25)]]","[[41.16794575534663, 190.3055000882485, 23.61539523449521, 163.82714543648348, 76.18859559746952, 61.31948648098125, 178.3829983966285, 22.492875431073116, 16.65553282877937, 280.12173212095564, 175.2149194671363, 41.232753406574915, 151.1904040579326, 48.474182363559166, 43.54497311843218, 17.936813856795624, 133.52111144924405]]"
631,"[[(0, 2), (0, 27), (6, 11), (6, 24), (18, 13), (9, 2), (9, 20), (23, 8), (4, 3), (3, 29), (21, 12), (8, 14), (10, 22), (7, 9), (13, 28), (20, 25), (15, 25)]]","[[35.384434888358655, 219.01250417634557, 21.952833502465523, 135.48893827860758, 89.57444485296857, 63.450956579860765, 234.61454584269546, 186.71102381760682, 21.37939682655276, 15.38690505445607, 145.42403889088223, 35.424738224659094, 134.39108592906658, 37.2753031129378, 9.489139527642022, 13.175535174392989, 131.45556264484225]]"
632,"[[(0, 2), (0, 27), (6, 11), (6, 24), (18, 13), (9, 2), (9, 20), (23, 8), (4, 3), (3, 29), (21, 12), (8, 14), (10, 22), (7, 9), (13, 28), (20, 25), (15, 25)]]","[[26.342584734706318, 65.1828074771437, 26.13100254921104, 72.72669361160614, 86.1523845202852, 49.22574841595454, 167.67895481900243, 297.31461597062184, 17.988551443005974, 541.5189134417051, 159.05388655081887, 20.810404220735997, 114.12812316185854, 47.31357271114343, 14.536555053884191, 5.319422582458069, 103.43427505370548]]"
633,"[[(0, 2), (0, 27), (6, 11), (6, 24), (18, 13), (9, 2), (9, 20), (23, 8), (4, 3), (3, 29), (21, 12), (8, 14), (10, 22), (7, 9), (13, 28), (20, 25), (15, 25)]]","[[29.21552102313015, 88.21974319554603, 24.43606616987778, 141.03679394394766, 81.65182105294228, 36.13938181647174, 86.50950794317512, 324.8118038243685, 15.154162067120128, 516.5044989964508, 149.9247699700626, 40.34408852908152, 193.90909582702744, 40.24441172485832, 23.416068020712764, 13.186694964234276, 106.76283010208807]]"
634,"[[(0, 2), (0, 27), (6, 11), (6, 24), (18, 13), (9, 2), (9, 20), (23, 8), (4, 3), (3, 29), (21, 12), (8, 14), (10, 22), (7, 9), (13, 28), (20, 25), (15, 25)]]","[[24.170112403046936, 69.99661913370578, 29.60869844938724, 166.99532207778196, 150.5721965514929, 41.460796916025835, 221.47001523081317, 328.35432819232017, 26.35188643375158, 679.5121352380042, 174.88155370021389, 20.716802470380607, 45.36123064130546, 37.97659373914121, 15.684407118336186, 19.404505453710776, 115.5908781249804]]"
635,"[[(0, 2), (0, 27), (6, 11), (6, 24), (18, 13), (9, 2), (9, 20), (23, 8), (4, 3), (3, 29), (21, 12), (8, 14), (10, 22), (7, 9), (13, 28), (20, 25), (15, 25)]]","[[23.213682646574078, 106.25823144255206, 24.92683907947633, 105.79650413633146, 100.13660406996033, 54.646083815170854, 225.25894661752955, 355.95121828222983, 13.395310412702688, 197.64618927123522, 186.58235294714527, 22.320490371726514, 149.6278336341358, 18.332310860214942, 1.7746023089137315, 12.960713025701297, 101.11645561195144]]"
636,"[[(0, 2), (0, 27), (6, 11), (6, 24), (18, 13), (9, 2), (9, 20), (23, 8), (4, 3), (3, 29), (21, 12), (8, 14), (10, 22), (7, 9), (13, 28), (20, 25), (15, 25)]]","[[38.66057544124573, 141.76364334420825, 28.252021342625852, 122.3733221058958, 75.8622372337584, 5.942168127162479, 82.97804987773944, 147.3216514948935, 19.339077022647274, 524.8154441065232, 193.2275916839373, 45.938592024624434, 96.83433793227672, 45.74166979643146, 31.04623159518906, 12.840160954548661, 116.08040314128502]]"
637,"[[(0, 2), (0, 27), (6, 11), (6, 24), (18, 13), (9, 2), (9, 20), (23, 8), (4, 3), (3, 29), (21, 12), (8, 14), (10, 22), (7, 9), (13, 28), (20, 25), (15, 25)]]","[[39.24470126229418, 61.38728716575953, 26.85688073195765, 82.1893483788523, 123.07515154670772, 31.101969729578933, 78.96424408522621, 208.90921357673105, 12.363839646113579, 238.32797139913148, 186.3463451188343, 34.88207140123579, 56.2988941061744, 38.44940897715223, 37.7311513624091, 19.95867472236253, 130.6808399242816]]"
638,"[[(0, 2), (0, 27), (6, 11), (6, 24), (18, 13), (9, 2), (9, 20), (23, 8), (4, 3), (3, 29), (21, 12), (8, 14), (10, 22), (7, 9), (13, 28), (20, 25), (15, 25)]]","[[38.38691734834897, 55.06319458931236, 20.199528709746435, 100.7190651674373, 31.898230999440248, 67.35116489071861, 82.515437108119, 124.61915774097126, 27.73292912988172, 527.6397899426877, 174.99268032292753, 30.23676266109991, 137.23085032594486, 28.723358991681984, 20.449145876826552, 15.653888349052444, 101.09770512219272]]"
639,"[[(0, 2), (0, 27), (6, 11), (6, 24), (18, 13), (9, 2), (9, 20), (23, 8), (4, 3), (3, 29), (21, 12), (8, 14), (10, 22), (7, 9), (13, 28), (20, 25), (15, 25)]]","[[42.04996789972833, 202.30100746627156, 21.39721444876866, 123.10064652691737, 32.12494965428937, 37.97281216695132, 197.95725594605477, 38.55059844408232, 18.506587189076882, 422.23384179885915, 148.7541593340427, 34.96463886454502, 70.09911736456107, 38.065012562928196, 3.2984472136116887, 5.559177228702859, 129.06495964291108]]"
640,"[[(0, 2), (0, 27), (6, 11), (6, 24), (18, 13), (9, 2), (9, 20), (23, 8), (4, 3), (3, 29), (21, 12), (8, 14), (10, 22), (7, 9), (13, 28), (20, 25), (15, 25)]]","[[38.12415693944192, 67.33533913215477, 26.279457034473012, 74.47008035143381, 137.46454807948137, 63.124205213555555, 182.8494655248312, 30.38719424193881, 10.03650736446572, 230.5929642478444, 165.74256450263073, 47.026341247444236, 58.72777876551831, 18.041192734163946, 11.027320116920958, 8.200595891071835, 114.69653823096267]]"
641,"[[(0, 2), (0, 27), (6, 11), (6, 24), (18, 13), (9, 2), (9, 20), (23, 8), (4, 3), (3, 29), (21, 12), (8, 14), (10, 22), (7, 9), (13, 28), (20, 25), (15, 25)]]","[[40.111454799261026, 161.69411819907668, 21.759702300455917, 142.06570174347598, 93.4081451388788, 48.41493170938764, 238.22488251749573, 350.8630221636264, 27.023215302545687, 194.03301795120205, 180.55588543023458, 22.824233814677044, 92.84384198357583, 21.044256308012237, 40.14452410028508, 18.849611014812773, 123.55068135123366]]"
642,"[[(0, 2), (0, 27), (6, 11), (6, 24), (18, 13), (9, 2), (9, 20), (23, 8), (4, 3), (3, 29), (21, 12), (8, 14), (10, 22), (7, 9), (13, 28), (20, 25), (15, 25)]]","[[29.6968177972537, 82.87318046888362, 20.756911020803, 94.69174517132292, 115.27052860295927, 9.220018731867174, 113.67972489528384, 197.89828356171435, 27.61321363976806, 646.3331757617814, 149.62438103424938, 28.82931789004798, 170.92008538978894, 42.64336368559726, 41.612135938422206, 10.408137299701748, 128.97735356197535]]"
643,"[[(0, 2), (0, 27), (6, 11), (6, 24), (18, 13), (9, 2), (9, 20), (23, 8), (4, 3), (3, 29), (21, 12), (8, 14), (10, 22), (7, 9), (13, 28), (20, 25), (15, 25)]]","[[27.73689128825881, 178.6901426674006, 25.27988138897648, 153.27841949895105, 29.895598160843747, 35.27055233015871, 187.97776474375675, 201.46001864766546, 30.68862089735337, 341.27065943175035, 146.34829024109177, 22.36036205028729, 177.42873612492752, 37.28330158827792, 42.16885440918657, 4.072020932741568, 99.04238746333924]]"
644,"[[(0, 2), (0, 27), (6, 11), (6, 24), (18, 13), (9, 2), (9, 20), (23, 8), (4, 3), (3, 29), (21, 12), (8, 14), (10, 22), (7, 9), (13, 28), (20, 25), (15, 25)]]","[[37.84626328134233, 122.83392422447268, 24.096521500756644, 70.42524538315998, 20.54185192984253, 51.2283204660475, 206.62858373039904, 228.2109892057058, 16.740500425265672, 117.04337829259526, 145.84504691309678, 33.93547846290288, 179.49327239738224, 25.767072844253416, 14.615292330389622, 13.872674496850857, 132.34521596851823]]"
645,"[[(0, 2), (0, 27), (6, 11), (6, 24), (18, 13), (9, 2), (9, 20), (23, 8), (4, 3), (3, 29), (21, 12), (8, 14), (10, 22), (7, 9), (13, 28), (20, 25), (15, 25)]]","[[24.00231693572435, 98.84368990126356, 23.377464175463295, 86.74757775099641, 89.93587740124298, 68.45364705637768, 154.00551340929036, 263.3441794389207, 27.683514106772435, 236.6464797207805, 181.49628370090582, 29.21785700278084, 114.0119647923497, 21.91369028613727, 43.94484304699896, 15.431343725929338, 118.37901957558145]]"
646,"[[(0, 2), (0, 27), (6, 11), (6, 24), (18, 13), (9, 2), (9, 20), (23, 8), (4, 3), (3, 29), (21, 12), (8, 14), (10, 22), (7, 9), (13, 28), (20, 25), (15, 25)]]","[[42.930885378179944, 149.32901166488378, 29.619191600355375, 144.26144005213686, 151.46184042450284, 65.439682743404, 241.16309553246083, 83.09924676184048, 20.80471583908653, 39.65318838047384, 164.88034183208177, 45.61286747621539, 169.76217880660312, 38.83365023593613, 30.00205968937729, 16.29305949903204, 122.2632539174358]]"
647,"[[(0, 2), (0, 27), (6, 11), (6, 24), (18, 13), (9, 2), (9, 20), (23, 8), (4, 3), (3, 29), (21, 12), (8, 14), (10, 22), (7, 9), (13, 28), (20, 25), (15, 25)]]","[[33.91870939998058, 93.5787215929553, 26.029838393857467, 103.00194935599805, 104.47138007001148, 21.98882957437921, 201.86141965429445, 324.6509910634626, 27.6640732920077, 400.734073318114, 150.8104035940508, 35.66922868100595, 47.98672778164642, 21.809949437150216, 11.984740387961875, 6.889101878737064, 107.39857624112832]]"
648,"[[(0, 2), (0, 27), (6, 11), (6, 24), (18, 13), (9, 2), (9, 20), (23, 8), (4, 3), (3, 29), (21, 12), (8, 14), (10, 22), (7, 9), (13, 28), (20, 25), (15, 25)]]","[[26.08685823761303, 183.71102662471822, 22.842449178381564, 136.86768380902532, 128.6878827131266, 41.75364319307956, 197.37040347612714, 129.00464106772415, 22.369544387394207, 568.4549020228399, 194.76001366036098, 47.19830681597408, 128.1427226243482, 51.49388528912356, 19.227149997846265, 15.491861840690428, 104.59797450411216]]"
649,"[[(0, 2), (0, 27), (6, 11), (6, 24), (18, 13), (9, 2), (9, 20), (23, 8), (4, 3), (3, 29), (21, 12), (8, 14), (10, 22), (7, 9), (13, 28), (20, 25), (15, 25)]]","[[24.730724326933387, 110.40634737420783, 21.979211209441523, 144.4762285429823, 105.78212695688815, 48.09139174742419, 102.38796347310357, 220.4474364347388, 25.251600196277774, 587.6044633073585, 177.30640297594493, 36.53950902614755, 151.8767184496225, 35.03480057728808, 43.833781515069724, 6.282804579388317, 115.73733437855952]]"
650,"[[(0, 2), (0, 27), (6, 11), (6, 24), (18, 13), (9, 2), (9, 20), (23, 8), (4, 3), (3, 29), (21, 12), (8, 14), (10, 22), (7, 9), (13, 28), (20, 25), (15, 25)]]","[[28.754445239685484, 87.23913102252814, 23.635438474621893, 155.4450809315378, 115.17970247216769, 70.17808446595468, 169.1480495287292, 35.113328575104866, 22.4795234173316, 301.2024719753059, 173.94392705980744, 47.67624067653063, 190.0255209183459, 42.77755693425131, 14.025202438900294, 6.385315750248102, 112.98552804195678]]"
651,"[[(0, 2), (0, 27), (6, 11), (6, 24), (18, 13), (9, 2), (9, 20), (23, 8), (4, 3), (3, 29), (21, 12), (8, 14), (10, 22), (7, 9), (13, 28), (20, 25), (15, 25)]]","[[25.173135368575142, 155.71691421642936, 24.33658231050338, 106.80445196990902, 144.07833713983638, 22.02338291203044, 105.79951454531087, 299.96925856750767, 15.711772308534034, 578.6065134761311, 162.1185628851494, 40.39152395741958, 168.80823893288908, 44.37522776641451, 14.048699905380783, 10.2651648072151, 105.33401938544931]]"
652,"[[(0, 2), (0, 27), (6, 11), (6, 24), (18, 13), (9, 2), (9, 20), (23, 8), (4, 3), (3, 29), (21, 12), (8, 14), (10, 22), (7, 9), (13, 28), (20, 25), (15, 25)]]","[[34.221980325795926, 131.47550295333747, 25.05952132031145, 158.67754168478922, 100.44376656763995, 27.459363414220626, 235.0449775220445, 171.01156781070185, 15.292995592181395, 267.70635438268573, 162.1947180330281, 35.34640851975434, 56.0233087534343, 49.11964573314792, 30.31025494309548, 10.954211138314678, 115.67241566695199]]"
653,"[[(0, 2), (0, 27), (6, 11), (6, 24), (18, 13), (9, 2), (9, 20), (23, 8), (4, 3), (3, 29), (21, 12), (8, 14), (10, 22), (7, 9), (13, 28), (20, 25), (15, 25)]]","[[31.03476285567469, 177.76985567576378, 22.205984207853316, 126.30956683784255, 149.98867839261695, 4.25496148682187, 96.51495344085137, 287.5584179251519, 26.801425922321826, 291.53850812535404, 162.6733802436941, 33.461319217226745, 191.08026302534225, 34.15832756533469, 20.466592628194412, 15.358788070141175, 113.94492272568012]]"
654,"[[(0, 2), (0, 27), (6, 11), (6, 24), (18, 13), (9, 2), (9, 20), (23, 8), (4, 3), (3, 29), (21, 12), (8, 14), (10, 22), (7, 9), (13, 28), (20, 25), (15, 25)]]","[[40.061623605806744, 153.01797391381442, 26.82213515264607, 110.88509813664513, 91.22514033771488, 75.7661813448272, 189.28955954493986, 339.9897722409238, 19.4709025532742, 396.55466190346885, 166.53998313135375, 41.20906567208775, 109.42960490289799, 31.114167424219055, 20.32523032961223, 12.047026642521113, 106.27327148604971]]"
655,"[[(0, 2), (0, 27), (6, 11), (6, 24), (18, 13), (9, 2), (9, 20), (23, 8), (4, 3), (3, 29), (21, 12), (8, 14), (10, 22), (7, 9), (13, 28), (20, 25), (15, 25)]]","[[38.024062429635464, 122.13846884336043, 23.076122377678008, 159.65177286215345, 83.69863383353385, 20.191572154834205, 182.05078910646017, 201.370259991094, 25.686140718593094, 640.0573229447888, 190.8639748903628, 37.19476502950988, 44.45481062365491, 48.33951193178187, 37.940551328866334, 16.93704504525775, 133.06302215664476]]"
656,"[[(0, 2), (0, 27), (6, 11), (6, 24), (18, 13), (9, 2), (9, 20), (23, 8), (4, 3), (3, 29), (21, 12), (8, 14), (10, 22), (7, 9), (13, 28), (20, 25), (15, 25)]]","[[31.346722140497008, 115.6283286600198, 28.23950274008277, 116.0670425103858, 115.73820998475287, 37.62177637281425, 218.27152149406533, 318.696906056777, 10.076291981493421, 453.66718707079286, 153.12839736629007, 22.645273495123618, 159.61340857173843, 34.7145750549859, 44.567881412577286, 7.482843615550385, 131.598337364297]]"
657,"[[(0, 2), (0, 27), (6, 11), (6, 24), (18, 13), (9, 2), (9, 20), (23, 8), (4, 3), (3, 29), (21, 12), (8, 14), (10, 22), (7, 9), (13, 28), (20, 25), (15, 25)]]","[[28.220787010427088, 117.68219510095173, 22.289135395398812, 103.33665936759269, 39.45998377725968, 30.740925003907012, 90.24611974163463, 217.56691124250273, 15.276072258205325, 114.39107800119614, 175.00346595050408, 34.57709007611035, 181.56527094136786, 18.77905333435363, 24.071514676024982, 8.127249651002863, 125.54668366125054]]"
658,"[[(0, 2), (0, 27), (6, 11), (6, 24), (18, 13), (9, 2), (9, 20), (23, 8), (4, 3), (3, 29), (21, 12), (8, 14), (10, 22), (7, 9), (13, 28), (20, 25), (15, 25)]]","[[36.63547934917906, 225.2689955921512, 22.67041623227391, 95.46782744690042, 92.57760238946257, 74.00571645314855, 155.27947583618862, 28.921839291866107, 21.93730710979401, 137.392017825965, 145.50531814841932, 34.44941402505601, 43.88698373071823, 25.116898872762576, 10.179390802065077, 15.53326330169807, 103.6276245284415]]"
659,"[[(0, 2), (0, 27), (6, 11), (6, 24), (18, 13), (9, 2), (9, 20), (23, 8), (4, 3), (3, 29), (21, 12), (8, 14), (10, 22), (7, 9), (13, 28), (20, 25), (15, 25)]]","[[38.38571386441004, 62.26531948087232, 23.3001188788692, 142.07888596695142, 147.40972530559355, 48.65908109227105, 136.42374404425277, 60.61390159291596, 27.723547453805477, 120.52043405945297, 188.81395599757968, 26.23563988234682, 48.58805878420539, 41.906026699373314, 30.540609435975064, 15.722018085984093, 126.45483230975263]]"
660,"[[(0, 2), (0, 27), (6, 11), (6, 24), (18, 13), (9, 2), (9, 20), (23, 8), (4, 3), (3, 29), (21, 12), (8, 14), (10, 22), (7, 9), (13, 28), (20, 25), (15, 25)]]","[[33.224024719127, 204.12625994958032, 29.08525159891803, 154.32659411323112, 51.73700622309081, 55.842068371402064, 87.36678114293183, 84.86731435952261, 30.308276110563583, 622.0451456915284, 173.51033807563618, 42.12648863179123, 120.16488823002584, 43.21855074851119, 44.319438893313254, 14.066470826367622, 124.50513005059324]]"
661,"[[(0, 2), (0, 27), (6, 11), (6, 24), (18, 13), (9, 2), (9, 20), (23, 8), (4, 3), (3, 29), (21, 12), (8, 14), (10, 22), (7, 9), (13, 28), (20, 25), (15, 25)]]","[[35.94349570963343, 104.58396934879553, 28.575704360013223, 101.97986078407057, 87.0266394535687, 10.962848058667577, 220.4901857779719, 330.57848935800337, 20.839381186530588, 82.69006966642566, 165.2079749539603, 41.70868676570052, 177.51112188417537, 39.33631758615111, 30.754952573713894, 18.260206465498104, 119.491319958678]]"
662,"[[(0, 2), (0, 27), (6, 11), (6, 24), (18, 13), (9, 2), (9, 20), (23, 8), (4, 3), (3, 29), (21, 12), (8, 14), (10, 22), (7, 9), (13, 28), (20, 25), (15, 25)]]","[[30.303998271561902, 56.24587457200465, 25.923365268798328, 135.82067122681553, 140.5471181609175, 75.91562880624569, 246.98884865553353, 261.71585787331026, 19.402389348553907, 410.786607864795, 190.91065368677226, 21.778307261360222, 187.33850278987595, 44.01648387166063, 41.13630373836928, 9.397009357811152, 113.41269576695296]]"
663,"[[(0, 2), (0, 27), (6, 11), (6, 24), (18, 13), (9, 2), (9, 20), (23, 8), (4, 3), (3, 29), (21, 12), (8, 14), (10, 22), (7, 9), (13, 28), (20, 25), (15, 25)]]","[[37.16014303862125, 61.57426399270168, 26.172985504344304, 153.55315012394743, 141.56302689965378, 46.9297510512631, 244.06023962133065, 150.5758876588951, 19.528318613398458, 373.9546574661548, 156.82018262488208, 23.938441948928705, 132.2439292858049, 42.3066187692301, 28.072711493199215, 6.217783802389784, 103.24703938529633]]"
664,"[[(0, 2), (0, 27), (6, 11), (6, 24), (18, 13), (9, 2), (9, 20), (23, 8), (4, 3), (3, 29), (21, 12), (8, 14), (10, 22), (7, 9), (13, 28), (20, 25), (15, 25)]]","[[25.42069687464044, 162.75162395179802, 21.51862758668007, 123.75030982870192, 151.846274116006, 74.42392745074318, 251.25272974303198, 21.29048828821594, 20.314500575854, 478.15994097024947, 151.72348301545549, 43.82757563982268, 166.30929260835487, 28.021084219998038, 40.20244123378738, 18.35871253542205, 112.31643434215063]]"
665,"[[(0, 2), (0, 27), (6, 11), (6, 24), (18, 13), (9, 2), (9, 20), (23, 8), (4, 3), (3, 29), (21, 12), (8, 14), (10, 22), (7, 9), (13, 28), (20, 25), (15, 25)]]","[[30.807852857293376, 160.46559854347925, 21.402316895871955, 116.22409939088092, 107.56396683445939, 65.70269352994305, 84.62266466833707, 265.97879684648836, 18.08791468312559, 331.5080504439292, 191.90423565346205, 45.6371936095193, 145.28530309932353, 47.40913797254475, 39.08842801953134, 12.822529328070464, 106.08811317036323]]"
666,"[[(0, 2), (0, 27), (6, 11), (6, 24), (18, 13), (9, 2), (9, 20), (23, 8), (4, 3), (3, 29), (21, 12), (8, 14), (10, 22), (7, 9), (13, 28), (20, 25), (15, 25)]]","[[40.68882558628157, 109.0268542172484, 21.225647572401268, 118.75978609669838, 57.90785817275383, 46.77102736920282, 147.52634257898956, 338.78129283715737, 24.797936789632008, 281.1572334861385, 184.1862977169328, 46.10828444699857, 80.58342728497658, 33.41565099194408, 20.708446793319023, 7.961639460107685, 111.85604064490565]]"
667,"[[(0, 2), (0, 27), (6, 11), (6, 24), (18, 13), (9, 2), (9, 20), (23, 8), (4, 3), (3, 29), (21, 12), (8, 14), (10, 22), (7, 9), (13, 28), (20, 25), (15, 25)]]","[[26.533707795921167, 61.600467087074016, 29.844093107830595, 72.20203798144881, 71.068467320075, 16.431123318934723, 169.70900570200195, 65.36550970037936, 29.103504081964516, 607.0549925571931, 179.6675177498518, 37.237947270378434, 147.75828352432148, 46.605266963678766, 25.325462600197746, 6.207685547898503, 120.5794451391959]]"
668,"[[(0, 2), (0, 27), (6, 11), (6, 24), (18, 13), (9, 2), (9, 20), (23, 8), (4, 3), (3, 29), (21, 12), (8, 14), (10, 22), (7, 9), (13, 28), (20, 25), (15, 25)]]","[[39.93519908789969, 147.74457455495514, 21.350915565868753, 111.21528326713332, 51.39061702229565, 61.82070698619684, 232.7404999058053, 99.62800921439592, 25.24515061525736, 401.9101253478625, 180.36845065215925, 47.45583110036814, 63.360345567971066, 33.03985868959264, 25.23012913995632, 12.89947033370834, 134.43359366263212]]"
669,"[[(0, 2), (0, 27), (6, 11), (6, 24), (18, 13), (9, 2), (9, 20), (23, 8), (4, 3), (3, 29), (21, 12), (8, 14), (10, 22), (7, 9), (13, 28), (20, 25), (15, 25)]]","[[41.2276294502364, 147.44870738161165, 20.02170582037881, 119.05628607949217, 65.42445177114118, 74.0213063206732, 207.52951683107997, 311.2628480202642, 16.748025914635825, 602.0303199061298, 171.43296038777197, 26.739593028159973, 97.28621697021208, 35.548946134796495, 46.04610637871243, 6.115227768178597, 118.38209895975609]]"
670,"[[(0, 2), (0, 27), (6, 11), (6, 24), (18, 13), (9, 2), (9, 20), (23, 8), (4, 3), (3, 29), (21, 12), (8, 14), (10, 22), (7, 9), (13, 28), (20, 25), (15, 25)]]","[[25.998057844028978, 161.36678177780772, 20.266059428462174, 147.91345752997245, 136.85515561424785, 14.53738260459926, 96.3293192264201, 31.42624582202206, 17.443079305597326, 397.7440768412457, 176.81901866323355, 29.871052169909653, 116.45142801089416, 38.726557427826705, 46.28205730372303, 17.52083575938332, 123.66143071288114]]"
671,"[[(0, 2), (0, 27), (6, 11), (6, 24), (18, 13), (9, 2), (9, 20), (23, 8), (4, 3), (3, 29), (21, 12), (8, 14), (10, 22), (7, 9), (13, 28), (20, 25), (15, 25)]]","[[26.274715874092628, 175.43073990818806, 29.508826736686537, 118.05504986855797, 56.836183986138295, 32.363243102521515, 221.4371993336166, 25.1250787034187, 28.78549378711875, 653.607474588069, 176.4043672053224, 26.767594235457203, 66.92488732840265, 40.6140632478228, 15.309583514091557, 12.09035443012086, 131.2837733047193]]"
672,"[[(0, 2), (0, 27), (6, 11), (6, 24), (18, 13), (9, 2), (9, 20), (23, 8), (4, 3), (3, 29), (21, 12), (8, 14), (10, 22), (7, 9), (13, 28), (20, 25), (15, 25)]]","[[39.1353023547302, 124.08657639557366, 20.335059230640343, 72.19525760064184, 152.166232117256, 38.13718431516011, 194.645299198099, 234.58878550650988, 16.495585753740173, 420.53836090213, 174.79227629085483, 39.60631049730628, 138.36775356387454, 25.387727389336654, 2.500326931272724, 12.60701427188742, 107.17191817245825]]"
673,"[[(0, 2), (0, 27), (6, 11), (6, 24), (18, 13), (9, 2), (9, 20), (23, 8), (4, 3), (3, 29), (21, 12), (8, 14), (10, 22), (7, 9), (13, 28), (20, 25), (15, 25)]]","[[29.703042879577623, 141.91017780385323, 23.166608890391934, 164.98288284503906, 34.47330055123739, 14.208440461213641, 152.23826927851033, 110.74430153143626, 12.818064839538255, 142.4242662268646, 167.62392213330105, 35.73994280181782, 189.68016808001505, 42.34074010337538, 25.591063181884696, 7.352505372597497, 103.04693167928448]]"
674,"[[(0, 2), (0, 27), (6, 11), (6, 24), (18, 13), (9, 2), (9, 20), (23, 8), (4, 3), (3, 29), (21, 12), (8, 14), (10, 22), (7, 9), (13, 28), (20, 25), (15, 25)]]","[[24.123975050812163, 81.38547866289434, 25.274751315439662, 120.92910288853656, 74.10332101321161, 4.318674772670397, 183.92063261025734, 274.0673698213887, 24.935858432596767, 131.56321564200755, 151.258027103639, 38.12784574757647, 161.8287279282459, 31.73155123759318, 43.21920349820317, 19.77454218434308, 103.69937220048615]]"
675,"[[(0, 2), (0, 27), (6, 11), (6, 24), (18, 13), (9, 2), (9, 20), (23, 8), (4, 3), (3, 29), (21, 12), (8, 14), (10, 22), (7, 9), (13, 28), (20, 25), (15, 25)]]","[[35.45048373071512, 108.66220739036194, 27.078712797940995, 97.74704560889036, 63.276303958687315, 33.36751992008719, 113.70547146508501, 313.6757347963041, 28.21529364768938, 470.91548230561096, 188.93096101585604, 23.454911665840395, 62.33997014212079, 24.011521456028913, 19.73056721658685, 17.59739552436279, 130.5294933045335]]"
676,"[[(0, 2), (0, 27), (6, 11), (6, 24), (18, 13), (9, 2), (9, 20), (23, 8), (4, 3), (3, 29), (21, 12), (8, 14), (10, 22), (7, 9), (13, 28), (20, 25), (15, 25)]]","[[32.24882953252182, 193.4115123014384, 23.36152852616418, 116.73666213309801, 49.02923915121463, 52.552432082482305, 105.53418177628822, 330.9887637543894, 27.46703089503407, 81.55199451776365, 145.8447928123936, 31.235463880334315, 113.15257787745006, 48.96465851047646, 46.59725502171064, 16.02440667683879, 118.21631809449465]]"
677,"[[(0, 2), (0, 27), (6, 11), (6, 24), (18, 13), (9, 2), (9, 20), (23, 8), (4, 3), (3, 29), (21, 12), (8, 14), (10, 22), (7, 9), (13, 28), (20, 25), (15, 25)]]","[[23.430835612941834, 166.368476022658, 24.005423557200558, 144.17467392181285, 110.8183384407252, 24.90301981440958, 209.97123302314156, 311.393627553273, 12.256108691634063, 669.165768616238, 175.9127958251294, 46.66558180536721, 193.99443954035928, 23.888543091081438, 45.06903845437796, 10.049486313782733, 106.1849959453924]]"
678,"[[(0, 2), (0, 27), (6, 11), (6, 24), (18, 13), (9, 2), (9, 20), (23, 8), (4, 3), (3, 29), (21, 12), (8, 14), (10, 22), (7, 9), (13, 28), (20, 25), (15, 25)]]","[[38.94378185745249, 215.8822126657526, 22.4197830981059, 163.00492517014794, 99.74832948217637, 34.42241092909296, 226.43727921798003, 174.85220339816047, 26.803894453999, 542.2070777474028, 149.25532968866523, 44.397209522489874, 94.36108427441921, 20.232124374966983, 45.29407382547051, 16.02919497825947, 114.81096884265138]]"
679,"[[(0, 2), (0, 27), (6, 11), (6, 24), (18, 13), (9, 2), (9, 20), (23, 8), (4, 3), (3, 29), (21, 12), (8, 14), (10, 22), (7, 9), (13, 28), (20, 25), (15, 25)]]","[[25.932439474520237, 128.59423638839672, 22.965008896079212, 158.0762452163383, 61.04334129407139, 48.92499375581026, 247.8756475074565, 260.0985265270528, 15.171921644066565, 406.4212543659072, 174.21057448703013, 42.56792690394217, 140.40409221930628, 28.77889502835383, 23.798820401879357, 7.8300464638549325, 102.27684402534524]]"
680,"[[(0, 2), (0, 27), (6, 11), (6, 24), (18, 13), (9, 2), (9, 20), (23, 8), (4, 3), (3, 29), (21, 12), (8, 14), (10, 22), (7, 9), (13, 28), (20, 25), (15, 25)]]","[[42.47587093792157, 84.06635750535041, 29.848738242495344, 92.18918472511731, 71.01936578634187, 44.79307860176689, 96.777637522626, 228.26111412621808, 13.139012138052507, 496.1966558870058, 179.65964459736688, 39.04177115474259, 96.95809638506108, 18.50962591808514, 22.849024076872546, 15.339650328183176, 129.84575655163678]]"
681,"[[(0, 2), (0, 27), (6, 11), (6, 24), (18, 13), (9, 2), (9, 20), (23, 8), (4, 3), (3, 29), (21, 12), (8, 14), (10, 22), (7, 9), (13, 28), (20, 25), (15, 25)]]","[[25.687686743847003, 84.5731272553328, 23.028191710063894, 74.02683451160027, 58.09850633432587, 18.661019663391148, 156.56106401749574, 45.15885238565749, 23.120372367632363, 101.11299586869588, 162.9247711231706, 33.48874094831045, 165.51449181313222, 29.13445400037952, 19.1516117887599, 12.302061010863156, 115.86954749442707]]"
682,"[[(0, 2), (0, 27), (6, 11), (6, 24), (18, 13), (9, 2), (9, 20), (23, 8), (4, 3), (3, 29), (21, 12), (8, 14), (10, 22), (7, 9), (13, 28), (20, 25), (15, 25)]]","[[41.964521582284426, 127.57505137802099, 24.4001945473026, 129.1359649095437, 75.37391715875069, 42.06341630982301, 217.72094361980865, 114.74816833063116, 9.655483909108103, 294.74687539090866, 163.47340905547728, 33.50949324583257, 181.79392433371535, 25.257818539684067, 5.561349743133198, 10.783276283046883, 102.54562022749353]]"
683,"[[(0, 2), (0, 27), (6, 11), (6, 24), (18, 13), (9, 2), (9, 20), (23, 8), (4, 3), (3, 29), (21, 12), (8, 14), (10, 22), (7, 9), (13, 28), (20, 25), (15, 25)]]","[[42.40847020593488, 201.8695778736439, 27.944778236618294, 131.94566454229212, 131.02806897851937, 27.2439597499539, 116.77280135355963, 298.25566875045405, 23.696822458953278, 559.5262063942224, 161.97585669848894, 26.233314700939733, 159.27015366642576, 38.72984877347846, 5.952647144177681, 17.93604313698938, 121.3060872533541]]"
684,"[[(0, 2), (0, 27), (6, 11), (6, 24), (18, 13), (9, 2), (9, 20), (23, 8), (4, 3), (3, 29), (21, 12), (8, 14), (10, 22), (7, 9), (13, 28), (20, 25), (15, 25)]]","[[39.94163537437316, 149.13070065778277, 29.24400895326231, 159.51543246378438, 108.13944603774024, 38.031571301653386, 161.08000378895628, 235.31659219545472, 16.204026399947367, 23.20526823196567, 147.26013604767283, 37.757798359470954, 67.66064265787634, 21.426867821595227, 46.7119243516066, 5.5927119115321595, 132.58874366610902]]"
685,"[[(0, 2), (0, 27), (6, 11), (6, 24), (18, 13), (9, 2), (9, 20), (23, 8), (4, 3), (3, 29), (21, 12), (8, 14), (10, 22), (7, 9), (13, 28), (20, 25), (15, 25)]]","[[37.61005328034994, 181.9980727870501, 27.889501312372023, 155.91115148806605, 34.10990194955434, 11.991640930015837, 85.04708095767293, 146.4366756796402, 18.21780776267685, 336.343256062507, 180.24385094909135, 30.415114736382634, 108.52980563450367, 32.64282906873851, 45.303998838449765, 18.91414770613002, 117.7676496964853]]"
686,"[[(0, 2), (0, 27), (6, 11), (6, 24), (18, 13), (9, 2), (9, 20), (23, 8), (4, 3), (3, 29), (21, 12), (8, 14), (10, 22), (7, 9), (13, 28), (20, 25), (15, 25)]]","[[39.96403407556298, 194.67507670422606, 29.990267295272275, 78.03877368897663, 148.58181794742163, 23.31821841791789, 174.8355126847633, 322.463958963241, 15.735895480957213, 515.8228061876309, 188.37790390769692, 34.323037277376756, 116.50042042009959, 26.404156493479675, 30.074389086581277, 7.001802039456621, 130.7089247088701]]"
687,"[[(0, 2), (0, 27), (6, 11), (6, 24), (18, 13), (9, 2), (9, 20), (23, 8), (4, 3), (3, 29), (21, 12), (8, 14), (10, 22), (7, 9), (13, 28), (20, 25), (15, 25)]]","[[39.92478696727774, 109.40083656405358, 27.366153832822295, 80.49048721917671, 55.96160864392937, 64.94655710973159, 116.7156517211358, 57.173219282792104, 19.176115182864088, 27.26676634571012, 152.78613612017668, 18.979388914719028, 67.18542133110569, 32.48054192554787, 14.097519138033977, 16.003954125604686, 129.25373893469913]]"
688,"[[(0, 2), (0, 27), (6, 11), (6, 24), (18, 13), (9, 2), (9, 20), (23, 8), (4, 3), (3, 29), (21, 12), (8, 14), (10, 22), (7, 9), (13, 28), (20, 25), (15, 25)]]","[[31.281576786745823, 110.22260471654292, 25.861198904690383, 153.14573894236116, 27.943756348716995, 42.02427030175424, 104.30105320971902, 221.5744506333495, 26.017383207493445, 83.19454284602375, 188.07074655612985, 27.87858274589761, 117.7304302592855, 41.506073694526236, 9.295546375742695, 7.480007479333162, 120.87272306360573]]"
689,"[[(0, 2), (0, 27), (6, 11), (6, 24), (18, 13), (9, 2), (9, 20), (23, 8), (4, 3), (3, 29), (21, 12), (8, 14), (10, 22), (7, 9), (13, 28), (20, 25), (15, 25)]]","[[29.57794579543876, 146.66793622793938, 25.856889487845656, 139.58031880283824, 66.87153605358742, 22.36504445237265, 144.3217948032799, 292.48137978578, 17.996967345691935, 393.9907452477919, 158.68589310787326, 32.56604630880108, 42.25107402950864, 41.52714565922378, 11.305843264395424, 4.096748431065123, 114.64417488684192]]"
690,"[[(0, 2), (0, 27), (6, 11), (6, 24), (18, 13), (9, 2), (9, 20), (23, 8), (4, 3), (3, 29), (21, 12), (8, 14), (10, 22), (7, 9), (13, 28), (20, 25), (15, 25)]]","[[30.043292022838436, 65.23824958699095, 29.045128123014408, 110.27411102432606, 49.24417619325961, 60.42730208548632, 164.52242637694263, 225.66469654068106, 22.227647509249003, 546.4959249737102, 173.82156287231496, 33.36409599299707, 187.20899031172394, 36.42228499899974, 30.226171069645776, 8.66263874853887, 125.50624570173514]]"
691,"[[(0, 2), (0, 27), (6, 11), (6, 24), (18, 13), (9, 2), (9, 20), (23, 8), (4, 3), (3, 29), (21, 12), (8, 14), (10, 22), (7, 9), (13, 28), (20, 25), (15, 25)]]","[[31.45592732631495, 216.6377577513566, 26.314989061424377, 114.84605500831577, 96.61753329530619, 29.29473771807757, 95.83407164685036, 120.45390337583181, 22.83728625872009, 235.37269679962074, 171.2501136617383, 33.667698470049366, 67.55628049927087, 20.571064232105474, 33.84804457265931, 4.520369862103772, 132.07416721616437]]"
692,"[[(0, 2), (0, 27), (6, 11), (6, 24), (18, 13), (9, 2), (9, 20), (23, 8), (4, 3), (3, 29), (21, 12), (8, 14), (10, 22), (7, 9), (13, 28), (20, 25), (15, 25)]]","[[30.478773815027957, 104.04756857903298, 25.21826419725081, 101.08238893728294, 96.02361094052691, 27.763940360750045, 154.28932088748547, 59.33322551798369, 30.05078547844004, 272.05534595958096, 196.80368255434848, 23.48572760104188, 174.99456866075352, 36.35314975378482, 21.60449023627677, 15.155466170111017, 118.03327557446586]]"
693,"[[(0, 2), (0, 27), (6, 11), (6, 24), (18, 13), (9, 2), (9, 20), (23, 8), (4, 3), (3, 29), (21, 12), (8, 14), (10, 22), (7, 9), (13, 28), (20, 25), (15, 25)]]","[[23.65123453576535, 113.84886678617534, 27.962799906186397, 77.73035937128766, 127.0026598450982, 31.04559576418002, 236.170218923671, 320.7259394969093, 29.641378440088182, 445.9249907825955, 161.4152289716829, 19.405551708831283, 141.41975931490032, 51.94823757524982, 33.10818596210148, 19.23340576533461, 129.8262593424771]]"
694,"[[(0, 2), (0, 27), (6, 11), (6, 24), (18, 13), (9, 2), (9, 20), (23, 8), (4, 3), (3, 29), (21, 12), (8, 14), (10, 22), (7, 9), (13, 28), (20, 25), (15, 25)]]","[[38.01348167636439, 153.02217227262878, 29.759476337976402, 152.1643652297432, 134.39371472178962, 44.1079200969247, 153.49752167726035, 90.30243213141435, 27.357494266509242, 535.8455279752555, 173.82380299764904, 46.10588493057019, 114.13392276357307, 24.07109913328448, 16.963750831021965, 19.7867994653408, 111.03408738718193]]"
695,"[[(0, 2), (0, 27), (6, 11), (6, 24), (18, 13), (9, 2), (9, 20), (23, 8), (4, 3), (3, 29), (21, 12), (8, 14), (10, 22), (7, 9), (13, 28), (20, 25), (15, 25)]]","[[40.81336118997366, 66.93349660971602, 20.253150969100847, 157.016752210504, 52.25925970062841, 65.08683765086863, 101.02077857265984, 235.7177005798934, 11.75343039270934, 651.9454183794164, 180.1168311627369, 19.735437418524146, 159.49915978776446, 45.15176429273627, 32.70134160997048, 17.073320328286904, 112.06159876066125]]"
696,"[[(0, 2), (0, 27), (6, 11), (6, 24), (18, 13), (9, 2), (9, 20), (23, 8), (4, 3), (3, 29), (21, 12), (8, 14), (10, 22), (7, 9), (13, 28), (20, 25), (15, 25)]]","[[31.67968649528968, 201.14553061329187, 26.40688300297164, 93.87283373943535, 28.475664188535088, 22.03174714846306, 86.34915133647655, 205.61758186285658, 13.793741619574174, 153.84661519471425, 181.37729995765352, 24.389998215776153, 75.46596647901774, 28.178076930985426, 40.73769780375574, 10.36365059505333, 107.55335237690294]]"
697,"[[(0, 2), (0, 27), (6, 11), (6, 24), (18, 13), (9, 2), (9, 20), (23, 8), (4, 3), (3, 29), (21, 12), (8, 14), (10, 22), (7, 9), (13, 28), (20, 25), (15, 25)]]","[[35.72913226415443, 204.65518212793427, 29.75361962282286, 71.85282278091134, 42.53742346798781, 5.899447397638919, 73.10939836165126, 67.0665781203916, 28.729785561401144, 517.8996570851987, 170.17080885546213, 47.793122306801706, 190.34086375161223, 31.544225607950864, 9.301175799937456, 19.512093747935126, 101.1729626802771]]"
698,"[[(0, 2), (0, 27), (6, 11), (6, 24), (18, 13), (9, 2), (9, 20), (23, 8), (4, 3), (3, 29), (21, 12), (8, 14), (10, 22), (7, 9), (13, 28), (20, 25), (15, 25)]]","[[39.88889180692757, 147.0337479455191, 20.2764673514889, 107.01098404743723, 101.14729619637902, 65.95486079131032, 206.18092443052447, 300.48778438682984, 27.175313008779284, 436.9475334593677, 167.78055950391268, 33.47620311358336, 156.5575534192816, 19.281302104450724, 33.812962693842, 15.125608314527287, 114.5140896606247]]"
699,"[[(0, 2), (0, 27), (6, 11), (6, 24), (18, 13), (9, 2), (9, 20), (23, 8), (4, 3), (3, 29), (21, 12), (8, 14), (10, 22), (7, 9), (13, 28), (20, 25), (15, 25)]]","[[42.969399968005334, 162.8309224382785, 24.788152627423216, 109.66940064731632, 104.15874444630033, 45.294981953019864, 140.33011341426965, 208.34186713106936, 18.757744286859776, 280.4105335064704, 191.31328231454376, 44.62634713357871, 91.85180405055802, 25.4206371430475, 35.57248801477757, 17.6934448385601, 117.40812188963076]]"
700,"[[(0, 2), (0, 27), (6, 11), (6, 24), (18, 13), (9, 2), (9, 20), (23, 8), (4, 3), (3, 29), (21, 12), (8, 14), (10, 22), (7, 9), (13, 28), (20, 25), (15, 25)]]","[[36.11821897662193, 166.06618414046596, 20.237844659621697, 124.88733848959606, 134.9782331891912, 14.104462777310715, 178.76816954707837, 62.533261226466706, 9.97921017497975, 187.02215295573657, 151.38650838596072, 33.72034559757862, 56.26164607146407, 37.79259024571491, 10.364459157574023, 16.26793046131408, 115.51071881222687]]"
701,"[[(0, 2), (0, 27), (6, 11), (6, 24), (18, 13), (9, 2), (9, 20), (23, 8), (4, 3), (3, 29), (21, 12), (8, 14), (10, 22), (7, 9), (13, 28), (20, 25), (15, 25)]]","[[42.99937803586633, 220.67162817051124, 29.359295939966824, 132.25132311833144, 108.39534088416555, 41.31015665606785, 152.1493105952081, 271.8947113945406, 15.619520928833921, 292.33664823162917, 194.63765589394217, 18.815147266607365, 78.22355304137761, 51.83569189348633, 39.68784653801796, 8.738115165082046, 104.40291437530287]]"
702,"[[(0, 2), (0, 27), (6, 11), (6, 24), (18, 13), (9, 2), (9, 20), (23, 8), (4, 3), (3, 29), (21, 12), (8, 14), (10, 22), (7, 9), (13, 28), (20, 25), (15, 25)]]","[[34.57639354990778, 82.60035845344657, 26.791002296386683, 155.90588509476066, 148.8594126446193, 66.72783139738141, 244.6667126657, 321.350664354845, 9.149752536952404, 627.0487504875457, 174.85785718229448, 26.07516603040615, 169.73537856362304, 50.55733227831618, 26.49257171303993, 5.137143061547649, 107.12512398683006]]"
703,"[[(0, 2), (0, 27), (6, 11), (6, 24), (18, 13), (9, 2), (9, 20), (23, 8), (4, 3), (3, 29), (21, 12), (8, 14), (10, 22), (7, 9), (13, 28), (20, 25), (15, 25)]]","[[30.0194064808967, 115.22200050164642, 29.975210696336156, 114.26083715081867, 34.9270619474645, 72.91577674271544, 207.38313612590082, 167.5147503810235, 26.64419063938297, 534.0061545261898, 181.80129876881605, 39.80745460416077, 42.60893943021606, 25.242246844048335, 30.53289271541341, 11.973476699308899, 111.54155401553064]]"
704,"[[(0, 2), (0, 27), (6, 11), (6, 24), (18, 13), (9, 2), (9, 20), (23, 8), (4, 3), (3, 29), (21, 12), (8, 14), (10, 22), (7, 9), (13, 28), (20, 25), (15, 25)]]","[[33.37842213839659, 166.10548347244077, 21.981870189815368, 160.10626677893305, 89.39197587719275, 26.31661904092291, 246.46168547817723, 313.23518059014606, 20.663277439051484, 457.0415431646533, 174.61412549248735, 28.277559288011833, 106.38803603384396, 40.91950239300834, 40.39525568266519, 16.135382502215823, 106.95838570942936]]"
705,"[[(0, 2), (0, 27), (6, 11), (6, 24), (18, 13), (9, 2), (9, 20), (23, 8), (4, 3), (3, 29), (21, 12), (8, 14), (10, 22), (7, 9), (13, 28), (20, 25), (15, 25)]]","[[39.67155534901394, 70.95525323643793, 23.488050700199913, 135.33768199478618, 27.997150294837915, 42.611527134183866, 135.4361979082969, 106.52462899743033, 18.8915210192012, 300.73373487333316, 170.6666887727837, 36.87141666414374, 117.34355721975139, 31.374616971671045, 43.77419847469083, 19.681303040027096, 115.1094250988518]]"
706,"[[(0, 2), (0, 27), (6, 11), (6, 24), (18, 13), (9, 2), (9, 20), (23, 8), (4, 3), (3, 29), (21, 12), (8, 14), (10, 22), (7, 9), (13, 28), (20, 25), (15, 25)]]","[[38.86575781908245, 113.92926172250586, 27.04379088472532, 162.28324708345616, 100.0294405580995, 13.35139689393308, 139.4378182340946, 340.14511685642424, 26.64616830587355, 267.90893498431586, 178.05791757744097, 24.56979113181694, 99.19394194867554, 48.21932372357715, 30.938723173773518, 13.383865422039776, 132.9034735308961]]"
707,"[[(0, 2), (0, 27), (6, 11), (6, 24), (18, 13), (9, 2), (9, 20), (23, 8), (4, 3), (3, 29), (21, 12), (8, 14), (10, 22), (7, 9), (13, 28), (20, 25), (15, 25)]]","[[33.46386559813251, 120.20010252198297, 21.84726800418315, 165.26161219634588, 62.79185655964688, 11.391192906380097, 187.7873824398876, 37.45557585248732, 13.61332198257284, 490.96718432393266, 165.52243036915556, 29.536556260504067, 62.534903716884344, 18.63475106014274, 23.74082470224312, 18.626423449910384, 129.39708148006306]]"
708,"[[(0, 2), (0, 27), (6, 11), (6, 24), (18, 13), (9, 2), (9, 20), (23, 8), (4, 3), (3, 29), (21, 12), (8, 14), (10, 22), (7, 9), (13, 28), (20, 25), (15, 25)]]","[[40.943170874037534, 98.75227194271639, 22.596025066186673, 146.57511032257224, 60.07531732070214, 67.29737947262794, 141.6541632046014, 116.90902233830316, 18.301511187884785, 478.9948271744013, 191.9721426650459, 43.000226233598795, 92.32858691012117, 18.403041376563447, 3.719849915414673, 8.976696826332182, 132.62078170231126]]"
709,"[[(0, 2), (0, 27), (6, 11), (6, 24), (18, 13), (9, 2), (9, 20), (23, 8), (4, 3), (3, 29), (21, 12), (8, 14), (10, 22), (7, 9), (13, 28), (20, 25), (15, 25)]]","[[33.94791669408804, 104.02185923471293, 28.114200089080306, 120.11331069709334, 92.74613816598917, 53.790037990920894, 179.64436111177199, 249.74522046741228, 18.62585894978099, 165.1172353997079, 194.90002680436953, 44.857535064317126, 142.46986057156292, 41.02565034743573, 46.59041887957379, 15.356386284064836, 102.36926989315126]]"
710,"[[(0, 2), (0, 27), (6, 11), (6, 24), (18, 13), (9, 2), (9, 20), (23, 8), (4, 3), (3, 29), (21, 12), (8, 14), (10, 22), (7, 9), (13, 28), (20, 25), (15, 25)]]","[[39.13766104428244, 190.98343226545694, 29.27220174486875, 75.37739323316433, 95.75908347236526, 57.95874062988057, 98.86964747707833, 123.8682618658201, 27.053444545739698, 538.1071111671141, 175.13301940238347, 43.76055385190211, 109.43497510433512, 25.74579450173283, 46.814392586327585, 8.865821163401247, 106.64053517320094]]"
711,"[[(0, 2), (0, 27), (6, 11), (6, 24), (18, 13), (9, 2), (9, 20), (23, 8), (4, 3), (3, 29), (21, 12), (8, 14), (10, 22), (7, 9), (13, 28), (20, 25), (15, 25)]]","[[37.89705521957538, 152.84888593136418, 28.095888986413016, 99.36375696809982, 112.91012571521505, 66.17973986876393, 158.68549212740132, 98.0718673044443, 12.241803182991829, 611.8729628066252, 164.95072906825257, 28.64209187315475, 104.9591775364149, 30.043221088172835, 11.507305800363625, 11.13021512882192, 111.79087815988967]]"
712,"[[(0, 2), (0, 27), (6, 11), (6, 24), (18, 13), (9, 2), (9, 20), (23, 8), (4, 3), (3, 29), (21, 12), (8, 14), (10, 22), (7, 9), (13, 28), (20, 25), (15, 25)]]","[[37.48339460151759, 164.6362211368863, 24.054209521436704, 91.14197872917512, 115.52882654802157, 51.0035548202993, 243.40433147674204, 138.73735881352738, 19.191625450571074, 50.6463227049451, 175.9031940383941, 27.431351819878522, 71.86465962265723, 45.92799193138232, 24.256683631519365, 7.386219971164339, 114.28254741866691]]"
713,"[[(0, 2), (0, 27), (6, 11), (6, 24), (18, 13), (9, 2), (9, 20), (23, 8), (4, 3), (3, 29), (21, 12), (8, 14), (10, 22), (7, 9), (13, 28), (20, 25), (15, 25)]]","[[31.56070395296826, 128.86412209144288, 25.01692471721149, 161.61921919545392, 137.4781163868882, 50.897333915487394, 120.56467470670606, 268.30940168090814, 17.673179589492563, 486.81052828828035, 165.90640968237915, 28.701784884311436, 43.71072910761171, 45.32348257982575, 41.817161612950905, 6.4356219173924085, 131.0605146038269]]"
714,"[[(0, 2), (0, 27), (6, 11), (6, 24), (18, 13), (9, 2), (9, 20), (23, 8), (4, 3), (3, 29), (21, 12), (8, 14), (10, 22), (7, 9), (13, 28), (20, 25), (15, 25)]]","[[40.299493586534496, 184.78320641444787, 27.815402970636434, 109.71125980523364, 24.183476182436056, 62.85708944320803, 93.46265490902185, 101.5197355640566, 16.327961973554608, 379.4246279899157, 185.58677563644068, 37.517070055707165, 170.43027468204787, 31.912993300118153, 11.949866312959536, 14.014404244861296, 127.80174015312417]]"
715,"[[(0, 2), (0, 27), (6, 11), (6, 24), (18, 13), (9, 2), (9, 20), (23, 8), (4, 3), (3, 29), (21, 12), (8, 14), (10, 22), (7, 9), (13, 28), (20, 25), (15, 25)]]","[[26.232209656730184, 150.46598558878134, 20.969234234044006, 158.36582609181949, 73.62710926611096, 21.110298199321278, 125.81540512249171, 348.38593536297145, 27.37464821351966, 203.77971200760345, 178.09718343612636, 26.78258128349855, 179.79697769644628, 35.01865951163249, 44.4590083868341, 8.917499307669129, 107.95109784793885]]"
716,"[[(0, 2), (0, 27), (6, 11), (6, 24), (18, 13), (9, 2), (9, 20), (23, 8), (4, 3), (3, 29), (21, 12), (8, 14), (10, 22), (7, 9), (13, 28), (20, 25), (15, 25)]]","[[34.955165078102425, 132.7835987122613, 27.31373598626585, 106.60307950309334, 62.68888474718391, 70.56209324564777, 140.08635353450853, 303.17036660079714, 29.811659330855285, 190.20072177836363, 154.99974132566135, 41.07445430007904, 179.04667450720933, 51.216726085026316, 4.647671201574668, 8.525766570067598, 107.06039305378542]]"
717,"[[(0, 2), (0, 27), (6, 11), (6, 24), (18, 13), (9, 2), (9, 20), (23, 8), (4, 3), (3, 29), (21, 12), (8, 14), (10, 22), (7, 9), (13, 28), (20, 25), (15, 25)]]","[[33.42697218013343, 225.5750843063743, 20.33204575276153, 116.43358788761708, 40.57848064351987, 34.690715763565535, 109.2773547273126, 348.73796327900016, 19.361799008017854, 600.6274916814491, 164.46315456097358, 23.716421919071788, 114.12250691056735, 48.76911988507382, 33.709854605470674, 12.440112634633124, 130.9002643226132]]"
718,"[[(0, 2), (0, 27), (6, 11), (6, 24), (18, 13), (9, 2), (9, 20), (23, 8), (4, 3), (3, 29), (21, 12), (8, 14), (10, 22), (7, 9), (13, 28), (20, 25), (15, 25)]]","[[29.903571030506853, 70.36287025007212, 28.225498428542892, 163.19481508009994, 100.27587409177387, 76.69700495366126, 110.3012152821886, 307.51015180570323, 14.697309382386859, 53.37769899273117, 161.79299458301136, 26.85549463402221, 181.06213393971296, 50.054789041326075, 43.618057046692364, 9.540489009981298, 126.87545453803588]]"
719,"[[(0, 2), (0, 27), (6, 11), (6, 24), (18, 13), (9, 2), (9, 20), (23, 8), (4, 3), (3, 29), (21, 12), (8, 14), (10, 22), (7, 9), (13, 28), (20, 25), (15, 25)]]","[[24.899068571314288, 149.24204047523187, 29.313833123565068, 109.76220322364534, 75.95030825180412, 3.545363121316034, 238.3361674896999, 113.54938554021987, 17.23969244691218, 660.8307736436047, 165.27675425216893, 47.48249555369773, 56.44295819264301, 19.811366866077364, 22.953994355663916, 19.967865314988707, 123.29936462084379]]"
720,"[[(0, 2), (0, 27), (6, 11), (6, 24), (18, 13), (9, 2), (9, 20), (23, 8), (4, 3), (3, 29), (21, 12), (8, 14), (10, 22), (7, 9), (13, 28), (20, 25), (15, 25)]]","[[41.76981438820793, 97.81518057470083, 29.67310393235865, 120.32385198655153, 38.624239722649435, 36.42729998348759, 144.5252114323439, 107.7910931326201, 23.38573220465423, 50.40965833169358, 178.08699161792345, 36.37962693657222, 177.75243104186112, 20.251083917418008, 22.27744124373177, 15.487680426690897, 124.45057541163415]]"
721,"[[(0, 2), (0, 27), (6, 11), (6, 24), (18, 13), (9, 2), (9, 20), (23, 8), (4, 3), (3, 29), (21, 12), (8, 14), (10, 22), (7, 9), (13, 28), (20, 25), (15, 25)]]","[[32.967554441188895, 106.36976159651715, 22.286762598919935, 106.1654341327742, 145.9687902008746, 15.55564027135852, 214.20787403251703, 136.5578788534382, 16.86829684688122, 277.190002536394, 160.32918540267065, 18.26595540246112, 56.53190487334126, 48.25050967387672, 4.901365778993222, 19.213185490296162, 105.60524192804156]]"
722,"[[(0, 2), (0, 27), (6, 11), (6, 24), (18, 13), (9, 2), (9, 20), (23, 8), (4, 3), (3, 29), (21, 12), (8, 14), (10, 22), (7, 9), (13, 28), (20, 25), (15, 25)]]","[[42.49031821670209, 99.01607208573128, 29.244525397555634, 87.1351570498045, 115.39903876486511, 32.30394642514198, 128.76734430302412, 31.320359666844173, 9.317351753444777, 506.5936217731186, 181.84950529320957, 22.55045895129059, 115.92421386416991, 51.82217613927597, 12.417503128911498, 6.672660126683574, 122.04924232704198]]"
723,"[[(0, 2), (0, 27), (6, 11), (6, 24), (18, 13), (9, 2), (9, 20), (23, 8), (4, 3), (3, 29), (21, 12), (8, 14), (10, 22), (7, 9), (13, 28), (20, 25), (15, 25)]]","[[40.18677805677444, 137.0860356810966, 25.027384537717012, 95.21835464128662, 116.69658350808061, 33.04333732420794, 236.94843031179238, 232.29637402393652, 13.008017136025845, 79.92417750799713, 181.33252955127284, 24.50242930056619, 178.0534917232243, 38.85740190110364, 45.74089197775463, 8.182732410203386, 104.47896922832392]]"
724,"[[(0, 2), (0, 27), (6, 11), (6, 24), (18, 13), (9, 2), (9, 20), (23, 8), (4, 3), (3, 29), (21, 12), (8, 14), (10, 22), (7, 9), (13, 28), (20, 25), (15, 25)]]","[[31.61114264121126, 167.52173368305483, 28.86549919449051, 76.08716577634726, 73.32604013955279, 63.12710335013161, 115.3591092418603, 80.14899957180393, 16.237761105041542, 50.15268648132357, 149.41754620804102, 20.341538389791182, 57.65990371463502, 40.10176663441575, 9.02861977444906, 19.0329452370486, 133.44091332368822]]"
725,"[[(0, 2), (0, 27), (6, 11), (6, 24), (18, 13), (9, 2), (9, 20), (23, 8), (4, 3), (3, 29), (21, 12), (8, 14), (10, 22), (7, 9), (13, 28), (20, 25), (15, 25)]]","[[40.99626866577886, 134.82350228496563, 26.355382701388766, 108.09336258224648, 25.942228445247885, 72.77062966455946, 224.48077219776115, 130.09804295702116, 9.458588550447253, 650.1517374890442, 170.4448947941645, 27.230355535682115, 156.14002298998656, 18.348550161677764, 30.164525015253417, 13.689073743072981, 132.21183327538557]]"
726,"[[(0, 2), (0, 27), (6, 11), (6, 24), (18, 13), (9, 2), (9, 20), (23, 8), (4, 3), (3, 29), (21, 12), (8, 14), (10, 22), (7, 9), (13, 28), (20, 25), (15, 25)]]","[[38.31070850562438, 96.78313260832294, 20.237235213745844, 161.3227345070742, 86.80608094252645, 54.278130506815046, 164.58307004871688, 183.8103365226279, 22.292459867196136, 147.46607735219038, 187.03025142778716, 44.37828818223505, 147.20069023263784, 30.560950858658504, 18.66792741928418, 8.702511334579121, 117.63636496470579]]"
727,"[[(0, 2), (0, 27), (6, 11), (6, 24), (18, 13), (9, 2), (9, 20), (23, 8), (4, 3), (3, 29), (21, 12), (8, 14), (10, 22), (7, 9), (13, 28), (20, 25), (15, 25)]]","[[25.798368193615474, 215.77690948221627, 28.488604569169837, 84.89432827256769, 104.27387339866215, 26.22266572111308, 168.27495323309242, 327.4849265699961, 30.327421431019157, 551.7807784942554, 162.23169428210616, 23.341049398691002, 106.07858840054864, 18.796602222092098, 37.558923288942815, 6.528018550259294, 106.92143219242564]]"
728,"[[(0, 2), (0, 27), (6, 11), (6, 24), (18, 13), (9, 2), (9, 20), (23, 8), (4, 3), (3, 29), (21, 12), (8, 14), (10, 22), (7, 9), (13, 28), (20, 25), (15, 25)]]","[[30.407896264486943, 87.73695450947491, 25.68237709999407, 156.54767787454017, 123.18820682109721, 40.813534909859634, 210.9071835853488, 279.7332853112233, 16.656934192703993, 573.2419777711989, 167.49279007393278, 46.199956376248934, 47.40795130961846, 37.73153143186085, 42.985446914446094, 14.340430010305834, 130.24293337353373]]"
729,"[[(0, 2), (0, 27), (6, 11), (6, 24), (18, 13), (9, 2), (9, 20), (23, 8), (4, 3), (3, 29), (21, 12), (8, 14), (10, 22), (7, 9), (13, 28), (20, 25), (15, 25)]]","[[32.90485023587951, 56.405591103848046, 24.32251819475129, 99.32903084192671, 88.70373487481949, 62.47097766096159, 82.11278703036808, 143.05929449529702, 22.174817934474095, 483.69025078210774, 164.5939931125048, 31.769267397482537, 192.74888799729789, 39.424532765104246, 33.48586851145583, 5.098460215762618, 118.58384067602351]]"
730,"[[(0, 2), (0, 27), (6, 11), (6, 24), (18, 13), (9, 2), (9, 20), (23, 8), (4, 3), (3, 29), (21, 12), (8, 14), (10, 22), (7, 9), (13, 28), (20, 25), (15, 25)]]","[[26.41112119342878, 136.26647957156428, 25.181192347597356, 82.67458671641475, 99.87222420844088, 30.95527707899654, 133.43730452095275, 139.76435471170143, 30.95339503436225, 207.69680239228072, 148.3934566802948, 24.95198632066907, 113.34685178288056, 24.904235665019137, 10.730108956050458, 11.651817815414862, 110.75776812214484]]"
731,"[[(0, 2), (0, 27), (6, 11), (6, 24), (18, 13), (9, 2), (9, 20), (23, 8), (4, 3), (3, 29), (21, 12), (8, 14), (10, 22), (7, 9), (13, 28), (20, 25), (15, 25)]]","[[41.03486008040551, 92.17737951364302, 29.222964236740893, 133.11536955663794, 67.57961789613793, 53.24496648840571, 243.3396638680414, 213.95032059670098, 29.792117867556776, 471.20828474802795, 159.16540793485942, 27.803908089809084, 173.61709124819524, 48.84818510638608, 20.598186517855414, 9.162468395905384, 130.2190574836891]]"
732,"[[(0, 2), (0, 27), (6, 11), (6, 24), (18, 13), (9, 2), (9, 20), (23, 8), (4, 3), (3, 29), (21, 12), (8, 14), (10, 22), (7, 9), (13, 28), (20, 25), (15, 25)]]","[[25.05697134535152, 185.00297557206025, 27.396785020458353, 150.37078414920018, 48.58148300589501, 27.99577209042419, 203.6332955670698, 84.29043189321956, 11.532178973928685, 57.89300485425324, 154.31540492809725, 18.330439636414546, 42.856752264590284, 23.30497243001821, 19.055896756836916, 5.03128579455149, 127.19127903782346]]"
733,"[[(0, 2), (0, 27), (6, 11), (6, 24), (18, 13), (9, 2), (9, 20), (23, 8), (4, 3), (3, 29), (21, 12), (8, 14), (10, 22), (7, 9), (13, 28), (20, 25), (15, 25)]]","[[32.501100692763025, 135.09119948227666, 22.064982212844257, 164.07508722305948, 89.48079682927123, 52.320315173229226, 124.56685370938129, 135.1140465491222, 14.064889547265363, 182.24119503903384, 161.46223125858884, 43.551888119415736, 135.9419563628432, 43.70769773707485, 21.199320709120407, 9.903553162053335, 127.2260175532458]]"
734,"[[(0, 2), (0, 27), (6, 11), (6, 24), (18, 13), (9, 2), (9, 20), (23, 8), (4, 3), (3, 29), (21, 12), (8, 14), (10, 22), (7, 9), (13, 28), (20, 25), (15, 25)]]","[[30.54448753258294, 149.28228531181327, 27.678243623479336, 72.02066491426596, 128.09186066507704, 37.48122079086464, 241.1983398052932, 301.12949363005407, 15.996156919902859, 229.73774568850743, 168.08415544929886, 45.28999760847004, 129.0449679429854, 22.41517783506028, 44.337422255306635, 13.273303188896136, 126.92898743342901]]"
735,"[[(0, 2), (0, 27), (6, 11), (6, 24), (18, 13), (9, 2), (9, 20), (23, 8), (4, 3), (3, 29), (21, 12), (8, 14), (10, 22), (7, 9), (13, 28), (20, 25), (15, 25)]]","[[32.676160143376066, 195.39724720742046, 23.106898063865234, 158.13299760183173, 57.60934852321636, 74.51517740742405, 83.84992355126667, 300.8652220548128, 10.029372667869309, 113.1545298629752, 174.954735411049, 33.76310330054916, 152.6303612947617, 34.62326720475847, 14.219782352700523, 15.500714641832099, 105.79516226379926]]"
736,"[[(0, 2), (0, 27), (6, 11), (6, 24), (18, 13), (9, 2), (9, 20), (23, 8), (4, 3), (3, 29), (21, 12), (8, 14), (10, 22), (7, 9), (13, 28), (20, 25), (15, 25)]]","[[24.261422684117925, 92.65033831103345, 21.06300856532357, 84.06156075569868, 42.21925161852992, 63.39337224122853, 74.38579005507715, 245.24223819705375, 21.65286428618136, 612.27640215032, 145.22783139965333, 43.541972232015354, 43.40739258252059, 40.05166328972086, 38.67600532868485, 14.081610677408792, 110.85077232122318]]"
737,"[[(0, 2), (0, 27), (6, 11), (6, 24), (18, 13), (9, 2), (9, 20), (23, 8), (4, 3), (3, 29), (21, 12), (8, 14), (10, 22), (7, 9), (13, 28), (20, 25), (15, 25)]]","[[26.20335956132674, 164.9623501590767, 21.307411602783624, 161.63676407393908, 77.14825812967706, 51.12853683222959, 190.6756146630663, 317.47048836532275, 10.425340982744626, 624.560714276714, 146.45302020899098, 21.79637583623413, 78.67094114169369, 27.968717090730493, 30.646676421209296, 8.09066958696833, 108.55468092279753]]"
738,"[[(0, 2), (0, 27), (6, 11), (6, 24), (18, 13), (9, 2), (9, 20), (23, 8), (4, 3), (3, 29), (21, 12), (8, 14), (10, 22), (7, 9), (13, 28), (20, 25), (15, 25)]]","[[28.050717232474923, 63.99054132213988, 22.812500399383623, 71.55009094937918, 17.340374412462335, 48.274224613884485, 140.8726118801751, 266.17848937288716, 10.652553655961835, 128.77247563024338, 186.49183398342217, 29.14791341970895, 175.30890211452666, 18.873575009062517, 25.42165951473916, 16.996743774011406, 110.04304707703935]]"
739,"[[(0, 2), (0, 27), (6, 11), (6, 24), (18, 13), (9, 2), (9, 20), (23, 8), (4, 3), (3, 29), (21, 12), (8, 14), (10, 22), (7, 9), (13, 28), (20, 25), (15, 25)]]","[[29.09497618376944, 59.44000663486206, 20.3824727113256, 113.97802104732533, 22.04808951676786, 39.09342309527307, 131.9279568458487, 72.60148279006248, 28.628581174457043, 292.73287267981135, 153.1151531626267, 18.367608497636212, 162.11921838445392, 39.22174628519179, 43.91680818089732, 10.514392244063046, 122.6678006689533]]"
740,"[[(0, 2), (0, 27), (6, 11), (6, 24), (18, 13), (9, 2), (9, 20), (23, 8), (4, 3), (3, 29), (21, 12), (8, 14), (10, 22), (7, 9), (13, 28), (20, 25), (15, 25)]]","[[38.649434820655976, 156.29055231539996, 21.389429326185425, 103.12740061232932, 78.60208018253584, 6.051327348864429, 243.83685517669937, 33.26586008523431, 14.505789747363732, 104.46127555780828, 170.11557636004792, 39.616960375806464, 48.971498730448985, 51.021713958298236, 42.12408473572608, 14.768023938095878, 114.66423282823901]]"
741,"[[(0, 2), (0, 27), (6, 11), (6, 24), (18, 13), (9, 2), (9, 20), (23, 8), (4, 3), (3, 29), (21, 12), (8, 14), (10, 22), (7, 9), (13, 28), (20, 25), (15, 25)]]","[[39.17276001435724, 79.8342769352562, 21.815843760946457, 163.88815116624943, 28.555283259501802, 34.170593636613546, 192.5020900016447, 244.27108977911786, 16.769746072381558, 470.88843826875257, 153.14238780016973, 38.017237081834224, 89.29954778970452, 43.33884642147108, 3.4565306226974757, 16.526427257355632, 121.11409301895694]]"
742,"[[(0, 2), (0, 27), (6, 11), (6, 24), (18, 13), (9, 2), (9, 20), (23, 8), (4, 3), (3, 29), (21, 12), (8, 14), (10, 22), (7, 9), (13, 28), (20, 25), (15, 25)]]","[[24.476790309861297, 191.28903336736144, 27.876212078714985, 100.82343617026501, 20.65818199107871, 25.358905649419686, 86.96035907515352, 251.73652107821945, 26.262186071718343, 527.438216561153, 179.2205349927394, 26.544142536353924, 100.35945015695945, 28.88727263235156, 3.406148839865994, 12.938047267566787, 100.97714784957374]]"
743,"[[(0, 2), (0, 27), (6, 11), (6, 24), (18, 13), (9, 2), (9, 20), (23, 8), (4, 3), (3, 29), (21, 12), (8, 14), (10, 22), (7, 9), (13, 28), (20, 25), (15, 25)]]","[[29.202769172149054, 189.01011333509632, 27.006105292482893, 93.44543130843549, 116.43930209038201, 34.77550665195576, 115.15482843584564, 335.808881523478, 21.768103724009748, 299.9869861902982, 182.12801956568165, 33.057706360904994, 134.10990771256195, 19.895702574584675, 31.96934005584661, 17.650271801284312, 103.05260623857848]]"
744,"[[(0, 2), (0, 27), (6, 11), (6, 24), (18, 13), (9, 2), (9, 20), (23, 8), (4, 3), (3, 29), (21, 12), (8, 14), (10, 22), (7, 9), (13, 28), (20, 25), (15, 25)]]","[[40.76475958669653, 101.73706036549801, 21.971573600747202, 162.84656319787206, 144.41040771176594, 15.149023696253874, 199.49191987309072, 88.86050054439391, 21.787253686756124, 33.585159612106814, 169.07848338176757, 46.981897231083494, 51.36810053124845, 38.666969515190985, 14.82344008216657, 10.267481991551989, 132.68037747939007]]"
745,"[[(0, 2), (0, 27), (6, 11), (6, 24), (18, 13), (9, 2), (9, 20), (23, 8), (4, 3), (3, 29), (21, 12), (8, 14), (10, 22), (7, 9), (13, 28), (20, 25), (15, 25)]]","[[41.648538170037185, 101.85896345265846, 26.659247844706265, 156.872047655223, 42.338323134038504, 34.855680145245756, 215.65680916854777, 338.19181900536734, 29.04934335200506, 125.73967079494722, 159.49919266364765, 40.35592949773465, 101.41774322734639, 19.677801197611913, 31.2166431933636, 11.25070285930257, 104.94788069577804]]"
746,"[[(0, 2), (0, 27), (6, 11), (6, 24), (18, 13), (9, 2), (9, 20), (23, 8), (4, 3), (3, 29), (21, 12), (8, 14), (10, 22), (7, 9), (13, 28), (20, 25), (15, 25)]]","[[38.67535481149688, 89.348711545331, 29.276027429006, 154.04203339867536, 77.01503506986799, 57.369669664108244, 234.03073315919994, 24.887841039516008, 26.607693243271882, 372.05431074790425, 147.0791156066925, 46.81415989831835, 174.29208393530817, 34.53779228032102, 21.18000651787346, 11.247525394542567, 106.68951221703233]]"
747,"[[(0, 2), (0, 27), (6, 11), (6, 24), (18, 13), (9, 2), (9, 20), (23, 8), (4, 3), (3, 29), (21, 12), (8, 14), (10, 22), (7, 9), (13, 28), (20, 25), (15, 25)]]","[[38.17060523378079, 110.41848300659527, 25.315040425840845, 83.2374221146036, 17.71291658178696, 57.782540517453576, 94.25472784755927, 200.27363289597562, 19.865481196810403, 98.23526020477368, 159.6501884029805, 38.42438556985645, 182.19025976467177, 26.124836703477925, 20.727075603953466, 10.968395609721817, 129.39149254332472]]"
748,"[[(0, 2), (0, 27), (6, 11), (6, 24), (18, 13), (9, 2), (9, 20), (23, 8), (4, 3), (3, 29), (21, 12), (8, 14), (10, 22), (7, 9), (13, 28), (20, 25), (15, 25)]]","[[33.57237270303941, 221.11517907291537, 21.194737826797464, 143.9469338691091, 77.71755254731409, 16.667422564546783, 115.85404634104918, 212.98268501551968, 19.682392057867823, 374.5839109484589, 150.50055203659375, 23.022529994310567, 77.19631261501482, 50.80878833656462, 6.603029688621548, 13.023575785856076, 121.12574778219857]]"
749,"[[(0, 2), (0, 27), (6, 11), (6, 24), (18, 13), (9, 2), (9, 20), (23, 8), (4, 3), (3, 29), (21, 12), (8, 14), (10, 22), (7, 9), (13, 28), (20, 25), (15, 25)]]","[[37.077302853078436, 120.13613589212898, 26.260705248687355, 155.6564398335541, 136.1110360825252, 69.82681142034743, 172.72441457965976, 188.472257969398, 13.173306394190705, 577.5441081380378, 182.90253084693632, 45.68639428645183, 185.43541212861783, 33.368419518964, 12.958151984221676, 4.007798856760404, 109.02809219407122]]"
750,"[[(0, 2), (0, 27), (6, 11), (6, 24), (18, 13), (9, 2), (9, 20), (23, 8), (4, 3), (3, 29), (21, 12), (8, 14), (10, 22), (7, 9), (13, 28), (20, 25), (15, 25)]]","[[25.457022798107204, 190.67367158187463, 21.12506627390934, 130.4093604000143, 16.438258075651287, 33.47618386737166, 235.8911529350563, 167.1925323121994, 17.731856924474297, 265.72277176235684, 190.9348702826901, 46.63983291140917, 177.63763006021935, 24.72071462836345, 3.1465645634162573, 10.974266014435374, 107.49616798898228]]"
751,"[[(0, 2), (0, 27), (6, 11), (6, 24), (18, 13), (9, 2), (9, 20), (23, 8), (4, 3), (3, 29), (21, 12), (8, 14), (10, 22), (7, 9), (13, 28), (20, 25), (15, 25)]]","[[37.0789762723587, 85.92429922640414, 23.930206929888204, 119.80549408806345, 83.68151438187398, 40.60078152377463, 128.3014811105781, 331.7116456830203, 14.79571477381354, 341.64742928247455, 150.72470734690364, 45.04285107531571, 94.44726840565119, 20.94451536593144, 29.509079735391953, 11.58637503897499, 122.88178824656558]]"
752,"[[(0, 2), (0, 27), (6, 11), (6, 24), (18, 13), (9, 2), (9, 20), (23, 8), (4, 3), (3, 29), (21, 12), (8, 14), (10, 22), (7, 9), (13, 28), (20, 25), (15, 25)]]","[[34.40030658178679, 113.60236874107915, 25.976357804248238, 120.56929262422904, 105.47922681141104, 30.50402952182205, 181.01940337933502, 137.22598437786112, 10.256349136299772, 466.3830762065334, 196.45195326963855, 20.4041320966236, 81.78100155614557, 23.0287016007953, 4.931061162448726, 13.871801222282762, 134.62407980883134]]"
753,"[[(0, 2), (0, 27), (6, 11), (6, 24), (18, 13), (9, 2), (9, 20), (23, 8), (4, 3), (3, 29), (21, 12), (8, 14), (10, 22), (7, 9), (13, 28), (20, 25), (15, 25)]]","[[42.40147697320327, 220.23098342350673, 25.642048708086342, 136.35916467831035, 70.58931589917977, 13.81401790051339, 193.36888584374748, 107.11847954893358, 15.670965193618986, 221.2440145442009, 150.4326317610161, 46.69555617881839, 144.10886237354734, 49.36765716187357, 35.62804857628787, 18.92197278498207, 131.48882343358974]]"
754,"[[(0, 2), (0, 27), (6, 11), (6, 24), (18, 13), (9, 2), (9, 20), (23, 8), (4, 3), (3, 29), (21, 12), (8, 14), (10, 22), (7, 9), (13, 28), (20, 25), (15, 25)]]","[[38.39763862225128, 171.61602440670816, 28.200447370281992, 72.02023002915132, 98.31054378198327, 44.680930652735874, 110.55373533816045, 263.57256706597, 14.121851633263905, 237.39940215320493, 155.21251299101704, 28.221750918947535, 180.6532376449603, 40.02335336622876, 24.60409935849439, 12.499159928755123, 99.04492005537277]]"
755,"[[(0, 2), (0, 27), (6, 11), (6, 24), (18, 13), (9, 2), (9, 20), (23, 8), (4, 3), (3, 29), (21, 12), (8, 14), (10, 22), (7, 9), (13, 28), (20, 25), (15, 25)]]","[[26.72656099120161, 89.94529574054525, 27.272622507125586, 102.12367088473819, 50.85232578882351, 58.254961885326686, 243.33288396785153, 35.16668533003357, 25.260137368040812, 105.65918278946404, 180.42000325288728, 45.9134718878948, 73.24701797859703, 33.569408865590624, 2.929343772072044, 16.821990374220107, 99.10347419619772]]"
756,"[[(0, 2), (0, 27), (6, 11), (6, 24), (18, 13), (9, 2), (9, 20), (23, 8), (4, 3), (3, 29), (21, 12), (8, 14), (10, 22), (7, 9), (13, 28), (20, 25), (15, 25)]]","[[26.42642283804664, 174.5133206921449, 24.185429016498205, 74.61674837116325, 106.54841518085682, 58.1468783467126, 150.5407842693208, 177.19513563222787, 28.941280353840153, 91.50929073908816, 165.7649897531572, 19.096040830851564, 174.67754059364245, 29.960808694372908, 21.46711820960559, 13.448635321078335, 100.91393589986656]]"
757,"[[(0, 2), (0, 27), (6, 11), (6, 24), (18, 13), (9, 2), (9, 20), (23, 8), (4, 3), (3, 29), (21, 12), (8, 14), (10, 22), (7, 9), (13, 28), (20, 25), (15, 25)]]","[[40.35263179776857, 206.63446359491653, 20.923632513661534, 106.054914075292, 62.50197925410084, 69.89371626311616, 153.88024255939837, 91.0823475384486, 25.969387030408225, 51.18471787037936, 181.46472361021384, 46.295450730398855, 148.16174209162082, 35.302408533851185, 6.656880386901373, 12.845203998822956, 116.16042266234032]]"
758,"[[(0, 2), (0, 27), (6, 11), (6, 24), (18, 13), (9, 2), (9, 20), (23, 8), (4, 3), (3, 29), (21, 12), (8, 14), (10, 22), (7, 9), (13, 28), (20, 25), (15, 25)]]","[[42.4086103623476, 135.91366066461745, 26.587127652149135, 145.02408386441704, 110.36254931373041, 21.93580602425746, 172.37459773854744, 227.6507641976484, 30.404949706893746, 165.91023322282555, 150.40412963228434, 23.967133849789217, 114.49554764433147, 32.44807692666974, 34.324774694505344, 16.04968087598133, 114.47795064607898]]"
759,"[[(0, 2), (0, 27), (6, 11), (6, 24), (18, 13), (9, 2), (9, 20), (23, 8), (4, 3), (3, 29), (21, 12), (8, 14), (10, 22), (7, 9), (13, 28), (20, 25), (15, 25)]]","[[35.67852694259123, 207.9683676638937, 26.042781355356887, 145.24488001692612, 140.7136714570313, 35.87964537513093, 200.282193287765, 36.30868977380382, 14.844242106690022, 423.8040975991503, 192.2887434500882, 27.123044379472322, 120.03681463996982, 23.977064760345073, 9.01818102009239, 8.852841504592861, 120.88082325726401]]"
760,"[[(0, 2), (0, 27), (6, 11), (6, 24), (18, 13), (9, 2), (9, 20), (23, 8), (4, 3), (3, 29), (21, 12), (8, 14), (10, 22), (7, 9), (13, 28), (20, 25), (15, 25)]]","[[32.38833853308611, 55.48555461440847, 26.908603215425778, 147.4661243449681, 61.89096624657226, 18.16410677715261, 247.5478520029681, 268.6272734876642, 16.772099532987838, 34.67924013971414, 179.88148986066307, 39.13197917014036, 48.07613193660065, 51.0692938203757, 31.759056794432244, 6.419310212636706, 114.2830296996934]]"
761,"[[(0, 2), (0, 27), (6, 11), (6, 24), (18, 13), (9, 2), (9, 20), (23, 8), (4, 3), (3, 29), (21, 12), (8, 14), (10, 22), (7, 9), (13, 28), (20, 25), (15, 25)]]","[[31.573702679226713, 57.004800340429185, 26.710441964292137, 149.9051624460946, 114.80863150328067, 36.683829163575886, 215.14181236485763, 25.163439779507883, 20.532976722372837, 195.87853089085158, 159.5601620734048, 41.02532817500848, 72.64754714700993, 22.274002124016192, 18.14464207524124, 5.78411344172928, 131.09473285822534]]"
762,"[[(0, 2), (0, 27), (6, 11), (6, 24), (18, 13), (9, 2), (9, 20), (23, 8), (4, 3), (3, 29), (21, 12), (8, 14), (10, 22), (7, 9), (13, 28), (20, 25), (15, 25)]]","[[37.9876046795577, 121.17641269854968, 20.686144980712257, 158.97045137251666, 115.13345712545, 55.41212183339756, 148.06582543649785, 36.89499599750895, 14.733022081459769, 268.4557566881733, 186.2049751318246, 19.83986218058644, 147.2002572899955, 50.09756521740925, 27.48390397198519, 15.264900211588996, 128.8629732917765]]"
763,"[[(0, 2), (0, 27), (6, 11), (6, 24), (18, 13), (9, 2), (9, 20), (23, 8), (4, 3), (3, 29), (21, 12), (8, 14), (10, 22), (7, 9), (13, 28), (20, 25), (15, 25)]]","[[23.939922525737416, 55.00099918928461, 26.79762610390607, 159.30444957777058, 94.91807549724766, 41.38277384121643, 249.7053219958914, 134.71628452023586, 23.030597796667205, 473.5134263015373, 168.68910155096256, 44.662819071866686, 178.49553399005603, 34.498701858619, 1.4001296861609442, 12.814250198510958, 117.98999174247776]]"
764,"[[(0, 2), (0, 27), (6, 11), (6, 24), (18, 13), (9, 2), (9, 20), (23, 8), (4, 3), (3, 29), (21, 12), (8, 14), (10, 22), (7, 9), (13, 28), (20, 25), (15, 25)]]","[[31.109342411976478, 220.6171001157417, 21.7041193095128, 92.78250052866409, 17.01775642796353, 53.16579879255612, 180.78274018783486, 169.93939317855452, 27.022708150981558, 216.55170491954627, 196.31312791783515, 23.989756175113797, 60.33997996610175, 18.008657856841747, 25.777010551998366, 10.574828118775988, 103.76554884217046]]"
765,"[[(0, 2), (0, 27), (6, 11), (6, 24), (18, 13), (9, 2), (9, 20), (23, 8), (4, 3), (3, 29), (21, 12), (8, 14), (10, 22), (7, 9), (13, 28), (20, 25), (15, 25)]]","[[39.41134979089239, 124.97790960986299, 24.831599537535144, 101.39065150631872, 113.10389612974294, 53.01246914869471, 90.84792937367085, 106.49114743265532, 15.660675525514012, 502.04451392555177, 189.46838381601242, 39.423736488159555, 142.27407100924148, 45.24273648519262, 15.50706399691681, 5.704088131739999, 105.49343569784159]]"
766,"[[(0, 2), (0, 27), (6, 11), (6, 24), (18, 13), (9, 2), (9, 20), (23, 8), (4, 3), (3, 29), (21, 12), (8, 14), (10, 22), (7, 9), (13, 28), (20, 25), (15, 25)]]","[[41.198882555981804, 122.09522250291904, 22.08311137858695, 80.83868712978547, 140.75288084082604, 72.88667086670655, 214.39263465388663, 317.77753989849265, 28.88360348556977, 291.36127145099096, 172.4894813914625, 32.77660415947052, 131.17322011084232, 24.488564640245755, 7.6382139535027, 15.93633152055165, 111.15053740606825]]"
767,"[[(0, 2), (0, 27), (6, 11), (6, 24), (18, 13), (9, 2), (9, 20), (23, 8), (4, 3), (3, 29), (21, 12), (8, 14), (10, 22), (7, 9), (13, 28), (20, 25), (15, 25)]]","[[38.607171322127606, 188.05995560396767, 24.09062334023308, 139.76821070187194, 104.99364938343774, 74.52475319100816, 228.38971569478645, 205.6814370786911, 18.62855043322911, 372.9615870894355, 162.41442397211128, 27.465642756450933, 169.61258194566466, 33.96011701744098, 4.511464241888287, 15.260370212706151, 131.7967096053778]]"
768,"[[(0, 2), (0, 27), (6, 11), (6, 24), (18, 13), (9, 2), (9, 20), (23, 8), (4, 3), (3, 29), (21, 12), (8, 14), (10, 22), (7, 9), (13, 28), (20, 25), (15, 25)]]","[[26.172782617598923, 84.21314171202363, 28.89965027905267, 146.39563875236956, 39.183202652626285, 52.54101509263908, 151.32202790681384, 243.2288397024649, 21.36699297769907, 211.66211055268494, 151.53725338796767, 22.278369594717525, 135.63460324258676, 44.72370789960089, 39.4864273347075, 9.40807203446503, 121.97166780554087]]"
769,"[[(0, 2), (0, 27), (6, 11), (6, 24), (18, 13), (9, 2), (9, 20), (23, 8), (4, 3), (3, 29), (21, 12), (8, 14), (10, 22), (7, 9), (13, 28), (20, 25), (15, 25)]]","[[32.58148393848351, 185.71939724605375, 21.726405872472203, 103.40076340619191, 62.37686839358074, 21.071357011347164, 172.7716899548363, 174.72218900239935, 30.882850733029056, 644.1944653016841, 192.04350892573854, 23.78952454540687, 158.118596784339, 18.341743788552428, 39.273658777163156, 9.860833680330659, 108.53850522522065]]"
770,"[[(0, 2), (0, 27), (6, 11), (6, 24), (18, 13), (9, 2), (9, 20), (23, 8), (4, 3), (3, 29), (21, 12), (8, 14), (10, 22), (7, 9), (13, 28), (20, 25), (15, 25)]]","[[25.15459953365012, 118.63728552817601, 27.811547086027225, 81.01874467940398, 34.94184661099983, 19.180117586708576, 216.31106393669367, 82.3334513974283, 11.575399795560468, 636.7708376599486, 190.5549043005618, 34.49941116363745, 115.02854914112655, 30.647259895014486, 10.470530729044466, 6.202152520322873, 133.31406782753123]]"
771,"[[(0, 2), (0, 27), (6, 11), (6, 24), (18, 13), (9, 2), (9, 20), (23, 8), (4, 3), (3, 29), (21, 12), (8, 14), (10, 22), (7, 9), (13, 28), (20, 25), (15, 25)]]","[[27.90776722353576, 189.30181997261244, 20.424683170957074, 146.738814097099, 104.35713195530973, 47.92329713178791, 134.05879815039148, 228.9861733699265, 30.407408157011737, 222.5470063216003, 183.22538729504043, 27.14120449428403, 161.598577729189, 39.89991979373508, 11.619222947086797, 12.17612669649416, 132.46595662687952]]"
772,"[[(0, 2), (0, 27), (6, 11), (6, 24), (18, 13), (9, 2), (9, 20), (23, 8), (4, 3), (3, 29), (21, 12), (8, 14), (10, 22), (7, 9), (13, 28), (20, 25), (15, 25)]]","[[29.927276707643337, 74.37106915894861, 26.370611744541236, 154.61059465019176, 101.36922753504929, 21.780112114409807, 208.174187237085, 349.82668937973386, 17.27007910059239, 207.27050677067714, 187.35466264156705, 34.43651520962625, 146.4285224720075, 53.76636701169441, 26.607458236931404, 6.05164635822992, 106.21381169750644]]"
773,"[[(0, 2), (0, 27), (6, 11), (6, 24), (18, 13), (9, 2), (9, 20), (23, 8), (4, 3), (3, 29), (21, 12), (8, 14), (10, 22), (7, 9), (13, 28), (20, 25), (15, 25)]]","[[37.340251923329674, 190.97126402385015, 20.20775863821948, 92.49631933131111, 149.55148916149184, 43.751653477293694, 235.98754023862935, 147.20917693919426, 26.42909128809821, 450.1706478030285, 173.35715839116895, 41.34114532537328, 163.2623838462271, 53.22621463932196, 17.175490672926106, 18.513416646908894, 132.05628769761557]]"
774,"[[(0, 2), (0, 27), (6, 11), (6, 24), (18, 13), (9, 2), (9, 20), (23, 8), (4, 3), (3, 29), (21, 12), (8, 14), (10, 22), (7, 9), (13, 28), (20, 25), (15, 25)]]","[[35.15087338781269, 68.21121502525398, 20.32855776230961, 97.38611229187094, 56.2515618098905, 38.183772322875285, 79.03016779750774, 65.4940241980156, 26.874846405618555, 198.0112183525803, 159.6132469591323, 41.899743919931545, 92.49304954065123, 23.19245169337116, 25.569632225371436, 14.143113128776465, 129.38471391493988]]"
775,"[[(0, 2), (0, 27), (6, 11), (6, 24), (18, 13), (9, 2), (9, 20), (23, 8), (4, 3), (3, 29), (21, 12), (8, 14), (10, 22), (7, 9), (13, 28), (20, 25), (15, 25)]]","[[23.810140918470772, 63.983496971697015, 29.72720733841866, 93.20806293697547, 116.96597372534846, 39.1224818061756, 77.28061851020875, 225.65227871095493, 17.74017112165926, 632.9652643409623, 181.5607208732124, 44.65343138521541, 191.131047521212, 37.3463932444536, 32.12998247691462, 7.358377121669605, 130.56699017793918]]"
776,"[[(0, 2), (0, 27), (6, 11), (6, 24), (18, 13), (9, 2), (9, 20), (23, 8), (4, 3), (3, 29), (21, 12), (8, 14), (10, 22), (7, 9), (13, 28), (20, 25), (15, 25)]]","[[38.55458339366197, 102.93051136728161, 27.06604554244351, 96.1169430755067, 59.12154233737976, 47.193412076257935, 247.22013946375682, 315.34898149519324, 9.749918865607723, 544.0837993822068, 158.614760154908, 21.75587126123001, 110.74975576120215, 42.843162710197326, 30.256142268151603, 10.227066464609006, 114.0520565466583]]"
777,"[[(0, 2), (0, 27), (6, 11), (6, 24), (18, 13), (9, 2), (9, 20), (23, 8), (4, 3), (3, 29), (21, 12), (8, 14), (10, 22), (7, 9), (13, 28), (20, 25), (15, 25)]]","[[41.361174313540545, 202.18766071180167, 24.576652917895984, 156.41657731674746, 131.94528155369397, 22.893960010587207, 205.39156538050423, 66.09699481715917, 27.16060656782664, 270.7029967854986, 192.05484502519718, 45.24367291067523, 165.0045483699331, 32.62183250877834, 11.240764076150095, 12.614912766007501, 123.30922681317935]]"
778,"[[(0, 2), (0, 27), (6, 11), (6, 24), (18, 13), (9, 2), (9, 20), (23, 8), (4, 3), (3, 29), (21, 12), (8, 14), (10, 22), (7, 9), (13, 28), (20, 25), (15, 25)]]","[[31.924415396497714, 102.04725137536332, 28.650138692236858, 86.29252888734703, 97.1546533117904, 48.40173353502545, 195.70225417362022, 302.13512299874424, 20.14785343164045, 525.8544645972049, 195.03256217588984, 24.840539056534638, 72.5036121159404, 34.643387633152024, 45.77572941768807, 9.56936250943934, 124.77690285434684]]"
779,"[[(0, 2), (0, 27), (6, 11), (6, 24), (18, 13), (9, 2), (9, 20), (23, 8), (4, 3), (3, 29), (21, 12), (8, 14), (10, 22), (7, 9), (13, 28), (20, 25), (15, 25)]]","[[31.879171230911425, 217.71345931149287, 25.742741981416536, 105.5301069650215, 153.19839977549546, 15.29243566302298, 169.6295260823434, 305.0041484639965, 24.610370556622875, 653.9570447271308, 162.60670167313043, 34.50641804463113, 106.42925373268858, 44.66031119508166, 13.413213475494352, 11.232822258042344, 99.63121103690179]]"
780,"[[(0, 2), (0, 27), (6, 11), (6, 24), (18, 13), (9, 2), (9, 20), (23, 8), (4, 3), (3, 29), (21, 12), (8, 14), (10, 22), (7, 9), (13, 28), (20, 25), (15, 25)]]","[[28.614230397596323, 172.77767714714798, 20.42689825090676, 117.64180640486884, 151.45188112447053, 34.623987343090604, 186.2586685913405, 341.4096823180117, 21.943291544895928, 374.6690188312664, 146.55034455512035, 43.40000091698186, 151.28592051024532, 22.103748673723615, 7.971143148368768, 14.25009385577713, 123.4048372800486]]"
781,"[[(0, 2), (0, 27), (6, 11), (6, 24), (18, 13), (9, 2), (9, 20), (23, 8), (4, 3), (3, 29), (21, 12), (8, 14), (10, 22), (7, 9), (13, 28), (20, 25), (15, 25)]]","[[24.06337720797289, 161.90491503328042, 22.144088889581674, 138.8506497586421, 22.591493208602856, 72.18799822158705, 194.69592870496678, 282.69815073781086, 16.037745622512134, 306.14883228264347, 164.00161476891344, 36.47839630620002, 187.57968278816784, 48.85311716453482, 32.18065646940414, 6.398218354490018, 128.39759889456818]]"
782,"[[(0, 2), (0, 27), (6, 11), (6, 24), (18, 13), (9, 2), (9, 20), (23, 8), (4, 3), (3, 29), (21, 12), (8, 14), (10, 22), (7, 9), (13, 28), (20, 25), (15, 25)]]","[[27.066087144523156, 66.58476099843175, 26.28551579508733, 83.32025750636896, 52.77115286706147, 29.299452911515893, 153.8428435287296, 111.0016254392276, 12.470183239570295, 106.53323954714945, 158.0414239996452, 22.190085638898836, 186.2229562759673, 44.55794275892898, 29.25190560749145, 16.374574939430893, 131.9641501572515]]"
783,"[[(0, 2), (0, 27), (6, 11), (6, 24), (18, 13), (9, 2), (9, 20), (23, 8), (4, 3), (3, 29), (21, 12), (8, 14), (10, 22), (7, 9), (13, 28), (20, 25), (15, 25)]]","[[37.19260961969418, 203.80199333649864, 23.699154587121082, 105.94498744757853, 84.70924924561783, 64.23722817760049, 127.24236790429634, 214.85737259544294, 25.721911539722946, 663.5738142625736, 171.2875142375358, 40.15301382866079, 86.80352123927065, 36.42358522358707, 22.963566031459774, 7.532089178913367, 106.10040236154705]]"
784,"[[(0, 2), (0, 27), (6, 11), (6, 24), (18, 13), (9, 2), (9, 20), (23, 8), (4, 3), (3, 29), (21, 12), (8, 14), (10, 22), (7, 9), (13, 28), (20, 25), (15, 25)]]","[[34.49219101312604, 82.00484059738952, 21.665315767612533, 141.84638315904652, 51.00250528270506, 49.66361894723224, 125.53288780335643, 212.76459281503415, 24.50262848402038, 427.70867942815073, 180.82950530236974, 19.8852485114506, 118.82223748988544, 33.88939490348826, 27.12034413539036, 6.310887886015525, 112.91216892633818]]"
785,"[[(0, 2), (0, 27), (6, 11), (6, 24), (18, 13), (9, 2), (9, 20), (23, 8), (4, 3), (3, 29), (21, 12), (8, 14), (10, 22), (7, 9), (13, 28), (20, 25), (15, 25)]]","[[31.437201508098703, 157.14805330146208, 28.608598860394444, 125.37887717285776, 56.107758050394, 71.23266556650131, 103.98999596126785, 256.0481362198973, 16.214513216827278, 430.2096071748127, 161.8525770800832, 27.995103134037294, 142.91674685325313, 22.62724375078055, 16.596276801712467, 18.91885871751598, 122.94322477017052]]"
786,"[[(0, 2), (0, 27), (6, 11), (6, 24), (18, 13), (9, 2), (9, 20), (23, 8), (4, 3), (3, 29), (21, 12), (8, 14), (10, 22), (7, 9), (13, 28), (20, 25), (15, 25)]]","[[38.16633997899437, 58.259164340654394, 26.421657201400784, 159.53539473180138, 46.037165543650644, 21.6068114197926, 208.89691715751292, 62.39216442219262, 13.095730100640022, 583.9133785790088, 191.20681167906983, 23.384558126502913, 172.36617422480998, 48.52405798083325, 9.105684228533224, 16.993211594467226, 119.5123524536688]]"
787,"[[(0, 2), (0, 27), (6, 11), (6, 24), (18, 13), (9, 2), (9, 20), (23, 8), (4, 3), (3, 29), (21, 12), (8, 14), (10, 22), (7, 9), (13, 28), (20, 25), (15, 25)]]","[[33.48756249925105, 208.86078613747813, 25.427577801953554, 137.25377483973128, 45.410703257964954, 41.09271194860126, 97.49050530106635, 165.40638311203566, 13.352534569009274, 611.5438872870608, 150.23624114488337, 33.86349527338423, 102.39485721173583, 41.09253963627266, 37.08977340741125, 19.856613061225424, 113.37604527739762]]"
788,"[[(0, 2), (0, 27), (6, 11), (6, 24), (18, 13), (9, 2), (9, 20), (23, 8), (4, 3), (3, 29), (21, 12), (8, 14), (10, 22), (7, 9), (13, 28), (20, 25), (15, 25)]]","[[34.88904773596737, 150.75633925783262, 22.66677680403437, 118.75401309653398, 122.08067838820469, 60.11678302907933, 75.32230024650788, 61.85262610398543, 10.545973294600707, 455.2424308868859, 195.05852125250263, 24.69152359812543, 102.76711944219227, 39.67572579131979, 9.681849037109975, 14.875588957568297, 116.56800044263568]]"
789,"[[(0, 2), (0, 27), (6, 11), (6, 24), (18, 13), (9, 2), (9, 20), (23, 8), (4, 3), (3, 29), (21, 12), (8, 14), (10, 22), (7, 9), (13, 28), (20, 25), (15, 25)]]","[[31.923791196445222, 160.6532908311142, 28.126430367475475, 108.90212705346279, 38.415580642839785, 46.34479509678808, 236.3145361870615, 17.96030697923197, 11.72283344608169, 650.5630161397954, 196.38679367541246, 34.32097069082606, 110.73822503624382, 43.78325713015095, 36.71508965515576, 18.639901388781126, 132.50170521208125]]"
790,"[[(0, 2), (0, 27), (6, 11), (6, 24), (18, 13), (9, 2), (9, 20), (23, 8), (4, 3), (3, 29), (21, 12), (8, 14), (10, 22), (7, 9), (13, 28), (20, 25), (15, 25)]]","[[38.983993434318954, 144.04803396032077, 22.66625909528463, 71.6454705586973, 108.88584694204249, 71.86823712864336, 169.13286367985188, 83.80642809647989, 28.58122794631864, 146.42019655930264, 182.87972569923406, 28.549923606948553, 86.72700881779443, 35.231275545134295, 34.36289129844852, 16.346057545738084, 104.34455119532466]]"
791,"[[(0, 2), (0, 27), (6, 11), (6, 24), (18, 13), (9, 2), (9, 20), (23, 8), (4, 3), (3, 29), (21, 12), (8, 14), (10, 22), (7, 9), (13, 28), (20, 25), (15, 25)]]","[[37.7985038490466, 125.66581180757059, 29.34849055567726, 102.32032468376583, 134.7568985296838, 40.3034529189678, 175.30404080019406, 122.3176390121118, 17.740148170600584, 611.4561210998148, 152.41329087903722, 42.610362456467556, 158.12369062046042, 52.88772034643045, 46.31109582951808, 5.940835926475348, 107.70025688033705]]"
792,"[[(0, 2), (0, 27), (6, 11), (6, 24), (18, 13), (9, 2), (9, 20), (23, 8), (4, 3), (3, 29), (21, 12), (8, 14), (10, 22), (7, 9), (13, 28), (20, 25), (15, 25)]]","[[31.393310698296766, 122.0407076170011, 26.36756711764979, 73.0171644263611, 122.02224888607962, 25.741924706276997, 74.65460865799109, 136.5351160473783, 22.671813439950146, 463.89118489291144, 157.17975297011105, 42.59061649077605, 180.67549267001164, 50.25565679438677, 8.198772428438764, 13.811195312355505, 118.52206064601013]]"
793,"[[(0, 2), (0, 27), (6, 11), (6, 24), (18, 13), (9, 2), (9, 20), (23, 8), (4, 3), (3, 29), (21, 12), (8, 14), (10, 22), (7, 9), (13, 28), (20, 25), (15, 25)]]","[[26.310963031834305, 165.02620436024972, 23.559708243530103, 116.11859785352706, 146.9627388301571, 24.509808714042126, 97.31725288493509, 249.06283031201005, 18.786376197860875, 163.54597830114582, 167.47218260118964, 41.45629372779179, 71.4356461686948, 33.59236501097806, 42.38449546540425, 19.91713204070757, 126.45855003852702]]"
794,"[[(0, 2), (0, 27), (6, 11), (6, 24), (18, 13), (9, 2), (9, 20), (23, 8), (4, 3), (3, 29), (21, 12), (8, 14), (10, 22), (7, 9), (13, 28), (20, 25), (15, 25)]]","[[42.54537973109831, 94.91828219302037, 21.86548842693029, 128.91785653994245, 93.00900922052952, 46.59458494892595, 241.87055331237218, 326.59940972596524, 25.661080565343095, 443.61559344389383, 163.63949303417942, 18.90899895919415, 74.96021648134108, 28.688001891836418, 12.593899309929402, 13.055143338396332, 113.09238449347336]]"
795,"[[(0, 2), (0, 27), (6, 11), (6, 24), (18, 13), (9, 2), (9, 20), (23, 8), (4, 3), (3, 29), (21, 12), (8, 14), (10, 22), (7, 9), (13, 28), (20, 25), (15, 25)]]","[[25.098338789119587, 195.54080645493747, 28.445823407913288, 115.64737521135388, 98.77521221484886, 24.024314699407093, 224.59274936512628, 151.4161802274819, 29.502644701383538, 394.68141248644486, 180.85355970584436, 42.800363488825, 121.53960588885339, 43.839534125721265, 23.47657060081228, 11.183423969707619, 114.09647107225516]]"
796,"[[(0, 2), (0, 27), (6, 11), (6, 24), (18, 13), (9, 2), (9, 20), (23, 8), (4, 3), (3, 29), (21, 12), (8, 14), (10, 22), (7, 9), (13, 28), (20, 25), (15, 25)]]","[[37.59446943370024, 96.84479904296984, 26.120434459897893, 138.0639779142246, 99.25621878219357, 10.35128227258743, 207.65503272836276, 70.59083405038555, 13.086174936636247, 228.6549459415895, 181.32772544138163, 46.58141906171031, 156.8818830452738, 43.916929577940756, 33.19724597886741, 15.62424200230423, 120.79905788223334]]"
797,"[[(0, 2), (0, 27), (6, 11), (6, 24), (18, 13), (9, 2), (9, 20), (23, 8), (4, 3), (3, 29), (21, 12), (8, 14), (10, 22), (7, 9), (13, 28), (20, 25), (15, 25)]]","[[32.78854600161239, 214.34678310839124, 20.75636388520531, 140.2210238198859, 48.662345508321636, 3.6320172583394963, 125.80499561989646, 341.91662837645333, 23.333911762649855, 254.04748793557556, 194.61441684863235, 46.55462320177857, 83.69695562675085, 46.133395437854745, 5.355676059383335, 15.043915051380424, 118.21787009665117]]"
798,"[[(0, 2), (0, 27), (6, 11), (6, 24), (18, 13), (9, 2), (9, 20), (23, 8), (4, 3), (3, 29), (21, 12), (8, 14), (10, 22), (7, 9), (13, 28), (20, 25), (15, 25)]]","[[37.49427530076725, 107.85730678357422, 25.497493067551098, 93.39353407134007, 77.69967939138442, 73.1218829949537, 218.3309057189368, 153.39339745511936, 28.324671439409027, 114.2532578732943, 163.97507087022265, 39.774212332502884, 173.7352905932527, 22.76895111387809, 21.347203804208668, 8.3336309704354, 105.555283430574]]"
799,"[[(0, 2), (0, 27), (6, 11), (6, 24), (18, 13), (9, 2), (9, 20), (23, 8), (4, 3), (3, 29), (21, 12), (8, 14), (10, 22), (7, 9), (13, 28), (20, 25), (15, 25)]]","[[25.082046480927232, 55.54632415359219, 20.518803658258644, 115.67501659645926, 61.9858916209678, 20.753117161808497, 125.93878690186635, 53.38115962283295, 12.036765179583698, 582.4876259866911, 191.90071605938124, 46.88215787963621, 74.34674213427958, 44.860002991526336, 15.528303579030027, 15.2784624218799, 111.64944465862716]]"
800,"[[(0, 2), (0, 27), (6, 11), (6, 24), (18, 13), (9, 2), (9, 20), (23, 8), (4, 3), (3, 29), (21, 12), (8, 14), (10, 22), (7, 9), (13, 28), (20, 25), (15, 25)]]","[[38.33015410240066, 211.93841812660344, 27.26714959340615, 105.30365961589952, 83.7683318787142, 6.8306276874827745, 231.54138135807565, 221.86532040342212, 10.38754949478818, 651.2084687406664, 150.82899564651373, 24.451766372902537, 117.42744485097349, 52.04260490442586, 16.308152475709086, 13.84070053730443, 118.265241250145]]"
801,"[[(0, 2), (0, 27), (6, 11), (6, 24), (18, 13), (9, 2), (9, 20), (23, 8), (4, 3), (3, 29), (21, 12), (8, 14), (10, 22), (7, 9), (13, 28), (20, 25), (15, 25)]]","[[35.68973220765105, 140.21614423236753, 23.6717291753639, 97.62490167776014, 136.31382211015796, 26.664140108399227, 240.0847006915269, 269.2496561522919, 17.763511547134527, 591.5580871521865, 190.9798167530819, 28.01943983961369, 77.37319027240537, 42.07702006778868, 40.00714650239062, 16.873201770945283, 118.35889311660861]]"
802,"[[(0, 2), (0, 27), (6, 11), (6, 24), (18, 13), (9, 2), (9, 20), (23, 8), (4, 3), (3, 29), (21, 12), (8, 14), (10, 22), (7, 9), (13, 28), (20, 25), (15, 25)]]","[[36.483119175480084, 215.67177902586852, 26.45094488012532, 80.94511044512025, 50.682194628551784, 46.11006742535294, 246.4909081027036, 155.86155579805387, 29.135826845703814, 270.8414704533174, 165.11126213649254, 45.10570514708264, 125.45329297316431, 26.3821413098712, 1.9353238389333947, 13.34851710649917, 133.25908244432503]]"
803,"[[(0, 2), (0, 27), (6, 11), (6, 24), (18, 13), (9, 2), (9, 20), (23, 8), (4, 3), (3, 29), (21, 12), (8, 14), (10, 22), (7, 9), (13, 28), (20, 25), (15, 25)]]","[[28.974970597757675, 184.7237829389196, 21.378242522373817, 116.63603086478967, 90.6273366102366, 11.20367679671384, 99.88573833869957, 73.65791230676881, 30.765055507348713, 298.7638719940974, 183.40928667322947, 23.764168238019227, 145.91631458651125, 37.873344839506956, 44.14701417345766, 13.260848144250337, 121.70352245383941]]"
804,"[[(0, 2), (0, 27), (6, 11), (6, 24), (18, 13), (9, 2), (9, 20), (23, 8), (4, 3), (3, 29), (21, 12), (8, 14), (10, 22), (7, 9), (13, 28), (20, 25), (15, 25)]]","[[34.01047628315989, 95.00103256064958, 29.81127592406845, 119.27551825694619, 91.28658595535836, 68.46162378962029, 103.14412271157823, 357.9122045329788, 11.982385633428885, 249.11048455235516, 178.61073901056494, 32.59015461686714, 180.36107754316552, 48.303949734262595, 38.64524615908425, 6.707634946450526, 133.28300386183787]]"
805,"[[(0, 2), (0, 27), (6, 11), (6, 24), (18, 13), (9, 2), (9, 20), (23, 8), (4, 3), (3, 29), (21, 12), (8, 14), (10, 22), (7, 9), (13, 28), (20, 25), (15, 25)]]","[[27.555451413826102, 101.65363153165606, 22.97504561870049, 94.2143322240397, 65.81841891103511, 55.68662772072387, 143.23068151754666, 110.56116848006845, 20.556806870795583, 563.4004365238242, 176.5076950576023, 45.8311394158586, 116.25118019842134, 32.38376731211048, 18.93192548912776, 18.086685675979446, 106.17680602319486]]"
806,"[[(0, 2), (0, 27), (6, 11), (6, 24), (18, 13), (9, 2), (9, 20), (23, 8), (4, 3), (3, 29), (21, 12), (8, 14), (10, 22), (7, 9), (13, 28), (20, 25), (15, 25)]]","[[35.16172724114566, 195.53283668793966, 23.743297127311422, 163.81062177473177, 139.3799455097663, 39.38400315781394, 100.51194866262057, 331.19478587969974, 30.380391935375926, 548.0122290925057, 158.16937361878024, 26.658136304846963, 187.8746142351825, 37.8960012425838, 38.81910569248784, 13.510216984026465, 119.48080196559631]]"
807,"[[(0, 2), (0, 27), (6, 11), (6, 24), (18, 13), (9, 2), (9, 20), (23, 8), (4, 3), (3, 29), (21, 12), (8, 14), (10, 22), (7, 9), (13, 28), (20, 25), (15, 25)]]","[[28.01599335896575, 139.39564104939222, 20.62539601542002, 157.91752533446703, 88.56960507210216, 7.016626947677207, 251.69366692651948, 322.8367121153994, 10.300811746580099, 477.05807915908196, 157.60659135864577, 45.81865878935183, 116.02961739758919, 21.183309206601898, 13.783270800335355, 16.988613861509776, 101.63095368909751]]"
808,"[[(0, 2), (0, 27), (6, 11), (6, 24), (18, 13), (9, 2), (9, 20), (23, 8), (4, 3), (3, 29), (21, 12), (8, 14), (10, 22), (7, 9), (13, 28), (20, 25), (15, 25)]]","[[27.16235913427476, 137.73263009375887, 29.520022849380368, 139.03342789699767, 40.87214087760289, 69.24152134172145, 169.256826619986, 69.82871363287323, 15.911275995133474, 414.34553834963816, 172.19393010846116, 45.7066355454255, 167.0146743836268, 50.90672824689587, 40.738201281059254, 7.844828755638092, 105.08568706190408]]"
809,"[[(0, 2), (0, 27), (6, 11), (6, 24), (18, 13), (9, 2), (9, 20), (23, 8), (4, 3), (3, 29), (21, 12), (8, 14), (10, 22), (7, 9), (13, 28), (20, 25), (15, 25)]]","[[25.31852967194357, 185.92366818601573, 24.02349261235919, 114.15294269626659, 86.21959280231312, 45.18090565499771, 183.35274559188434, 50.22457313800066, 20.74774836140481, 549.7032755555634, 196.59327368284846, 44.14683867562699, 63.63318029505772, 43.254418007020064, 34.15227627555085, 7.578978890938767, 99.76539793901074]]"
810,"[[(0, 2), (0, 27), (6, 11), (6, 24), (18, 13), (9, 2), (9, 20), (23, 8), (4, 3), (3, 29), (21, 12), (8, 14), (10, 22), (7, 9), (13, 28), (20, 25), (15, 25)]]","[[39.284309465443556, 131.73639617390054, 29.445665164478527, 141.0958004565178, 146.54235777227404, 19.23662485992981, 73.01959577334176, 23.377024032135907, 18.763325193776897, 324.5338273786026, 157.13087407276163, 30.241008036201432, 43.4902089776673, 31.520143126763724, 14.939010865511353, 14.469078162806358, 103.98582902217483]]"
811,"[[(0, 2), (0, 27), (6, 11), (6, 24), (18, 13), (9, 2), (9, 20), (23, 8), (4, 3), (3, 29), (21, 12), (8, 14), (10, 22), (7, 9), (13, 28), (20, 25), (15, 25)]]","[[27.916964282850543, 185.2324070596988, 28.84805111383028, 113.68814680371352, 61.08459964029823, 16.42859134291877, 238.03005444787914, 98.05336326139576, 10.651129727279745, 323.71482955329805, 168.8466316885986, 27.791541865372675, 187.32419290592685, 25.865142091328508, 11.731219375971273, 8.531210498508555, 128.58397789813262]]"
812,"[[(0, 2), (0, 27), (6, 11), (6, 24), (18, 13), (9, 2), (9, 20), (23, 8), (4, 3), (3, 29), (21, 12), (8, 14), (10, 22), (7, 9), (13, 28), (20, 25), (15, 25)]]","[[23.855634474668324, 164.77018911129827, 29.095879758697137, 134.88494518585497, 81.02950596303802, 3.944733031677666, 94.75684253447253, 184.5435024846538, 17.642397795365063, 408.03660425621405, 174.99792417016116, 36.74545347663106, 93.3687159507653, 20.49471043619777, 6.362326732942299, 16.540132491015274, 125.76894609498679]]"
813,"[[(0, 2), (0, 27), (6, 11), (6, 24), (18, 13), (9, 2), (9, 20), (23, 8), (4, 3), (3, 29), (21, 12), (8, 14), (10, 22), (7, 9), (13, 28), (20, 25), (15, 25)]]","[[31.077046451899466, 185.86950951397205, 29.317800404310624, 119.22310793811816, 153.26681106432966, 64.57023321544526, 84.31720247951114, 199.467140438399, 29.145319044772624, 61.745138503845084, 196.34710780431794, 39.489305518488734, 68.0094650793953, 41.564718566345505, 40.45881846338381, 12.101307974906788, 105.27255033515374]]"
814,"[[(0, 2), (0, 27), (6, 11), (6, 24), (18, 13), (9, 2), (9, 20), (23, 8), (4, 3), (3, 29), (21, 12), (8, 14), (10, 22), (7, 9), (13, 28), (20, 25), (15, 25)]]","[[41.726453014663115, 57.33470026823151, 23.531660964495305, 161.49019190164665, 84.63477611777957, 50.85170427312472, 195.08656510902486, 324.5538045711866, 22.958427867192874, 604.375166042658, 170.44410479999857, 38.26566180273229, 184.2172281057243, 31.228313144921646, 38.516116721749505, 7.703705894550003, 113.02485007822565]]"
815,"[[(0, 2), (0, 27), (6, 11), (6, 24), (18, 13), (9, 2), (9, 20), (23, 8), (4, 3), (3, 29), (21, 12), (8, 14), (10, 22), (7, 9), (13, 28), (20, 25), (15, 25)]]","[[42.510994606982976, 60.03602317781842, 25.217276560302892, 97.94520669341635, 59.50970669750497, 66.25972571560182, 127.03721414987129, 146.27751614168497, 25.572540613540337, 293.37544195313404, 155.50457729968545, 46.10583084419444, 159.23387288421384, 36.34925133231832, 14.906000512630253, 19.17593544458566, 115.68186434885942]]"
816,"[[(0, 2), (0, 27), (6, 11), (6, 24), (18, 13), (9, 2), (9, 20), (23, 8), (4, 3), (3, 29), (21, 12), (8, 14), (10, 22), (7, 9), (13, 28), (20, 25), (15, 25)]]","[[42.922431515062044, 157.62841531333365, 20.42526347835755, 151.87977266185572, 125.55544440897344, 16.981900687266126, 227.01048868185268, 297.76285552500644, 11.576244440195303, 65.95347560499954, 193.63334655309177, 36.990403957278694, 94.17762718372609, 39.19860273217911, 28.193622303034243, 15.682480556032711, 128.00878817246408]]"
817,"[[(0, 2), (0, 27), (6, 11), (6, 24), (18, 13), (9, 2), (9, 20), (23, 8), (4, 3), (3, 29), (21, 12), (8, 14), (10, 22), (7, 9), (13, 28), (20, 25), (15, 25)]]","[[27.918479727417555, 124.32868126529067, 21.634195587208893, 137.6407994911313, 69.74611432960967, 63.815004469417914, 87.44183909145568, 241.13507082116362, 23.297929013758313, 624.9113983903525, 179.9707295462453, 20.047671204510287, 177.57227425769517, 23.751955662321876, 2.5024199351336627, 12.783959254137223, 132.14410563768024]]"
818,"[[(0, 2), (0, 27), (6, 11), (6, 24), (18, 13), (9, 2), (9, 20), (23, 8), (4, 3), (3, 29), (21, 12), (8, 14), (10, 22), (7, 9), (13, 28), (20, 25), (15, 25)]]","[[30.53535001272258, 208.08202832008575, 29.921298171433563, 119.75089972305558, 24.516330193281853, 57.571022958231865, 241.90146986700884, 338.2408764288931, 15.927279277552076, 505.99171640035854, 149.02655310113843, 23.7441912346643, 45.16356910500367, 20.166864570427375, 15.74295628043289, 6.750545223967396, 115.77098164554607]]"
819,"[[(0, 2), (0, 27), (6, 11), (6, 24), (18, 13), (9, 2), (9, 20), (23, 8), (4, 3), (3, 29), (21, 12), (8, 14), (10, 22), (7, 9), (13, 28), (20, 25), (15, 25)]]","[[35.18725029247953, 217.5175070722904, 22.05704550822845, 127.76305643288958, 29.644405263817212, 28.926014452437048, 117.61741679816005, 260.44569308803403, 13.187399895886418, 50.207570256823765, 182.56763840991087, 33.65567888042733, 160.76851396834053, 31.01192467258454, 4.9839096166191315, 15.344628556967468, 134.85848759902893]]"
820,"[[(0, 2), (0, 27), (6, 11), (6, 24), (18, 13), (9, 2), (9, 20), (23, 8), (4, 3), (3, 29), (21, 12), (8, 14), (10, 22), (7, 9), (13, 28), (20, 25), (15, 25)]]","[[30.6963842141384, 201.829362912402, 25.363855748619695, 133.36719229108024, 24.279741555482314, 43.345896111522485, 191.185446122697, 155.05754321018674, 11.374290097007265, 577.792549013622, 161.81069661312088, 41.50564068438606, 152.5332082207603, 31.903293171534962, 22.577967253327998, 15.68743908678001, 111.64859365324311]]"
821,"[[(0, 2), (0, 27), (6, 11), (6, 24), (18, 13), (9, 2), (9, 20), (23, 8), (4, 3), (3, 29), (21, 12), (8, 14), (10, 22), (7, 9), (13, 28), (20, 25), (15, 25)]]","[[35.30109336480449, 217.36067904655695, 27.990819606851076, 100.82920450972173, 148.12754607361933, 22.613243521034942, 154.0644693646973, 16.800083839248114, 22.915834240612973, 361.1696983104868, 160.30038701964523, 33.880449331694265, 45.755616341847414, 26.950251274972345, 45.06372577470979, 17.790010394118337, 101.68486622324254]]"
822,"[[(0, 2), (0, 27), (6, 11), (6, 24), (18, 13), (9, 2), (9, 20), (23, 8), (4, 3), (3, 29), (21, 12), (8, 14), (10, 22), (7, 9), (13, 28), (20, 25), (15, 25)]]","[[23.02967050381051, 59.473723727988194, 27.54266597397892, 70.87860027682022, 138.5820717078774, 6.886026958544939, 202.71358626954577, 13.866781336359317, 27.786008927838896, 528.5453093739845, 195.64944506277678, 28.16535728826716, 56.723208144592235, 53.54528229528228, 32.584931982397634, 6.834304973842302, 127.80928339421939]]"
823,"[[(0, 2), (0, 27), (6, 11), (6, 24), (18, 13), (9, 2), (9, 20), (23, 8), (4, 3), (3, 29), (21, 12), (8, 14), (10, 22), (7, 9), (13, 28), (20, 25), (15, 25)]]","[[25.85775676286831, 186.46708741920378, 28.43383185830229, 134.17671881617576, 37.117640659898974, 39.585474057086934, 134.0468447505145, 74.09123030278641, 12.844007885051914, 42.02983008425254, 186.31456714238493, 22.59519693526344, 163.9842812340313, 45.21349012275483, 8.31096026146291, 6.288612339760084, 122.96706702051483]]"
824,"[[(0, 2), (0, 27), (6, 11), (6, 24), (18, 13), (9, 2), (9, 20), (23, 8), (4, 3), (3, 29), (21, 12), (8, 14), (10, 22), (7, 9), (13, 28), (20, 25), (15, 25)]]","[[37.645969195051585, 180.3034230529151, 27.148439710124897, 100.17472325688573, 81.97457896413644, 46.55739774195117, 124.6494483882432, 233.01694309590462, 22.496923455892166, 25.940830909404525, 180.65573367880341, 45.82912817439308, 176.22720025201346, 46.96288492752619, 34.97809833996866, 7.12129400042515, 127.88442922190372]]"
825,"[[(0, 2), (0, 27), (6, 11), (6, 24), (18, 13), (9, 2), (9, 20), (23, 8), (4, 3), (3, 29), (21, 12), (8, 14), (10, 22), (7, 9), (13, 28), (20, 25), (15, 25)]]","[[31.620873351297877, 130.13533431069195, 22.982484544209658, 100.79545750664323, 82.89408459896408, 38.52335817034726, 123.762718926139, 44.210186209427775, 20.85501852422989, 574.8204751357423, 171.9533449166312, 18.232227032112156, 183.75841640036694, 34.411281372361955, 43.302466075256426, 19.619882833771754, 115.59179185982042]]"
826,"[[(0, 2), (0, 27), (6, 11), (6, 24), (18, 13), (9, 2), (9, 20), (23, 8), (4, 3), (3, 29), (21, 12), (8, 14), (10, 22), (7, 9), (13, 28), (20, 25), (15, 25)]]","[[36.24886898975572, 183.91635183935304, 20.18318216743409, 71.35278057803752, 83.40867247897428, 31.705440463677178, 132.4623846777467, 181.25535566777342, 14.73807903200022, 283.0529740798557, 181.31103874574933, 39.59541127120813, 160.00016404467164, 20.4749006195644, 14.27253503955661, 16.09437475759475, 126.56278914935538]]"
827,"[[(0, 2), (0, 27), (6, 11), (6, 24), (18, 13), (9, 2), (9, 20), (23, 8), (4, 3), (3, 29), (21, 12), (8, 14), (10, 22), (7, 9), (13, 28), (20, 25), (15, 25)]]","[[35.79808580730198, 162.08700373098253, 29.15775484781571, 75.76548701313497, 41.76675218959902, 36.00762812801806, 234.93919772557445, 243.1595785493255, 23.168687377212656, 521.5475742759811, 196.1202812666944, 37.20702805824854, 132.38835127974417, 29.138352874810636, 11.057171835006534, 5.443263297574024, 102.05387662899227]]"
828,"[[(0, 2), (0, 27), (6, 11), (6, 24), (18, 13), (9, 2), (9, 20), (23, 8), (4, 3), (3, 29), (21, 12), (8, 14), (10, 22), (7, 9), (13, 28), (20, 25), (15, 25)]]","[[38.98829181700756, 118.51222010603946, 21.785216842587392, 116.90172367086299, 74.4164434750783, 46.42356350862643, 189.31597096219502, 352.13128281061074, 21.98360792249138, 496.5157208296539, 183.88830645606714, 38.35947418164996, 96.89082830912837, 32.322732237986436, 31.287230367648615, 6.207914298809079, 130.44228543014236]]"
829,"[[(0, 2), (0, 27), (6, 11), (6, 24), (18, 13), (9, 2), (9, 20), (23, 8), (4, 3), (3, 29), (21, 12), (8, 14), (10, 22), (7, 9), (13, 28), (20, 25), (15, 25)]]","[[34.64619495709138, 163.50404305385598, 22.561614092376686, 113.87372004285825, 46.03468351373806, 62.18951396323713, 102.4811390423247, 358.82069092378543, 12.437621732577686, 128.9192670387556, 190.40688943377967, 46.55603780259449, 181.04371619921233, 25.873564105985892, 34.6716218661742, 17.76589909152681, 116.56171701725415]]"
830,"[[(0, 2), (0, 27), (6, 11), (6, 24), (18, 13), (9, 2), (9, 20), (23, 8), (4, 3), (3, 29), (21, 12), (8, 14), (10, 22), (7, 9), (13, 28), (20, 25), (15, 25)]]","[[38.805103651034074, 213.80539980375815, 23.305679605959998, 146.50398677313743, 89.58932181748007, 50.72342172551171, 232.16638895801944, 332.76202121198577, 27.128889297970915, 601.6156681910302, 195.24590988343903, 47.46176003435116, 72.31511047749292, 37.831572879514646, 19.814438033471962, 9.90889593662792, 114.5447628122058]]"
831,"[[(0, 2), (0, 27), (6, 11), (6, 24), (18, 13), (9, 2), (9, 20), (23, 8), (4, 3), (3, 29), (21, 12), (8, 14), (10, 22), (7, 9), (13, 28), (20, 25), (15, 25)]]","[[38.73422816996255, 61.25120886606221, 22.599645554138657, 124.76499322805483, 85.8002632025204, 21.36376865498414, 245.79983125154024, 202.8239921711505, 29.455587994519238, 589.9304561364212, 177.93260923951328, 41.54798855057891, 154.9873839240734, 52.96460569755552, 16.453286957743508, 18.365288222460695, 131.1332302645012]]"
832,"[[(0, 2), (0, 27), (6, 11), (6, 24), (18, 13), (9, 2), (9, 20), (23, 8), (4, 3), (3, 29), (21, 12), (8, 14), (10, 22), (7, 9), (13, 28), (20, 25), (15, 25)]]","[[29.828214731577635, 65.25110832078485, 22.06582522888879, 86.52498780071177, 32.446482267436245, 6.218446481111054, 92.16529481865771, 88.16361390693773, 15.74705766642672, 582.4099104849466, 190.5208010124819, 19.126292270380468, 146.72936407760693, 31.38592050063086, 14.428421887102418, 4.384548837713384, 109.90487381313532]]"
833,"[[(0, 2), (0, 27), (6, 11), (6, 24), (18, 13), (9, 2), (9, 20), (23, 8), (4, 3), (3, 29), (21, 12), (8, 14), (10, 22), (7, 9), (13, 28), (20, 25), (15, 25)]]","[[40.79738845584827, 83.05075167782685, 26.080526795187552, 136.5319071055855, 140.84361721840807, 67.46798356811736, 126.66204695901091, 301.2518489921431, 15.254580951547199, 459.3874900601427, 172.92727087754366, 29.200021587108495, 55.017839411391094, 22.48217405033673, 45.68953870425261, 15.751037907596663, 134.10062574560067]]"
834,"[[(0, 2), (0, 27), (6, 11), (6, 24), (18, 13), (9, 2), (9, 20), (23, 8), (4, 3), (3, 29), (21, 12), (8, 14), (10, 22), (7, 9), (13, 28), (20, 25), (15, 25)]]","[[36.950383401203624, 85.82642625408155, 22.06944187949042, 126.24685602422439, 121.59883066490752, 62.52437795800863, 124.27528372204313, 330.34533684340374, 17.50918064129023, 228.9239966188287, 165.88430562442736, 38.38369608313714, 128.42659984377786, 48.599219599120744, 27.57751362968529, 13.693267235191959, 133.98670946434086]]"
835,"[[(0, 2), (0, 27), (6, 11), (6, 24), (18, 13), (9, 2), (9, 20), (23, 8), (4, 3), (3, 29), (21, 12), (8, 14), (10, 22), (7, 9), (13, 28), (20, 25), (15, 25)]]","[[34.82954771604268, 102.61176322340175, 21.644855453198524, 96.14363183808672, 117.29280211502056, 32.47297516795992, 206.25336170450262, 111.87198388443107, 10.61880690478998, 356.415231608983, 183.7178813431698, 28.578591117019528, 53.235825198439755, 40.18381447074984, 8.995521749278812, 4.9550882104814935, 108.15958395737492]]"
836,"[[(0, 2), (0, 27), (6, 11), (6, 24), (18, 13), (9, 2), (9, 20), (23, 8), (4, 3), (3, 29), (21, 12), (8, 14), (10, 22), (7, 9), (13, 28), (20, 25), (15, 25)]]","[[23.347355052127774, 118.92086350767313, 26.963332689344213, 122.13407156928517, 53.79625182644557, 63.393256735052866, 211.88260417764997, 341.43706976794095, 11.216863988005926, 594.5650981864142, 161.52010829820745, 21.069009115625196, 165.40358124711437, 38.12194644026206, 22.14053378470838, 15.107504242157606, 122.44774854049221]]"
837,"[[(0, 2), (0, 27), (6, 11), (6, 24), (18, 13), (9, 2), (9, 20), (23, 8), (4, 3), (3, 29), (21, 12), (8, 14), (10, 22), (7, 9), (13, 28), (20, 25), (15, 25)]]","[[27.83038840768362, 72.71773672294125, 20.70173791718466, 137.636969475373, 21.250081680484556, 4.91701643021096, 242.63519949530496, 80.56020542030049, 16.09437924602755, 570.8261452185844, 195.57676703752168, 25.313433525347552, 97.8648815656322, 46.61049385289228, 16.008830182077823, 10.99699921315535, 115.6455507711683]]"
838,"[[(0, 2), (0, 27), (6, 11), (6, 24), (18, 13), (9, 2), (9, 20), (23, 8), (4, 3), (3, 29), (21, 12), (8, 14), (10, 22), (7, 9), (13, 28), (20, 25), (15, 25)]]","[[40.74527793814369, 170.94735321754985, 29.703189769121572, 104.53023552285677, 29.16162171630586, 4.909699087628631, 170.5598538227067, 130.4087712493702, 10.644823126390481, 600.4641756325226, 163.13832636255623, 44.970698262401996, 75.0681195281042, 46.8976643973764, 38.109418633354046, 11.184180060745874, 132.08124957843438]]"
839,"[[(0, 2), (0, 27), (6, 11), (6, 24), (18, 13), (9, 2), (9, 20), (23, 8), (4, 3), (3, 29), (21, 12), (8, 14), (10, 22), (7, 9), (13, 28), (20, 25), (15, 25)]]","[[34.75454229756205, 134.36829055749087, 26.858664517931462, 77.36577703818963, 139.52966108378536, 62.42114448505965, 137.7850684492971, 252.2951458652888, 20.0124547238729, 298.7329164997105, 183.74997289357532, 20.89356153036152, 159.35568538295084, 46.950104465631775, 33.73891612667674, 7.430446693096227, 124.20821032391588]]"
840,"[[(0, 2), (0, 27), (6, 11), (6, 24), (18, 13), (9, 2), (9, 20), (23, 8), (4, 3), (3, 29), (21, 12), (8, 14), (10, 22), (7, 9), (13, 28), (20, 25), (15, 25)]]","[[26.759025983886744, 189.72806642528442, 23.409138407796032, 165.0543269387416, 38.44720912258019, 7.136855820503284, 235.06292425471895, 45.776072968607274, 16.93352335717713, 497.3036942211041, 153.98584774593547, 21.15357118438085, 188.59587600025972, 37.3621723639361, 26.147497798327752, 14.885405727217186, 123.49985665426964]]"
841,"[[(0, 2), (0, 27), (6, 11), (6, 24), (18, 13), (9, 2), (9, 20), (23, 8), (4, 3), (3, 29), (21, 12), (8, 14), (10, 22), (7, 9), (13, 28), (20, 25), (15, 25)]]","[[33.96013048746745, 147.80310549879803, 26.340172841916033, 75.08314549458387, 17.59783185832269, 48.81830093322821, 196.95210240210986, 346.613946986202, 18.10437147789134, 331.8416339204955, 152.37807229525015, 28.767197050098318, 120.3331645210856, 31.350210034961503, 25.29870187865279, 13.803419709789875, 105.32900163256735]]"
842,"[[(0, 2), (0, 27), (6, 11), (6, 24), (18, 13), (9, 2), (9, 20), (23, 8), (4, 3), (3, 29), (21, 12), (8, 14), (10, 22), (7, 9), (13, 28), (20, 25), (15, 25)]]","[[27.927999060137015, 146.0761956695294, 26.374999069098187, 108.19191027254232, 111.95842806319651, 28.721390098492048, 153.62650726773632, 313.69474153768016, 13.232421730799638, 445.1807086613273, 149.294783815844, 32.55797321923575, 58.457481585017206, 22.503486214393487, 43.25623156930887, 10.48605580687103, 122.56437290896186]]"
843,"[[(0, 2), (0, 27), (6, 11), (6, 24), (18, 13), (9, 2), (9, 20), (23, 8), (4, 3), (3, 29), (21, 12), (8, 14), (10, 22), (7, 9), (13, 28), (20, 25), (15, 25)]]","[[34.11496551114236, 84.2174176394756, 20.419303904734708, 99.45898554280576, 31.245729640737395, 3.895082542128797, 97.68690762128969, 172.49377841307532, 11.45722022674529, 606.0609809050057, 178.67854236352582, 38.92249133593578, 83.74737431652458, 20.619683518047264, 33.78446559592095, 7.795675370115747, 112.7590014253726]]"
844,"[[(0, 2), (0, 27), (6, 11), (6, 24), (18, 13), (9, 2), (9, 20), (23, 8), (4, 3), (3, 29), (21, 12), (8, 14), (10, 22), (7, 9), (13, 28), (20, 25), (15, 25)]]","[[36.66571983052047, 135.98532567946245, 20.989369639706382, 89.34658578351568, 90.28122776212837, 63.595848677792304, 213.37933954623836, 253.80185224194855, 16.699299126076077, 211.968313200103, 167.26924659591705, 34.723556121011754, 190.66508573051775, 19.345521995886674, 3.1136722694494603, 12.349746730133157, 112.87444947900002]]"
845,"[[(0, 2), (0, 27), (6, 11), (6, 24), (18, 13), (9, 2), (9, 20), (23, 8), (4, 3), (3, 29), (21, 12), (8, 14), (10, 22), (7, 9), (13, 28), (20, 25), (15, 25)]]","[[35.58099604079994, 222.71914533447026, 21.704436517403092, 116.43281621068294, 52.9218069803797, 38.02291869300995, 171.05431220223934, 53.59737232720556, 28.360884980715856, 339.5232691159299, 171.75427889564935, 31.74477922398578, 164.3137002631818, 46.84146883365127, 26.28721616957047, 12.028053446900408, 112.11564017610698]]"
846,"[[(0, 2), (0, 27), (6, 11), (6, 24), (18, 13), (9, 2), (9, 20), (23, 8), (4, 3), (3, 29), (21, 12), (8, 14), (10, 22), (7, 9), (13, 28), (20, 25), (15, 25)]]","[[36.36118150142539, 194.82970887363365, 22.327690201478028, 120.84415676133523, 50.896835999269314, 44.8846932004097, 133.11750917146964, 24.16499288885516, 12.835252960659927, 251.6299939796528, 160.78407859107344, 34.480332108669344, 166.30183657279704, 21.523689273308317, 22.831527135486787, 11.283490325552204, 99.81101397983755]]"
847,"[[(0, 2), (0, 27), (6, 11), (6, 24), (18, 13), (9, 2), (9, 20), (23, 8), (4, 3), (3, 29), (21, 12), (8, 14), (10, 22), (7, 9), (13, 28), (20, 25), (15, 25)]]","[[41.290745672072035, 176.47351154797605, 24.23357826377675, 145.155836195906, 109.70174929835181, 4.3254427582713175, 224.97916424684925, 228.21928315316575, 11.531505025672262, 463.54948451507806, 145.33853734928604, 24.121020123719454, 147.24082579675536, 50.547436996744146, 23.14557938708752, 4.333024064554408, 101.29890901856727]]"
848,"[[(0, 2), (0, 27), (6, 11), (6, 24), (18, 13), (9, 2), (9, 20), (23, 8), (4, 3), (3, 29), (21, 12), (8, 14), (10, 22), (7, 9), (13, 28), (20, 25), (15, 25)]]","[[38.512515305335626, 126.81328789450474, 27.988977929022262, 126.02845914005138, 108.8641917361135, 13.252301090899145, 141.19726882808433, 203.77050467938002, 14.021442936252123, 477.74381590334923, 184.82256148001858, 25.974125554582788, 48.00467659973886, 48.17038926237201, 34.856791490092824, 4.212091052717101, 125.55027810196866]]"
849,"[[(0, 2), (0, 27), (6, 11), (6, 24), (18, 13), (9, 2), (9, 20), (23, 8), (4, 3), (3, 29), (21, 12), (8, 14), (10, 22), (7, 9), (13, 28), (20, 25), (15, 25)]]","[[28.045614569918186, 115.26291609008727, 24.194748486782572, 142.6106796489816, 145.2032972357598, 43.170979158813, 169.9683743150986, 266.8631311923465, 23.05402276455682, 444.63996950204415, 193.55647273343783, 18.857810181751347, 141.45172853335555, 53.353215220707476, 43.63353814792569, 17.837520919830208, 124.54657063666576]]"
850,"[[(0, 2), (0, 27), (6, 11), (6, 24), (18, 13), (9, 2), (9, 20), (23, 8), (4, 3), (3, 29), (21, 12), (8, 14), (10, 22), (7, 9), (13, 28), (20, 25), (15, 25)]]","[[42.45741300245175, 141.2672959922101, 21.105837965273082, 99.56297825855262, 138.9686843403852, 46.768504760470236, 213.09571758150173, 32.278456591010034, 24.28737919220049, 168.272280887492, 187.95660576219618, 47.39881716239319, 189.77726805178943, 29.14213093075238, 34.65164063424525, 5.37457241926635, 134.92448953031288]]"
851,"[[(0, 2), (0, 27), (6, 11), (6, 24), (18, 13), (9, 2), (9, 20), (23, 8), (4, 3), (3, 29), (21, 12), (8, 14), (10, 22), (7, 9), (13, 28), (20, 25), (15, 25)]]","[[31.241446572590444, 67.57930811131833, 26.433126632021473, 96.1525515105648, 115.17494489455407, 4.767581828592453, 137.91290583178738, 178.5489349524926, 30.703563153597706, 169.81948391556242, 159.97313577708695, 34.167592573817984, 115.36459928833467, 19.009648905301074, 16.121371823421413, 8.48857205496229, 119.36332169645924]]"
852,"[[(0, 2), (0, 27), (6, 11), (6, 24), (18, 13), (9, 2), (9, 20), (23, 8), (4, 3), (3, 29), (21, 12), (8, 14), (10, 22), (7, 9), (13, 28), (20, 25), (15, 25)]]","[[39.42448208235905, 209.6621817833012, 25.029471438701474, 101.6077722889967, 127.37489048881048, 10.978160122153003, 219.936618676972, 15.095021618158743, 14.253726685672676, 399.0262057789612, 190.77351652795784, 27.84136207214898, 172.68695279506986, 51.02145963155165, 5.590574943934071, 8.208400150501724, 131.61376517137342]]"
853,"[[(0, 2), (0, 27), (6, 11), (6, 24), (18, 13), (9, 2), (9, 20), (23, 8), (4, 3), (3, 29), (21, 12), (8, 14), (10, 22), (7, 9), (13, 28), (20, 25), (15, 25)]]","[[38.71447031643431, 73.1447846476232, 25.7938237580336, 87.30150265186431, 95.99028977316858, 58.92772638744029, 183.63347521793537, 349.95878750908463, 12.794927333704987, 658.3809540199406, 160.97032085007746, 45.07024573310231, 123.04598785927348, 21.70498672023775, 19.715124654292854, 4.375578798071585, 117.80500025144703]]"
854,"[[(0, 2), (0, 27), (6, 11), (6, 24), (18, 13), (9, 2), (9, 20), (23, 8), (4, 3), (3, 29), (21, 12), (8, 14), (10, 22), (7, 9), (13, 28), (20, 25), (15, 25)]]","[[41.938438818488166, 200.28946317478093, 23.162436701420855, 69.0825726397253, 75.0046665311956, 68.68862968402232, 144.4174747530276, 153.43048689539327, 17.814514794935, 272.88447510444524, 196.95524906530233, 38.290662382484115, 193.59932877130254, 33.70457221023581, 12.269332111758908, 16.499446103755723, 101.76185537279137]]"
855,"[[(0, 2), (0, 27), (6, 11), (6, 24), (18, 13), (9, 2), (9, 20), (23, 8), (4, 3), (3, 29), (21, 12), (8, 14), (10, 22), (7, 9), (13, 28), (20, 25), (15, 25)]]","[[40.74341768255282, 195.59843769784027, 20.28690070640661, 159.437987724026, 52.984491747363094, 20.659607948208517, 208.91057625853534, 9.93813341832846, 22.367153376598424, 497.3504918257798, 159.18540374584188, 34.826208558807664, 73.99587686597397, 21.247596736011452, 28.9388585451821, 11.803513866096406, 114.09405072550653]]"
856,"[[(0, 2), (0, 27), (6, 11), (6, 24), (18, 13), (9, 2), (9, 20), (23, 8), (4, 3), (3, 29), (21, 12), (8, 14), (10, 22), (7, 9), (13, 28), (20, 25), (15, 25)]]","[[29.3836083549745, 155.31125754066602, 21.887178386476503, 160.1127867048731, 97.76113218358365, 6.334339463470566, 237.29636090225273, 311.1194443840229, 17.580159791714166, 613.567003188811, 195.71900677684314, 44.75497293361731, 97.30551674022107, 32.10108303870989, 28.653280132285143, 19.853406228086833, 121.91767179745075]]"
857,"[[(0, 2), (0, 27), (6, 11), (6, 24), (18, 13), (9, 2), (9, 20), (23, 8), (4, 3), (3, 29), (21, 12), (8, 14), (10, 22), (7, 9), (13, 28), (20, 25), (15, 25)]]","[[27.33028742830407, 59.288457283907974, 25.01210763178174, 101.28360901115566, 99.60538643035957, 51.294051966451065, 211.04158812731487, 79.50605695463668, 12.441884448236545, 322.61319725696046, 148.3414337526183, 24.96445220419223, 118.66028926985398, 27.747405271013548, 37.7889319824674, 14.60994180598681, 129.41882893497882]]"
858,"[[(0, 2), (0, 27), (6, 11), (6, 24), (18, 13), (9, 2), (9, 20), (23, 8), (4, 3), (3, 29), (21, 12), (8, 14), (10, 22), (7, 9), (13, 28), (20, 25), (15, 25)]]","[[38.073937070096726, 164.2236210859146, 20.43192938388811, 125.87143059027392, 58.22771803638391, 25.359692443268912, 197.52884508239936, 109.75950458943248, 26.971199484405563, 443.28698951574574, 161.64564206537878, 41.47083084188487, 174.50545145070012, 30.706535157652286, 27.213590417673874, 12.601786914808882, 123.66517403084949]]"
859,"[[(0, 2), (0, 27), (6, 11), (6, 24), (18, 13), (9, 2), (9, 20), (23, 8), (4, 3), (3, 29), (21, 12), (8, 14), (10, 22), (7, 9), (13, 28), (20, 25), (15, 25)]]","[[26.850690337560437, 87.99525271103214, 20.427105739321757, 76.94238257238372, 67.20396766762197, 17.750162065186856, 201.48123524720714, 246.80953379899424, 30.563006877737983, 487.64561325422636, 173.0675235101584, 39.43763545951716, 108.8401978710121, 19.880640805200752, 42.922840005327444, 13.163357792579545, 112.23937126381053]]"
860,"[[(0, 2), (0, 27), (6, 11), (6, 24), (18, 13), (9, 2), (9, 20), (23, 8), (4, 3), (3, 29), (21, 12), (8, 14), (10, 22), (7, 9), (13, 28), (20, 25), (15, 25)]]","[[32.726381830350434, 150.2959525659645, 23.412053800650636, 157.0230652518581, 153.20628638652207, 53.95190759991203, 148.84603926553183, 126.78936977756418, 17.983785153616928, 624.348576013041, 163.25064533520722, 31.2065526120642, 79.59157836871114, 38.863382450840476, 16.7731574716706, 12.141417442960194, 127.40707975825597]]"
861,"[[(0, 2), (0, 27), (6, 11), (6, 24), (18, 13), (9, 2), (9, 20), (23, 8), (4, 3), (3, 29), (21, 12), (8, 14), (10, 22), (7, 9), (13, 28), (20, 25), (15, 25)]]","[[26.506271820132874, 142.6523628669973, 21.71771292346426, 131.2371164170797, 141.009309021778, 70.53532594470457, 92.8673432459717, 61.99465064338991, 24.97844634070532, 399.8615314648707, 163.02620335549238, 35.13443234182242, 92.63298400124503, 46.10991527579905, 16.585339342488684, 4.3758618374534475, 101.290660687087]]"
862,"[[(0, 2), (0, 27), (6, 11), (6, 24), (18, 13), (9, 2), (9, 20), (23, 8), (4, 3), (3, 29), (21, 12), (8, 14), (10, 22), (7, 9), (13, 28), (20, 25), (15, 25)]]","[[28.938844100789122, 183.96212157292615, 27.562784129892705, 90.20578354127754, 71.64983973681933, 41.76307255838423, 203.70972801957697, 37.16594358973268, 24.607374312965234, 131.76863564806274, 180.69354927062412, 29.811517074302728, 114.70650939707855, 47.366757136760626, 12.853466837899074, 19.257489876834455, 130.36973288008397]]"
863,"[[(0, 2), (0, 27), (6, 11), (6, 24), (18, 13), (9, 2), (9, 20), (23, 8), (4, 3), (3, 29), (21, 12), (8, 14), (10, 22), (7, 9), (13, 28), (20, 25), (15, 25)]]","[[29.897956419544848, 129.43565917780236, 25.229671807162568, 110.51418892614323, 32.29364353161172, 37.55294770302828, 168.19085508663812, 264.53573669751336, 9.02303854985563, 613.4536540918104, 151.70237124142108, 47.09230210648194, 179.24780968124324, 28.313002654016593, 9.032455010105217, 19.09872302695645, 127.82166627035005]]"
864,"[[(0, 2), (0, 27), (6, 11), (6, 24), (18, 13), (9, 2), (9, 20), (23, 8), (4, 3), (3, 29), (21, 12), (8, 14), (10, 22), (7, 9), (13, 28), (20, 25), (15, 25)]]","[[33.88969300751074, 95.26243296306721, 20.77969775323764, 114.85870290646483, 114.92120328598044, 67.21505262893409, 144.56546071309373, 154.07885235999032, 13.361478080346675, 516.9282809213894, 191.38659106496436, 21.651022772831134, 49.74864918073569, 40.37475008822196, 35.947749545841475, 6.207869925526479, 105.71770425759871]]"
865,"[[(0, 2), (0, 27), (6, 11), (6, 24), (18, 13), (9, 2), (9, 20), (23, 8), (4, 3), (3, 29), (21, 12), (8, 14), (10, 22), (7, 9), (13, 28), (20, 25), (15, 25)]]","[[25.83699802133736, 154.60210439233768, 21.487961342009708, 101.58437234948646, 71.77796907070392, 37.074656080746, 204.65474121696445, 166.2450321972198, 29.570845679561042, 528.923775403619, 157.47409281069827, 33.505981406321446, 139.94205630496145, 19.1305355769753, 34.41314331656742, 16.457121405032836, 117.92695331167081]]"
866,"[[(0, 2), (0, 27), (6, 11), (6, 24), (18, 13), (9, 2), (9, 20), (23, 8), (4, 3), (3, 29), (21, 12), (8, 14), (10, 22), (7, 9), (13, 28), (20, 25), (15, 25)]]","[[31.455640650846618, 116.0871176072115, 21.784829896497968, 154.88985551445637, 80.2982174905088, 10.88791759972262, 191.87475401309615, 38.11044939320523, 10.705685274980437, 342.7825326946562, 172.4453545145466, 33.06880659029455, 184.97126015940754, 47.20131499724, 23.853103500142065, 13.46246024994921, 127.52979044466905]]"
867,"[[(0, 2), (0, 27), (6, 11), (6, 24), (18, 13), (9, 2), (9, 20), (23, 8), (4, 3), (3, 29), (21, 12), (8, 14), (10, 22), (7, 9), (13, 28), (20, 25), (15, 25)]]","[[25.741508526671126, 70.91791242237787, 25.057296116784435, 116.77901241028705, 24.924348712579825, 48.56587134121528, 158.60856959806776, 210.99983378080748, 22.561057523816118, 452.8741882267491, 159.92922878475343, 20.158923262245487, 93.82207040320247, 52.00472540633824, 4.271213109725442, 16.52874554339977, 129.92309827667057]]"
868,"[[(0, 2), (0, 27), (6, 11), (6, 24), (18, 13), (9, 2), (9, 20), (23, 8), (4, 3), (3, 29), (21, 12), (8, 14), (10, 22), (7, 9), (13, 28), (20, 25), (15, 25)]]","[[34.43297772683803, 96.9750402562284, 20.78710015016154, 90.15975815333157, 125.5266057676223, 27.024076620905888, 97.32043405209487, 178.27407262444183, 26.481117521560904, 66.97096323824994, 161.76404697224078, 30.835696170777695, 101.89225131409866, 38.4496410163865, 13.216531761879013, 9.117557531507664, 123.2736115157788]]"
869,"[[(0, 2), (0, 27), (6, 11), (6, 24), (18, 13), (9, 2), (9, 20), (23, 8), (4, 3), (3, 29), (21, 12), (8, 14), (10, 22), (7, 9), (13, 28), (20, 25), (15, 25)]]","[[40.23593242780949, 118.85657394043416, 23.375823430036707, 95.05385949061747, 19.659410678299256, 41.14334438811415, 163.30479693756882, 5.629884341693709, 19.66194270865133, 554.38899769592, 179.74805132157843, 46.15003291097566, 59.69583497084855, 38.69526681746193, 18.073037440064287, 6.365951416771946, 99.25047370422642]]"
870,"[[(0, 2), (0, 27), (6, 11), (6, 24), (18, 13), (9, 2), (9, 20), (23, 8), (4, 3), (3, 29), (21, 12), (8, 14), (10, 22), (7, 9), (13, 28), (20, 25), (15, 25)]]","[[41.072642947383365, 157.5349983893338, 20.209362697669526, 127.45716259995825, 26.07057216220508, 35.726138198133974, 93.09211956959672, 275.3085301193896, 30.400268747195522, 173.2878824491134, 190.29038198622715, 33.890077289508774, 162.11335853298095, 36.705192720509196, 6.231151085455085, 17.09812786117648, 105.81023417220808]]"
871,"[[(0, 2), (0, 27), (6, 11), (6, 24), (18, 13), (9, 2), (9, 20), (23, 8), (4, 3), (3, 29), (21, 12), (8, 14), (10, 22), (7, 9), (13, 28), (20, 25), (15, 25)]]","[[28.494808261524497, 123.53223405474732, 21.307272449101074, 90.99923655629262, 99.41120042715816, 62.98974562874071, 235.55871232096902, 37.42180076741093, 23.909468111438727, 347.39894160374865, 175.2949393249743, 37.776728314873864, 186.60999176229848, 33.41984159013805, 44.58613648056834, 7.942975579826248, 107.8003812155288]]"
872,"[[(0, 2), (0, 27), (6, 11), (6, 24), (18, 13), (9, 2), (9, 20), (23, 8), (4, 3), (3, 29), (21, 12), (8, 14), (10, 22), (7, 9), (13, 28), (20, 25), (15, 25)]]","[[35.122513321564114, 108.65465572445923, 25.491527765115393, 85.07380634616328, 86.3184420784819, 76.35962031380141, 156.29818269319617, 264.81565629320886, 27.1099419134675, 216.73285974091363, 165.29254260514196, 33.601416527977015, 178.08737892494278, 40.627319384595694, 23.511031324490748, 10.787757827666304, 111.56033426355987]]"
873,"[[(0, 2), (0, 27), (6, 11), (6, 24), (18, 13), (9, 2), (9, 20), (23, 8), (4, 3), (3, 29), (21, 12), (8, 14), (10, 22), (7, 9), (13, 28), (20, 25), (15, 25)]]","[[36.528102878257876, 214.13310295996715, 25.94251900813845, 136.440070390291, 29.751203045752604, 12.262116750448195, 184.21710134347484, 81.68375859766606, 13.411702888501482, 553.5310485705144, 173.5761740236014, 27.26689763215911, 145.00533047353224, 32.48266586486582, 1.7582057660138586, 19.798995634243923, 130.04767704927522]]"
874,"[[(0, 2), (0, 27), (6, 11), (6, 24), (18, 13), (9, 2), (9, 20), (23, 8), (4, 3), (3, 29), (21, 12), (8, 14), (10, 22), (7, 9), (13, 28), (20, 25), (15, 25)]]","[[33.35948087219299, 148.55632516493705, 25.049529063084595, 78.71873473341972, 72.37769862684502, 44.98622372116518, 225.35708324487317, 32.24208910134736, 12.154171531437067, 44.13136398897268, 181.91103068392027, 23.898729725329474, 123.2180030133267, 35.42495641652536, 15.241489406907304, 18.751773999388007, 110.58195032111529]]"
875,"[[(0, 2), (0, 27), (6, 11), (6, 24), (18, 13), (9, 2), (9, 20), (23, 8), (4, 3), (3, 29), (21, 12), (8, 14), (10, 22), (7, 9), (13, 28), (20, 25), (15, 25)]]","[[39.92933443021295, 180.81957558061467, 22.537771011003954, 137.9720040415068, 125.03928268288416, 42.652436619234905, 177.57205943739524, 236.00998006872408, 22.967669429821186, 664.3397110581784, 190.04802962693202, 37.777487199535216, 78.69268469912517, 18.727788383318295, 27.631496287282953, 5.1570461513909915, 134.95912683037844]]"
876,"[[(0, 2), (0, 27), (6, 11), (6, 24), (18, 13), (9, 2), (9, 20), (23, 8), (4, 3), (3, 29), (21, 12), (8, 14), (10, 22), (7, 9), (13, 28), (20, 25), (15, 25)]]","[[40.880088751713494, 203.79277309264106, 21.123096606814414, 121.31738492499474, 91.72561138249814, 3.4014774457232138, 126.20086366091796, 297.9901768432977, 13.976408324163254, 310.9906896380203, 167.7831757971959, 40.81058986872777, 70.31900967021151, 42.65131870490388, 26.393358394781274, 11.879787291608125, 121.45753336868853]]"
877,"[[(0, 2), (0, 27), (6, 11), (6, 24), (18, 13), (9, 2), (9, 20), (23, 8), (4, 3), (3, 29), (21, 12), (8, 14), (10, 22), (7, 9), (13, 28), (20, 25), (15, 25)]]","[[23.509260511806534, 90.19895805296153, 24.540559765357425, 99.73969480630798, 69.8149096604406, 42.99556544270991, 156.31231899948438, 309.24422204619725, 22.968229249572012, 79.40021227473973, 151.4766956825383, 44.779271516848894, 81.16385145623724, 29.512816450405072, 8.475624170265988, 10.098503977715255, 105.51451994572831]]"
878,"[[(0, 2), (0, 27), (6, 11), (6, 24), (18, 13), (9, 2), (9, 20), (23, 8), (4, 3), (3, 29), (21, 12), (8, 14), (10, 22), (7, 9), (13, 28), (20, 25), (15, 25)]]","[[36.740403817754334, 135.9212500846775, 23.19143935660958, 143.8497583854106, 21.13516393905668, 14.643087762263473, 240.30239541890472, 280.5033808194152, 23.925098869947355, 300.6758447472297, 179.34257943243028, 27.474203515116194, 96.52441758326464, 42.13979584574825, 44.95789570269927, 16.648482412423924, 132.32496836033394]]"
879,"[[(0, 2), (0, 27), (6, 11), (6, 24), (18, 13), (9, 2), (9, 20), (23, 8), (4, 3), (3, 29), (21, 12), (8, 14), (10, 22), (7, 9), (13, 28), (20, 25), (15, 25)]]","[[26.842938843325978, 169.52805252690428, 24.911688152524345, 87.42232231090007, 77.04872106595187, 26.856917588769495, 99.27896810485359, 315.8902352647708, 22.01862855167066, 139.62570494427547, 193.91696213407312, 23.541111843869338, 49.63798028853078, 36.396459553939394, 46.392827404304306, 14.093199504676557, 119.86210554276875]]"
880,"[[(0, 2), (0, 27), (6, 11), (6, 24), (18, 13), (9, 2), (9, 20), (23, 8), (4, 3), (3, 29), (21, 12), (8, 14), (10, 22), (7, 9), (13, 28), (20, 25), (15, 25)]]","[[26.8412702143297, 127.65350019285603, 28.29653917124869, 92.98834147341013, 63.42416029870344, 68.79039622415573, 81.13854129847188, 88.98459541724245, 27.077392434354678, 278.1518912185082, 174.4951064877451, 21.38262156550526, 193.93756657973842, 36.728256948962155, 22.36152676719626, 18.779487602386332, 106.40915735690464]]"
881,"[[(0, 2), (0, 27), (6, 11), (6, 24), (18, 13), (9, 2), (9, 20), (23, 8), (4, 3), (3, 29), (21, 12), (8, 14), (10, 22), (7, 9), (13, 28), (20, 25), (15, 25)]]","[[40.21098315861239, 188.31877580364693, 29.21008200684941, 105.10508158193977, 49.01684081157097, 24.155515775346757, 192.65914624013416, 164.038414849707, 24.361972151368455, 168.49899011082545, 177.63810073743144, 33.655904204075824, 144.4831492543044, 37.60578654864081, 15.265747384411219, 17.843520661787174, 129.0192659472497]]"
882,"[[(0, 2), (0, 27), (6, 11), (6, 24), (18, 13), (9, 2), (9, 20), (23, 8), (4, 3), (3, 29), (21, 12), (8, 14), (10, 22), (7, 9), (13, 28), (20, 25), (15, 25)]]","[[34.42633984738931, 60.73143648714051, 27.98775350531104, 147.727503254131, 58.098319903396366, 64.68342976383295, 237.86630714481072, 118.73824705746637, 24.527669522117, 538.2832797592843, 191.7060348318828, 23.54580111871962, 59.61089291339722, 42.276149882850305, 4.146698060308552, 12.027965027684703, 104.14562973688409]]"
883,"[[(0, 2), (0, 27), (6, 11), (6, 24), (18, 13), (9, 2), (9, 20), (23, 8), (4, 3), (3, 29), (21, 12), (8, 14), (10, 22), (7, 9), (13, 28), (20, 25), (15, 25)]]","[[23.591816096597256, 202.31290056371822, 25.791993294383797, 161.19210667947888, 111.9962387367128, 26.547890659185274, 124.16080186941903, 325.4399805310908, 12.789859157995977, 407.15099278145965, 170.51824090424861, 21.548746133406098, 150.41909049651375, 23.299272378988086, 31.651137069162534, 6.235698501132166, 122.86066341223443]]"
884,"[[(0, 2), (0, 27), (6, 11), (6, 24), (18, 13), (9, 2), (9, 20), (23, 8), (4, 3), (3, 29), (21, 12), (8, 14), (10, 22), (7, 9), (13, 28), (20, 25), (15, 25)]]","[[29.908087450414293, 145.66525236967968, 26.893267360471082, 110.78558276939583, 123.74731538332723, 59.97136947102556, 162.40254034476254, 188.20300289752538, 11.643685121537892, 416.3157051011312, 171.43028772447076, 24.30580284511914, 85.1442838979233, 42.61049664138545, 32.13610182251489, 17.029197558225015, 132.52666789723682]]"
885,"[[(0, 2), (0, 27), (6, 11), (6, 24), (18, 13), (9, 2), (9, 20), (23, 8), (4, 3), (3, 29), (21, 12), (8, 14), (10, 22), (7, 9), (13, 28), (20, 25), (15, 25)]]","[[33.9150367099147, 65.14558228160371, 22.559138007479618, 81.52341357661392, 67.63011419021205, 66.6870925836161, 81.42653541613328, 84.63520198900588, 20.196601800735337, 314.83566778166914, 169.97619549462374, 45.36217420169264, 133.27691270975106, 21.188705377782338, 40.82733372321534, 6.47953359230779, 99.52291687194835]]"
886,"[[(0, 2), (0, 27), (6, 11), (6, 24), (18, 13), (9, 2), (9, 20), (23, 8), (4, 3), (3, 29), (21, 12), (8, 14), (10, 22), (7, 9), (13, 28), (20, 25), (15, 25)]]","[[37.64133405170698, 205.66141110654104, 27.80578388296734, 133.56919280991326, 71.25365515031248, 25.451037976113287, 223.0500943444757, 27.30280861979712, 22.01323938494646, 103.8289493580174, 190.19350392697524, 42.916973310404856, 65.56765843742255, 44.742618854577245, 34.290990852876, 16.780751102696907, 120.69247979895526]]"
887,"[[(0, 2), (0, 27), (6, 11), (6, 24), (18, 13), (9, 2), (9, 20), (23, 8), (4, 3), (3, 29), (21, 12), (8, 14), (10, 22), (7, 9), (13, 28), (20, 25), (15, 25)]]","[[35.68071673731659, 187.75988890669132, 26.24455340301081, 138.7686226869747, 83.99203967407794, 34.1318063934664, 184.2491295999654, 177.64760696576516, 15.897465411930826, 366.72577061940035, 176.56889159123227, 25.960824950056434, 77.79844260557664, 20.37729099630337, 24.98916805710549, 10.754201616001769, 118.34182895970557]]"
888,"[[(0, 2), (0, 27), (6, 11), (6, 24), (18, 13), (9, 2), (9, 20), (23, 8), (4, 3), (3, 29), (21, 12), (8, 14), (10, 22), (7, 9), (13, 28), (20, 25), (15, 25)]]","[[23.71124036880826, 167.3455283028516, 25.25626980216228, 127.2860693182578, 67.07380531760691, 4.894857343195437, 175.5615309649765, 152.63836897124227, 18.26901566936931, 390.5931586216356, 164.61932575893383, 33.278805590375406, 45.59975815854227, 35.86969052314556, 9.89970660279515, 15.439880135323781, 120.8351342545624]]"
889,"[[(0, 2), (0, 27), (6, 11), (6, 24), (18, 13), (9, 2), (9, 20), (23, 8), (4, 3), (3, 29), (21, 12), (8, 14), (10, 22), (7, 9), (13, 28), (20, 25), (15, 25)]]","[[26.646385083041388, 136.82975939747615, 26.72227509894306, 80.86698104077865, 135.2066687831118, 42.94799855460458, 206.28782513659732, 273.79086730688266, 9.39147401363485, 84.38254396886994, 147.56536428531228, 38.064212770234136, 182.727763776709, 30.115331514227996, 20.146539172776315, 9.318982187458206, 115.97761360477026]]"
890,"[[(0, 2), (0, 27), (6, 11), (6, 24), (18, 13), (9, 2), (9, 20), (23, 8), (4, 3), (3, 29), (21, 12), (8, 14), (10, 22), (7, 9), (13, 28), (20, 25), (15, 25)]]","[[27.436595321312097, 220.6970689030556, 21.655942968755927, 134.8724094970308, 115.49889321501927, 64.62803669417265, 102.75655836775822, 101.2855446033283, 18.479762281651485, 659.0476283589801, 149.7733405615544, 24.4553540960547, 186.11319045117193, 22.88815723847006, 12.8764547409943, 11.71965725049887, 101.95985621478847]]"
891,"[[(0, 2), (0, 27), (6, 11), (6, 24), (18, 13), (9, 2), (9, 20), (23, 8), (4, 3), (3, 29), (21, 12), (8, 14), (10, 22), (7, 9), (13, 28), (20, 25), (15, 25)]]","[[25.56333763910291, 199.75184091149183, 20.79383758259432, 124.57689534051943, 25.345360638663124, 23.768120485223307, 122.77604034797744, 48.45347065408794, 12.41488486114363, 575.113605059017, 192.96319191807612, 29.538380009004044, 152.74326010983964, 18.869774095806406, 46.704862109785196, 10.24239300143061, 128.0188425862403]]"
892,"[[(0, 2), (0, 27), (6, 11), (6, 24), (18, 13), (9, 2), (9, 20), (23, 8), (4, 3), (3, 29), (21, 12), (8, 14), (10, 22), (7, 9), (13, 28), (20, 25), (15, 25)]]","[[23.543488464788602, 225.90342483521917, 26.552013801858074, 79.62036652139047, 91.79056400039208, 58.89500179282309, 224.51927438123397, 341.10627256799626, 11.14078003649702, 256.6504583156173, 162.40466528084727, 38.51973483292259, 116.93105855410198, 51.81410034561832, 19.329950626654817, 13.155099276582094, 121.03928531058799]]"
893,"[[(0, 2), (0, 27), (6, 11), (6, 24), (18, 13), (9, 2), (9, 20), (23, 8), (4, 3), (3, 29), (21, 12), (8, 14), (10, 22), (7, 9), (13, 28), (20, 25), (15, 25)]]","[[23.94571987449624, 172.9619229101894, 26.42772058066536, 134.49598890456951, 23.914861315745945, 49.14611575923289, 190.82672663660293, 214.8066011309629, 16.44508189050153, 28.38154494181461, 146.5304919515284, 20.718612295797456, 134.72579775278163, 34.44432174869494, 3.81292281555265, 9.830067047108393, 99.9186513011318]]"
894,"[[(0, 2), (0, 27), (6, 11), (6, 24), (18, 13), (9, 2), (9, 20), (23, 8), (4, 3), (3, 29), (21, 12), (8, 14), (10, 22), (7, 9), (13, 28), (20, 25), (15, 25)]]","[[24.69717345506482, 202.2141935101401, 26.557791150017536, 121.79547371297653, 43.9501074373059, 3.347219533823122, 138.8946259769916, 179.91024407068835, 22.45097362093083, 325.45811177301755, 162.94481957657936, 42.9813832637672, 140.78042369700884, 51.008406325268126, 26.759667067993153, 13.319839345953891, 126.92491492810436]]"
895,"[[(0, 2), (0, 27), (6, 11), (6, 24), (18, 13), (9, 2), (9, 20), (23, 8), (4, 3), (3, 29), (21, 12), (8, 14), (10, 22), (7, 9), (13, 28), (20, 25), (15, 25)]]","[[29.393336349412298, 105.76962133283243, 24.826376398786884, 124.51709576673215, 63.32931007249622, 59.42513732729682, 241.50051461822218, 229.82438229008102, 16.079528897747725, 283.5702236282858, 153.7710501609258, 35.97507618002861, 112.00430055088802, 52.598357798589475, 39.13082051576742, 4.19951730111994, 102.23805808365545]]"
896,"[[(0, 2), (0, 27), (6, 11), (6, 24), (18, 13), (9, 2), (9, 20), (23, 8), (4, 3), (3, 29), (21, 12), (8, 14), (10, 22), (7, 9), (13, 28), (20, 25), (15, 25)]]","[[40.79791383876036, 170.9141250903685, 24.63274958635263, 71.54494303189122, 74.07784808769395, 55.268319164571956, 213.30297639841984, 282.6111091007587, 12.3643320694413, 131.69708820201114, 154.9750494612678, 32.81380750796333, 53.78152369090834, 51.56270075287366, 43.02398531160571, 15.41864553460922, 100.56887682989732]]"
897,"[[(0, 2), (0, 27), (6, 11), (6, 24), (18, 13), (9, 2), (9, 20), (23, 8), (4, 3), (3, 29), (21, 12), (8, 14), (10, 22), (7, 9), (13, 28), (20, 25), (15, 25)]]","[[32.1977563938195, 212.24420841403332, 20.69360678678124, 117.20345643465107, 42.24897996125479, 76.57012143831825, 89.38075595314977, 191.56897833380984, 18.72799022779244, 130.42729666965295, 196.4362487379598, 41.70109335822454, 130.34325417349788, 37.15013389699109, 2.472844776228955, 8.70678670407332, 105.22037792951964]]"
898,"[[(0, 2), (0, 27), (6, 11), (6, 24), (18, 13), (9, 2), (9, 20), (23, 8), (4, 3), (3, 29), (21, 12), (8, 14), (10, 22), (7, 9), (13, 28), (20, 25), (15, 25)]]","[[32.651221309619196, 224.70896891622127, 23.183694116568706, 100.99081871889855, 86.98536330746747, 11.666846685629197, 177.37466606643125, 205.1933967089913, 27.710962077955735, 33.4052024160361, 176.185728095676, 33.42863261320209, 107.99020544104401, 29.02438731636774, 45.95625161870543, 4.946659218697809, 122.7403479440286]]"
899,"[[(0, 2), (0, 27), (6, 11), (6, 24), (18, 13), (9, 2), (9, 20), (23, 8), (4, 3), (3, 29), (21, 12), (8, 14), (10, 22), (7, 9), (13, 28), (20, 25), (15, 25)]]","[[38.535073031211944, 109.70833407862426, 27.443086200997843, 121.95603747725988, 110.1975580847692, 13.914227253763663, 79.63255538798174, 175.63800546452148, 26.46691174967704, 140.856864504731, 163.01952623389957, 18.200265234213905, 176.32972478927306, 23.749238124950075, 8.636988023747413, 6.4746653063582045, 110.80822790517416]]"
900,"[[(0, 2), (0, 27), (6, 11), (6, 24), (18, 13), (9, 2), (9, 20), (23, 8), (4, 3), (3, 29), (21, 12), (8, 14), (10, 22), (7, 9), (13, 28), (20, 25), (15, 25)]]","[[39.151198718400394, 198.14462883986238, 26.667873231252095, 79.9740085696937, 27.162462712352387, 68.44485076684745, 134.36785012878568, 104.74429332853998, 27.73130056178725, 61.41289090137391, 153.2387000133427, 19.677653433822076, 86.86104383341223, 24.32203980704866, 12.694486365611116, 18.674033203244427, 101.46905716766797]]"
901,"[[(0, 2), (0, 27), (6, 11), (6, 24), (18, 13), (9, 2), (9, 20), (23, 8), (4, 3), (3, 29), (21, 12), (8, 14), (10, 22), (7, 9), (13, 28), (20, 25), (15, 25)]]","[[29.737941932977662, 180.49471246644208, 20.386935173879987, 131.87319625106133, 60.88013860181757, 29.556116291511298, 209.43893773072426, 11.98715355445903, 20.050682686554204, 513.9515551244453, 167.6748411016378, 37.298775502878584, 153.9703374059486, 27.769170196860358, 12.385588358785174, 15.125765048263641, 133.9882989422028]]"
902,"[[(0, 2), (0, 27), (6, 11), (6, 24), (18, 13), (9, 2), (9, 20), (23, 8), (4, 3), (3, 29), (21, 12), (8, 14), (10, 22), (7, 9), (13, 28), (20, 25), (15, 25)]]","[[42.32584844466376, 119.69278250028103, 28.870414673497564, 157.05972651464185, 124.55900118461395, 59.61400081473136, 123.57601493499168, 79.77058324184794, 21.182333827051654, 147.8892922298966, 177.07165122249856, 31.84631304315681, 161.43678784490083, 29.00370915657199, 19.21775397879992, 16.794014583981873, 109.03805545170562]]"
903,"[[(0, 2), (0, 27), (6, 11), (6, 24), (18, 13), (9, 2), (9, 20), (23, 8), (4, 3), (3, 29), (21, 12), (8, 14), (10, 22), (7, 9), (13, 28), (20, 25), (15, 25)]]","[[23.51385359224695, 163.79537889352991, 29.2011268024425, 148.51170255789916, 102.3027489563122, 64.3057412582923, 247.3149394087879, 336.3294976025616, 15.897741802644019, 177.59619696493485, 184.19099281374523, 30.938014221942716, 154.9204157288906, 53.64359460936203, 10.282487922793358, 12.025210649000059, 99.98672584041692]]"
904,"[[(0, 2), (0, 27), (6, 11), (6, 24), (18, 13), (9, 2), (9, 20), (23, 8), (4, 3), (3, 29), (21, 12), (8, 14), (10, 22), (7, 9), (13, 28), (20, 25), (15, 25)]]","[[30.25094137447787, 147.6583202449953, 25.263108360224663, 95.19417269839249, 132.38473153534684, 28.18676735069492, 135.6595938067528, 224.6723894358172, 18.853184279050417, 621.7182099006817, 174.44397208695722, 47.43185429673871, 145.59383044969962, 53.27110330500015, 34.64661959509339, 19.939369895431724, 129.90051251046472]]"
905,"[[(0, 2), (0, 27), (6, 11), (6, 24), (18, 13), (9, 2), (9, 20), (23, 8), (4, 3), (3, 29), (21, 12), (8, 14), (10, 22), (7, 9), (13, 28), (20, 25), (15, 25)]]","[[40.89083602507981, 145.49312962494415, 28.440836782946533, 114.35069579744768, 107.35523819148477, 65.87676617773505, 211.8349149231931, 155.47057641280125, 27.586266963688878, 660.7018455583512, 182.0281320959892, 18.8632379424969, 106.58318302164368, 21.299209298787265, 11.509121083304512, 18.23968265451861, 111.9831109011552]]"
906,"[[(0, 2), (0, 27), (6, 11), (6, 24), (18, 13), (9, 2), (9, 20), (23, 8), (4, 3), (3, 29), (21, 12), (8, 14), (10, 22), (7, 9), (13, 28), (20, 25), (15, 25)]]","[[32.06011356651442, 63.309488853207625, 24.144726146548592, 136.63403292568125, 27.441469690189777, 29.123959683591423, 150.2257436753868, 301.90735757180215, 17.539212590785223, 534.7565430767261, 193.8209266146226, 31.677162634771314, 190.66389035847232, 47.84629756898515, 38.53060282145241, 12.531637025135245, 131.43794713961188]]"
907,"[[(0, 2), (0, 27), (6, 11), (6, 24), (18, 13), (9, 2), (9, 20), (23, 8), (4, 3), (3, 29), (21, 12), (8, 14), (10, 22), (7, 9), (13, 28), (20, 25), (15, 25)]]","[[34.47039648679059, 113.28061523766999, 21.01160961739405, 111.38659791897337, 105.21872255044754, 27.63460610594047, 81.28268034499362, 279.06215028180554, 19.541657667351664, 611.066388979985, 180.1353912807911, 22.409217587339512, 180.7940957240652, 28.79460256162907, 26.555024151833, 8.214232301501847, 125.68122268480012]]"
908,"[[(0, 2), (0, 27), (6, 11), (6, 24), (18, 13), (9, 2), (9, 20), (23, 8), (4, 3), (3, 29), (21, 12), (8, 14), (10, 22), (7, 9), (13, 28), (20, 25), (15, 25)]]","[[31.0442999740042, 137.29249953837848, 22.749051084378028, 165.36113580646798, 148.71448372298596, 60.98578504342058, 159.66740593842385, 42.337703206234, 13.427401666807414, 138.1313027745157, 191.97386073335474, 35.71677737102763, 153.92784895208416, 35.7366927568344, 8.715654566160762, 12.374767747389122, 120.00561926654888]]"
909,"[[(0, 2), (0, 27), (6, 11), (6, 24), (18, 13), (9, 2), (9, 20), (23, 8), (4, 3), (3, 29), (21, 12), (8, 14), (10, 22), (7, 9), (13, 28), (20, 25), (15, 25)]]","[[40.480844441922, 217.9326397458958, 25.46700919149898, 135.48330206883176, 62.87936579579778, 34.81434088264905, 124.0677484906463, 148.539781828981, 18.133813745067364, 493.51369053855797, 162.24998811595728, 38.318115062635826, 128.68152145261, 25.595965863088168, 5.024172268054867, 13.550388103721767, 114.37211993964871]]"
910,"[[(0, 2), (0, 27), (6, 11), (6, 24), (18, 13), (9, 2), (9, 20), (23, 8), (4, 3), (3, 29), (21, 12), (8, 14), (10, 22), (7, 9), (13, 28), (20, 25), (15, 25)]]","[[29.185671729589203, 176.51573765652307, 22.56276157219303, 82.58739419908451, 138.23297347109536, 55.765085914916945, 241.15681265592016, 7.56357186842007, 20.628663990964565, 320.7867006515271, 193.6697588284036, 40.84384347879111, 89.37765939521591, 34.6793761370313, 26.391495777727776, 18.24045474575818, 111.8118840539118]]"
911,"[[(0, 2), (0, 27), (6, 11), (6, 24), (18, 13), (9, 2), (9, 20), (23, 8), (4, 3), (3, 29), (21, 12), (8, 14), (10, 22), (7, 9), (13, 28), (20, 25), (15, 25)]]","[[29.43604326490919, 159.1559651932095, 23.059790844430093, 134.41517007641505, 37.07480853367474, 55.41658239032434, 221.30140576962464, 243.47842569216095, 21.79077322105023, 452.8528572208302, 161.0622204074056, 33.76654175012934, 79.99316797625845, 35.57804916820541, 29.698165340306662, 16.30114755880411, 129.5738293940263]]"
912,"[[(0, 2), (0, 27), (6, 11), (6, 24), (18, 13), (9, 2), (9, 20), (23, 8), (4, 3), (3, 29), (21, 12), (8, 14), (10, 22), (7, 9), (13, 28), (20, 25), (15, 25)]]","[[30.248808516380493, 104.54019050473663, 26.879162823264668, 126.81434657812214, 47.530222939721305, 13.52677067819392, 95.11036685298339, 108.84073264539317, 16.027779309255877, 659.843272975282, 188.48563080522155, 40.11513444404942, 122.83206158114386, 35.355810915844984, 5.94663285647623, 7.878194818638816, 102.5017910068695]]"
913,"[[(0, 2), (0, 27), (6, 11), (6, 24), (18, 13), (9, 2), (9, 20), (23, 8), (4, 3), (3, 29), (21, 12), (8, 14), (10, 22), (7, 9), (13, 28), (20, 25), (15, 25)]]","[[31.59247879681639, 194.1225769493422, 29.113393712943953, 97.87142556534509, 16.252398962493206, 18.848236552210878, 209.2809726824728, 46.15947485949677, 17.941807919945777, 69.72554602046782, 159.0392236143894, 32.17835128056815, 117.24003819019822, 44.67175545443795, 17.481016250480053, 12.639544083840086, 113.49551938529913]]"
914,"[[(0, 2), (0, 27), (6, 11), (6, 24), (18, 13), (9, 2), (9, 20), (23, 8), (4, 3), (3, 29), (21, 12), (8, 14), (10, 22), (7, 9), (13, 28), (20, 25), (15, 25)]]","[[34.52696307964674, 191.1162506901677, 28.32007119966065, 102.95507339144203, 93.68871377628442, 50.589127042829475, 196.75052822902362, 294.0033176786383, 23.93901828836563, 657.5592582088125, 156.57659024267107, 18.491853567350383, 66.97957925599786, 34.35090864925762, 34.63346230093477, 10.880570970328217, 109.84765536500474]]"
915,"[[(0, 2), (0, 27), (6, 11), (6, 24), (18, 13), (9, 2), (9, 20), (23, 8), (4, 3), (3, 29), (21, 12), (8, 14), (10, 22), (7, 9), (13, 28), (20, 25), (15, 25)]]","[[33.45829554917111, 127.19541903186894, 21.78780597913017, 125.38599797513649, 130.65288336558035, 44.46189551086778, 75.78555388567565, 54.910121247139784, 23.671231374756864, 384.37429764916044, 152.96533865013265, 40.063645211332634, 82.0363441491856, 23.079783862339898, 31.281740779405556, 12.940667164556718, 118.33342239516894]]"
916,"[[(0, 2), (0, 27), (6, 11), (6, 24), (18, 13), (9, 2), (9, 20), (23, 8), (4, 3), (3, 29), (21, 12), (8, 14), (10, 22), (7, 9), (13, 28), (20, 25), (15, 25)]]","[[39.29327969456106, 89.64212825375927, 28.05033547225217, 147.9036192465927, 51.28331229496941, 19.291248222419895, 93.86708303496303, 231.42522557827672, 14.095071144449062, 466.4689490345261, 146.9230630263374, 42.6393497016993, 94.02965869098642, 48.69156269193316, 33.26252669144237, 5.059658292503755, 125.23302444277765]]"
917,"[[(0, 2), (0, 27), (6, 11), (6, 24), (18, 13), (9, 2), (9, 20), (23, 8), (4, 3), (3, 29), (21, 12), (8, 14), (10, 22), (7, 9), (13, 28), (20, 25), (15, 25)]]","[[42.567525350569404, 125.46994732473962, 24.632153898193867, 111.9126228916925, 139.60301815753292, 74.57631929954908, 86.28356767209769, 229.59373239927749, 24.8284931410858, 391.85251787567023, 153.2850947725833, 43.95315039952541, 187.2466922132982, 50.42043081704491, 16.811202868650152, 18.8989037683649, 134.18222134244817]]"
918,"[[(0, 2), (0, 27), (6, 11), (6, 24), (18, 13), (9, 2), (9, 20), (23, 8), (4, 3), (3, 29), (21, 12), (8, 14), (10, 22), (7, 9), (13, 28), (20, 25), (15, 25)]]","[[23.357755476236857, 224.79486869338106, 26.056080239914184, 88.78921124664329, 22.881435463111814, 67.57713930748085, 214.17777722309933, 307.6407907585304, 11.57698032175978, 152.1587784520422, 152.88520257064894, 32.62430692506054, 113.46491757454272, 33.156355237570104, 44.46802346992441, 7.895445669772066, 128.52872927881012]]"
919,"[[(0, 2), (0, 27), (6, 11), (6, 24), (18, 13), (9, 2), (9, 20), (23, 8), (4, 3), (3, 29), (21, 12), (8, 14), (10, 22), (7, 9), (13, 28), (20, 25), (15, 25)]]","[[32.82772167886074, 133.2276784705258, 21.147882157420714, 146.93627844224264, 128.72731786610444, 18.85076871642391, 132.61657586999416, 190.1124807860988, 26.893276645421228, 297.84945910084224, 174.57042902544507, 31.048244940472465, 68.32055933793288, 47.26893869964715, 8.794390408697346, 9.313120152292463, 127.52587965768215]]"
920,"[[(0, 2), (0, 27), (6, 11), (6, 24), (18, 13), (9, 2), (9, 20), (23, 8), (4, 3), (3, 29), (21, 12), (8, 14), (10, 22), (7, 9), (13, 28), (20, 25), (15, 25)]]","[[39.92381835267757, 90.44809460794815, 25.86658656580345, 75.34643055419875, 91.17464357190228, 48.13762726817007, 195.7092862537892, 98.72069040383488, 9.50622882884185, 494.57766119910997, 175.33713630279527, 31.752296516531842, 130.16519369947463, 45.16623354181584, 22.351184368959185, 6.837188130038568, 122.71940670085777]]"
921,"[[(0, 2), (0, 27), (6, 11), (6, 24), (18, 13), (9, 2), (9, 20), (23, 8), (4, 3), (3, 29), (21, 12), (8, 14), (10, 22), (7, 9), (13, 28), (20, 25), (15, 25)]]","[[36.63024436091746, 164.21695343937955, 23.805209519072775, 163.5476050771514, 21.7767921377078, 23.131106125518933, 74.84414060310756, 67.85763313789836, 26.324781389516204, 437.43284581152886, 178.29341773770992, 25.550423883370474, 172.03099621537822, 37.29348706910803, 44.64210426913652, 17.97134615554142, 134.42939030693083]]"
922,"[[(0, 2), (0, 27), (6, 11), (6, 24), (18, 13), (9, 2), (9, 20), (23, 8), (4, 3), (3, 29), (21, 12), (8, 14), (10, 22), (7, 9), (13, 28), (20, 25), (15, 25)]]","[[41.41481601729619, 90.64092478964062, 24.57118862973086, 76.39224130402152, 134.0249329393004, 71.75631131940513, 229.1598713898197, 339.2843318113228, 27.87963819933911, 490.4156399046098, 148.81090687481253, 28.66037972190346, 172.74722077140515, 42.977570412972995, 27.25565752738226, 10.495290024870098, 103.24900839981458]]"
923,"[[(0, 2), (0, 27), (6, 11), (6, 24), (18, 13), (9, 2), (9, 20), (23, 8), (4, 3), (3, 29), (21, 12), (8, 14), (10, 22), (7, 9), (13, 28), (20, 25), (15, 25)]]","[[24.2657184143469, 107.80160708965616, 25.91190097818652, 124.44070074839075, 148.7972285397953, 64.1877656634889, 111.05759245125243, 193.25033079838914, 13.12468292018491, 64.89951619896742, 184.6867315667359, 24.742721680461806, 189.07960147385734, 34.6914433045892, 1.3457688286804688, 17.40955479621076, 128.96445339534966]]"
924,"[[(0, 2), (0, 27), (6, 11), (6, 24), (18, 13), (9, 2), (9, 20), (23, 8), (4, 3), (3, 29), (21, 12), (8, 14), (10, 22), (7, 9), (13, 28), (20, 25), (15, 25)]]","[[39.023125547621675, 156.29728518359974, 29.45648569171574, 146.29428637977088, 97.18503384435206, 52.030448058089505, 195.64166551728974, 205.43423716727742, 11.214279843858238, 51.64051586573764, 192.99460721397074, 20.009263806415163, 150.55000352777523, 43.77807663259776, 30.606026634252608, 18.92107786652815, 103.50585298993974]]"
925,"[[(0, 2), (0, 27), (6, 11), (6, 24), (18, 13), (9, 2), (9, 20), (23, 8), (4, 3), (3, 29), (21, 12), (8, 14), (10, 22), (7, 9), (13, 28), (20, 25), (15, 25)]]","[[38.33399034938013, 191.54822274908807, 24.651120555374813, 80.45756763072092, 59.4359520997147, 71.6232755676854, 135.50882043379406, 240.27625333953003, 23.112405254314915, 264.17751296080496, 148.37968463483784, 31.754904967560456, 124.2757941045664, 52.984748368067315, 38.415491058319574, 9.027669491036947, 125.12283806087837]]"
926,"[[(0, 2), (0, 27), (6, 11), (6, 24), (18, 13), (9, 2), (9, 20), (23, 8), (4, 3), (3, 29), (21, 12), (8, 14), (10, 22), (7, 9), (13, 28), (20, 25), (15, 25)]]","[[38.198220430726224, 79.9943196235086, 23.481893822116252, 93.05654815473724, 149.08461379544167, 57.10144744226958, 115.236892222455, 38.19067991831247, 11.647465450366845, 328.17152333768547, 185.79508144394055, 39.09026871803408, 159.65898632244196, 20.981413640856857, 15.124891095824736, 11.285553020171962, 133.96938610713303]]"
927,"[[(0, 2), (0, 27), (6, 11), (6, 24), (18, 13), (9, 2), (9, 20), (23, 8), (4, 3), (3, 29), (21, 12), (8, 14), (10, 22), (7, 9), (13, 28), (20, 25), (15, 25)]]","[[42.551993903068706, 158.50930555379782, 22.05109974408304, 109.71886695549067, 120.29253689896491, 6.319254800820557, 218.0912066910067, 122.83398410185201, 21.93652891542337, 466.9859509669142, 181.07324741338027, 33.22081481319465, 135.20765552760017, 24.332205236589136, 30.224077150000664, 15.928746649907895, 99.08641831719252]]"
928,"[[(0, 2), (0, 27), (6, 11), (6, 24), (18, 13), (9, 2), (9, 20), (23, 8), (4, 3), (3, 29), (21, 12), (8, 14), (10, 22), (7, 9), (13, 28), (20, 25), (15, 25)]]","[[39.259548544332546, 221.42084740378743, 28.75198256809407, 165.23902521149262, 74.56933511329636, 76.71156958987882, 141.97797268687748, 144.69398010779767, 21.894091484807397, 384.01397517478074, 165.50794135253057, 30.803770532956193, 137.44451762288907, 39.21446417637297, 43.26494711686722, 6.774759580761149, 102.13175406197259]]"
929,"[[(0, 2), (0, 27), (6, 11), (6, 24), (18, 13), (9, 2), (9, 20), (23, 8), (4, 3), (3, 29), (21, 12), (8, 14), (10, 22), (7, 9), (13, 28), (20, 25), (15, 25)]]","[[34.80860314598029, 67.55401948771407, 23.98655219589854, 141.03177166561113, 71.51569198737374, 11.380961706437377, 160.20879936582304, 35.309427370662206, 9.328277427177806, 345.2427488961492, 184.0441507857335, 21.055337680269638, 188.45789063038575, 50.369051899915746, 25.601220844095163, 13.891560352365605, 113.54172251241934]]"
930,"[[(0, 2), (0, 27), (6, 11), (6, 24), (18, 13), (9, 2), (9, 20), (23, 8), (4, 3), (3, 29), (21, 12), (8, 14), (10, 22), (7, 9), (13, 28), (20, 25), (15, 25)]]","[[34.47008214546888, 196.8210217517559, 28.31427128981176, 88.84026836776641, 118.45059319264654, 68.1941019700399, 230.99982065647356, 38.270838638976656, 12.132013504484213, 475.4853934183291, 158.73920959093084, 41.660584773655486, 70.9794529696942, 52.33922371481779, 8.251241639865057, 15.318890013223394, 99.6775636744873]]"
931,"[[(0, 2), (0, 27), (6, 11), (6, 24), (18, 13), (9, 2), (9, 20), (23, 8), (4, 3), (3, 29), (21, 12), (8, 14), (10, 22), (7, 9), (13, 28), (20, 25), (15, 25)]]","[[23.921011652854535, 110.37014746650317, 26.054381614785417, 77.59152086911641, 31.128771206673115, 61.97369603546899, 233.37020994669618, 26.803493995141817, 27.10234307769035, 394.5988388343047, 196.3953076361408, 23.359420265018983, 154.53554210010273, 49.277482645812626, 13.871085763286814, 11.70358931620468, 116.32582956676416]]"
932,"[[(0, 2), (0, 27), (6, 11), (6, 24), (18, 13), (9, 2), (9, 20), (23, 8), (4, 3), (3, 29), (21, 12), (8, 14), (10, 22), (7, 9), (13, 28), (20, 25), (15, 25)]]","[[38.344448918840044, 209.95595405060936, 29.533677096037128, 165.36101901278226, 32.78298185088826, 31.749057969845822, 193.48183144988144, 251.99860889373124, 17.498991244639605, 205.51415107897412, 184.08528776350693, 19.151939444839275, 140.15991908292048, 49.781798857395934, 2.0151512023646987, 11.009419612606631, 129.25704552936455]]"
933,"[[(0, 2), (0, 27), (6, 11), (6, 24), (18, 13), (9, 2), (9, 20), (23, 8), (4, 3), (3, 29), (21, 12), (8, 14), (10, 22), (7, 9), (13, 28), (20, 25), (15, 25)]]","[[23.047088469693644, 170.13628290586308, 20.756995956778972, 111.77314433193656, 60.638109947130744, 57.1795368040318, 156.4952597829532, 48.193240840857236, 19.963931839950465, 531.4677239139486, 185.0962783629858, 22.120752988127915, 193.82075539603952, 40.94336095264347, 34.55948532605073, 6.331680383255577, 103.03659118583424]]"
934,"[[(0, 2), (0, 27), (6, 11), (6, 24), (18, 13), (9, 2), (9, 20), (23, 8), (4, 3), (3, 29), (21, 12), (8, 14), (10, 22), (7, 9), (13, 28), (20, 25), (15, 25)]]","[[39.25719681634342, 113.56524397134693, 28.416472403738254, 72.95627626908228, 74.04554696523422, 36.23498143937644, 227.8535413938496, 119.06697568947087, 25.022524397181275, 181.8335996974718, 149.2277326762632, 43.42498425852556, 104.88729403907864, 24.239785946627144, 3.0363988323048328, 9.49320746789179, 129.93383020245918]]"
935,"[[(0, 2), (0, 27), (6, 11), (6, 24), (18, 13), (9, 2), (9, 20), (23, 8), (4, 3), (3, 29), (21, 12), (8, 14), (10, 22), (7, 9), (13, 28), (20, 25), (15, 25)]]","[[33.19713984318975, 105.95180826488226, 27.238593880433697, 105.4879673864763, 69.3673327609277, 55.81235189856996, 183.62589772962818, 41.95073508062212, 12.159706438035705, 504.3438684028573, 148.93880111751707, 19.698528273110647, 187.65785316069517, 22.911544749254354, 21.799762465061068, 18.940993698728924, 110.11900439363522]]"
936,"[[(0, 2), (0, 27), (6, 11), (6, 24), (18, 13), (9, 2), (9, 20), (23, 8), (4, 3), (3, 29), (21, 12), (8, 14), (10, 22), (7, 9), (13, 28), (20, 25), (15, 25)]]","[[23.892754604732, 104.50095678924146, 25.22714672555425, 82.91165527205948, 69.52343723663864, 53.70447771412672, 175.48600474652937, 332.8065991720526, 16.73993625389956, 351.5963109260273, 173.12088130522778, 39.251694769424205, 126.23815643106838, 44.40208841641263, 31.30516619874511, 15.302019434398446, 110.47639592903333]]"
937,"[[(0, 2), (0, 27), (6, 11), (6, 24), (18, 13), (9, 2), (9, 20), (23, 8), (4, 3), (3, 29), (21, 12), (8, 14), (10, 22), (7, 9), (13, 28), (20, 25), (15, 25)]]","[[28.55021003546079, 135.01614631154575, 25.91489655643775, 103.38415970307156, 74.3817974734448, 31.64579574384312, 238.3186868298932, 182.39752147100373, 27.3736588406519, 463.7881984533992, 152.3730630757413, 20.63497716505649, 124.76390515770163, 25.631210025034797, 6.979498373840892, 14.596758136739929, 128.74855846897074]]"
938,"[[(0, 2), (0, 27), (6, 11), (6, 24), (18, 13), (9, 2), (9, 20), (23, 8), (4, 3), (3, 29), (21, 12), (8, 14), (10, 22), (7, 9), (13, 28), (20, 25), (15, 25)]]","[[32.53660442456932, 175.53603148862442, 28.04817184672767, 156.13334265306776, 110.01848124846907, 28.121874995621948, 74.06698636903236, 213.69463583118448, 14.516316415823574, 561.715471373304, 166.86662467180048, 31.078252147743697, 73.59844837544227, 35.65253628539194, 17.735570995425114, 8.600156051194013, 111.03003451519409]]"
939,"[[(0, 2), (0, 27), (6, 11), (6, 24), (18, 13), (9, 2), (9, 20), (23, 8), (4, 3), (3, 29), (21, 12), (8, 14), (10, 22), (7, 9), (13, 28), (20, 25), (15, 25)]]","[[30.965898420520787, 192.9452545460911, 22.338203846614334, 117.35397415765837, 26.625494908920395, 21.274457725650812, 85.35851545355575, 267.47188637946, 25.75078206173707, 289.3443424722284, 185.43622560858708, 27.37488361032887, 97.13746380570481, 52.073340888230604, 40.20987868114956, 15.746702201737946, 122.23769815520983]]"
940,"[[(0, 2), (0, 27), (6, 11), (6, 24), (18, 13), (9, 2), (9, 20), (23, 8), (4, 3), (3, 29), (21, 12), (8, 14), (10, 22), (7, 9), (13, 28), (20, 25), (15, 25)]]","[[25.054652679193968, 170.0410075660377, 20.80790827831076, 155.63791802838847, 101.59829689274467, 57.996353345326355, 238.772750053266, 269.82314172355495, 30.127720533692408, 246.8163895566411, 185.738588228119, 37.207902334466205, 119.60865206357158, 34.97055379467823, 27.85065714693567, 13.914803768686898, 118.36403597100329]]"
941,"[[(0, 2), (0, 27), (6, 11), (6, 24), (18, 13), (9, 2), (9, 20), (23, 8), (4, 3), (3, 29), (21, 12), (8, 14), (10, 22), (7, 9), (13, 28), (20, 25), (15, 25)]]","[[30.08742647434268, 178.63307829931784, 21.09688681744788, 93.67752764370852, 25.667774598777278, 18.69717760843905, 142.93221068130867, 18.516038314888544, 28.749822544414776, 38.57545764448964, 173.89173429380367, 46.91954946747944, 179.18770369903984, 46.725423633142256, 38.55582250004418, 9.439862896562287, 127.65065978817235]]"
942,"[[(0, 2), (0, 27), (6, 11), (6, 24), (18, 13), (9, 2), (9, 20), (23, 8), (4, 3), (3, 29), (21, 12), (8, 14), (10, 22), (7, 9), (13, 28), (20, 25), (15, 25)]]","[[36.79943446319057, 104.4945435684987, 23.32327720120834, 164.3566442453235, 105.74832702147143, 62.32047087529858, 80.5813967757099, 354.7704904853862, 11.272952177273496, 160.33874653780427, 148.10462392041617, 39.651413951173105, 103.14637428915952, 22.010493790691093, 5.129545828181877, 19.249498053929678, 128.30076978678358]]"
943,"[[(0, 2), (0, 27), (6, 11), (6, 24), (18, 13), (9, 2), (9, 20), (23, 8), (4, 3), (3, 29), (21, 12), (8, 14), (10, 22), (7, 9), (13, 28), (20, 25), (15, 25)]]","[[31.738057645685387, 204.189617340221, 25.675932524242796, 135.22053539669145, 82.93443473106623, 18.224607375927903, 108.61218514887028, 16.92059537895271, 27.761031702186727, 679.8792433126978, 159.9618788167396, 47.968564320959146, 179.2074898513796, 33.57742178950939, 27.620549065052003, 7.067319889933527, 110.4254735268891]]"
944,"[[(0, 2), (0, 27), (6, 11), (6, 24), (18, 13), (9, 2), (9, 20), (23, 8), (4, 3), (3, 29), (21, 12), (8, 14), (10, 22), (7, 9), (13, 28), (20, 25), (15, 25)]]","[[28.437548354024983, 57.21136643448101, 21.88726631621065, 101.56270327392772, 74.08529312655989, 12.665658063888749, 238.5744589409915, 283.18621114125216, 27.67466923231367, 86.58564847136284, 160.67603167430963, 23.440568045573798, 180.63429954807484, 49.216273088905716, 3.521479285015969, 12.676074751418524, 130.3849333792876]]"
945,"[[(0, 2), (0, 27), (6, 11), (6, 24), (18, 13), (9, 2), (9, 20), (23, 8), (4, 3), (3, 29), (21, 12), (8, 14), (10, 22), (7, 9), (13, 28), (20, 25), (15, 25)]]","[[36.18696766516273, 159.26426133500877, 27.333138449651024, 140.75151638327088, 72.88902828833433, 13.152388793649976, 175.75974626977384, 216.78556306764, 19.294764573194414, 209.0422443005935, 153.75785964224914, 22.05631084125398, 149.2882531037366, 39.287781834832984, 25.148480519487507, 11.891009062664564, 127.31716775706226]]"
946,"[[(0, 2), (0, 27), (6, 11), (6, 24), (18, 13), (9, 2), (9, 20), (23, 8), (4, 3), (3, 29), (21, 12), (8, 14), (10, 22), (7, 9), (13, 28), (20, 25), (15, 25)]]","[[24.349423368816886, 192.90055968028403, 24.5266296616088, 120.11983799010423, 148.0495418768979, 35.33597891269275, 147.0043982910891, 136.19460988911166, 16.200244068816794, 343.9331566088032, 156.31831763222945, 22.41729727698385, 163.62671876969796, 42.672515896295536, 36.365984789785905, 12.619135149738785, 119.14701414022927]]"
947,"[[(0, 2), (0, 27), (6, 11), (6, 24), (18, 13), (9, 2), (9, 20), (23, 8), (4, 3), (3, 29), (21, 12), (8, 14), (10, 22), (7, 9), (13, 28), (20, 25), (15, 25)]]","[[31.639759089230857, 201.94359769741703, 27.70439862690236, 116.93994225955122, 50.05931748116418, 69.23893030738623, 145.22149901065572, 10.346365037509937, 16.0624417961478, 258.65842554810285, 189.46242221203778, 47.64969959719651, 106.41496544797141, 24.536854068272717, 16.488559797649504, 11.164259305571276, 127.4252559257956]]"
948,"[[(0, 2), (0, 27), (6, 11), (6, 24), (18, 13), (9, 2), (9, 20), (23, 8), (4, 3), (3, 29), (21, 12), (8, 14), (10, 22), (7, 9), (13, 28), (20, 25), (15, 25)]]","[[24.030987095121787, 118.34497826437007, 23.537432377024377, 154.25638268935003, 63.4966956416837, 62.980328478780756, 171.6701447290668, 275.68579557357117, 25.53846843445275, 78.96884210890933, 151.80657540351092, 43.86328946778807, 50.10885678618265, 42.377456090069565, 19.165165083387397, 16.84738398544721, 116.28113641743661]]"
949,"[[(0, 2), (0, 27), (6, 11), (6, 24), (18, 13), (9, 2), (9, 20), (23, 8), (4, 3), (3, 29), (21, 12), (8, 14), (10, 22), (7, 9), (13, 28), (20, 25), (15, 25)]]","[[41.22490963497256, 109.67595737856857, 23.22591577534147, 127.60429954663819, 131.15405653411023, 17.01220690002169, 229.3355211324362, 49.035593899259794, 14.092701546687039, 464.4493842879807, 171.6064194888937, 43.2815055343872, 47.07195831391835, 33.90438011970626, 27.165790325647176, 11.733943644051061, 116.20372376666984]]"
950,"[[(0, 2), (0, 27), (6, 11), (6, 24), (18, 13), (9, 2), (9, 20), (23, 8), (4, 3), (3, 29), (21, 12), (8, 14), (10, 22), (7, 9), (13, 28), (20, 25), (15, 25)]]","[[42.96830935197545, 129.9553300754883, 28.372819574129558, 72.1571462438829, 74.26844683158652, 4.691606416577952, 153.75600579715768, 351.5336993633898, 25.322160569816592, 436.3583681845527, 192.2505972639198, 37.045597794033625, 125.07535061915245, 39.73889883478549, 39.98823835623964, 17.30740793009997, 106.12913744187793]]"
951,"[[(0, 2), (0, 27), (6, 11), (6, 24), (18, 13), (9, 2), (9, 20), (23, 8), (4, 3), (3, 29), (21, 12), (8, 14), (10, 22), (7, 9), (13, 28), (20, 25), (15, 25)]]","[[23.02128713804482, 221.79492790005705, 24.288867551099276, 132.16432581790517, 50.09774426103338, 56.36448395333056, 217.71424191514697, 151.9852570536275, 13.302328073324919, 466.82375657517025, 177.40867878850028, 18.00884294592847, 186.3805352530236, 50.10989601445306, 39.913021056267844, 12.199061030672004, 123.47729798416918]]"
952,"[[(0, 2), (0, 27), (6, 11), (6, 24), (18, 13), (9, 2), (9, 20), (23, 8), (4, 3), (3, 29), (21, 12), (8, 14), (10, 22), (7, 9), (13, 28), (20, 25), (15, 25)]]","[[38.027782238415845, 133.70222331165894, 21.473135630167597, 114.08013457191059, 86.71895491875955, 41.526505564402605, 192.97041439923498, 353.91937664395005, 22.888867063811013, 353.8480347795179, 182.28333836945689, 27.367456209240338, 54.47265532680978, 36.26553976429973, 8.124166396144242, 17.037167534061787, 111.61272845529889]]"
953,"[[(0, 2), (0, 27), (6, 11), (6, 24), (18, 13), (9, 2), (9, 20), (23, 8), (4, 3), (3, 29), (21, 12), (8, 14), (10, 22), (7, 9), (13, 28), (20, 25), (15, 25)]]","[[30.33029390375663, 211.79001842577262, 27.808480434014303, 74.16906705318142, 113.04201243160604, 25.448195101138303, 169.9259470451916, 41.3109235830809, 30.141051100726493, 462.6832325595671, 184.64642251574264, 39.78039350892655, 118.31607005630275, 24.881716172489266, 21.93257103652544, 10.054666888574047, 127.5293266147446]]"
954,"[[(0, 2), (0, 27), (6, 11), (6, 24), (18, 13), (9, 2), (9, 20), (23, 8), (4, 3), (3, 29), (21, 12), (8, 14), (10, 22), (7, 9), (13, 28), (20, 25), (15, 25)]]","[[24.154583416010404, 160.45713192073512, 21.625405448605633, 156.77359495579734, 90.53146970911507, 65.2483580244191, 108.85124299579576, 125.11558964018228, 17.037001819699327, 16.454652747589392, 195.14825037523863, 20.983257656093727, 66.81151187920133, 45.77839796868034, 37.108289403642985, 16.839537869871947, 100.38766945888302]]"
955,"[[(0, 2), (0, 27), (6, 11), (6, 24), (18, 13), (9, 2), (9, 20), (23, 8), (4, 3), (3, 29), (21, 12), (8, 14), (10, 22), (7, 9), (13, 28), (20, 25), (15, 25)]]","[[23.14490886671386, 154.41490058527978, 26.652844739659223, 74.85022258769393, 153.28619768681511, 51.926035616010296, 79.00925695593786, 205.43830179912928, 29.362458027088707, 444.14921955049573, 196.67959968649433, 28.722485123930433, 167.48261843438843, 36.92282338344367, 24.033954185005207, 6.554447925510365, 128.60529893122816]]"
956,"[[(0, 2), (0, 27), (6, 11), (6, 24), (18, 13), (9, 2), (9, 20), (23, 8), (4, 3), (3, 29), (21, 12), (8, 14), (10, 22), (7, 9), (13, 28), (20, 25), (15, 25)]]","[[42.21191949198274, 194.10774756012603, 20.943090284581935, 135.45113305506186, 81.18508786359946, 44.984607829698774, 72.27241486004958, 332.90586483276337, 12.999570157755358, 31.822920614275994, 182.07369552213504, 24.730450663591693, 91.20996782671698, 36.71216685356123, 29.429067249456928, 11.923984542464197, 108.93525692885753]]"
957,"[[(0, 2), (0, 27), (6, 11), (6, 24), (18, 13), (9, 2), (9, 20), (23, 8), (4, 3), (3, 29), (21, 12), (8, 14), (10, 22), (7, 9), (13, 28), (20, 25), (15, 25)]]","[[29.48028244587856, 217.20735264426864, 22.844110478508014, 81.00928761296181, 86.18389486097304, 24.03824558610115, 124.95033341316947, 280.01815513899965, 13.847899999115548, 552.0049743332887, 155.05539736943226, 20.775441065397978, 94.65852613421569, 24.9366067108164, 27.140931897138117, 16.819014632953632, 122.27125938850436]]"
958,"[[(0, 2), (0, 27), (6, 11), (6, 24), (18, 13), (9, 2), (9, 20), (23, 8), (4, 3), (3, 29), (21, 12), (8, 14), (10, 22), (7, 9), (13, 28), (20, 25), (15, 25)]]","[[40.1661869050147, 135.70175861497, 20.1004303373155, 156.2024506537167, 21.03499305101817, 13.65820363859107, 199.6480352553284, 329.68207836759706, 29.617470860703836, 188.32649954245667, 157.2230294180325, 19.422365602315484, 157.2795004730943, 33.78243324511341, 32.65834187540464, 10.261848388811076, 131.53513232286485]]"
959,"[[(0, 2), (0, 27), (6, 11), (6, 24), (18, 13), (9, 2), (9, 20), (23, 8), (4, 3), (3, 29), (21, 12), (8, 14), (10, 22), (7, 9), (13, 28), (20, 25), (15, 25)]]","[[29.59167629556277, 204.53583631290903, 25.56493830117816, 144.78873529313066, 34.04141973298218, 67.59284463279036, 218.37407112146087, 310.37753596560367, 19.817761433360566, 506.39642467482656, 173.4623670632301, 40.469822432949556, 148.73831202359554, 22.071211643137843, 28.435726159440147, 8.499362779900236, 121.70544819703814]]"
960,"[[(0, 2), (0, 27), (6, 11), (6, 24), (18, 13), (9, 2), (9, 20), (23, 8), (4, 3), (3, 29), (21, 12), (8, 14), (10, 22), (7, 9), (13, 28), (20, 25), (15, 25)]]","[[42.64084289102764, 60.827140274009324, 20.064365394126934, 145.87252118203406, 114.14973027526074, 5.41388516879534, 135.56400579355318, 253.59057540252698, 12.030616634759527, 439.0869567302349, 150.6505942635751, 26.289509952383632, 114.46296484884923, 18.893756772644096, 10.255131862641365, 9.138854125942238, 107.49810092610905]]"
961,"[[(0, 2), (0, 27), (6, 11), (6, 24), (18, 13), (9, 2), (9, 20), (23, 8), (4, 3), (3, 29), (21, 12), (8, 14), (10, 22), (7, 9), (13, 28), (20, 25), (15, 25)]]","[[24.149051332562735, 62.476372840078994, 27.99914093304074, 128.24567242759912, 134.16868333816723, 69.71038979878603, 221.9006024547868, 67.16080190360049, 24.970777796345168, 582.4970925009573, 153.86341036811194, 47.85185673145268, 139.75876357275465, 44.65890513955489, 14.787164359926491, 11.171839141346885, 122.08236691245735]]"
962,"[[(0, 2), (0, 27), (6, 11), (6, 24), (18, 13), (9, 2), (9, 20), (23, 8), (4, 3), (3, 29), (21, 12), (8, 14), (10, 22), (7, 9), (13, 28), (20, 25), (15, 25)]]","[[25.857122666898086, 117.63341424459952, 27.725857033056023, 71.35148121682538, 129.0690386124262, 58.12050216836338, 223.68043374351154, 189.8541398208687, 18.45229618002815, 612.9882903002444, 182.1553696581837, 40.288446338156476, 176.62162858991934, 29.939699671912493, 14.886602567427678, 19.278384510451364, 117.41414264791598]]"
963,"[[(0, 2), (0, 27), (6, 11), (6, 24), (18, 13), (9, 2), (9, 20), (23, 8), (4, 3), (3, 29), (21, 12), (8, 14), (10, 22), (7, 9), (13, 28), (20, 25), (15, 25)]]","[[34.94466544710165, 121.13192748937985, 29.712494984972153, 110.42454828834353, 62.19009011551306, 64.20995540192874, 171.55588975392203, 208.16234226963223, 24.957290568179594, 252.95965294238363, 191.40980347395345, 28.267932320894097, 162.8004754695552, 31.884419157772328, 6.413944110885906, 18.824783791125903, 128.95613099251415]]"
964,"[[(0, 2), (0, 27), (6, 11), (6, 24), (18, 13), (9, 2), (9, 20), (23, 8), (4, 3), (3, 29), (21, 12), (8, 14), (10, 22), (7, 9), (13, 28), (20, 25), (15, 25)]]","[[34.52839260710675, 138.55020319095962, 21.45938447861201, 133.91132893349953, 116.4017522164454, 64.84137651747955, 237.1299068278021, 19.9847787488414, 29.772187007700854, 224.84237806915095, 155.1079470701634, 39.42940060429104, 79.32362834705197, 22.939625053159972, 33.149864911241465, 4.55720924289988, 108.12296204203918]]"
965,"[[(0, 2), (0, 27), (6, 11), (6, 24), (18, 13), (9, 2), (9, 20), (23, 8), (4, 3), (3, 29), (21, 12), (8, 14), (10, 22), (7, 9), (13, 28), (20, 25), (15, 25)]]","[[24.03748751996873, 79.89762218557502, 27.821886776828546, 106.89481540797976, 45.162137552315116, 50.457533861330944, 140.99554248364768, 190.36720489077166, 21.926759387716906, 656.9398789537702, 172.77099535095599, 44.02131747228193, 123.23836720174648, 52.17114408134037, 14.246847979770456, 15.131891650036337, 104.79878888458002]]"
966,"[[(0, 2), (0, 27), (6, 11), (6, 24), (18, 13), (9, 2), (9, 20), (23, 8), (4, 3), (3, 29), (21, 12), (8, 14), (10, 22), (7, 9), (13, 28), (20, 25), (15, 25)]]","[[32.13612792822697, 128.78585464099726, 21.71984105541788, 127.69638175499784, 82.86819602950176, 14.305527467947753, 134.10318646374913, 262.8453194578447, 27.429659851581523, 594.351930496613, 145.78745913793244, 18.62409410513389, 153.18355978875516, 24.643725673842837, 10.982543481753828, 14.655996122285938, 128.66262952082178]]"
967,"[[(0, 2), (0, 27), (6, 11), (6, 24), (18, 13), (9, 2), (9, 20), (23, 8), (4, 3), (3, 29), (21, 12), (8, 14), (10, 22), (7, 9), (13, 28), (20, 25), (15, 25)]]","[[31.91374975988665, 58.942214260381775, 22.521889317411247, 141.27617117945857, 79.39106902991406, 36.35942020987475, 162.74760234984302, 178.54752696442225, 30.27757663746359, 577.2885491572418, 169.8952136819193, 34.95210617062697, 144.8436563644044, 22.149810841197365, 11.833971624171333, 7.48236612803284, 110.75213128507936]]"
968,"[[(0, 2), (0, 27), (6, 11), (6, 24), (18, 13), (9, 2), (9, 20), (23, 8), (4, 3), (3, 29), (21, 12), (8, 14), (10, 22), (7, 9), (13, 28), (20, 25), (15, 25)]]","[[28.7480044114244, 67.6441271019433, 23.347438105545713, 141.74791416046713, 81.61147750602098, 49.49478570479415, 195.63220135484352, 250.62598405668498, 9.361309502800282, 340.13274630254557, 165.85643397179408, 20.918795929985436, 161.1942239115712, 37.997737971990176, 27.535635420856284, 6.897727988238227, 125.65466298638881]]"
969,"[[(0, 2), (0, 27), (6, 11), (6, 24), (18, 13), (9, 2), (9, 20), (23, 8), (4, 3), (3, 29), (21, 12), (8, 14), (10, 22), (7, 9), (13, 28), (20, 25), (15, 25)]]","[[33.80111730399577, 137.13500245314185, 28.884203581786444, 159.65723388050304, 115.72261649317491, 18.072886360480048, 84.27521190165228, 274.87236705383486, 27.62974432564109, 324.539570779995, 150.85166649694824, 23.01272696171265, 133.0027199631196, 48.55246953477384, 40.379225755427065, 6.209038765453814, 124.87124550365466]]"
970,"[[(0, 2), (0, 27), (6, 11), (6, 24), (18, 13), (9, 2), (9, 20), (23, 8), (4, 3), (3, 29), (21, 12), (8, 14), (10, 22), (7, 9), (13, 28), (20, 25), (15, 25)]]","[[33.73093868954585, 182.3704557917364, 20.71749334913389, 153.19182855855274, 60.546433667769705, 75.69242802899589, 214.63716698372176, 197.3394001996655, 19.212613915230293, 153.64354807806092, 155.53537852313275, 35.12696339196816, 62.246731213755396, 28.19341971142684, 45.14039744117248, 5.594003829647066, 107.80147711850071]]"
971,"[[(0, 2), (0, 27), (6, 11), (6, 24), (18, 13), (9, 2), (9, 20), (23, 8), (4, 3), (3, 29), (21, 12), (8, 14), (10, 22), (7, 9), (13, 28), (20, 25), (15, 25)]]","[[39.54166347673756, 177.06670253858408, 24.06406813697953, 136.95878403390225, 123.53045584665148, 8.993392867318752, 183.0728457394515, 57.094167534678625, 9.867865357354694, 627.7365854646249, 149.81896425340682, 25.42194031074681, 144.261951789158, 42.76983780781647, 33.780971144112556, 13.65878504486401, 133.17528149910848]]"
972,"[[(0, 2), (0, 27), (6, 11), (6, 24), (18, 13), (9, 2), (9, 20), (23, 8), (4, 3), (3, 29), (21, 12), (8, 14), (10, 22), (7, 9), (13, 28), (20, 25), (15, 25)]]","[[35.510187441434084, 65.84005398388983, 21.826365091091013, 135.442576128545, 133.79190982288077, 21.566386657994656, 147.9812824635148, 247.14105665333742, 17.62844744358197, 378.17804263395675, 192.47896626338414, 31.86269773116982, 85.1811731095761, 53.512719141364656, 11.980672115429435, 16.40521868286972, 131.080843955648]]"
973,"[[(0, 2), (0, 27), (6, 11), (6, 24), (18, 13), (9, 2), (9, 20), (23, 8), (4, 3), (3, 29), (21, 12), (8, 14), (10, 22), (7, 9), (13, 28), (20, 25), (15, 25)]]","[[40.14555007246173, 108.54045903795605, 20.625433625912805, 134.81363140339008, 55.18499486274354, 70.27095877638244, 203.98823577663254, 272.14710635605303, 15.803823165548256, 232.561965296745, 175.2716379126887, 47.52668103370986, 149.81065613499032, 28.097838757338536, 23.402875430394324, 8.081982833802899, 130.7472012100596]]"
974,"[[(0, 2), (0, 27), (6, 11), (6, 24), (18, 13), (9, 2), (9, 20), (23, 8), (4, 3), (3, 29), (21, 12), (8, 14), (10, 22), (7, 9), (13, 28), (20, 25), (15, 25)]]","[[41.52875235679172, 166.20101605244847, 28.296005132006766, 96.4984830458884, 108.30830975224784, 15.95234657884355, 133.40131917702493, 71.37005779041779, 21.283816109259323, 611.1808402967256, 146.99501396503092, 44.86751596911354, 177.61750229145588, 49.156891920084355, 13.06603965501544, 5.43510263610937, 132.07580317691105]]"
975,"[[(0, 2), (0, 27), (6, 11), (6, 24), (18, 13), (9, 2), (9, 20), (23, 8), (4, 3), (3, 29), (21, 12), (8, 14), (10, 22), (7, 9), (13, 28), (20, 25), (15, 25)]]","[[36.60354963124639, 61.56839435436243, 27.728233225189094, 114.54991722590327, 135.96097460585858, 24.50759662614688, 249.90739861317704, 334.4363849034671, 12.00105654622989, 145.8157510025416, 163.5966103952954, 22.926474208847264, 181.0223608393363, 33.115912249362346, 1.5914731020292416, 5.470685743979054, 123.2949121258985]]"
976,"[[(0, 2), (0, 27), (6, 11), (6, 24), (18, 13), (9, 2), (9, 20), (23, 8), (4, 3), (3, 29), (21, 12), (8, 14), (10, 22), (7, 9), (13, 28), (20, 25), (15, 25)]]","[[26.691732877106077, 174.30685669788656, 27.06539098539064, 127.85435952904474, 134.31381690145048, 42.512741608174764, 171.3334290114994, 220.71077571563313, 23.320735268063224, 617.9785449397676, 153.40199659191563, 47.4059208226913, 154.94904054641756, 39.389892663735345, 30.152911979069668, 13.97543371317466, 120.52573109060995]]"
977,"[[(0, 2), (0, 27), (6, 11), (6, 24), (18, 13), (9, 2), (9, 20), (23, 8), (4, 3), (3, 29), (21, 12), (8, 14), (10, 22), (7, 9), (13, 28), (20, 25), (15, 25)]]","[[39.39750430696995, 180.05780972480835, 22.234171991790674, 121.82832352127514, 56.61695077267403, 32.62047886357662, 208.3666611823999, 262.60615769939466, 14.818280684081085, 222.72284564505176, 184.59627365617558, 25.110171048533182, 152.30100591259523, 31.587212740879494, 15.562736337902603, 8.401385482401594, 124.69790588902808]]"
978,"[[(0, 2), (0, 27), (6, 11), (6, 24), (18, 13), (9, 2), (9, 20), (23, 8), (4, 3), (3, 29), (21, 12), (8, 14), (10, 22), (7, 9), (13, 28), (20, 25), (15, 25)]]","[[33.29208116414759, 192.59469408148504, 23.25612328449535, 137.52856480892197, 35.06390140407963, 22.08547515693192, 174.768822636115, 5.8279954454239, 11.626050611729212, 455.435087613056, 145.18810454455365, 38.11935116484663, 146.89910501244913, 25.880573262095574, 33.743347966207644, 17.642667901850558, 129.5061317982488]]"
979,"[[(0, 2), (0, 27), (6, 11), (6, 24), (18, 13), (9, 2), (9, 20), (23, 8), (4, 3), (3, 29), (21, 12), (8, 14), (10, 22), (7, 9), (13, 28), (20, 25), (15, 25)]]","[[35.48862560622871, 172.0179039455192, 28.2685373272597, 133.18101941175402, 88.13157761595755, 56.08730479482186, 117.48666996856889, 187.2470556968071, 29.24057277697761, 457.15164789946357, 162.8682484745004, 38.572485386878554, 135.9065650922954, 49.72570056622917, 1.0348120408457306, 17.368950060861565, 122.41904181933174]]"
980,"[[(0, 2), (0, 27), (6, 11), (6, 24), (18, 13), (9, 2), (9, 20), (23, 8), (4, 3), (3, 29), (21, 12), (8, 14), (10, 22), (7, 9), (13, 28), (20, 25), (15, 25)]]","[[32.571710841689345, 74.26253015537624, 28.249241486881644, 145.75982410014217, 121.1683428411421, 53.85123349153544, 207.37888545194627, 139.83007218841286, 16.428813583823064, 67.67538165557731, 175.262611374679, 43.88153345881203, 116.4583483310897, 46.84938200845794, 27.31169017838913, 17.252560956848612, 121.27005332872307]]"
981,"[[(0, 2), (0, 27), (6, 11), (6, 24), (18, 13), (9, 2), (9, 20), (23, 8), (4, 3), (3, 29), (21, 12), (8, 14), (10, 22), (7, 9), (13, 28), (20, 25), (15, 25)]]","[[29.625709899125333, 104.86139390138388, 27.791622933901635, 141.51253666104338, 98.15578513911508, 43.7701976839209, 247.0556395078643, 259.6138588009508, 19.065965342020213, 39.797943386767926, 161.78963555759893, 23.746319371155963, 140.1806793111038, 46.41434344818049, 7.0095478108913305, 11.650888103531416, 100.03710526436534]]"
982,"[[(0, 2), (0, 27), (6, 11), (6, 24), (18, 13), (9, 2), (9, 20), (23, 8), (4, 3), (3, 29), (21, 12), (8, 14), (10, 22), (7, 9), (13, 28), (20, 25), (15, 25)]]","[[38.50329788389579, 149.4357511212678, 22.693777439774067, 101.14068732453464, 37.281925150397726, 51.7920883382282, 147.7578615219167, 28.053521570068924, 21.411052709905803, 236.2376547086845, 172.8220247889792, 32.32501523974301, 83.11030669279629, 36.84472915597853, 13.07456402560717, 17.735332418593384, 126.11455094016515]]"
983,"[[(0, 2), (0, 27), (6, 11), (6, 24), (18, 13), (9, 2), (9, 20), (23, 8), (4, 3), (3, 29), (21, 12), (8, 14), (10, 22), (7, 9), (13, 28), (20, 25), (15, 25)]]","[[23.426907367803608, 132.56908736331314, 20.595614952191973, 103.32309151391078, 88.8111478551349, 49.36112919387997, 203.67327099367498, 26.739334723007676, 23.634869817510452, 431.39282565028805, 191.79802184805243, 46.95716610952103, 134.14233041948052, 32.993196348495815, 23.449981311464885, 7.834739550052522, 133.90196673852876]]"
984,"[[(0, 2), (0, 27), (6, 11), (6, 24), (18, 13), (9, 2), (9, 20), (23, 8), (4, 3), (3, 29), (21, 12), (8, 14), (10, 22), (7, 9), (13, 28), (20, 25), (15, 25)]]","[[23.21657642828996, 126.55771064781224, 29.352017474836778, 69.08804708835059, 141.0249915915258, 22.911768539497572, 198.43943468847033, 351.355323855322, 14.696984120031711, 485.34029510080586, 163.08362039091125, 36.04524096673099, 168.54451995659127, 40.89914816358171, 39.44599150542115, 9.709075612576274, 109.16722395141682]]"
985,"[[(0, 2), (0, 27), (6, 11), (6, 24), (18, 13), (9, 2), (9, 20), (23, 8), (4, 3), (3, 29), (21, 12), (8, 14), (10, 22), (7, 9), (13, 28), (20, 25), (15, 25)]]","[[41.38136650448986, 174.00716803325668, 27.472149293468608, 133.89759481486755, 21.64822855422088, 67.51058579365682, 114.1250486280466, 258.1834566676718, 16.38686677207235, 180.8828231489066, 173.870551137916, 19.25689887895794, 165.88476909577756, 20.508285114158877, 23.73457152616479, 8.774755895238547, 128.8461950586666]]"
986,"[[(0, 2), (0, 27), (6, 11), (6, 24), (18, 13), (9, 2), (9, 20), (23, 8), (4, 3), (3, 29), (21, 12), (8, 14), (10, 22), (7, 9), (13, 28), (20, 25), (15, 25)]]","[[29.02408646165702, 141.21761092005244, 29.06640519060995, 134.12340936792407, 73.20448928181224, 59.993283819017876, 163.3752960407089, 176.40669595334265, 22.587966114657306, 232.62621435314784, 156.16476242412512, 29.358224010173117, 168.16845349008304, 21.12103737520834, 44.83432617017208, 4.0155620524013536, 99.91959953811819]]"
987,"[[(0, 2), (0, 27), (6, 11), (6, 24), (18, 13), (9, 2), (9, 20), (23, 8), (4, 3), (3, 29), (21, 12), (8, 14), (10, 22), (7, 9), (13, 28), (20, 25), (15, 25)]]","[[30.454847755529908, 115.33587605401749, 28.58006817077071, 84.87311284920685, 122.24543446640207, 17.337082294338895, 90.94904029982526, 96.59170563089303, 11.51592818915933, 128.49957133305153, 149.18917205306627, 35.4026265319292, 98.15752495342264, 19.47439971172307, 33.63365349032394, 14.399840299955157, 112.99968208354926]]"
988,"[[(0, 2), (0, 27), (6, 11), (6, 24), (18, 13), (9, 2), (9, 20), (23, 8), (4, 3), (3, 29), (21, 12), (8, 14), (10, 22), (7, 9), (13, 28), (20, 25), (15, 25)]]","[[32.17685817953209, 85.55750914651283, 27.98556447400513, 70.67922100837525, 143.64336264901326, 19.39525722068561, 178.80705041758347, 129.36260489168487, 10.663403795416162, 333.23161156376614, 167.0993665753769, 22.813206273076936, 73.50506605495922, 22.814831470968624, 31.32498623766272, 8.80318289460812, 106.05104666264631]]"
989,"[[(0, 2), (0, 27), (6, 11), (6, 24), (18, 13), (9, 2), (9, 20), (23, 8), (4, 3), (3, 29), (21, 12), (8, 14), (10, 22), (7, 9), (13, 28), (20, 25), (15, 25)]]","[[28.891508712794252, 77.36578239299068, 23.132088372568813, 90.82125747564753, 93.62902103262805, 60.56407912050762, 96.03177480776668, 101.38203167748986, 9.1963852117305, 437.73156555381473, 174.71420842567096, 30.425396859217578, 53.47262679786092, 21.21260818226979, 21.22557847812371, 18.17799806613744, 124.42414684450098]]"
990,"[[(0, 2), (0, 27), (6, 11), (6, 24), (18, 13), (9, 2), (9, 20), (23, 8), (4, 3), (3, 29), (21, 12), (8, 14), (10, 22), (7, 9), (13, 28), (20, 25), (15, 25)]]","[[40.95835755039127, 121.4028903790862, 24.664881784164585, 129.75261214385444, 141.4941628865734, 11.91620116756109, 114.04837915583508, 225.69192677921117, 9.127806914124198, 231.63479688771986, 170.43137443022894, 45.667235492224364, 170.8628870737268, 43.6135312151216, 44.96425626696418, 9.607894699632636, 116.85028135035192]]"
991,"[[(0, 2), (0, 27), (6, 11), (6, 24), (18, 13), (9, 2), (9, 20), (23, 8), (4, 3), (3, 29), (21, 12), (8, 14), (10, 22), (7, 9), (13, 28), (20, 25), (15, 25)]]","[[27.29005143731893, 62.761596394517454, 23.554627086963848, 158.8357131046219, 76.46258336192743, 54.85407060802411, 216.46818840055218, 175.44343120133925, 25.67521528665716, 597.4748933440534, 145.82367622920614, 23.042938270175668, 169.59964095470647, 46.25826925815431, 11.021071224582354, 19.359909027585573, 108.61166046569707]]"
992,"[[(0, 2), (0, 27), (6, 11), (6, 24), (18, 13), (9, 2), (9, 20), (23, 8), (4, 3), (3, 29), (21, 12), (8, 14), (10, 22), (7, 9), (13, 28), (20, 25), (15, 25)]]","[[30.794012856867173, 136.16756886714796, 20.57008418676193, 88.3129280128806, 98.96244485167198, 14.867186543753581, 135.8302377258232, 13.14733988544057, 22.157148521885418, 558.3870200645651, 183.91315532843848, 22.8346604305139, 112.72105347259158, 31.375688218033005, 4.269600991966923, 9.699577270181175, 119.08975041308346]]"
993,"[[(0, 2), (0, 27), (6, 11), (6, 24), (18, 13), (9, 2), (9, 20), (23, 8), (4, 3), (3, 29), (21, 12), (8, 14), (10, 22), (7, 9), (13, 28), (20, 25), (15, 25)]]","[[32.92023791402907, 221.58389010625802, 29.310561629871593, 103.27553046445024, 150.0342199883812, 55.32310907361237, 83.96987020823275, 136.01931890510176, 23.847422770394587, 277.82675530054297, 186.76106633420855, 38.31845377002112, 84.79703259648392, 45.08844022448675, 30.24218396687215, 16.45591281657476, 134.6436188163595]]"
994,"[[(0, 2), (0, 27), (6, 11), (6, 24), (18, 13), (9, 2), (9, 20), (23, 8), (4, 3), (3, 29), (21, 12), (8, 14), (10, 22), (7, 9), (13, 28), (20, 25), (15, 25)]]","[[40.68485079138151, 168.61033716936817, 28.451927831675608, 106.36681952216068, 38.26834682451678, 9.276492303859628, 99.04529603109788, 210.5599940129258, 13.260652807845338, 502.729949281514, 150.61806818215797, 31.813286946225595, 137.2596620363136, 31.076501139992065, 16.99742606117626, 4.855684782077914, 124.99215433561338]]"
995,"[[(0, 2), (0, 27), (6, 11), (6, 24), (18, 13), (9, 2), (9, 20), (23, 8), (4, 3), (3, 29), (21, 12), (8, 14), (10, 22), (7, 9), (13, 28), (20, 25), (15, 25)]]","[[41.152635157642074, 158.89209101973194, 27.239518523364527, 136.74253834329355, 31.39236257026134, 44.07316084782952, 246.045361058431, 116.54797405751297, 17.188025780182585, 430.2715803966476, 156.73914962502545, 20.894142020033012, 158.57677703740188, 45.762716907778255, 15.402316371614388, 10.864539915659703, 123.83621370138974]]"
996,"[[(0, 2), (0, 27), (6, 11), (6, 24), (18, 13), (9, 2), (9, 20), (23, 8), (4, 3), (3, 29), (21, 12), (8, 14), (10, 22), (7, 9), (13, 28), (20, 25), (15, 25)]]","[[39.85395008515431, 198.00815092630415, 27.32668805523131, 160.81808605229622, 123.14697273623484, 20.82463752570972, 215.74240977377218, 334.7581420433721, 20.154822437121943, 626.9382336299745, 190.31489465073565, 47.68400673636771, 76.98748465055526, 30.127969353828664, 11.58632845039512, 12.764799453421004, 120.10489017860309]]"
997,"[[(0, 2), (0, 27), (6, 11), (6, 24), (18, 13), (9, 2), (9, 20), (23, 8), (4, 3), (3, 29), (21, 12), (8, 14), (10, 22), (7, 9), (13, 28), (20, 25), (15, 25)]]","[[29.37416579424375, 119.43075183785034, 21.449978705894015, 69.97362869026117, 25.660907954734867, 4.9329441810305665, 184.14602404634633, 158.02653517045346, 19.65787420296193, 372.10762551387194, 164.63153336390852, 19.131436058986342, 65.4839439318591, 48.68172547541917, 9.955298898083926, 10.257227801548613, 134.73304375630084]]"
998,"[[(0, 2), (0, 27), (6, 11), (6, 24), (18, 13), (9, 2), (9, 20), (23, 8), (4, 3), (3, 29), (21, 12), (8, 14), (10, 22), (7, 9), (13, 28), (20, 25), (15, 25)]]","[[40.3611140886178, 206.50938353974234, 29.29171125969692, 119.64570296301255, 108.688684513433, 34.62980209156426, 224.33393072465302, 89.41650158787706, 28.87759398466123, 230.87306873120087, 174.07346725881422, 43.34811088430348, 162.09133890090573, 46.48442926996985, 8.934084894189683, 11.493958130027737, 104.62622689870369]]"
999,"[[(0, 2), (0, 27), (6, 11), (6, 24), (18, 13), (9, 2), (9, 20), (23, 8), (4, 3), (3, 29), (21, 12), (8, 14), (10, 22), (7, 9), (13, 28), (20, 25), (15, 25)]]","[[36.471019389730756, 197.67683112904993, 25.89420561756823, 161.80289526511123, 125.86817957233296, 39.45484341546445, 203.26956205508353, 341.4674204629796, 21.823935927179015, 581.74109416825, 187.66362769763535, 44.23528587525411, 113.77715659040723, 19.1189956323175, 6.80522052970256, 8.998229528015624, 118.56148944959835]]"
