scene,edge,cost
0,"[[(4, 2), (4, 10), (4, 29), (4, 37), (4, 40), (19, 23), (30, 17), (30, 25), (1, 4), (11, 7), (11, 8), (11, 13), (11, 38), (24, 6), (32, 11), (32, 34), (32, 46), (2, 30), (21, 5), (36, 16), (47, 18), (3, 44), (43, 42), (44, 24), (10, 13), (12, 48), (23, 20), (27, 23), (27, 28), (27, 48), (29, 17), (29, 42), (34, 8), (35, 18), (39, 34), (40, 21), (40, 25), (5, 19), (38, 28), (38, 32), (18, 5), (18, 6), (18, 27), (18, 33), (31, 10), (7, 16), (22, 19), (13, 2), (13, 3), (13, 11), (13, 36), (28, 39), (17, 11), (17, 38), (17, 43), (14, 49), (45, 32), (41, 31)]]","[[11.821800646013426, 95.8410166058566, 106.66382728916645, 458.89301128577483, 444.6663975765554, 22.171117094193832, 77.11241162356848, 90.30284029387832, 0.09061825771397358, 64.92193182546393, 49.94324931192975, 10.153962742476876, 262.9663874663944, 367.8934905469086, 248.59499520802711, 5.409362806409508, 352.94067847291853, 61.136438775226196, 239.9746233052505, 704.6044926998569, 272.4762475242976, 141.52820518800866, 1.6772786938603514, 135.0034787450604, 3.9531019763834285, 155.7242271707659, 36.56503842070992, 64.12544962722647, 0.7080611277420454, 272.6904487771576, 85.20679319246821, 15.918886180018262, 441.5618126257886, 258.09345591453484, 85.75581777910318, 177.46765027774984, 108.99690260433006, 268.92240042033404, 126.60101132188035, 7.312693352294794, 312.52418287328777, 146.47792332095048, 7.63883237744546, 367.7841123578529, 242.95809670273994, 140.41484448720092, 14.68632718328418, 112.41947613180884, 4.549234706380775, 8.124665302033726, 286.7895444061965, 114.88316244864221, 5.79343612639195, 125.73590429521344, 260.4866909804877, 136.40145763300603, 137.11346704603153, 60.54906272185852]]"
1,"[[(4, 2), (4, 10), (4, 29), (4, 37), (4, 40), (19, 23), (30, 17), (30, 25), (1, 4), (11, 7), (11, 8), (11, 13), (11, 38), (24, 6), (32, 11), (32, 34), (32, 46), (2, 30), (21, 5), (36, 16), (47, 18), (3, 44), (43, 42), (44, 24), (10, 13), (12, 48), (23, 20), (27, 23), (27, 28), (27, 48), (29, 17), (29, 42), (34, 8), (35, 18), (39, 34), (40, 21), (40, 25), (5, 19), (38, 28), (38, 32), (18, 5), (18, 6), (18, 27), (18, 33), (31, 10), (7, 16), (22, 19), (13, 2), (13, 3), (13, 11), (13, 36), (28, 39), (17, 11), (17, 38), (17, 43), (14, 49), (45, 32), (41, 31)]]","[[10.70406312077535, 96.14466212959394, 114.24743104990571, 336.8755027948596, 433.79784237347155, 23.175261051351356, 66.0356606014097, 82.06475092720531, 0.27918668490604004, 64.24377722276967, 59.69542074968399, 28.030339428466554, 253.59541098504988, 422.1192406492879, 133.08298295565885, 10.415948828790807, 176.44917917486947, 54.04685573049221, 395.6143179782782, 725.7463919747889, 152.7484464590827, 181.17359418856736, 1.8450289689638013, 214.54332194676496, 17.2170490682568, 410.6766527443061, 36.99089208017018, 71.77364651236319, 12.42036203392153, 265.44214470172363, 56.58744827064548, 11.082342051977683, 267.60110510151725, 253.61068791289617, 86.20083321172747, 118.03556047284877, 43.236969984923334, 244.84145268742313, 237.63830232628342, 30.84116762918101, 248.34156842768195, 228.01436037282267, 9.34699746360188, 273.0447850386542, 243.62027991588272, 150.1894935501236, 12.941760861625445, 125.96625397475825, 4.75380553669442, 18.192478506067815, 324.1568280286383, 183.22350583558963, 6.072693731652262, 103.92713416365103, 283.4532162917754, 97.86048760295938, 172.3502662289771, 67.2888497600901]]"
2,"[[(4, 2), (4, 10), (4, 29), (4, 37), (4, 40), (19, 23), (30, 17), (30, 25), (1, 4), (11, 7), (11, 8), (11, 13), (11, 38), (24, 6), (32, 11), (32, 34), (32, 46), (2, 30), (21, 5), (36, 16), (47, 18), (3, 44), (43, 42), (44, 24), (10, 13), (12, 48), (23, 20), (27, 23), (27, 28), (27, 48), (29, 17), (29, 42), (34, 8), (35, 18), (39, 34), (40, 21), (40, 25), (5, 19), (38, 28), (38, 32), (18, 5), (18, 6), (18, 27), (18, 33), (31, 10), (7, 16), (22, 19), (13, 2), (13, 3), (13, 11), (13, 36), (28, 39), (17, 11), (17, 38), (17, 43), (14, 49), (45, 32), (41, 31)]]","[[4.866084387509497, 97.53639285950453, 111.7563312989504, 275.121387321553, 406.96000626566445, 21.886455218111475, 76.24704621178773, 81.01712886372569, 0.827443387463024, 75.4110036710282, 41.56892178877822, 17.492940545866254, 218.43461729379766, 412.4574302763279, 175.6759781644951, 9.842452857170656, 287.9887625864081, 183.30491455594967, 132.8921539490857, 205.7311693644036, 101.29971330141105, 252.97283025884286, 1.5555514624854518, 58.80032652754156, 1.79502176918124, 160.1563646719751, 28.695188518912637, 56.70655847625589, 18.32780060682755, 271.4783763016024, 96.7265727327097, 15.320245448505348, 263.6580278158561, 341.1389750418291, 85.97922262696926, 386.2665201195269, 103.87433556274549, 312.257646430184, 244.3224523579505, 22.739452361198875, 237.72031312088785, 146.81713120043506, 4.551624986035509, 136.4286131114455, 311.5590715309901, 155.90342268216148, 6.8558861319301645, 124.65917212894044, 4.366815662603246, 16.832472848044063, 310.3551840384909, 146.5700044922644, 6.984811550600016, 86.71021353843996, 268.67710126778536, 100.52270882465322, 90.89566155924568, 61.657113341275405]]"
3,"[[(4, 2), (4, 10), (4, 29), (4, 37), (4, 40), (19, 23), (30, 17), (30, 25), (1, 4), (11, 7), (11, 8), (11, 13), (11, 38), (24, 6), (32, 11), (32, 34), (32, 46), (2, 30), (21, 5), (36, 16), (47, 18), (3, 44), (43, 42), (44, 24), (10, 13), (12, 48), (23, 20), (27, 23), (27, 28), (27, 48), (29, 17), (29, 42), (34, 8), (35, 18), (39, 34), (40, 21), (40, 25), (5, 19), (38, 28), (38, 32), (18, 5), (18, 6), (18, 27), (18, 33), (31, 10), (7, 16), (22, 19), (13, 2), (13, 3), (13, 11), (13, 36), (28, 39), (17, 11), (17, 38), (17, 43), (14, 49), (45, 32), (41, 31)]]","[[13.333976006503418, 102.81357917838241, 120.40941143794137, 376.20148016134715, 229.5020600683964, 21.144801156469804, 57.79402719474032, 87.54878749135736, 1.2029968406962104, 84.56257025873575, 71.40160012170342, 12.301506116937425, 307.9894239301591, 341.9955639975186, 124.9517996668281, 8.226472266210184, 274.4934655542566, 145.70901419548096, 86.24153247242901, 610.9371610254465, 171.08438606438838, 437.50009715413165, 4.270113836571291, 109.01797132816445, 7.951768666945123, 313.0035051734552, 27.748790316329874, 69.32170540226392, 16.898107615050453, 262.3802357425311, 98.7333101572209, 14.685578881260058, 410.38781871921833, 309.83348283665003, 86.71735571051546, 262.2805823168478, 45.35694706512137, 181.73913824093822, 265.0239913147515, 36.64659214694246, 166.73363893325015, 113.82682705329108, 4.533714897166401, 57.14044333499402, 312.1215093664498, 131.45558429301707, 18.380744135333565, 99.29932580340858, 4.1999628183528674, 17.204636717574445, 349.90655867198456, 105.45716896410107, 6.264025933565301, 125.71852520505125, 201.9920137163938, 139.6772957289723, 176.29801224211258, 67.26919434518386]]"
4,"[[(4, 2), (4, 10), (4, 29), (4, 37), (4, 40), (19, 23), (30, 17), (30, 25), (1, 4), (11, 7), (11, 8), (11, 13), (11, 38), (24, 6), (32, 11), (32, 34), (32, 46), (2, 30), (21, 5), (36, 16), (47, 18), (3, 44), (43, 42), (44, 24), (10, 13), (12, 48), (23, 20), (27, 23), (27, 28), (27, 48), (29, 17), (29, 42), (34, 8), (35, 18), (39, 34), (40, 21), (40, 25), (5, 19), (38, 28), (38, 32), (18, 5), (18, 6), (18, 27), (18, 33), (31, 10), (7, 16), (22, 19), (13, 2), (13, 3), (13, 11), (13, 36), (28, 39), (17, 11), (17, 38), (17, 43), (14, 49), (45, 32), (41, 31)]]","[[4.132553474232401, 81.21298160005301, 168.64503639177454, 403.75471849777966, 342.04902606957444, 22.756142379041243, 85.5021809906952, 69.11780735868784, 1.0747668619568067, 32.30759309515544, 36.570160472874704, 16.151073997045195, 300.7495902053944, 278.6793122636563, 242.50314123504305, 7.556803594727904, 274.9059830510878, 61.59032381274862, 427.07294289335516, 721.57695042439, 66.21953978023292, 660.3639183927208, 3.579869336373766, 212.93954973979388, 1.7631941342957955, 274.2043442544094, 56.46573054267957, 54.631021114799594, 9.270018690016245, 262.70824516302764, 110.71756901055014, 14.822384018582401, 285.9221575589745, 291.605642727116, 86.89799687355898, 340.0101941890113, 105.9084517591885, 270.20816498637663, 195.88817430074073, 28.07638171035244, 252.83832899521897, 210.80725335272143, 7.688320150849124, 371.687540252617, 140.08202725299134, 152.74294665595608, 20.969906504562758, 109.35716980868958, 4.220947227154927, 9.791787369217774, 350.9988132960972, 115.94265834123675, 7.111575999944206, 53.16857000082653, 197.44853676940903, 233.73670509346164, 136.34763367613317, 65.48209534746377]]"
5,"[[(4, 2), (4, 10), (4, 29), (4, 37), (4, 40), (19, 23), (30, 17), (30, 25), (1, 4), (11, 7), (11, 8), (11, 13), (11, 38), (24, 6), (32, 11), (32, 34), (32, 46), (2, 30), (21, 5), (36, 16), (47, 18), (3, 44), (43, 42), (44, 24), (10, 13), (12, 48), (23, 20), (27, 23), (27, 28), (27, 48), (29, 17), (29, 42), (34, 8), (35, 18), (39, 34), (40, 21), (40, 25), (5, 19), (38, 28), (38, 32), (18, 5), (18, 6), (18, 27), (18, 33), (31, 10), (7, 16), (22, 19), (13, 2), (13, 3), (13, 11), (13, 36), (28, 39), (17, 11), (17, 38), (17, 43), (14, 49), (45, 32), (41, 31)]]","[[5.005958657236555, 89.5664039026744, 178.6578330037216, 457.14314924664205, 244.09034037260912, 20.34714076626176, 58.86332888971736, 81.03258634815717, 1.6981799021095134, 46.464368275136444, 40.603552387982965, 8.4761700991251, 287.88108546840783, 242.30527376881338, 229.3139138964554, 4.2133379216842135, 265.48729722905773, 192.34709846103948, 125.3156584529893, 190.62810966081986, 212.68193936749554, 788.6286017207046, 5.7777274406845045, 227.8923495528439, 3.217956300775907, 215.9100627433513, 34.44764236353349, 64.34713105510738, 17.29342803836887, 259.4046884207825, 70.2890578577383, 6.750104920713504, 197.5542979999989, 247.75707633403698, 86.12789465146008, 324.4761312031129, 40.13357579268802, 239.05283917306136, 269.42269556559904, 48.21765835809905, 88.69310730164405, 224.29798267062742, 4.991220324048806, 99.0997515157947, 159.0421506341699, 157.46744234295272, 17.635614963424537, 157.23300429485624, 4.201102075047764, 21.368405352025178, 330.8758499439168, 171.40399891699371, 5.520299434695622, 82.67459677187277, 293.9432762993898, 174.874581180515, 160.96277855269173, 62.51625606681077]]"
6,"[[(4, 2), (4, 10), (4, 29), (4, 37), (4, 40), (19, 23), (30, 17), (30, 25), (1, 4), (11, 7), (11, 8), (11, 13), (11, 38), (24, 6), (32, 11), (32, 34), (32, 46), (2, 30), (21, 5), (36, 16), (47, 18), (3, 44), (43, 42), (44, 24), (10, 13), (12, 48), (23, 20), (27, 23), (27, 28), (27, 48), (29, 17), (29, 42), (34, 8), (35, 18), (39, 34), (40, 21), (40, 25), (5, 19), (38, 28), (38, 32), (18, 5), (18, 6), (18, 27), (18, 33), (31, 10), (7, 16), (22, 19), (13, 2), (13, 3), (13, 11), (13, 36), (28, 39), (17, 11), (17, 38), (17, 43), (14, 49), (45, 32), (41, 31)]]","[[0.9595276606849286, 89.66174968488437, 184.60370063017967, 435.51236821338944, 276.7997502673936, 23.874868671381307, 83.15802376848332, 69.431701532441, 0.5333352093653299, 31.814170419097053, 31.753527410998245, 8.09219427418842, 268.60619487007364, 427.45842909469377, 179.6754172913073, 10.916964494748814, 238.34052179396068, 45.72443260772239, 102.05302515793326, 633.2366723984549, 326.9241967826423, 648.6036543034003, 1.578499293060025, 67.22002687299522, 10.127528397980782, 399.8681044421122, 48.4288709325581, 61.31009234178097, 16.556801804126195, 260.11052175351034, 109.65103379753234, 8.493830365025884, 397.48809948646056, 347.3288512854793, 85.43211051859177, 150.8932298660772, 80.64302422717641, 278.08383991968174, 228.8603360451002, 26.851980747097095, 80.41880018237572, 146.6375400764598, 3.2289574729599417, 38.62047570392552, 283.3001901057225, 137.2599281280314, 17.782393087459695, 131.74293993659882, 4.445775888002564, 9.146354095838158, 279.1682178126977, 179.03734364690524, 8.958272207075321, 15.162571384476985, 213.9732913979891, 143.3371236306687, 66.52388780987724, 70.1868054947977]]"
7,"[[(4, 2), (4, 10), (4, 29), (4, 37), (4, 40), (19, 23), (30, 17), (30, 25), (1, 4), (11, 7), (11, 8), (11, 13), (11, 38), (24, 6), (32, 11), (32, 34), (32, 46), (2, 30), (21, 5), (36, 16), (47, 18), (3, 44), (43, 42), (44, 24), (10, 13), (12, 48), (23, 20), (27, 23), (27, 28), (27, 48), (29, 17), (29, 42), (34, 8), (35, 18), (39, 34), (40, 21), (40, 25), (5, 19), (38, 28), (38, 32), (18, 5), (18, 6), (18, 27), (18, 33), (31, 10), (7, 16), (22, 19), (13, 2), (13, 3), (13, 11), (13, 36), (28, 39), (17, 11), (17, 38), (17, 43), (14, 49), (45, 32), (41, 31)]]","[[7.360823788487325, 86.17041333178688, 169.79539948294087, 492.86406140093726, 204.66197019289007, 21.478382920564695, 61.14472633344914, 83.26710887681733, 0.8283683724233275, 53.656609128962494, 28.071415225443225, 8.57768027106973, 232.6286769794918, 290.3722006307652, 222.37849387656118, 8.630950174529477, 255.5856824618544, 80.74118057754225, 353.62507291095125, 462.28245943969785, 316.05596662133195, 743.3023770859352, 3.298239978942936, 156.42591865850613, 18.26192691022065, 193.48611790943926, 33.22085169683986, 52.22545218926923, 3.6487843016154926, 268.0810651293977, 57.42801557426853, 7.794298463543061, 324.50486374062297, 324.8103597600651, 85.57155672076836, 289.7566864357259, 90.0723683489178, 304.7135344010425, 254.67805493252658, 13.165787448194035, 272.18077320525737, 132.52286383689668, 10.058363139094809, 375.7323000081362, 279.4879975349992, 149.424716592474, 8.536321291027553, 97.16079733272332, 5.720698492424678, 30.304313025431988, 364.1017540513778, 173.3906851255682, 6.9908721842882535, 111.85223774919439, 360.9310819962465, 301.38093910260613, 51.567758947678236, 65.195431088248]]"
8,"[[(4, 2), (4, 10), (4, 29), (4, 37), (4, 40), (19, 23), (30, 17), (30, 25), (1, 4), (11, 7), (11, 8), (11, 13), (11, 38), (24, 6), (32, 11), (32, 34), (32, 46), (2, 30), (21, 5), (36, 16), (47, 18), (3, 44), (43, 42), (44, 24), (10, 13), (12, 48), (23, 20), (27, 23), (27, 28), (27, 48), (29, 17), (29, 42), (34, 8), (35, 18), (39, 34), (40, 21), (40, 25), (5, 19), (38, 28), (38, 32), (18, 5), (18, 6), (18, 27), (18, 33), (31, 10), (7, 16), (22, 19), (13, 2), (13, 3), (13, 11), (13, 36), (28, 39), (17, 11), (17, 38), (17, 43), (14, 49), (45, 32), (41, 31)]]","[[4.6879156126624615, 83.74922725813106, 130.50321668092732, 298.93584919803317, 291.6928148321301, 21.515571292366236, 65.55234207726937, 86.09674415743734, 1.9239904322888528, 74.47825535942017, 33.24867547527203, 5.659971966014786, 308.5996895947045, 400.4458726712759, 130.39481249065784, 11.545144171532026, 282.95789403807146, 67.69076416397473, 438.54920024701795, 667.413984819369, 289.4438309265397, 354.62045931807705, 6.828739102509482, 48.18338797647055, 5.402517200718494, 196.68862652401043, 48.55928059015595, 55.319239322575505, 0.6266850960231292, 259.93364312750737, 66.07445079196569, 9.507464407140295, 388.8340939432895, 310.0798355003269, 86.77005917880703, 198.25150917412358, 88.08845456222645, 218.9019709940939, 238.91233436931128, 5.991422671378178, 91.7371975216867, 267.8046542145087, 5.030852292616522, 226.3212391524459, 313.84939320221247, 151.71802176278842, 9.437178528882672, 148.3124077892829, 4.420026275487307, 17.943735927077263, 293.5155183919031, 100.8504310466046, 5.269132080759835, 16.607052562811347, 360.58936927787386, 67.27321789173591, 120.29415610510645, 56.97713766795502]]"
9,"[[(4, 2), (4, 10), (4, 29), (4, 37), (4, 40), (19, 23), (30, 17), (30, 25), (1, 4), (11, 7), (11, 8), (11, 13), (11, 38), (24, 6), (32, 11), (32, 34), (32, 46), (2, 30), (21, 5), (36, 16), (47, 18), (3, 44), (43, 42), (44, 24), (10, 13), (12, 48), (23, 20), (27, 23), (27, 28), (27, 48), (29, 17), (29, 42), (34, 8), (35, 18), (39, 34), (40, 21), (40, 25), (5, 19), (38, 28), (38, 32), (18, 5), (18, 6), (18, 27), (18, 33), (31, 10), (7, 16), (22, 19), (13, 2), (13, 3), (13, 11), (13, 36), (28, 39), (17, 11), (17, 38), (17, 43), (14, 49), (45, 32), (41, 31)]]","[[15.483745823118822, 95.95371929106362, 143.95786493568437, 405.4824866521715, 350.4345023187825, 21.27484466141805, 57.93361364874281, 90.74283580359597, 0.2665432148821256, 72.54605101167479, 44.36965289549827, 15.74418499941695, 303.3502980942571, 459.9982465907741, 131.6579855320456, 7.885785892475492, 309.1426748508198, 65.71560170699038, 48.57804385004164, 235.20466863378013, 262.4965025013082, 557.5113659333585, 4.004324766090747, 95.447701121205, 3.4450255437997876, 203.2232263491315, 35.400893824179335, 71.40233225928195, 12.886506008149935, 270.0416543071233, 109.6881428898298, 17.238922496913126, 417.03243582648565, 204.00292989487318, 86.53581419122183, 168.38715534547055, 37.75549757781236, 60.92189754824115, 253.6987769795799, 49.9030029908248, 140.43961764690798, 127.73441335372524, 6.028951920190988, 348.02070032890873, 182.30206854162714, 132.69881117605559, 12.334447154420214, 111.6116915467964, 5.8270138457430445, 14.668782027503669, 317.0446687098094, 140.79707940009723, 8.671651460643119, 97.96964113059833, 330.75739632584254, 284.16401988342704, 77.94109393867163, 57.00754691683687]]"
10,"[[(4, 2), (4, 10), (4, 29), (4, 37), (4, 40), (19, 23), (30, 17), (30, 25), (1, 4), (11, 7), (11, 8), (11, 13), (11, 38), (24, 6), (32, 11), (32, 34), (32, 46), (2, 30), (21, 5), (36, 16), (47, 18), (3, 44), (43, 42), (44, 24), (10, 13), (12, 48), (23, 20), (27, 23), (27, 28), (27, 48), (29, 17), (29, 42), (34, 8), (35, 18), (39, 34), (40, 21), (40, 25), (5, 19), (38, 28), (38, 32), (18, 5), (18, 6), (18, 27), (18, 33), (31, 10), (7, 16), (22, 19), (13, 2), (13, 3), (13, 11), (13, 36), (28, 39), (17, 11), (17, 38), (17, 43), (14, 49), (45, 32), (41, 31)]]","[[8.404028226367895, 101.34042085605061, 106.0275808939298, 452.3586923756276, 396.49656822853103, 20.237005624404553, 87.27235772613506, 75.77197735779453, 1.6298669977419578, 35.66065049312066, 70.74316041746522, 26.421569820797828, 256.8705337233694, 325.3445936946092, 203.6415885694576, 8.575658343935556, 132.80557190767007, 70.33876874315342, 78.1997278739664, 106.44620373434923, 300.8557981161001, 201.1346021404197, 1.2765444009562692, 108.16923822736851, 3.3354044809216576, 311.61450983308805, 16.85216639497615, 63.50311551646074, 3.11156373475937, 262.58412023958397, 109.1792736991187, 16.15205242024812, 300.06217562852066, 330.4899958120451, 85.04001313371425, 304.5720285603803, 10.367041365240695, 364.5999105614692, 198.23991216712608, 61.564453272011775, 243.61432707566792, 228.67173189376652, 3.838702705564594, 315.516290913589, 105.3979090953031, 152.50391521835488, 14.966361344716605, 118.3189928385006, 5.018466876646416, 23.966254402356906, 318.2212559745804, 204.3790101134241, 9.33868433156185, 56.959619287691204, 303.283008346262, 242.278817729192, 122.15684324624635, 66.68138642239448]]"
11,"[[(4, 2), (4, 10), (4, 29), (4, 37), (4, 40), (19, 23), (30, 17), (30, 25), (1, 4), (11, 7), (11, 8), (11, 13), (11, 38), (24, 6), (32, 11), (32, 34), (32, 46), (2, 30), (21, 5), (36, 16), (47, 18), (3, 44), (43, 42), (44, 24), (10, 13), (12, 48), (23, 20), (27, 23), (27, 28), (27, 48), (29, 17), (29, 42), (34, 8), (35, 18), (39, 34), (40, 21), (40, 25), (5, 19), (38, 28), (38, 32), (18, 5), (18, 6), (18, 27), (18, 33), (31, 10), (7, 16), (22, 19), (13, 2), (13, 3), (13, 11), (13, 36), (28, 39), (17, 11), (17, 38), (17, 43), (14, 49), (45, 32), (41, 31)]]","[[14.295791840790177, 100.53120646778419, 124.7798598061186, 233.29582611588154, 373.2152425492195, 22.938918219973804, 57.21275124951976, 87.80352493744005, 0.5782325902196086, 71.93363584639815, 70.98384859387019, 8.318391793369267, 297.79584256543876, 472.0292393665453, 229.14939833252143, 10.585468976816193, 63.54763122619947, 132.15335595993207, 29.020716701969157, 174.7902826698219, 67.09168029233885, 662.0675144308831, 6.371900356580566, 258.79439002540056, 16.542840804685685, 264.36397148293963, 20.181726820868672, 59.14034750632813, 17.068587994251345, 267.73540521139165, 113.35516845098371, 8.858073017573998, 220.3444290788943, 233.63646130318924, 85.02634150441378, 318.04260321650105, 126.80360277610322, 56.84543279305328, 131.8708560078356, 42.617378938563114, 112.13201611275532, 214.8437034571631, 9.950429089049958, 335.3167321921181, 229.63964249561144, 161.6764779072782, 12.761620546867762, 59.39812504466167, 5.949620366897293, 28.938990135696418, 290.4779943921842, 174.61066629019334, 6.446077206242057, 162.8565330596141, 324.7779647065239, 230.96163952379405, 93.1053485293765, 66.20677406284871]]"
12,"[[(4, 2), (4, 10), (4, 29), (4, 37), (4, 40), (19, 23), (30, 17), (30, 25), (1, 4), (11, 7), (11, 8), (11, 13), (11, 38), (24, 6), (32, 11), (32, 34), (32, 46), (2, 30), (21, 5), (36, 16), (47, 18), (3, 44), (43, 42), (44, 24), (10, 13), (12, 48), (23, 20), (27, 23), (27, 28), (27, 48), (29, 17), (29, 42), (34, 8), (35, 18), (39, 34), (40, 21), (40, 25), (5, 19), (38, 28), (38, 32), (18, 5), (18, 6), (18, 27), (18, 33), (31, 10), (7, 16), (22, 19), (13, 2), (13, 3), (13, 11), (13, 36), (28, 39), (17, 11), (17, 38), (17, 43), (14, 49), (45, 32), (41, 31)]]","[[1.6094168234460486, 94.34839030718511, 123.9879392848905, 614.7464769476474, 217.86926018920175, 22.243225633285455, 67.2535206040759, 85.89423306053065, 1.0872196477262575, 52.328689648704156, 43.30330516249457, 6.224749200368283, 256.5450748521075, 210.96633058986922, 131.1137066302869, 10.750928235437833, 263.9092657147768, 188.42737752403835, 169.27784678961132, 62.811787887252514, 179.43706548343948, 228.79150508143894, 4.163649621906849, 253.00427867461454, 4.532331300759427, 153.90184489778676, 37.35841715288929, 56.869426706856736, 6.885967283384616, 273.6197974350714, 87.29806606320835, 12.626748177793008, 298.1935797101636, 230.8097362131947, 85.45442026781059, 420.71962470221007, 87.61060592586108, 208.31893562153198, 150.62982520947685, 48.053729990570076, 111.03727709650975, 242.90544031175935, 7.890480379094229, 190.55404140629224, 119.53124817675129, 162.12532910398085, 14.574418047538973, 38.72940080370366, 5.051175053202541, 33.36896029963553, 341.7098026796936, 169.66517880139924, 6.9576826912279675, 59.820280526605764, 293.7009071606779, 246.67795757842413, 63.04426523454333, 61.74054115317252]]"
13,"[[(4, 2), (4, 10), (4, 29), (4, 37), (4, 40), (19, 23), (30, 17), (30, 25), (1, 4), (11, 7), (11, 8), (11, 13), (11, 38), (24, 6), (32, 11), (32, 34), (32, 46), (2, 30), (21, 5), (36, 16), (47, 18), (3, 44), (43, 42), (44, 24), (10, 13), (12, 48), (23, 20), (27, 23), (27, 28), (27, 48), (29, 17), (29, 42), (34, 8), (35, 18), (39, 34), (40, 21), (40, 25), (5, 19), (38, 28), (38, 32), (18, 5), (18, 6), (18, 27), (18, 33), (31, 10), (7, 16), (22, 19), (13, 2), (13, 3), (13, 11), (13, 36), (28, 39), (17, 11), (17, 38), (17, 43), (14, 49), (45, 32), (41, 31)]]","[[6.49478886927143, 99.98833627844411, 178.89741293106601, 322.00752140522513, 290.5661565690926, 22.37638950912524, 71.73056349905588, 86.18471177326651, 0.14818999598188753, 54.31259732498809, 66.54194611634864, 22.429420872595692, 313.50525226678326, 468.68348833688987, 155.55162270235752, 7.187288428366665, 217.47297121249696, 156.84678694939706, 289.6997251061052, 65.73917330913635, 265.8724184734895, 439.5796863596023, 6.424386316240833, 154.74531237404057, 13.880638726697152, 290.3909287070114, 42.217606997172126, 56.56373068895128, 2.562519842700495, 272.73575571951034, 63.465876977297754, 12.515774215786792, 185.61895959776902, 312.51151261489093, 85.48502235773577, 194.0799490974396, 126.81523172198546, 182.14872710564654, 196.75722727126663, 47.828648158246885, 95.13132320988437, 268.4973811436156, 9.632685969475935, 85.60321408697436, 138.11378984994693, 152.10668289638227, 17.09531674515759, 87.18875257076714, 4.36071460378576, 15.880708970792817, 319.9812504042186, 165.2719216012602, 8.431025103396905, 5.098599384581963, 217.74735065368702, 228.1037462429809, 133.51621630358807, 69.81030698372247]]"
14,"[[(4, 2), (4, 10), (4, 29), (4, 37), (4, 40), (19, 23), (30, 17), (30, 25), (1, 4), (11, 7), (11, 8), (11, 13), (11, 38), (24, 6), (32, 11), (32, 34), (32, 46), (2, 30), (21, 5), (36, 16), (47, 18), (3, 44), (43, 42), (44, 24), (10, 13), (12, 48), (23, 20), (27, 23), (27, 28), (27, 48), (29, 17), (29, 42), (34, 8), (35, 18), (39, 34), (40, 21), (40, 25), (5, 19), (38, 28), (38, 32), (18, 5), (18, 6), (18, 27), (18, 33), (31, 10), (7, 16), (22, 19), (13, 2), (13, 3), (13, 11), (13, 36), (28, 39), (17, 11), (17, 38), (17, 43), (14, 49), (45, 32), (41, 31)]]","[[11.473880430117752, 89.5213220920046, 184.8345973389244, 232.72552818853015, 451.2158115276883, 20.544317485499764, 62.05889351839579, 67.31509957420097, 1.7063899828487155, 82.92826394036734, 48.70013966072658, 15.319379498377833, 312.06449534687215, 434.35186474725106, 160.655534547458, 6.476055588271395, 339.5748199393014, 179.8180238355327, 235.12652148858533, 254.77989247448065, 222.65550471476104, 313.43235623855935, 6.9831872296161395, 227.64832557110583, 13.999059646085952, 254.85807268329296, 49.33695902515595, 64.65949668361404, 3.8164282551995816, 266.0612509498404, 59.36795807543381, 7.659200849660747, 344.02370504580205, 271.704430074972, 85.87967199211475, 313.40026934759686, 39.82844644455159, 324.0105165297679, 260.9765816328536, 44.82527157842282, 312.5428431616743, 146.45327761377789, 10.923598087488118, 280.9954969414955, 84.15510784302552, 147.10591739049755, 17.3787251259527, 67.10260554538074, 4.668772227117168, 30.7798408424883, 320.4091656484659, 121.57293239702506, 5.90890397622797, 26.436405677857813, 284.6005565219682, 224.40762305330435, 44.97267728291306, 55.02846870964963]]"
15,"[[(4, 2), (4, 10), (4, 29), (4, 37), (4, 40), (19, 23), (30, 17), (30, 25), (1, 4), (11, 7), (11, 8), (11, 13), (11, 38), (24, 6), (32, 11), (32, 34), (32, 46), (2, 30), (21, 5), (36, 16), (47, 18), (3, 44), (43, 42), (44, 24), (10, 13), (12, 48), (23, 20), (27, 23), (27, 28), (27, 48), (29, 17), (29, 42), (34, 8), (35, 18), (39, 34), (40, 21), (40, 25), (5, 19), (38, 28), (38, 32), (18, 5), (18, 6), (18, 27), (18, 33), (31, 10), (7, 16), (22, 19), (13, 2), (13, 3), (13, 11), (13, 36), (28, 39), (17, 11), (17, 38), (17, 43), (14, 49), (45, 32), (41, 31)]]","[[3.51616163423682, 80.14868306985696, 173.0729937160846, 450.7062537194731, 427.8568113166692, 23.391950808008467, 62.85096840795772, 69.63030373314783, 1.814807309860571, 47.126826653057556, 64.67703110525332, 22.827144134692137, 214.72993335303886, 360.40369639191374, 243.27775568470938, 10.209054755205297, 229.95798519574748, 42.55298637205586, 135.12222574960632, 143.5817776377715, 147.99412977129154, 731.215651477366, 3.6383613990641184, 202.51630212867857, 3.541037534009896, 323.074922885015, 50.66179348004299, 55.79726872648802, 4.817806010131736, 269.9472546928186, 128.86081715882386, 5.470700429245204, 206.55177493559083, 300.0969125003096, 85.46586181705848, 415.24669965119983, 14.98041397519543, 224.41631678083218, 163.58342908818926, 36.100843054766, 238.7527623370552, 180.94076737269893, 9.900216223985856, 91.77573588002993, 270.0894670716404, 134.35601703040425, 12.241904676581946, 33.52885473446688, 5.917131009755279, 27.258474882769587, 311.3319395102487, 145.62968494477025, 6.516582231137592, 138.7114017534652, 297.2295560188908, 112.49636328667094, 57.949721830317024, 59.6980512660826]]"
16,"[[(4, 2), (4, 10), (4, 29), (4, 37), (4, 40), (19, 23), (30, 17), (30, 25), (1, 4), (11, 7), (11, 8), (11, 13), (11, 38), (24, 6), (32, 11), (32, 34), (32, 46), (2, 30), (21, 5), (36, 16), (47, 18), (3, 44), (43, 42), (44, 24), (10, 13), (12, 48), (23, 20), (27, 23), (27, 28), (27, 48), (29, 17), (29, 42), (34, 8), (35, 18), (39, 34), (40, 21), (40, 25), (5, 19), (38, 28), (38, 32), (18, 5), (18, 6), (18, 27), (18, 33), (31, 10), (7, 16), (22, 19), (13, 2), (13, 3), (13, 11), (13, 36), (28, 39), (17, 11), (17, 38), (17, 43), (14, 49), (45, 32), (41, 31)]]","[[5.9977977835460194, 90.47082058229842, 168.47367749717267, 395.34095667295867, 330.4337962330882, 20.44808147944667, 74.50354873851902, 88.29371699746665, 0.16801319902339218, 55.64101553561361, 58.792240003516, 21.711975503661566, 291.69029043253283, 188.42977775584922, 233.63171463982084, 9.976710626612252, 298.64212393275284, 106.21742142392766, 365.7213859587345, 528.6568071732395, 67.84428978862775, 728.6938826181278, 1.9865582494602392, 196.74609560035117, 5.517024203564264, 292.97554241536403, 50.96794317000548, 61.76455026820654, 5.176776994839127, 261.1902773023437, 60.19959388047933, 18.799328573760427, 322.19807128703087, 385.4901060754351, 86.84410140675838, 315.10946091119524, 23.81730352993869, 298.32146114159116, 140.82680028975136, 32.638472365136806, 86.66045965599083, 209.55435394908798, 10.385461423258334, 269.20061613957284, 276.10438300787456, 143.23733646734456, 18.373504904535004, 148.13416017395366, 4.477805099294069, 24.794355003459486, 359.48105925146535, 122.18852625201191, 6.219440130487126, 159.63068389209178, 317.29913632218495, 90.93487062825298, 89.00688221365736, 65.15130663541008]]"
17,"[[(4, 2), (4, 10), (4, 29), (4, 37), (4, 40), (19, 23), (30, 17), (30, 25), (1, 4), (11, 7), (11, 8), (11, 13), (11, 38), (24, 6), (32, 11), (32, 34), (32, 46), (2, 30), (21, 5), (36, 16), (47, 18), (3, 44), (43, 42), (44, 24), (10, 13), (12, 48), (23, 20), (27, 23), (27, 28), (27, 48), (29, 17), (29, 42), (34, 8), (35, 18), (39, 34), (40, 21), (40, 25), (5, 19), (38, 28), (38, 32), (18, 5), (18, 6), (18, 27), (18, 33), (31, 10), (7, 16), (22, 19), (13, 2), (13, 3), (13, 11), (13, 36), (28, 39), (17, 11), (17, 38), (17, 43), (14, 49), (45, 32), (41, 31)]]","[[5.078161043823513, 85.4363822559262, 172.04267329237658, 346.5633471717759, 210.31767534560328, 23.522663584713907, 69.06887137322812, 75.47026335295145, 1.337797399953506, 84.1750814328777, 71.39058876176192, 4.856869552005082, 242.53304830433055, 436.5231548987309, 127.38542087547393, 4.099129789881321, 159.52863169027825, 135.98055453201906, 307.53600905945444, 732.8825888755715, 183.2620418898248, 313.66634997637766, 5.715358490188314, 136.86038098246684, 6.523720213688593, 352.3721711788502, 45.47367313670465, 62.26068583442501, 9.425463890879293, 272.25756580596897, 55.09093093852688, 16.474638424603334, 304.1811440911252, 294.2930481833191, 85.32802123916647, 82.85847166107456, 138.4605389150813, 166.9320801005033, 169.48553383571542, 4.833849318539912, 180.75144268559973, 217.97016643535818, 6.646798287482187, 40.594102292716826, 169.75708058365433, 138.93046300940173, 14.439099345101958, 81.39595566873217, 5.677980803988687, 21.28010780436341, 301.82082680046256, 168.87503917797648, 7.103650450679274, 100.85534191130618, 298.08062195650245, 194.87104673665175, 115.48226357213167, 61.23068103018105]]"
18,"[[(4, 2), (4, 10), (4, 29), (4, 37), (4, 40), (19, 23), (30, 17), (30, 25), (1, 4), (11, 7), (11, 8), (11, 13), (11, 38), (24, 6), (32, 11), (32, 34), (32, 46), (2, 30), (21, 5), (36, 16), (47, 18), (3, 44), (43, 42), (44, 24), (10, 13), (12, 48), (23, 20), (27, 23), (27, 28), (27, 48), (29, 17), (29, 42), (34, 8), (35, 18), (39, 34), (40, 21), (40, 25), (5, 19), (38, 28), (38, 32), (18, 5), (18, 6), (18, 27), (18, 33), (31, 10), (7, 16), (22, 19), (13, 2), (13, 3), (13, 11), (13, 36), (28, 39), (17, 11), (17, 38), (17, 43), (14, 49), (45, 32), (41, 31)]]","[[1.748611062413966, 79.44084254771529, 106.4975356648892, 540.1586993403807, 258.71343894265186, 22.133889286364937, 55.41540215380471, 83.55151287155626, 1.9885785845863533, 46.52625571943614, 62.8334121696879, 19.304336413159312, 295.28517228269504, 279.18047890598496, 135.94020106601042, 4.6905984804293075, 97.05399506589877, 179.9698200019415, 95.26451046816737, 454.7518647752568, 140.5315348881307, 545.5138781917094, 6.649007750180715, 213.4785767969705, 14.3363714016699, 406.86020652421223, 31.668008594780822, 61.00205324410791, 9.148917046210585, 261.6124491092303, 105.08516618803239, 8.854839411764889, 200.17887338576253, 227.0871878911442, 85.45366106468566, 408.9030390158945, 111.17886650181009, 83.16385103862679, 280.93232479225406, 16.135903303560674, 241.59072154239172, 135.32418241858267, 10.107925431760899, 182.4947515159693, 167.45979160275627, 161.0523445841862, 12.554551584515318, 68.69404030505817, 5.045218858048925, 13.75732702568035, 319.29691164827335, 105.30782629992837, 5.5558666842613516, 150.38381002799102, 376.7917539860175, 297.2975583817398, 126.9695905226074, 61.343972236636525]]"
19,"[[(4, 2), (4, 10), (4, 29), (4, 37), (4, 40), (19, 23), (30, 17), (30, 25), (1, 4), (11, 7), (11, 8), (11, 13), (11, 38), (24, 6), (32, 11), (32, 34), (32, 46), (2, 30), (21, 5), (36, 16), (47, 18), (3, 44), (43, 42), (44, 24), (10, 13), (12, 48), (23, 20), (27, 23), (27, 28), (27, 48), (29, 17), (29, 42), (34, 8), (35, 18), (39, 34), (40, 21), (40, 25), (5, 19), (38, 28), (38, 32), (18, 5), (18, 6), (18, 27), (18, 33), (31, 10), (7, 16), (22, 19), (13, 2), (13, 3), (13, 11), (13, 36), (28, 39), (17, 11), (17, 38), (17, 43), (14, 49), (45, 32), (41, 31)]]","[[1.3724850847001502, 80.76540645195092, 84.24809782520127, 530.1169986853531, 360.56398962199694, 23.82198356329333, 60.076272385495194, 71.89270726745245, 1.7705765928861876, 40.22786274379534, 31.679957694498405, 18.925956025636832, 254.49524143969822, 360.39400993351524, 224.90099092888698, 9.270716344177789, 93.56933515153241, 68.57945686631501, 352.8849027753508, 539.5692127904073, 144.8912568737239, 616.0060872770722, 3.4798088964741853, 186.01061843995134, 1.5655258091167634, 371.97401473742923, 36.5081690741406, 68.26252353482249, 21.508093284044165, 266.8511119876874, 91.9279852862609, 15.5430280209572, 364.0734927383882, 245.14534771843236, 86.91225934871595, 116.20215824892597, 131.41785951593306, 106.69206054539748, 133.22658744647987, 39.78157743713932, 147.4436519593866, 215.0369728513482, 10.026580313971344, 321.8057246741508, 140.2287654174135, 137.1478781997905, 5.688112600915517, 91.57339108997178, 4.293943021779964, 23.70367554608375, 297.5010551914732, 165.8586061211543, 6.856476767957133, 100.59459132151808, 258.6213230392157, 225.23909017053597, 28.627078112678365, 61.87187667421073]]"
20,"[[(4, 2), (4, 10), (4, 29), (4, 37), (4, 40), (19, 23), (30, 17), (30, 25), (1, 4), (11, 7), (11, 8), (11, 13), (11, 38), (24, 6), (32, 11), (32, 34), (32, 46), (2, 30), (21, 5), (36, 16), (47, 18), (3, 44), (43, 42), (44, 24), (10, 13), (12, 48), (23, 20), (27, 23), (27, 28), (27, 48), (29, 17), (29, 42), (34, 8), (35, 18), (39, 34), (40, 21), (40, 25), (5, 19), (38, 28), (38, 32), (18, 5), (18, 6), (18, 27), (18, 33), (31, 10), (7, 16), (22, 19), (13, 2), (13, 3), (13, 11), (13, 36), (28, 39), (17, 11), (17, 38), (17, 43), (14, 49), (45, 32), (41, 31)]]","[[0.6906372319463401, 99.80280533692556, 138.91190117396215, 447.85451914194687, 220.03115860456762, 22.137856872750262, 77.20417324368336, 68.19035327307648, 1.1842339203115695, 28.75580178959389, 62.10415487353316, 4.98630361694963, 247.17244799278092, 434.5349925682916, 251.20517531255598, 5.560066238306233, 283.7517640022486, 60.308317804588256, 277.9418470087524, 521.4539569444186, 271.32800672751364, 557.216227835482, 3.048362315580361, 182.60219118037367, 5.479520153665794, 328.51086764928573, 35.00657100012174, 62.82592564294402, 15.755161692839287, 272.959262199941, 107.09097563566428, 4.8384133058861085, 233.61356645648831, 385.01564357438804, 85.03253304106417, 83.45090962918363, 123.82271317502706, 91.42776952261461, 277.49376644611107, 42.151740839385795, 154.93452090020128, 210.03185884287933, 8.533467294961259, 185.43472970314392, 209.79181318971274, 148.37139647990347, 12.438227064126577, 149.0610912439169, 5.133931897729016, 30.96340969624753, 289.89318306073056, 106.52126800689045, 5.187237441795365, 138.9572506373048, 380.87606096891557, 204.22743200403278, 114.536170489564, 68.55209680131208]]"
21,"[[(4, 2), (4, 10), (4, 29), (4, 37), (4, 40), (19, 23), (30, 17), (30, 25), (1, 4), (11, 7), (11, 8), (11, 13), (11, 38), (24, 6), (32, 11), (32, 34), (32, 46), (2, 30), (21, 5), (36, 16), (47, 18), (3, 44), (43, 42), (44, 24), (10, 13), (12, 48), (23, 20), (27, 23), (27, 28), (27, 48), (29, 17), (29, 42), (34, 8), (35, 18), (39, 34), (40, 21), (40, 25), (5, 19), (38, 28), (38, 32), (18, 5), (18, 6), (18, 27), (18, 33), (31, 10), (7, 16), (22, 19), (13, 2), (13, 3), (13, 11), (13, 36), (28, 39), (17, 11), (17, 38), (17, 43), (14, 49), (45, 32), (41, 31)]]","[[11.85635256278925, 85.53522356413211, 84.93940873062738, 292.2056739345576, 410.07717131275194, 23.347960615846564, 67.0740031405494, 89.53597414340423, 0.11672767157598196, 56.22625041859473, 72.25131758857472, 13.270684315676837, 281.49623865725886, 346.8839491497889, 234.68869206593172, 8.902964799595765, 160.68849244038407, 44.77241907346809, 231.54086931844103, 252.6364100884281, 176.48083883575538, 312.34571730602283, 1.825230541156004, 224.62703602160897, 1.7063356683011115, 234.2622132685779, 41.30926526270798, 67.27457147244658, 7.386378251673145, 272.7059124325077, 118.95816769786907, 10.408363762350847, 339.4614846237887, 287.2147132574969, 86.84085264967202, 415.7729245942142, 116.88617298029517, 227.7500190213865, 282.97706344824803, 30.49309189722817, 266.76866936496106, 117.90462825101905, 9.906294490375497, 368.87696510297656, 300.1772567863467, 138.91438474215676, 6.284955428994145, 121.1872203847405, 5.8110332375136595, 28.58582512323992, 296.4810548948164, 105.60250068393734, 6.508556103333532, 134.49299199629934, 346.8467114680906, 93.81877725753532, 119.63439364628553, 67.87939417125244]]"
22,"[[(4, 2), (4, 10), (4, 29), (4, 37), (4, 40), (19, 23), (30, 17), (30, 25), (1, 4), (11, 7), (11, 8), (11, 13), (11, 38), (24, 6), (32, 11), (32, 34), (32, 46), (2, 30), (21, 5), (36, 16), (47, 18), (3, 44), (43, 42), (44, 24), (10, 13), (12, 48), (23, 20), (27, 23), (27, 28), (27, 48), (29, 17), (29, 42), (34, 8), (35, 18), (39, 34), (40, 21), (40, 25), (5, 19), (38, 28), (38, 32), (18, 5), (18, 6), (18, 27), (18, 33), (31, 10), (7, 16), (22, 19), (13, 2), (13, 3), (13, 11), (13, 36), (28, 39), (17, 11), (17, 38), (17, 43), (14, 49), (45, 32), (41, 31)]]","[[0.5979860429460668, 88.01967353973748, 88.67266038399872, 420.41509139563937, 332.3791191842964, 21.84813837822754, 86.20673579294127, 67.60668301178757, 1.3044815788547541, 81.56526350763727, 61.86792132602125, 18.378032751632936, 310.41141744873744, 316.3054025663763, 240.85693683434135, 10.168701426339474, 106.01592095146012, 184.7159997109406, 426.0048413750062, 360.6011204819396, 233.23564439646836, 531.0742611748251, 4.07755903635217, 117.4749324206708, 14.374904720347892, 224.42798473695012, 49.559332084247984, 72.25004666175403, 12.63357804726514, 275.7704327912323, 65.29705919962284, 15.767565490431732, 291.3671269092522, 339.18950118849625, 85.25003915559743, 415.59882260392084, 68.17953654336027, 379.4102713852159, 257.649334130694, 21.786717425565595, 89.38092884093477, 271.940559490747, 3.2804837760778023, 313.17803043724183, 98.20546942217351, 149.42948794196576, 5.641436408564099, 94.48136440164659, 5.807438278020186, 8.631038208217753, 347.9927718292183, 113.20946560491464, 7.337102525467604, 142.62031350671634, 268.10426217617487, 198.14790344386142, 29.483914848346153, 57.766212705223566]]"
23,"[[(4, 2), (4, 10), (4, 29), (4, 37), (4, 40), (19, 23), (30, 17), (30, 25), (1, 4), (11, 7), (11, 8), (11, 13), (11, 38), (24, 6), (32, 11), (32, 34), (32, 46), (2, 30), (21, 5), (36, 16), (47, 18), (3, 44), (43, 42), (44, 24), (10, 13), (12, 48), (23, 20), (27, 23), (27, 28), (27, 48), (29, 17), (29, 42), (34, 8), (35, 18), (39, 34), (40, 21), (40, 25), (5, 19), (38, 28), (38, 32), (18, 5), (18, 6), (18, 27), (18, 33), (31, 10), (7, 16), (22, 19), (13, 2), (13, 3), (13, 11), (13, 36), (28, 39), (17, 11), (17, 38), (17, 43), (14, 49), (45, 32), (41, 31)]]","[[9.5916552118668, 82.54410236457092, 96.61050829227241, 500.794336607042, 204.05826867144157, 21.819216909313912, 78.90118792879076, 74.11081654449643, 1.498421557807662, 31.28546196719804, 57.27946710110291, 26.80514037898937, 223.8396695488024, 338.87553221847384, 170.6645253584917, 5.420663637019775, 61.54952244469868, 78.47599716645949, 228.7152572199096, 142.43298841245715, 132.76938604765124, 293.87793014820585, 2.8391614649522126, 162.3905516339664, 10.50798404355418, 141.03947570323714, 22.410710900542995, 60.311878473816414, 6.534924656685456, 267.34555240810204, 65.6120482746019, 13.9001234794393, 321.40489465060864, 209.94901279203668, 85.27117848441281, 56.86621231609417, 17.849684910118263, 343.7505353001881, 267.653042106985, 53.67633737633123, 261.56455027601805, 152.12803043815074, 6.9075783649676055, 72.32723368907662, 125.69617040501981, 146.29610978213768, 20.548237305543395, 150.37637581484637, 5.510810423057879, 35.577369026621206, 314.972337570803, 114.49340133851688, 7.754917362032548, 69.46120045654723, 236.99577902072417, 108.98439071022995, 42.65816075009566, 58.18828455242499]]"
24,"[[(4, 2), (4, 10), (4, 29), (4, 37), (4, 40), (19, 23), (30, 17), (30, 25), (1, 4), (11, 7), (11, 8), (11, 13), (11, 38), (24, 6), (32, 11), (32, 34), (32, 46), (2, 30), (21, 5), (36, 16), (47, 18), (3, 44), (43, 42), (44, 24), (10, 13), (12, 48), (23, 20), (27, 23), (27, 28), (27, 48), (29, 17), (29, 42), (34, 8), (35, 18), (39, 34), (40, 21), (40, 25), (5, 19), (38, 28), (38, 32), (18, 5), (18, 6), (18, 27), (18, 33), (31, 10), (7, 16), (22, 19), (13, 2), (13, 3), (13, 11), (13, 36), (28, 39), (17, 11), (17, 38), (17, 43), (14, 49), (45, 32), (41, 31)]]","[[12.829613876214669, 83.7511594155364, 139.04270867575443, 296.3726914304509, 223.88140687569648, 22.200131377295534, 87.2853903839085, 84.61910367881359, 1.687785666910395, 73.6079096593713, 70.42933692243494, 19.598019029835918, 226.6639497335272, 460.8692924811078, 143.77597915790597, 11.234174240845038, 338.8008568265377, 162.65984571079468, 92.66846826228078, 186.50468131368157, 98.0917787255201, 302.12373252129214, 1.0279441288234676, 196.47958954217185, 6.360853290388052, 348.6134912433956, 19.906253729518752, 52.54269021925013, 2.5678730260585088, 275.0778981574747, 68.19119168802423, 14.439586989777526, 308.0202182560563, 226.33578419465806, 85.02510207784573, 414.7765139660962, 129.16882115969673, 262.1202900816777, 123.51470493678761, 42.79581062553513, 102.23684868352022, 124.13783516460313, 6.293324875928462, 178.64970671578916, 123.83352935880782, 137.53638121821172, 9.75634077343812, 73.76174093317852, 5.6036375024234575, 23.477827161299945, 345.6121041104755, 170.278007004217, 6.33172562720733, 47.51001036507822, 305.1898726519421, 246.15821826944602, 69.17412266023481, 62.521182213900225]]"
25,"[[(4, 2), (4, 10), (4, 29), (4, 37), (4, 40), (19, 23), (30, 17), (30, 25), (1, 4), (11, 7), (11, 8), (11, 13), (11, 38), (24, 6), (32, 11), (32, 34), (32, 46), (2, 30), (21, 5), (36, 16), (47, 18), (3, 44), (43, 42), (44, 24), (10, 13), (12, 48), (23, 20), (27, 23), (27, 28), (27, 48), (29, 17), (29, 42), (34, 8), (35, 18), (39, 34), (40, 21), (40, 25), (5, 19), (38, 28), (38, 32), (18, 5), (18, 6), (18, 27), (18, 33), (31, 10), (7, 16), (22, 19), (13, 2), (13, 3), (13, 11), (13, 36), (28, 39), (17, 11), (17, 38), (17, 43), (14, 49), (45, 32), (41, 31)]]","[[14.773305761801993, 81.12728769759703, 203.01695127333184, 250.26579880728912, 294.3524731074126, 22.703053785053047, 66.6178080072838, 67.92298374638311, 1.271395005825851, 75.38754567243905, 44.59776339398414, 21.72849410401113, 248.99631814462919, 348.42073878340136, 174.59122841197768, 8.7266610698309, 329.09310418756854, 116.55385491594022, 343.4794711984344, 559.1026109569585, 281.1186143424908, 256.8417093551451, 2.6212985713961867, 198.70752524313937, 7.779222085690116, 371.58119111733356, 37.335268766764536, 72.39068439732534, 15.17235271823789, 271.07318451426136, 95.70436768039785, 8.968036190450844, 257.8216075088519, 398.43390239694975, 86.76801281256553, 71.18185247347941, 136.20174176209562, 293.187162960799, 152.22625719246508, 56.1452579003952, 107.56175530580475, 177.81059170752323, 9.743491106655394, 218.82218502846504, 205.9395213658862, 144.36618450938755, 20.57223233979424, 92.43748334723335, 5.319837237685527, 12.315858499191187, 336.7196411528731, 197.14754870097852, 4.672328944107402, 10.1696842894026, 349.73283250561406, 226.22664952152746, 109.93506128742425, 69.37344975488101]]"
26,"[[(4, 2), (4, 10), (4, 29), (4, 37), (4, 40), (19, 23), (30, 17), (30, 25), (1, 4), (11, 7), (11, 8), (11, 13), (11, 38), (24, 6), (32, 11), (32, 34), (32, 46), (2, 30), (21, 5), (36, 16), (47, 18), (3, 44), (43, 42), (44, 24), (10, 13), (12, 48), (23, 20), (27, 23), (27, 28), (27, 48), (29, 17), (29, 42), (34, 8), (35, 18), (39, 34), (40, 21), (40, 25), (5, 19), (38, 28), (38, 32), (18, 5), (18, 6), (18, 27), (18, 33), (31, 10), (7, 16), (22, 19), (13, 2), (13, 3), (13, 11), (13, 36), (28, 39), (17, 11), (17, 38), (17, 43), (14, 49), (45, 32), (41, 31)]]","[[11.33800681460521, 96.82816685941329, 182.05266927546057, 516.4119218237395, 287.1795735758407, 22.921586179363725, 65.4812978784915, 85.2892986769254, 0.4148278424492844, 65.4952369493096, 27.115060512019976, 9.07220582455869, 310.6628339466011, 375.3915012414583, 135.1413515143551, 5.61078632049865, 106.49819377195689, 59.2536729151083, 191.35375560906365, 282.6501544776854, 117.76699613867092, 709.7023313837714, 4.182755630016123, 156.35893400287927, 10.115620628238824, 242.84522511279204, 36.292463373297466, 69.26333307403469, 12.524730359135921, 265.4220691800712, 56.743574515562116, 13.525963340369717, 451.8567045914815, 242.3819578271372, 85.20171193058879, 348.95308343904543, 111.84480725541073, 152.09949423401486, 134.4841713698349, 47.11972652394316, 58.67441294963543, 200.46380255598368, 6.268226857859251, 369.94621866955276, 234.60280356783977, 133.7791339545155, 14.427046288716408, 157.87391088302198, 4.111528995716073, 32.970010653423856, 324.52516811533536, 184.15377288193793, 5.136782149150893, 58.281119338907764, 394.1925018507122, 159.927066595511, 35.429575207652064, 65.02914659351534]]"
27,"[[(4, 2), (4, 10), (4, 29), (4, 37), (4, 40), (19, 23), (30, 17), (30, 25), (1, 4), (11, 7), (11, 8), (11, 13), (11, 38), (24, 6), (32, 11), (32, 34), (32, 46), (2, 30), (21, 5), (36, 16), (47, 18), (3, 44), (43, 42), (44, 24), (10, 13), (12, 48), (23, 20), (27, 23), (27, 28), (27, 48), (29, 17), (29, 42), (34, 8), (35, 18), (39, 34), (40, 21), (40, 25), (5, 19), (38, 28), (38, 32), (18, 5), (18, 6), (18, 27), (18, 33), (31, 10), (7, 16), (22, 19), (13, 2), (13, 3), (13, 11), (13, 36), (28, 39), (17, 11), (17, 38), (17, 43), (14, 49), (45, 32), (41, 31)]]","[[9.97587997223842, 97.58157194118857, 93.38100880976165, 397.38900976247777, 463.80303342385884, 22.464730133422705, 87.45391148373714, 68.58522290781143, 0.4324068493501094, 81.98002442488712, 67.29979721501738, 23.168788773672546, 273.704437705775, 358.5574108971497, 161.7351391922725, 9.09590492644202, 293.2333383729416, 81.48028313253634, 344.83806481747723, 339.56412900416245, 212.2953941128871, 505.6602086688208, 1.138762285408696, 186.61821582417144, 12.60365157549849, 156.78110175964977, 22.10273173658446, 64.35683988306496, 10.5961643320565, 263.11805706260213, 116.37124372137698, 3.9843536141566354, 436.76906935568104, 288.2884745794704, 85.72942648819391, 279.61265694893103, 125.75455860826155, 225.19824533785905, 119.13505539847432, 14.398199246543518, 52.36514694233941, 127.0856597536279, 3.840731330327033, 354.3908374636867, 281.2299767326159, 149.3695584867791, 20.830569917183958, 143.44309353752473, 4.11941197300602, 31.904473749240008, 319.5164340491539, 204.27243202468773, 9.09129176076669, 94.61442499054036, 348.7425015619948, 244.81837939873088, 126.90882922781198, 68.07925239899754]]"
28,"[[(4, 2), (4, 10), (4, 29), (4, 37), (4, 40), (19, 23), (30, 17), (30, 25), (1, 4), (11, 7), (11, 8), (11, 13), (11, 38), (24, 6), (32, 11), (32, 34), (32, 46), (2, 30), (21, 5), (36, 16), (47, 18), (3, 44), (43, 42), (44, 24), (10, 13), (12, 48), (23, 20), (27, 23), (27, 28), (27, 48), (29, 17), (29, 42), (34, 8), (35, 18), (39, 34), (40, 21), (40, 25), (5, 19), (38, 28), (38, 32), (18, 5), (18, 6), (18, 27), (18, 33), (31, 10), (7, 16), (22, 19), (13, 2), (13, 3), (13, 11), (13, 36), (28, 39), (17, 11), (17, 38), (17, 43), (14, 49), (45, 32), (41, 31)]]","[[15.747281256823719, 99.18816921000241, 151.14728835443185, 488.19393049371047, 207.76991385925794, 20.299922161938166, 70.96207124825092, 88.20566487753493, 1.3248713817381446, 47.56741031446345, 47.64701893961198, 21.11306984680218, 292.5767243031254, 293.88275954301344, 189.3235026428186, 5.150239469816735, 127.10621934777515, 169.72223834514998, 438.4517161373556, 709.954260243142, 137.22373342874124, 346.2751781042148, 3.9412716808945825, 69.45639832709868, 2.492328075177727, 144.55259128860348, 51.56215105781356, 65.11987862637424, 9.657705433004029, 269.64097518435386, 92.08479734170828, 14.749232706237144, 340.5702345895666, 274.52588510561293, 86.28406173439082, 210.73823843327003, 36.46696324289039, 384.0933044753829, 100.14849178974256, 54.47809574899926, 69.28972594614595, 95.24559754971816, 5.046597015043643, 346.6158860757108, 325.41990352172087, 161.57113381793232, 10.721184697262784, 89.08558863111773, 4.131594461365175, 21.00197630651548, 286.340135774441, 166.89857570550714, 7.876653661878985, 36.87933275848077, 203.23634489687436, 64.07037789469203, 187.44439850606264, 59.79079876653876]]"
29,"[[(4, 2), (4, 10), (4, 29), (4, 37), (4, 40), (19, 23), (30, 17), (30, 25), (1, 4), (11, 7), (11, 8), (11, 13), (11, 38), (24, 6), (32, 11), (32, 34), (32, 46), (2, 30), (21, 5), (36, 16), (47, 18), (3, 44), (43, 42), (44, 24), (10, 13), (12, 48), (23, 20), (27, 23), (27, 28), (27, 48), (29, 17), (29, 42), (34, 8), (35, 18), (39, 34), (40, 21), (40, 25), (5, 19), (38, 28), (38, 32), (18, 5), (18, 6), (18, 27), (18, 33), (31, 10), (7, 16), (22, 19), (13, 2), (13, 3), (13, 11), (13, 36), (28, 39), (17, 11), (17, 38), (17, 43), (14, 49), (45, 32), (41, 31)]]","[[8.722325655739924, 85.76480526181253, 114.55391486708581, 483.1058107497623, 357.6873254224437, 22.55985061534731, 65.2753904942229, 67.25276823542117, 0.09962753458699902, 43.98896444418396, 65.70832867845971, 8.38150060225031, 314.6337176042415, 444.67253407857004, 218.32191762090523, 8.821130261088186, 174.8169837489079, 92.06464435321209, 381.03358650242683, 713.9042420004254, 110.31678201412727, 147.58907803558088, 2.8096550216060585, 237.23009097640926, 10.383536326763284, 293.8169374369603, 26.14802136135555, 60.02918939132084, 6.159623555415388, 267.40934333667474, 55.854677064847195, 16.365261192771495, 450.9056973839068, 218.06457943064788, 85.81407763431503, 289.9279401945526, 87.31492097649364, 358.94747265392056, 234.1077962026153, 12.638111329622342, 232.14228550975628, 167.43162905953736, 3.3515326424697065, 370.1066432195646, 162.89333655742809, 148.85360331111733, 11.93147611973645, 84.13300959351255, 5.183062634212279, 6.229465449424487, 311.9377775564403, 196.78797853146807, 9.917187377324503, 152.34377667374116, 294.19711593988666, 107.21847129108104, 63.03749921486679, 63.37245418629524]]"
30,"[[(4, 2), (4, 10), (4, 29), (4, 37), (4, 40), (19, 23), (30, 17), (30, 25), (1, 4), (11, 7), (11, 8), (11, 13), (11, 38), (24, 6), (32, 11), (32, 34), (32, 46), (2, 30), (21, 5), (36, 16), (47, 18), (3, 44), (43, 42), (44, 24), (10, 13), (12, 48), (23, 20), (27, 23), (27, 28), (27, 48), (29, 17), (29, 42), (34, 8), (35, 18), (39, 34), (40, 21), (40, 25), (5, 19), (38, 28), (38, 32), (18, 5), (18, 6), (18, 27), (18, 33), (31, 10), (7, 16), (22, 19), (13, 2), (13, 3), (13, 11), (13, 36), (28, 39), (17, 11), (17, 38), (17, 43), (14, 49), (45, 32), (41, 31)]]","[[5.4608788328934015, 96.2607682474989, 198.56376606315501, 343.30902916628963, 320.54952817317263, 20.61683407794649, 57.57219456813096, 70.7347360801513, 1.6210615598563511, 79.2357906779491, 34.855479670745645, 22.743392581370983, 295.45247281388873, 376.9357970616537, 227.49579919883934, 8.312849350355371, 81.36183173028856, 40.16778871795458, 220.657445813096, 660.0943586534055, 199.51151438140752, 376.96667039655676, 3.155660813399358, 41.40051098674404, 1.1659834796663853, 209.5955323615085, 14.787520350559838, 58.05008328229363, 0.06609030874487076, 268.7675090183126, 86.79191384749511, 7.152301579095704, 301.2702326125382, 357.866691127197, 86.27386114620707, 241.96528704504803, 37.270546716348754, 162.60809895831392, 222.59397933514697, 46.04061957659991, 258.00452713992433, 114.04222035865473, 7.545981737972501, 178.4814390599732, 283.597024052097, 131.7971852339549, 9.492508992727972, 46.575914773233215, 5.545165251545733, 9.298104604117444, 302.5848642243948, 194.7977208642924, 6.823568208967323, 165.73262952314917, 227.56578486147015, 64.57239452245884, 188.49975173613385, 55.05523505804453]]"
31,"[[(4, 2), (4, 10), (4, 29), (4, 37), (4, 40), (19, 23), (30, 17), (30, 25), (1, 4), (11, 7), (11, 8), (11, 13), (11, 38), (24, 6), (32, 11), (32, 34), (32, 46), (2, 30), (21, 5), (36, 16), (47, 18), (3, 44), (43, 42), (44, 24), (10, 13), (12, 48), (23, 20), (27, 23), (27, 28), (27, 48), (29, 17), (29, 42), (34, 8), (35, 18), (39, 34), (40, 21), (40, 25), (5, 19), (38, 28), (38, 32), (18, 5), (18, 6), (18, 27), (18, 33), (31, 10), (7, 16), (22, 19), (13, 2), (13, 3), (13, 11), (13, 36), (28, 39), (17, 11), (17, 38), (17, 43), (14, 49), (45, 32), (41, 31)]]","[[13.206773107372243, 102.50184140739316, 178.42948280496051, 556.7855045499432, 416.02212783296994, 20.128778105222356, 57.69049781003604, 77.3641953867758, 0.24170112089185825, 65.19537070756728, 40.05477373081618, 29.834345954647397, 231.28658935504865, 468.6174534676083, 177.51476255920784, 7.629299198165939, 67.46660803788423, 85.98036495153822, 109.80185846361651, 570.0511730817415, 298.9777828033113, 503.24641131238997, 5.587170733537356, 48.38003749165942, 11.769138320652882, 308.5552446622413, 36.58969936636292, 59.95838353204037, 7.704285984914086, 271.4600474222907, 95.90975209569851, 13.988976188658308, 287.2057280106312, 211.9817990809552, 85.08712873419708, 182.56384744997362, 110.21788027975367, 142.7009101544709, 269.428422439084, 54.746422826471886, 173.29433489118546, 249.6935552877469, 5.9244822124321335, 269.7622607060723, 260.00757492331945, 136.4491401814745, 17.25974196411373, 37.59674126285124, 4.313175288657844, 21.240991267332454, 305.43103966207826, 111.43445152092318, 7.079804589605278, 55.33468293274169, 327.3950903184316, 154.03749937882085, 77.86051872327567, 70.68200512031558]]"
32,"[[(4, 2), (4, 10), (4, 29), (4, 37), (4, 40), (19, 23), (30, 17), (30, 25), (1, 4), (11, 7), (11, 8), (11, 13), (11, 38), (24, 6), (32, 11), (32, 34), (32, 46), (2, 30), (21, 5), (36, 16), (47, 18), (3, 44), (43, 42), (44, 24), (10, 13), (12, 48), (23, 20), (27, 23), (27, 28), (27, 48), (29, 17), (29, 42), (34, 8), (35, 18), (39, 34), (40, 21), (40, 25), (5, 19), (38, 28), (38, 32), (18, 5), (18, 6), (18, 27), (18, 33), (31, 10), (7, 16), (22, 19), (13, 2), (13, 3), (13, 11), (13, 36), (28, 39), (17, 11), (17, 38), (17, 43), (14, 49), (45, 32), (41, 31)]]","[[0.0014827855152770297, 94.39709773757059, 143.2204369473755, 290.88816907239857, 413.19593357651127, 22.66033883989512, 67.77058092282962, 84.21240010144274, 1.8108361762995635, 85.75459024590276, 65.6680943243377, 14.393711060292391, 315.4730623754588, 203.06934106952426, 205.80932367149202, 10.07586636406813, 155.96326726255032, 170.01825608021875, 160.06993076638966, 61.2075526089583, 263.4844531333794, 735.435585672074, 3.879518941933531, 127.29162412930842, 14.802499444766934, 195.2681440387733, 33.29928902975084, 68.53700763497525, 3.9985843575813584, 270.5277361188247, 84.54943170414239, 16.19120467227848, 461.71466160961063, 301.2205377421592, 86.91417106133912, 411.57573414837475, 60.508410059911775, 306.6332201870218, 141.28405668629142, 57.26940503497231, 138.49659408963868, 122.44897451805205, 4.667037386535146, 237.68412717155414, 102.1576087962098, 136.75116818745335, 5.7696345585272795, 144.00378086275114, 4.147415224755465, 24.845435043315597, 321.78394725435544, 90.27310312599226, 9.709001924656334, 81.72964277376103, 336.73222036891764, 95.14264777672324, 145.28497348395612, 67.05202269208408]]"
33,"[[(4, 2), (4, 10), (4, 29), (4, 37), (4, 40), (19, 23), (30, 17), (30, 25), (1, 4), (11, 7), (11, 8), (11, 13), (11, 38), (24, 6), (32, 11), (32, 34), (32, 46), (2, 30), (21, 5), (36, 16), (47, 18), (3, 44), (43, 42), (44, 24), (10, 13), (12, 48), (23, 20), (27, 23), (27, 28), (27, 48), (29, 17), (29, 42), (34, 8), (35, 18), (39, 34), (40, 21), (40, 25), (5, 19), (38, 28), (38, 32), (18, 5), (18, 6), (18, 27), (18, 33), (31, 10), (7, 16), (22, 19), (13, 2), (13, 3), (13, 11), (13, 36), (28, 39), (17, 11), (17, 38), (17, 43), (14, 49), (45, 32), (41, 31)]]","[[14.278463783836907, 88.66843358594556, 153.88506986367787, 551.7188040001467, 314.70557886532794, 23.28930291421979, 77.98380389296834, 73.98988093543969, 1.7103425345774266, 52.281049336849975, 59.568580784274765, 15.66843266668698, 259.4854301831456, 458.8770991225359, 202.9985396117894, 9.69519174513468, 86.93973529784859, 140.1567881724921, 403.7843717320859, 681.1867316503595, 272.45565414471855, 410.47687802450184, 1.7289633273096445, 116.20932880183518, 5.637320068606781, 388.6599705842111, 50.1633597602765, 66.5068172450295, 9.99920065764378, 267.9602612798545, 84.59176738674876, 9.438206416238573, 233.79428381745743, 307.1314875043534, 85.33293240388576, 126.42944677385822, 81.7553549201659, 388.9231318356657, 259.4786302663199, 46.32000448209991, 64.8114767249605, 271.5995103403261, 3.2264402430718846, 128.1768364345902, 98.93503798825796, 145.4642873283799, 20.637439409029007, 139.61352231844944, 5.768689729885415, 34.301799811034684, 279.35024689182063, 135.24503337028943, 4.965462591637346, 121.69040760115801, 380.37298547770683, 116.46101092149789, 107.67820789366921, 55.93434465146652]]"
34,"[[(4, 2), (4, 10), (4, 29), (4, 37), (4, 40), (19, 23), (30, 17), (30, 25), (1, 4), (11, 7), (11, 8), (11, 13), (11, 38), (24, 6), (32, 11), (32, 34), (32, 46), (2, 30), (21, 5), (36, 16), (47, 18), (3, 44), (43, 42), (44, 24), (10, 13), (12, 48), (23, 20), (27, 23), (27, 28), (27, 48), (29, 17), (29, 42), (34, 8), (35, 18), (39, 34), (40, 21), (40, 25), (5, 19), (38, 28), (38, 32), (18, 5), (18, 6), (18, 27), (18, 33), (31, 10), (7, 16), (22, 19), (13, 2), (13, 3), (13, 11), (13, 36), (28, 39), (17, 11), (17, 38), (17, 43), (14, 49), (45, 32), (41, 31)]]","[[11.574053882286707, 81.03653189204927, 200.7896796561855, 449.2705282058008, 252.79480012167278, 23.005880226933147, 87.88970851266178, 86.1184072988836, 0.23388410175103047, 34.198688564675514, 64.35583981392415, 9.563015772547601, 313.47421755597907, 395.7203218511687, 169.6087197522091, 6.125426692115582, 316.1114846720384, 52.841869354641645, 172.80997866395396, 527.8642509901883, 267.1709923808627, 589.1310590799985, 1.0186416983509567, 119.90270013667055, 1.3471859140854296, 162.86319692147867, 13.11981660918486, 65.5415619810833, 16.17284599910133, 265.13900887199014, 49.83717060231751, 3.542481743664446, 311.68221345210884, 253.69683029857072, 85.30877050344215, 260.5615665796294, 107.81504172610862, 224.68930752458644, 264.48983581980747, 39.37176283825524, 142.90953414785855, 200.85549463057828, 6.782630114631232, 286.25892545140493, 91.31325760540447, 140.07225960145325, 9.801052101068546, 168.38097667012858, 5.719603284123507, 24.569350291838006, 308.68830289865997, 202.07992827432253, 5.129479591418944, 24.92351932041149, 393.3037828830271, 85.33141622713102, 170.28708153433004, 61.75092154809988]]"
35,"[[(4, 2), (4, 10), (4, 29), (4, 37), (4, 40), (19, 23), (30, 17), (30, 25), (1, 4), (11, 7), (11, 8), (11, 13), (11, 38), (24, 6), (32, 11), (32, 34), (32, 46), (2, 30), (21, 5), (36, 16), (47, 18), (3, 44), (43, 42), (44, 24), (10, 13), (12, 48), (23, 20), (27, 23), (27, 28), (27, 48), (29, 17), (29, 42), (34, 8), (35, 18), (39, 34), (40, 21), (40, 25), (5, 19), (38, 28), (38, 32), (18, 5), (18, 6), (18, 27), (18, 33), (31, 10), (7, 16), (22, 19), (13, 2), (13, 3), (13, 11), (13, 36), (28, 39), (17, 11), (17, 38), (17, 43), (14, 49), (45, 32), (41, 31)]]","[[14.459852515469363, 97.62899873039473, 166.05359627569752, 316.2685879605849, 229.00650439575452, 21.905815953819058, 59.62247121624515, 74.34010539452265, 0.6866774956797614, 80.49148455271381, 70.88987086018358, 23.003241117211235, 240.13939523330527, 272.70010356584913, 204.11521926440452, 4.055702449340193, 174.2953468134931, 77.71215353998738, 153.4907298687589, 252.39151617744116, 198.13926337330156, 537.1105447176078, 6.353711351275118, 198.01885163117473, 2.5733419032702667, 287.782128460693, 18.78464427482766, 55.42813447209238, 7.167530537335267, 265.6546633825648, 68.62205116521486, 14.345282860767872, 274.7005903688994, 358.6334750403329, 85.82600701540511, 344.1368178431637, 129.8779983321356, 370.56312016686957, 232.95824518494632, 45.25974030975639, 147.93642799967682, 159.51353738243176, 10.32207446340097, 333.215598778892, 88.65895646963277, 141.92066177147316, 15.061210346733342, 54.59697655921251, 4.624418764536044, 12.628101411867153, 296.83116213591165, 135.36722146112436, 6.402412839798487, 86.31905127051743, 204.85259938293723, 103.22141861161128, 186.87006759901644, 60.98430140913668]]"
36,"[[(4, 2), (4, 10), (4, 29), (4, 37), (4, 40), (19, 23), (30, 17), (30, 25), (1, 4), (11, 7), (11, 8), (11, 13), (11, 38), (24, 6), (32, 11), (32, 34), (32, 46), (2, 30), (21, 5), (36, 16), (47, 18), (3, 44), (43, 42), (44, 24), (10, 13), (12, 48), (23, 20), (27, 23), (27, 28), (27, 48), (29, 17), (29, 42), (34, 8), (35, 18), (39, 34), (40, 21), (40, 25), (5, 19), (38, 28), (38, 32), (18, 5), (18, 6), (18, 27), (18, 33), (31, 10), (7, 16), (22, 19), (13, 2), (13, 3), (13, 11), (13, 36), (28, 39), (17, 11), (17, 38), (17, 43), (14, 49), (45, 32), (41, 31)]]","[[10.174760584370686, 82.89502207973736, 144.5744882650484, 492.06899287671115, 281.36332409130114, 20.98473066961113, 87.11756175027324, 81.18091781428309, 1.5049728343745776, 29.151789726951172, 67.79542395830367, 19.145576595202435, 244.97652257435104, 305.9220355575461, 177.2350011916156, 9.324447667611874, 125.22370949521584, 83.85874688952748, 372.9366134442855, 377.33977377190416, 322.08922327207483, 704.310296296162, 1.9992776817222906, 254.454357853675, 5.837005008153781, 267.20442450145816, 45.55389723715976, 60.76346041898906, 1.2954148027661625, 273.05582639078744, 95.30440274027401, 11.547106956748742, 338.28475891492747, 231.5571039338612, 86.31992010397973, 295.3571246851602, 70.22027526230508, 62.712182663972335, 196.80340250814737, 63.417065967553405, 56.483485883088285, 258.5621469562948, 5.874686782078151, 78.20451804388142, 253.1236567735849, 143.5276815765605, 6.53731865020514, 82.08878714409818, 4.63147941051991, 26.907726029119697, 342.91240026058296, 159.3509210776267, 5.594869809002405, 49.23326164161562, 302.66805664970525, 155.6903443710077, 189.27705806316897, 58.345052949112315]]"
37,"[[(4, 2), (4, 10), (4, 29), (4, 37), (4, 40), (19, 23), (30, 17), (30, 25), (1, 4), (11, 7), (11, 8), (11, 13), (11, 38), (24, 6), (32, 11), (32, 34), (32, 46), (2, 30), (21, 5), (36, 16), (47, 18), (3, 44), (43, 42), (44, 24), (10, 13), (12, 48), (23, 20), (27, 23), (27, 28), (27, 48), (29, 17), (29, 42), (34, 8), (35, 18), (39, 34), (40, 21), (40, 25), (5, 19), (38, 28), (38, 32), (18, 5), (18, 6), (18, 27), (18, 33), (31, 10), (7, 16), (22, 19), (13, 2), (13, 3), (13, 11), (13, 36), (28, 39), (17, 11), (17, 38), (17, 43), (14, 49), (45, 32), (41, 31)]]","[[3.593739619042797, 97.91416925728959, 100.92630301812426, 489.5228705210584, 254.04489241474298, 21.58380989899473, 71.20128083194987, 80.75308186579873, 0.9024877805371436, 45.62071007240472, 67.13479121147816, 9.587980756339327, 222.85007854014842, 380.47084938368636, 259.98793472438695, 9.14503511966661, 146.49919822398525, 158.1144636473063, 154.237297213199, 469.50194556929796, 68.51148271061587, 636.2212038422726, 3.912555958492587, 122.19727963379313, 17.539796199596537, 153.98197674251404, 16.3662763582596, 56.78890207466728, 10.630610908317202, 276.8266054772902, 76.00492282999858, 13.216060406142482, 247.64689504986785, 311.7192831316205, 86.64691654196935, 415.9390525735978, 35.17356524064455, 309.1324953442979, 187.38449336887652, 56.533237078599676, 178.3226156997718, 189.4745262276263, 10.174047246666984, 205.18501378331698, 77.79120824077087, 155.7812221099, 7.211433545123501, 87.67658358873204, 5.9047776659451845, 22.167352482132404, 356.6456867029217, 116.93187312871132, 8.729578373718862, 35.14024970026344, 361.27783568797634, 156.75522223794707, 122.85240983578812, 68.36982197632454]]"
38,"[[(4, 2), (4, 10), (4, 29), (4, 37), (4, 40), (19, 23), (30, 17), (30, 25), (1, 4), (11, 7), (11, 8), (11, 13), (11, 38), (24, 6), (32, 11), (32, 34), (32, 46), (2, 30), (21, 5), (36, 16), (47, 18), (3, 44), (43, 42), (44, 24), (10, 13), (12, 48), (23, 20), (27, 23), (27, 28), (27, 48), (29, 17), (29, 42), (34, 8), (35, 18), (39, 34), (40, 21), (40, 25), (5, 19), (38, 28), (38, 32), (18, 5), (18, 6), (18, 27), (18, 33), (31, 10), (7, 16), (22, 19), (13, 2), (13, 3), (13, 11), (13, 36), (28, 39), (17, 11), (17, 38), (17, 43), (14, 49), (45, 32), (41, 31)]]","[[1.617877666513392, 83.89279857092306, 196.54379440481227, 271.76183041154127, 468.852586839873, 21.010727225533774, 74.73244802796273, 67.2471592689491, 1.0151335329225164, 81.11587138338272, 49.39560154031611, 11.527017000272256, 305.88460124807307, 435.85479068804324, 220.0814303631708, 10.835191935913137, 148.89555568756953, 165.73963560962312, 189.9002682983771, 227.22602392501332, 110.59918707051203, 798.2679955029804, 6.933054442380136, 35.64864115688108, 16.862323563117386, 231.8355793458637, 40.933414448051096, 66.63556872574588, 15.211699332627054, 268.3505081867529, 108.20952919402615, 6.351822035908539, 368.8740043942945, 387.80625340226516, 85.36152015434489, 343.8739957750689, 102.15598228612285, 322.78769160751136, 177.7563176687629, 36.295105929505795, 261.0526543277315, 257.21728227989513, 5.25666034997182, 102.72221853810744, 103.79361708175875, 133.84183480182125, 20.933525161403878, 85.71652387705515, 4.893386107779582, 13.512203849536228, 358.28582174834645, 206.10102145712304, 9.954921110261289, 80.54730650698109, 201.99381747139546, 60.86084263182626, 180.48455931702065, 66.59102748154137]]"
39,"[[(4, 2), (4, 10), (4, 29), (4, 37), (4, 40), (19, 23), (30, 17), (30, 25), (1, 4), (11, 7), (11, 8), (11, 13), (11, 38), (24, 6), (32, 11), (32, 34), (32, 46), (2, 30), (21, 5), (36, 16), (47, 18), (3, 44), (43, 42), (44, 24), (10, 13), (12, 48), (23, 20), (27, 23), (27, 28), (27, 48), (29, 17), (29, 42), (34, 8), (35, 18), (39, 34), (40, 21), (40, 25), (5, 19), (38, 28), (38, 32), (18, 5), (18, 6), (18, 27), (18, 33), (31, 10), (7, 16), (22, 19), (13, 2), (13, 3), (13, 11), (13, 36), (28, 39), (17, 11), (17, 38), (17, 43), (14, 49), (45, 32), (41, 31)]]","[[5.273608754233171, 98.51165885022615, 194.90238241732422, 583.7328043722443, 428.27205155515753, 20.614380749798077, 85.37746295866782, 71.9756257664935, 1.2187099628001277, 89.97463089871144, 31.72090267524525, 10.512070011555188, 281.3767401963739, 438.98959120007305, 242.77201525472753, 5.4241146823060165, 60.70256499721758, 185.22871511279925, 276.2395592067171, 566.3020820145767, 84.59280961686665, 161.31504880360745, 3.5552707940982353, 251.47827136391456, 13.831492513470065, 205.34837020899636, 16.072154492449734, 70.74987921071958, 2.7293235505704203, 262.14026076361733, 109.3426247628489, 14.38912837464904, 343.512470577407, 364.632499466785, 86.12001273575784, 138.153035483621, 37.847428836262374, 351.59844031181643, 156.0535296463458, 18.93281790550559, 209.3934452594984, 218.83677481023642, 7.146298074949436, 358.355949206412, 270.01000390288624, 148.92252127966574, 5.167307879173155, 31.007493747736184, 5.738958541524452, 34.29879494519126, 297.2854933161724, 156.887234875729, 6.149571826672338, 68.40835202864515, 232.31320297962247, 239.53395234246145, 174.9705342749975, 58.846834550721226]]"
40,"[[(4, 2), (4, 10), (4, 29), (4, 37), (4, 40), (19, 23), (30, 17), (30, 25), (1, 4), (11, 7), (11, 8), (11, 13), (11, 38), (24, 6), (32, 11), (32, 34), (32, 46), (2, 30), (21, 5), (36, 16), (47, 18), (3, 44), (43, 42), (44, 24), (10, 13), (12, 48), (23, 20), (27, 23), (27, 28), (27, 48), (29, 17), (29, 42), (34, 8), (35, 18), (39, 34), (40, 21), (40, 25), (5, 19), (38, 28), (38, 32), (18, 5), (18, 6), (18, 27), (18, 33), (31, 10), (7, 16), (22, 19), (13, 2), (13, 3), (13, 11), (13, 36), (28, 39), (17, 11), (17, 38), (17, 43), (14, 49), (45, 32), (41, 31)]]","[[10.975813734748526, 94.87128851688642, 106.05787916422074, 567.5845178548941, 232.08437039473392, 23.110894879057746, 59.62733659286575, 87.30451084559773, 0.9894362163166552, 76.33061409725342, 64.08589687759556, 8.852501563771796, 274.90090609742106, 339.6906195460416, 221.93269379434088, 4.235402298746208, 85.45561703176267, 189.61477538689772, 260.15584353844804, 546.8379916063387, 238.4834763612326, 218.72664122490622, 5.430431071691736, 154.36671354072666, 5.048972663918269, 151.41123982945612, 34.41732350387613, 62.370971477339324, 9.044568799105326, 266.01034687354826, 70.09416093382788, 11.79739570657353, 268.8879201986882, 396.0416750397011, 85.58153761562272, 408.0223298657091, 118.33200574054412, 372.87421507241623, 285.67732812556847, 58.96720534810086, 181.71422764987193, 273.34730665124476, 4.686018352969701, 289.20846264478195, 247.8203067243555, 135.76322178406718, 5.746156818560536, 176.97914312423805, 5.935067466786762, 6.554187691981912, 284.1485441037437, 172.82259437485249, 6.434985008025329, 9.752938472862606, 295.1044629342673, 77.71646737362676, 153.77473216519766, 55.74693058456832]]"
41,"[[(4, 2), (4, 10), (4, 29), (4, 37), (4, 40), (19, 23), (30, 17), (30, 25), (1, 4), (11, 7), (11, 8), (11, 13), (11, 38), (24, 6), (32, 11), (32, 34), (32, 46), (2, 30), (21, 5), (36, 16), (47, 18), (3, 44), (43, 42), (44, 24), (10, 13), (12, 48), (23, 20), (27, 23), (27, 28), (27, 48), (29, 17), (29, 42), (34, 8), (35, 18), (39, 34), (40, 21), (40, 25), (5, 19), (38, 28), (38, 32), (18, 5), (18, 6), (18, 27), (18, 33), (31, 10), (7, 16), (22, 19), (13, 2), (13, 3), (13, 11), (13, 36), (28, 39), (17, 11), (17, 38), (17, 43), (14, 49), (45, 32), (41, 31)]]","[[10.407715351601848, 78.7760249523434, 151.01365071678003, 320.8258771184484, 368.2706336227623, 22.30515459002078, 85.98408401613986, 88.61431887510106, 0.2204619799169023, 86.61737519789324, 70.6873147150966, 29.5901130160658, 232.82831989596465, 354.45314560785175, 175.76831758583108, 8.001153634877047, 253.19824427435418, 148.46103385881077, 376.2555911506113, 542.5816191441367, 129.88904671718325, 451.8721418521162, 4.385743095576279, 144.83586051335857, 11.615001511769783, 189.5732773998624, 48.915470594070804, 73.03720975794073, 13.885189457997518, 260.1946442803031, 113.99670747535411, 11.978136893100093, 240.51035416131043, 217.1821957191312, 86.54656943203685, 251.3414458891184, 31.98558837002671, 292.19427952275225, 272.5532390743787, 59.22317372402892, 305.6863894336045, 244.43504748357898, 5.997152265576929, 266.7751571794121, 298.09137824908976, 157.81066243549037, 12.318428440557328, 120.85478922611239, 5.581388048286545, 11.554699219663624, 325.6575203832763, 136.12168975118448, 6.081210749911496, 77.47026505567581, 213.04544172073702, 241.11611225132103, 69.84927648774843, 66.94654907941548]]"
42,"[[(4, 2), (4, 10), (4, 29), (4, 37), (4, 40), (19, 23), (30, 17), (30, 25), (1, 4), (11, 7), (11, 8), (11, 13), (11, 38), (24, 6), (32, 11), (32, 34), (32, 46), (2, 30), (21, 5), (36, 16), (47, 18), (3, 44), (43, 42), (44, 24), (10, 13), (12, 48), (23, 20), (27, 23), (27, 28), (27, 48), (29, 17), (29, 42), (34, 8), (35, 18), (39, 34), (40, 21), (40, 25), (5, 19), (38, 28), (38, 32), (18, 5), (18, 6), (18, 27), (18, 33), (31, 10), (7, 16), (22, 19), (13, 2), (13, 3), (13, 11), (13, 36), (28, 39), (17, 11), (17, 38), (17, 43), (14, 49), (45, 32), (41, 31)]]","[[6.012200822630431, 98.09222044718288, 183.44990063918533, 615.6866232355119, 419.78680185090457, 23.718099123855005, 57.45231553348636, 73.66125039676923, 0.9430303268728533, 71.49214485052181, 44.59817882328916, 21.75901504353644, 306.8084382679692, 439.6388125718872, 217.0534204609536, 7.6559350658832885, 348.60138639826823, 78.47897807507026, 20.73731698205235, 333.1454183263631, 161.87090443039136, 209.8894796181892, 5.218840808328123, 140.52788818246964, 14.447411539023237, 298.7737659631088, 51.83056202704802, 60.2875895914061, 17.88936632597555, 262.9966160522273, 110.33863007625885, 18.66460284627967, 340.6893054469335, 199.19672364426214, 85.87708752778043, 60.22187034357944, 101.69337737573827, 354.74868648429435, 206.27804707816892, 9.299838282053868, 41.3794896837953, 143.77177924300787, 5.081560105099247, 298.0898609861768, 189.4974105738024, 160.6751525091691, 10.480683525552914, 72.46588495782483, 4.496040244288055, 16.92845715050836, 304.3529262184842, 154.75054765624947, 7.800766486690596, 80.96048465518892, 251.93104689055863, 196.14555809816434, 148.99701654346669, 63.57330448436901]]"
43,"[[(4, 2), (4, 10), (4, 29), (4, 37), (4, 40), (19, 23), (30, 17), (30, 25), (1, 4), (11, 7), (11, 8), (11, 13), (11, 38), (24, 6), (32, 11), (32, 34), (32, 46), (2, 30), (21, 5), (36, 16), (47, 18), (3, 44), (43, 42), (44, 24), (10, 13), (12, 48), (23, 20), (27, 23), (27, 28), (27, 48), (29, 17), (29, 42), (34, 8), (35, 18), (39, 34), (40, 21), (40, 25), (5, 19), (38, 28), (38, 32), (18, 5), (18, 6), (18, 27), (18, 33), (31, 10), (7, 16), (22, 19), (13, 2), (13, 3), (13, 11), (13, 36), (28, 39), (17, 11), (17, 38), (17, 43), (14, 49), (45, 32), (41, 31)]]","[[1.0048888639743296, 84.29173218756834, 114.6504619820794, 381.73263499458966, 275.09040008421414, 20.38322442428825, 84.75768298989684, 80.11628626082211, 0.7021025669120176, 60.9632578179525, 30.454521927086116, 25.25506904175031, 257.23175163771685, 484.8343604843095, 166.25075357275892, 4.701208111020613, 151.93264839845858, 172.7318621199699, 130.4164800406038, 432.99162482196766, 225.97370130780118, 240.31291191419325, 6.509566293271732, 97.09439151927602, 1.0060130658806987, 400.44925645693843, 56.46775199132794, 72.49411452966135, 3.547761229038621, 274.73058893162545, 82.86445950618338, 9.348920393378567, 265.73304531610177, 347.9534730075992, 86.28258351724809, 112.08927428376946, 33.61520733755255, 140.75309426813408, 190.15088803152128, 28.7707502250776, 154.09962072767837, 163.8779536980153, 8.176583939760127, 177.38610245485668, 76.23701088297122, 156.25918810923193, 15.161945421777837, 63.824906757756565, 4.8629470522783915, 34.828316075501604, 278.1234728663887, 136.04354451809002, 5.0165409296678165, 162.48901750488824, 336.97075413462767, 216.27807656132148, 52.94533801788421, 56.49206562492642]]"
44,"[[(4, 2), (4, 10), (4, 29), (4, 37), (4, 40), (19, 23), (30, 17), (30, 25), (1, 4), (11, 7), (11, 8), (11, 13), (11, 38), (24, 6), (32, 11), (32, 34), (32, 46), (2, 30), (21, 5), (36, 16), (47, 18), (3, 44), (43, 42), (44, 24), (10, 13), (12, 48), (23, 20), (27, 23), (27, 28), (27, 48), (29, 17), (29, 42), (34, 8), (35, 18), (39, 34), (40, 21), (40, 25), (5, 19), (38, 28), (38, 32), (18, 5), (18, 6), (18, 27), (18, 33), (31, 10), (7, 16), (22, 19), (13, 2), (13, 3), (13, 11), (13, 36), (28, 39), (17, 11), (17, 38), (17, 43), (14, 49), (45, 32), (41, 31)]]","[[15.335516597507167, 77.86309643148802, 200.1223286124081, 618.8049220638568, 246.80627876303436, 22.441009859307087, 58.06704725934779, 81.09418030914226, 0.027029962853392542, 29.59236826838969, 43.53325299235165, 18.87110375627645, 215.59085228286094, 434.24171530501974, 173.13659664767533, 9.478401732127708, 171.0904815164488, 137.00837611364187, 365.3419903497024, 354.47928854642305, 43.650022652559976, 802.7463143839897, 6.296554088777452, 49.532687274279006, 13.912654648474735, 232.69446927498547, 45.81470810637874, 57.699216558250214, 0.45081661639496784, 273.0527547229379, 119.08337477847404, 10.27708322488904, 193.70423570806418, 319.14917386209373, 85.03393116693672, 297.8168133277178, 46.035387604697334, 66.13198346198357, 246.53475240046922, 22.342749405701706, 57.313662362292405, 268.6733486923042, 7.143101560209251, 235.7321668412833, 238.16666051705198, 131.17495714625983, 12.426265954299634, 168.56271335933982, 5.7178509446473775, 7.695023814554864, 288.6674618759772, 139.3954664661435, 8.788529285034512, 124.10754151438066, 340.2449455809837, 170.96916555058513, 130.94094140735987, 59.79238122499123]]"
45,"[[(4, 2), (4, 10), (4, 29), (4, 37), (4, 40), (19, 23), (30, 17), (30, 25), (1, 4), (11, 7), (11, 8), (11, 13), (11, 38), (24, 6), (32, 11), (32, 34), (32, 46), (2, 30), (21, 5), (36, 16), (47, 18), (3, 44), (43, 42), (44, 24), (10, 13), (12, 48), (23, 20), (27, 23), (27, 28), (27, 48), (29, 17), (29, 42), (34, 8), (35, 18), (39, 34), (40, 21), (40, 25), (5, 19), (38, 28), (38, 32), (18, 5), (18, 6), (18, 27), (18, 33), (31, 10), (7, 16), (22, 19), (13, 2), (13, 3), (13, 11), (13, 36), (28, 39), (17, 11), (17, 38), (17, 43), (14, 49), (45, 32), (41, 31)]]","[[11.994462767214037, 95.36787661537437, 88.28058380590622, 554.493844785095, 456.52076978628287, 21.01082628355671, 65.51782235744557, 75.59868398812813, 0.4673246903647075, 59.29440143744326, 43.67778942896681, 7.7714457772320795, 287.3883295541652, 484.0916358006408, 147.96528360481256, 9.143652045948363, 328.8625997280271, 59.03394191606873, 115.79478856811069, 465.94067903632293, 169.65199086232718, 379.26611733647417, 6.661514598519213, 235.8843890566774, 14.576187610413292, 340.06000028833915, 15.110053807861476, 67.49435946625859, 12.80103050028359, 263.2847774820349, 96.7481050717872, 7.929625788349297, 461.95041319587006, 324.54951074809173, 85.78471169363792, 344.4218520722587, 61.888868351344385, 97.74065531075368, 213.2082688794355, 48.25560333387668, 260.26124108932413, 162.87001470342886, 4.202243484961953, 158.58625893530535, 128.39646503509337, 147.50277532767313, 17.209668305607416, 45.660970199376564, 4.785496049304984, 8.336607095854317, 305.9092864606792, 172.54571851145363, 5.082573160657566, 34.04667074110901, 339.23062656758503, 103.74975896434933, 159.57560925424283, 56.154938286754415]]"
46,"[[(4, 2), (4, 10), (4, 29), (4, 37), (4, 40), (19, 23), (30, 17), (30, 25), (1, 4), (11, 7), (11, 8), (11, 13), (11, 38), (24, 6), (32, 11), (32, 34), (32, 46), (2, 30), (21, 5), (36, 16), (47, 18), (3, 44), (43, 42), (44, 24), (10, 13), (12, 48), (23, 20), (27, 23), (27, 28), (27, 48), (29, 17), (29, 42), (34, 8), (35, 18), (39, 34), (40, 21), (40, 25), (5, 19), (38, 28), (38, 32), (18, 5), (18, 6), (18, 27), (18, 33), (31, 10), (7, 16), (22, 19), (13, 2), (13, 3), (13, 11), (13, 36), (28, 39), (17, 11), (17, 38), (17, 43), (14, 49), (45, 32), (41, 31)]]","[[2.4520410845902934, 85.20573611841499, 117.97627771460512, 459.91789437382147, 394.0022319237501, 22.862355346879905, 87.49962161191482, 71.509352939516, 1.3756226273423375, 31.289555464279452, 31.524073294569405, 29.375935108128434, 251.81058722155913, 423.59131936265953, 183.461834735715, 10.469048169396885, 287.7739151940793, 99.10888396568508, 320.12485363014184, 390.07406471227455, 185.31691081300195, 630.4799933202484, 3.853094772423682, 216.21489839143052, 4.248824864698147, 206.5878824021271, 35.126458604946194, 63.82167316848005, 21.319625673095132, 267.89358351344913, 110.25321332479746, 5.036982075746089, 258.4433510811339, 299.436477883066, 86.93025998910265, 242.45944735658824, 18.44625067399665, 179.8023990856433, 100.57478293503756, 41.55232618072113, 149.2405878437359, 195.1317984640483, 10.658222801916992, 144.4992338689663, 234.80906623666382, 150.42599873571663, 13.854960165541645, 32.726226789745006, 4.569557655078121, 34.74890276215408, 345.0706198008176, 179.4228926161499, 9.432680640886064, 81.70417376228104, 331.6099882033337, 99.10073556385134, 192.82827852469254, 66.68002556126426]]"
47,"[[(4, 2), (4, 10), (4, 29), (4, 37), (4, 40), (19, 23), (30, 17), (30, 25), (1, 4), (11, 7), (11, 8), (11, 13), (11, 38), (24, 6), (32, 11), (32, 34), (32, 46), (2, 30), (21, 5), (36, 16), (47, 18), (3, 44), (43, 42), (44, 24), (10, 13), (12, 48), (23, 20), (27, 23), (27, 28), (27, 48), (29, 17), (29, 42), (34, 8), (35, 18), (39, 34), (40, 21), (40, 25), (5, 19), (38, 28), (38, 32), (18, 5), (18, 6), (18, 27), (18, 33), (31, 10), (7, 16), (22, 19), (13, 2), (13, 3), (13, 11), (13, 36), (28, 39), (17, 11), (17, 38), (17, 43), (14, 49), (45, 32), (41, 31)]]","[[4.961992379273891, 82.25153570112188, 152.01377984659516, 531.6198723715686, 212.01879850092877, 22.039277937696337, 87.8490599048636, 88.09310159337113, 1.506205213985169, 28.06372861631217, 36.83916976705744, 16.85970197123048, 314.8828477884161, 350.0540793206033, 166.68867461499144, 7.096464787998671, 272.0146977779331, 154.7248818826825, 359.9246002486481, 373.8703988050889, 45.713855107347264, 536.7713596951912, 4.763821340255159, 169.88847411498284, 3.7057456353005804, 397.1747328735942, 44.76200329833264, 67.57501184987781, 3.482436839953132, 266.4867733058112, 50.19493662640699, 8.275122369854294, 358.0025353504726, 298.8894652143148, 86.14680784125107, 250.15244014481496, 135.21215949767358, 108.76936544750244, 146.24707337194909, 36.60353608533235, 195.81215554014003, 191.98283315341627, 9.905971104222441, 285.7335082896383, 112.3899622041784, 155.83996254163924, 14.949101940973742, 176.89047255447136, 4.122735338934314, 33.22457408699991, 290.4055348537607, 187.8178771929156, 9.403723077983368, 114.16072546743061, 355.0174544888295, 272.29788903465595, 63.62109895367446, 68.6496017742994]]"
48,"[[(4, 2), (4, 10), (4, 29), (4, 37), (4, 40), (19, 23), (30, 17), (30, 25), (1, 4), (11, 7), (11, 8), (11, 13), (11, 38), (24, 6), (32, 11), (32, 34), (32, 46), (2, 30), (21, 5), (36, 16), (47, 18), (3, 44), (43, 42), (44, 24), (10, 13), (12, 48), (23, 20), (27, 23), (27, 28), (27, 48), (29, 17), (29, 42), (34, 8), (35, 18), (39, 34), (40, 21), (40, 25), (5, 19), (38, 28), (38, 32), (18, 5), (18, 6), (18, 27), (18, 33), (31, 10), (7, 16), (22, 19), (13, 2), (13, 3), (13, 11), (13, 36), (28, 39), (17, 11), (17, 38), (17, 43), (14, 49), (45, 32), (41, 31)]]","[[9.934654558915657, 90.2965531279347, 130.84099461965832, 420.6454544973369, 369.765726501324, 21.603427278549574, 77.45232484822442, 84.84970681866521, 0.6893850021307903, 69.61703730503173, 62.434072722048384, 15.376447969952602, 298.1013910472756, 370.34146797343874, 221.92865573498875, 4.247469909101633, 184.59269816087505, 72.78223569917428, 460.7221100664947, 192.74614930932907, 303.4020056194307, 702.639915385527, 4.72743874802097, 169.7549402103575, 3.086903587035885, 407.4984768628188, 25.805900298058617, 54.394027918136466, 17.013112809176434, 267.39152202771766, 69.56735357995242, 6.618953541956936, 231.4081146261928, 229.85041181903085, 85.92311356659735, 345.7898279824673, 87.66191570911181, 301.60911754615796, 159.71194631644696, 27.310025726186865, 34.68549734944328, 227.3817805303299, 7.343159034811662, 249.6678928166742, 90.43115873662587, 139.25721190181827, 16.031605657053586, 55.34485262257722, 4.924141516854207, 29.709372493536574, 336.612830021821, 139.95877136561302, 9.411242775865384, 73.0012247690415, 253.87353228373263, 169.33513055314694, 190.87994128115412, 59.04085228427023]]"
49,"[[(4, 2), (4, 10), (4, 29), (4, 37), (4, 40), (19, 23), (30, 17), (30, 25), (1, 4), (11, 7), (11, 8), (11, 13), (11, 38), (24, 6), (32, 11), (32, 34), (32, 46), (2, 30), (21, 5), (36, 16), (47, 18), (3, 44), (43, 42), (44, 24), (10, 13), (12, 48), (23, 20), (27, 23), (27, 28), (27, 48), (29, 17), (29, 42), (34, 8), (35, 18), (39, 34), (40, 21), (40, 25), (5, 19), (38, 28), (38, 32), (18, 5), (18, 6), (18, 27), (18, 33), (31, 10), (7, 16), (22, 19), (13, 2), (13, 3), (13, 11), (13, 36), (28, 39), (17, 11), (17, 38), (17, 43), (14, 49), (45, 32), (41, 31)]]","[[13.324904808713143, 97.38289974732916, 141.349311749403, 241.3898566864717, 369.58542974978394, 21.79483767551463, 84.84552380321381, 90.31077973083106, 0.8508563010050754, 74.01604475633071, 53.14738693426065, 8.547595130167519, 291.89010014540673, 274.6529461740684, 232.63618563578302, 10.899436522956556, 287.19485191042486, 191.62194083636672, 401.7466600138561, 297.56940356998757, 250.48894096754975, 582.8641220386369, 2.7138738568915057, 264.3582649715197, 5.39171477486498, 135.73184750388995, 30.867785662347135, 70.27615980240354, 13.838757167133561, 276.6144277082349, 72.13945871935488, 8.679788489247326, 463.9068427318559, 210.90045036494504, 86.89685899412939, 323.85231003786316, 20.92438070472201, 214.8090181087422, 151.60072940176155, 24.706208598927937, 70.35818326138123, 166.89158693924088, 7.73846019742511, 278.4928240501288, 225.7303888639888, 143.13655507032448, 20.00064246433675, 107.99507965667004, 5.667916143380143, 16.872069570664813, 359.83013120425665, 128.3273008638966, 5.682639810547082, 101.75210223620805, 388.74468967212533, 76.80683376258021, 25.91844693213352, 64.45437712202728]]"
50,"[[(4, 2), (4, 10), (4, 29), (4, 37), (4, 40), (19, 23), (30, 17), (30, 25), (1, 4), (11, 7), (11, 8), (11, 13), (11, 38), (24, 6), (32, 11), (32, 34), (32, 46), (2, 30), (21, 5), (36, 16), (47, 18), (3, 44), (43, 42), (44, 24), (10, 13), (12, 48), (23, 20), (27, 23), (27, 28), (27, 48), (29, 17), (29, 42), (34, 8), (35, 18), (39, 34), (40, 21), (40, 25), (5, 19), (38, 28), (38, 32), (18, 5), (18, 6), (18, 27), (18, 33), (31, 10), (7, 16), (22, 19), (13, 2), (13, 3), (13, 11), (13, 36), (28, 39), (17, 11), (17, 38), (17, 43), (14, 49), (45, 32), (41, 31)]]","[[8.571955103789685, 83.18558980275891, 137.6756135212258, 601.0864523490573, 303.51868321117746, 20.284228668836086, 62.91125903375559, 75.36676419697218, 0.3669191164527983, 82.28422811859377, 28.696975588348543, 12.884124678486458, 278.38086358574407, 314.6353333470751, 210.09067171718578, 5.861916262111175, 337.459940332951, 153.34512216063885, 124.69412565410286, 92.84621506789195, 258.30240128654583, 614.7790866002433, 1.714155573728505, 206.70767646007843, 5.590222948896311, 328.13044618533223, 43.40429982517124, 73.69660295299762, 13.581576642426768, 269.3712007303925, 69.76520524337484, 12.311314117396753, 370.16670860975, 360.99631976819114, 85.89930124183095, 58.665622141523976, 90.345077016141, 103.91156416920269, 198.84044736795215, 17.34551351035305, 280.6046399326334, 106.41108552999353, 5.77433856197532, 87.96289085644241, 182.40688875135663, 159.51758576235522, 19.944727045072845, 90.05935018701783, 4.719424392170887, 21.15109993771297, 336.03805737607996, 195.64588693564082, 5.686006399977096, 38.684380036097394, 280.6057231884995, 235.7802326731016, 70.0867060136375, 55.246513682167084]]"
51,"[[(4, 2), (4, 10), (4, 29), (4, 37), (4, 40), (19, 23), (30, 17), (30, 25), (1, 4), (11, 7), (11, 8), (11, 13), (11, 38), (24, 6), (32, 11), (32, 34), (32, 46), (2, 30), (21, 5), (36, 16), (47, 18), (3, 44), (43, 42), (44, 24), (10, 13), (12, 48), (23, 20), (27, 23), (27, 28), (27, 48), (29, 17), (29, 42), (34, 8), (35, 18), (39, 34), (40, 21), (40, 25), (5, 19), (38, 28), (38, 32), (18, 5), (18, 6), (18, 27), (18, 33), (31, 10), (7, 16), (22, 19), (13, 2), (13, 3), (13, 11), (13, 36), (28, 39), (17, 11), (17, 38), (17, 43), (14, 49), (45, 32), (41, 31)]]","[[3.726692475851957, 88.53150457388283, 175.97659660380057, 336.5632600787557, 393.69604140940555, 20.707083334827423, 66.95642640214228, 75.04751035123373, 0.4555381756960477, 59.24770944101223, 28.10382930190077, 27.511466416505574, 278.14645415094134, 242.93932054499865, 238.95518881805032, 6.094905758255213, 91.5646474897837, 193.4765086701982, 395.0566404900739, 400.4450804358961, 86.62096240058196, 866.1774942148088, 3.264898032642968, 39.7370897787551, 1.5163336081086332, 388.0312524374931, 21.596314803511156, 60.38031155225606, 15.364145340061224, 261.3753759405579, 120.70274892337795, 16.775794691574205, 307.9620925492595, 266.4013578785466, 85.42528591635926, 69.40848949773539, 71.456293818977, 367.1951493864795, 188.59126380101185, 36.00743571060781, 241.29780805589976, 168.76860723861054, 7.571282714914714, 41.43823211139686, 137.39415660951119, 159.4532909509304, 11.368287556413483, 121.15495979163678, 4.02834964964834, 18.127092089050276, 289.9756062449474, 101.19935465111139, 9.060594604110591, 57.91658744356076, 368.23095848049815, 69.98454070902693, 138.03175771241558, 65.23904568225328]]"
52,"[[(4, 2), (4, 10), (4, 29), (4, 37), (4, 40), (19, 23), (30, 17), (30, 25), (1, 4), (11, 7), (11, 8), (11, 13), (11, 38), (24, 6), (32, 11), (32, 34), (32, 46), (2, 30), (21, 5), (36, 16), (47, 18), (3, 44), (43, 42), (44, 24), (10, 13), (12, 48), (23, 20), (27, 23), (27, 28), (27, 48), (29, 17), (29, 42), (34, 8), (35, 18), (39, 34), (40, 21), (40, 25), (5, 19), (38, 28), (38, 32), (18, 5), (18, 6), (18, 27), (18, 33), (31, 10), (7, 16), (22, 19), (13, 2), (13, 3), (13, 11), (13, 36), (28, 39), (17, 11), (17, 38), (17, 43), (14, 49), (45, 32), (41, 31)]]","[[5.403747201039167, 90.57037804884001, 100.98602595846563, 383.6102803164006, 210.38266710717053, 22.3236128163635, 88.89084395929206, 75.16541438540257, 0.921145433143441, 38.361625656406304, 45.3027941225417, 22.482689660684393, 266.6140376471592, 473.98238547081866, 147.36909580458573, 6.964571701190189, 229.6819209985843, 103.6427915428297, 259.9295977582583, 63.538891581548846, 226.68923975155144, 744.654578645456, 4.886450324281794, 71.19889016562296, 3.1444520852878224, 159.12332153343255, 23.49566423701169, 55.571922837466964, 20.445529656202865, 261.1765595729848, 96.37249219751789, 13.785710437262937, 436.9481665427022, 203.5001358581102, 86.86353845890697, 227.4036567996229, 57.13487796859609, 106.14864968261391, 168.46219433506565, 47.03043207051481, 66.44005206259685, 208.16455065125857, 10.995726934807998, 35.0186518117097, 320.2308981223414, 157.63097921809754, 6.917089270708104, 139.82482410959884, 5.7940779572547205, 13.374560508804164, 275.2207953939761, 164.728038199937, 8.119875443763162, 57.82223624415758, 362.21910028553623, 78.97397184520608, 86.78298507304403, 68.79831015114804]]"
53,"[[(4, 2), (4, 10), (4, 29), (4, 37), (4, 40), (19, 23), (30, 17), (30, 25), (1, 4), (11, 7), (11, 8), (11, 13), (11, 38), (24, 6), (32, 11), (32, 34), (32, 46), (2, 30), (21, 5), (36, 16), (47, 18), (3, 44), (43, 42), (44, 24), (10, 13), (12, 48), (23, 20), (27, 23), (27, 28), (27, 48), (29, 17), (29, 42), (34, 8), (35, 18), (39, 34), (40, 21), (40, 25), (5, 19), (38, 28), (38, 32), (18, 5), (18, 6), (18, 27), (18, 33), (31, 10), (7, 16), (22, 19), (13, 2), (13, 3), (13, 11), (13, 36), (28, 39), (17, 11), (17, 38), (17, 43), (14, 49), (45, 32), (41, 31)]]","[[11.440409576543358, 77.14091542792872, 138.8014145588069, 389.6331661593334, 214.39131653737414, 23.98056080429201, 79.12440269586654, 68.11138696477913, 0.9378294875753166, 86.41697568841809, 33.10565758054717, 15.222833021400632, 314.6681904612514, 220.1200008009694, 197.91960759772252, 4.616436672588318, 286.0732018418016, 105.93644023671112, 375.74073368866203, 444.623085938506, 50.479526343622396, 580.8484378886881, 3.0163791795983235, 218.42030726214503, 13.40092382241407, 164.97616273046458, 37.67965820074446, 53.127272187686195, 19.153505202903492, 276.8585158050643, 56.575474628153046, 7.20523653149869, 246.2880676305387, 310.96477830000146, 85.90886489798535, 154.83492667647874, 51.129760243801684, 164.79275747327966, 157.40343756332717, 48.629344133892786, 302.1523258989683, 115.16779850118903, 9.638356113130861, 232.82157135309117, 241.5466977879537, 148.4546480510008, 17.268010348069122, 50.77176920925126, 5.086341574440877, 7.143462857966949, 313.11881520605675, 118.89153941931085, 7.083778045452467, 136.68386860890203, 198.92395013552803, 182.77020357311636, 168.194466568264, 63.575176122412714]]"
54,"[[(4, 2), (4, 10), (4, 29), (4, 37), (4, 40), (19, 23), (30, 17), (30, 25), (1, 4), (11, 7), (11, 8), (11, 13), (11, 38), (24, 6), (32, 11), (32, 34), (32, 46), (2, 30), (21, 5), (36, 16), (47, 18), (3, 44), (43, 42), (44, 24), (10, 13), (12, 48), (23, 20), (27, 23), (27, 28), (27, 48), (29, 17), (29, 42), (34, 8), (35, 18), (39, 34), (40, 21), (40, 25), (5, 19), (38, 28), (38, 32), (18, 5), (18, 6), (18, 27), (18, 33), (31, 10), (7, 16), (22, 19), (13, 2), (13, 3), (13, 11), (13, 36), (28, 39), (17, 11), (17, 38), (17, 43), (14, 49), (45, 32), (41, 31)]]","[[1.7291341432313079, 82.62048762095323, 156.36757389591136, 499.4176595124979, 269.0531836346663, 21.796167909770524, 71.04905379759583, 76.92894948761736, 1.8821321628062373, 30.265054465696423, 33.99387200713868, 13.038902474747454, 232.31591533263492, 291.91394706965445, 134.18451681747618, 8.713864392990123, 305.2125093649182, 46.74168218234443, 146.12855390948067, 576.132195351327, 186.13718876134624, 266.712574778304, 1.0548030678302744, 57.937852970705194, 7.184964538486504, 388.58895369422964, 26.561485471152253, 56.31045663179317, 9.823382861165749, 271.26822768155307, 74.56399200939256, 7.049335413594159, 381.19235831218646, 292.85204449316456, 86.4465884428327, 254.31329526763417, 87.10303181245581, 274.4360491522293, 191.0107591457895, 10.284994456657708, 287.8815430688469, 197.5182688331161, 7.592505263506828, 320.89709174586943, 132.3329228019547, 153.88514650606413, 13.194415790330483, 32.6776705268264, 5.154237694506965, 8.726694146615994, 341.5219382553186, 198.35811932769695, 4.311715517457643, 159.75739574704943, 391.7993304396853, 250.14570281366645, 15.954616962557022, 57.240124703703415]]"
55,"[[(4, 2), (4, 10), (4, 29), (4, 37), (4, 40), (19, 23), (30, 17), (30, 25), (1, 4), (11, 7), (11, 8), (11, 13), (11, 38), (24, 6), (32, 11), (32, 34), (32, 46), (2, 30), (21, 5), (36, 16), (47, 18), (3, 44), (43, 42), (44, 24), (10, 13), (12, 48), (23, 20), (27, 23), (27, 28), (27, 48), (29, 17), (29, 42), (34, 8), (35, 18), (39, 34), (40, 21), (40, 25), (5, 19), (38, 28), (38, 32), (18, 5), (18, 6), (18, 27), (18, 33), (31, 10), (7, 16), (22, 19), (13, 2), (13, 3), (13, 11), (13, 36), (28, 39), (17, 11), (17, 38), (17, 43), (14, 49), (45, 32), (41, 31)]]","[[15.657175035210143, 77.70834771879788, 122.46483099702411, 244.10467817587076, 312.40136947697897, 22.22119802060536, 86.56324120085951, 69.14988165801029, 0.9200430043412373, 76.09300203151889, 35.35522594772294, 14.295777309094936, 309.31432413691437, 238.02977948577393, 254.7583305847883, 10.267112226622181, 252.5247671906887, 194.5217665641105, 30.162623660853058, 209.27455395584607, 121.29669865840889, 511.7039645105159, 3.6912036451526804, 191.95454994220552, 15.10140963250595, 197.4844496506262, 27.630520790529822, 57.99741445890816, 19.107381585628804, 262.2523772096049, 124.3069946721333, 10.508447124085935, 192.60395878289597, 384.0224834100468, 85.74584671304126, 420.5410007308404, 132.9943523277331, 76.29158912823908, 213.9477261561192, 51.36855035796312, 117.6814635481428, 238.06226385394598, 9.098264549925467, 192.24162985121004, 224.2062534390174, 145.9114466781526, 20.052519828938163, 61.97284064573542, 5.164954900637047, 16.937450957054576, 296.20860612463014, 125.87760785992262, 4.856449739480375, 111.7815653064187, 236.62136216906197, 201.0939388473602, 24.410162561551296, 64.31723301324944]]"
56,"[[(4, 2), (4, 10), (4, 29), (4, 37), (4, 40), (19, 23), (30, 17), (30, 25), (1, 4), (11, 7), (11, 8), (11, 13), (11, 38), (24, 6), (32, 11), (32, 34), (32, 46), (2, 30), (21, 5), (36, 16), (47, 18), (3, 44), (43, 42), (44, 24), (10, 13), (12, 48), (23, 20), (27, 23), (27, 28), (27, 48), (29, 17), (29, 42), (34, 8), (35, 18), (39, 34), (40, 21), (40, 25), (5, 19), (38, 28), (38, 32), (18, 5), (18, 6), (18, 27), (18, 33), (31, 10), (7, 16), (22, 19), (13, 2), (13, 3), (13, 11), (13, 36), (28, 39), (17, 11), (17, 38), (17, 43), (14, 49), (45, 32), (41, 31)]]","[[6.853525700927806, 88.09308602483429, 124.70006482911117, 236.0952837715548, 293.2473912925784, 21.13800324359872, 65.50715394146953, 87.15022782633885, 1.1951797704566494, 56.99984231155978, 57.2418579463437, 20.85217598328765, 227.49303775374682, 223.25458334196733, 235.2111185331345, 8.8273039866161, 168.77647666883837, 186.94898407887473, 341.489926725648, 97.41354668708058, 83.75044869588243, 568.7666854665192, 5.233511861999175, 155.4892299679793, 15.372506207647543, 266.70106110617445, 16.196800582956442, 66.1232085895265, 16.188624140796332, 271.34354334500057, 81.22571338921149, 5.506529108512682, 216.22060072457342, 292.3507070910197, 85.60648415649257, 289.4152736103243, 125.55590293569715, 269.96823979207585, 219.7372127740692, 15.893073079810453, 201.43751448493597, 240.79787392087815, 8.87655348721907, 115.8241303853824, 266.4470242393579, 148.4236883606634, 9.84593087170095, 99.08270218364912, 5.362586925989185, 25.44369135006629, 316.5117656295389, 134.30401509863276, 6.327814374617598, 135.38056358341058, 317.63004273112983, 124.15623961350897, 189.00824478952788, 59.40706027669497]]"
57,"[[(4, 2), (4, 10), (4, 29), (4, 37), (4, 40), (19, 23), (30, 17), (30, 25), (1, 4), (11, 7), (11, 8), (11, 13), (11, 38), (24, 6), (32, 11), (32, 34), (32, 46), (2, 30), (21, 5), (36, 16), (47, 18), (3, 44), (43, 42), (44, 24), (10, 13), (12, 48), (23, 20), (27, 23), (27, 28), (27, 48), (29, 17), (29, 42), (34, 8), (35, 18), (39, 34), (40, 21), (40, 25), (5, 19), (38, 28), (38, 32), (18, 5), (18, 6), (18, 27), (18, 33), (31, 10), (7, 16), (22, 19), (13, 2), (13, 3), (13, 11), (13, 36), (28, 39), (17, 11), (17, 38), (17, 43), (14, 49), (45, 32), (41, 31)]]","[[12.016580029460517, 99.9280975908548, 198.85455432834365, 268.7611044949352, 213.8916056117707, 23.623794265547126, 60.36450399360917, 90.8801825493506, 0.5431856050314117, 62.584563110439916, 31.940480455074518, 12.389280094401332, 223.21137237777035, 302.1700416688391, 132.02858837490447, 10.063483051608657, 279.83730409627975, 76.09643481323582, 443.96107248989614, 506.14579472737944, 223.55707575515947, 467.22353065311694, 6.658131737729055, 135.1934686463495, 18.7994935725906, 336.68450962242343, 36.374094251005594, 56.73942804751026, 9.21066925756155, 270.21739633462806, 90.1171790856629, 5.472776014614654, 366.6302009488228, 392.4895679572184, 86.1799282295941, 373.2068591696459, 104.92891214764336, 63.44059971672193, 254.52832293634395, 9.850561820391917, 293.1987211459775, 128.98587374095376, 7.2054127430741275, 372.1950273427977, 160.25450239718703, 137.39875026068734, 14.68178819095338, 54.84017246391071, 4.027685209934969, 12.872208660929008, 304.39889538921676, 162.58187728384266, 8.002896617648233, 137.16482552699424, 384.08568794440146, 268.6810870426151, 94.20947630510305, 63.02146459818176]]"
58,"[[(4, 2), (4, 10), (4, 29), (4, 37), (4, 40), (19, 23), (30, 17), (30, 25), (1, 4), (11, 7), (11, 8), (11, 13), (11, 38), (24, 6), (32, 11), (32, 34), (32, 46), (2, 30), (21, 5), (36, 16), (47, 18), (3, 44), (43, 42), (44, 24), (10, 13), (12, 48), (23, 20), (27, 23), (27, 28), (27, 48), (29, 17), (29, 42), (34, 8), (35, 18), (39, 34), (40, 21), (40, 25), (5, 19), (38, 28), (38, 32), (18, 5), (18, 6), (18, 27), (18, 33), (31, 10), (7, 16), (22, 19), (13, 2), (13, 3), (13, 11), (13, 36), (28, 39), (17, 11), (17, 38), (17, 43), (14, 49), (45, 32), (41, 31)]]","[[8.202605725334744, 84.27280408083018, 171.7179414568458, 381.90077489468223, 322.82167300821146, 22.511512402739044, 70.9134210165966, 72.62474696579582, 1.8002988279633407, 40.411961249957976, 46.690684175591954, 11.353686674102988, 315.87087821882653, 420.9584533116762, 243.7903720007475, 7.678679225831592, 221.59082616668968, 58.11030882060389, 114.86139606172549, 103.44733085511726, 279.65451554313523, 172.28743188578648, 1.821162210899101, 165.16697762927902, 5.493645473785999, 391.618453454379, 34.085912477836196, 67.18649246090779, 18.38156019689017, 270.6281010831109, 57.61520194064458, 4.293337536624323, 380.8453099722267, 219.05180119767505, 86.18029716784801, 214.57731638212442, 97.75382013467971, 128.06250880020065, 208.00310377000557, 30.682842027632397, 76.38567782332798, 149.70294598691672, 5.7333880316961405, 207.87054761469773, 317.37808169063373, 150.63017955126884, 7.880086372785298, 118.49322314413328, 4.90911266327563, 7.266797099947048, 303.9796096912687, 201.24459919910004, 6.187257872535849, 150.53595159024016, 353.261298340994, 300.1808181839699, 129.94244722967233, 58.800463010467446]]"
59,"[[(4, 2), (4, 10), (4, 29), (4, 37), (4, 40), (19, 23), (30, 17), (30, 25), (1, 4), (11, 7), (11, 8), (11, 13), (11, 38), (24, 6), (32, 11), (32, 34), (32, 46), (2, 30), (21, 5), (36, 16), (47, 18), (3, 44), (43, 42), (44, 24), (10, 13), (12, 48), (23, 20), (27, 23), (27, 28), (27, 48), (29, 17), (29, 42), (34, 8), (35, 18), (39, 34), (40, 21), (40, 25), (5, 19), (38, 28), (38, 32), (18, 5), (18, 6), (18, 27), (18, 33), (31, 10), (7, 16), (22, 19), (13, 2), (13, 3), (13, 11), (13, 36), (28, 39), (17, 11), (17, 38), (17, 43), (14, 49), (45, 32), (41, 31)]]","[[15.47843002935523, 100.56643224859107, 175.26254046158004, 466.99924922033074, 334.5194163029387, 20.03941135142945, 87.3979119223523, 73.41670583873568, 0.006038445253030877, 86.88830525528633, 53.23990925095355, 24.069763254616515, 218.83877603085406, 308.8466821209578, 248.5293532832582, 8.867796096922532, 302.47740304015645, 126.60883957775489, 59.813326271791766, 515.9701311848328, 254.94029542931133, 147.61537149353603, 5.25728635276118, 85.45262377337585, 1.323689602969362, 351.20802854080046, 47.0272149153548, 54.96507730871024, 1.8255889969024508, 261.87130349172486, 62.369423499284245, 5.401096614694772, 420.06851852379975, 359.3991825194345, 86.19090914067726, 336.1711441461533, 30.079366365045722, 196.5607132005807, 274.9420999561831, 13.329024803474619, 117.91860718710727, 174.07275856797992, 9.4482835174903, 169.05587240833475, 78.29948951036395, 158.44582174808633, 20.35384135883649, 154.95895695140112, 5.169958464626484, 21.18164303017517, 348.045450792143, 178.58128490088097, 4.040717324512539, 90.37408386741981, 391.27177685122075, 214.24647019012838, 56.41490327945704, 61.54671454601642]]"
60,"[[(4, 2), (4, 10), (4, 29), (4, 37), (4, 40), (19, 23), (30, 17), (30, 25), (1, 4), (11, 7), (11, 8), (11, 13), (11, 38), (24, 6), (32, 11), (32, 34), (32, 46), (2, 30), (21, 5), (36, 16), (47, 18), (3, 44), (43, 42), (44, 24), (10, 13), (12, 48), (23, 20), (27, 23), (27, 28), (27, 48), (29, 17), (29, 42), (34, 8), (35, 18), (39, 34), (40, 21), (40, 25), (5, 19), (38, 28), (38, 32), (18, 5), (18, 6), (18, 27), (18, 33), (31, 10), (7, 16), (22, 19), (13, 2), (13, 3), (13, 11), (13, 36), (28, 39), (17, 11), (17, 38), (17, 43), (14, 49), (45, 32), (41, 31)]]","[[15.757998075560671, 80.06026027464023, 95.29732054900872, 584.0033472136233, 342.81714135914206, 21.449420479176652, 61.23777808058537, 73.98421207674963, 1.1197123974282581, 71.99215815688103, 42.4856228766358, 29.399772800893604, 308.16446879687953, 419.8826597646377, 199.01421931871948, 9.859915497813123, 216.29484664793904, 158.72347063749586, 102.27230602773392, 384.9106409139619, 309.55290682378603, 514.6812406368722, 4.8081605663476665, 235.56601298361068, 7.381081283060159, 293.8212277725553, 31.782235237914076, 63.65179262941899, 15.400963438173703, 265.4252286522612, 110.92246612890409, 12.298168173415837, 449.79623813182786, 283.44837116397014, 85.74451892251584, 267.3553205289835, 64.54415956456099, 241.00997633058034, 114.13595197629303, 21.71238974857062, 223.99162678079955, 212.19186254688668, 7.908579257205045, 51.381297424601385, 316.9915109591596, 157.60748492967033, 11.190026091932886, 104.07408672254694, 4.205791856488073, 28.080865098443645, 281.0838928569354, 192.82513085687083, 7.740212098630378, 151.89871948090794, 366.05113811018083, 85.69665091155535, 48.27378341049067, 66.07528696425041]]"
61,"[[(4, 2), (4, 10), (4, 29), (4, 37), (4, 40), (19, 23), (30, 17), (30, 25), (1, 4), (11, 7), (11, 8), (11, 13), (11, 38), (24, 6), (32, 11), (32, 34), (32, 46), (2, 30), (21, 5), (36, 16), (47, 18), (3, 44), (43, 42), (44, 24), (10, 13), (12, 48), (23, 20), (27, 23), (27, 28), (27, 48), (29, 17), (29, 42), (34, 8), (35, 18), (39, 34), (40, 21), (40, 25), (5, 19), (38, 28), (38, 32), (18, 5), (18, 6), (18, 27), (18, 33), (31, 10), (7, 16), (22, 19), (13, 2), (13, 3), (13, 11), (13, 36), (28, 39), (17, 11), (17, 38), (17, 43), (14, 49), (45, 32), (41, 31)]]","[[15.937505531690514, 77.94558718673488, 95.09731463658032, 549.836625977775, 388.0725750544925, 23.826990356586812, 62.90886041841041, 81.00293574021998, 1.170792000268565, 87.95861658835923, 37.1325870782955, 10.877548508978613, 243.65292652680003, 484.9490663964692, 206.95782145931352, 10.524693695176143, 250.2249583645945, 163.76194899598988, 149.39502993720885, 282.4400425748134, 76.04087492925088, 161.4809440008767, 1.5032389517214282, 189.5984156176915, 12.170590454555157, 242.35600012971582, 44.10779155130664, 60.46072508397719, 11.443294272981102, 264.3965829835409, 92.78794715004085, 7.047071750943907, 367.97788454963893, 396.6462938396861, 85.86064498843506, 381.2318490292635, 30.581851546462946, 178.4979162881562, 189.21592471312556, 57.59335316765857, 274.78220586520854, 175.99056107755635, 9.73133870909076, 52.811097069390854, 225.53387732034275, 136.09258791898415, 6.311251671565596, 149.59860906338844, 4.548130866833357, 26.680292210698575, 345.3038207275072, 207.56786222935315, 8.237652942587413, 112.58667143037414, 311.090949802518, 74.35698246877334, 35.77700427198717, 60.72214350350016]]"
62,"[[(4, 2), (4, 10), (4, 29), (4, 37), (4, 40), (19, 23), (30, 17), (30, 25), (1, 4), (11, 7), (11, 8), (11, 13), (11, 38), (24, 6), (32, 11), (32, 34), (32, 46), (2, 30), (21, 5), (36, 16), (47, 18), (3, 44), (43, 42), (44, 24), (10, 13), (12, 48), (23, 20), (27, 23), (27, 28), (27, 48), (29, 17), (29, 42), (34, 8), (35, 18), (39, 34), (40, 21), (40, 25), (5, 19), (38, 28), (38, 32), (18, 5), (18, 6), (18, 27), (18, 33), (31, 10), (7, 16), (22, 19), (13, 2), (13, 3), (13, 11), (13, 36), (28, 39), (17, 11), (17, 38), (17, 43), (14, 49), (45, 32), (41, 31)]]","[[2.4588525979597176, 92.52066409520572, 189.42491804561263, 295.2382437594875, 295.6940434785001, 22.154368142824566, 59.71395661457367, 88.27736550316087, 1.5936732221914147, 52.53111788470434, 68.05806477804161, 25.561353636895014, 231.5974529669416, 322.44812574906445, 133.64089533398285, 9.756851477385549, 232.53554241108398, 107.45595558068628, 159.1631701169202, 270.320701275778, 93.30229136508851, 690.8873652949236, 3.6586558204537685, 38.59780952662946, 4.096491725106522, 341.7969346986148, 14.415866338219494, 71.06321857065468, 1.206118711089586, 266.29541331538434, 74.0473461860035, 17.96597325153436, 444.39991201667107, 283.8614620154351, 85.15256354007926, 257.21957691870944, 44.809191014821614, 139.6766552907078, 188.53122923866323, 5.602322627358532, 279.9420846677344, 175.95162052725044, 7.567209962818627, 263.8822446734202, 127.61517140219576, 134.98149967093536, 15.68725455626907, 116.00074514322868, 5.422810176395032, 28.492349045281845, 310.6915264060642, 115.35861203203233, 4.4725405394315505, 138.91403224598815, 234.01232488601084, 106.46899025262277, 22.574605857667795, 70.58282447777461]]"
63,"[[(4, 2), (4, 10), (4, 29), (4, 37), (4, 40), (19, 23), (30, 17), (30, 25), (1, 4), (11, 7), (11, 8), (11, 13), (11, 38), (24, 6), (32, 11), (32, 34), (32, 46), (2, 30), (21, 5), (36, 16), (47, 18), (3, 44), (43, 42), (44, 24), (10, 13), (12, 48), (23, 20), (27, 23), (27, 28), (27, 48), (29, 17), (29, 42), (34, 8), (35, 18), (39, 34), (40, 21), (40, 25), (5, 19), (38, 28), (38, 32), (18, 5), (18, 6), (18, 27), (18, 33), (31, 10), (7, 16), (22, 19), (13, 2), (13, 3), (13, 11), (13, 36), (28, 39), (17, 11), (17, 38), (17, 43), (14, 49), (45, 32), (41, 31)]]","[[13.529453578602588, 93.61218693398804, 146.7818486216119, 426.2388707809931, 229.19602234139663, 20.77496286728685, 70.24330572354847, 73.37633488455107, 0.21469722193961394, 29.214905178076215, 65.42890415904753, 20.528732851880335, 282.27239190802345, 440.39267207163846, 221.7193857478367, 8.830046010036106, 305.0046104438968, 168.27912865402254, 391.9333858798517, 130.50939233237983, 45.2734706305829, 314.9632667040503, 1.3476781842517098, 159.2590740464051, 17.02944483135309, 277.9147796996222, 25.130662212599262, 61.23859369246577, 21.538600502375324, 272.97598037072515, 78.7930275560945, 10.030812370074042, 241.3350190225716, 344.58330099935677, 85.67671211784509, 101.13598061396384, 109.80394994070447, 66.5321729799462, 156.17310661581672, 55.14769175136521, 281.40886912666514, 143.4541491076878, 5.57993158120191, 65.62131051255899, 116.17112136487216, 152.96498102057208, 9.257284863264948, 50.550607263992376, 4.303146771224461, 12.470277964682378, 359.6396827947724, 120.05771482692768, 4.357005348885374, 158.90021138357062, 292.6308519798662, 110.27540399523215, 176.06758290666897, 67.74734490635967]]"
64,"[[(4, 2), (4, 10), (4, 29), (4, 37), (4, 40), (19, 23), (30, 17), (30, 25), (1, 4), (11, 7), (11, 8), (11, 13), (11, 38), (24, 6), (32, 11), (32, 34), (32, 46), (2, 30), (21, 5), (36, 16), (47, 18), (3, 44), (43, 42), (44, 24), (10, 13), (12, 48), (23, 20), (27, 23), (27, 28), (27, 48), (29, 17), (29, 42), (34, 8), (35, 18), (39, 34), (40, 21), (40, 25), (5, 19), (38, 28), (38, 32), (18, 5), (18, 6), (18, 27), (18, 33), (31, 10), (7, 16), (22, 19), (13, 2), (13, 3), (13, 11), (13, 36), (28, 39), (17, 11), (17, 38), (17, 43), (14, 49), (45, 32), (41, 31)]]","[[2.9696723202935686, 98.05020438871543, 183.14325022429423, 502.22397219687633, 459.5481475682364, 21.302594263987718, 70.51588938708306, 90.3918844908354, 1.9692538743119488, 56.61351348214553, 61.94847480644675, 24.778031317965716, 247.0851493635797, 215.62017416217435, 166.62704668810755, 6.1868323929101345, 299.46407026641225, 79.49790303687811, 213.53496996449925, 70.67069231705982, 238.61049147982894, 548.9781252554598, 4.831810390963804, 168.91931390626328, 11.071515748860364, 220.46068893562125, 26.099225092687213, 71.19883678183376, 8.44120989032164, 267.76860440578645, 67.59739264642835, 12.144048931334629, 310.8232966414373, 394.9818125252024, 86.08096161897045, 252.16033600558197, 20.990880845021977, 123.51049554279228, 131.30770111231556, 59.5002325008711, 58.99016096142632, 224.26792225998062, 9.594651033819167, 309.9420590628916, 186.47107841828523, 136.1494291564169, 9.790852370147034, 72.0414045760046, 4.876184658579729, 25.549871554453386, 310.772762508776, 98.52976230862701, 8.858446434895924, 102.91003356336566, 375.3467104189132, 259.94402574145744, 153.49529059092782, 67.76139787991404]]"
65,"[[(4, 2), (4, 10), (4, 29), (4, 37), (4, 40), (19, 23), (30, 17), (30, 25), (1, 4), (11, 7), (11, 8), (11, 13), (11, 38), (24, 6), (32, 11), (32, 34), (32, 46), (2, 30), (21, 5), (36, 16), (47, 18), (3, 44), (43, 42), (44, 24), (10, 13), (12, 48), (23, 20), (27, 23), (27, 28), (27, 48), (29, 17), (29, 42), (34, 8), (35, 18), (39, 34), (40, 21), (40, 25), (5, 19), (38, 28), (38, 32), (18, 5), (18, 6), (18, 27), (18, 33), (31, 10), (7, 16), (22, 19), (13, 2), (13, 3), (13, 11), (13, 36), (28, 39), (17, 11), (17, 38), (17, 43), (14, 49), (45, 32), (41, 31)]]","[[10.913634639211105, 101.17720283626518, 187.42052020494071, 224.02384421386898, 363.78343521891725, 20.781134306776643, 72.55336307646482, 79.47957697199729, 1.9653780838161663, 83.6298921555186, 59.04878351219717, 27.055489102637672, 220.55601083502728, 375.1741222391267, 154.187571898398, 6.285857346636333, 261.9401520349916, 52.14229253037076, 25.041435967471635, 494.8342768044883, 190.70663262822072, 304.9729195946456, 6.883209222171969, 132.3169249878693, 13.818154389394904, 229.66803701319546, 47.046554982853216, 55.26915023537451, 4.636402804562423, 259.9713162989722, 86.3869128965394, 18.712515957339996, 212.68665931812978, 201.96461285157045, 85.98822159571176, 258.09298499203146, 74.89537464058974, 272.4881424025271, 271.9941570173029, 7.0978738454419315, 93.89235602467613, 199.242007320784, 5.395629450471686, 306.1661883569042, 101.84555842561056, 132.43711044360697, 20.01786070541934, 32.109227875030605, 5.1660397471158745, 34.353102461999384, 284.81260725842196, 171.27679696442308, 7.19175551247712, 10.956253401593894, 203.06745271338917, 236.00642394461758, 41.342008894593995, 57.5477552217433]]"
66,"[[(4, 2), (4, 10), (4, 29), (4, 37), (4, 40), (19, 23), (30, 17), (30, 25), (1, 4), (11, 7), (11, 8), (11, 13), (11, 38), (24, 6), (32, 11), (32, 34), (32, 46), (2, 30), (21, 5), (36, 16), (47, 18), (3, 44), (43, 42), (44, 24), (10, 13), (12, 48), (23, 20), (27, 23), (27, 28), (27, 48), (29, 17), (29, 42), (34, 8), (35, 18), (39, 34), (40, 21), (40, 25), (5, 19), (38, 28), (38, 32), (18, 5), (18, 6), (18, 27), (18, 33), (31, 10), (7, 16), (22, 19), (13, 2), (13, 3), (13, 11), (13, 36), (28, 39), (17, 11), (17, 38), (17, 43), (14, 49), (45, 32), (41, 31)]]","[[14.850315477849257, 81.39196649460622, 127.90342650724571, 276.1482296241171, 287.46058049525243, 22.004552744388583, 79.4300693491505, 71.72592453317408, 1.7371228918549628, 41.23158296875637, 62.213076916737315, 27.09619311827878, 259.879237655517, 257.95612571401597, 203.04252192905744, 6.784207197549855, 204.94218422979066, 51.675053353932896, 194.5464526390429, 663.6569020573315, 278.62532206670517, 149.405135289196, 3.29861306490574, 197.9487083126545, 4.381087518013768, 267.78634690804904, 48.01826505844746, 61.450444509836274, 11.489952293780442, 263.6933747657133, 90.67656390424213, 8.662042912502395, 263.17477968089474, 249.45345711538613, 85.05402315176777, 199.23861968954623, 142.7249384790937, 140.6017589578531, 127.77688121018076, 41.956815538929504, 220.73176596605208, 255.92803411661822, 10.349604046439534, 142.95933499186947, 296.2298959829826, 131.94088060918037, 18.406471700684854, 77.54800548790197, 4.516709735647735, 35.11410317626226, 319.777025923527, 113.05532098076827, 6.892966524683409, 131.87959548332068, 354.06736340742236, 216.65625140691108, 31.547378115355308, 57.487767055529616]]"
67,"[[(4, 2), (4, 10), (4, 29), (4, 37), (4, 40), (19, 23), (30, 17), (30, 25), (1, 4), (11, 7), (11, 8), (11, 13), (11, 38), (24, 6), (32, 11), (32, 34), (32, 46), (2, 30), (21, 5), (36, 16), (47, 18), (3, 44), (43, 42), (44, 24), (10, 13), (12, 48), (23, 20), (27, 23), (27, 28), (27, 48), (29, 17), (29, 42), (34, 8), (35, 18), (39, 34), (40, 21), (40, 25), (5, 19), (38, 28), (38, 32), (18, 5), (18, 6), (18, 27), (18, 33), (31, 10), (7, 16), (22, 19), (13, 2), (13, 3), (13, 11), (13, 36), (28, 39), (17, 11), (17, 38), (17, 43), (14, 49), (45, 32), (41, 31)]]","[[4.327580087511594, 100.97582711641051, 191.67439837459904, 336.87009201504395, 383.55516406437073, 22.678284141820043, 80.0627742551134, 89.28101945887799, 1.051206427067181, 71.26275999011946, 39.70984253801566, 11.9030963890639, 310.01753628977065, 432.0124831196991, 142.5498276806029, 10.494505509435326, 335.19416527801684, 74.35916366792787, 247.5221914943983, 374.41987407249036, 75.3310320031004, 601.8987274845585, 3.320464437935826, 244.93307301409402, 9.674519518543645, 134.0921200900441, 32.27640612010822, 67.58291038622338, 1.1461052609646212, 267.9291509820595, 70.37046846864907, 7.991525220710537, 212.12565342270125, 378.45144902917775, 86.70877536383365, 221.51185171311042, 102.31400601943058, 60.627403572288344, 194.06981302955813, 57.83214778532931, 141.41184284695845, 141.41190790519707, 4.654451719659479, 361.7341994621376, 286.8881596788923, 152.3463987792098, 16.526578670991107, 99.10688713866128, 4.426022050138778, 20.47285745319198, 362.732426799309, 90.54724526867527, 4.901097598542519, 127.09724870719036, 234.31176304515296, 79.72006465198403, 29.731554237228202, 66.04155020958451]]"
68,"[[(4, 2), (4, 10), (4, 29), (4, 37), (4, 40), (19, 23), (30, 17), (30, 25), (1, 4), (11, 7), (11, 8), (11, 13), (11, 38), (24, 6), (32, 11), (32, 34), (32, 46), (2, 30), (21, 5), (36, 16), (47, 18), (3, 44), (43, 42), (44, 24), (10, 13), (12, 48), (23, 20), (27, 23), (27, 28), (27, 48), (29, 17), (29, 42), (34, 8), (35, 18), (39, 34), (40, 21), (40, 25), (5, 19), (38, 28), (38, 32), (18, 5), (18, 6), (18, 27), (18, 33), (31, 10), (7, 16), (22, 19), (13, 2), (13, 3), (13, 11), (13, 36), (28, 39), (17, 11), (17, 38), (17, 43), (14, 49), (45, 32), (41, 31)]]","[[11.198833576053016, 79.05570035357758, 114.36997645831129, 418.1773512280654, 446.02942569098974, 22.572783065535887, 79.67135571419968, 86.1708186350213, 0.4028436730970322, 37.036579118242116, 70.55489854705615, 20.788590988876617, 310.35068844600846, 372.99287366080404, 132.87513620236584, 9.459281882370565, 90.015019014345, 135.91923909689996, 54.48152246599386, 354.5311753740609, 62.4376395522828, 249.26391860954016, 4.59935639534024, 139.6683847571257, 7.452238062342817, 142.2758949001513, 35.897661957550696, 72.09444205457521, 18.3494885178358, 273.1825026896061, 116.8611871715416, 9.889368213145033, 432.906580722692, 313.85020102499396, 86.88521175302184, 419.61881821513566, 95.95746607345598, 200.49599960322294, 214.5110614130432, 12.327120633564974, 190.70498738225743, 143.62216805682584, 9.307692853542656, 41.81023660939732, 272.3061351666833, 141.4446394198163, 8.871372602839571, 72.16132683851947, 5.4152856013477315, 34.422788342354906, 289.5441727108895, 177.72267583148232, 7.218717025671252, 135.8099712849521, 248.4736950688654, 124.72919022092358, 36.142071822631706, 59.290876949029176]]"
69,"[[(4, 2), (4, 10), (4, 29), (4, 37), (4, 40), (19, 23), (30, 17), (30, 25), (1, 4), (11, 7), (11, 8), (11, 13), (11, 38), (24, 6), (32, 11), (32, 34), (32, 46), (2, 30), (21, 5), (36, 16), (47, 18), (3, 44), (43, 42), (44, 24), (10, 13), (12, 48), (23, 20), (27, 23), (27, 28), (27, 48), (29, 17), (29, 42), (34, 8), (35, 18), (39, 34), (40, 21), (40, 25), (5, 19), (38, 28), (38, 32), (18, 5), (18, 6), (18, 27), (18, 33), (31, 10), (7, 16), (22, 19), (13, 2), (13, 3), (13, 11), (13, 36), (28, 39), (17, 11), (17, 38), (17, 43), (14, 49), (45, 32), (41, 31)]]","[[9.016334742364378, 95.41929378428046, 183.89608588415078, 541.4496599190168, 454.92322334016643, 23.630135192676356, 85.2698949383834, 71.44711847308963, 1.538593292485674, 77.61557469039315, 72.83292876440075, 25.727476935439938, 257.27784208844577, 452.10486249761897, 240.1068836132704, 9.01102738413557, 310.5022813293581, 112.74044503760945, 112.16980270418702, 716.6303358199906, 84.55963623599644, 570.3174984746465, 3.179212693917288, 54.96990326995224, 16.810839717007603, 416.2302128720777, 35.929399537772056, 69.63366610297132, 20.653115402304174, 276.79519986348265, 81.57217935327624, 3.6581585773743104, 425.485998114632, 376.96720635911845, 85.18758434570434, 386.2606410702601, 22.25036129521603, 317.70719419396664, 152.85682866824686, 31.84516895348513, 144.2927728559373, 231.17230342902286, 4.844266817386773, 330.02618020240357, 178.96027608333156, 160.73656673572856, 16.38880059459708, 78.56286497019259, 4.195790436699361, 18.385095836140287, 309.138607456777, 130.31240859133365, 4.279959987799202, 87.27727537098541, 285.06319431388783, 112.88892582333689, 70.62621080210633, 70.92757755113016]]"
70,"[[(4, 2), (4, 10), (4, 29), (4, 37), (4, 40), (19, 23), (30, 17), (30, 25), (1, 4), (11, 7), (11, 8), (11, 13), (11, 38), (24, 6), (32, 11), (32, 34), (32, 46), (2, 30), (21, 5), (36, 16), (47, 18), (3, 44), (43, 42), (44, 24), (10, 13), (12, 48), (23, 20), (27, 23), (27, 28), (27, 48), (29, 17), (29, 42), (34, 8), (35, 18), (39, 34), (40, 21), (40, 25), (5, 19), (38, 28), (38, 32), (18, 5), (18, 6), (18, 27), (18, 33), (31, 10), (7, 16), (22, 19), (13, 2), (13, 3), (13, 11), (13, 36), (28, 39), (17, 11), (17, 38), (17, 43), (14, 49), (45, 32), (41, 31)]]","[[14.542388955811072, 92.36491202908628, 84.83182077008996, 526.6862536645857, 365.3480741796626, 23.854906949966523, 82.60118636636085, 77.57816591120135, 0.26482014783091845, 71.02891270652354, 70.65274394006502, 9.915321348719031, 253.731416146703, 346.7275443286704, 180.88422242497774, 4.532975259063199, 285.2801317431308, 188.58907193958436, 277.636400210896, 555.5163686027602, 87.43679808665341, 434.06077540772486, 6.212317856187823, 161.53814921571345, 12.674172979257062, 233.2117767960358, 25.95165373331335, 64.34036906289248, 19.9546940546433, 268.5570732121425, 123.93400337194376, 11.660385648778572, 418.78943296272985, 223.2023178617808, 86.2409339078077, 426.94995583966636, 93.24218635210616, 328.5419950470958, 147.2286724164431, 6.01681667770494, 179.3572029386227, 195.39005933590383, 8.238983815803632, 327.9310628874885, 243.7999023707236, 144.96581684239288, 9.489808599254264, 82.77428301805881, 5.3923149608590775, 13.783057187087046, 333.0819588052274, 111.52046756931237, 8.784368639857544, 81.7545126471388, 220.8138527669284, 230.9834867460598, 55.19358438927382, 55.4674130494299]]"
71,"[[(4, 2), (4, 10), (4, 29), (4, 37), (4, 40), (19, 23), (30, 17), (30, 25), (1, 4), (11, 7), (11, 8), (11, 13), (11, 38), (24, 6), (32, 11), (32, 34), (32, 46), (2, 30), (21, 5), (36, 16), (47, 18), (3, 44), (43, 42), (44, 24), (10, 13), (12, 48), (23, 20), (27, 23), (27, 28), (27, 48), (29, 17), (29, 42), (34, 8), (35, 18), (39, 34), (40, 21), (40, 25), (5, 19), (38, 28), (38, 32), (18, 5), (18, 6), (18, 27), (18, 33), (31, 10), (7, 16), (22, 19), (13, 2), (13, 3), (13, 11), (13, 36), (28, 39), (17, 11), (17, 38), (17, 43), (14, 49), (45, 32), (41, 31)]]","[[8.723620905891174, 94.36350357302952, 186.0565996415808, 471.3500418992096, 343.61956486945155, 20.869336083840665, 77.78990194218284, 76.65635652858043, 1.727194154270758, 51.55635256770819, 44.581023914369354, 29.600209887690312, 253.17396005988425, 323.9971603775497, 215.23559460262027, 9.009410195439195, 234.57284449929563, 70.22349332673836, 203.4303295597259, 250.18995389238373, 310.8995130918688, 490.4294697112841, 3.215622920208104, 194.70730453930162, 1.4995193443677386, 339.1826421880944, 47.74058404553787, 58.7037632576353, 12.641032307984482, 267.3234581241171, 64.96291192140518, 6.888427833633864, 269.4074347094812, 345.50619807298904, 85.38191662142886, 176.98845386020434, 33.78201590870002, 278.3883125021216, 100.88211667708393, 33.833050960791795, 116.14872303326666, 244.82478522210883, 6.28531390494158, 155.75901805046144, 265.1116636654996, 161.44470748830022, 14.24382264653816, 157.54003946622595, 4.7772309128312465, 18.234163540561866, 286.0913957528437, 134.46460440009025, 7.22404741863523, 129.9941754614645, 355.89674088116743, 143.42190485278664, 155.51904379855134, 65.35086789841078]]"
72,"[[(4, 2), (4, 10), (4, 29), (4, 37), (4, 40), (19, 23), (30, 17), (30, 25), (1, 4), (11, 7), (11, 8), (11, 13), (11, 38), (24, 6), (32, 11), (32, 34), (32, 46), (2, 30), (21, 5), (36, 16), (47, 18), (3, 44), (43, 42), (44, 24), (10, 13), (12, 48), (23, 20), (27, 23), (27, 28), (27, 48), (29, 17), (29, 42), (34, 8), (35, 18), (39, 34), (40, 21), (40, 25), (5, 19), (38, 28), (38, 32), (18, 5), (18, 6), (18, 27), (18, 33), (31, 10), (7, 16), (22, 19), (13, 2), (13, 3), (13, 11), (13, 36), (28, 39), (17, 11), (17, 38), (17, 43), (14, 49), (45, 32), (41, 31)]]","[[0.9628428885960947, 96.55558083270137, 103.8863683346849, 537.2254760861375, 211.3322598021674, 21.061399352509017, 58.81552852286588, 83.88061999145577, 1.7499591816255167, 64.67578524920926, 32.212156823802374, 6.84277476988262, 318.33022252093826, 412.43583040388944, 229.64238135486386, 11.094064370731274, 195.55165511869382, 133.14447094207128, 374.0053241624993, 377.6243078843081, 131.04840035527798, 302.8712319696932, 2.9452944482744465, 34.652945120103254, 17.430417111328953, 415.83630388687675, 48.243302861931625, 52.3317168591717, 8.78404541994467, 275.48417635984055, 61.03270282050275, 8.069254419882036, 352.92175202245073, 381.9090958015229, 85.36463885075172, 283.3686813175856, 130.46589447809222, 96.50942752307614, 120.76874144628914, 11.913990322827198, 123.31855660570425, 240.17416126667942, 10.37324629448447, 101.76348748892207, 323.744454512219, 132.2143395897815, 11.87482038473223, 143.6259019944677, 5.079527529465894, 31.534649208869638, 307.2881083733532, 89.2477611099207, 6.26181855808851, 102.07222247957228, 251.3450668135383, 105.34446928145258, 70.21319082094082, 68.24886599023813]]"
73,"[[(4, 2), (4, 10), (4, 29), (4, 37), (4, 40), (19, 23), (30, 17), (30, 25), (1, 4), (11, 7), (11, 8), (11, 13), (11, 38), (24, 6), (32, 11), (32, 34), (32, 46), (2, 30), (21, 5), (36, 16), (47, 18), (3, 44), (43, 42), (44, 24), (10, 13), (12, 48), (23, 20), (27, 23), (27, 28), (27, 48), (29, 17), (29, 42), (34, 8), (35, 18), (39, 34), (40, 21), (40, 25), (5, 19), (38, 28), (38, 32), (18, 5), (18, 6), (18, 27), (18, 33), (31, 10), (7, 16), (22, 19), (13, 2), (13, 3), (13, 11), (13, 36), (28, 39), (17, 11), (17, 38), (17, 43), (14, 49), (45, 32), (41, 31)]]","[[9.77331482933059, 94.1809566998594, 146.75156164187686, 516.601520454833, 394.96262104262166, 21.23811894312999, 79.18362820136649, 68.88818026790993, 0.17667516250378923, 58.03722778871366, 41.26157061556305, 5.994373084458596, 216.89989430044042, 231.96198429457456, 197.80590406440461, 10.384033198610354, 194.65898829635185, 48.98502449366268, 116.81896613349437, 575.352080746031, 82.17343719127398, 256.10989195387845, 3.3426364183865855, 51.9724700820606, 5.4041844324290755, 144.3393192617306, 13.641259791248775, 69.83545835584613, 12.686332420638644, 275.9791464934957, 49.507893797949926, 10.054177110225858, 235.24818537351587, 277.7658382610286, 85.26150460352333, 99.15955502913313, 27.20003440854015, 277.2561322928577, 168.08141556382827, 16.606774698144566, 199.23890410892733, 257.1055440142334, 5.056794151123403, 207.89644509516506, 292.53218009616177, 143.16279428157588, 13.604649215881256, 122.20959413180927, 5.951085062150631, 20.395519720740143, 313.27977686830394, 194.8245741032773, 6.826721266474191, 115.70448915753167, 179.94449808655358, 300.191241079778, 146.35865008076266, 62.44301087817091]]"
74,"[[(4, 2), (4, 10), (4, 29), (4, 37), (4, 40), (19, 23), (30, 17), (30, 25), (1, 4), (11, 7), (11, 8), (11, 13), (11, 38), (24, 6), (32, 11), (32, 34), (32, 46), (2, 30), (21, 5), (36, 16), (47, 18), (3, 44), (43, 42), (44, 24), (10, 13), (12, 48), (23, 20), (27, 23), (27, 28), (27, 48), (29, 17), (29, 42), (34, 8), (35, 18), (39, 34), (40, 21), (40, 25), (5, 19), (38, 28), (38, 32), (18, 5), (18, 6), (18, 27), (18, 33), (31, 10), (7, 16), (22, 19), (13, 2), (13, 3), (13, 11), (13, 36), (28, 39), (17, 11), (17, 38), (17, 43), (14, 49), (45, 32), (41, 31)]]","[[8.93202938189415, 78.15402396104997, 159.24694023917021, 604.2122986025363, 403.6560669843421, 22.857163766568412, 64.63025689392946, 73.59082178400361, 0.24363331371830776, 52.90475585260894, 50.05644982463076, 16.115873342249635, 273.17307530131006, 388.0111913503705, 184.84341699274333, 6.217491838254987, 115.6538128263513, 52.08165996946332, 296.3898765338303, 102.08150404720088, 68.14429844094022, 568.3725805007966, 3.6077922762982535, 224.14611359238089, 11.019846165165946, 214.72287211146892, 24.044239107500175, 63.902479920286545, 3.397436811405796, 271.55479486336543, 124.44367254098994, 7.942086636162662, 382.1189576030815, 367.2010825879694, 86.21153196116964, 346.47379878652794, 112.49770947694348, 171.70347854685033, 158.24077652839802, 63.60330790490964, 306.3860822876182, 149.45922812330207, 3.3803037018950883, 65.79872102510413, 86.91798592746245, 135.5330398496936, 12.980654706104964, 152.4443675639427, 5.43628769997508, 24.067130690314894, 310.616492918713, 188.9712116836381, 6.916171704288395, 118.69282592130338, 282.19683478849504, 54.72763500459815, 128.73405260781595, 57.68410532527931]]"
75,"[[(4, 2), (4, 10), (4, 29), (4, 37), (4, 40), (19, 23), (30, 17), (30, 25), (1, 4), (11, 7), (11, 8), (11, 13), (11, 38), (24, 6), (32, 11), (32, 34), (32, 46), (2, 30), (21, 5), (36, 16), (47, 18), (3, 44), (43, 42), (44, 24), (10, 13), (12, 48), (23, 20), (27, 23), (27, 28), (27, 48), (29, 17), (29, 42), (34, 8), (35, 18), (39, 34), (40, 21), (40, 25), (5, 19), (38, 28), (38, 32), (18, 5), (18, 6), (18, 27), (18, 33), (31, 10), (7, 16), (22, 19), (13, 2), (13, 3), (13, 11), (13, 36), (28, 39), (17, 11), (17, 38), (17, 43), (14, 49), (45, 32), (41, 31)]]","[[6.631742656850783, 82.6516910180519, 88.55016132722352, 363.4422565264722, 206.2460912112284, 22.587370298335927, 87.82622532176612, 80.52644901181239, 1.7616202057452035, 35.69833708125942, 34.949134430287046, 19.303349473666298, 256.4073427646223, 280.5304361385729, 200.9212447176517, 4.075941732999164, 202.94481172964686, 178.65181414556542, 108.97991119488002, 734.1076061568748, 279.09104244900607, 200.84526444863621, 2.18663521719973, 210.36348009138808, 6.547835948634685, 143.35942912945927, 54.157474063053385, 57.22460987433056, 2.813337347186578, 276.28775093945694, 121.34553054543588, 6.70905911396078, 309.77568385822235, 241.611558848845, 85.22221950269419, 280.26962441953833, 93.13513683391307, 270.1867953583827, 185.0865944676474, 20.18609806101415, 238.40093974016185, 218.83402261677747, 9.419239895928108, 112.71007544293097, 95.46080925538843, 158.13124265531368, 8.207652902245565, 98.39276800738115, 5.014915986523283, 14.825117915451333, 296.176457786328, 173.57107725147188, 4.862438529684448, 18.560315446039127, 292.9126566627599, 155.4318524625931, 151.17199745918913, 66.97922067389224]]"
76,"[[(4, 2), (4, 10), (4, 29), (4, 37), (4, 40), (19, 23), (30, 17), (30, 25), (1, 4), (11, 7), (11, 8), (11, 13), (11, 38), (24, 6), (32, 11), (32, 34), (32, 46), (2, 30), (21, 5), (36, 16), (47, 18), (3, 44), (43, 42), (44, 24), (10, 13), (12, 48), (23, 20), (27, 23), (27, 28), (27, 48), (29, 17), (29, 42), (34, 8), (35, 18), (39, 34), (40, 21), (40, 25), (5, 19), (38, 28), (38, 32), (18, 5), (18, 6), (18, 27), (18, 33), (31, 10), (7, 16), (22, 19), (13, 2), (13, 3), (13, 11), (13, 36), (28, 39), (17, 11), (17, 38), (17, 43), (14, 49), (45, 32), (41, 31)]]","[[7.192707211213568, 79.24613125696546, 118.24519446018883, 269.69766015245506, 203.18635794342015, 23.262530802142543, 62.94629242134096, 85.73109927830652, 1.113554410931224, 28.21280963274107, 34.84369035049019, 21.5152180083018, 283.74958442440425, 312.1207109416233, 129.94677993287337, 6.036286688542511, 357.9314612709441, 119.98891085622247, 297.26256220168807, 201.05453740389677, 153.4766980451952, 587.7505101851481, 1.7291138805097992, 224.73054723477918, 4.830778295344663, 265.70091290836694, 46.968592609414635, 66.38358273787941, 18.937206652607678, 261.5639554654622, 56.47333791518025, 17.794271366766985, 392.42142480484017, 283.715993667713, 86.53770055228192, 334.2043137247727, 100.3749675652525, 126.97316449591393, 166.99491967528996, 33.72912363631088, 296.35250078252966, 98.94016194115913, 3.8925955270248522, 127.90928723090192, 78.23605252320286, 131.40694039001505, 18.04625513500549, 164.4648489447322, 4.066004495683787, 13.154386889246338, 325.0326795163076, 157.7459767209273, 9.10870401659009, 78.43760350196881, 239.1770935469281, 196.31192079169764, 141.4610715216149, 65.55633641522293]]"
77,"[[(4, 2), (4, 10), (4, 29), (4, 37), (4, 40), (19, 23), (30, 17), (30, 25), (1, 4), (11, 7), (11, 8), (11, 13), (11, 38), (24, 6), (32, 11), (32, 34), (32, 46), (2, 30), (21, 5), (36, 16), (47, 18), (3, 44), (43, 42), (44, 24), (10, 13), (12, 48), (23, 20), (27, 23), (27, 28), (27, 48), (29, 17), (29, 42), (34, 8), (35, 18), (39, 34), (40, 21), (40, 25), (5, 19), (38, 28), (38, 32), (18, 5), (18, 6), (18, 27), (18, 33), (31, 10), (7, 16), (22, 19), (13, 2), (13, 3), (13, 11), (13, 36), (28, 39), (17, 11), (17, 38), (17, 43), (14, 49), (45, 32), (41, 31)]]","[[6.6261001937091635, 81.019429818981, 125.3571572613356, 396.8981331642743, 366.18222710487487, 23.81008037291282, 73.34418419485367, 78.4897813759955, 0.9346207068591665, 56.83753508988104, 42.67705784491277, 15.529608334355228, 256.67810361402104, 240.11753978028867, 225.9430735697124, 9.773171379182077, 360.9447919783068, 106.469165770826, 421.08264916669094, 447.4203056904819, 198.41775225165125, 664.780065788595, 6.743235518149635, 71.254469978126, 17.150326516110866, 331.12449382894033, 50.143901053619174, 52.380560481511466, 8.103876376525898, 262.41261470306574, 124.12111081463543, 8.296345472859198, 268.6918492068329, 323.7649112445727, 86.11944300460571, 165.23897272817288, 100.15684571312912, 68.516850012901, 151.16192191431384, 36.7769420926679, 233.1975760146959, 206.9459170916713, 9.761978546589242, 102.50413587851651, 74.00195934056262, 144.040116803885, 14.953442444413437, 32.92541213641098, 4.428884287722823, 28.152213486342916, 282.2708778029277, 175.82269373592416, 7.668827224554435, 120.3547862060911, 214.4465960730019, 87.56327225516401, 95.54274164346405, 60.23526393714809]]"
78,"[[(4, 2), (4, 10), (4, 29), (4, 37), (4, 40), (19, 23), (30, 17), (30, 25), (1, 4), (11, 7), (11, 8), (11, 13), (11, 38), (24, 6), (32, 11), (32, 34), (32, 46), (2, 30), (21, 5), (36, 16), (47, 18), (3, 44), (43, 42), (44, 24), (10, 13), (12, 48), (23, 20), (27, 23), (27, 28), (27, 48), (29, 17), (29, 42), (34, 8), (35, 18), (39, 34), (40, 21), (40, 25), (5, 19), (38, 28), (38, 32), (18, 5), (18, 6), (18, 27), (18, 33), (31, 10), (7, 16), (22, 19), (13, 2), (13, 3), (13, 11), (13, 36), (28, 39), (17, 11), (17, 38), (17, 43), (14, 49), (45, 32), (41, 31)]]","[[8.427935955233416, 82.54452508497212, 168.16936708329078, 518.5577499542321, 284.77285770119926, 20.665506267714747, 62.2585835991298, 79.97765573853597, 1.701030060496119, 34.34699246322327, 54.4975820074784, 4.355241657068889, 221.0975633547546, 444.0634396337949, 256.0520411980065, 8.482587953374036, 330.5110435126812, 150.5485132418529, 134.4459833273898, 598.9384222311264, 294.63575267522987, 494.2519430513541, 2.519281734748552, 161.56018246451708, 3.878584338624529, 367.36144727385675, 27.57896040163518, 62.073910913984875, 8.678153009512874, 264.22707323787455, 102.89081859742106, 9.231983800293792, 242.02981122130706, 284.59509086026, 85.24211283247577, 78.03786812549697, 96.74246563183121, 88.93310817955039, 201.50953593008447, 30.844585801008904, 112.50672064360103, 252.27999418078986, 10.430578756967382, 93.37195587865075, 223.5463983824764, 146.02172174217418, 19.522362310616366, 176.96808073581107, 4.131059272687079, 23.287735027829125, 286.8654786343524, 94.4526628461755, 8.217605771004136, 71.20254565130777, 262.0489867088953, 178.25132593716882, 164.65754158740344, 58.53215206212363]]"
79,"[[(4, 2), (4, 10), (4, 29), (4, 37), (4, 40), (19, 23), (30, 17), (30, 25), (1, 4), (11, 7), (11, 8), (11, 13), (11, 38), (24, 6), (32, 11), (32, 34), (32, 46), (2, 30), (21, 5), (36, 16), (47, 18), (3, 44), (43, 42), (44, 24), (10, 13), (12, 48), (23, 20), (27, 23), (27, 28), (27, 48), (29, 17), (29, 42), (34, 8), (35, 18), (39, 34), (40, 21), (40, 25), (5, 19), (38, 28), (38, 32), (18, 5), (18, 6), (18, 27), (18, 33), (31, 10), (7, 16), (22, 19), (13, 2), (13, 3), (13, 11), (13, 36), (28, 39), (17, 11), (17, 38), (17, 43), (14, 49), (45, 32), (41, 31)]]","[[0.3220651984068841, 92.34535352438826, 147.1494592684488, 236.3935427520775, 405.77927156682887, 20.217009157635836, 87.44806067755765, 77.7296794328608, 1.2892977309911902, 55.737026157126174, 35.402052910601455, 7.17908271778344, 270.78705229592646, 237.3405099614398, 204.60834648765044, 10.850378979651408, 237.83058142668767, 61.595281895786485, 78.94992228055321, 276.46115416724444, 283.1827161584963, 362.52671471925584, 3.6530060269480975, 38.4319598514153, 1.8861571879988202, 203.69811116387245, 39.03322927427159, 55.90334833324098, 20.916101683995265, 274.04186960803844, 86.39899893530202, 5.976146294460079, 327.55217023757234, 320.4094455385842, 86.40705407614841, 94.44479824319528, 90.95910459377176, 335.1590849627895, 157.7918825628188, 30.32957851127403, 312.2139823780629, 206.48669660271082, 5.952255950120475, 66.15558579046345, 75.33964636753976, 141.45447097041787, 7.340590075418833, 121.22535448479701, 5.260905682930003, 18.64299883373162, 294.322228564851, 198.04102383099627, 4.86482902498426, 165.2290054724848, 186.00921678512557, 159.07349717543866, 146.93114213867463, 67.36215498798713]]"
80,"[[(4, 2), (4, 10), (4, 29), (4, 37), (4, 40), (19, 23), (30, 17), (30, 25), (1, 4), (11, 7), (11, 8), (11, 13), (11, 38), (24, 6), (32, 11), (32, 34), (32, 46), (2, 30), (21, 5), (36, 16), (47, 18), (3, 44), (43, 42), (44, 24), (10, 13), (12, 48), (23, 20), (27, 23), (27, 28), (27, 48), (29, 17), (29, 42), (34, 8), (35, 18), (39, 34), (40, 21), (40, 25), (5, 19), (38, 28), (38, 32), (18, 5), (18, 6), (18, 27), (18, 33), (31, 10), (7, 16), (22, 19), (13, 2), (13, 3), (13, 11), (13, 36), (28, 39), (17, 11), (17, 38), (17, 43), (14, 49), (45, 32), (41, 31)]]","[[0.5988150017147866, 85.90600307615509, 190.50853525461787, 411.0752964440089, 227.5814789255357, 22.26403843830996, 66.58413015281019, 88.14865601473662, 0.7391930984773778, 40.03332401051058, 49.919394889739316, 25.764770406392962, 311.9626823794827, 392.78697143461767, 134.90579779817526, 6.467770073133239, 274.5078208153491, 184.15174066167174, 65.33109628100726, 660.989768961547, 77.14926846114187, 727.5037907617988, 3.4542400619527687, 237.87826509973655, 13.765405056542724, 365.6669704537503, 54.36510077147793, 60.25725893286235, 3.9660268019144658, 268.058879356784, 100.76460210156357, 7.827394707530583, 214.45502722906235, 258.2349188595027, 85.07443466527602, 355.7495531340361, 57.363697045639114, 227.14825341857494, 248.86996221659498, 5.679468468877605, 105.14402385834535, 101.36196056984087, 9.419311492551454, 161.68400493985598, 270.46266827694456, 132.82587332378122, 8.690512151950939, 102.31829830203411, 5.385067778020533, 30.159642093538206, 349.1835873625421, 163.51532540136967, 8.469372383491747, 142.45783663336323, 282.2715785285494, 265.29447646497067, 69.7482000307646, 62.557423389788866]]"
81,"[[(4, 2), (4, 10), (4, 29), (4, 37), (4, 40), (19, 23), (30, 17), (30, 25), (1, 4), (11, 7), (11, 8), (11, 13), (11, 38), (24, 6), (32, 11), (32, 34), (32, 46), (2, 30), (21, 5), (36, 16), (47, 18), (3, 44), (43, 42), (44, 24), (10, 13), (12, 48), (23, 20), (27, 23), (27, 28), (27, 48), (29, 17), (29, 42), (34, 8), (35, 18), (39, 34), (40, 21), (40, 25), (5, 19), (38, 28), (38, 32), (18, 5), (18, 6), (18, 27), (18, 33), (31, 10), (7, 16), (22, 19), (13, 2), (13, 3), (13, 11), (13, 36), (28, 39), (17, 11), (17, 38), (17, 43), (14, 49), (45, 32), (41, 31)]]","[[3.501285028219769, 99.53099506310765, 167.80429734910965, 220.82782902366978, 223.48569712429133, 20.007436818186136, 57.12345255868107, 83.88270988654489, 0.7655529965112151, 39.48866232918019, 29.03161639171629, 16.985935083533093, 284.4599732373447, 286.35192867086005, 211.1230358692207, 6.3590741443401635, 217.14894569052572, 158.4032885554214, 423.85960198368497, 710.3018435564499, 160.19784603810228, 369.36549925320935, 3.7220517010965537, 73.32359064253933, 10.506399267808709, 162.84135973948983, 14.1566941307566, 57.722134383296776, 19.666523613582815, 274.1811464763419, 88.66248895064508, 16.32452396602327, 461.08360018935633, 384.3428531433319, 85.189924576217, 75.78390344442016, 56.503552272769824, 157.22992183678576, 232.0389349059693, 37.235822380436346, 313.2966392370716, 166.5156182814171, 7.3829618941421105, 367.60550273239244, 282.24359287203663, 160.25883796035467, 11.54562560251772, 141.60655815117906, 4.433913325534993, 21.22819739387052, 295.5222478120511, 197.5964622729884, 4.4067277192626655, 74.40183623660029, 356.65787490145317, 77.5077489023472, 154.0250105903711, 64.46949294591612]]"
82,"[[(4, 2), (4, 10), (4, 29), (4, 37), (4, 40), (19, 23), (30, 17), (30, 25), (1, 4), (11, 7), (11, 8), (11, 13), (11, 38), (24, 6), (32, 11), (32, 34), (32, 46), (2, 30), (21, 5), (36, 16), (47, 18), (3, 44), (43, 42), (44, 24), (10, 13), (12, 48), (23, 20), (27, 23), (27, 28), (27, 48), (29, 17), (29, 42), (34, 8), (35, 18), (39, 34), (40, 21), (40, 25), (5, 19), (38, 28), (38, 32), (18, 5), (18, 6), (18, 27), (18, 33), (31, 10), (7, 16), (22, 19), (13, 2), (13, 3), (13, 11), (13, 36), (28, 39), (17, 11), (17, 38), (17, 43), (14, 49), (45, 32), (41, 31)]]","[[13.449253022592758, 97.72267720154964, 96.8191246242086, 532.2903670381822, 379.6488696118442, 23.659820370126106, 63.66948583441628, 81.04622809415746, 1.2080123673451153, 30.773730020922443, 59.431873497795955, 21.938465088652986, 216.9095126805279, 350.2320233771401, 177.81653039455176, 5.926700634511186, 112.6966491295004, 125.95166223692723, 275.75268523085634, 608.7798151075089, 240.02419897584804, 183.03227981376466, 1.2577879113346508, 148.11550266284948, 1.0884974495855646, 299.13491421697074, 55.82050859858893, 55.80928891185178, 0.4394779698815776, 265.0872962346556, 107.36467796252369, 9.057363178965561, 256.74259375805354, 389.0461343740751, 86.02177149378642, 364.96160546355117, 40.828189801863616, 156.64580114842846, 252.80787452386596, 59.56244803974059, 235.57851497907242, 238.62324399792095, 10.954815444523565, 112.47085365289526, 143.36498815451426, 134.6986882781447, 10.15107552694868, 144.61846249311174, 5.7564878173882645, 29.663219910884536, 313.52578983584783, 113.73527474977935, 7.906883355261297, 133.64103788139454, 260.97749576651887, 78.038527980624, 104.92693527152751, 62.436826884819894]]"
83,"[[(4, 2), (4, 10), (4, 29), (4, 37), (4, 40), (19, 23), (30, 17), (30, 25), (1, 4), (11, 7), (11, 8), (11, 13), (11, 38), (24, 6), (32, 11), (32, 34), (32, 46), (2, 30), (21, 5), (36, 16), (47, 18), (3, 44), (43, 42), (44, 24), (10, 13), (12, 48), (23, 20), (27, 23), (27, 28), (27, 48), (29, 17), (29, 42), (34, 8), (35, 18), (39, 34), (40, 21), (40, 25), (5, 19), (38, 28), (38, 32), (18, 5), (18, 6), (18, 27), (18, 33), (31, 10), (7, 16), (22, 19), (13, 2), (13, 3), (13, 11), (13, 36), (28, 39), (17, 11), (17, 38), (17, 43), (14, 49), (45, 32), (41, 31)]]","[[14.195403566010643, 90.48607049855016, 133.66943726011564, 294.0404097280915, 200.29445985130482, 22.015283807323893, 80.62707644905666, 87.51851341381933, 1.556415195903924, 31.60115955672385, 38.31082200168147, 12.78789151386591, 303.93555102108013, 406.6781357888244, 210.04790853809288, 10.590810751689865, 245.29459371792785, 126.16918235668389, 87.52696477730045, 294.6975150439607, 119.67412144005434, 266.80834704139784, 3.2834328965470854, 113.46091838150554, 9.065421849693474, 309.34789620146216, 43.175898002020915, 58.17612705252646, 20.332878546317506, 268.4891704468182, 74.42766558790422, 8.889293536827621, 240.7081889063088, 330.68852092406155, 86.96339984782773, 97.778140002323, 86.48843198243061, 56.132112392170285, 141.0205363903244, 47.83498579751152, 247.29167616551413, 256.2591198443887, 3.0734517873694207, 281.3197287282045, 120.80592736106705, 139.5051982020278, 11.800868901453837, 34.860908558575545, 4.327672892348264, 13.972610883953227, 362.89358508909834, 141.72542495653423, 8.85973136828613, 80.8663943588481, 263.6710569335355, 288.68982436762906, 182.8243923466122, 68.550244243931]]"
84,"[[(4, 2), (4, 10), (4, 29), (4, 37), (4, 40), (19, 23), (30, 17), (30, 25), (1, 4), (11, 7), (11, 8), (11, 13), (11, 38), (24, 6), (32, 11), (32, 34), (32, 46), (2, 30), (21, 5), (36, 16), (47, 18), (3, 44), (43, 42), (44, 24), (10, 13), (12, 48), (23, 20), (27, 23), (27, 28), (27, 48), (29, 17), (29, 42), (34, 8), (35, 18), (39, 34), (40, 21), (40, 25), (5, 19), (38, 28), (38, 32), (18, 5), (18, 6), (18, 27), (18, 33), (31, 10), (7, 16), (22, 19), (13, 2), (13, 3), (13, 11), (13, 36), (28, 39), (17, 11), (17, 38), (17, 43), (14, 49), (45, 32), (41, 31)]]","[[6.858917976264724, 102.72873735176945, 91.31203781261931, 284.18562434038085, 376.67847963018016, 23.0247277704198, 61.6317701305719, 68.89776013285409, 1.6150833863710443, 68.0195436078327, 52.99317109184549, 18.20941097780456, 311.1341853227236, 399.99879438583196, 143.11152133601985, 8.863898774060797, 224.0823990640491, 178.91747300230531, 311.13477890677177, 537.3534568006185, 191.90851377865917, 164.69321437951675, 6.715448431242507, 60.31696276731192, 3.7583773109904683, 412.69478324993867, 55.70135104539399, 56.4066171663021, 4.403626554213025, 264.1100844936405, 127.22414679498497, 9.958299131388012, 448.8880315730708, 311.8651686673342, 86.30569522175135, 94.20086106102718, 49.33656415761953, 279.02347498411365, 173.4328897573614, 19.728130369468182, 74.41835574292821, 113.58301285040767, 9.15424592460742, 272.27101300041136, 292.2791301891291, 147.08719759194824, 10.947170784872018, 109.16671363327295, 4.882308782145242, 24.68767295065063, 284.8124659684966, 181.53987459760032, 9.653578780720848, 44.560986681327435, 384.30667770779155, 227.50658880547778, 189.66256311044737, 66.17114660345169]]"
85,"[[(4, 2), (4, 10), (4, 29), (4, 37), (4, 40), (19, 23), (30, 17), (30, 25), (1, 4), (11, 7), (11, 8), (11, 13), (11, 38), (24, 6), (32, 11), (32, 34), (32, 46), (2, 30), (21, 5), (36, 16), (47, 18), (3, 44), (43, 42), (44, 24), (10, 13), (12, 48), (23, 20), (27, 23), (27, 28), (27, 48), (29, 17), (29, 42), (34, 8), (35, 18), (39, 34), (40, 21), (40, 25), (5, 19), (38, 28), (38, 32), (18, 5), (18, 6), (18, 27), (18, 33), (31, 10), (7, 16), (22, 19), (13, 2), (13, 3), (13, 11), (13, 36), (28, 39), (17, 11), (17, 38), (17, 43), (14, 49), (45, 32), (41, 31)]]","[[1.894434356461872, 91.07326908030353, 147.16512439651564, 272.20923474571174, 244.55583892374173, 23.151545446548155, 83.55038454221682, 86.41141670020507, 0.12720344932141403, 40.171798950974576, 33.25511799232847, 5.767134780651971, 280.8432259411391, 269.49353296646245, 155.6930855749042, 11.762325550040943, 275.06320499104993, 64.08944699891579, 318.13581937344316, 530.672656517396, 286.69229642482026, 556.7310308393619, 5.002684621457871, 82.29203115595352, 4.01016035778468, 156.45562921577874, 43.9084418505, 58.998671428623844, 10.192770978799103, 262.2675890587637, 126.45122964099207, 11.496136553917907, 336.1707894289626, 399.251628472309, 86.00652542659108, 217.35079005590586, 129.54420125475042, 339.19208203727555, 181.70390326123555, 17.633805527600646, 53.56624193674303, 120.28386479324223, 3.8697650349414836, 104.83966033565663, 195.08485593641282, 148.9261057909225, 12.009169213332902, 160.53347122108127, 5.556780819826689, 18.79946787742238, 363.912648226452, 92.59782542975185, 9.623786595852495, 73.87133535529183, 293.29645113756254, 254.92168745306356, 45.750712190262476, 57.57059841753811]]"
86,"[[(4, 2), (4, 10), (4, 29), (4, 37), (4, 40), (19, 23), (30, 17), (30, 25), (1, 4), (11, 7), (11, 8), (11, 13), (11, 38), (24, 6), (32, 11), (32, 34), (32, 46), (2, 30), (21, 5), (36, 16), (47, 18), (3, 44), (43, 42), (44, 24), (10, 13), (12, 48), (23, 20), (27, 23), (27, 28), (27, 48), (29, 17), (29, 42), (34, 8), (35, 18), (39, 34), (40, 21), (40, 25), (5, 19), (38, 28), (38, 32), (18, 5), (18, 6), (18, 27), (18, 33), (31, 10), (7, 16), (22, 19), (13, 2), (13, 3), (13, 11), (13, 36), (28, 39), (17, 11), (17, 38), (17, 43), (14, 49), (45, 32), (41, 31)]]","[[14.441611932794071, 88.44555758113455, 132.1258784394924, 308.84242099489956, 377.19613723109853, 22.001982854039305, 87.51459307862075, 81.22764820553633, 0.004985557743245828, 75.7542381352579, 36.06091105843815, 9.003814215969372, 248.7069375590665, 369.98450736587097, 220.06321874406984, 10.33027806283441, 74.94895314760255, 48.57278803114948, 361.1011018290973, 442.8681548245838, 320.4590973769817, 470.70801586336535, 4.492911331290358, 201.68974807502218, 15.790189626274973, 223.1644683663573, 51.23325211007187, 65.35360701778097, 16.203013111979665, 274.8720424622635, 52.03886890019867, 18.422400372517096, 231.95811589957387, 399.13972485923273, 86.34080359745153, 196.8153857721437, 37.162041320725436, 43.131005983783915, 236.9391946932915, 31.330575185592142, 246.4543862197629, 131.4576396947889, 7.0418522980403395, 352.8756018968027, 238.61654165448837, 149.53132230198662, 14.858412327494996, 117.80347318355675, 5.376889663093193, 10.508413939992929, 273.19054776168156, 122.83090425462524, 9.445579338628116, 47.073875158935465, 364.1902958437404, 161.95549158450257, 52.249037746615045, 63.041230733550705]]"
87,"[[(4, 2), (4, 10), (4, 29), (4, 37), (4, 40), (19, 23), (30, 17), (30, 25), (1, 4), (11, 7), (11, 8), (11, 13), (11, 38), (24, 6), (32, 11), (32, 34), (32, 46), (2, 30), (21, 5), (36, 16), (47, 18), (3, 44), (43, 42), (44, 24), (10, 13), (12, 48), (23, 20), (27, 23), (27, 28), (27, 48), (29, 17), (29, 42), (34, 8), (35, 18), (39, 34), (40, 21), (40, 25), (5, 19), (38, 28), (38, 32), (18, 5), (18, 6), (18, 27), (18, 33), (31, 10), (7, 16), (22, 19), (13, 2), (13, 3), (13, 11), (13, 36), (28, 39), (17, 11), (17, 38), (17, 43), (14, 49), (45, 32), (41, 31)]]","[[7.106603610010703, 95.30411187672924, 136.84045812627969, 573.1968345422094, 193.35131775260268, 20.301316170914706, 87.2181007160533, 73.71446862479421, 0.8551910579167898, 56.37250207973269, 57.07675936781402, 25.487841225140578, 288.5933193635527, 479.3577360310913, 143.44902086922642, 7.538550228754705, 160.92224579378035, 66.87702952980915, 289.7423656496158, 76.97723286979995, 200.37445769017808, 495.7347694652277, 2.3444384774559572, 126.33320185277466, 13.906816980480876, 357.2760116323785, 16.309586219727763, 69.68731600139564, 10.047419806438407, 271.12704362135855, 89.68701067453523, 7.325169145348045, 210.55027778908058, 323.80629953129574, 86.18677389787172, 184.31209688887404, 72.57028103641838, 344.6455872412296, 261.2951320253809, 44.40275250376427, 30.741752980708885, 219.70082492297126, 3.8264405271861888, 240.10366147766837, 157.0156684854062, 161.77394029880392, 9.938648789074731, 135.07970781311707, 5.046664973884482, 30.49311148649218, 325.55542039058577, 93.85525565406574, 9.32786019936633, 164.0876356001546, 319.42246372527086, 234.28725541206458, 89.729122126051, 67.08253081470785]]"
88,"[[(4, 2), (4, 10), (4, 29), (4, 37), (4, 40), (19, 23), (30, 17), (30, 25), (1, 4), (11, 7), (11, 8), (11, 13), (11, 38), (24, 6), (32, 11), (32, 34), (32, 46), (2, 30), (21, 5), (36, 16), (47, 18), (3, 44), (43, 42), (44, 24), (10, 13), (12, 48), (23, 20), (27, 23), (27, 28), (27, 48), (29, 17), (29, 42), (34, 8), (35, 18), (39, 34), (40, 21), (40, 25), (5, 19), (38, 28), (38, 32), (18, 5), (18, 6), (18, 27), (18, 33), (31, 10), (7, 16), (22, 19), (13, 2), (13, 3), (13, 11), (13, 36), (28, 39), (17, 11), (17, 38), (17, 43), (14, 49), (45, 32), (41, 31)]]","[[14.458691598810141, 94.22014343870875, 107.67986847637144, 552.6910232150447, 253.47874655688622, 21.29205578442367, 82.7347111137944, 70.82973534201864, 1.7218692236600495, 44.097231499241836, 46.687411335679144, 28.50438669638564, 270.20989398016565, 428.9635685815397, 234.25153565188913, 8.964376508846165, 109.30339362459299, 157.1830284014219, 208.201719022601, 165.06522162830066, 61.886303777246006, 869.8347120152401, 6.631352434232273, 201.53893587249712, 4.4257573067259255, 230.67401139734307, 29.67611497847283, 64.79145724069907, 1.8836670063783612, 266.82581073541064, 50.63240967788044, 11.164536843342942, 217.8441323280856, 354.92241237585586, 85.68272885190854, 273.43463267318384, 99.36753098995034, 365.77000526548204, 149.974381280842, 37.73207348582961, 112.29329721939233, 176.9766420182325, 8.571655942569226, 285.79780628976664, 311.30817408871945, 143.93653258290942, 7.056241265924491, 66.73933303328363, 5.897418837462274, 17.42699048246334, 315.73595925485984, 148.20763654646913, 7.589724251438429, 81.08786765252047, 373.11357032747776, 104.01692955305066, 14.359765067879115, 61.34634862239831]]"
89,"[[(4, 2), (4, 10), (4, 29), (4, 37), (4, 40), (19, 23), (30, 17), (30, 25), (1, 4), (11, 7), (11, 8), (11, 13), (11, 38), (24, 6), (32, 11), (32, 34), (32, 46), (2, 30), (21, 5), (36, 16), (47, 18), (3, 44), (43, 42), (44, 24), (10, 13), (12, 48), (23, 20), (27, 23), (27, 28), (27, 48), (29, 17), (29, 42), (34, 8), (35, 18), (39, 34), (40, 21), (40, 25), (5, 19), (38, 28), (38, 32), (18, 5), (18, 6), (18, 27), (18, 33), (31, 10), (7, 16), (22, 19), (13, 2), (13, 3), (13, 11), (13, 36), (28, 39), (17, 11), (17, 38), (17, 43), (14, 49), (45, 32), (41, 31)]]","[[4.483325802606055, 88.0022576152442, 136.2672551937727, 543.4420556476398, 284.3451254364013, 20.131436679787406, 64.45648035184057, 69.36618759410125, 1.5571639359960285, 33.071428481772394, 72.69508961786475, 17.212767625078698, 295.8013013693982, 444.8491809792255, 179.97571029741505, 7.650150871929384, 334.6302743837641, 135.59077921030195, 224.62173209127013, 141.26075817311406, 310.9906413620952, 280.7453369436682, 6.605082273986177, 42.48903053626697, 13.990930531695037, 283.82768187717693, 31.379030093045785, 60.14394261540181, 2.1648580772129176, 265.0012765764247, 98.30275150008063, 13.087815903287241, 452.84556218167893, 370.13341458808276, 85.34767708928405, 404.8681583547505, 87.5199201047275, 251.241783182306, 173.68948802906615, 40.05643185832468, 220.97682584589379, 157.20791462635646, 8.16460878902047, 326.65199123818235, 89.05060397040388, 152.15469734357865, 14.259210050458996, 49.60519069479573, 4.077009211149074, 30.981388259871405, 283.40449193304516, 201.8242990581437, 8.091814573038619, 35.89557560549626, 354.45203601164025, 247.52768959981626, 91.56939557190785, 70.84189748153416]]"
90,"[[(4, 2), (4, 10), (4, 29), (4, 37), (4, 40), (19, 23), (30, 17), (30, 25), (1, 4), (11, 7), (11, 8), (11, 13), (11, 38), (24, 6), (32, 11), (32, 34), (32, 46), (2, 30), (21, 5), (36, 16), (47, 18), (3, 44), (43, 42), (44, 24), (10, 13), (12, 48), (23, 20), (27, 23), (27, 28), (27, 48), (29, 17), (29, 42), (34, 8), (35, 18), (39, 34), (40, 21), (40, 25), (5, 19), (38, 28), (38, 32), (18, 5), (18, 6), (18, 27), (18, 33), (31, 10), (7, 16), (22, 19), (13, 2), (13, 3), (13, 11), (13, 36), (28, 39), (17, 11), (17, 38), (17, 43), (14, 49), (45, 32), (41, 31)]]","[[4.537821091108285, 79.62099381907373, 104.65968783228558, 505.72136171427184, 425.4583160746281, 20.09757877580531, 84.18955173255782, 82.3301042467346, 0.6942264643208522, 43.664596818558636, 71.34557425964415, 23.955195854361083, 294.73345164997414, 269.5748925801403, 209.6471178666922, 10.322473125029447, 62.784743850387855, 46.56385305780063, 437.55861179819516, 160.22066425153645, 273.52075975410514, 239.90774109415008, 6.861306445603111, 258.57170094008046, 18.42417782458353, 192.2997913384993, 13.104052546549907, 68.89528651498789, 20.728831587291513, 261.8483458302855, 61.794651098493695, 14.970884988563876, 288.57312267622933, 313.8324382742858, 86.7906195521967, 64.67431384281937, 98.4475197280259, 160.48354004920282, 231.9705700997692, 36.47653148648899, 61.862558865939754, 231.37658539986958, 7.976892450374788, 302.3857766439708, 268.63637994232135, 146.1775722206479, 19.64490275377375, 127.6363409035932, 4.559786284947261, 6.761783289828891, 338.4383148191866, 193.7974826017508, 7.608602328571157, 21.61806644293271, 236.50183342860865, 179.37996430587157, 172.48327371936332, 68.23276168851005]]"
91,"[[(4, 2), (4, 10), (4, 29), (4, 37), (4, 40), (19, 23), (30, 17), (30, 25), (1, 4), (11, 7), (11, 8), (11, 13), (11, 38), (24, 6), (32, 11), (32, 34), (32, 46), (2, 30), (21, 5), (36, 16), (47, 18), (3, 44), (43, 42), (44, 24), (10, 13), (12, 48), (23, 20), (27, 23), (27, 28), (27, 48), (29, 17), (29, 42), (34, 8), (35, 18), (39, 34), (40, 21), (40, 25), (5, 19), (38, 28), (38, 32), (18, 5), (18, 6), (18, 27), (18, 33), (31, 10), (7, 16), (22, 19), (13, 2), (13, 3), (13, 11), (13, 36), (28, 39), (17, 11), (17, 38), (17, 43), (14, 49), (45, 32), (41, 31)]]","[[9.867255113567792, 80.87608117713334, 112.29713226743468, 437.2413585132949, 271.4076642902618, 23.028766303643287, 72.69642408846968, 71.16017128145701, 0.19482661924204026, 89.98049875892312, 71.81068454403385, 10.764130289594117, 299.4093028625067, 364.4094820665051, 186.117411326807, 9.16656803134185, 260.71821455160995, 171.25209407239174, 259.40209562882785, 442.932907091323, 165.05182801394648, 704.165342439527, 6.286263766894905, 232.64657339690328, 10.20326782447287, 180.00272850638305, 23.66789862337679, 54.46305313996736, 2.4064860488791266, 265.3922419272898, 100.0057510227408, 11.966577869750921, 372.34902250946584, 199.42642365789192, 85.01775913116272, 418.52956733177473, 138.94398013341902, 124.48962579542331, 213.95076581810287, 19.048695684203075, 118.28505555624648, 221.48978571723472, 5.822849918091934, 47.57109876703902, 300.2924249238499, 134.29388425533725, 13.285563166990903, 87.41205082378113, 5.116399256264055, 34.14468755501395, 360.9759402586765, 113.6344889737851, 7.02543221907164, 121.67056374630273, 362.0263223639499, 263.7122636425403, 150.0119756198365, 59.61043273614895]]"
92,"[[(4, 2), (4, 10), (4, 29), (4, 37), (4, 40), (19, 23), (30, 17), (30, 25), (1, 4), (11, 7), (11, 8), (11, 13), (11, 38), (24, 6), (32, 11), (32, 34), (32, 46), (2, 30), (21, 5), (36, 16), (47, 18), (3, 44), (43, 42), (44, 24), (10, 13), (12, 48), (23, 20), (27, 23), (27, 28), (27, 48), (29, 17), (29, 42), (34, 8), (35, 18), (39, 34), (40, 21), (40, 25), (5, 19), (38, 28), (38, 32), (18, 5), (18, 6), (18, 27), (18, 33), (31, 10), (7, 16), (22, 19), (13, 2), (13, 3), (13, 11), (13, 36), (28, 39), (17, 11), (17, 38), (17, 43), (14, 49), (45, 32), (41, 31)]]","[[7.217503255993568, 100.6957874017802, 98.76029429859702, 298.82303391700265, 437.9652768922564, 20.714180350097458, 61.48626493979946, 87.12836186819548, 1.8858992077241328, 88.67754033616356, 69.30342735495408, 20.063854803750647, 225.35096709568478, 442.0347685607597, 153.74047288514453, 7.441245161446751, 59.93324310660674, 169.67913786231696, 313.0543529812523, 464.1171523630554, 302.9598269427014, 637.41202420074, 3.269133690304273, 218.48180677492152, 11.79974263819534, 173.2773247020359, 33.2371729980103, 73.67900470918865, 4.657809751808973, 263.39232370072665, 64.48420247866024, 13.373665938730891, 191.5740505830344, 256.8165331635591, 86.86452294100287, 83.2631197562981, 124.63447286812655, 362.2083452254153, 271.6505298339034, 5.7115488848960325, 90.1113632220122, 231.7768060035872, 6.290118492496767, 54.847446632958444, 180.8727051171622, 141.3792831628993, 6.607522166807113, 141.33006789595737, 4.098307907303567, 8.299083328389079, 323.9576065721959, 185.5325066369494, 6.907596900939435, 118.1356255958106, 290.10300543392674, 285.45897581762506, 99.99941570168431, 64.65755655433648]]"
93,"[[(4, 2), (4, 10), (4, 29), (4, 37), (4, 40), (19, 23), (30, 17), (30, 25), (1, 4), (11, 7), (11, 8), (11, 13), (11, 38), (24, 6), (32, 11), (32, 34), (32, 46), (2, 30), (21, 5), (36, 16), (47, 18), (3, 44), (43, 42), (44, 24), (10, 13), (12, 48), (23, 20), (27, 23), (27, 28), (27, 48), (29, 17), (29, 42), (34, 8), (35, 18), (39, 34), (40, 21), (40, 25), (5, 19), (38, 28), (38, 32), (18, 5), (18, 6), (18, 27), (18, 33), (31, 10), (7, 16), (22, 19), (13, 2), (13, 3), (13, 11), (13, 36), (28, 39), (17, 11), (17, 38), (17, 43), (14, 49), (45, 32), (41, 31)]]","[[10.06228410852064, 77.90247264078965, 86.48860131238625, 594.69821961717, 251.95849959298417, 20.64067214159489, 71.88010550346931, 70.93313028452535, 1.1362303560617286, 67.98240757548955, 32.66319383049838, 13.870529714597808, 290.90300449591757, 332.2951715955442, 161.66657878392613, 6.737548374472141, 132.28072295454, 55.72280208617315, 395.3772009486041, 311.5711838306195, 206.70892463492692, 530.3432294588274, 6.066920449599964, 172.71834028326404, 7.2317392806109835, 174.3389528401375, 38.200304672202, 73.89764645296216, 7.757021058649076, 259.4491830159976, 77.79589860609636, 4.369029376765752, 197.82799971001174, 276.4863172360964, 86.8933741511366, 391.88099900909316, 132.95211388565468, 351.00033651903175, 123.30640521516143, 21.525129093506912, 22.30147465322237, 131.19270142624842, 3.191027252475756, 126.47673606048943, 306.0497222270093, 138.2696605473823, 13.219744341851927, 139.61853411763582, 5.037878538538802, 17.545540477476756, 359.6319253572309, 152.43280725786073, 7.882123109863722, 146.546696040103, 303.56063912467823, 286.2893453576775, 175.44467027001852, 67.78091710918608]]"
94,"[[(4, 2), (4, 10), (4, 29), (4, 37), (4, 40), (19, 23), (30, 17), (30, 25), (1, 4), (11, 7), (11, 8), (11, 13), (11, 38), (24, 6), (32, 11), (32, 34), (32, 46), (2, 30), (21, 5), (36, 16), (47, 18), (3, 44), (43, 42), (44, 24), (10, 13), (12, 48), (23, 20), (27, 23), (27, 28), (27, 48), (29, 17), (29, 42), (34, 8), (35, 18), (39, 34), (40, 21), (40, 25), (5, 19), (38, 28), (38, 32), (18, 5), (18, 6), (18, 27), (18, 33), (31, 10), (7, 16), (22, 19), (13, 2), (13, 3), (13, 11), (13, 36), (28, 39), (17, 11), (17, 38), (17, 43), (14, 49), (45, 32), (41, 31)]]","[[6.384789812802913, 78.5882209505597, 180.42499306078275, 256.95796534731005, 360.12235755037443, 21.280352453063, 68.54597411560641, 79.55216796670842, 1.9107442135346315, 45.13263136205841, 72.81144475839174, 10.140630187758322, 289.6348673828006, 209.51105767016574, 162.00421802948, 6.547543921766883, 239.36234708945568, 47.4849824424565, 209.65150872152086, 626.8472871832776, 130.13094789066872, 698.3437225056131, 6.169765499970628, 231.97295028797717, 9.123675708235425, 344.6414201279405, 49.139574901815585, 62.370952809290166, 12.44808215479374, 261.0426049891097, 127.8297151645707, 7.763225890356551, 187.8498147143867, 319.2456980375586, 86.36361020547255, 204.87135490699285, 66.47826004424961, 212.23771515021798, 164.9424618587112, 11.050711042286286, 26.81540323702786, 229.3184075914091, 9.954752170716647, 131.46789791970753, 141.67280486169636, 157.75921946010874, 9.33420661946939, 61.64137274034004, 5.773569841882795, 9.106355802585865, 364.6596394351219, 155.36043896497443, 9.138873467080586, 127.45059005981932, 391.2680205637682, 303.38458384722003, 78.32599864299516, 61.45325801764542]]"
95,"[[(4, 2), (4, 10), (4, 29), (4, 37), (4, 40), (19, 23), (30, 17), (30, 25), (1, 4), (11, 7), (11, 8), (11, 13), (11, 38), (24, 6), (32, 11), (32, 34), (32, 46), (2, 30), (21, 5), (36, 16), (47, 18), (3, 44), (43, 42), (44, 24), (10, 13), (12, 48), (23, 20), (27, 23), (27, 28), (27, 48), (29, 17), (29, 42), (34, 8), (35, 18), (39, 34), (40, 21), (40, 25), (5, 19), (38, 28), (38, 32), (18, 5), (18, 6), (18, 27), (18, 33), (31, 10), (7, 16), (22, 19), (13, 2), (13, 3), (13, 11), (13, 36), (28, 39), (17, 11), (17, 38), (17, 43), (14, 49), (45, 32), (41, 31)]]","[[9.469678488899827, 100.89754931264082, 137.32375452303825, 415.5127764346504, 233.26696973961145, 21.79600235087976, 84.82932445544331, 70.18883339512094, 1.8814788088688792, 63.92841488332126, 57.91710974705667, 14.482960781665174, 251.96250880979784, 460.70107882854217, 164.669463304123, 9.111166464196783, 296.6218499004625, 136.4854609281167, 162.80296293678796, 92.56637208083455, 226.34894343640633, 336.09552475138037, 3.8053505805474126, 113.40134935451913, 6.2464345458810575, 362.6161745352216, 23.33658254464146, 65.73856569221627, 0.43464444932486157, 259.3227963234965, 126.98608840586672, 15.905822912884943, 332.76333005826524, 359.28371394175883, 86.81642945883384, 86.45887433751497, 82.98605365336336, 384.51615593140843, 119.58488088675664, 7.920990427242508, 103.5175612452031, 165.59980842522435, 3.443825061560445, 275.1671543994848, 113.88441364381916, 155.18302760128867, 15.081215433904411, 79.22240961572348, 4.339416160071532, 17.17749901425849, 307.80405557656917, 110.75515048471249, 4.581802288456782, 19.594419957621124, 313.5245002482802, 135.48418460977976, 64.42332155928325, 59.861145250400654]]"
96,"[[(4, 2), (4, 10), (4, 29), (4, 37), (4, 40), (19, 23), (30, 17), (30, 25), (1, 4), (11, 7), (11, 8), (11, 13), (11, 38), (24, 6), (32, 11), (32, 34), (32, 46), (2, 30), (21, 5), (36, 16), (47, 18), (3, 44), (43, 42), (44, 24), (10, 13), (12, 48), (23, 20), (27, 23), (27, 28), (27, 48), (29, 17), (29, 42), (34, 8), (35, 18), (39, 34), (40, 21), (40, 25), (5, 19), (38, 28), (38, 32), (18, 5), (18, 6), (18, 27), (18, 33), (31, 10), (7, 16), (22, 19), (13, 2), (13, 3), (13, 11), (13, 36), (28, 39), (17, 11), (17, 38), (17, 43), (14, 49), (45, 32), (41, 31)]]","[[1.2212891534493036, 83.67299737352877, 195.59540216121212, 223.8113926077027, 218.22939155203798, 20.418620090323806, 62.80693134756407, 67.40298521978539, 1.0879707212648655, 84.72309033730821, 32.56272281260452, 16.476995634357998, 284.00113232854085, 262.91925727739897, 254.00931032927625, 10.337035090010861, 112.4744674404745, 74.679406756214, 457.6338163785392, 471.18301873191785, 213.3185923228325, 713.5485218957698, 2.9345284637170224, 67.54991491777419, 16.993547151225677, 257.0694628562341, 36.9275341352161, 63.81641130376095, 18.892278158618115, 273.66807295699857, 57.74307832188783, 11.120405983673919, 457.29950665381153, 341.9031888549173, 86.61064000571419, 231.67749853900511, 33.21014650876097, 54.32908867388305, 220.9344367656225, 21.210128276635672, 115.13002642434749, 116.52112889121449, 9.2583797737742, 119.36354692604507, 194.31081381864527, 141.06890575884987, 19.04059911113086, 166.83229561317376, 4.952436492949843, 12.505186827960465, 293.1656456745756, 164.8355394790537, 4.004790023241198, 77.09165565191836, 312.7160136946786, 283.6563125723537, 27.621479133409434, 63.01730282822222]]"
97,"[[(4, 2), (4, 10), (4, 29), (4, 37), (4, 40), (19, 23), (30, 17), (30, 25), (1, 4), (11, 7), (11, 8), (11, 13), (11, 38), (24, 6), (32, 11), (32, 34), (32, 46), (2, 30), (21, 5), (36, 16), (47, 18), (3, 44), (43, 42), (44, 24), (10, 13), (12, 48), (23, 20), (27, 23), (27, 28), (27, 48), (29, 17), (29, 42), (34, 8), (35, 18), (39, 34), (40, 21), (40, 25), (5, 19), (38, 28), (38, 32), (18, 5), (18, 6), (18, 27), (18, 33), (31, 10), (7, 16), (22, 19), (13, 2), (13, 3), (13, 11), (13, 36), (28, 39), (17, 11), (17, 38), (17, 43), (14, 49), (45, 32), (41, 31)]]","[[2.281700731301436, 88.88584492650753, 143.2226673543364, 593.3238399096383, 277.4801249733954, 23.403261603964506, 65.09858069745758, 85.43023910259664, 0.3712112197706212, 64.29303488751007, 56.2198605905928, 26.607219957727555, 251.2719336823278, 399.12077149202815, 199.86664233990513, 9.62213954965377, 109.9906319995081, 145.23234226111867, 125.63254916620205, 569.7265107054106, 174.29046001039794, 497.46210006257576, 6.983650353103219, 227.40680416899693, 15.465329476296759, 394.290461538263, 21.380330087564992, 65.72663978004344, 21.612592104371565, 274.3546902778723, 97.29045721797166, 10.288266703082908, 411.4633855959539, 275.3196953340964, 86.89365403751268, 282.45264741167796, 72.40738974132609, 119.42330905127429, 262.0453327756091, 49.68706874318272, 44.97838540428379, 123.8224127672041, 5.601585650679117, 115.86391766615706, 107.48188226809077, 161.58337534417117, 6.183896105782216, 112.63414272126586, 4.975669687675351, 28.35804590646204, 331.4068254279663, 193.56160614856574, 7.247418546214716, 116.18731847377656, 318.15732549375775, 303.46417417680516, 162.16414125653006, 70.26233220718888]]"
98,"[[(4, 2), (4, 10), (4, 29), (4, 37), (4, 40), (19, 23), (30, 17), (30, 25), (1, 4), (11, 7), (11, 8), (11, 13), (11, 38), (24, 6), (32, 11), (32, 34), (32, 46), (2, 30), (21, 5), (36, 16), (47, 18), (3, 44), (43, 42), (44, 24), (10, 13), (12, 48), (23, 20), (27, 23), (27, 28), (27, 48), (29, 17), (29, 42), (34, 8), (35, 18), (39, 34), (40, 21), (40, 25), (5, 19), (38, 28), (38, 32), (18, 5), (18, 6), (18, 27), (18, 33), (31, 10), (7, 16), (22, 19), (13, 2), (13, 3), (13, 11), (13, 36), (28, 39), (17, 11), (17, 38), (17, 43), (14, 49), (45, 32), (41, 31)]]","[[4.948563649508214, 102.85748781976244, 173.54620094519726, 312.27130898943926, 323.31001228959065, 20.94187079307864, 64.72507777932042, 76.30339418729342, 0.9723785588915281, 73.65028029929798, 40.12953098331501, 26.056867267661325, 285.236098782638, 351.2903375429819, 150.57109522362785, 7.527669938184779, 339.92154734767985, 119.21806605429761, 279.65529594340995, 76.80381172695141, 307.9952848085026, 545.7558272214278, 6.080371202597755, 83.39154799542587, 14.317456242322452, 382.10921551793695, 51.966176247288374, 66.68144736048907, 7.720771966000216, 272.72797120236044, 71.0924411298979, 6.234671081451534, 329.9163002319256, 197.22320530085202, 85.6381467723069, 143.87455841185474, 87.64520066470504, 261.2824102612367, 180.82024269679476, 45.99120266238713, 52.81557813549941, 230.50399649960394, 3.797267047512669, 276.2884289495548, 240.56734784566464, 153.42590701888247, 10.220241448234486, 170.42571528327215, 4.343889608559818, 27.597864353052156, 342.3273927722492, 183.5745445676596, 9.662580602121091, 84.12984417111144, 296.8747912913342, 60.98714916608843, 85.54542956927472, 68.80255147290463]]"
99,"[[(4, 2), (4, 10), (4, 29), (4, 37), (4, 40), (19, 23), (30, 17), (30, 25), (1, 4), (11, 7), (11, 8), (11, 13), (11, 38), (24, 6), (32, 11), (32, 34), (32, 46), (2, 30), (21, 5), (36, 16), (47, 18), (3, 44), (43, 42), (44, 24), (10, 13), (12, 48), (23, 20), (27, 23), (27, 28), (27, 48), (29, 17), (29, 42), (34, 8), (35, 18), (39, 34), (40, 21), (40, 25), (5, 19), (38, 28), (38, 32), (18, 5), (18, 6), (18, 27), (18, 33), (31, 10), (7, 16), (22, 19), (13, 2), (13, 3), (13, 11), (13, 36), (28, 39), (17, 11), (17, 38), (17, 43), (14, 49), (45, 32), (41, 31)]]","[[4.36764808426714, 98.06878608649262, 172.2260911130371, 391.8778684895876, 320.9144888689915, 20.369108457029387, 78.48088366234947, 73.76781150078462, 0.7004184021733897, 39.62908485744801, 55.77552923595019, 15.665497680784275, 263.3155700114146, 471.9965686192232, 244.24994559191398, 5.36108962209783, 137.23729419433425, 193.6307892690714, 35.32040936461901, 388.39129835910296, 259.2665431558328, 225.77947041122508, 5.364435573740055, 87.52991146359008, 7.920399206302609, 294.5367414880892, 31.386627515615853, 57.913314456874936, 1.7013664239458168, 268.33831298947996, 58.03781410933571, 8.078023313830633, 253.85005641665174, 207.03044872909015, 86.47275289629403, 130.5595095121837, 11.149015049459177, 272.77851839226275, 149.37048188941728, 55.51469272948828, 229.84010869229198, 95.16503414748692, 6.353856111321431, 133.36792535016644, 181.46744763600384, 147.37662093726885, 10.610655318223417, 177.70555475449322, 4.765992210025009, 20.017729622794906, 359.62399379370106, 165.4544026984002, 6.940040856299684, 22.134719254143082, 203.93158771047564, 117.86491969031533, 169.07590735862098, 69.15507091591833]]"
