scene,edge,cost
0,"[[(10, 38), (10, 40), (27, 35), (27, 43), (30, 31), (30, 46), (37, 8), (43, 22), (1, 49), (4, 15), (11, 4), (40, 9), (40, 34), (2, 39), (5, 21), (5, 31), (5, 46), (13, 12), (17, 13), (17, 20), (17, 28), (21, 14), (21, 44), (22, 37), (39, 5), (3, 29), (32, 37), (32, 48), (47, 3), (8, 49), (15, 11), (28, 17), (28, 27), (9, 49), (19, 7), (19, 30), (46, 34), (46, 41), (6, 29), (6, 45), (14, 43), (18, 12), (18, 35), (16, 22), (16, 39), (25, 2), (25, 29), (24, 32), (44, 29)]]","[[191.4399219678985, 70.48354375431298, 114.71305583504957, 59.50291133613611, 21.6064913657259, 334.3593256639133, 232.81034705509387, 431.86275401261196, 564.9383413320302, 19.43490334722121, 109.5863582200809, 83.05245788947403, 53.22717064880494, 403.4752641966225, 153.04618079530002, 34.234851998474866, 381.16282565905067, 17.190024852911517, 22.079142249716398, 15.08350491367856, 230.65836243433677, 34.384587014220415, 495.36347695417044, 178.58192568116, 457.9184126689825, 229.9608515051417, 39.76778274496793, 377.5756105547251, 720.142556441475, 397.93370551384567, 90.47760505887638, 194.2249998709333, 8.096385134700178, 19.49649621177664, 16.290728254076917, 12.839715631404918, 322.0873438544096, 37.43934356667391, 113.36319034871005, 394.57938904287846, 226.07755117935162, 118.3571885039829, 205.11816257762945, 30.783031015141056, 341.95867826344727, 58.23910094436653, 42.81616528054972, 85.78123232481963, 46.863009136831856]]"
1,"[[(10, 38), (10, 40), (27, 35), (27, 43), (30, 31), (30, 46), (37, 8), (43, 22), (1, 49), (4, 15), (11, 4), (40, 9), (40, 34), (2, 39), (5, 21), (5, 31), (5, 46), (13, 12), (17, 13), (17, 20), (17, 28), (21, 14), (21, 44), (22, 37), (39, 5), (3, 29), (32, 37), (32, 48), (47, 3), (8, 49), (15, 11), (28, 17), (28, 27), (9, 49), (19, 7), (19, 30), (46, 34), (46, 41), (6, 29), (6, 45), (14, 43), (18, 12), (18, 35), (16, 22), (16, 39), (25, 2), (25, 29), (24, 32), (44, 29)]]","[[157.22492689471403, 71.67757051047039, 108.44407826789872, 10.183835266300314, 1.610265049576494, 285.5283193435633, 199.3938905043426, 374.42819346187497, 543.6756254282216, 18.542565495373424, 109.0559690990142, 84.25951717744131, 62.20045234167749, 435.2224671166832, 111.17911917977453, 32.65465834800466, 394.22005657009515, 19.060451702583634, 24.916838611037825, 19.799747123858204, 225.57362691761185, 36.95922254106164, 396.5439438721935, 225.55518381528452, 350.5425420187514, 162.2039996704312, 40.79179422745394, 277.362364663923, 725.7610505016553, 210.42496022898493, 62.457045014629784, 226.15694572691046, 8.511275131927315, 128.98917062484017, 14.269016331219284, 21.004722957645445, 202.43793010316622, 6.437140491602257, 131.77889886465033, 1091.9359882919844, 173.5906542260923, 174.14942448992437, 217.45828065437945, 76.91936766388191, 366.2910803941115, 61.644087405700475, 71.99570249150385, 103.9895239674955, 50.188476395497084]]"
2,"[[(10, 38), (10, 40), (27, 35), (27, 43), (30, 31), (30, 46), (37, 8), (43, 22), (1, 49), (4, 15), (11, 4), (40, 9), (40, 34), (2, 39), (5, 21), (5, 31), (5, 46), (13, 12), (17, 13), (17, 20), (17, 28), (21, 14), (21, 44), (22, 37), (39, 5), (3, 29), (32, 37), (32, 48), (47, 3), (8, 49), (15, 11), (28, 17), (28, 27), (9, 49), (19, 7), (19, 30), (46, 34), (46, 41), (6, 29), (6, 45), (14, 43), (18, 12), (18, 35), (16, 22), (16, 39), (25, 2), (25, 29), (24, 32), (44, 29)]]","[[227.03072465719072, 69.4627561183091, 40.527353951603985, 42.25217669274727, 3.2770715507181833, 333.3148050964574, 149.6008312156593, 347.8444371153644, 681.7888936083164, 17.787930775034184, 11.430490596072554, 84.50256482690013, 46.43089259575456, 435.5536912740542, 67.0659761285149, 22.37483170537865, 580.9087866120619, 22.71610801501382, 18.19345012229291, 23.04636254838902, 188.01755436183933, 27.530153423080726, 418.8747443561413, 146.35569288875516, 261.5933614491754, 281.9205637940553, 42.72155788859416, 389.17877121096296, 728.7019940087499, 312.417475088309, 80.1761916429477, 204.39679376976065, 8.079117976009488, 169.06057587392667, 18.388873774754977, 17.890666987758145, 339.4590352046851, 40.02754195018775, 110.37568769229846, 602.5597306947138, 173.15893090917925, 76.04501300805995, 188.3276185701174, 24.690255696332137, 266.2878070482831, 59.20138233302372, 52.43203420988367, 121.38420272962665, 9.2750301384526]]"
3,"[[(10, 38), (10, 40), (27, 35), (27, 43), (30, 31), (30, 46), (37, 8), (43, 22), (1, 49), (4, 15), (11, 4), (40, 9), (40, 34), (2, 39), (5, 21), (5, 31), (5, 46), (13, 12), (17, 13), (17, 20), (17, 28), (21, 14), (21, 44), (22, 37), (39, 5), (3, 29), (32, 37), (32, 48), (47, 3), (8, 49), (15, 11), (28, 17), (28, 27), (9, 49), (19, 7), (19, 30), (46, 34), (46, 41), (6, 29), (6, 45), (14, 43), (18, 12), (18, 35), (16, 22), (16, 39), (25, 2), (25, 29), (24, 32), (44, 29)]]","[[226.3751631292879, 67.25884906694199, 79.8043539779057, 31.66655255938766, 12.41398779994119, 285.4483785013803, 138.65016843816178, 338.1730731439046, 1175.8625086473103, 20.224690026364986, 81.94497540081834, 84.8123062948898, 47.08495638860843, 427.6050558606288, 145.65922927892177, 34.69569705477335, 381.6871952459798, 18.65541290212413, 21.94498463879208, 27.25277184612466, 234.4386915206691, 47.596421218401304, 161.5817036647107, 151.0194439416489, 388.4189290837463, 252.34911601248473, 40.25261600191861, 220.56635127894072, 670.8031851046425, 76.70297800375192, 51.591115398942165, 189.93242474269732, 9.445764725762494, 168.8614990305272, 15.008625449697895, 27.13553876214534, 223.25770391714875, 44.2767283402836, 88.8197215374814, 710.5813122345072, 195.4688882279316, 56.140879839154046, 104.9819743194438, 54.19846952663544, 322.15689204063705, 74.69325564512746, 59.38078206517111, 105.43484644666107, 44.23624839151477]]"
4,"[[(10, 38), (10, 40), (27, 35), (27, 43), (30, 31), (30, 46), (37, 8), (43, 22), (1, 49), (4, 15), (11, 4), (40, 9), (40, 34), (2, 39), (5, 21), (5, 31), (5, 46), (13, 12), (17, 13), (17, 20), (17, 28), (21, 14), (21, 44), (22, 37), (39, 5), (3, 29), (32, 37), (32, 48), (47, 3), (8, 49), (15, 11), (28, 17), (28, 27), (9, 49), (19, 7), (19, 30), (46, 34), (46, 41), (6, 29), (6, 45), (14, 43), (18, 12), (18, 35), (16, 22), (16, 39), (25, 2), (25, 29), (24, 32), (44, 29)]]","[[188.75387242884733, 65.6028761931369, 99.0195145630202, 48.48134363442092, 7.075282702447077, 276.88342315265754, 241.74106169625378, 382.0096418261264, 1177.9283078510632, 17.433453034895162, 86.98252461808583, 83.60379069773695, 51.52275702304712, 375.5978774703176, 205.54229228550884, 11.787998445565616, 593.9666071773186, 21.64256189667367, 35.35775545073108, 20.74410812673178, 239.2612817429172, 26.64869984942498, 465.1121463840421, 243.98601125337143, 385.8528938136117, 129.1113582566589, 41.344114689121625, 286.1712268652879, 678.0133266628443, 754.8412403661853, 86.12388741753206, 248.9539198278233, 9.5147058221372, 94.52955409778758, 18.61301763986763, 27.131137905252068, 175.5529335452356, 13.597173508529714, 107.88927343962426, 878.7991013126036, 165.66614696061603, 128.856685610589, 212.03750312586965, 128.03064338001423, 342.8486691413327, 70.6953557646334, 24.15996555919135, 93.36434159364786, 26.09562358192977]]"
5,"[[(10, 38), (10, 40), (27, 35), (27, 43), (30, 31), (30, 46), (37, 8), (43, 22), (1, 49), (4, 15), (11, 4), (40, 9), (40, 34), (2, 39), (5, 21), (5, 31), (5, 46), (13, 12), (17, 13), (17, 20), (17, 28), (21, 14), (21, 44), (22, 37), (39, 5), (3, 29), (32, 37), (32, 48), (47, 3), (8, 49), (15, 11), (28, 17), (28, 27), (9, 49), (19, 7), (19, 30), (46, 34), (46, 41), (6, 29), (6, 45), (14, 43), (18, 12), (18, 35), (16, 22), (16, 39), (25, 2), (25, 29), (24, 32), (44, 29)]]","[[189.7915553429956, 67.92465793036628, 112.28697948918888, 39.45941639657042, 5.627606199962106, 278.85892449755244, 163.84580147624075, 350.50601423155507, 511.733084842723, 18.039594074935703, 109.79681705547385, 83.52321189613713, 49.25791764797775, 377.93684236244263, 220.92912904154485, 13.664160747750852, 400.656399426108, 15.677213551618305, 22.089058228289886, 22.69230051512735, 213.26648095309866, 38.87919159097301, 448.13792062322943, 158.42768300365208, 595.9687736375936, 319.8745387629501, 39.42505916245686, 267.2980733546797, 704.4865423137278, 315.1502573996553, 62.742696657525116, 138.6367638026255, 9.230984243134, 43.79664363367721, 17.48653475630137, 8.503785133201017, 44.785003650731326, 33.15375187603005, 100.57269387439214, 469.9467056841579, 226.8828832974781, 78.08539928848596, 141.43221690162852, 120.41739212831905, 340.91043558115655, 57.24898085735767, 41.675904055108425, 76.21983833151921, 40.2629618956958]]"
6,"[[(10, 38), (10, 40), (27, 35), (27, 43), (30, 31), (30, 46), (37, 8), (43, 22), (1, 49), (4, 15), (11, 4), (40, 9), (40, 34), (2, 39), (5, 21), (5, 31), (5, 46), (13, 12), (17, 13), (17, 20), (17, 28), (21, 14), (21, 44), (22, 37), (39, 5), (3, 29), (32, 37), (32, 48), (47, 3), (8, 49), (15, 11), (28, 17), (28, 27), (9, 49), (19, 7), (19, 30), (46, 34), (46, 41), (6, 29), (6, 45), (14, 43), (18, 12), (18, 35), (16, 22), (16, 39), (25, 2), (25, 29), (24, 32), (44, 29)]]","[[91.37731681404094, 73.38174126440849, 81.92170103103953, 59.42695072501132, 23.778418030955166, 198.54550113832983, 124.25074977758925, 431.2703129553064, 1024.8383404641118, 17.19799904817841, 78.15975673570713, 83.27795302399973, 63.170143149119426, 433.8310564327236, 204.25805243162256, 15.157704901362901, 496.41146010478315, 19.885450979771115, 41.608486570063086, 14.846660014545142, 230.08157774438246, 41.275117678703026, 329.04746880113356, 190.14662074312196, 497.16453685159394, 341.81320710468736, 41.5167378761751, 259.071068604908, 664.2118195344119, 730.1743095773899, 101.78897661904949, 137.2066542522585, 9.655098268569116, 72.96556489059921, 19.86895099941338, 12.87685052984705, 296.59872916502525, 32.06255726901823, 90.07591024689063, 603.591994495773, 164.64429653726785, 80.0549093248622, 175.81030459954795, 116.66705176429912, 354.5919698366484, 55.942528507421976, 48.458221766891484, 60.60219983629468, 43.753478166757546]]"
7,"[[(10, 38), (10, 40), (27, 35), (27, 43), (30, 31), (30, 46), (37, 8), (43, 22), (1, 49), (4, 15), (11, 4), (40, 9), (40, 34), (2, 39), (5, 21), (5, 31), (5, 46), (13, 12), (17, 13), (17, 20), (17, 28), (21, 14), (21, 44), (22, 37), (39, 5), (3, 29), (32, 37), (32, 48), (47, 3), (8, 49), (15, 11), (28, 17), (28, 27), (9, 49), (19, 7), (19, 30), (46, 34), (46, 41), (6, 29), (6, 45), (14, 43), (18, 12), (18, 35), (16, 22), (16, 39), (25, 2), (25, 29), (24, 32), (44, 29)]]","[[275.0243711330364, 64.47702854150135, 44.12295294177969, 76.06864889667614, 15.554072799879439, 253.0581013055693, 106.57567120044612, 359.6883624240134, 575.384035497514, 19.03415767855341, 42.354178410611105, 84.92053074523841, 58.93304055449544, 423.53014125659337, 214.57338636067882, 32.950732101907505, 413.9182904522185, 17.73831722389141, 16.261440735972023, 20.01954859609119, 225.4048557518307, 51.40601867982189, 199.52928000427, 224.5585354201337, 603.9298307132715, 330.27157366111146, 42.11418494179188, 329.78390982818996, 697.823882491499, 654.0416599808951, 44.77249514929552, 252.13450453428055, 9.275047407622605, 187.8585839760185, 14.284341436387306, 18.09200365855193, 348.1493910594172, 45.11956464876703, 122.58373148505538, 931.180453141893, 163.25495063604168, 24.454650589668447, 103.4735932477359, 36.60402635986499, 311.5252171052941, 77.57474030384653, 17.416904945138832, 85.24070319430169, 43.911615012380196]]"
8,"[[(10, 38), (10, 40), (27, 35), (27, 43), (30, 31), (30, 46), (37, 8), (43, 22), (1, 49), (4, 15), (11, 4), (40, 9), (40, 34), (2, 39), (5, 21), (5, 31), (5, 46), (13, 12), (17, 13), (17, 20), (17, 28), (21, 14), (21, 44), (22, 37), (39, 5), (3, 29), (32, 37), (32, 48), (47, 3), (8, 49), (15, 11), (28, 17), (28, 27), (9, 49), (19, 7), (19, 30), (46, 34), (46, 41), (6, 29), (6, 45), (14, 43), (18, 12), (18, 35), (16, 22), (16, 39), (25, 2), (25, 29), (24, 32), (44, 29)]]","[[130.70221795077697, 63.41586762411916, 100.05284841425335, 35.416036277209194, 12.931195579967792, 181.04105419902928, 131.6721224046036, 390.63716342745295, 1292.3014785254325, 19.53040001998214, 74.60036856457884, 83.08303076860271, 61.109829569898736, 404.50479766153285, 171.68931012721714, 18.735020567438973, 453.5755408870836, 19.879782307101152, 20.428034814632365, 19.757512286559678, 220.54411300018577, 35.98044828669937, 246.63289951204302, 134.52947684976118, 656.189264224729, 195.01591380845198, 40.4462554824748, 347.3411258566962, 703.7929607118788, 580.490542255019, 66.28807026484742, 197.7300310236729, 9.581420912701178, 136.0325803176988, 15.355628041987506, 28.783923193457756, 268.13874580122996, 16.23168164299055, 119.4598160705644, 389.45679553858326, 175.36952269626676, 44.17595597913665, 143.7308767185068, 112.40275180592866, 350.0267480213882, 74.68838937492484, 23.679508391870996, 36.7607810128235, 12.785445021196827]]"
9,"[[(10, 38), (10, 40), (27, 35), (27, 43), (30, 31), (30, 46), (37, 8), (43, 22), (1, 49), (4, 15), (11, 4), (40, 9), (40, 34), (2, 39), (5, 21), (5, 31), (5, 46), (13, 12), (17, 13), (17, 20), (17, 28), (21, 14), (21, 44), (22, 37), (39, 5), (3, 29), (32, 37), (32, 48), (47, 3), (8, 49), (15, 11), (28, 17), (28, 27), (9, 49), (19, 7), (19, 30), (46, 34), (46, 41), (6, 29), (6, 45), (14, 43), (18, 12), (18, 35), (16, 22), (16, 39), (25, 2), (25, 29), (24, 32), (44, 29)]]","[[183.40773346430313, 69.42353333984329, 76.47001941787006, 101.75225948988344, 22.57504519803543, 193.36858044171856, 183.86303155469028, 371.53149158539, 766.8251322274289, 17.38977437220619, 62.10810787464908, 84.63212889916183, 48.95766247515967, 425.98756148833985, 81.50312367085023, 25.360825536176083, 543.9966068136246, 15.363971428463794, 27.21757087769668, 17.829657899790053, 208.7842986903547, 41.07786172310032, 400.49114610359317, 131.05076405613357, 440.63391373124034, 200.3092228601915, 39.961277840076036, 213.06379262220577, 708.2713515480226, 543.3986447304816, 81.02115036809863, 255.64622375066293, 8.44480776542725, 37.562154254022424, 14.519484284771279, 25.981187538899626, 361.5878189858029, 40.07945299403457, 91.79806914988364, 952.0479555353611, 143.12537728940964, 124.40801185319202, 296.12105229811124, 34.29752187884664, 305.4546240888927, 70.287646229886, 34.80231870606457, 126.60539149958734, 18.880322293051467]]"
10,"[[(10, 38), (10, 40), (27, 35), (27, 43), (30, 31), (30, 46), (37, 8), (43, 22), (1, 49), (4, 15), (11, 4), (40, 9), (40, 34), (2, 39), (5, 21), (5, 31), (5, 46), (13, 12), (17, 13), (17, 20), (17, 28), (21, 14), (21, 44), (22, 37), (39, 5), (3, 29), (32, 37), (32, 48), (47, 3), (8, 49), (15, 11), (28, 17), (28, 27), (9, 49), (19, 7), (19, 30), (46, 34), (46, 41), (6, 29), (6, 45), (14, 43), (18, 12), (18, 35), (16, 22), (16, 39), (25, 2), (25, 29), (24, 32), (44, 29)]]","[[93.33564046706312, 69.51744936799592, 68.96817929975376, 31.53596109661151, 12.61008606995611, 339.8632586264075, 137.03983750026924, 410.715465627197, 1189.952874174789, 17.750593763239284, 77.63260707045876, 84.87276197623898, 47.23518298455159, 387.80961546773, 175.85932405527225, 21.404506896426874, 474.84750226287207, 18.310417643306, 53.044761254913006, 22.841521397343158, 207.3968027205885, 46.579535497451026, 573.9156353553724, 152.97867911864464, 367.24508687897264, 40.36800501301778, 40.271449484272885, 352.6793781028125, 702.7454028043726, 507.8173266607337, 85.75125985111355, 280.7890843536949, 8.861278597080307, 57.30390740114903, 15.955004375297257, 3.8830507618153183, 313.6085070176506, 10.69122180249669, 96.36397442013201, 979.6885005838004, 229.8633081296907, 153.04311211966476, 130.44682334570373, 95.09140001270447, 273.1273064403287, 64.21385985327412, 31.009448796449494, 111.65342800142975, 21.736946263028564]]"
11,"[[(10, 38), (10, 40), (27, 35), (27, 43), (30, 31), (30, 46), (37, 8), (43, 22), (1, 49), (4, 15), (11, 4), (40, 9), (40, 34), (2, 39), (5, 21), (5, 31), (5, 46), (13, 12), (17, 13), (17, 20), (17, 28), (21, 14), (21, 44), (22, 37), (39, 5), (3, 29), (32, 37), (32, 48), (47, 3), (8, 49), (15, 11), (28, 17), (28, 27), (9, 49), (19, 7), (19, 30), (46, 34), (46, 41), (6, 29), (6, 45), (14, 43), (18, 12), (18, 35), (16, 22), (16, 39), (25, 2), (25, 29), (24, 32), (44, 29)]]","[[224.95890829929746, 67.48488233726057, 31.658663613846567, 70.83766224484404, 2.531074673058753, 267.4136026295791, 153.88646481546274, 328.2541144183819, 796.9909154075726, 17.91636732309291, 110.25684366236129, 84.09444258610957, 43.566608934337694, 404.4958033235732, 116.89533086509587, 10.692753804657517, 385.2593528518158, 14.474967262717737, 44.8288666333179, 16.31603394804423, 193.85999977483388, 28.678433408272184, 508.34453027397996, 202.83466032191302, 251.74710636952187, 83.52753550955146, 39.61451300695412, 381.3089389244477, 705.950351038078, 317.0515773449073, 94.66390092261656, 123.27629858234853, 8.119229812827616, 43.814099641326315, 19.90215227061867, 4.4015248111546335, 398.53925266613487, 27.024571142816605, 115.22794560890037, 192.2474322333126, 166.66621326527252, 138.8770449253932, 161.84913491455325, 55.749420624276965, 354.6836988212722, 69.05256410030157, 56.122778557188745, 34.089758070868996, 30.87017715116781]]"
12,"[[(10, 38), (10, 40), (27, 35), (27, 43), (30, 31), (30, 46), (37, 8), (43, 22), (1, 49), (4, 15), (11, 4), (40, 9), (40, 34), (2, 39), (5, 21), (5, 31), (5, 46), (13, 12), (17, 13), (17, 20), (17, 28), (21, 14), (21, 44), (22, 37), (39, 5), (3, 29), (32, 37), (32, 48), (47, 3), (8, 49), (15, 11), (28, 17), (28, 27), (9, 49), (19, 7), (19, 30), (46, 34), (46, 41), (6, 29), (6, 45), (14, 43), (18, 12), (18, 35), (16, 22), (16, 39), (25, 2), (25, 29), (24, 32), (44, 29)]]","[[309.3195233281127, 62.82177571910712, 69.0161247926266, 73.51842020660541, 18.22166178055504, 210.26498448270257, 113.33099790799241, 362.77341268260534, 1069.7175352027518, 20.67908133279414, 46.657187521576844, 83.33904421678619, 64.39909011449757, 436.67911390144377, 215.00773619702875, 27.242384602486048, 432.4180917847104, 20.630359516051456, 59.60503692252183, 19.09566406531903, 241.8991189717911, 53.86651425620294, 508.39260686435256, 245.94547728689682, 606.3615134733974, 187.20299638709798, 42.418597149182425, 340.36305164454984, 689.105648550366, 411.4336165236444, 77.49382852400213, 264.44167038946574, 9.244292044022876, 94.62180523547877, 16.950628161450418, 11.808290065523362, 372.6121388668887, 35.84744183292251, 136.48463674847903, 1113.8209694792597, 159.95388393974213, 76.32427259971135, 233.09010329166458, 88.48697817958019, 306.7193329911333, 65.48111306012095, 23.18039951320585, 127.20145409715373, 20.74903460779285]]"
13,"[[(10, 38), (10, 40), (27, 35), (27, 43), (30, 31), (30, 46), (37, 8), (43, 22), (1, 49), (4, 15), (11, 4), (40, 9), (40, 34), (2, 39), (5, 21), (5, 31), (5, 46), (13, 12), (17, 13), (17, 20), (17, 28), (21, 14), (21, 44), (22, 37), (39, 5), (3, 29), (32, 37), (32, 48), (47, 3), (8, 49), (15, 11), (28, 17), (28, 27), (9, 49), (19, 7), (19, 30), (46, 34), (46, 41), (6, 29), (6, 45), (14, 43), (18, 12), (18, 35), (16, 22), (16, 39), (25, 2), (25, 29), (24, 32), (44, 29)]]","[[159.76051983318507, 72.72218206912089, 80.98902778410009, 90.12810007089669, 13.41127779924507, 196.49426549031506, 157.090910593459, 415.69138826971994, 1198.4296114583276, 18.187737760988103, 92.34337163479219, 84.81728985110414, 39.47695373061755, 432.7462903351758, 256.20502883621214, 23.98549658113599, 400.72006480345055, 17.409397860952737, 21.749372301826043, 22.4836641454405, 196.16403182906407, 29.8500112683795, 317.04117858089523, 159.72406971834965, 456.3652807046315, 80.94194842973653, 39.182937595816256, 266.7077437377352, 713.2353316512185, 489.0908538002923, 91.17449799412088, 141.9412132787636, 8.234297785668417, 148.03099410867443, 15.59930540328972, 12.399394022897106, 147.18918363519316, 13.749421833740907, 99.47808098476965, 663.2551088384014, 174.66411420128424, 174.30259086836602, 104.91803433843988, 81.34120090087742, 350.61071073894715, 74.15812616967366, 2.6210981679719794, 62.918985076571595, 20.151314179250818]]"
14,"[[(10, 38), (10, 40), (27, 35), (27, 43), (30, 31), (30, 46), (37, 8), (43, 22), (1, 49), (4, 15), (11, 4), (40, 9), (40, 34), (2, 39), (5, 21), (5, 31), (5, 46), (13, 12), (17, 13), (17, 20), (17, 28), (21, 14), (21, 44), (22, 37), (39, 5), (3, 29), (32, 37), (32, 48), (47, 3), (8, 49), (15, 11), (28, 17), (28, 27), (9, 49), (19, 7), (19, 30), (46, 34), (46, 41), (6, 29), (6, 45), (14, 43), (18, 12), (18, 35), (16, 22), (16, 39), (25, 2), (25, 29), (24, 32), (44, 29)]]","[[279.531597924449, 76.43124165638264, 79.73416188664369, 100.66772577959235, 13.59227300469989, 182.91946335079848, 102.73056281837283, 414.55256068074675, 1130.3565858480401, 18.521226379170784, 18.48479616211899, 83.11743282225021, 55.01519298624835, 453.1471901671855, 159.07807008024542, 25.692593228756714, 347.8458258418881, 19.513907267076583, 23.56501780363873, 17.728332541087255, 212.05879223867674, 46.39787298198026, 458.8427724705155, 158.19178878214188, 423.84322207380103, 355.3724458822553, 39.177955611702174, 356.44953195586606, 728.8322436522224, 643.5984616582807, 101.15692190252136, 149.4391531930118, 8.61973113839109, 62.79877077446267, 16.153761744873115, 13.458069516500647, 148.17437872993344, 44.193344686930956, 93.61617251405865, 1039.3997194423655, 223.02299790149377, 188.89284886814826, 168.29852814465738, 34.16584875237244, 292.97776311652774, 61.81366579833924, 42.693437964392686, 67.72804746255818, 36.898724263445516]]"
15,"[[(10, 38), (10, 40), (27, 35), (27, 43), (30, 31), (30, 46), (37, 8), (43, 22), (1, 49), (4, 15), (11, 4), (40, 9), (40, 34), (2, 39), (5, 21), (5, 31), (5, 46), (13, 12), (17, 13), (17, 20), (17, 28), (21, 14), (21, 44), (22, 37), (39, 5), (3, 29), (32, 37), (32, 48), (47, 3), (8, 49), (15, 11), (28, 17), (28, 27), (9, 49), (19, 7), (19, 30), (46, 34), (46, 41), (6, 29), (6, 45), (14, 43), (18, 12), (18, 35), (16, 22), (16, 39), (25, 2), (25, 29), (24, 32), (44, 29)]]","[[259.68486356060004, 63.908695400855585, 66.82415886950689, 96.3025855463426, 3.0922337415550754, 283.10568563005893, 124.53105198575705, 368.262816230146, 593.9173488439437, 18.274400397840623, 65.51581322992381, 84.09983726973529, 66.32093562404383, 431.24830896393485, 164.08036297899628, 20.972207072765986, 355.52910289732023, 19.640331485920157, 43.19618608163411, 22.356867098759274, 204.79371664410854, 52.18073121406027, 217.8143208820171, 166.2108920993311, 474.0290881570354, 250.94525983036317, 40.42823686126865, 330.17965674087804, 712.5983634969522, 476.09624723126217, 44.78842798829815, 220.5249077210781, 8.045697611054214, 177.9740118488348, 19.620009356728602, 10.348130168978098, 197.06418223801603, 12.05677307151173, 84.42605055693441, 774.1629624421759, 217.62737345224014, 13.40268146840738, 209.66279281693517, 94.57716431774114, 312.1685190288922, 53.32390103091732, 63.914197739147, 63.22307962564866, 43.61575864492652]]"
16,"[[(10, 38), (10, 40), (27, 35), (27, 43), (30, 31), (30, 46), (37, 8), (43, 22), (1, 49), (4, 15), (11, 4), (40, 9), (40, 34), (2, 39), (5, 21), (5, 31), (5, 46), (13, 12), (17, 13), (17, 20), (17, 28), (21, 14), (21, 44), (22, 37), (39, 5), (3, 29), (32, 37), (32, 48), (47, 3), (8, 49), (15, 11), (28, 17), (28, 27), (9, 49), (19, 7), (19, 30), (46, 34), (46, 41), (6, 29), (6, 45), (14, 43), (18, 12), (18, 35), (16, 22), (16, 39), (25, 2), (25, 29), (24, 32), (44, 29)]]","[[92.8037914508398, 65.08993697096084, 70.19179974266122, 100.97290435170243, 16.159740315113876, 334.33508158435035, 119.01976484608088, 357.9398434037406, 1265.5954830644982, 17.478784233672123, 8.209255593539122, 83.12914862431538, 63.21645134315087, 441.5000432806496, 128.9821424815144, 14.12950515477658, 336.20458926128856, 19.754390164505164, 49.87666177338158, 25.515328232513227, 197.15051741603193, 41.58216128186063, 380.6105091137119, 175.38641063074513, 605.8494213537567, 231.38187530106646, 42.20459755903732, 276.71356643674466, 715.8811497093104, 381.57249200927356, 70.9641522066809, 229.9681072212989, 8.491978521617622, 120.60496721424084, 19.630069330899182, 18.440202020953553, 308.88114146093636, 45.105205674816396, 134.69521584409839, 296.6750488865058, 152.30373827128136, 206.70981361573726, 296.1136317460441, 82.05262959410206, 310.85977464193877, 61.50754199742826, 2.020247147339871, 76.7401285160445, 33.25920332792104]]"
17,"[[(10, 38), (10, 40), (27, 35), (27, 43), (30, 31), (30, 46), (37, 8), (43, 22), (1, 49), (4, 15), (11, 4), (40, 9), (40, 34), (2, 39), (5, 21), (5, 31), (5, 46), (13, 12), (17, 13), (17, 20), (17, 28), (21, 14), (21, 44), (22, 37), (39, 5), (3, 29), (32, 37), (32, 48), (47, 3), (8, 49), (15, 11), (28, 17), (28, 27), (9, 49), (19, 7), (19, 30), (46, 34), (46, 41), (6, 29), (6, 45), (14, 43), (18, 12), (18, 35), (16, 22), (16, 39), (25, 2), (25, 29), (24, 32), (44, 29)]]","[[176.3872831463152, 69.46746151609496, 106.53911993138715, 13.497505769837169, 3.7633722916734316, 177.14849331211266, 143.9187980515589, 344.3675154998281, 917.885522168222, 18.118014041309458, 50.82696958180032, 84.06762041249534, 40.207244961044, 410.60257175720636, 193.8146228157911, 31.87613946173882, 527.1804527040911, 16.007942547429504, 26.26015463791398, 22.909391006934463, 226.15426853230935, 58.57664413809934, 493.1585456781425, 149.92070166033454, 546.2695196386683, 320.4359618049024, 39.81667372716602, 314.0431332969086, 719.9066028455677, 846.4886673470086, 92.10063678376991, 222.46683006173916, 9.807350517932688, 157.1949880908399, 16.801998209750284, 16.7527352937512, 80.4207938318373, 11.068833448030713, 87.11435069147197, 682.0263536455388, 167.46899374394548, 202.14954071133366, 237.3043142493397, 20.929464071968578, 269.22253251462104, 76.84680614649764, 25.950458990516175, 122.58484239797139, 39.47092158367466]]"
18,"[[(10, 38), (10, 40), (27, 35), (27, 43), (30, 31), (30, 46), (37, 8), (43, 22), (1, 49), (4, 15), (11, 4), (40, 9), (40, 34), (2, 39), (5, 21), (5, 31), (5, 46), (13, 12), (17, 13), (17, 20), (17, 28), (21, 14), (21, 44), (22, 37), (39, 5), (3, 29), (32, 37), (32, 48), (47, 3), (8, 49), (15, 11), (28, 17), (28, 27), (9, 49), (19, 7), (19, 30), (46, 34), (46, 41), (6, 29), (6, 45), (14, 43), (18, 12), (18, 35), (16, 22), (16, 39), (25, 2), (25, 29), (24, 32), (44, 29)]]","[[302.65696426537875, 65.55080295102667, 122.24083986385635, 43.615629538637776, 5.6262947617176815, 267.4636115157783, 243.70481002016302, 427.0696413465054, 680.6547859791997, 20.6145526968963, 45.21084762572393, 84.77422528629363, 64.68723552472814, 412.13419907564264, 230.01726032027926, 11.31378435424438, 377.47698083673464, 14.887744723599464, 65.67530861213419, 25.52400940602756, 239.77769651668888, 55.16550188021698, 491.9223480804855, 166.16471881027775, 301.367777273719, 125.56308287699402, 42.418153714634464, 223.47444422841738, 720.097578106325, 634.5177712022478, 62.41201562315497, 179.82966178448822, 8.664440509195135, 126.83402790602581, 15.766714036640947, 12.713324478841466, 36.297916589173376, 30.594819379374172, 108.47049236902252, 675.7475680185916, 139.17889318538107, 201.51977443415137, 150.42719716601277, 88.59104360111998, 313.5408308854864, 77.19609262926329, 61.714532951863745, 59.2555774669537, 38.34741461752264]]"
19,"[[(10, 38), (10, 40), (27, 35), (27, 43), (30, 31), (30, 46), (37, 8), (43, 22), (1, 49), (4, 15), (11, 4), (40, 9), (40, 34), (2, 39), (5, 21), (5, 31), (5, 46), (13, 12), (17, 13), (17, 20), (17, 28), (21, 14), (21, 44), (22, 37), (39, 5), (3, 29), (32, 37), (32, 48), (47, 3), (8, 49), (15, 11), (28, 17), (28, 27), (9, 49), (19, 7), (19, 30), (46, 34), (46, 41), (6, 29), (6, 45), (14, 43), (18, 12), (18, 35), (16, 22), (16, 39), (25, 2), (25, 29), (24, 32), (44, 29)]]","[[152.38418637454964, 68.48647563084302, 137.8580683131749, 90.19588672726046, 8.5497423899443, 301.65874668036554, 119.02523211278196, 358.0285166768508, 525.3422612082705, 20.36145924439176, 85.75404365318911, 84.85905795566521, 49.357546966074764, 380.3776757904835, 163.78634892877557, 32.68298434753716, 565.8343730534075, 17.943100943622778, 38.21992363702769, 16.319426216383192, 204.88805226231045, 29.259771953946377, 549.0064282868806, 140.5571218464684, 492.3352068696586, 71.64277146611511, 39.13967803286255, 342.46985032909765, 703.6471518949025, 228.96964766061484, 62.2573702676584, 203.59537489896582, 8.535402410312123, 92.9250208111376, 16.35315414251734, 6.393263687992752, 394.49998524997346, 44.56985082228255, 117.55198343307606, 1144.1890986636931, 208.09303652452184, 133.47413040025342, 91.78006642544946, 66.16357536150221, 267.84282457590444, 80.33351641664007, 57.68879946996146, 45.823614399548106, 31.124244804311093]]"
20,"[[(10, 38), (10, 40), (27, 35), (27, 43), (30, 31), (30, 46), (37, 8), (43, 22), (1, 49), (4, 15), (11, 4), (40, 9), (40, 34), (2, 39), (5, 21), (5, 31), (5, 46), (13, 12), (17, 13), (17, 20), (17, 28), (21, 14), (21, 44), (22, 37), (39, 5), (3, 29), (32, 37), (32, 48), (47, 3), (8, 49), (15, 11), (28, 17), (28, 27), (9, 49), (19, 7), (19, 30), (46, 34), (46, 41), (6, 29), (6, 45), (14, 43), (18, 12), (18, 35), (16, 22), (16, 39), (25, 2), (25, 29), (24, 32), (44, 29)]]","[[105.32995405754593, 68.91919950551683, 142.79750749092028, 51.51513404705669, 2.6400287574078902, 195.00700250876636, 262.9092696679783, 388.28225902431984, 1160.763048110035, 18.261315918698376, 91.58094765069262, 84.27925465938668, 58.42693506406615, 369.1171042203497, 89.30532527817908, 34.9348329010944, 478.53238882714, 21.13529400714341, 39.35081525786095, 26.548762601324807, 237.05743984987578, 49.86782059342307, 468.9462601457425, 160.8615317758771, 641.2609006659045, 317.39654239482365, 39.18905749361034, 288.9138493538427, 678.3250157649402, 216.3954150118624, 64.26995171993076, 167.33495518278073, 8.538383151224263, 102.3498489419875, 17.950390920713282, 3.498091919904571, 30.87289244563995, 11.498199479880652, 135.0726026893632, 573.513049750435, 135.2243442080249, 38.10632323923419, 312.16372367424725, 58.9352929417789, 328.309283469712, 66.90474662515598, 58.32152470842623, 65.53525548677615, 41.90155435646343]]"
21,"[[(10, 38), (10, 40), (27, 35), (27, 43), (30, 31), (30, 46), (37, 8), (43, 22), (1, 49), (4, 15), (11, 4), (40, 9), (40, 34), (2, 39), (5, 21), (5, 31), (5, 46), (13, 12), (17, 13), (17, 20), (17, 28), (21, 14), (21, 44), (22, 37), (39, 5), (3, 29), (32, 37), (32, 48), (47, 3), (8, 49), (15, 11), (28, 17), (28, 27), (9, 49), (19, 7), (19, 30), (46, 34), (46, 41), (6, 29), (6, 45), (14, 43), (18, 12), (18, 35), (16, 22), (16, 39), (25, 2), (25, 29), (24, 32), (44, 29)]]","[[178.77910739413662, 59.31627815762057, 65.56537018653114, 67.04952654653127, 12.804108907544904, 204.34509971136444, 179.28364036322694, 389.7035900290622, 506.9601065825266, 17.818853082540166, 74.51537227285351, 84.22055023757679, 70.91161535452045, 453.3060081609157, 223.07137318126388, 17.687043335480954, 510.9768811850971, 16.85883569143666, 62.61369297568754, 22.303415956980523, 233.644154877843, 37.01478976717228, 487.6114721626996, 236.3543660179137, 582.5143523534105, 350.126021304476, 41.847745458197785, 386.08622173816923, 696.3267774258046, 663.111387050823, 95.7581987860154, 124.33487603884373, 8.92096086294482, 41.933282929945975, 18.835434265281933, 19.887848307290422, 148.6327482236867, 19.434858002084894, 132.8548134147872, 700.3397368461906, 149.19364888585739, 171.44012659334345, 137.41661811070094, 31.790675616736777, 327.0085150874797, 54.94587157465761, 32.26914172950559, 48.19704327557808, 44.34105800804433]]"
22,"[[(10, 38), (10, 40), (27, 35), (27, 43), (30, 31), (30, 46), (37, 8), (43, 22), (1, 49), (4, 15), (11, 4), (40, 9), (40, 34), (2, 39), (5, 21), (5, 31), (5, 46), (13, 12), (17, 13), (17, 20), (17, 28), (21, 14), (21, 44), (22, 37), (39, 5), (3, 29), (32, 37), (32, 48), (47, 3), (8, 49), (15, 11), (28, 17), (28, 27), (9, 49), (19, 7), (19, 30), (46, 34), (46, 41), (6, 29), (6, 45), (14, 43), (18, 12), (18, 35), (16, 22), (16, 39), (25, 2), (25, 29), (24, 32), (44, 29)]]","[[162.69000450754373, 74.38824972981716, 94.69054263117933, 1.3302113233671526, 15.98349923852673, 175.87435020608876, 247.90375130115854, 414.16452124073896, 1205.2515034614808, 19.622515315748196, 59.88059131428553, 84.63564421380812, 64.41966464960676, 400.9305567623552, 68.45302288191664, 22.256804067267858, 504.71784030331594, 19.149935452291718, 54.23693610227747, 25.125903652306327, 191.97456496403282, 30.420561852722663, 272.4867043684816, 253.38716203911252, 422.32834790482025, 191.13353726044448, 39.54992669896066, 358.46837359973483, 716.3705787177064, 79.91335068781106, 59.90959575741508, 234.7632665344188, 8.949713639005568, 166.29867444934092, 18.493613340007307, 6.89764140305917, 260.06678176283737, 24.623879665760768, 119.04710641593454, 1055.7809511853677, 173.57480500794765, 72.23485449914568, 211.48953078056405, 39.20480700660752, 327.6895018942193, 63.77621760605168, 21.72729002384522, 119.24145808102031, 36.15497210890488]]"
23,"[[(10, 38), (10, 40), (27, 35), (27, 43), (30, 31), (30, 46), (37, 8), (43, 22), (1, 49), (4, 15), (11, 4), (40, 9), (40, 34), (2, 39), (5, 21), (5, 31), (5, 46), (13, 12), (17, 13), (17, 20), (17, 28), (21, 14), (21, 44), (22, 37), (39, 5), (3, 29), (32, 37), (32, 48), (47, 3), (8, 49), (15, 11), (28, 17), (28, 27), (9, 49), (19, 7), (19, 30), (46, 34), (46, 41), (6, 29), (6, 45), (14, 43), (18, 12), (18, 35), (16, 22), (16, 39), (25, 2), (25, 29), (24, 32), (44, 29)]]","[[218.5769685846295, 60.03677013969553, 102.87832073524432, 46.87731758586403, 19.296887260341137, 195.47411149547426, 198.242576795126, 375.06370713757286, 1309.3226778755911, 18.812886595909404, 95.17555078566794, 83.28164968935182, 39.04743316507903, 411.886883403635, 141.81468534676438, 34.064477443612724, 607.0027252707325, 15.304633094345984, 34.267364057690884, 26.426052926945623, 227.16861791468907, 24.11507086589937, 187.67271527207427, 228.50081274605324, 494.2435571035721, 206.84325770402842, 42.34053109324714, 271.63361430373965, 725.1917888126657, 61.45330787482872, 43.048281454492525, 268.58560808446333, 9.495336680701266, 26.844964323533254, 16.561421541064156, 19.528927492776216, 352.932927050729, 33.08204068838978, 94.68258773694308, 231.57592988548905, 211.95813073036788, 189.7431515291555, 246.6211375560841, 122.9265820370919, 304.16338821301315, 65.60126841968652, 23.818084599431113, 108.5859408483177, 31.486983391261393]]"
24,"[[(10, 38), (10, 40), (27, 35), (27, 43), (30, 31), (30, 46), (37, 8), (43, 22), (1, 49), (4, 15), (11, 4), (40, 9), (40, 34), (2, 39), (5, 21), (5, 31), (5, 46), (13, 12), (17, 13), (17, 20), (17, 28), (21, 14), (21, 44), (22, 37), (39, 5), (3, 29), (32, 37), (32, 48), (47, 3), (8, 49), (15, 11), (28, 17), (28, 27), (9, 49), (19, 7), (19, 30), (46, 34), (46, 41), (6, 29), (6, 45), (14, 43), (18, 12), (18, 35), (16, 22), (16, 39), (25, 2), (25, 29), (24, 32), (44, 29)]]","[[178.43037161231587, 71.2260036000333, 34.232986061475074, 38.690616345841995, 21.229228447271787, 332.78548041282517, 118.87990601774473, 406.6706526150623, 1077.4675836237675, 17.446326100495003, 52.52812088834823, 83.16251726078328, 53.505284058364, 434.6514350903534, 253.34023828275528, 27.836983197219848, 429.48973561808924, 18.97411327182288, 17.973243943213312, 21.4176509250986, 188.66998701613346, 47.58393897490606, 366.88192356600376, 198.4371863669353, 494.5132662731495, 333.0000106917472, 40.48818431108498, 297.21763674956895, 698.9944062571848, 647.2528703187254, 82.19975764054016, 237.17344387702437, 9.836418586818391, 201.98985584833906, 17.884816899606793, 11.492266869952322, 34.753037608706705, 8.145327649051403, 86.2030830470998, 352.5594939363285, 227.0707990939267, 53.1039528958642, 287.25972526645944, 30.240107870412402, 325.7200344831031, 70.00931570734349, 38.342550863029395, 40.19327692095343, 42.101017283290226]]"
25,"[[(10, 38), (10, 40), (27, 35), (27, 43), (30, 31), (30, 46), (37, 8), (43, 22), (1, 49), (4, 15), (11, 4), (40, 9), (40, 34), (2, 39), (5, 21), (5, 31), (5, 46), (13, 12), (17, 13), (17, 20), (17, 28), (21, 14), (21, 44), (22, 37), (39, 5), (3, 29), (32, 37), (32, 48), (47, 3), (8, 49), (15, 11), (28, 17), (28, 27), (9, 49), (19, 7), (19, 30), (46, 34), (46, 41), (6, 29), (6, 45), (14, 43), (18, 12), (18, 35), (16, 22), (16, 39), (25, 2), (25, 29), (24, 32), (44, 29)]]","[[177.26374239482067, 70.85491437083977, 142.473675481552, 89.48641887291913, 4.883820739673589, 254.24578877550567, 274.1534705950619, 329.0819689850076, 522.7891737704559, 17.374572006108387, 69.28661956863799, 84.19568267661306, 61.546435105340905, 376.5924813125239, 134.28803270946665, 14.461767172120307, 350.6487972962688, 22.405447314083684, 46.431042202384994, 14.632312740597696, 225.09206691539828, 35.673842204226304, 150.9735798674153, 193.17166503980565, 356.01719191370495, 62.103679258820264, 41.53943667613618, 381.4155022371542, 673.4951213232539, 345.71617552459054, 99.19101404476265, 125.44258967421251, 9.783316120253557, 153.58432632697068, 17.740965758541282, 26.406313468175593, 214.78856447561756, 16.943684242188517, 112.90045760706596, 406.5117091109801, 228.14074728366234, 47.24672714987244, 254.81618148680164, 128.68038626211336, 348.0930816680173, 70.17426232543744, 44.11573816967099, 86.8988072949952, 25.509114644571895]]"
26,"[[(10, 38), (10, 40), (27, 35), (27, 43), (30, 31), (30, 46), (37, 8), (43, 22), (1, 49), (4, 15), (11, 4), (40, 9), (40, 34), (2, 39), (5, 21), (5, 31), (5, 46), (13, 12), (17, 13), (17, 20), (17, 28), (21, 14), (21, 44), (22, 37), (39, 5), (3, 29), (32, 37), (32, 48), (47, 3), (8, 49), (15, 11), (28, 17), (28, 27), (9, 49), (19, 7), (19, 30), (46, 34), (46, 41), (6, 29), (6, 45), (14, 43), (18, 12), (18, 35), (16, 22), (16, 39), (25, 2), (25, 29), (24, 32), (44, 29)]]","[[307.6392441020773, 65.05094666882366, 80.2789689391686, 68.70338859794927, 5.497370637586181, 216.1333006574107, 152.869627295592, 416.5851026231861, 560.7371796272603, 18.66466077493419, 47.094600121618896, 84.86838142870275, 65.56287086761165, 365.0895800718193, 140.74311082398094, 9.974344119489153, 311.26883535374395, 22.1428538203602, 50.769602862878685, 22.177443374669547, 190.69622414432524, 41.16625583944784, 545.3262513587018, 207.1507763136744, 260.30831860635305, 334.5250376345198, 42.75622185497997, 328.24858543665164, 739.6481838804572, 741.7480003478681, 91.37805742307143, 150.70213678031743, 8.84701336950171, 8.108165058656336, 18.32611054696886, 22.738958054246556, 253.73170429039584, 13.772270091700255, 120.08920782296849, 543.9452519318797, 213.859884910678, 29.472995388003113, 115.6910561470748, 59.81943925586028, 329.51808939436427, 57.364952851258906, 32.55359002770034, 121.83432090465868, 21.79258597198198]]"
27,"[[(10, 38), (10, 40), (27, 35), (27, 43), (30, 31), (30, 46), (37, 8), (43, 22), (1, 49), (4, 15), (11, 4), (40, 9), (40, 34), (2, 39), (5, 21), (5, 31), (5, 46), (13, 12), (17, 13), (17, 20), (17, 28), (21, 14), (21, 44), (22, 37), (39, 5), (3, 29), (32, 37), (32, 48), (47, 3), (8, 49), (15, 11), (28, 17), (28, 27), (9, 49), (19, 7), (19, 30), (46, 34), (46, 41), (6, 29), (6, 45), (14, 43), (18, 12), (18, 35), (16, 22), (16, 39), (25, 2), (25, 29), (24, 32), (44, 29)]]","[[127.30251671912453, 75.2034437331775, 30.741203933159994, 99.67252707796514, 3.75591044255461, 326.250857670408, 246.48968269238236, 378.86463216859266, 606.3468233786333, 17.97152523705429, 103.1190687475289, 83.49819845700131, 47.844033390815724, 436.9279983109923, 71.58291101282745, 31.052726426207965, 497.5591032617052, 21.502154679512394, 15.698115930821327, 18.692139492419386, 224.13283632788392, 54.7291784184933, 448.27606825994184, 171.90895542127026, 495.1420556342653, 35.28408541696511, 40.61615345655612, 300.34489029579396, 712.4842639534374, 299.0073129209234, 103.8467598858903, 221.9662306096672, 9.242054940287472, 135.68256269503237, 19.113542796791826, 10.029835861671195, 71.58580741175274, 18.19902403325928, 91.7578677307173, 230.87893020228995, 203.5810313125791, 189.7787766083576, 95.40436911170477, 79.69665857470247, 317.5316109727391, 56.15389841015901, 41.740971140709206, 24.768069640445404, 16.703147870876556]]"
28,"[[(10, 38), (10, 40), (27, 35), (27, 43), (30, 31), (30, 46), (37, 8), (43, 22), (1, 49), (4, 15), (11, 4), (40, 9), (40, 34), (2, 39), (5, 21), (5, 31), (5, 46), (13, 12), (17, 13), (17, 20), (17, 28), (21, 14), (21, 44), (22, 37), (39, 5), (3, 29), (32, 37), (32, 48), (47, 3), (8, 49), (15, 11), (28, 17), (28, 27), (9, 49), (19, 7), (19, 30), (46, 34), (46, 41), (6, 29), (6, 45), (14, 43), (18, 12), (18, 35), (16, 22), (16, 39), (25, 2), (25, 29), (24, 32), (44, 29)]]","[[191.96207724406844, 70.62769375027192, 141.07468587191875, 16.728083232131787, 24.73731852068244, 305.96201902574467, 268.68494043022406, 419.65512891184096, 685.6362209175497, 17.305221242361867, 16.518112714941648, 83.52246738135834, 58.89301217370159, 425.665161824466, 132.20483864497402, 19.483725894254935, 561.4128727035743, 17.0306451270973, 38.697493775813044, 21.18434100227434, 197.83030052580574, 52.90660649991311, 328.27528159913743, 161.38954821113998, 485.0713060667325, 329.6664917147192, 41.98761936409997, 265.4259969214341, 675.7541004307492, 633.3952865019346, 104.73195939090664, 229.99104133711495, 9.296284082336092, 115.6720660959357, 17.35433048059619, 19.943100432620476, 171.30176580461855, 39.051960529253904, 121.8036028033665, 189.0772868691213, 176.1144883335715, 138.55908926110237, 269.0989235901486, 117.6394004847151, 285.96133816057625, 63.910410097428155, 30.631562866888597, 64.46927647399984, 15.144627220660023]]"
29,"[[(10, 38), (10, 40), (27, 35), (27, 43), (30, 31), (30, 46), (37, 8), (43, 22), (1, 49), (4, 15), (11, 4), (40, 9), (40, 34), (2, 39), (5, 21), (5, 31), (5, 46), (13, 12), (17, 13), (17, 20), (17, 28), (21, 14), (21, 44), (22, 37), (39, 5), (3, 29), (32, 37), (32, 48), (47, 3), (8, 49), (15, 11), (28, 17), (28, 27), (9, 49), (19, 7), (19, 30), (46, 34), (46, 41), (6, 29), (6, 45), (14, 43), (18, 12), (18, 35), (16, 22), (16, 39), (25, 2), (25, 29), (24, 32), (44, 29)]]","[[204.66837763288154, 59.26196443255232, 66.85703809070509, 13.233111629217623, 15.843066678446853, 341.52021872470266, 238.98175998354694, 355.765738902497, 601.9500839080505, 18.20559807649312, 93.17452279899572, 83.15242984579733, 58.88915412586811, 414.2209325726095, 255.58020138777735, 20.385961989915675, 380.7235489685613, 15.827732339302806, 44.4161364948172, 16.234327051800445, 200.03044767710745, 40.66638889128528, 272.7413046489004, 256.52933309978346, 351.72656535480417, 125.7593032990783, 39.25046365296092, 288.6718744435006, 730.4151606937414, 847.4424112281861, 48.12887713967681, 253.43256376659912, 9.949068211358103, 83.16864775255321, 15.137857147426573, 28.825520719544503, 334.35869956128965, 15.702420338168052, 133.22913549133833, 229.72261428680625, 148.5874766425113, 110.27635230645492, 104.27662121739567, 37.51613813742298, 322.3020973608033, 72.34602292669301, 70.1796718360224, 123.10587209973903, 11.467440160528149]]"
30,"[[(10, 38), (10, 40), (27, 35), (27, 43), (30, 31), (30, 46), (37, 8), (43, 22), (1, 49), (4, 15), (11, 4), (40, 9), (40, 34), (2, 39), (5, 21), (5, 31), (5, 46), (13, 12), (17, 13), (17, 20), (17, 28), (21, 14), (21, 44), (22, 37), (39, 5), (3, 29), (32, 37), (32, 48), (47, 3), (8, 49), (15, 11), (28, 17), (28, 27), (9, 49), (19, 7), (19, 30), (46, 34), (46, 41), (6, 29), (6, 45), (14, 43), (18, 12), (18, 35), (16, 22), (16, 39), (25, 2), (25, 29), (24, 32), (44, 29)]]","[[166.79568762218295, 57.88288228836803, 87.04377970520535, 16.781996149174496, 2.846850284636382, 340.16423899973233, 151.96021543124095, 386.21549890811195, 1087.355638129567, 17.119548019933507, 54.352337198179725, 83.42786655228487, 60.932491761966446, 368.48892929821346, 182.0597331132121, 13.57366988553193, 433.0348209795009, 19.595968784190404, 61.46418126412786, 22.41080044362963, 214.11371490799266, 37.491650278490354, 199.14192740718084, 249.23759950617819, 220.67366298412233, 307.075729151195, 41.41169134615241, 239.16027232892668, 667.5765916903428, 562.1533165176219, 92.9306192264414, 214.79529636916465, 9.705464589099906, 192.325996521161, 14.674838104891103, 14.926245884049372, 279.53974544603034, 31.543418093960923, 94.82616326507393, 1098.8530662228122, 225.86100408234222, 164.93241032950084, 99.20906560756812, 52.06787590555469, 321.82669645552465, 59.33608592323067, 51.15770978588089, 54.76593867152516, 26.544877728856044]]"
31,"[[(10, 38), (10, 40), (27, 35), (27, 43), (30, 31), (30, 46), (37, 8), (43, 22), (1, 49), (4, 15), (11, 4), (40, 9), (40, 34), (2, 39), (5, 21), (5, 31), (5, 46), (13, 12), (17, 13), (17, 20), (17, 28), (21, 14), (21, 44), (22, 37), (39, 5), (3, 29), (32, 37), (32, 48), (47, 3), (8, 49), (15, 11), (28, 17), (28, 27), (9, 49), (19, 7), (19, 30), (46, 34), (46, 41), (6, 29), (6, 45), (14, 43), (18, 12), (18, 35), (16, 22), (16, 39), (25, 2), (25, 29), (24, 32), (44, 29)]]","[[90.91081256981718, 73.79577005419955, 126.10366616890252, 45.64079615890815, 8.898955707621273, 186.11675588507663, 228.55996460367993, 338.92668435330273, 532.7202532497599, 19.48086185585008, 78.76877153232591, 83.54367321266767, 40.62990898603601, 368.00531967844216, 101.90303846602075, 21.335000945482793, 317.8693804386143, 19.39066872971, 39.76721299320572, 23.783191256265972, 201.16032106019298, 43.389404513397956, 398.92322261850177, 145.37501769092896, 354.5828086151414, 220.20971704714862, 41.66350502772106, 348.98353563118724, 675.1062848858901, 849.2931836142272, 84.66694832796408, 189.18693002426144, 9.329399599336384, 72.05316111910302, 18.883458449672773, 28.62339179786588, 64.21140592640793, 10.728109386398632, 130.45781066952657, 608.9327826865722, 174.744072376446, 186.07998077308258, 213.0105812106889, 123.17898484875056, 356.5490332892126, 66.25464649677868, 27.959461068468002, 61.800195735081786, 34.788957799786544]]"
32,"[[(10, 38), (10, 40), (27, 35), (27, 43), (30, 31), (30, 46), (37, 8), (43, 22), (1, 49), (4, 15), (11, 4), (40, 9), (40, 34), (2, 39), (5, 21), (5, 31), (5, 46), (13, 12), (17, 13), (17, 20), (17, 28), (21, 14), (21, 44), (22, 37), (39, 5), (3, 29), (32, 37), (32, 48), (47, 3), (8, 49), (15, 11), (28, 17), (28, 27), (9, 49), (19, 7), (19, 30), (46, 34), (46, 41), (6, 29), (6, 45), (14, 43), (18, 12), (18, 35), (16, 22), (16, 39), (25, 2), (25, 29), (24, 32), (44, 29)]]","[[291.3224108105122, 69.02659971402188, 61.356616548814905, 92.12926745308302, 14.855776531074643, 274.1620368243322, 212.12423968422678, 393.5617091984255, 523.1375041853903, 19.891440519743362, 6.300288916470301, 84.28803738226391, 41.79236883453865, 391.87554004848903, 213.20766112104423, 19.313051923784172, 512.4078955935165, 15.596977765830049, 31.67024513050647, 21.353934882773245, 211.30190585043354, 27.557902917026873, 188.53876330732794, 240.92658807576214, 342.7344188073213, 127.10671526451678, 40.89783340349885, 246.33364963592794, 681.9531366741321, 734.2799353658065, 83.50650134629151, 140.6911598511384, 9.221726884212273, 78.45638710787921, 14.596316726161112, 7.779152271811425, 148.9381369861127, 19.188610863827726, 132.4406559858278, 202.24483825991652, 203.9266597033525, 190.42874393091944, 109.2043884528251, 69.9727472625361, 295.8260403871407, 80.67438815432718, 6.5837191234028305, 121.74473872863716, 11.9879589349842]]"
33,"[[(10, 38), (10, 40), (27, 35), (27, 43), (30, 31), (30, 46), (37, 8), (43, 22), (1, 49), (4, 15), (11, 4), (40, 9), (40, 34), (2, 39), (5, 21), (5, 31), (5, 46), (13, 12), (17, 13), (17, 20), (17, 28), (21, 14), (21, 44), (22, 37), (39, 5), (3, 29), (32, 37), (32, 48), (47, 3), (8, 49), (15, 11), (28, 17), (28, 27), (9, 49), (19, 7), (19, 30), (46, 34), (46, 41), (6, 29), (6, 45), (14, 43), (18, 12), (18, 35), (16, 22), (16, 39), (25, 2), (25, 29), (24, 32), (44, 29)]]","[[87.7167258492282, 70.15820670776614, 133.18907174302336, 61.22658575264325, 15.272919506216617, 200.71638402777805, 150.32612867129842, 348.8529148662649, 784.530407855486, 20.511417966547384, 27.015910443366707, 83.22142346579712, 64.3786297581381, 363.85701620700615, 127.30568610100454, 18.323897029492272, 318.30511975759924, 18.125916849390613, 49.072369474934774, 23.297085298258292, 196.9460614919072, 44.645966405913235, 233.98532558502308, 230.5868843466363, 368.99808073709477, 315.4816086339144, 41.27231848132896, 386.88326072656844, 670.559942038934, 799.8666804133314, 107.67896711822979, 228.03983963875078, 9.456812906446135, 156.88860798031206, 19.363630989565788, 19.28811956887275, 186.1286945481484, 36.250430833128576, 91.28213372311532, 318.20329609032297, 136.4825266502078, 185.64757412311727, 153.46718868366224, 111.03460382478139, 341.87013877930156, 65.48984990732211, 41.50925604468643, 52.999223505262556, 17.61139772359396]]"
34,"[[(10, 38), (10, 40), (27, 35), (27, 43), (30, 31), (30, 46), (37, 8), (43, 22), (1, 49), (4, 15), (11, 4), (40, 9), (40, 34), (2, 39), (5, 21), (5, 31), (5, 46), (13, 12), (17, 13), (17, 20), (17, 28), (21, 14), (21, 44), (22, 37), (39, 5), (3, 29), (32, 37), (32, 48), (47, 3), (8, 49), (15, 11), (28, 17), (28, 27), (9, 49), (19, 7), (19, 30), (46, 34), (46, 41), (6, 29), (6, 45), (14, 43), (18, 12), (18, 35), (16, 22), (16, 39), (25, 2), (25, 29), (24, 32), (44, 29)]]","[[321.2385805501524, 75.72124469885975, 136.95632453448928, 96.46486576129354, 20.3352985419805, 191.17819319661197, 171.078290084895, 363.39382348523986, 1083.3007196529265, 20.903545565651186, 11.9924762529028, 83.29624822971581, 58.16852718387322, 402.39266222602674, 210.65355012290289, 17.518418051547243, 378.73834937055375, 16.133681964030522, 61.594277130113696, 20.689622561718096, 236.66903247177567, 30.079569502773477, 267.3977728544878, 266.2016793892219, 422.4438770810292, 205.83445406618688, 40.2985850862154, 349.8321824074235, 720.3729919665749, 44.55984884090996, 62.40749243682242, 125.81132182739007, 9.729097231582548, 143.5779228608025, 19.742608318374614, 11.42020580520697, 328.4896642044161, 24.48037033497799, 122.5730141305256, 771.221895069796, 165.887970823155, 175.80952430737977, 179.65310305450075, 20.798877373231328, 343.3361369544082, 63.18475184906134, 21.986280983143487, 97.18282728918236, 42.37003984761718]]"
35,"[[(10, 38), (10, 40), (27, 35), (27, 43), (30, 31), (30, 46), (37, 8), (43, 22), (1, 49), (4, 15), (11, 4), (40, 9), (40, 34), (2, 39), (5, 21), (5, 31), (5, 46), (13, 12), (17, 13), (17, 20), (17, 28), (21, 14), (21, 44), (22, 37), (39, 5), (3, 29), (32, 37), (32, 48), (47, 3), (8, 49), (15, 11), (28, 17), (28, 27), (9, 49), (19, 7), (19, 30), (46, 34), (46, 41), (6, 29), (6, 45), (14, 43), (18, 12), (18, 35), (16, 22), (16, 39), (25, 2), (25, 29), (24, 32), (44, 29)]]","[[199.9434630831064, 63.23156787275796, 94.01580531753712, 81.84126754888729, 22.524291247581953, 319.03908414646867, 203.04822596607585, 433.90724786933913, 555.6243749706471, 20.085605546150685, 99.1155922825586, 83.68584543934061, 60.60692544895883, 437.50128559034397, 261.86002573064934, 29.109456739429163, 574.8452609405126, 17.79630318300299, 51.08347449469749, 19.108154777129194, 237.06554288581162, 26.458901625575443, 302.2207853555626, 243.56956942365684, 405.60758759971753, 205.51605524849995, 42.88286403583957, 282.5383115418956, 731.8834369482712, 201.5229656127388, 48.550821024775615, 231.67709741521264, 9.244770172071188, 107.55244794715341, 19.641725604944014, 26.994872567265702, 112.3643489092296, 8.896681628205474, 111.32472392285507, 936.0721160237877, 176.49185329838926, 174.85754662339482, 107.38170557054197, 30.089211016564878, 337.7720772410902, 56.209860965128335, 23.448070075886754, 94.1982705748087, 44.85411455980559]]"
36,"[[(10, 38), (10, 40), (27, 35), (27, 43), (30, 31), (30, 46), (37, 8), (43, 22), (1, 49), (4, 15), (11, 4), (40, 9), (40, 34), (2, 39), (5, 21), (5, 31), (5, 46), (13, 12), (17, 13), (17, 20), (17, 28), (21, 14), (21, 44), (22, 37), (39, 5), (3, 29), (32, 37), (32, 48), (47, 3), (8, 49), (15, 11), (28, 17), (28, 27), (9, 49), (19, 7), (19, 30), (46, 34), (46, 41), (6, 29), (6, 45), (14, 43), (18, 12), (18, 35), (16, 22), (16, 39), (25, 2), (25, 29), (24, 32), (44, 29)]]","[[129.36328327604696, 75.68765498435677, 46.51780523362045, 96.47143128797298, 13.030511551885663, 234.79402106843324, 144.5213661508937, 366.3962005888177, 1295.9650031177225, 17.870579812235924, 105.27824149290471, 83.11569771542855, 49.08504856833585, 394.6593129868486, 123.63278992261571, 24.18826399086356, 417.4409676750805, 15.92384118215108, 15.355473275425782, 14.6299283794881, 210.48174516854735, 56.77672925081544, 427.32864154048974, 266.91192128522334, 631.6988116250513, 321.77841442912455, 39.02996002947173, 357.38063985813307, 704.7419235293532, 687.569090169466, 100.43338630085952, 122.93243058158309, 8.32661305054972, 150.4377418244979, 15.542457787386905, 26.736747803559457, 397.1589941679733, 39.530123246556315, 97.76183410683844, 1151.2479218596054, 150.26552954975537, 178.12613005728053, 93.12013185965954, 127.93619645875827, 290.8188919993176, 75.23132263045837, 70.3169591331123, 81.87367417667866, 9.28031725172801]]"
37,"[[(10, 38), (10, 40), (27, 35), (27, 43), (30, 31), (30, 46), (37, 8), (43, 22), (1, 49), (4, 15), (11, 4), (40, 9), (40, 34), (2, 39), (5, 21), (5, 31), (5, 46), (13, 12), (17, 13), (17, 20), (17, 28), (21, 14), (21, 44), (22, 37), (39, 5), (3, 29), (32, 37), (32, 48), (47, 3), (8, 49), (15, 11), (28, 17), (28, 27), (9, 49), (19, 7), (19, 30), (46, 34), (46, 41), (6, 29), (6, 45), (14, 43), (18, 12), (18, 35), (16, 22), (16, 39), (25, 2), (25, 29), (24, 32), (44, 29)]]","[[326.93183303705877, 63.957462298008515, 33.53327368681586, 3.0671562113425477, 23.28880517476798, 196.6147842212546, 209.52869602618517, 422.12072405087025, 696.4914565834049, 18.757778973187982, 111.62453329912067, 84.49344205328853, 42.061337977687046, 402.86177523276507, 137.51480153141875, 32.091772017018066, 394.8428321220532, 20.554227272833025, 15.03364800485864, 17.727546551520557, 190.5757502396615, 40.21434401084094, 184.24375565940238, 222.73251910945385, 220.61305903663254, 361.77827383543183, 42.52770643071172, 324.2667273613382, 691.7227095297153, 417.2243002885041, 50.58942068775573, 252.32675651849036, 8.605860870800278, 174.09731315438023, 14.059841985810365, 3.568233547252685, 167.94273512433568, 24.544691194618707, 110.8051597201653, 556.5287048168627, 153.43177996505716, 78.5901196485626, 189.80404420979113, 80.50157140393861, 274.64638299731973, 61.32666547566985, 51.35088738751786, 114.07618040904732, 40.363703819734326]]"
38,"[[(10, 38), (10, 40), (27, 35), (27, 43), (30, 31), (30, 46), (37, 8), (43, 22), (1, 49), (4, 15), (11, 4), (40, 9), (40, 34), (2, 39), (5, 21), (5, 31), (5, 46), (13, 12), (17, 13), (17, 20), (17, 28), (21, 14), (21, 44), (22, 37), (39, 5), (3, 29), (32, 37), (32, 48), (47, 3), (8, 49), (15, 11), (28, 17), (28, 27), (9, 49), (19, 7), (19, 30), (46, 34), (46, 41), (6, 29), (6, 45), (14, 43), (18, 12), (18, 35), (16, 22), (16, 39), (25, 2), (25, 29), (24, 32), (44, 29)]]","[[240.32967875472923, 69.91161661843492, 110.15534499681311, 36.36912125067648, 10.078220988602185, 325.9529800539254, 130.18340706706437, 349.8623795207336, 564.410107038993, 18.362727509036493, 13.694384773623462, 84.63372513793342, 39.76966771499163, 372.426536258012, 134.3462250843145, 15.699696407590196, 612.0262528049598, 19.62932087540245, 61.24912524844484, 19.142990161634295, 235.23211955860054, 52.22363888028988, 445.88410545640386, 185.20573039027897, 414.59263575629996, 222.766159586036, 39.574356117680864, 307.13178539038347, 738.5819778620905, 484.6839697600166, 68.67747139819073, 258.0780576657979, 9.220994926873084, 99.2673775636548, 17.64320721241507, 10.712362814259407, 333.965148689856, 24.32628649890872, 98.98552122527212, 414.54808149826806, 186.13759690906124, 133.62892164473504, 147.13978195797543, 56.90091958273543, 308.5367395091235, 61.17056106439735, 47.79547495173447, 125.06007646698028, 47.94246888985542]]"
39,"[[(10, 38), (10, 40), (27, 35), (27, 43), (30, 31), (30, 46), (37, 8), (43, 22), (1, 49), (4, 15), (11, 4), (40, 9), (40, 34), (2, 39), (5, 21), (5, 31), (5, 46), (13, 12), (17, 13), (17, 20), (17, 28), (21, 14), (21, 44), (22, 37), (39, 5), (3, 29), (32, 37), (32, 48), (47, 3), (8, 49), (15, 11), (28, 17), (28, 27), (9, 49), (19, 7), (19, 30), (46, 34), (46, 41), (6, 29), (6, 45), (14, 43), (18, 12), (18, 35), (16, 22), (16, 39), (25, 2), (25, 29), (24, 32), (44, 29)]]","[[110.81392609279096, 76.19932208146066, 26.971767350890985, 71.11838717791923, 17.67136359338941, 307.3935813003315, 239.23249887956297, 430.8560973506148, 603.0928404617683, 20.115884510086833, 13.723053335615305, 83.21227891656063, 51.69553146074422, 378.76323546456865, 110.79895745969543, 17.164052884942027, 450.31596222426714, 17.86665605186407, 28.154141487597393, 23.80523923203038, 238.92617918361478, 50.787163559829764, 345.89484525898064, 236.75656723451047, 516.4403408037304, 185.13883933092913, 40.29836913279279, 374.9274898745181, 671.5551711964422, 823.3400313963327, 53.172070787700406, 191.38796591299553, 9.925313587590516, 125.65051959554802, 19.610464308236367, 27.267753662494744, 325.05515437066697, 19.668819954289667, 124.24942489530336, 335.17156789504145, 175.60531229320398, 173.73846261946588, 208.42763070494567, 67.63723013647586, 351.3021877194697, 65.0305810669805, 45.10771486619837, 90.34903433520064, 16.794844212033045]]"
40,"[[(10, 38), (10, 40), (27, 35), (27, 43), (30, 31), (30, 46), (37, 8), (43, 22), (1, 49), (4, 15), (11, 4), (40, 9), (40, 34), (2, 39), (5, 21), (5, 31), (5, 46), (13, 12), (17, 13), (17, 20), (17, 28), (21, 14), (21, 44), (22, 37), (39, 5), (3, 29), (32, 37), (32, 48), (47, 3), (8, 49), (15, 11), (28, 17), (28, 27), (9, 49), (19, 7), (19, 30), (46, 34), (46, 41), (6, 29), (6, 45), (14, 43), (18, 12), (18, 35), (16, 22), (16, 39), (25, 2), (25, 29), (24, 32), (44, 29)]]","[[186.58654650674868, 63.08990455705279, 76.96722133345968, 58.6433159424569, 16.84437102177895, 290.1412407298447, 149.50273918456293, 334.6050505182703, 681.8635301807743, 17.037846174537382, 59.69515071645412, 83.44699494609341, 59.967584290123824, 418.66420288912155, 116.23887716998047, 10.558941070813178, 552.6287490812884, 19.440980367421545, 37.43921920969022, 26.051379672141294, 240.02554071254303, 55.97614162342913, 405.77529114043443, 247.09576834524523, 280.847055989487, 297.92617193748185, 41.902293785709865, 378.75300248658834, 681.2297257456459, 257.40986319741864, 45.001932965455254, 251.80362078831786, 8.077647553354815, 70.20191496437671, 16.916409419848353, 9.890080398632225, 328.564544055552, 19.4311588797496, 119.26661254369345, 295.0987067780117, 139.05993307232356, 54.190571635636424, 293.9969680633043, 109.94382103008672, 316.2154921846974, 66.44978532951885, 69.72246160390756, 114.39692519132468, 10.699798872295176]]"
41,"[[(10, 38), (10, 40), (27, 35), (27, 43), (30, 31), (30, 46), (37, 8), (43, 22), (1, 49), (4, 15), (11, 4), (40, 9), (40, 34), (2, 39), (5, 21), (5, 31), (5, 46), (13, 12), (17, 13), (17, 20), (17, 28), (21, 14), (21, 44), (22, 37), (39, 5), (3, 29), (32, 37), (32, 48), (47, 3), (8, 49), (15, 11), (28, 17), (28, 27), (9, 49), (19, 7), (19, 30), (46, 34), (46, 41), (6, 29), (6, 45), (14, 43), (18, 12), (18, 35), (16, 22), (16, 39), (25, 2), (25, 29), (24, 32), (44, 29)]]","[[126.20038200748814, 70.36476152786094, 138.42914475656005, 25.50257961845052, 9.29118308567757, 276.34258468427913, 262.9950037624268, 433.0234541612252, 450.6077965820475, 20.95353447008574, 8.138687504704903, 84.52416519879277, 68.43424206794013, 426.06926810659314, 123.86788159453828, 26.50358921116862, 523.729829974947, 16.26719989310298, 39.02414569880429, 18.218254501658482, 199.57541975116183, 23.482494112414464, 363.35274697034714, 251.89557435919448, 554.5194396897397, 106.96841366795468, 40.291527817540626, 259.1039805232209, 675.582394837687, 637.7670199637324, 73.46082925909556, 278.95185197567434, 8.48062056077828, 113.3586809047041, 19.489290208304798, 6.811403530913443, 304.515438608299, 33.84585407777901, 114.66909777228364, 308.20625328939093, 216.86445633444134, 65.54892380164881, 272.46753534602647, 61.027252637647955, 364.0836174974053, 64.88519420116037, 63.95475489394811, 89.74712001034118, 16.150519027450265]]"
42,"[[(10, 38), (10, 40), (27, 35), (27, 43), (30, 31), (30, 46), (37, 8), (43, 22), (1, 49), (4, 15), (11, 4), (40, 9), (40, 34), (2, 39), (5, 21), (5, 31), (5, 46), (13, 12), (17, 13), (17, 20), (17, 28), (21, 14), (21, 44), (22, 37), (39, 5), (3, 29), (32, 37), (32, 48), (47, 3), (8, 49), (15, 11), (28, 17), (28, 27), (9, 49), (19, 7), (19, 30), (46, 34), (46, 41), (6, 29), (6, 45), (14, 43), (18, 12), (18, 35), (16, 22), (16, 39), (25, 2), (25, 29), (24, 32), (44, 29)]]","[[291.1868517153488, 71.7721135049768, 25.341173281513402, 8.522682463301237, 6.476033907052879, 303.0214268458289, 210.8515811548712, 400.4675489203267, 790.271983904292, 20.085906637036693, 105.36412659886442, 84.77179703196238, 44.49133725916467, 429.89666611775505, 111.96322192734064, 34.078800236159054, 427.72612131860956, 21.557394651223586, 66.43380332839376, 19.07791085138309, 220.94034994044793, 40.19464104973309, 270.94513238374367, 162.35447117918505, 536.7892468985982, 336.3640865715715, 40.79812727011564, 353.9423554486067, 671.8528924549643, 50.67490672076452, 65.00997253610174, 230.76565550619998, 9.177648974143782, 136.72222258271478, 17.592247884347827, 9.794789823467681, 230.82308373491227, 37.43624156266746, 92.49194736136106, 1090.7809307395175, 148.77722284859314, 111.04908392278514, 100.4134714529643, 51.43803811551216, 337.4967131202269, 78.61705913001023, 64.4825642034096, 58.27940220130836, 32.873533062807596]]"
43,"[[(10, 38), (10, 40), (27, 35), (27, 43), (30, 31), (30, 46), (37, 8), (43, 22), (1, 49), (4, 15), (11, 4), (40, 9), (40, 34), (2, 39), (5, 21), (5, 31), (5, 46), (13, 12), (17, 13), (17, 20), (17, 28), (21, 14), (21, 44), (22, 37), (39, 5), (3, 29), (32, 37), (32, 48), (47, 3), (8, 49), (15, 11), (28, 17), (28, 27), (9, 49), (19, 7), (19, 30), (46, 34), (46, 41), (6, 29), (6, 45), (14, 43), (18, 12), (18, 35), (16, 22), (16, 39), (25, 2), (25, 29), (24, 32), (44, 29)]]","[[283.64609594898513, 64.86359229893098, 79.59221968065293, 64.3403599442616, 6.744790632810476, 325.5965301766355, 267.00287931092544, 416.2082005343968, 573.3792321604517, 19.67960066897334, 115.45738725665026, 83.07231246794429, 46.91657288227897, 450.09128551656624, 273.11377881563993, 15.672946982411005, 551.1034984473193, 17.70313484639251, 36.79951198034181, 17.558187563113897, 190.65581975440327, 42.84914377674314, 358.2297536055215, 133.6078585663663, 629.1773000152639, 324.03208933391784, 42.13792715640465, 252.02117628615923, 675.6019816351405, 662.9916502777903, 70.55298254005778, 245.31769617810932, 9.242147780264293, 168.1167517946488, 18.265731575918785, 26.100560323849088, 45.133592860065775, 27.75404990464818, 131.3484678355428, 1016.714187611438, 209.2136033210267, 25.251616918632408, 131.67612084457062, 19.838203647716682, 292.4957317589844, 64.79145931638269, 60.90828855357881, 81.03260498169992, 10.41697033832446]]"
44,"[[(10, 38), (10, 40), (27, 35), (27, 43), (30, 31), (30, 46), (37, 8), (43, 22), (1, 49), (4, 15), (11, 4), (40, 9), (40, 34), (2, 39), (5, 21), (5, 31), (5, 46), (13, 12), (17, 13), (17, 20), (17, 28), (21, 14), (21, 44), (22, 37), (39, 5), (3, 29), (32, 37), (32, 48), (47, 3), (8, 49), (15, 11), (28, 17), (28, 27), (9, 49), (19, 7), (19, 30), (46, 34), (46, 41), (6, 29), (6, 45), (14, 43), (18, 12), (18, 35), (16, 22), (16, 39), (25, 2), (25, 29), (24, 32), (44, 29)]]","[[256.95078222622203, 65.09912996403442, 62.28561555312281, 98.48144706623656, 3.485799746483562, 226.81016367520493, 131.34340227465455, 356.75841544292297, 1148.9263084835925, 17.04837473268489, 4.6879465108124245, 84.98607138419392, 68.53965656299007, 368.6231307342943, 185.40055205568507, 10.88989501205624, 309.67185867415725, 17.703715559597185, 45.58846154469262, 23.129204461813373, 227.2084787123631, 55.018889080087995, 401.33304530615095, 134.85942803505907, 267.61578433286957, 139.98944011959122, 39.18634817884817, 285.5830925058299, 671.4900067364695, 508.0363379831445, 64.08404803549666, 216.02747946142358, 9.038763536434647, 202.90095104611913, 17.692682263425798, 20.58355338231314, 322.0226414251626, 28.189320938616916, 117.04805119508475, 992.1110902811436, 165.53072759778726, 148.97710654441306, 237.64445685507968, 109.63487010044726, 281.90868938590137, 79.1184799932898, 23.995704066211566, 128.96965235169418, 9.754773292426176]]"
45,"[[(10, 38), (10, 40), (27, 35), (27, 43), (30, 31), (30, 46), (37, 8), (43, 22), (1, 49), (4, 15), (11, 4), (40, 9), (40, 34), (2, 39), (5, 21), (5, 31), (5, 46), (13, 12), (17, 13), (17, 20), (17, 28), (21, 14), (21, 44), (22, 37), (39, 5), (3, 29), (32, 37), (32, 48), (47, 3), (8, 49), (15, 11), (28, 17), (28, 27), (9, 49), (19, 7), (19, 30), (46, 34), (46, 41), (6, 29), (6, 45), (14, 43), (18, 12), (18, 35), (16, 22), (16, 39), (25, 2), (25, 29), (24, 32), (44, 29)]]","[[101.77243390288297, 73.28665718429056, 32.553782206503826, 24.449851197768904, 3.0881310942674833, 193.2336039091332, 260.7831841527503, 374.76024509529884, 1122.6744515939467, 20.17829731450875, 58.7243223108599, 83.17559760557525, 69.96256934312989, 432.1865328587466, 90.40805017322859, 21.21845668632458, 598.6911141283603, 17.423051451641683, 57.055555856864046, 14.333911618522341, 209.472838172933, 58.440818701109485, 476.6535865439283, 233.32696108836848, 534.2792661022246, 58.22450802681724, 42.67918586132234, 360.77739948177776, 716.3661862501156, 339.3477809108956, 64.60056418170007, 223.77560526655282, 8.96423960847017, 128.6156740876468, 17.39052470504086, 16.630132275361483, 215.38143871202806, 9.641601939032245, 129.20133600996854, 912.4457118821782, 199.15071848473548, 101.53640972214944, 124.94642807271822, 127.67735444566503, 276.3517020024444, 68.55191514894209, 61.86137302276434, 34.305145413687676, 51.74584116787744]]"
46,"[[(10, 38), (10, 40), (27, 35), (27, 43), (30, 31), (30, 46), (37, 8), (43, 22), (1, 49), (4, 15), (11, 4), (40, 9), (40, 34), (2, 39), (5, 21), (5, 31), (5, 46), (13, 12), (17, 13), (17, 20), (17, 28), (21, 14), (21, 44), (22, 37), (39, 5), (3, 29), (32, 37), (32, 48), (47, 3), (8, 49), (15, 11), (28, 17), (28, 27), (9, 49), (19, 7), (19, 30), (46, 34), (46, 41), (6, 29), (6, 45), (14, 43), (18, 12), (18, 35), (16, 22), (16, 39), (25, 2), (25, 29), (24, 32), (44, 29)]]","[[145.3211561840245, 67.74937701529086, 20.443452486911127, 55.12990594679386, 21.903016676347903, 290.6399256292524, 171.5379982009452, 344.3144365299886, 1340.9407281497815, 18.04766398676164, 100.56165586402288, 83.79177348403603, 51.397256356973585, 406.10250759468585, 112.07945739620945, 34.558624322228226, 321.01521163461456, 18.661810653520654, 17.578441379704174, 21.596931368710784, 207.84880985439042, 25.588963060807654, 349.93506502101593, 144.6070669133419, 434.545389893372, 269.8123007549276, 40.42328152523463, 346.6097307218661, 664.4604431650985, 244.6634560656115, 104.72043234725112, 265.31047246764774, 8.647448857406257, 156.7229985071931, 19.225408854665325, 23.90276216630461, 225.9401283032093, 34.60596151517404, 121.14769054677086, 560.7740877978008, 192.77318522356282, 111.68473168556895, 146.99881279139166, 103.50990872729308, 354.1644547539142, 66.60373996587208, 7.850277357318313, 66.46620844188311, 16.986363794524287]]"
47,"[[(10, 38), (10, 40), (27, 35), (27, 43), (30, 31), (30, 46), (37, 8), (43, 22), (1, 49), (4, 15), (11, 4), (40, 9), (40, 34), (2, 39), (5, 21), (5, 31), (5, 46), (13, 12), (17, 13), (17, 20), (17, 28), (21, 14), (21, 44), (22, 37), (39, 5), (3, 29), (32, 37), (32, 48), (47, 3), (8, 49), (15, 11), (28, 17), (28, 27), (9, 49), (19, 7), (19, 30), (46, 34), (46, 41), (6, 29), (6, 45), (14, 43), (18, 12), (18, 35), (16, 22), (16, 39), (25, 2), (25, 29), (24, 32), (44, 29)]]","[[165.3790816950813, 62.414515338390316, 122.65642154954914, 19.880205008157574, 16.354696533266626, 196.26146179389357, 201.06798108391223, 356.36673742850445, 673.5137134444184, 18.27352205947715, 12.806763056027947, 84.34516809064937, 59.76715868423973, 450.9232961069723, 170.33827957922793, 33.55033755791469, 583.5021851656238, 15.077125845756637, 34.11283945138057, 19.678896726428864, 194.73531560529196, 46.47707138252827, 186.6623942881913, 253.43716022141385, 283.6431943090561, 49.47705599984996, 39.253749576880935, 243.98185081240007, 686.2183202116391, 146.6954841748513, 50.26886609298252, 185.29335610952973, 8.745611749809767, 34.03975520804106, 14.630647523350799, 26.98614448007847, 25.19436618200662, 38.89832280624775, 83.46782660661276, 651.0405991126793, 202.0982261256948, 212.19624520921676, 156.68933786317962, 121.49782116873465, 332.8084356893532, 79.59802964249431, 4.986570316056322, 79.03825284677012, 46.718916030186705]]"
48,"[[(10, 38), (10, 40), (27, 35), (27, 43), (30, 31), (30, 46), (37, 8), (43, 22), (1, 49), (4, 15), (11, 4), (40, 9), (40, 34), (2, 39), (5, 21), (5, 31), (5, 46), (13, 12), (17, 13), (17, 20), (17, 28), (21, 14), (21, 44), (22, 37), (39, 5), (3, 29), (32, 37), (32, 48), (47, 3), (8, 49), (15, 11), (28, 17), (28, 27), (9, 49), (19, 7), (19, 30), (46, 34), (46, 41), (6, 29), (6, 45), (14, 43), (18, 12), (18, 35), (16, 22), (16, 39), (25, 2), (25, 29), (24, 32), (44, 29)]]","[[98.88447786598086, 65.24690183634594, 14.689223411096803, 86.8325658277147, 4.1139192838100955, 295.92524512945806, 132.56890905990065, 403.52360628032443, 837.6482174008215, 20.540365912678535, 69.48961446640048, 83.0597082997974, 70.76527724774205, 422.06137328907386, 162.53109122174655, 33.43006629593479, 309.75268465527995, 22.9745573345488, 50.471196787463285, 24.015841221190698, 230.80158554729377, 53.94723254862103, 153.03795788488026, 128.8926937501337, 546.1116305111914, 323.6397284426786, 41.757375076669014, 262.21173908204827, 729.8427224216365, 581.5345585491982, 91.52832127282542, 252.89108041220396, 9.120411378632586, 150.72702575461258, 14.720452834463183, 6.925301810314119, 246.2898494734899, 14.25955668063214, 83.65644936750866, 771.4350986866156, 230.47796181015784, 204.31561410022573, 162.87042062687965, 78.34930225496366, 318.21596546431493, 78.78726500348493, 72.05917111905987, 89.36629816981471, 18.433252339508137]]"
49,"[[(10, 38), (10, 40), (27, 35), (27, 43), (30, 31), (30, 46), (37, 8), (43, 22), (1, 49), (4, 15), (11, 4), (40, 9), (40, 34), (2, 39), (5, 21), (5, 31), (5, 46), (13, 12), (17, 13), (17, 20), (17, 28), (21, 14), (21, 44), (22, 37), (39, 5), (3, 29), (32, 37), (32, 48), (47, 3), (8, 49), (15, 11), (28, 17), (28, 27), (9, 49), (19, 7), (19, 30), (46, 34), (46, 41), (6, 29), (6, 45), (14, 43), (18, 12), (18, 35), (16, 22), (16, 39), (25, 2), (25, 29), (24, 32), (44, 29)]]","[[157.0704185529589, 61.52891215338015, 132.82441599340336, 75.30826099382952, 9.178570077288608, 188.3231705308766, 259.372536431532, 399.6494449773319, 1238.4105583505268, 17.589403824738756, 34.07172935271668, 84.38671830699634, 63.68440647655024, 445.68613115572197, 215.6889418906704, 26.993866208771333, 372.6417882197252, 19.23967552960584, 17.987855082330036, 27.343056684077183, 231.27378295465834, 40.80785500193534, 534.3456173997247, 146.15808665861522, 328.40969368623166, 61.598645793936896, 41.77533950423543, 222.8268541414849, 682.7055378069191, 459.06929125142625, 86.4947579029122, 124.87854066537787, 9.469244163502585, 43.18352766913054, 18.7713434741069, 19.68211392770614, 246.09155508412877, 28.871655675234116, 119.95754442288074, 1085.5865944712332, 151.75166876759639, 95.93577723962433, 212.38418589274005, 73.17359807962674, 308.0368082240234, 56.40636916686983, 69.40568728690381, 120.63257428312482, 44.31110454290646]]"
50,"[[(10, 38), (10, 40), (27, 35), (27, 43), (30, 31), (30, 46), (37, 8), (43, 22), (1, 49), (4, 15), (11, 4), (40, 9), (40, 34), (2, 39), (5, 21), (5, 31), (5, 46), (13, 12), (17, 13), (17, 20), (17, 28), (21, 14), (21, 44), (22, 37), (39, 5), (3, 29), (32, 37), (32, 48), (47, 3), (8, 49), (15, 11), (28, 17), (28, 27), (9, 49), (19, 7), (19, 30), (46, 34), (46, 41), (6, 29), (6, 45), (14, 43), (18, 12), (18, 35), (16, 22), (16, 39), (25, 2), (25, 29), (24, 32), (44, 29)]]","[[303.28163662385145, 76.07017791245512, 110.67164069740237, 14.904198904893295, 14.2570422095551, 300.2793478072589, 181.87791468941003, 338.31872369740006, 1193.6774200524924, 18.09124596075998, 115.7682619202813, 83.44214255489344, 47.43543859568106, 366.54812546113595, 242.63528514588222, 26.745470024384055, 604.1552591375191, 18.638109005888985, 54.30961625983285, 16.958349710101807, 213.93823482343615, 35.13300221572622, 202.7116574394659, 201.5671964224241, 559.4328086868727, 295.46822572897025, 41.15651664230563, 329.84700268874417, 671.4037762917147, 68.8222480799527, 51.10667961564919, 199.89759250179475, 8.528006616228717, 201.1708727579342, 15.40861640319438, 18.82110597102143, 330.8598599874061, 8.806069148353917, 101.13842650750607, 617.4027274669156, 149.20473948124413, 162.05348189612477, 272.5275190483192, 52.35609289951289, 267.72442859780665, 65.11672156227496, 8.940369300019057, 87.28564277544668, 18.673597077750088]]"
51,"[[(10, 38), (10, 40), (27, 35), (27, 43), (30, 31), (30, 46), (37, 8), (43, 22), (1, 49), (4, 15), (11, 4), (40, 9), (40, 34), (2, 39), (5, 21), (5, 31), (5, 46), (13, 12), (17, 13), (17, 20), (17, 28), (21, 14), (21, 44), (22, 37), (39, 5), (3, 29), (32, 37), (32, 48), (47, 3), (8, 49), (15, 11), (28, 17), (28, 27), (9, 49), (19, 7), (19, 30), (46, 34), (46, 41), (6, 29), (6, 45), (14, 43), (18, 12), (18, 35), (16, 22), (16, 39), (25, 2), (25, 29), (24, 32), (44, 29)]]","[[308.4002434359114, 72.42361870494649, 129.5064177318229, 3.1648954572475914, 20.200374499365424, 189.14247651505758, 198.73829721740645, 337.04913932970254, 868.0257637546755, 17.182722112950287, 65.13927514323754, 84.86949466519727, 57.79796886446958, 367.8131603805604, 129.0337003328664, 28.683262917092907, 478.89596603099517, 21.667369019464765, 51.12041816884008, 19.7896259277994, 211.8759229234997, 43.37333817904599, 285.3093699918992, 154.5380607565281, 406.2222973519879, 213.7991844980772, 41.97592846677609, 284.875741805643, 735.9379312512689, 220.71113200613812, 74.77762508622405, 197.45032925006026, 8.847647510681576, 136.79860582201653, 16.10799781405943, 23.32374726960576, 315.53440115118804, 20.942666188602644, 106.36647763678098, 1139.6231706064698, 194.08071631188406, 65.49197034769213, 178.50078471208445, 75.98760260396128, 347.4472190122372, 68.12818624543833, 72.65128030487257, 94.51579144362256, 42.70919617523257]]"
52,"[[(10, 38), (10, 40), (27, 35), (27, 43), (30, 31), (30, 46), (37, 8), (43, 22), (1, 49), (4, 15), (11, 4), (40, 9), (40, 34), (2, 39), (5, 21), (5, 31), (5, 46), (13, 12), (17, 13), (17, 20), (17, 28), (21, 14), (21, 44), (22, 37), (39, 5), (3, 29), (32, 37), (32, 48), (47, 3), (8, 49), (15, 11), (28, 17), (28, 27), (9, 49), (19, 7), (19, 30), (46, 34), (46, 41), (6, 29), (6, 45), (14, 43), (18, 12), (18, 35), (16, 22), (16, 39), (25, 2), (25, 29), (24, 32), (44, 29)]]","[[188.6289814239273, 74.73734079267669, 91.98420115250086, 27.067882514906707, 22.07296559171568, 340.3513535501438, 238.86523696878783, 355.7039431966966, 882.6674474455439, 19.20499953051277, 85.64202069730099, 83.18335984014752, 55.06329652830827, 422.92981400029345, 261.43851294281785, 26.374028748195673, 513.0038519363226, 18.50620535262332, 54.05151425100653, 24.75096897070773, 241.35482613609838, 56.06713843441192, 292.58961486017074, 198.51670185692265, 636.2228050209176, 105.85777978461168, 40.95854130362866, 250.9599322203745, 710.0940884274697, 393.3782721679386, 88.55681489738069, 239.08381659183573, 9.669856160531987, 35.612716236079066, 16.97751384072101, 25.070871970243523, 35.34291444366352, 29.98805207956565, 113.35728645457064, 887.2604560656839, 154.0668152004493, 38.81288397556728, 132.4292245647188, 119.96912692660244, 359.4254318339252, 68.71781138717053, 21.212421796181964, 52.439923913419214, 24.465494419998034]]"
53,"[[(10, 38), (10, 40), (27, 35), (27, 43), (30, 31), (30, 46), (37, 8), (43, 22), (1, 49), (4, 15), (11, 4), (40, 9), (40, 34), (2, 39), (5, 21), (5, 31), (5, 46), (13, 12), (17, 13), (17, 20), (17, 28), (21, 14), (21, 44), (22, 37), (39, 5), (3, 29), (32, 37), (32, 48), (47, 3), (8, 49), (15, 11), (28, 17), (28, 27), (9, 49), (19, 7), (19, 30), (46, 34), (46, 41), (6, 29), (6, 45), (14, 43), (18, 12), (18, 35), (16, 22), (16, 39), (25, 2), (25, 29), (24, 32), (44, 29)]]","[[165.71212262475376, 58.71687189759059, 12.554064399004218, 97.09387940336606, 13.076938310314482, 252.00235839121257, 190.12918253586815, 332.29296493516665, 1176.119122148651, 20.80275599033839, 39.99369431385231, 84.56515623734295, 62.4388103105445, 422.96479493820027, 88.58987862360311, 24.75944981498688, 573.8367928824567, 17.549640382930274, 42.10084543013028, 24.95157682955016, 190.1457494102976, 51.07953287179815, 149.72666161814098, 143.86953151361612, 626.3312421593159, 279.8714742796701, 40.86714106608392, 240.60495534182456, 702.1491329083797, 54.97838546115244, 58.52874370770526, 224.96468689831283, 8.582469120347847, 14.117178376174763, 16.028257681556564, 3.4130201314384188, 128.49337113017378, 40.3647447128972, 131.55215224079245, 947.1554187876809, 206.0488255754408, 106.71927707884284, 159.0600073528422, 111.52239572786279, 310.49721418319893, 77.1553581129279, 12.062965913038003, 32.7972760024323, 27.89954547847229]]"
54,"[[(10, 38), (10, 40), (27, 35), (27, 43), (30, 31), (30, 46), (37, 8), (43, 22), (1, 49), (4, 15), (11, 4), (40, 9), (40, 34), (2, 39), (5, 21), (5, 31), (5, 46), (13, 12), (17, 13), (17, 20), (17, 28), (21, 14), (21, 44), (22, 37), (39, 5), (3, 29), (32, 37), (32, 48), (47, 3), (8, 49), (15, 11), (28, 17), (28, 27), (9, 49), (19, 7), (19, 30), (46, 34), (46, 41), (6, 29), (6, 45), (14, 43), (18, 12), (18, 35), (16, 22), (16, 39), (25, 2), (25, 29), (24, 32), (44, 29)]]","[[127.72245382394505, 71.19217340641694, 138.992888208566, 3.7889057873068976, 6.40935902451714, 220.2657200004689, 244.95131128157274, 418.0999794655669, 783.4964380697338, 19.50319810360535, 2.765354372636464, 83.67198300514778, 69.73124371727741, 365.8330458986873, 199.34005156073502, 27.150761094764764, 437.1851532121117, 13.57902036515322, 19.733331435580745, 25.357177628314563, 193.5456507118991, 37.645091800553566, 209.8368041661604, 261.41845812530914, 508.1347728920506, 83.45340092765926, 39.912620941887226, 317.2328897776706, 739.4950543163072, 639.801491501516, 47.32067679700937, 121.0870193765934, 8.87007416612703, 136.510274453476, 18.72281945674371, 23.32250141522855, 347.9077541640021, 38.89739299423844, 112.20881446498703, 1006.5763103623968, 150.2826645524952, 189.34841072551254, 297.7208015952595, 124.24739627386953, 341.4172833625845, 67.5077559523829, 3.001142189589526, 67.13859238454171, 10.19427758191749]]"
55,"[[(10, 38), (10, 40), (27, 35), (27, 43), (30, 31), (30, 46), (37, 8), (43, 22), (1, 49), (4, 15), (11, 4), (40, 9), (40, 34), (2, 39), (5, 21), (5, 31), (5, 46), (13, 12), (17, 13), (17, 20), (17, 28), (21, 14), (21, 44), (22, 37), (39, 5), (3, 29), (32, 37), (32, 48), (47, 3), (8, 49), (15, 11), (28, 17), (28, 27), (9, 49), (19, 7), (19, 30), (46, 34), (46, 41), (6, 29), (6, 45), (14, 43), (18, 12), (18, 35), (16, 22), (16, 39), (25, 2), (25, 29), (24, 32), (44, 29)]]","[[151.8975988490903, 71.53186605105583, 107.69935415638658, 52.436117321848876, 16.38606959340732, 336.8258967931829, 277.31216983049535, 372.49483022908646, 856.493147343541, 17.62940807973204, 7.16626205898409, 83.56247512009647, 39.674344967614275, 452.6813985322234, 180.93751368102397, 33.83701975528176, 515.8636986324481, 19.735200766054184, 19.331774776672777, 20.72653239349946, 209.70359102938852, 31.74084705493935, 303.66372410809595, 212.02457056966085, 536.8016577973433, 49.09111226314762, 39.541726352030445, 235.58313968776955, 693.2583507197866, 500.51249997030766, 81.26721150317188, 202.49856273110143, 8.857973841203117, 89.15206706744253, 17.430232154546644, 11.886531214802837, 163.64602901692967, 17.283063364461103, 100.23809775805861, 578.1087418981542, 192.3665527175998, 93.67482786717025, 159.45540553902953, 83.41879242555355, 341.1643012901068, 78.58888355621298, 71.06426748309177, 122.08206151470104, 30.989225653502285]]"
56,"[[(10, 38), (10, 40), (27, 35), (27, 43), (30, 31), (30, 46), (37, 8), (43, 22), (1, 49), (4, 15), (11, 4), (40, 9), (40, 34), (2, 39), (5, 21), (5, 31), (5, 46), (13, 12), (17, 13), (17, 20), (17, 28), (21, 14), (21, 44), (22, 37), (39, 5), (3, 29), (32, 37), (32, 48), (47, 3), (8, 49), (15, 11), (28, 17), (28, 27), (9, 49), (19, 7), (19, 30), (46, 34), (46, 41), (6, 29), (6, 45), (14, 43), (18, 12), (18, 35), (16, 22), (16, 39), (25, 2), (25, 29), (24, 32), (44, 29)]]","[[154.7802648058106, 65.0823923299838, 127.85355734410344, 81.2229560836039, 10.764499709077587, 176.1426005326232, 253.16909628903412, 410.1267168436226, 1030.988987407502, 17.17238315418276, 33.469904329256295, 84.66394651917398, 62.269443640277885, 406.66114960568075, 242.81272195981106, 15.793893259235244, 338.32418386241756, 15.479138075222284, 35.80127063404725, 16.710487425542073, 239.22916125396952, 50.492376271331686, 240.87785289887995, 139.12770225961205, 639.7486775654884, 97.39468030206554, 39.597340838056645, 262.0069600321215, 704.3073989225483, 578.3594089013106, 85.68986130171437, 167.72911405802452, 8.345938348170874, 104.60784455838962, 19.129509057077062, 7.283175559726999, 229.85937502137946, 24.156208438380297, 85.53837336905627, 758.1269945893646, 202.23392867167172, 51.870265212544794, 93.48695841074549, 66.18468509169828, 366.5419769798448, 79.6733991838164, 66.96122413273962, 117.18153284109997, 24.531765497598265]]"
57,"[[(10, 38), (10, 40), (27, 35), (27, 43), (30, 31), (30, 46), (37, 8), (43, 22), (1, 49), (4, 15), (11, 4), (40, 9), (40, 34), (2, 39), (5, 21), (5, 31), (5, 46), (13, 12), (17, 13), (17, 20), (17, 28), (21, 14), (21, 44), (22, 37), (39, 5), (3, 29), (32, 37), (32, 48), (47, 3), (8, 49), (15, 11), (28, 17), (28, 27), (9, 49), (19, 7), (19, 30), (46, 34), (46, 41), (6, 29), (6, 45), (14, 43), (18, 12), (18, 35), (16, 22), (16, 39), (25, 2), (25, 29), (24, 32), (44, 29)]]","[[206.571906755874, 66.5126616061347, 29.985936571954877, 22.46174401455758, 24.5160743588255, 173.00855106704228, 250.38991825186497, 426.4209652749163, 940.5621498243139, 18.07714707088951, 30.22449276587473, 84.61399335456129, 70.82173722748475, 378.3186824336376, 149.58451323383994, 9.325443637221616, 373.3492916396656, 13.125346461465858, 19.109552091610098, 15.757900696685233, 200.7863910217353, 30.71765101851198, 287.1508380492537, 238.98535613461928, 376.99625192978624, 109.05549046329656, 42.8305899638307, 233.41499200988187, 681.9158071814734, 209.56581186382266, 98.24634622442261, 194.6863943427731, 8.225966494304421, 142.87473118177107, 18.21163048391483, 7.374980919325157, 356.4542134549964, 19.327587612185194, 129.05217195802103, 304.0904025907687, 155.368645385853, 52.992606671602566, 100.78490746912006, 103.78435052939572, 357.62585193161954, 56.51276144343446, 8.150116308526165, 95.4775127579995, 19.759085912561982]]"
58,"[[(10, 38), (10, 40), (27, 35), (27, 43), (30, 31), (30, 46), (37, 8), (43, 22), (1, 49), (4, 15), (11, 4), (40, 9), (40, 34), (2, 39), (5, 21), (5, 31), (5, 46), (13, 12), (17, 13), (17, 20), (17, 28), (21, 14), (21, 44), (22, 37), (39, 5), (3, 29), (32, 37), (32, 48), (47, 3), (8, 49), (15, 11), (28, 17), (28, 27), (9, 49), (19, 7), (19, 30), (46, 34), (46, 41), (6, 29), (6, 45), (14, 43), (18, 12), (18, 35), (16, 22), (16, 39), (25, 2), (25, 29), (24, 32), (44, 29)]]","[[197.5731647350329, 64.31369611048783, 132.1013233309052, 19.311166020765935, 14.93722775509154, 237.7187590896754, 267.69292105391827, 413.9711416202739, 767.0478674209219, 18.462832650548137, 114.0673148227323, 84.15734803484337, 56.005263595043516, 450.61237194103217, 224.07520315302173, 26.878835189921578, 347.77316096633933, 14.34915317528012, 59.00913890138464, 18.87760603018575, 225.46105719793286, 23.26336962080832, 234.22280231491771, 169.78684771334335, 602.9197661141643, 272.527544522204, 39.66574533780087, 298.1050923428427, 674.880287851387, 579.8404033667701, 79.1062609392454, 172.07868387904216, 9.05837434279921, 1.335727448187791, 19.019215583763867, 14.448110062059307, 55.855142068683925, 38.76618346566022, 96.88423615494153, 207.04221794192193, 156.50430437281224, 27.508279547166964, 162.72667141734328, 35.255056244077764, 308.4635694329745, 53.43325696191625, 53.657004477589176, 96.1258298487283, 39.85720371952071]]"
59,"[[(10, 38), (10, 40), (27, 35), (27, 43), (30, 31), (30, 46), (37, 8), (43, 22), (1, 49), (4, 15), (11, 4), (40, 9), (40, 34), (2, 39), (5, 21), (5, 31), (5, 46), (13, 12), (17, 13), (17, 20), (17, 28), (21, 14), (21, 44), (22, 37), (39, 5), (3, 29), (32, 37), (32, 48), (47, 3), (8, 49), (15, 11), (28, 17), (28, 27), (9, 49), (19, 7), (19, 30), (46, 34), (46, 41), (6, 29), (6, 45), (14, 43), (18, 12), (18, 35), (16, 22), (16, 39), (25, 2), (25, 29), (24, 32), (44, 29)]]","[[112.65434254967545, 69.74238851807685, 90.08380660296454, 42.63960899546719, 19.558460493748786, 323.28937432928944, 114.54323405085614, 366.8339601583412, 1204.771966115242, 17.150848755778554, 53.823700804704295, 83.7367322309005, 57.94103293485559, 363.8541429401104, 139.1533982642988, 29.141234930118035, 405.59633715265187, 15.769621793550025, 58.93334410275893, 14.93781456166931, 188.54376304516396, 31.078537399830942, 197.42641673816047, 207.77473580175354, 216.06160961369076, 236.33968754472355, 42.51115316882829, 321.5714536429912, 681.7450176104435, 644.811577531385, 97.96060930022387, 268.9680444013237, 8.427475346152086, 124.23644557858768, 18.538119983621126, 15.25333562552799, 155.57526789456978, 30.017571033343074, 136.43636426713002, 346.6356138176459, 164.22656879534264, 15.621808600620081, 207.47346230798883, 21.336807761115622, 266.88613812314856, 53.82964624796815, 33.81113549343987, 32.00885764897544, 44.455589057332894]]"
60,"[[(10, 38), (10, 40), (27, 35), (27, 43), (30, 31), (30, 46), (37, 8), (43, 22), (1, 49), (4, 15), (11, 4), (40, 9), (40, 34), (2, 39), (5, 21), (5, 31), (5, 46), (13, 12), (17, 13), (17, 20), (17, 28), (21, 14), (21, 44), (22, 37), (39, 5), (3, 29), (32, 37), (32, 48), (47, 3), (8, 49), (15, 11), (28, 17), (28, 27), (9, 49), (19, 7), (19, 30), (46, 34), (46, 41), (6, 29), (6, 45), (14, 43), (18, 12), (18, 35), (16, 22), (16, 39), (25, 2), (25, 29), (24, 32), (44, 29)]]","[[273.12511228734706, 71.13669257311662, 109.54882587558006, 47.998111275625995, 24.789479300894634, 321.9340246900499, 151.894119610341, 389.81714275394165, 850.7004597033708, 18.050716379574162, 53.377070419163125, 83.02359127714918, 51.12955988989209, 402.5997146045176, 125.60992983390628, 28.547380765826112, 366.4880768241569, 14.034415645096576, 61.40833951083043, 17.78546257289311, 213.37736939677296, 28.878900647145027, 457.255886181337, 214.42943277745601, 628.0915265718972, 254.7981181885252, 40.38270722013287, 390.73270117339626, 711.6978312109942, 283.2637716485623, 98.09722962460219, 127.3701510110845, 9.16714517398313, 133.68022151796356, 17.66390344423096, 6.150107910142691, 171.1203196167506, 21.59409796279582, 127.71392558110657, 300.4355307383739, 159.95478856536013, 118.50545523473374, 186.4854539578261, 36.36953010824361, 308.75407371190386, 63.90766086958648, 13.19134667412494, 40.75781131049078, 17.967255810027822]]"
61,"[[(10, 38), (10, 40), (27, 35), (27, 43), (30, 31), (30, 46), (37, 8), (43, 22), (1, 49), (4, 15), (11, 4), (40, 9), (40, 34), (2, 39), (5, 21), (5, 31), (5, 46), (13, 12), (17, 13), (17, 20), (17, 28), (21, 14), (21, 44), (22, 37), (39, 5), (3, 29), (32, 37), (32, 48), (47, 3), (8, 49), (15, 11), (28, 17), (28, 27), (9, 49), (19, 7), (19, 30), (46, 34), (46, 41), (6, 29), (6, 45), (14, 43), (18, 12), (18, 35), (16, 22), (16, 39), (25, 2), (25, 29), (24, 32), (44, 29)]]","[[215.1739777436358, 67.92609371689188, 109.9655871839903, 17.828110272816037, 22.454002950865657, 192.97692666958497, 154.92968697844375, 336.5717035792533, 943.2445600866175, 17.95565233825137, 34.06827996168174, 83.69312889578717, 56.538605713608206, 426.4226410352171, 119.41725238648053, 21.0917553651634, 482.3082130454195, 16.575623778897583, 55.52414388387677, 18.386515106241983, 201.12131454381793, 49.33282139317277, 476.94449293065225, 203.24025461438063, 610.4542455255984, 280.0298242964204, 41.9541994353877, 383.7123485367387, 706.7936082176616, 416.9522907981133, 63.81095117230923, 129.69782518878816, 9.300391585653122, 153.60561445146692, 14.97498543763465, 7.5745249903330425, 54.6439084614513, 18.790747743434782, 125.48562872785678, 444.70271028623876, 154.606999760501, 130.26826973882442, 231.7733149247506, 91.704542718534, 318.1215044744173, 56.33140332284334, 18.08060738573439, 90.61461320157137, 42.006197879968575]]"
62,"[[(10, 38), (10, 40), (27, 35), (27, 43), (30, 31), (30, 46), (37, 8), (43, 22), (1, 49), (4, 15), (11, 4), (40, 9), (40, 34), (2, 39), (5, 21), (5, 31), (5, 46), (13, 12), (17, 13), (17, 20), (17, 28), (21, 14), (21, 44), (22, 37), (39, 5), (3, 29), (32, 37), (32, 48), (47, 3), (8, 49), (15, 11), (28, 17), (28, 27), (9, 49), (19, 7), (19, 30), (46, 34), (46, 41), (6, 29), (6, 45), (14, 43), (18, 12), (18, 35), (16, 22), (16, 39), (25, 2), (25, 29), (24, 32), (44, 29)]]","[[231.90658512848387, 67.91631686306185, 84.72782097898067, 46.25718906740415, 8.795722716004459, 223.29751511466444, 273.9775848526192, 343.22974007557565, 1288.678725968658, 17.898275567428605, 14.494567280257098, 84.27766417755808, 43.904635119745684, 436.07224282733415, 190.06425359325303, 19.11316754796118, 322.6123551492252, 20.598782041134044, 65.61372404020014, 18.411713661591342, 204.93291826523864, 56.91937716786044, 229.3423643097608, 234.90586316913095, 251.9135302977927, 68.15329416041259, 41.63111987319492, 341.2844954858226, 720.828648263061, 696.3492408641733, 106.39927177171224, 241.44983275306112, 8.864100156251707, 82.52907427732342, 16.21013028933665, 22.760850538235164, 152.21105442983094, 9.816066004389436, 127.8462715560336, 289.63576398829343, 214.5889920283983, 38.14740858894973, 303.8581094624939, 55.36579390506662, 351.78024475293483, 69.4846474220117, 31.46862231329618, 110.63570629911833, 51.991339481602886]]"
63,"[[(10, 38), (10, 40), (27, 35), (27, 43), (30, 31), (30, 46), (37, 8), (43, 22), (1, 49), (4, 15), (11, 4), (40, 9), (40, 34), (2, 39), (5, 21), (5, 31), (5, 46), (13, 12), (17, 13), (17, 20), (17, 28), (21, 14), (21, 44), (22, 37), (39, 5), (3, 29), (32, 37), (32, 48), (47, 3), (8, 49), (15, 11), (28, 17), (28, 27), (9, 49), (19, 7), (19, 30), (46, 34), (46, 41), (6, 29), (6, 45), (14, 43), (18, 12), (18, 35), (16, 22), (16, 39), (25, 2), (25, 29), (24, 32), (44, 29)]]","[[267.98071491324544, 57.04020257039409, 63.39192072665558, 8.441883391706199, 24.708406455235096, 271.67795081447167, 187.97584295135667, 418.18429263130736, 910.2188440530857, 20.97644963086173, 12.322981258809083, 84.93879482318353, 44.50418531850819, 452.8073805117192, 148.88384254588942, 30.78408649403276, 322.7792174771387, 14.458581643828758, 34.62420596615978, 22.94574230631805, 225.4446657881537, 35.166529933663995, 551.9503492249453, 158.1791690295095, 623.4012585055018, 251.21650513888125, 41.72588445051901, 352.17656586845754, 733.8603647997485, 222.8892191468256, 74.25317533151794, 233.06389966958176, 9.904476977331427, 189.09385822699554, 14.615071495806589, 16.51315076861649, 277.78974863042754, 35.84520825949774, 88.04515305853536, 492.6814561811123, 206.30215419092912, 109.40357992979938, 222.24638908505668, 94.53957963914159, 332.2843728855157, 79.16777228781712, 43.32227428566488, 119.41978641907285, 37.57919345558142]]"
64,"[[(10, 38), (10, 40), (27, 35), (27, 43), (30, 31), (30, 46), (37, 8), (43, 22), (1, 49), (4, 15), (11, 4), (40, 9), (40, 34), (2, 39), (5, 21), (5, 31), (5, 46), (13, 12), (17, 13), (17, 20), (17, 28), (21, 14), (21, 44), (22, 37), (39, 5), (3, 29), (32, 37), (32, 48), (47, 3), (8, 49), (15, 11), (28, 17), (28, 27), (9, 49), (19, 7), (19, 30), (46, 34), (46, 41), (6, 29), (6, 45), (14, 43), (18, 12), (18, 35), (16, 22), (16, 39), (25, 2), (25, 29), (24, 32), (44, 29)]]","[[214.06835769188967, 60.303011444414956, 77.51233129589963, 58.4592989566882, 10.891215504932283, 186.36519467884654, 234.434759385674, 395.27876342299857, 1238.3637979083956, 17.525358494427064, 19.215906802640152, 84.71729254746901, 66.96264637777804, 452.9357613784523, 139.36539963102115, 14.582538560030207, 508.2234036907917, 18.052352569425057, 36.58663493840331, 27.05267653324482, 198.47559619129692, 58.241924964681, 270.5868547185181, 248.1924637810214, 585.9852000142821, 243.47099855343828, 41.231276625317896, 317.8269277594953, 673.4486333588869, 522.4071340679893, 69.72400106677007, 204.82492459152007, 9.350950544564782, 144.52959666741577, 15.960973120608605, 25.24055627600105, 269.15861225411413, 18.73953371121987, 88.09411838502017, 323.6711015383815, 175.8438766471249, 102.92104568459472, 311.7736945687, 24.554223487370802, 313.2116983738763, 58.10163505588654, 69.59282955725219, 51.52543825910495, 32.24167367228445]]"
65,"[[(10, 38), (10, 40), (27, 35), (27, 43), (30, 31), (30, 46), (37, 8), (43, 22), (1, 49), (4, 15), (11, 4), (40, 9), (40, 34), (2, 39), (5, 21), (5, 31), (5, 46), (13, 12), (17, 13), (17, 20), (17, 28), (21, 14), (21, 44), (22, 37), (39, 5), (3, 29), (32, 37), (32, 48), (47, 3), (8, 49), (15, 11), (28, 17), (28, 27), (9, 49), (19, 7), (19, 30), (46, 34), (46, 41), (6, 29), (6, 45), (14, 43), (18, 12), (18, 35), (16, 22), (16, 39), (25, 2), (25, 29), (24, 32), (44, 29)]]","[[128.7536564603988, 71.9374910288601, 98.73507960739691, 77.41694698966016, 2.5296022102993003, 335.67080728431915, 172.86441790322408, 353.6798861750954, 1157.1187201672612, 19.099007804540967, 66.89314063034547, 84.3942239839355, 65.35045252135505, 416.1427080099092, 215.9045286620922, 31.048868116323572, 552.2471214291805, 18.40265209082395, 16.507394014965566, 24.580518919477935, 194.3092507209416, 54.14741762930208, 379.1077200174225, 199.53522491506874, 219.61683142246736, 252.99866447083224, 39.11960067421199, 328.5582045284702, 709.0161911250973, 465.78362019345394, 80.44836099151462, 224.44859589684012, 9.573770426894518, 26.333479086931284, 17.361216443066773, 17.183546186107456, 115.36675750912053, 30.36730631508314, 135.77092124378336, 456.27964579593004, 174.05392292793363, 45.669704026590665, 89.30193715758264, 50.256631313462236, 307.3889042565959, 71.5728459855449, 43.91397269351003, 107.65930428058559, 27.605601591090736]]"
66,"[[(10, 38), (10, 40), (27, 35), (27, 43), (30, 31), (30, 46), (37, 8), (43, 22), (1, 49), (4, 15), (11, 4), (40, 9), (40, 34), (2, 39), (5, 21), (5, 31), (5, 46), (13, 12), (17, 13), (17, 20), (17, 28), (21, 14), (21, 44), (22, 37), (39, 5), (3, 29), (32, 37), (32, 48), (47, 3), (8, 49), (15, 11), (28, 17), (28, 27), (9, 49), (19, 7), (19, 30), (46, 34), (46, 41), (6, 29), (6, 45), (14, 43), (18, 12), (18, 35), (16, 22), (16, 39), (25, 2), (25, 29), (24, 32), (44, 29)]]","[[287.39409372259433, 60.23323299160124, 38.79101000783206, 64.13165985720829, 18.292684423927955, 285.8030629783612, 236.05467660031613, 369.39899754412676, 492.42858921931213, 18.594096317132887, 40.30651581696102, 83.62173038331188, 64.3014422450817, 379.81774217267713, 143.5593586996601, 18.993996778168317, 312.9430420670436, 18.849278679560456, 52.185372081447994, 22.07261715092595, 229.60788191511443, 31.711842960829678, 543.7880133525246, 249.18581793508406, 242.7885330539302, 193.65696933488135, 41.595177262440046, 333.18620831568086, 665.0776940012385, 421.1039004249882, 79.70408055096566, 143.29839637236023, 9.577212604985633, 157.49401560349165, 15.387694819881293, 15.894813678431225, 224.5800624849835, 25.44187232456077, 124.27060285235628, 226.78867384379174, 143.75462345253104, 121.94465229436923, 157.34621333508247, 20.69967628450246, 362.19622562931613, 80.15878125771016, 69.40261378705759, 118.63160999215177, 41.176897969862814]]"
67,"[[(10, 38), (10, 40), (27, 35), (27, 43), (30, 31), (30, 46), (37, 8), (43, 22), (1, 49), (4, 15), (11, 4), (40, 9), (40, 34), (2, 39), (5, 21), (5, 31), (5, 46), (13, 12), (17, 13), (17, 20), (17, 28), (21, 14), (21, 44), (22, 37), (39, 5), (3, 29), (32, 37), (32, 48), (47, 3), (8, 49), (15, 11), (28, 17), (28, 27), (9, 49), (19, 7), (19, 30), (46, 34), (46, 41), (6, 29), (6, 45), (14, 43), (18, 12), (18, 35), (16, 22), (16, 39), (25, 2), (25, 29), (24, 32), (44, 29)]]","[[161.067371881652, 70.31199612072814, 101.211372566289, 59.61604016656896, 16.15347989518289, 244.21259713619793, 142.97408503797854, 334.0350186270055, 475.09415010955416, 19.979730307943587, 63.209156410130404, 83.70963340347488, 43.49601014487207, 412.56767419457384, 109.86868395776409, 11.953568362325901, 342.8243704921779, 22.91648593738317, 20.63091356797036, 24.801892487056868, 200.91820729042422, 49.94588466809099, 518.1400673534986, 264.0067733171213, 338.06907887204864, 197.4368755949661, 41.11545031805823, 318.06684418875216, 714.6854808827889, 810.9889704731842, 66.92026974507084, 241.46394907504225, 8.347695070831989, 131.49809079010953, 15.76224965940746, 8.383321645010348, 292.6665594591845, 9.53503825049033, 86.03680347825062, 270.6527598036448, 157.0877897101523, 82.29357508665669, 151.3855848301257, 107.11925733629153, 275.63510642334336, 57.718186137798384, 64.32066730418077, 123.47428844096842, 8.720369202985347]]"
68,"[[(10, 38), (10, 40), (27, 35), (27, 43), (30, 31), (30, 46), (37, 8), (43, 22), (1, 49), (4, 15), (11, 4), (40, 9), (40, 34), (2, 39), (5, 21), (5, 31), (5, 46), (13, 12), (17, 13), (17, 20), (17, 28), (21, 14), (21, 44), (22, 37), (39, 5), (3, 29), (32, 37), (32, 48), (47, 3), (8, 49), (15, 11), (28, 17), (28, 27), (9, 49), (19, 7), (19, 30), (46, 34), (46, 41), (6, 29), (6, 45), (14, 43), (18, 12), (18, 35), (16, 22), (16, 39), (25, 2), (25, 29), (24, 32), (44, 29)]]","[[259.8670657616683, 65.10957771316424, 45.64832313625593, 31.3095446602402, 4.56195676596145, 201.73779076437506, 108.1160149619016, 365.076117453576, 868.93896268456, 18.53380844607024, 102.44119604462935, 84.195391264144, 54.66248913414573, 399.95369804374604, 168.3284841099516, 20.144917700042498, 345.3859227799572, 14.1018803760697, 35.89417702492558, 22.63623096726191, 229.4407472368871, 57.3596912268858, 264.6485186869429, 188.04954314738356, 205.5738389858171, 46.44630528084837, 40.545947034133, 230.31068150516293, 735.9286430631332, 97.43201309495231, 109.02964996746886, 165.93415863897303, 9.111187075500151, 7.204975975924931, 17.629778642520602, 19.9998450367894, 132.18881020320237, 23.95671258140908, 86.52788738719308, 701.4250617208005, 146.07683847520713, 15.124435545547424, 161.17980794687708, 47.57850607730745, 299.5121740079754, 61.95383140451169, 7.043697378450567, 47.72308368728477, 13.191329138262258]]"
69,"[[(10, 38), (10, 40), (27, 35), (27, 43), (30, 31), (30, 46), (37, 8), (43, 22), (1, 49), (4, 15), (11, 4), (40, 9), (40, 34), (2, 39), (5, 21), (5, 31), (5, 46), (13, 12), (17, 13), (17, 20), (17, 28), (21, 14), (21, 44), (22, 37), (39, 5), (3, 29), (32, 37), (32, 48), (47, 3), (8, 49), (15, 11), (28, 17), (28, 27), (9, 49), (19, 7), (19, 30), (46, 34), (46, 41), (6, 29), (6, 45), (14, 43), (18, 12), (18, 35), (16, 22), (16, 39), (25, 2), (25, 29), (24, 32), (44, 29)]]","[[267.28374953771583, 60.247585361666914, 15.388918428922047, 77.17413578287058, 16.028795045475086, 197.3315415146461, 171.63881671323836, 367.2327073755267, 1241.7101300894115, 18.98369258791377, 35.13871770095083, 84.56728180852022, 60.350750356990275, 412.2867339857503, 79.61187848428827, 20.543515416617446, 497.4158564067392, 16.273761540025003, 23.363127834503423, 22.239919589875544, 189.07194003027664, 58.68078348267156, 328.1161133476876, 130.13001127569416, 416.86070168817326, 54.885121799095124, 41.41486173875934, 277.11353624819236, 726.3801063960287, 634.2937387755841, 79.33781031792111, 178.06169040830287, 8.09429521814355, 9.450015236934767, 17.551798549692556, 11.650783783183831, 304.16029313208054, 41.91040198258365, 101.85899501659243, 271.85432811919026, 140.74680378126106, 62.234182492579876, 103.36404318871023, 96.39057025785779, 266.6021344486484, 71.94058778399207, 37.991718179093745, 44.19188240515632, 25.28639666143618]]"
70,"[[(10, 38), (10, 40), (27, 35), (27, 43), (30, 31), (30, 46), (37, 8), (43, 22), (1, 49), (4, 15), (11, 4), (40, 9), (40, 34), (2, 39), (5, 21), (5, 31), (5, 46), (13, 12), (17, 13), (17, 20), (17, 28), (21, 14), (21, 44), (22, 37), (39, 5), (3, 29), (32, 37), (32, 48), (47, 3), (8, 49), (15, 11), (28, 17), (28, 27), (9, 49), (19, 7), (19, 30), (46, 34), (46, 41), (6, 29), (6, 45), (14, 43), (18, 12), (18, 35), (16, 22), (16, 39), (25, 2), (25, 29), (24, 32), (44, 29)]]","[[173.90518785821843, 64.28260495353703, 97.51048494373502, 57.4932842849681, 5.400617643035693, 240.8198132166179, 268.97371909217964, 370.36037858076884, 919.7408707065554, 18.3552387494256, 32.75143143058625, 84.9968354375803, 61.666269820757734, 403.61498442216634, 181.69467578255131, 34.632139970049366, 453.2530471718555, 20.013028595409832, 42.59796001956374, 14.017618255758757, 193.4755512413464, 56.95934521897252, 148.42177101554321, 177.67395802595192, 551.1499252808053, 190.50839045956025, 39.35863555955295, 222.6125690367941, 697.4275808239281, 242.1655472083934, 67.97002602794687, 191.21158806248394, 9.061278718117068, 87.76816149555181, 16.166104625979088, 7.943024771217434, 294.30073736245384, 16.952667776624963, 135.45065551463503, 849.0376771973154, 205.6355054123881, 56.632312105786404, 154.25328457245072, 22.240769776710696, 337.3037538289291, 77.93427910026466, 67.22460477754733, 123.233499438418, 21.70069571626338]]"
71,"[[(10, 38), (10, 40), (27, 35), (27, 43), (30, 31), (30, 46), (37, 8), (43, 22), (1, 49), (4, 15), (11, 4), (40, 9), (40, 34), (2, 39), (5, 21), (5, 31), (5, 46), (13, 12), (17, 13), (17, 20), (17, 28), (21, 14), (21, 44), (22, 37), (39, 5), (3, 29), (32, 37), (32, 48), (47, 3), (8, 49), (15, 11), (28, 17), (28, 27), (9, 49), (19, 7), (19, 30), (46, 34), (46, 41), (6, 29), (6, 45), (14, 43), (18, 12), (18, 35), (16, 22), (16, 39), (25, 2), (25, 29), (24, 32), (44, 29)]]","[[298.8384972979493, 68.05955504267756, 104.38394794748864, 32.40619396824499, 19.045314433815857, 284.70733000219, 271.90353634650967, 339.0653014853794, 794.2864166518117, 18.58318487675712, 50.03594190522035, 84.55122827026378, 64.53490180074165, 371.58132929624156, 111.89880703074579, 33.75778870829248, 328.93774397580734, 16.539179555438373, 67.76801662283245, 15.736227848695659, 197.83202895429517, 27.144367431866264, 155.77378945832731, 221.64516567145037, 588.3542686266032, 243.05817899248888, 42.06813194766765, 389.8166877809165, 714.5804788785589, 769.5658831906344, 96.71794527299535, 165.50992484323226, 8.880339549069218, 202.19401129350987, 15.50150667146943, 20.983917473192054, 269.4336803739039, 25.294448875787666, 96.06315952670082, 826.6360389215247, 147.23630877057363, 83.43851152584597, 233.64366701509522, 111.581690171385, 331.4621575381886, 65.06191952954276, 54.86421880431054, 61.80907495635185, 46.006814321144816]]"
72,"[[(10, 38), (10, 40), (27, 35), (27, 43), (30, 31), (30, 46), (37, 8), (43, 22), (1, 49), (4, 15), (11, 4), (40, 9), (40, 34), (2, 39), (5, 21), (5, 31), (5, 46), (13, 12), (17, 13), (17, 20), (17, 28), (21, 14), (21, 44), (22, 37), (39, 5), (3, 29), (32, 37), (32, 48), (47, 3), (8, 49), (15, 11), (28, 17), (28, 27), (9, 49), (19, 7), (19, 30), (46, 34), (46, 41), (6, 29), (6, 45), (14, 43), (18, 12), (18, 35), (16, 22), (16, 39), (25, 2), (25, 29), (24, 32), (44, 29)]]","[[151.1703017935823, 69.122311531307, 14.772049519774937, 47.850595777543276, 1.1717249146910094, 237.26438296355093, 115.16580259329373, 349.43360153091544, 788.528598615088, 20.227902662691875, 58.75559297632478, 83.54189351036656, 63.492804866525404, 372.79044739156905, 224.96209024477992, 13.37493250398325, 349.33207955455765, 16.29931063420294, 52.94401463682675, 20.635069152893752, 237.94732608541764, 34.01557209825779, 334.3744645481696, 207.0577870469217, 398.34346003806814, 117.96401369017924, 41.48884050045566, 247.86304798063037, 681.0698921432452, 174.3741404969558, 94.1070810388623, 135.75812174785213, 9.195263506597191, 179.70984878895132, 18.002980588164704, 6.098500793649923, 128.11118378733215, 25.730159534085363, 135.63409003796656, 804.0431219869579, 201.93614769623082, 68.70103464815591, 94.00984845645482, 103.27320858033514, 328.70805694877794, 56.87590713962759, 17.962151175074467, 94.14171792757718, 51.75197359787785]]"
73,"[[(10, 38), (10, 40), (27, 35), (27, 43), (30, 31), (30, 46), (37, 8), (43, 22), (1, 49), (4, 15), (11, 4), (40, 9), (40, 34), (2, 39), (5, 21), (5, 31), (5, 46), (13, 12), (17, 13), (17, 20), (17, 28), (21, 14), (21, 44), (22, 37), (39, 5), (3, 29), (32, 37), (32, 48), (47, 3), (8, 49), (15, 11), (28, 17), (28, 27), (9, 49), (19, 7), (19, 30), (46, 34), (46, 41), (6, 29), (6, 45), (14, 43), (18, 12), (18, 35), (16, 22), (16, 39), (25, 2), (25, 29), (24, 32), (44, 29)]]","[[297.94600640854037, 74.65398619541816, 70.30499894228234, 22.88419275367243, 21.270746643241665, 184.39461356147638, 198.62778828729915, 365.438809696341, 916.4985926393804, 18.756996071451674, 7.960309692882748, 83.98594828979667, 59.70164863796522, 447.07208183969095, 66.65590479539239, 27.875580478440337, 579.7956413310399, 15.912637366970444, 59.17274983686365, 16.757273502340038, 210.84380399947997, 52.94733645206199, 196.96993488167743, 265.2149555076743, 188.12232052423627, 312.4890021584678, 40.21345343098555, 379.78790649881137, 667.3998081868214, 851.1416399800273, 87.66673977266403, 138.46307028001374, 8.712901249496202, 188.4961588849129, 17.01163967017137, 23.701256882654132, 59.53492865751936, 43.70296585151694, 121.8569489329436, 510.09428614316363, 196.67214815761326, 208.36007213319763, 200.68451526654934, 107.3797153746463, 270.493257268249, 78.66641675028791, 48.425795459340456, 29.15343396928155, 36.30556698252071]]"
74,"[[(10, 38), (10, 40), (27, 35), (27, 43), (30, 31), (30, 46), (37, 8), (43, 22), (1, 49), (4, 15), (11, 4), (40, 9), (40, 34), (2, 39), (5, 21), (5, 31), (5, 46), (13, 12), (17, 13), (17, 20), (17, 28), (21, 14), (21, 44), (22, 37), (39, 5), (3, 29), (32, 37), (32, 48), (47, 3), (8, 49), (15, 11), (28, 17), (28, 27), (9, 49), (19, 7), (19, 30), (46, 34), (46, 41), (6, 29), (6, 45), (14, 43), (18, 12), (18, 35), (16, 22), (16, 39), (25, 2), (25, 29), (24, 32), (44, 29)]]","[[174.3853804317332, 58.73993346932909, 40.353108931339904, 69.3986481028497, 6.05787094434513, 289.9624057231656, 140.97223971706524, 358.00218467343643, 1159.5978726918188, 18.282291970164206, 64.21191459895118, 83.014219950003, 62.79108093003822, 387.1572810007031, 86.28059727896107, 13.968630025086846, 488.2671071027652, 20.93996999436463, 14.324995724670696, 25.62075186019781, 217.79115817680042, 24.88285635096332, 311.8856867096922, 248.50023583182727, 338.84128185444206, 226.74597883779938, 40.240897103752104, 275.4241580962774, 727.7854666693934, 252.41066864754353, 73.11345231797088, 144.25361877165398, 8.27430521393573, 58.73539231585585, 14.23805677300149, 5.264906067397602, 358.57380970277245, 21.626415561120417, 96.50778515797852, 633.0128965557919, 145.16313098745337, 159.5214206784669, 143.49738166938627, 49.0202429516459, 283.933656125944, 70.24150083513919, 22.725173773163217, 108.05245628186229, 42.64537900994171]]"
75,"[[(10, 38), (10, 40), (27, 35), (27, 43), (30, 31), (30, 46), (37, 8), (43, 22), (1, 49), (4, 15), (11, 4), (40, 9), (40, 34), (2, 39), (5, 21), (5, 31), (5, 46), (13, 12), (17, 13), (17, 20), (17, 28), (21, 14), (21, 44), (22, 37), (39, 5), (3, 29), (32, 37), (32, 48), (47, 3), (8, 49), (15, 11), (28, 17), (28, 27), (9, 49), (19, 7), (19, 30), (46, 34), (46, 41), (6, 29), (6, 45), (14, 43), (18, 12), (18, 35), (16, 22), (16, 39), (25, 2), (25, 29), (24, 32), (44, 29)]]","[[280.60024412504026, 71.01047778524597, 107.71138609378656, 38.41677670340411, 18.24379841413966, 328.71991318790805, 249.55881647257004, 393.8066847227111, 1147.3631969413054, 20.788192963618094, 63.0965137081465, 84.33458956145783, 66.4360462128825, 363.35013780551117, 255.83807627674014, 30.977885004948064, 363.64369494476745, 19.46706542664596, 28.51565916231702, 21.903807061968884, 202.12822374235319, 44.376912125223, 228.3519315452952, 197.1983078914317, 593.1174549757957, 226.16038220299166, 41.66072975361523, 242.697804117438, 713.4055029130423, 391.5796495656315, 52.50121884310845, 276.5929402350547, 9.233643481403472, 80.63957222037709, 18.338827659321215, 17.378719953230807, 327.121574675019, 36.330758693807354, 86.47647905354921, 556.0580504797053, 181.81609486422786, 200.01793745213715, 161.2510789907259, 50.71793035637373, 340.0782867052867, 79.21446819189534, 44.57682607844566, 90.81502574047309, 27.97105457841226]]"
76,"[[(10, 38), (10, 40), (27, 35), (27, 43), (30, 31), (30, 46), (37, 8), (43, 22), (1, 49), (4, 15), (11, 4), (40, 9), (40, 34), (2, 39), (5, 21), (5, 31), (5, 46), (13, 12), (17, 13), (17, 20), (17, 28), (21, 14), (21, 44), (22, 37), (39, 5), (3, 29), (32, 37), (32, 48), (47, 3), (8, 49), (15, 11), (28, 17), (28, 27), (9, 49), (19, 7), (19, 30), (46, 34), (46, 41), (6, 29), (6, 45), (14, 43), (18, 12), (18, 35), (16, 22), (16, 39), (25, 2), (25, 29), (24, 32), (44, 29)]]","[[109.30232290594753, 71.61165677039644, 92.28642584892548, 44.94036580205112, 9.288559750703334, 190.3336840682864, 274.05247034419483, 359.4308258623884, 1090.1466211501206, 17.27246466838008, 80.55330850962983, 83.3367259082725, 57.50077735842194, 377.31677017393974, 151.69315810648408, 12.644936694820275, 459.95148467472194, 20.115596694014943, 48.33842046841872, 21.352516073842047, 194.1069711615723, 51.41418416174192, 263.8677362012187, 211.1119369319448, 556.6242053285855, 278.9153379657597, 41.729749032077926, 223.64668849187495, 721.33090543913, 505.6210352434531, 58.74364994626894, 185.62765195851284, 9.127014390094834, 176.83325734706997, 14.013539006363283, 16.093724972193243, 217.20826922539766, 10.193699309680259, 119.40167886548691, 456.2644221889883, 161.91623929637674, 78.77542702654827, 168.70606874484184, 69.76496647518904, 359.14727330925234, 63.26695678631624, 8.689825511232872, 29.166222364161012, 45.66036337296465]]"
77,"[[(10, 38), (10, 40), (27, 35), (27, 43), (30, 31), (30, 46), (37, 8), (43, 22), (1, 49), (4, 15), (11, 4), (40, 9), (40, 34), (2, 39), (5, 21), (5, 31), (5, 46), (13, 12), (17, 13), (17, 20), (17, 28), (21, 14), (21, 44), (22, 37), (39, 5), (3, 29), (32, 37), (32, 48), (47, 3), (8, 49), (15, 11), (28, 17), (28, 27), (9, 49), (19, 7), (19, 30), (46, 34), (46, 41), (6, 29), (6, 45), (14, 43), (18, 12), (18, 35), (16, 22), (16, 39), (25, 2), (25, 29), (24, 32), (44, 29)]]","[[94.57536853574595, 58.452118254746175, 51.62833112501134, 81.37643702925352, 17.500400910123147, 310.5640479362585, 246.45903103422214, 361.18237104195396, 736.9392966594216, 18.47443868830341, 91.76651127587995, 84.8332010272352, 62.98574587323262, 423.7301483231694, 107.72593261901397, 29.055516059296004, 579.7869221032239, 20.071357885609153, 23.58395343012159, 15.036604962710793, 220.0439508430698, 26.87342600873651, 219.67733722827091, 146.23000120895964, 646.6264370487112, 305.0353492213071, 39.81940979759051, 334.7957736278837, 720.2980549496318, 837.560204665853, 96.3115666154643, 248.1997745942308, 8.188062690377118, 46.0211999781506, 17.779883798051216, 19.346605449600702, 59.130830981714816, 6.3904732573518865, 116.09321430419459, 462.2767486642597, 209.8452694359399, 79.04303798965557, 114.16147662010296, 42.571754778130185, 266.1193379406608, 58.622397471929766, 17.099992258767763, 126.51121623998982, 43.54989144224502]]"
78,"[[(10, 38), (10, 40), (27, 35), (27, 43), (30, 31), (30, 46), (37, 8), (43, 22), (1, 49), (4, 15), (11, 4), (40, 9), (40, 34), (2, 39), (5, 21), (5, 31), (5, 46), (13, 12), (17, 13), (17, 20), (17, 28), (21, 14), (21, 44), (22, 37), (39, 5), (3, 29), (32, 37), (32, 48), (47, 3), (8, 49), (15, 11), (28, 17), (28, 27), (9, 49), (19, 7), (19, 30), (46, 34), (46, 41), (6, 29), (6, 45), (14, 43), (18, 12), (18, 35), (16, 22), (16, 39), (25, 2), (25, 29), (24, 32), (44, 29)]]","[[93.87659857697716, 61.50756858945415, 58.397267240739595, 13.16571689021372, 1.0389252190026426, 307.31950800007206, 199.87003945614794, 396.9073284469341, 1140.9731375896288, 17.212379234892637, 47.01905244789984, 83.35506387904377, 43.36387844425403, 441.7373024821303, 253.2719556896299, 30.370125683444023, 379.39018352774553, 13.832268832743294, 28.11267339133847, 15.911582069664354, 228.50489995262052, 45.578175001161185, 541.7218454590808, 237.13863268146318, 224.9396565035671, 36.287036091455874, 41.34727066341002, 316.7869951724992, 697.6271838419028, 384.9510449910993, 50.99144209915086, 274.1330150638762, 9.549734896128008, 174.8669636212308, 18.84114904969904, 3.692028952995053, 284.33395869302694, 39.82691989189623, 97.77600834801636, 499.04477909662114, 220.77999500676356, 102.75257428003121, 315.2842918846877, 39.98192593810697, 351.7860285592117, 61.566313748160546, 45.715551253202065, 50.66460590617279, 23.923321450396113]]"
79,"[[(10, 38), (10, 40), (27, 35), (27, 43), (30, 31), (30, 46), (37, 8), (43, 22), (1, 49), (4, 15), (11, 4), (40, 9), (40, 34), (2, 39), (5, 21), (5, 31), (5, 46), (13, 12), (17, 13), (17, 20), (17, 28), (21, 14), (21, 44), (22, 37), (39, 5), (3, 29), (32, 37), (32, 48), (47, 3), (8, 49), (15, 11), (28, 17), (28, 27), (9, 49), (19, 7), (19, 30), (46, 34), (46, 41), (6, 29), (6, 45), (14, 43), (18, 12), (18, 35), (16, 22), (16, 39), (25, 2), (25, 29), (24, 32), (44, 29)]]","[[324.39837976696936, 66.2091988864909, 132.00883104753868, 30.459016661806288, 9.478294733853726, 255.59491118735863, 261.975156331649, 349.53972317455623, 780.1575667867382, 20.7930200790457, 53.43884049166861, 84.5405762111685, 67.80556244919961, 386.59529728786435, 79.45846895641546, 9.985095623234942, 347.43142738097345, 22.81258774641962, 66.50332584559962, 20.270620906384163, 207.22370164845182, 41.70835638935831, 146.3723331195671, 174.47689763789364, 279.73899145618975, 199.36536619823625, 40.00203795253276, 230.06565237605852, 681.5055818109105, 629.8767118764187, 110.40507665544926, 195.51068939713315, 9.373185020435498, 68.78283702311111, 14.228661980612069, 28.490513138471627, 319.4107088881126, 6.709098299897581, 122.23532264570798, 937.4003603350225, 209.71499240071591, 116.11279437691987, 195.9993702551396, 66.95261122721953, 333.5832496576526, 78.71344352473398, 37.353051695156765, 101.80028943263709, 35.28384457915146]]"
80,"[[(10, 38), (10, 40), (27, 35), (27, 43), (30, 31), (30, 46), (37, 8), (43, 22), (1, 49), (4, 15), (11, 4), (40, 9), (40, 34), (2, 39), (5, 21), (5, 31), (5, 46), (13, 12), (17, 13), (17, 20), (17, 28), (21, 14), (21, 44), (22, 37), (39, 5), (3, 29), (32, 37), (32, 48), (47, 3), (8, 49), (15, 11), (28, 17), (28, 27), (9, 49), (19, 7), (19, 30), (46, 34), (46, 41), (6, 29), (6, 45), (14, 43), (18, 12), (18, 35), (16, 22), (16, 39), (25, 2), (25, 29), (24, 32), (44, 29)]]","[[264.52381517643516, 73.13633280672624, 103.7402239298317, 65.97409147627026, 4.83815274833949, 307.7667331912794, 156.35991067923356, 330.5663526050451, 1196.3568679689452, 19.524975515306416, 110.9811754162992, 84.61097046093909, 63.93100056314054, 409.0096534986544, 218.70966650325016, 26.200155632032217, 391.84554456649056, 17.990974676958597, 54.52569774398397, 19.21995058764339, 225.80628102604538, 44.12495968669643, 378.0922634201305, 218.33967083695643, 606.7003358236773, 202.96152701285232, 42.431600277070466, 230.27763674300417, 723.7232717679459, 631.4105175153826, 69.72938064982814, 199.97184794627424, 8.383784963055561, 191.07115004106313, 14.301118493478805, 12.297024576420995, 197.2854328907859, 20.621813667991415, 97.5650288937594, 935.8858678799256, 149.59168685691319, 179.56112411220334, 287.78043211923807, 63.98417514879307, 320.077899874858, 73.52235625439856, 3.125564276339931, 59.090367973941405, 15.926913834342802]]"
81,"[[(10, 38), (10, 40), (27, 35), (27, 43), (30, 31), (30, 46), (37, 8), (43, 22), (1, 49), (4, 15), (11, 4), (40, 9), (40, 34), (2, 39), (5, 21), (5, 31), (5, 46), (13, 12), (17, 13), (17, 20), (17, 28), (21, 14), (21, 44), (22, 37), (39, 5), (3, 29), (32, 37), (32, 48), (47, 3), (8, 49), (15, 11), (28, 17), (28, 27), (9, 49), (19, 7), (19, 30), (46, 34), (46, 41), (6, 29), (6, 45), (14, 43), (18, 12), (18, 35), (16, 22), (16, 39), (25, 2), (25, 29), (24, 32), (44, 29)]]","[[292.75207066291273, 64.9208224487106, 44.89680343811693, 31.206123183527684, 18.281242376958353, 280.0502188891059, 265.2348104649262, 380.1285148153625, 574.9369051189195, 20.74296940251723, 114.00142384060374, 84.95929320633873, 57.00926235658444, 430.6048688622528, 120.71744878331594, 15.7613509335016, 527.1602077939274, 14.663323499764669, 47.22472324513669, 15.506212818691136, 218.4835771204339, 26.802809112334074, 367.9946813389026, 138.05062068857956, 189.18070269076708, 44.441428669526886, 42.024697566890424, 314.23932708118815, 687.8427230556771, 383.6756495815605, 55.623248307484324, 266.1688073135121, 9.962381890552589, 8.910686397259136, 14.926216605054636, 7.872794195419081, 349.05590824802266, 31.72784622958247, 122.71826671915875, 557.2542172825839, 152.82559364334463, 112.4993732576098, 149.5606959437303, 104.14827563270742, 293.17009994115097, 75.79641945933069, 67.66435713114863, 105.30776017110051, 15.056612393431323]]"
82,"[[(10, 38), (10, 40), (27, 35), (27, 43), (30, 31), (30, 46), (37, 8), (43, 22), (1, 49), (4, 15), (11, 4), (40, 9), (40, 34), (2, 39), (5, 21), (5, 31), (5, 46), (13, 12), (17, 13), (17, 20), (17, 28), (21, 14), (21, 44), (22, 37), (39, 5), (3, 29), (32, 37), (32, 48), (47, 3), (8, 49), (15, 11), (28, 17), (28, 27), (9, 49), (19, 7), (19, 30), (46, 34), (46, 41), (6, 29), (6, 45), (14, 43), (18, 12), (18, 35), (16, 22), (16, 39), (25, 2), (25, 29), (24, 32), (44, 29)]]","[[191.79741191323654, 76.2677772174269, 133.83863023136388, 20.64427110973317, 2.470608080357585, 276.0373929041049, 138.7437141294038, 344.1035727337599, 649.5294856441385, 17.27623885934045, 64.03409174761026, 83.40514234453833, 50.56487848528806, 440.4134179544822, 191.33553208113432, 14.396976637563846, 448.2230179635271, 16.914912328818822, 50.24255367527681, 23.977421108479177, 228.9529841296091, 34.68255545882027, 392.1963320131906, 156.10437634903306, 433.11556300670316, 153.04170631932277, 40.29471466890482, 245.1418160736467, 711.6792574342929, 389.4668088337225, 93.01393817974508, 125.03626593985625, 8.803861521910438, 67.29815316922894, 14.624972866068974, 28.231747608211805, 103.76875749222823, 8.872734727644577, 130.6212648490087, 242.80444245672012, 177.1278497707204, 114.23327196738997, 88.95678361871434, 82.54215129922488, 362.7692023697781, 76.89017743004956, 48.02058721012727, 120.35668737038887, 46.69147761361019]]"
83,"[[(10, 38), (10, 40), (27, 35), (27, 43), (30, 31), (30, 46), (37, 8), (43, 22), (1, 49), (4, 15), (11, 4), (40, 9), (40, 34), (2, 39), (5, 21), (5, 31), (5, 46), (13, 12), (17, 13), (17, 20), (17, 28), (21, 14), (21, 44), (22, 37), (39, 5), (3, 29), (32, 37), (32, 48), (47, 3), (8, 49), (15, 11), (28, 17), (28, 27), (9, 49), (19, 7), (19, 30), (46, 34), (46, 41), (6, 29), (6, 45), (14, 43), (18, 12), (18, 35), (16, 22), (16, 39), (25, 2), (25, 29), (24, 32), (44, 29)]]","[[120.01537141627843, 68.8396895343646, 126.79164567694079, 55.22791657387603, 6.250965047668284, 269.655062093952, 237.14527784626523, 354.6296302594514, 860.6835568148044, 17.736481288186134, 11.840284061051197, 83.23440879093093, 53.42875024453642, 367.5179199583321, 147.27228092763067, 30.322010442533724, 548.4375662802101, 13.532613466394722, 47.304588094704464, 16.978984865009473, 205.40945198796692, 31.457949952187963, 291.9908256782058, 201.77876473649695, 633.9603166638445, 243.08772569096655, 40.325597326697554, 218.42705523322655, 679.1845080432823, 320.5889503318406, 63.7096790640331, 140.4303519957868, 9.485347520104005, 188.37792242207342, 18.074145057536366, 26.459064796617373, 163.2655964642771, 9.518330516617269, 85.79129908612428, 691.9219013448601, 137.6023997736292, 164.42255408943043, 175.4689002199491, 82.51162188659202, 293.1765650711717, 69.18591273112594, 23.867756563550653, 32.597783370008955, 20.397183887478178]]"
84,"[[(10, 38), (10, 40), (27, 35), (27, 43), (30, 31), (30, 46), (37, 8), (43, 22), (1, 49), (4, 15), (11, 4), (40, 9), (40, 34), (2, 39), (5, 21), (5, 31), (5, 46), (13, 12), (17, 13), (17, 20), (17, 28), (21, 14), (21, 44), (22, 37), (39, 5), (3, 29), (32, 37), (32, 48), (47, 3), (8, 49), (15, 11), (28, 17), (28, 27), (9, 49), (19, 7), (19, 30), (46, 34), (46, 41), (6, 29), (6, 45), (14, 43), (18, 12), (18, 35), (16, 22), (16, 39), (25, 2), (25, 29), (24, 32), (44, 29)]]","[[318.44484089939976, 76.07325892624294, 64.0734702718732, 61.84832131826729, 10.394847529227222, 229.41074413293057, 106.14680734245805, 388.4402636418992, 1157.046680244422, 17.23809570769704, 70.634462947293, 84.26610823835944, 53.95787668541903, 413.8936576104574, 121.15998875252794, 10.702918752487193, 425.59507871250605, 16.85599828825994, 21.363188542958987, 25.632891483004798, 191.66653895293976, 28.59083033585234, 311.05414513561925, 189.74151271989945, 383.9273677147507, 290.6361459657082, 41.73377509519311, 221.532757693365, 704.4356208268935, 804.6511963019967, 94.39759744149816, 158.62496340035366, 9.389907597978269, 139.11573517325246, 14.602463551895827, 13.739218278465126, 116.25897886012726, 26.474683787429555, 113.48812457332237, 191.4708908302377, 178.8118076906117, 132.9106704204196, 101.41575561019782, 67.36376826884431, 316.4050375848325, 70.6680518476355, 61.57831598801907, 102.27081981754371, 34.45488605806449]]"
85,"[[(10, 38), (10, 40), (27, 35), (27, 43), (30, 31), (30, 46), (37, 8), (43, 22), (1, 49), (4, 15), (11, 4), (40, 9), (40, 34), (2, 39), (5, 21), (5, 31), (5, 46), (13, 12), (17, 13), (17, 20), (17, 28), (21, 14), (21, 44), (22, 37), (39, 5), (3, 29), (32, 37), (32, 48), (47, 3), (8, 49), (15, 11), (28, 17), (28, 27), (9, 49), (19, 7), (19, 30), (46, 34), (46, 41), (6, 29), (6, 45), (14, 43), (18, 12), (18, 35), (16, 22), (16, 39), (25, 2), (25, 29), (24, 32), (44, 29)]]","[[288.97983257636076, 76.05245575399444, 32.766297170548654, 97.19501947868615, 21.155195938531115, 342.16202814976987, 119.80849397745177, 409.8056489766393, 1139.6760076742344, 17.053479543548754, 103.70007273689014, 84.67136671627712, 43.304300576913654, 404.0168817716381, 110.19793275530567, 21.959107234831542, 367.0105384740693, 19.378344222184868, 38.09992576238788, 16.34200084578142, 223.94134745416702, 39.70756101163489, 350.16944166321593, 202.9621200302234, 389.2926633270156, 182.61580915031143, 42.04073265651647, 309.4361404022403, 715.4414984325377, 231.76058191312734, 88.38609121010039, 133.43371194910054, 9.079719748944008, 164.5729602068222, 18.716586517686025, 22.950114429535134, 218.34150090842746, 29.234493196649552, 96.68918855759273, 326.9576360100963, 203.42217264432588, 15.339265877557793, 289.48418119116855, 86.98729053899777, 362.6677629340474, 74.9258705641884, 3.682915204343544, 93.7073793624311, 17.275468060044354]]"
86,"[[(10, 38), (10, 40), (27, 35), (27, 43), (30, 31), (30, 46), (37, 8), (43, 22), (1, 49), (4, 15), (11, 4), (40, 9), (40, 34), (2, 39), (5, 21), (5, 31), (5, 46), (13, 12), (17, 13), (17, 20), (17, 28), (21, 14), (21, 44), (22, 37), (39, 5), (3, 29), (32, 37), (32, 48), (47, 3), (8, 49), (15, 11), (28, 17), (28, 27), (9, 49), (19, 7), (19, 30), (46, 34), (46, 41), (6, 29), (6, 45), (14, 43), (18, 12), (18, 35), (16, 22), (16, 39), (25, 2), (25, 29), (24, 32), (44, 29)]]","[[252.61359021326038, 60.535368977377864, 128.65420007212737, 81.12922891587117, 7.502182713024873, 218.28159626503214, 123.31001480258226, 400.9126208732064, 591.3719425513334, 18.290743965979914, 4.716351921704665, 83.41965816397001, 55.98743073131317, 367.98355157383844, 98.08098502285495, 22.265441640119985, 415.606079748505, 17.847314216209632, 50.179367544713756, 20.624444592657312, 238.53432295884025, 32.773299545645244, 302.4113307257689, 263.2126825887159, 233.38653396036494, 34.241958055550434, 41.25641708615815, 341.8854946752135, 730.438020369921, 408.8176634872027, 90.47330800895676, 201.3042188377225, 9.685904004578877, 148.00838327137083, 15.05835113948525, 7.531837175556546, 223.21130627818758, 20.360162778098967, 108.60303696440312, 558.1209612450938, 195.67581376336844, 26.990032630067553, 208.06601838405328, 63.700266216004174, 336.7800659682056, 77.39877435732983, 24.489024840206717, 122.64645326986056, 16.002363588585382]]"
87,"[[(10, 38), (10, 40), (27, 35), (27, 43), (30, 31), (30, 46), (37, 8), (43, 22), (1, 49), (4, 15), (11, 4), (40, 9), (40, 34), (2, 39), (5, 21), (5, 31), (5, 46), (13, 12), (17, 13), (17, 20), (17, 28), (21, 14), (21, 44), (22, 37), (39, 5), (3, 29), (32, 37), (32, 48), (47, 3), (8, 49), (15, 11), (28, 17), (28, 27), (9, 49), (19, 7), (19, 30), (46, 34), (46, 41), (6, 29), (6, 45), (14, 43), (18, 12), (18, 35), (16, 22), (16, 39), (25, 2), (25, 29), (24, 32), (44, 29)]]","[[110.89474560367772, 76.01528833430542, 114.8722911204772, 75.45841044062753, 18.223884531404998, 211.4903720579773, 233.3417562833745, 427.2299447554083, 718.3816352910512, 20.557443100870188, 106.4674462657617, 83.80871611444894, 59.39134099763565, 431.54023374253313, 83.69395720364676, 21.873718768597307, 589.7583159818596, 22.98051441223677, 49.7758520718382, 14.13068946100721, 212.27194199911912, 37.00661870885517, 182.41971250003843, 193.02905374900013, 386.6652784878259, 223.02653623450047, 42.714574248853474, 245.2431573203246, 720.1309183250867, 386.1138695683175, 54.33699166519271, 267.69956387381524, 8.757190167036873, 39.16661899354127, 17.291542608577018, 19.6597039194175, 147.08779989633882, 28.45800230649398, 87.27542304486896, 865.9303237393069, 161.5292896572443, 109.49897396371043, 147.10058762893485, 119.07046027965896, 321.3302369587259, 77.90029493585142, 18.942829405458237, 83.22478571994355, 25.601347894418968]]"
88,"[[(10, 38), (10, 40), (27, 35), (27, 43), (30, 31), (30, 46), (37, 8), (43, 22), (1, 49), (4, 15), (11, 4), (40, 9), (40, 34), (2, 39), (5, 21), (5, 31), (5, 46), (13, 12), (17, 13), (17, 20), (17, 28), (21, 14), (21, 44), (22, 37), (39, 5), (3, 29), (32, 37), (32, 48), (47, 3), (8, 49), (15, 11), (28, 17), (28, 27), (9, 49), (19, 7), (19, 30), (46, 34), (46, 41), (6, 29), (6, 45), (14, 43), (18, 12), (18, 35), (16, 22), (16, 39), (25, 2), (25, 29), (24, 32), (44, 29)]]","[[118.64868062763938, 66.51297729989793, 114.78195423484321, 87.17460647674984, 6.005896526765875, 259.3623631282471, 225.3932988286948, 401.90358420533994, 1102.5422909783556, 18.62141279359048, 15.081201079987812, 84.68108926637912, 61.82946108373076, 388.90899809138847, 71.77595135440492, 13.144700256323503, 506.11178053718885, 19.711443822326114, 36.10791330978647, 22.978606085529805, 228.98457846520728, 26.576163103003477, 361.7953883626259, 175.3930294540897, 607.470377912586, 101.42938845460183, 39.29456312459619, 338.55400591851173, 662.2511839278412, 177.48760833172548, 45.30782471826614, 250.92361486897178, 8.890979010892087, 38.73990248862524, 18.85684222479468, 11.740027482911508, 369.75287810933247, 34.325927625101365, 88.71267573143837, 239.6574127715591, 196.39302915814793, 64.74810837538749, 140.06089833406855, 122.92128124756249, 325.65077575251166, 71.55850068140701, 69.41660610743145, 32.715559050937316, 17.15118333946614]]"
89,"[[(10, 38), (10, 40), (27, 35), (27, 43), (30, 31), (30, 46), (37, 8), (43, 22), (1, 49), (4, 15), (11, 4), (40, 9), (40, 34), (2, 39), (5, 21), (5, 31), (5, 46), (13, 12), (17, 13), (17, 20), (17, 28), (21, 14), (21, 44), (22, 37), (39, 5), (3, 29), (32, 37), (32, 48), (47, 3), (8, 49), (15, 11), (28, 17), (28, 27), (9, 49), (19, 7), (19, 30), (46, 34), (46, 41), (6, 29), (6, 45), (14, 43), (18, 12), (18, 35), (16, 22), (16, 39), (25, 2), (25, 29), (24, 32), (44, 29)]]","[[290.633308437623, 59.530726338124424, 115.666981197462, 64.60018648387934, 1.401556772740581, 252.6271179266884, 116.89090711591145, 381.67456334149506, 1036.600884602205, 18.865610624122667, 103.00410875004985, 83.46779663897952, 56.47247365472063, 424.0617521116, 241.80508978789643, 18.593662456470547, 378.5659211497628, 18.90026316363609, 51.020716121844075, 18.539978888582734, 202.6913190165277, 27.178635298810295, 554.3379978639808, 248.5228628318707, 264.65261265573145, 131.65835456020017, 42.14039049025524, 242.35038767050276, 722.8021559644244, 188.4461402977475, 70.77811655709581, 245.1315997876468, 8.758710221288965, 45.57982607958669, 17.56666336289254, 19.557939424513787, 49.28944868991474, 39.47377486985013, 109.2436419856723, 763.9996076562273, 166.25490914682803, 145.94308070848714, 265.43890483277227, 73.57546114683107, 296.64081221725974, 66.96643124266572, 57.076158869520064, 32.164387875088664, 49.90319548606518]]"
90,"[[(10, 38), (10, 40), (27, 35), (27, 43), (30, 31), (30, 46), (37, 8), (43, 22), (1, 49), (4, 15), (11, 4), (40, 9), (40, 34), (2, 39), (5, 21), (5, 31), (5, 46), (13, 12), (17, 13), (17, 20), (17, 28), (21, 14), (21, 44), (22, 37), (39, 5), (3, 29), (32, 37), (32, 48), (47, 3), (8, 49), (15, 11), (28, 17), (28, 27), (9, 49), (19, 7), (19, 30), (46, 34), (46, 41), (6, 29), (6, 45), (14, 43), (18, 12), (18, 35), (16, 22), (16, 39), (25, 2), (25, 29), (24, 32), (44, 29)]]","[[196.07165679462716, 57.13561992248175, 25.172403043633523, 83.49729911687666, 20.88013920408946, 273.90373913373054, 133.72865930390662, 415.089077259546, 787.4987171893702, 18.253053751529478, 78.75453513673354, 83.18892048231169, 54.245197684233865, 412.4677537832151, 136.3966697722976, 26.529900556664778, 514.9660761149735, 13.063001393635474, 28.47415471164316, 14.312034223261485, 189.9345274769964, 54.48577260541039, 243.76109159045308, 264.1260263821058, 403.2481610705091, 103.56254460441438, 42.058363320082556, 239.0793286529559, 734.4003904042985, 146.61067069740244, 109.01518919839079, 280.68261871413813, 8.895813539257578, 117.55303895136578, 17.369796014757846, 9.860877006616693, 198.77173641359926, 38.720059381267255, 109.12292332175838, 546.130597566557, 199.19877602275966, 193.9784245946012, 244.4539722678815, 95.57385662392758, 278.03950080372204, 67.82246289603626, 60.98811926672364, 52.20902473280068, 43.09685762508184]]"
91,"[[(10, 38), (10, 40), (27, 35), (27, 43), (30, 31), (30, 46), (37, 8), (43, 22), (1, 49), (4, 15), (11, 4), (40, 9), (40, 34), (2, 39), (5, 21), (5, 31), (5, 46), (13, 12), (17, 13), (17, 20), (17, 28), (21, 14), (21, 44), (22, 37), (39, 5), (3, 29), (32, 37), (32, 48), (47, 3), (8, 49), (15, 11), (28, 17), (28, 27), (9, 49), (19, 7), (19, 30), (46, 34), (46, 41), (6, 29), (6, 45), (14, 43), (18, 12), (18, 35), (16, 22), (16, 39), (25, 2), (25, 29), (24, 32), (44, 29)]]","[[103.91375776527218, 65.57558441306327, 84.21768219297945, 55.76619748971355, 2.860717586814892, 337.18316642194634, 227.94064152113, 367.11238540914064, 1223.1844587939945, 17.987925531641924, 63.314106672642, 83.36608157581837, 50.406589405670445, 435.4804416510412, 120.31026258766255, 19.486496688806128, 471.20229719379165, 20.288732452932827, 15.507106701086597, 27.827263739772796, 189.75316518271026, 49.517490397675104, 530.1178502773269, 220.14799227251137, 546.5130377615574, 188.48056835141483, 40.58461115723088, 221.4433616993566, 667.7505910414102, 778.1126970033121, 76.24963123822616, 286.001589270138, 9.898100319145922, 143.4039687118538, 17.493914959174855, 3.9025965311842006, 27.286466873568315, 31.955064754450113, 109.86520014291398, 826.3921690626287, 216.51995642833376, 124.90225095116254, 162.60808895479707, 64.22320207960587, 320.5387796781503, 62.02831981510536, 9.52956658737982, 80.09029219410763, 10.653790786803823]]"
92,"[[(10, 38), (10, 40), (27, 35), (27, 43), (30, 31), (30, 46), (37, 8), (43, 22), (1, 49), (4, 15), (11, 4), (40, 9), (40, 34), (2, 39), (5, 21), (5, 31), (5, 46), (13, 12), (17, 13), (17, 20), (17, 28), (21, 14), (21, 44), (22, 37), (39, 5), (3, 29), (32, 37), (32, 48), (47, 3), (8, 49), (15, 11), (28, 17), (28, 27), (9, 49), (19, 7), (19, 30), (46, 34), (46, 41), (6, 29), (6, 45), (14, 43), (18, 12), (18, 35), (16, 22), (16, 39), (25, 2), (25, 29), (24, 32), (44, 29)]]","[[296.89700815564623, 74.25525813327911, 120.20843686658446, 72.95956528505906, 6.475767556402483, 273.26696469888026, 185.8706134981186, 416.7295643977495, 1171.0634103847574, 17.909034496221466, 71.55845936101116, 83.6341923871918, 62.28120538229629, 376.7486154577899, 238.9710102936408, 9.467756347101453, 367.2670612505455, 15.031056208915093, 66.21032250397774, 25.02762574028781, 204.99819287621568, 40.41886293178126, 403.46566777274387, 194.05748525684936, 654.4934741493341, 277.16317634747327, 42.9523255702535, 321.3429887127794, 729.8602487139245, 717.7421207595785, 95.42676376303535, 200.9525973717415, 8.676722199850126, 133.525437765962, 14.825999009898894, 16.537385598826777, 165.00680666503234, 24.051093424100895, 134.85928332796712, 770.8558192532842, 165.8254354818801, 187.63473395222616, 94.48534482708752, 126.28002768643175, 280.3407928084921, 59.180848352103446, 15.539569224254198, 119.36953993873469, 28.00437894678674]]"
93,"[[(10, 38), (10, 40), (27, 35), (27, 43), (30, 31), (30, 46), (37, 8), (43, 22), (1, 49), (4, 15), (11, 4), (40, 9), (40, 34), (2, 39), (5, 21), (5, 31), (5, 46), (13, 12), (17, 13), (17, 20), (17, 28), (21, 14), (21, 44), (22, 37), (39, 5), (3, 29), (32, 37), (32, 48), (47, 3), (8, 49), (15, 11), (28, 17), (28, 27), (9, 49), (19, 7), (19, 30), (46, 34), (46, 41), (6, 29), (6, 45), (14, 43), (18, 12), (18, 35), (16, 22), (16, 39), (25, 2), (25, 29), (24, 32), (44, 29)]]","[[239.2832080420687, 71.31216483938798, 31.4454850220851, 37.60622279257052, 8.352856821664528, 221.83139843502562, 113.36975459154058, 344.7822778136173, 716.9533548741279, 18.432228632167682, 4.919633131935311, 83.55953862781067, 62.120348807429885, 377.77507001214906, 141.47845628031882, 16.122996958991195, 454.9329948904208, 19.19412646387083, 49.90951136968363, 20.47093532491899, 196.7038443380741, 44.49678556332668, 417.22719312787603, 218.6592082830221, 335.788819025302, 186.7865340285866, 40.219645617445074, 384.8694208412024, 673.1011528680092, 109.00570858527138, 103.58721023183162, 277.7228699888597, 9.424278862032784, 20.827499972259034, 15.997164038331093, 17.73320127463886, 126.92607616143769, 15.802368747324088, 89.03774648466356, 524.1892803160758, 142.9734054828904, 57.791548146234035, 134.5411093798684, 79.06879879605361, 363.93811121720387, 66.2264607665158, 48.400381918558594, 76.88068736005991, 8.595444166212012]]"
94,"[[(10, 38), (10, 40), (27, 35), (27, 43), (30, 31), (30, 46), (37, 8), (43, 22), (1, 49), (4, 15), (11, 4), (40, 9), (40, 34), (2, 39), (5, 21), (5, 31), (5, 46), (13, 12), (17, 13), (17, 20), (17, 28), (21, 14), (21, 44), (22, 37), (39, 5), (3, 29), (32, 37), (32, 48), (47, 3), (8, 49), (15, 11), (28, 17), (28, 27), (9, 49), (19, 7), (19, 30), (46, 34), (46, 41), (6, 29), (6, 45), (14, 43), (18, 12), (18, 35), (16, 22), (16, 39), (25, 2), (25, 29), (24, 32), (44, 29)]]","[[232.56769564457497, 58.51902300313661, 140.46802110150867, 78.57622853008036, 12.1620734935276, 319.49092259687745, 233.33894421521077, 392.16508528085956, 526.1807500550948, 17.50874958121277, 58.21612559715749, 83.80043910395894, 43.93939301638505, 392.8750170775184, 202.70576680846116, 17.595762881946115, 453.0748363906427, 19.62818600877585, 26.657784915774087, 21.461836444436205, 238.87756222044024, 45.56517268743432, 509.65884401588124, 258.3625359871796, 233.10081567426892, 112.62609740943225, 39.64953529525353, 377.77823060667936, 732.2256687194716, 804.103353566289, 110.24577344822517, 210.72544479607728, 8.327962453152384, 157.96888728088996, 19.701103658681546, 14.837309424453602, 356.8538344105817, 36.907987918661036, 123.02748172291152, 1154.418852117556, 197.793594640027, 198.26143975402744, 139.55604322202424, 64.47171835206986, 270.23323943403364, 77.50857268640955, 74.50167376338808, 62.763104211537026, 44.470040626037616]]"
95,"[[(10, 38), (10, 40), (27, 35), (27, 43), (30, 31), (30, 46), (37, 8), (43, 22), (1, 49), (4, 15), (11, 4), (40, 9), (40, 34), (2, 39), (5, 21), (5, 31), (5, 46), (13, 12), (17, 13), (17, 20), (17, 28), (21, 14), (21, 44), (22, 37), (39, 5), (3, 29), (32, 37), (32, 48), (47, 3), (8, 49), (15, 11), (28, 17), (28, 27), (9, 49), (19, 7), (19, 30), (46, 34), (46, 41), (6, 29), (6, 45), (14, 43), (18, 12), (18, 35), (16, 22), (16, 39), (25, 2), (25, 29), (24, 32), (44, 29)]]","[[94.36258572847923, 70.7491790448277, 51.15702985944788, 96.28189807296731, 18.976062109422955, 298.70946648314253, 267.9200740171767, 367.63572501442945, 660.2932195770015, 17.525598705411934, 92.46416479309325, 83.44830178771818, 49.63716126847018, 448.29905727168114, 112.21150417749519, 24.208159822381596, 510.3907097997442, 18.2338769441155, 24.590749888731676, 16.759918483965187, 203.13537315767448, 46.17787711137102, 513.7837624419062, 144.2332146637139, 516.8417288559829, 315.1225817933874, 41.559392740025146, 303.25484009474525, 677.116339098273, 711.8368873343474, 79.03169377560626, 265.73054621241386, 9.728516693637747, 52.8757626752855, 18.014667556587135, 16.433548708086946, 189.83147807951823, 15.767201784610474, 99.63165119076514, 1029.5063883845082, 168.4463262556044, 178.19365074728677, 169.7162591464766, 38.271143417841444, 276.5886670026862, 75.54373924249332, 40.01816857207108, 52.69266355068295, 30.763443352369855]]"
96,"[[(10, 38), (10, 40), (27, 35), (27, 43), (30, 31), (30, 46), (37, 8), (43, 22), (1, 49), (4, 15), (11, 4), (40, 9), (40, 34), (2, 39), (5, 21), (5, 31), (5, 46), (13, 12), (17, 13), (17, 20), (17, 28), (21, 14), (21, 44), (22, 37), (39, 5), (3, 29), (32, 37), (32, 48), (47, 3), (8, 49), (15, 11), (28, 17), (28, 27), (9, 49), (19, 7), (19, 30), (46, 34), (46, 41), (6, 29), (6, 45), (14, 43), (18, 12), (18, 35), (16, 22), (16, 39), (25, 2), (25, 29), (24, 32), (44, 29)]]","[[105.6312495079295, 60.72193723097027, 93.66518639584514, 24.155815313769633, 7.8881751008709955, 206.13509824660684, 143.9833697034237, 419.264469235796, 533.7785246015806, 17.992406934070175, 29.99683770177714, 83.30345429352563, 44.10870970111512, 432.6586312408061, 252.122074087507, 24.3953850459718, 388.32008361479257, 20.11203713411009, 58.491482182540764, 24.832536641692833, 221.39355559466645, 28.669306018607166, 504.31199587806867, 190.0078773009412, 192.81938934314266, 118.32742803167577, 42.9163423258491, 215.12434372223524, 718.4014078232648, 219.37664899631048, 43.317052939556845, 161.840825487615, 9.073371888208769, 126.48422313489066, 19.419048266552313, 4.118710564526287, 143.9063206345241, 39.43626637901308, 98.12016209069016, 471.6856877222504, 160.1744137659936, 14.298876861401776, 163.90310648368887, 100.9711880322753, 363.8589432334791, 78.43346676235753, 7.944513937385695, 29.175466149763558, 48.30875469365934]]"
97,"[[(10, 38), (10, 40), (27, 35), (27, 43), (30, 31), (30, 46), (37, 8), (43, 22), (1, 49), (4, 15), (11, 4), (40, 9), (40, 34), (2, 39), (5, 21), (5, 31), (5, 46), (13, 12), (17, 13), (17, 20), (17, 28), (21, 14), (21, 44), (22, 37), (39, 5), (3, 29), (32, 37), (32, 48), (47, 3), (8, 49), (15, 11), (28, 17), (28, 27), (9, 49), (19, 7), (19, 30), (46, 34), (46, 41), (6, 29), (6, 45), (14, 43), (18, 12), (18, 35), (16, 22), (16, 39), (25, 2), (25, 29), (24, 32), (44, 29)]]","[[113.51954215503235, 65.85244790818703, 21.14479508482564, 71.7768214339838, 1.3881583517542264, 241.38281395848983, 249.5496215499792, 407.34074097708293, 992.7920871475735, 20.89092993233178, 108.05731016151003, 84.8632241054051, 62.896672205915266, 366.3451092375779, 194.93536107939627, 18.045099972818683, 440.00792785549424, 17.423830557941315, 63.111445916302394, 19.6123363419182, 229.6617572509793, 28.235960735078933, 306.68611078312, 261.32984559880197, 194.5830257404937, 112.10345202001547, 41.14533483284143, 309.7667878354124, 679.3385757544092, 445.19843605962086, 94.24954997706753, 210.56706380266905, 9.099948072715076, 130.37421808832605, 14.837802251233214, 8.95827405714071, 366.4805669708738, 23.93068918888368, 93.63547519929027, 524.2877371344334, 221.0351984879492, 89.24856345543972, 253.89626265802326, 22.304780178587833, 274.18406300653965, 74.68011430732223, 64.49497762430336, 23.298987345903914, 14.014511080336542]]"
98,"[[(10, 38), (10, 40), (27, 35), (27, 43), (30, 31), (30, 46), (37, 8), (43, 22), (1, 49), (4, 15), (11, 4), (40, 9), (40, 34), (2, 39), (5, 21), (5, 31), (5, 46), (13, 12), (17, 13), (17, 20), (17, 28), (21, 14), (21, 44), (22, 37), (39, 5), (3, 29), (32, 37), (32, 48), (47, 3), (8, 49), (15, 11), (28, 17), (28, 27), (9, 49), (19, 7), (19, 30), (46, 34), (46, 41), (6, 29), (6, 45), (14, 43), (18, 12), (18, 35), (16, 22), (16, 39), (25, 2), (25, 29), (24, 32), (44, 29)]]","[[261.89266417876945, 60.68684913435837, 56.75859782488469, 47.81269215132612, 7.373496834876864, 270.62626542365336, 149.2798054731437, 368.77950855320904, 858.0686010173888, 18.957779470355316, 100.88996457784772, 84.74417530966487, 41.52982959728488, 414.87887105990694, 250.41684415291346, 19.359620333532305, 319.9669091515557, 21.122281109290455, 58.08729303585124, 27.669440452562977, 190.97026007396732, 23.8112704022004, 460.8072962654059, 139.94458651921403, 597.7388528761303, 170.53176836536122, 40.37892585390757, 261.9123605032064, 730.5393781286211, 616.0366639772907, 45.994110625506345, 252.86549090210866, 8.461842818855079, 21.525650856735588, 16.36826546565692, 9.611890413473228, 133.3470300930012, 16.006084268239817, 130.13919587736268, 518.8627477447078, 217.88567701319406, 32.37849638364901, 187.49316559241845, 66.14698704962973, 332.0221353655271, 70.95893395618809, 68.34721957452942, 69.92603958600415, 10.995966557914292]]"
99,"[[(10, 38), (10, 40), (27, 35), (27, 43), (30, 31), (30, 46), (37, 8), (43, 22), (1, 49), (4, 15), (11, 4), (40, 9), (40, 34), (2, 39), (5, 21), (5, 31), (5, 46), (13, 12), (17, 13), (17, 20), (17, 28), (21, 14), (21, 44), (22, 37), (39, 5), (3, 29), (32, 37), (32, 48), (47, 3), (8, 49), (15, 11), (28, 17), (28, 27), (9, 49), (19, 7), (19, 30), (46, 34), (46, 41), (6, 29), (6, 45), (14, 43), (18, 12), (18, 35), (16, 22), (16, 39), (25, 2), (25, 29), (24, 32), (44, 29)]]","[[161.50576558534783, 58.295274026343336, 56.57182546282003, 33.714063307080515, 5.432253641770421, 176.2935077461117, 203.12212687200724, 394.6059360086719, 472.22902933054985, 20.747332530936156, 78.8593617377239, 84.11675500212817, 61.01179060696433, 390.3043259611736, 86.1206863143928, 9.318078207180273, 484.0219856654881, 20.898160231083033, 60.5320704662563, 22.619143381768776, 196.65166772003488, 30.965907237322092, 325.7591408322726, 196.62136841831324, 541.4969471612814, 280.544485065094, 40.391681340695555, 360.45753142576643, 728.0571036691745, 548.9290873171924, 67.35733891836415, 231.99189886316702, 9.351795494207032, 193.93057487562484, 16.025952762914216, 25.201767261045447, 296.2042879189674, 19.493439005745294, 106.90116790348058, 183.9813620955759, 185.938679304542, 193.518214028515, 101.54318740618753, 85.48107669708811, 344.2741182610517, 62.16507954975135, 32.920635908803455, 71.36521988927916, 47.93078623906424]]"
