scene,edge,cost
0,"[[(0, 22), (0, 23), (0, 39), (11, 19), (20, 31), (20, 32), (22, 5), (10, 15), (24, 25), (2, 32), (6, 24), (17, 7), (17, 26), (17, 29), (3, 16), (16, 6), (19, 30), (26, 28), (37, 30), (4, 2), (21, 10), (7, 12), (8, 27), (27, 5), (31, 24), (31, 35), (31, 38), (14, 37), (33, 17), (33, 25), (33, 32)]]","[[172.234817451431, 38.20050101414608, 808.5367030397225, 36.50552203646, 15.33460421899242, 134.07244371332933, 224.09273418555463, 2.5749502972075407, 20.823148587340473, 366.25197303062373, 49.64208699882771, 41.62087706083877, 2.6442481665404878, 127.06804287563892, 28.143091248654493, 35.650526762826274, 48.26180170631536, 7.439058173662559, 4.537936058809519, 23.771672670729462, 53.397810176476504, 76.34714806203972, 173.13898137847417, 277.5488844826536, 70.80226890197721, 57.2218690711797, 77.7979292683769, 161.71953401330907, 9.991504629191626, 80.28311499579345, 6.33409424401946]]"
1,"[[(0, 22), (0, 23), (0, 39), (11, 19), (20, 31), (20, 32), (22, 5), (10, 15), (24, 25), (2, 32), (6, 24), (17, 7), (17, 26), (17, 29), (3, 16), (16, 6), (19, 30), (26, 28), (37, 30), (4, 2), (21, 10), (7, 12), (8, 27), (27, 5), (31, 24), (31, 35), (31, 38), (14, 37), (33, 17), (33, 25), (33, 32)]]","[[309.29024272909487, 32.28131196117192, 395.6964726112869, 125.24096377480689, 44.734806816959235, 135.9634418685776, 195.73449908531603, 1.0423123263473948, 9.581891359040956, 286.8286551567639, 48.4591761931947, 52.67400656337526, 2.0700000104924463, 105.58251106439684, 69.58355870711996, 81.40773811061493, 51.22981460053518, 17.805487201380792, 3.273418643129526, 23.297503283361866, 66.19401428023923, 24.576627719352338, 378.94086598628104, 170.28434472010946, 71.89541487239048, 60.510263140212146, 141.05356727737933, 52.206012894257015, 11.481309150872463, 91.07953914492143, 3.4571254327742453]]"
2,"[[(0, 22), (0, 23), (0, 39), (11, 19), (20, 31), (20, 32), (22, 5), (10, 15), (24, 25), (2, 32), (6, 24), (17, 7), (17, 26), (17, 29), (3, 16), (16, 6), (19, 30), (26, 28), (37, 30), (4, 2), (21, 10), (7, 12), (8, 27), (27, 5), (31, 24), (31, 35), (31, 38), (14, 37), (33, 17), (33, 25), (33, 32)]]","[[197.54733798235787, 91.61516605690417, 1161.5040954858723, 75.27908416754693, 21.013949752530273, 141.18421003607438, 219.01894891501368, 3.065065266795115, 11.729863227852206, 321.77692860828415, 49.72861811259433, 51.37480300815236, 2.6845525905277734, 91.93514596065734, 44.35627504119033, 108.69827023982623, 47.01092805863615, 7.4517753526883945, 3.714872900850623, 23.56127165270362, 25.94623628383309, 48.25147254355993, 396.2845878486838, 274.19164266977225, 76.68600938763684, 86.17348518523409, 78.24283686499282, 87.20638928746715, 13.02967434535853, 85.18110930237337, 4.95015243284485]]"
3,"[[(0, 22), (0, 23), (0, 39), (11, 19), (20, 31), (20, 32), (22, 5), (10, 15), (24, 25), (2, 32), (6, 24), (17, 7), (17, 26), (17, 29), (3, 16), (16, 6), (19, 30), (26, 28), (37, 30), (4, 2), (21, 10), (7, 12), (8, 27), (27, 5), (31, 24), (31, 35), (31, 38), (14, 37), (33, 17), (33, 25), (33, 32)]]","[[199.74914968306152, 45.957798848116, 615.7670020263056, 140.35369101785628, 40.49668392305343, 138.87046006389588, 186.54942074196916, 4.493315400800528, 18.05254360094863, 274.0474253086499, 54.16037401526457, 44.08330333556745, 3.385629107485316, 111.3474387129946, 37.99361028603869, 53.22845060966008, 53.652790058858336, 18.177952812638704, 4.73644809782344, 23.633667001210707, 14.567482887690053, 21.779234621006893, 281.0723326326963, 220.46603333145347, 69.85598704954073, 54.480454422292475, 181.55616519004397, 252.71097565583128, 13.193205047959694, 94.01653634894676, 1.4408266278802984]]"
4,"[[(0, 22), (0, 23), (0, 39), (11, 19), (20, 31), (20, 32), (22, 5), (10, 15), (24, 25), (2, 32), (6, 24), (17, 7), (17, 26), (17, 29), (3, 16), (16, 6), (19, 30), (26, 28), (37, 30), (4, 2), (21, 10), (7, 12), (8, 27), (27, 5), (31, 24), (31, 35), (31, 38), (14, 37), (33, 17), (33, 25), (33, 32)]]","[[365.5721786663741, 51.72977133119902, 207.05048548576602, 106.05219284310249, 24.240375302475485, 142.23095568004862, 210.59144504979153, 1.4592755351487305, 0.8952045906254875, 352.4361172346475, 50.628565202170364, 38.870033800217776, 1.2599574976381738, 92.86168082250643, 36.288924917680575, 51.39616196347356, 41.31287386181683, 18.587204627498213, 4.293415220906969, 24.144467869758664, 32.640375942911724, 65.45256122841069, 119.75670486391839, 271.88977755493295, 79.78290880579587, 87.52595291423283, 87.80269612440708, 576.3024943629624, 15.648899114613847, 80.65942944056444, 8.791930598365786]]"
5,"[[(0, 22), (0, 23), (0, 39), (11, 19), (20, 31), (20, 32), (22, 5), (10, 15), (24, 25), (2, 32), (6, 24), (17, 7), (17, 26), (17, 29), (3, 16), (16, 6), (19, 30), (26, 28), (37, 30), (4, 2), (21, 10), (7, 12), (8, 27), (27, 5), (31, 24), (31, 35), (31, 38), (14, 37), (33, 17), (33, 25), (33, 32)]]","[[240.93037820382537, 70.10224423290755, 263.46627084290117, 102.31142959433264, 38.67211856963179, 136.85071761804713, 204.06554857185643, 4.723806811954113, 23.124807673164227, 400.36947548069054, 48.088160702168786, 37.16495035230107, 3.2695581747642786, 94.60932705127362, 27.42260610933723, 76.17502746770782, 59.72051532040991, 9.542436849049398, 4.619614252596289, 24.604742252736646, 24.141977184218376, 69.34110193582549, 128.82456485844727, 205.92288798523276, 80.21637610129052, 85.82085457852854, 147.663493717314, 272.9459569159743, 8.673604790634304, 82.24345976129528, 6.143030639280091]]"
6,"[[(0, 22), (0, 23), (0, 39), (11, 19), (20, 31), (20, 32), (22, 5), (10, 15), (24, 25), (2, 32), (6, 24), (17, 7), (17, 26), (17, 29), (3, 16), (16, 6), (19, 30), (26, 28), (37, 30), (4, 2), (21, 10), (7, 12), (8, 27), (27, 5), (31, 24), (31, 35), (31, 38), (14, 37), (33, 17), (33, 25), (33, 32)]]","[[211.15466953884174, 48.640309070549705, 1123.9455322484298, 117.56962566178463, 42.6962811434353, 142.6997012803335, 178.78038069791492, 3.5538669892548507, 12.024400094609806, 358.5981299957647, 55.704527389293936, 52.1941363891376, 3.9132489633621335, 64.1405478902305, 41.79464808594889, 34.41232782492035, 45.05600756392369, 16.777422007707266, 3.3510755531767886, 23.28315700229599, 89.2513401639865, 49.1728327148272, 81.65379752023878, 173.0782916021535, 79.77527341723196, 90.82277537230121, 48.71506498751745, 195.67042021258635, 10.912406101934806, 94.48821066696264, 1.2285655884261608]]"
7,"[[(0, 22), (0, 23), (0, 39), (11, 19), (20, 31), (20, 32), (22, 5), (10, 15), (24, 25), (2, 32), (6, 24), (17, 7), (17, 26), (17, 29), (3, 16), (16, 6), (19, 30), (26, 28), (37, 30), (4, 2), (21, 10), (7, 12), (8, 27), (27, 5), (31, 24), (31, 35), (31, 38), (14, 37), (33, 17), (33, 25), (33, 32)]]","[[286.0219710151151, 95.03226031038916, 1167.3275256849033, 94.7034487392269, 33.74911473522533, 141.7154420965894, 192.4266015267907, 4.087010992269279, 5.915172021806459, 319.36767502375403, 55.14160461720738, 53.847563902145254, 1.7260624435908722, 151.34155096570845, 31.12961448312451, 79.52886739940283, 62.35170911823333, 19.671114886044084, 3.350540920845023, 24.12513715195786, 80.1821461053367, 57.32253585678833, 231.13679015653642, 190.73634958855376, 59.63852485768797, 92.77225314349845, 101.36390387761429, 223.14999620255492, 12.625354765937233, 89.88914492698748, 6.997602466714705]]"
8,"[[(0, 22), (0, 23), (0, 39), (11, 19), (20, 31), (20, 32), (22, 5), (10, 15), (24, 25), (2, 32), (6, 24), (17, 7), (17, 26), (17, 29), (3, 16), (16, 6), (19, 30), (26, 28), (37, 30), (4, 2), (21, 10), (7, 12), (8, 27), (27, 5), (31, 24), (31, 35), (31, 38), (14, 37), (33, 17), (33, 25), (33, 32)]]","[[153.16629939298338, 50.092130806181416, 784.2892442892709, 138.17468350722143, 14.197584953520478, 142.02468237655324, 184.49032735067837, 1.4340667798715692, 9.911454084821477, 375.2877051959631, 53.358040878473766, 43.29808199681936, 2.2302847138823427, 137.8960221001007, 41.30170358947719, 36.371654904978314, 49.686072526028916, 12.520059287897801, 3.1011348819443674, 23.038614234960654, 29.01044683522814, 40.51847936084293, 225.84372100181108, 391.8565503051082, 79.58029105170364, 62.1103883653498, 170.41978857791247, 435.06430585632995, 8.492748711096354, 81.45902588404847, 5.030884696257573]]"
9,"[[(0, 22), (0, 23), (0, 39), (11, 19), (20, 31), (20, 32), (22, 5), (10, 15), (24, 25), (2, 32), (6, 24), (17, 7), (17, 26), (17, 29), (3, 16), (16, 6), (19, 30), (26, 28), (37, 30), (4, 2), (21, 10), (7, 12), (8, 27), (27, 5), (31, 24), (31, 35), (31, 38), (14, 37), (33, 17), (33, 25), (33, 32)]]","[[234.1525691051321, 104.20455594698281, 1126.881687711635, 150.00323679846335, 34.298150600795324, 142.3656161858088, 223.25537036777416, 3.158248325968527, 8.784933708679375, 407.6093038046097, 53.05684669550311, 39.221439333750794, 4.638316017959404, 114.35143588807067, 69.5253024351515, 17.43534705771762, 70.4862649962894, 5.190074914493859, 3.9681777269432406, 24.235591392238824, 39.271822271060074, 33.37562648045476, 69.58875911874924, 274.49625659391864, 60.33240002907432, 49.24724690529562, 97.57513991433495, 93.09139545877368, 12.569260998147326, 81.15801034798136, 1.6797269210277568]]"
10,"[[(0, 22), (0, 23), (0, 39), (11, 19), (20, 31), (20, 32), (22, 5), (10, 15), (24, 25), (2, 32), (6, 24), (17, 7), (17, 26), (17, 29), (3, 16), (16, 6), (19, 30), (26, 28), (37, 30), (4, 2), (21, 10), (7, 12), (8, 27), (27, 5), (31, 24), (31, 35), (31, 38), (14, 37), (33, 17), (33, 25), (33, 32)]]","[[352.5775103180674, 47.53383643040167, 929.2162748499512, 39.318849448101446, 11.444122564444454, 141.9632217710971, 194.06077387926885, 1.3960294569779745, 11.437537723006802, 405.1328395877217, 51.89454566485131, 48.76401711083218, 2.6298906235855415, 56.150173733273746, 75.21073605732526, 96.14532060868639, 37.3700338724984, 2.0759352236195787, 3.866745669450837, 23.99223190598276, 12.367881110474775, 16.4757494811414, 92.69078326845752, 213.14634323684874, 59.76383337802712, 54.29413283806386, 121.89907001099826, 123.55513333425225, 15.394651107827066, 75.56923670956981, 7.055504913852598]]"
11,"[[(0, 22), (0, 23), (0, 39), (11, 19), (20, 31), (20, 32), (22, 5), (10, 15), (24, 25), (2, 32), (6, 24), (17, 7), (17, 26), (17, 29), (3, 16), (16, 6), (19, 30), (26, 28), (37, 30), (4, 2), (21, 10), (7, 12), (8, 27), (27, 5), (31, 24), (31, 35), (31, 38), (14, 37), (33, 17), (33, 25), (33, 32)]]","[[207.56754922733995, 55.27633213742865, 1169.4051728357333, 148.19225347406422, 13.426357897392473, 132.00783265225658, 185.6856969373467, 1.8668037098182642, 13.59935329206387, 309.39187144585986, 49.18180070901669, 51.33262843905291, 3.7937573239695013, 129.6311376078712, 57.27887039606568, 34.86995794798869, 53.095685069684194, 5.30540096774522, 4.477716329347726, 23.00587604610903, 74.62870483736734, 18.27210132271216, 390.65038604810377, 216.3015172125824, 61.377302709296494, 52.017110756551595, 90.23290928356785, 230.5777860059951, 11.719765217004168, 75.5663297485737, 2.6146764564340383]]"
12,"[[(0, 22), (0, 23), (0, 39), (11, 19), (20, 31), (20, 32), (22, 5), (10, 15), (24, 25), (2, 32), (6, 24), (17, 7), (17, 26), (17, 29), (3, 16), (16, 6), (19, 30), (26, 28), (37, 30), (4, 2), (21, 10), (7, 12), (8, 27), (27, 5), (31, 24), (31, 35), (31, 38), (14, 37), (33, 17), (33, 25), (33, 32)]]","[[307.9150702403189, 57.458810322623094, 462.9599450508886, 146.70178149306759, 31.404321748855246, 135.1503669390233, 185.1234761994507, 3.1311700893476146, 3.0821444023804054, 266.27542196688444, 50.65032330933792, 46.31485047654574, 2.1015649509579877, 91.24062421659073, 35.017380149626874, 52.29734811677748, 53.75690076375452, 12.289049912944659, 4.782055387411214, 24.803213840817474, 41.22876395706664, 46.89568877851435, 93.35601740301318, 364.19589013606833, 74.57116771207596, 43.2194174902221, 87.82978006071053, 355.31180586512403, 10.27164524437882, 82.08539485245775, 1.2840090639121309]]"
13,"[[(0, 22), (0, 23), (0, 39), (11, 19), (20, 31), (20, 32), (22, 5), (10, 15), (24, 25), (2, 32), (6, 24), (17, 7), (17, 26), (17, 29), (3, 16), (16, 6), (19, 30), (26, 28), (37, 30), (4, 2), (21, 10), (7, 12), (8, 27), (27, 5), (31, 24), (31, 35), (31, 38), (14, 37), (33, 17), (33, 25), (33, 32)]]","[[188.8496269278427, 21.39707120082246, 178.28298794668856, 43.657738903648536, 29.389267277267106, 133.26505047489243, 184.11038107722942, 4.244429040895964, 11.59292247201633, 275.4619980369841, 54.32037330140038, 51.80743724135716, 3.5434523895041368, 142.62381030521604, 46.705971346421826, 47.985100411148444, 37.02526908920677, 11.582721013572066, 4.14557516736609, 24.36036485187267, 71.91436748302522, 73.81906818367136, 119.92329305040694, 238.28998350877922, 75.19392807272655, 66.0813798609129, 61.54886420205, 417.2068608998827, 15.284596527884242, 86.39464427849862, 7.737918034905809]]"
14,"[[(0, 22), (0, 23), (0, 39), (11, 19), (20, 31), (20, 32), (22, 5), (10, 15), (24, 25), (2, 32), (6, 24), (17, 7), (17, 26), (17, 29), (3, 16), (16, 6), (19, 30), (26, 28), (37, 30), (4, 2), (21, 10), (7, 12), (8, 27), (27, 5), (31, 24), (31, 35), (31, 38), (14, 37), (33, 17), (33, 25), (33, 32)]]","[[283.99995381374424, 32.89352628632802, 230.99617524813334, 121.28935579838156, 21.876156300931903, 140.16076847886097, 218.758870871588, 4.009559808167424, 11.844038722812485, 358.25496819557753, 48.51474286024393, 38.30037868929911, 1.4765279460857466, 136.933108630992, 68.6923492980833, 52.00694481671697, 60.87828840201121, 5.794272118987031, 3.729493591337799, 24.212262111651096, 13.245777092527357, 21.530647863012952, 205.1902278648983, 300.4252003564293, 64.61811091917356, 43.12876807199629, 107.88815827761539, 411.07035478104154, 15.336160430220986, 76.18817698622297, 1.4843151243917854]]"
15,"[[(0, 22), (0, 23), (0, 39), (11, 19), (20, 31), (20, 32), (22, 5), (10, 15), (24, 25), (2, 32), (6, 24), (17, 7), (17, 26), (17, 29), (3, 16), (16, 6), (19, 30), (26, 28), (37, 30), (4, 2), (21, 10), (7, 12), (8, 27), (27, 5), (31, 24), (31, 35), (31, 38), (14, 37), (33, 17), (33, 25), (33, 32)]]","[[228.65247514524282, 28.48291492900215, 891.4549418357107, 163.93932794275295, 21.244810111020325, 136.36730465343672, 210.0880630224923, 3.442680508800853, 15.270037922570065, 398.4438236609457, 52.281661303525375, 52.42494640188678, 1.289259944626974, 134.62469712977298, 31.905002857029377, 125.95260851602491, 45.17306364111672, 13.425865711703075, 3.819355912739142, 23.167636888888218, 86.16810762621145, 54.209544870897176, 282.2620163387917, 169.05642538005645, 66.17665181231219, 103.29461450629157, 90.87884528551534, 535.8714042492179, 15.676477369514336, 90.84703758828715, 1.7727772027281565]]"
16,"[[(0, 22), (0, 23), (0, 39), (11, 19), (20, 31), (20, 32), (22, 5), (10, 15), (24, 25), (2, 32), (6, 24), (17, 7), (17, 26), (17, 29), (3, 16), (16, 6), (19, 30), (26, 28), (37, 30), (4, 2), (21, 10), (7, 12), (8, 27), (27, 5), (31, 24), (31, 35), (31, 38), (14, 37), (33, 17), (33, 25), (33, 32)]]","[[155.54421250440643, 50.3470716551565, 62.38797456841668, 104.58744846768579, 5.921128980961665, 136.68075194527927, 192.0727680062892, 3.8358162647220575, 14.99084270993448, 367.3673817663271, 48.85867832408271, 42.550577773285035, 1.2717146502914183, 125.64308955881977, 45.83061134966629, 19.77620115542181, 53.37889232753099, 10.645294006292678, 3.1309884116409172, 24.484554573608236, 85.87234712584596, 51.405229097818705, 404.185627199394, 216.14667709314477, 60.87074800716025, 81.6892410930163, 50.54968609036056, 517.7606366698369, 13.496896333934178, 92.96908923525756, 3.235482064419463]]"
17,"[[(0, 22), (0, 23), (0, 39), (11, 19), (20, 31), (20, 32), (22, 5), (10, 15), (24, 25), (2, 32), (6, 24), (17, 7), (17, 26), (17, 29), (3, 16), (16, 6), (19, 30), (26, 28), (37, 30), (4, 2), (21, 10), (7, 12), (8, 27), (27, 5), (31, 24), (31, 35), (31, 38), (14, 37), (33, 17), (33, 25), (33, 32)]]","[[216.09193853151396, 24.85667770372824, 1088.4059168902486, 117.09772648671688, 48.06455778469057, 137.73938518227013, 179.8175022420173, 1.057085574691616, 17.462098147294906, 379.8708050557326, 49.35812714248805, 39.810962476850776, 3.832168864386264, 151.395149131772, 39.6611759924179, 108.56822917108303, 46.20461980496382, 15.060544035692946, 4.358367641867328, 24.107047506399894, 39.680334854309436, 50.85423888841026, 215.85876420830715, 354.45687324013863, 65.36666197690077, 88.70894542986463, 158.06574711847784, 288.16228962986617, 8.48347754101021, 86.6212256371255, 3.1035999479746383]]"
18,"[[(0, 22), (0, 23), (0, 39), (11, 19), (20, 31), (20, 32), (22, 5), (10, 15), (24, 25), (2, 32), (6, 24), (17, 7), (17, 26), (17, 29), (3, 16), (16, 6), (19, 30), (26, 28), (37, 30), (4, 2), (21, 10), (7, 12), (8, 27), (27, 5), (31, 24), (31, 35), (31, 38), (14, 37), (33, 17), (33, 25), (33, 32)]]","[[307.3235177585208, 115.03383573914562, 376.12458144027903, 61.46196130117133, 18.12521402845295, 140.65326719386377, 178.63475653193686, 4.171184459620946, 12.798171367460206, 340.4121323035593, 51.493019723645155, 53.90507175594477, 4.289307298971753, 110.27584835565827, 59.65774589732577, 91.26964293303357, 56.44256995292534, 14.492375044288059, 3.4873880076370805, 23.431771413584617, 53.19171212459535, 74.15333717067189, 204.00142321259736, 381.25394091006535, 78.23077184769268, 85.89415367747235, 98.3277947815029, 347.2905435401869, 13.55413771722734, 85.10291591247093, 1.5690883400969646]]"
19,"[[(0, 22), (0, 23), (0, 39), (11, 19), (20, 31), (20, 32), (22, 5), (10, 15), (24, 25), (2, 32), (6, 24), (17, 7), (17, 26), (17, 29), (3, 16), (16, 6), (19, 30), (26, 28), (37, 30), (4, 2), (21, 10), (7, 12), (8, 27), (27, 5), (31, 24), (31, 35), (31, 38), (14, 37), (33, 17), (33, 25), (33, 32)]]","[[310.8115332022353, 43.1190192158976, 356.37973528904746, 111.66781421058775, 12.70555232178388, 142.7195076651034, 231.1783332408255, 3.0981693742623806, 21.136237546993637, 336.2705209998375, 51.612884533536025, 39.33990964046379, 1.4467550002565814, 114.36266545900466, 66.04901796302877, 104.71316590044755, 69.15129217543884, 16.051820358139587, 3.008102223477988, 24.72537577246025, 65.22690346263599, 49.88379378994783, 84.35292249806113, 177.7547278392733, 75.97491146518428, 49.56570481211551, 99.36221800829252, 153.4797967897204, 13.12911213975155, 90.59752682558086, 4.456359931909536]]"
20,"[[(0, 22), (0, 23), (0, 39), (11, 19), (20, 31), (20, 32), (22, 5), (10, 15), (24, 25), (2, 32), (6, 24), (17, 7), (17, 26), (17, 29), (3, 16), (16, 6), (19, 30), (26, 28), (37, 30), (4, 2), (21, 10), (7, 12), (8, 27), (27, 5), (31, 24), (31, 35), (31, 38), (14, 37), (33, 17), (33, 25), (33, 32)]]","[[363.91757940090275, 39.6203637104032, 143.63948953986733, 73.23780410229918, 26.209791054985004, 143.61384957778952, 227.28348350670655, 4.347758940835112, 5.840238825460631, 334.71595421354533, 53.27232534930371, 38.25904914994127, 1.1026531201611354, 70.14975957872417, 31.37194532270125, 58.42244775125222, 62.76100332708068, 15.160689744984767, 4.153243508767168, 23.283924190347225, 13.327221077414679, 29.049453953423455, 302.4773281836781, 190.40730994888958, 61.6177209075917, 90.23132961455264, 166.22855127324016, 271.34139927909337, 15.287220935849152, 87.30979836805632, 5.328571109362805]]"
21,"[[(0, 22), (0, 23), (0, 39), (11, 19), (20, 31), (20, 32), (22, 5), (10, 15), (24, 25), (2, 32), (6, 24), (17, 7), (17, 26), (17, 29), (3, 16), (16, 6), (19, 30), (26, 28), (37, 30), (4, 2), (21, 10), (7, 12), (8, 27), (27, 5), (31, 24), (31, 35), (31, 38), (14, 37), (33, 17), (33, 25), (33, 32)]]","[[197.63948616220344, 80.95309861465725, 994.4454289606506, 77.52819505228105, 9.727272133516363, 142.90945321198691, 212.95429506346682, 1.824424709690108, 4.703549926069215, 293.24536708193676, 49.99995473395889, 47.51817101629755, 1.304047090070405, 140.35917257954088, 46.23992073855627, 112.8094291518427, 69.48861368965294, 3.489164933159195, 4.433768660941883, 23.16116087255856, 15.946707598183409, 33.69247068697289, 259.38277789773576, 154.83509136586508, 65.85999113263588, 98.00461593157522, 183.31776928828174, 491.4187210470071, 10.220432167061826, 83.32272663051921, 6.847058420775379]]"
22,"[[(0, 22), (0, 23), (0, 39), (11, 19), (20, 31), (20, 32), (22, 5), (10, 15), (24, 25), (2, 32), (6, 24), (17, 7), (17, 26), (17, 29), (3, 16), (16, 6), (19, 30), (26, 28), (37, 30), (4, 2), (21, 10), (7, 12), (8, 27), (27, 5), (31, 24), (31, 35), (31, 38), (14, 37), (33, 17), (33, 25), (33, 32)]]","[[124.81409698365067, 74.84483461568655, 525.2969176800191, 94.68543077801615, 45.196941352362266, 138.0081100166297, 184.0105887297197, 2.924537957845134, 19.94049799137086, 351.8380305082187, 52.713495785770625, 40.21214205030097, 1.0526327132367053, 157.23968691266776, 64.73218093782157, 33.92394946619572, 55.723269377752125, 17.347075309421058, 3.4066828322191336, 23.158213885104367, 42.34139460850211, 50.86636190805372, 399.92645787144744, 293.16919006064006, 62.42535350206416, 58.913248988608444, 177.21583560125612, 419.52756856284077, 15.134338014536928, 79.98260208965026, 7.679566523766925]]"
23,"[[(0, 22), (0, 23), (0, 39), (11, 19), (20, 31), (20, 32), (22, 5), (10, 15), (24, 25), (2, 32), (6, 24), (17, 7), (17, 26), (17, 29), (3, 16), (16, 6), (19, 30), (26, 28), (37, 30), (4, 2), (21, 10), (7, 12), (8, 27), (27, 5), (31, 24), (31, 35), (31, 38), (14, 37), (33, 17), (33, 25), (33, 32)]]","[[375.8690031475084, 32.511945098090436, 793.1493235736023, 68.0787427428549, 27.82301144448581, 137.65740116034857, 188.48295959468592, 3.2301629892914896, 21.737972258549085, 333.3323403365193, 51.16799212991556, 42.73016987873787, 3.4955041444299546, 51.839480722066895, 52.82961972700732, 56.0019996439007, 69.69371698135782, 5.872958703708391, 4.9466498015562195, 24.230859337857108, 56.97668717816088, 90.01890184547747, 170.08623277241625, 303.6094964866752, 72.04890463928403, 44.95878158488793, 22.115748493249654, 408.5357734114485, 11.419466302184777, 92.59837651116865, 8.575987141732421]]"
24,"[[(0, 22), (0, 23), (0, 39), (11, 19), (20, 31), (20, 32), (22, 5), (10, 15), (24, 25), (2, 32), (6, 24), (17, 7), (17, 26), (17, 29), (3, 16), (16, 6), (19, 30), (26, 28), (37, 30), (4, 2), (21, 10), (7, 12), (8, 27), (27, 5), (31, 24), (31, 35), (31, 38), (14, 37), (33, 17), (33, 25), (33, 32)]]","[[257.9068120916917, 61.5115696936783, 574.1967630692126, 59.76946165979942, 32.50364725463841, 143.8691549717624, 220.13763817579098, 3.2309171030363517, 15.183903230638881, 263.21366179183144, 51.117726662541585, 42.01587786405641, 2.6667382326983935, 60.85469452768521, 72.80854849367829, 46.65356544306013, 68.15153192330807, 9.482397684435785, 3.144117531237839, 23.71740113845273, 59.49042460565213, 21.831878661109464, 338.4042595854235, 251.58425814488467, 60.2760020475706, 91.51004995687609, 56.21616865775383, 100.6980339711186, 13.405349201797875, 90.56433838664292, 4.034468535478571]]"
25,"[[(0, 22), (0, 23), (0, 39), (11, 19), (20, 31), (20, 32), (22, 5), (10, 15), (24, 25), (2, 32), (6, 24), (17, 7), (17, 26), (17, 29), (3, 16), (16, 6), (19, 30), (26, 28), (37, 30), (4, 2), (21, 10), (7, 12), (8, 27), (27, 5), (31, 24), (31, 35), (31, 38), (14, 37), (33, 17), (33, 25), (33, 32)]]","[[114.63268756589213, 62.1992125255932, 733.2241289748102, 92.95284116464765, 6.726000932662327, 133.91678763293348, 213.86743423839653, 1.51330039788916, 0.002415154994882096, 373.8899709124647, 50.859526093651986, 48.20973977980721, 3.7804763695805716, 65.46968667251892, 79.70465739399685, 95.1565556774663, 38.35532575703452, 14.13813725654027, 3.6843963116159015, 24.410711548272143, 32.793313044113724, 81.53672036452774, 148.99847331234594, 241.77753392013062, 72.22944083652331, 95.49681871549762, 104.76690921400377, 423.03114171101464, 8.20358326195144, 89.25196813326829, 7.390634265444466]]"
26,"[[(0, 22), (0, 23), (0, 39), (11, 19), (20, 31), (20, 32), (22, 5), (10, 15), (24, 25), (2, 32), (6, 24), (17, 7), (17, 26), (17, 29), (3, 16), (16, 6), (19, 30), (26, 28), (37, 30), (4, 2), (21, 10), (7, 12), (8, 27), (27, 5), (31, 24), (31, 35), (31, 38), (14, 37), (33, 17), (33, 25), (33, 32)]]","[[218.52361533203998, 32.57642267233281, 490.41642860454346, 82.11052720115113, 39.17493103655268, 136.46905365797042, 191.72841641507472, 2.3836056227224276, 20.292875235380233, 410.42795008815995, 48.879196310386845, 49.90199760375195, 2.009501230741507, 54.55632014823571, 61.68815540367276, 97.36804947229155, 66.40543639175526, 10.174740698328506, 4.339738329578286, 23.471206771446713, 90.28755051582976, 31.610084320981162, 287.7123758190182, 297.1330372047291, 81.79243669697006, 76.64466356896205, 39.15071630535304, 586.3157833541967, 8.877175914638833, 90.15729991557083, 4.76430176566178]]"
27,"[[(0, 22), (0, 23), (0, 39), (11, 19), (20, 31), (20, 32), (22, 5), (10, 15), (24, 25), (2, 32), (6, 24), (17, 7), (17, 26), (17, 29), (3, 16), (16, 6), (19, 30), (26, 28), (37, 30), (4, 2), (21, 10), (7, 12), (8, 27), (27, 5), (31, 24), (31, 35), (31, 38), (14, 37), (33, 17), (33, 25), (33, 32)]]","[[375.1329183902391, 96.66034543743936, 42.71280399092686, 137.69244924073982, 32.88859514161339, 142.82479631900367, 222.33998318702967, 3.284022072511316, 4.464287363045872, 278.7219350473341, 50.61599488303797, 38.76580700982503, 4.420950674330597, 87.353296948911, 69.43804526193628, 67.23609107660303, 37.97242584072027, 15.843784773073798, 4.163509681902687, 23.805117885495772, 19.80209556039084, 56.51824683717891, 303.3518391003737, 144.949319225384, 73.38565545171758, 92.95097492238776, 83.64536556480398, 235.48909361699, 9.75493345955357, 78.58872898621695, 2.98624651918624]]"
28,"[[(0, 22), (0, 23), (0, 39), (11, 19), (20, 31), (20, 32), (22, 5), (10, 15), (24, 25), (2, 32), (6, 24), (17, 7), (17, 26), (17, 29), (3, 16), (16, 6), (19, 30), (26, 28), (37, 30), (4, 2), (21, 10), (7, 12), (8, 27), (27, 5), (31, 24), (31, 35), (31, 38), (14, 37), (33, 17), (33, 25), (33, 32)]]","[[212.33015254520342, 35.98915313440075, 346.6203232008864, 115.08653934486415, 5.518510143686431, 131.81394295675273, 176.3863611865545, 4.197540647556085, 23.802379551400072, 410.5221396444439, 51.79462444709107, 49.65646985985137, 1.8898564533803115, 155.41119721557573, 34.125536889623675, 83.46068396084978, 52.77694917363072, 2.897320065308058, 4.4332018440120695, 24.45835857841405, 40.2777298356952, 79.03334914804392, 411.1188915021838, 340.15603369658277, 64.79439712131926, 39.976982180347775, 147.94533235534306, 622.6889057731344, 8.49365720572623, 94.1734840931448, 2.4455359579194615]]"
29,"[[(0, 22), (0, 23), (0, 39), (11, 19), (20, 31), (20, 32), (22, 5), (10, 15), (24, 25), (2, 32), (6, 24), (17, 7), (17, 26), (17, 29), (3, 16), (16, 6), (19, 30), (26, 28), (37, 30), (4, 2), (21, 10), (7, 12), (8, 27), (27, 5), (31, 24), (31, 35), (31, 38), (14, 37), (33, 17), (33, 25), (33, 32)]]","[[124.51939383994518, 63.44140041048327, 133.90333555988346, 112.24542765685952, 27.09764335085546, 137.39585410849315, 190.78548859595057, 2.511633203667049, 6.930063366865685, 347.51038819470364, 51.84554516480139, 49.66060317796569, 2.5784676255573116, 72.15983593639868, 44.168831226935794, 21.411278152369068, 65.2395825471078, 17.39534411953535, 4.334739929236829, 24.269638252943974, 12.576236369427802, 45.92520568196319, 155.62468613866872, 234.67395210113565, 79.47945830862761, 48.21086920727433, 54.950183067679, 482.7842670923446, 10.918913753524496, 83.32120327857969, 1.4502485090368538]]"
30,"[[(0, 22), (0, 23), (0, 39), (11, 19), (20, 31), (20, 32), (22, 5), (10, 15), (24, 25), (2, 32), (6, 24), (17, 7), (17, 26), (17, 29), (3, 16), (16, 6), (19, 30), (26, 28), (37, 30), (4, 2), (21, 10), (7, 12), (8, 27), (27, 5), (31, 24), (31, 35), (31, 38), (14, 37), (33, 17), (33, 25), (33, 32)]]","[[340.7115062683715, 107.48854510063286, 612.0530089361871, 110.07458056322791, 45.54180407689671, 134.81022337004504, 200.1029453388757, 1.5939354238325563, 14.707836245805401, 307.1314605057693, 48.78610435864111, 40.766911486420895, 1.7806362173240844, 127.52463974302279, 53.38125579844923, 59.41561082912919, 69.5074583436925, 3.386340921514564, 3.3092003265318413, 24.947632635370013, 35.54476179850217, 24.41185465484562, 336.4133437846329, 364.5557842326924, 76.09463534411084, 84.06047506914604, 69.0062188682956, 454.15406512574003, 15.836178443701298, 87.13804666976749, 3.9982081663377427]]"
31,"[[(0, 22), (0, 23), (0, 39), (11, 19), (20, 31), (20, 32), (22, 5), (10, 15), (24, 25), (2, 32), (6, 24), (17, 7), (17, 26), (17, 29), (3, 16), (16, 6), (19, 30), (26, 28), (37, 30), (4, 2), (21, 10), (7, 12), (8, 27), (27, 5), (31, 24), (31, 35), (31, 38), (14, 37), (33, 17), (33, 25), (33, 32)]]","[[260.45720425373764, 84.69431647538937, 1167.6442628107156, 116.55573183724218, 41.609423262052104, 142.01635218690444, 189.7812514457266, 4.615024629905607, 25.319255300497492, 286.47067692675193, 48.256542542271404, 39.87535852494643, 1.7006016462008446, 69.92071669598906, 30.501672882007973, 106.98907896849732, 66.15974197226222, 8.255159966015876, 4.44121612011448, 24.46296143014797, 71.55593792080994, 19.274810248574695, 403.84683066677877, 273.86088041786024, 59.16642397598018, 50.45612814518914, 91.55477623664198, 359.806814002058, 10.673661404891034, 84.70287950220539, 1.0835030411383757]]"
32,"[[(0, 22), (0, 23), (0, 39), (11, 19), (20, 31), (20, 32), (22, 5), (10, 15), (24, 25), (2, 32), (6, 24), (17, 7), (17, 26), (17, 29), (3, 16), (16, 6), (19, 30), (26, 28), (37, 30), (4, 2), (21, 10), (7, 12), (8, 27), (27, 5), (31, 24), (31, 35), (31, 38), (14, 37), (33, 17), (33, 25), (33, 32)]]","[[186.5026352602968, 79.07068022181949, 1146.824736292765, 39.27622094561063, 25.910763397220805, 134.44988410090832, 212.67138272495004, 3.604916318843582, 1.1963581738969968, 263.24550219731077, 51.743178707449864, 38.88580075632629, 3.9810569854999556, 146.24783730196964, 72.52207609517663, 39.3961929331748, 55.03833891540308, 2.881370983766171, 3.0620801731706715, 24.409019272305517, 79.96738912149566, 72.56235499361097, 414.2043757671852, 152.5035702279725, 60.68638832340162, 37.126679071209274, 28.989296003424105, 232.90162867028903, 9.689876834032706, 89.93958244154594, 5.39179702400904]]"
33,"[[(0, 22), (0, 23), (0, 39), (11, 19), (20, 31), (20, 32), (22, 5), (10, 15), (24, 25), (2, 32), (6, 24), (17, 7), (17, 26), (17, 29), (3, 16), (16, 6), (19, 30), (26, 28), (37, 30), (4, 2), (21, 10), (7, 12), (8, 27), (27, 5), (31, 24), (31, 35), (31, 38), (14, 37), (33, 17), (33, 25), (33, 32)]]","[[221.63327712552768, 115.50379982687159, 146.71363951306049, 161.41462888816542, 38.482054587544894, 135.49699802371157, 175.95871678953083, 4.943070690570169, 1.7691547731800037, 285.45013262944735, 53.478128420289934, 52.4411460181193, 3.9002199179539088, 61.457934493870795, 32.14990169755774, 103.64487053024999, 70.60005984702852, 15.925040869354383, 4.69874524807409, 23.638821868043774, 44.49380767474385, 80.40900216056356, 263.15773249214095, 352.20254300082405, 70.41972060603356, 93.3226598781921, 15.861317806973847, 575.2139299265903, 13.74621242967607, 80.8022646785417, 3.9186065091652305]]"
34,"[[(0, 22), (0, 23), (0, 39), (11, 19), (20, 31), (20, 32), (22, 5), (10, 15), (24, 25), (2, 32), (6, 24), (17, 7), (17, 26), (17, 29), (3, 16), (16, 6), (19, 30), (26, 28), (37, 30), (4, 2), (21, 10), (7, 12), (8, 27), (27, 5), (31, 24), (31, 35), (31, 38), (14, 37), (33, 17), (33, 25), (33, 32)]]","[[216.16348344953948, 82.108942166724, 394.38395395563265, 81.63589182183595, 48.201162079546016, 135.5194278125887, 228.07265820915308, 3.566989745315782, 14.894442334574585, 388.0237142445806, 53.223027705021444, 43.80195991489861, 4.472489918667998, 65.6198917046377, 66.07182961462132, 76.61626307290027, 38.16329969849742, 12.865749623205822, 3.345018949007758, 24.62283006123596, 55.56449241252935, 30.13658555398133, 108.71063560013374, 204.73686578340116, 76.21812759727058, 106.19926968739746, 68.04556379528418, 576.619413633389, 13.171017223232903, 88.3238819562569, 1.948997272520054]]"
35,"[[(0, 22), (0, 23), (0, 39), (11, 19), (20, 31), (20, 32), (22, 5), (10, 15), (24, 25), (2, 32), (6, 24), (17, 7), (17, 26), (17, 29), (3, 16), (16, 6), (19, 30), (26, 28), (37, 30), (4, 2), (21, 10), (7, 12), (8, 27), (27, 5), (31, 24), (31, 35), (31, 38), (14, 37), (33, 17), (33, 25), (33, 32)]]","[[361.9330269329129, 34.42707646191835, 224.98053341094428, 156.5141556145064, 23.005534891388123, 135.62093967309167, 223.77293247402378, 1.9253280438550364, 8.977384812797816, 354.14834139416234, 51.92577094298541, 37.36789305519271, 2.482435540075061, 114.36475064891498, 58.41411652368651, 64.21200332285076, 37.63606380442165, 14.87165686745538, 4.9505342175748, 23.259228715568483, 46.613689644587424, 84.30317653891781, 79.22430126430845, 302.1563546545839, 80.3601104937249, 105.1854119823499, 96.72218691119048, 490.0022536232807, 10.334188136148605, 85.84396734360847, 8.345571091264887]]"
36,"[[(0, 22), (0, 23), (0, 39), (11, 19), (20, 31), (20, 32), (22, 5), (10, 15), (24, 25), (2, 32), (6, 24), (17, 7), (17, 26), (17, 29), (3, 16), (16, 6), (19, 30), (26, 28), (37, 30), (4, 2), (21, 10), (7, 12), (8, 27), (27, 5), (31, 24), (31, 35), (31, 38), (14, 37), (33, 17), (33, 25), (33, 32)]]","[[351.0575761012931, 39.4698528033669, 991.6315695886135, 75.0901394417082, 37.26183389780271, 137.32344294017327, 196.10546341244464, 4.9540508496496924, 21.580990933781166, 292.2491546215288, 52.82065313604837, 43.43700266238618, 2.690590563011232, 86.3554365388715, 63.54100999747067, 107.31748330509436, 59.42168235856256, 8.149349379716336, 4.961228633584712, 23.796765853374808, 81.07062263155876, 65.83202029536906, 170.75557395062248, 342.7469742995553, 66.60576065659849, 38.94993375982469, 67.35880276608242, 573.9256678717733, 9.811497332797178, 93.02702000069115, 1.370791652258851]]"
37,"[[(0, 22), (0, 23), (0, 39), (11, 19), (20, 31), (20, 32), (22, 5), (10, 15), (24, 25), (2, 32), (6, 24), (17, 7), (17, 26), (17, 29), (3, 16), (16, 6), (19, 30), (26, 28), (37, 30), (4, 2), (21, 10), (7, 12), (8, 27), (27, 5), (31, 24), (31, 35), (31, 38), (14, 37), (33, 17), (33, 25), (33, 32)]]","[[213.43444541596784, 77.94379918693484, 197.89660882438432, 95.23114869440025, 30.129678330618304, 141.89544716563682, 179.96000306472885, 1.2432629283771575, 17.475965154572485, 337.65589843049247, 52.27751220169003, 44.73320075935259, 3.663814163119311, 134.8702030594926, 27.586049435086256, 67.20576884348415, 44.28693280150638, 13.444832259277867, 4.092255029365138, 23.85498210091208, 14.138317909937426, 80.74964283264907, 139.19598650304124, 328.52824901873225, 60.7296183437819, 88.50474410125037, 93.59669686131618, 47.304949159225025, 8.301352511200005, 92.03061766453794, 1.3101929555987608]]"
38,"[[(0, 22), (0, 23), (0, 39), (11, 19), (20, 31), (20, 32), (22, 5), (10, 15), (24, 25), (2, 32), (6, 24), (17, 7), (17, 26), (17, 29), (3, 16), (16, 6), (19, 30), (26, 28), (37, 30), (4, 2), (21, 10), (7, 12), (8, 27), (27, 5), (31, 24), (31, 35), (31, 38), (14, 37), (33, 17), (33, 25), (33, 32)]]","[[344.264886025892, 26.56410313936574, 1132.7309064008264, 115.56162461873892, 5.580620977285097, 133.0165909658934, 187.33291585634078, 1.3809953001204067, 0.9212495648864711, 346.52696526765845, 51.80721830979002, 37.95230013060868, 3.821452671269796, 102.97345602646271, 66.03318931449829, 94.96645612957096, 64.09035170959727, 6.677899079950328, 4.0960879314854095, 24.757538196050778, 9.633482757648133, 55.40710260688797, 214.31117416942683, 250.7323104519537, 79.86416299933418, 68.46886628191767, 150.51319104981133, 287.1215350880858, 13.890635222660787, 79.85533181132914, 5.759579658966187]]"
39,"[[(0, 22), (0, 23), (0, 39), (11, 19), (20, 31), (20, 32), (22, 5), (10, 15), (24, 25), (2, 32), (6, 24), (17, 7), (17, 26), (17, 29), (3, 16), (16, 6), (19, 30), (26, 28), (37, 30), (4, 2), (21, 10), (7, 12), (8, 27), (27, 5), (31, 24), (31, 35), (31, 38), (14, 37), (33, 17), (33, 25), (33, 32)]]","[[335.9926553662132, 114.19340313129106, 596.8150542092967, 46.22742103307013, 25.686025316889843, 136.98832334820065, 214.13603487032503, 3.70169378900482, 2.7240288571914784, 400.0169994029642, 50.00539045758217, 43.37737544288603, 3.72086958626556, 70.9140964573667, 44.171563681807875, 128.4490707049551, 50.41236465944236, 18.46971417930816, 4.598873467322926, 23.79880516199196, 51.73277062286983, 27.961110758770257, 220.2372769373197, 378.9006140065494, 67.40965730126864, 81.5205949284003, 162.9666789403401, 333.5817876549205, 15.382156841151925, 77.44180739096016, 1.5655937485916107]]"
40,"[[(0, 22), (0, 23), (0, 39), (11, 19), (20, 31), (20, 32), (22, 5), (10, 15), (24, 25), (2, 32), (6, 24), (17, 7), (17, 26), (17, 29), (3, 16), (16, 6), (19, 30), (26, 28), (37, 30), (4, 2), (21, 10), (7, 12), (8, 27), (27, 5), (31, 24), (31, 35), (31, 38), (14, 37), (33, 17), (33, 25), (33, 32)]]","[[344.35441813426985, 79.25489807795908, 1070.6791243040136, 149.3558049837029, 24.442082834153474, 134.68700188565705, 187.17191047690523, 1.8336793867598988, 5.9493758875893965, 312.147773626987, 53.471499333195766, 49.1922919942059, 2.538509503208857, 138.21930280312168, 74.20642131995564, 104.54340137528906, 45.634952253098504, 4.362167661219464, 3.0631641683545543, 23.98330071795543, 86.89153565625085, 23.325148881486058, 181.74973668016338, 250.62629239083935, 82.7893711882471, 99.15908333115165, 88.38232213815488, 416.1512365506499, 8.954300705575328, 85.46698425563287, 7.440179674198053]]"
41,"[[(0, 22), (0, 23), (0, 39), (11, 19), (20, 31), (20, 32), (22, 5), (10, 15), (24, 25), (2, 32), (6, 24), (17, 7), (17, 26), (17, 29), (3, 16), (16, 6), (19, 30), (26, 28), (37, 30), (4, 2), (21, 10), (7, 12), (8, 27), (27, 5), (31, 24), (31, 35), (31, 38), (14, 37), (33, 17), (33, 25), (33, 32)]]","[[238.1355608799735, 42.19867148773825, 914.5321447215982, 125.04800437750225, 27.767761148680673, 142.21024744638032, 197.40032933410262, 2.8116798631058475, 24.705234884179347, 323.6346564837565, 52.548151871856014, 47.20672802278309, 3.8451445187180195, 108.0720362690833, 74.42625632703904, 82.37606139183274, 67.99985024401354, 4.156372401851962, 4.10660523992727, 24.44858172823041, 47.37181978583608, 46.90134439702473, 334.88672438889193, 181.47269650185825, 65.32270113631935, 99.12101061099294, 107.64542351795033, 269.2804018969078, 11.946730618818034, 94.32232905282312, 5.787052450319127]]"
42,"[[(0, 22), (0, 23), (0, 39), (11, 19), (20, 31), (20, 32), (22, 5), (10, 15), (24, 25), (2, 32), (6, 24), (17, 7), (17, 26), (17, 29), (3, 16), (16, 6), (19, 30), (26, 28), (37, 30), (4, 2), (21, 10), (7, 12), (8, 27), (27, 5), (31, 24), (31, 35), (31, 38), (14, 37), (33, 17), (33, 25), (33, 32)]]","[[352.9117241231047, 86.28053502994429, 585.4965058613395, 47.93538723731781, 44.355425726629456, 143.8006709808967, 182.48072016996628, 2.546406148122446, 1.3250254991793768, 301.5095493278811, 49.86129970679994, 38.098228440092555, 3.238605034336899, 119.1769749913108, 36.50950928932954, 18.425865726206716, 47.40398857790073, 2.1764117799670046, 3.6114081818353903, 24.071996718907002, 76.50241954299716, 89.30018469759436, 349.66074144929865, 254.47885840809465, 76.05335382687657, 48.84824391689998, 140.31629265466154, 430.1886362469297, 13.764789508945046, 77.04619541489457, 4.622600413494105]]"
43,"[[(0, 22), (0, 23), (0, 39), (11, 19), (20, 31), (20, 32), (22, 5), (10, 15), (24, 25), (2, 32), (6, 24), (17, 7), (17, 26), (17, 29), (3, 16), (16, 6), (19, 30), (26, 28), (37, 30), (4, 2), (21, 10), (7, 12), (8, 27), (27, 5), (31, 24), (31, 35), (31, 38), (14, 37), (33, 17), (33, 25), (33, 32)]]","[[160.94466593085855, 82.14561485753057, 1033.7473892005833, 60.54822595951886, 46.4140080207152, 137.86145627478743, 194.96750669776475, 1.1680501147724347, 23.484839394611342, 385.4340652551695, 54.42388405828723, 50.4688054347707, 1.9656480249339126, 66.94901765475518, 66.03676844341715, 101.49049390360788, 49.4427584422487, 17.35401307889306, 4.867309203573249, 23.97202952421446, 75.50284287138712, 24.20948427782453, 116.24732502491464, 390.0279415913959, 68.05448860895306, 89.2358120018169, 110.69473316701661, 498.98169540837796, 11.65690218763787, 89.6147582823003, 4.335507687878369]]"
44,"[[(0, 22), (0, 23), (0, 39), (11, 19), (20, 31), (20, 32), (22, 5), (10, 15), (24, 25), (2, 32), (6, 24), (17, 7), (17, 26), (17, 29), (3, 16), (16, 6), (19, 30), (26, 28), (37, 30), (4, 2), (21, 10), (7, 12), (8, 27), (27, 5), (31, 24), (31, 35), (31, 38), (14, 37), (33, 17), (33, 25), (33, 32)]]","[[196.88505818644433, 78.14105488723352, 554.1989663586219, 50.646255604936066, 12.823349864639692, 136.23094525732952, 203.36419054725133, 1.8252551962515882, 9.117899111577557, 305.0476336201368, 54.50217446407705, 42.881248655495064, 1.2838347620764128, 88.91107866863906, 49.71973980966524, 32.45955812529975, 38.79603090213635, 17.528352711467214, 3.791548631357808, 23.466135330354334, 54.029177611011434, 45.060913292786, 366.58449034107787, 145.82700711286392, 68.46457025419957, 108.97295828680605, 107.4836440250408, 276.06402123255225, 11.780678240355247, 79.98500367952805, 4.479325232422254]]"
45,"[[(0, 22), (0, 23), (0, 39), (11, 19), (20, 31), (20, 32), (22, 5), (10, 15), (24, 25), (2, 32), (6, 24), (17, 7), (17, 26), (17, 29), (3, 16), (16, 6), (19, 30), (26, 28), (37, 30), (4, 2), (21, 10), (7, 12), (8, 27), (27, 5), (31, 24), (31, 35), (31, 38), (14, 37), (33, 17), (33, 25), (33, 32)]]","[[253.73178259259225, 32.79915429552477, 860.9498896775117, 152.90755579991196, 8.391771727807877, 130.75658399902784, 197.71796035465337, 1.5675432808979228, 11.148350939253056, 380.128531338385, 48.7331941507642, 41.932199219523675, 1.817152594236385, 90.9088905240589, 53.051865857277164, 27.19072175640084, 52.60831955944585, 4.580492580477847, 3.7262144691459507, 24.76295899560208, 73.47046760789979, 52.527500682043254, 236.5115148306389, 391.261110784469, 61.26890843639917, 63.11074775572332, 155.3213388428218, 347.0056495977714, 9.220329798752276, 75.4795206926179, 1.6524003917961094]]"
46,"[[(0, 22), (0, 23), (0, 39), (11, 19), (20, 31), (20, 32), (22, 5), (10, 15), (24, 25), (2, 32), (6, 24), (17, 7), (17, 26), (17, 29), (3, 16), (16, 6), (19, 30), (26, 28), (37, 30), (4, 2), (21, 10), (7, 12), (8, 27), (27, 5), (31, 24), (31, 35), (31, 38), (14, 37), (33, 17), (33, 25), (33, 32)]]","[[211.5564199478256, 75.64456204589587, 1047.8281987815333, 97.7457090358983, 35.660903750124334, 138.65599039132582, 176.5340130084867, 3.4033295868485407, 22.091059793557186, 263.3553397939819, 52.25307935518976, 44.055459118218856, 4.911248671861532, 100.7603496774621, 78.8409072529223, 67.7351755642871, 58.775752015080265, 16.196433862293784, 4.706878181875478, 23.47154520238972, 74.91848537724488, 19.23600201733494, 152.68718613572202, 224.66722156795362, 62.730084609961835, 40.101888308122255, 144.04607423839423, 605.7271982076103, 12.414948136675832, 84.83043784492058, 7.097974232321404]]"
47,"[[(0, 22), (0, 23), (0, 39), (11, 19), (20, 31), (20, 32), (22, 5), (10, 15), (24, 25), (2, 32), (6, 24), (17, 7), (17, 26), (17, 29), (3, 16), (16, 6), (19, 30), (26, 28), (37, 30), (4, 2), (21, 10), (7, 12), (8, 27), (27, 5), (31, 24), (31, 35), (31, 38), (14, 37), (33, 17), (33, 25), (33, 32)]]","[[201.4186291139079, 73.33060190298787, 903.7114082571287, 50.717920926943634, 48.55765937506008, 143.59071410926143, 213.46997580350035, 3.8347310923356765, 5.013916862909618, 298.9736259544054, 54.77271768631347, 50.309074957901636, 1.557663989617045, 102.48688177177313, 46.13411120067822, 113.25434794292998, 58.45136233193698, 3.0195847170910026, 3.615078931947831, 24.994270301415156, 70.64505990826899, 15.526534320383593, 360.34617120896934, 287.4682392371606, 80.11055194089411, 36.16403086363803, 12.825499261420726, 49.61535092014031, 8.196210905186266, 91.36314982253434, 2.14615571975009]]"
48,"[[(0, 22), (0, 23), (0, 39), (11, 19), (20, 31), (20, 32), (22, 5), (10, 15), (24, 25), (2, 32), (6, 24), (17, 7), (17, 26), (17, 29), (3, 16), (16, 6), (19, 30), (26, 28), (37, 30), (4, 2), (21, 10), (7, 12), (8, 27), (27, 5), (31, 24), (31, 35), (31, 38), (14, 37), (33, 17), (33, 25), (33, 32)]]","[[254.08497386665246, 52.476652037549876, 696.9292630124037, 120.43835132516355, 15.58591812121898, 139.484210346798, 203.9144182350637, 1.365030661153618, 2.4449076332558857, 324.86379700069483, 52.204284734074506, 44.95010358840172, 1.8378237289696813, 61.99480096751088, 48.078261638985175, 122.02034274362313, 48.26028963808483, 18.645038757389376, 3.720112660506987, 23.351768871756647, 27.6373800597962, 79.7506279854341, 92.10909621191018, 236.96698984655305, 73.40831074548751, 35.587995527148834, 138.17836534685523, 252.49370731990362, 9.451798880726727, 92.24898488983199, 6.153689457533419]]"
49,"[[(0, 22), (0, 23), (0, 39), (11, 19), (20, 31), (20, 32), (22, 5), (10, 15), (24, 25), (2, 32), (6, 24), (17, 7), (17, 26), (17, 29), (3, 16), (16, 6), (19, 30), (26, 28), (37, 30), (4, 2), (21, 10), (7, 12), (8, 27), (27, 5), (31, 24), (31, 35), (31, 38), (14, 37), (33, 17), (33, 25), (33, 32)]]","[[209.68688689372763, 92.24984867472139, 615.7713146060141, 49.150296401716744, 36.05150668063876, 143.51438562786464, 177.19230331888136, 4.888082764981901, 15.022503298857417, 288.67225821467883, 55.18034740274923, 51.24120646058492, 4.7919711336142425, 155.24722521460114, 62.58400691439555, 57.14590918266903, 63.607522617322445, 13.309754980228956, 3.003699834816743, 24.965233755604977, 52.899991210175806, 34.92835131934565, 400.17064037780784, 160.2726736868588, 78.57804093093333, 41.44178455727618, 121.67638005335037, 482.0613820180785, 9.395700228243072, 82.31366035144718, 1.3498695616570249]]"
50,"[[(0, 22), (0, 23), (0, 39), (11, 19), (20, 31), (20, 32), (22, 5), (10, 15), (24, 25), (2, 32), (6, 24), (17, 7), (17, 26), (17, 29), (3, 16), (16, 6), (19, 30), (26, 28), (37, 30), (4, 2), (21, 10), (7, 12), (8, 27), (27, 5), (31, 24), (31, 35), (31, 38), (14, 37), (33, 17), (33, 25), (33, 32)]]","[[118.62639562076177, 62.04571129429942, 1006.5575261997003, 91.40666392774875, 28.650193804407333, 137.7744154393473, 176.37690706018645, 2.4114803278540617, 14.198540786304735, 398.98836217850715, 49.659232626000524, 38.195595399836364, 1.9927081641566988, 114.09121043243672, 39.91410653566484, 114.59677535935724, 59.98618548914271, 15.079917435613389, 4.84066898358609, 24.1011653992133, 44.90706016527339, 60.45521437329657, 81.27559210645656, 166.2129398162484, 78.49898205199736, 62.666898373911565, 48.72843070132502, 414.0980355701749, 9.205912606253548, 91.8479237840569, 7.658954739237502]]"
51,"[[(0, 22), (0, 23), (0, 39), (11, 19), (20, 31), (20, 32), (22, 5), (10, 15), (24, 25), (2, 32), (6, 24), (17, 7), (17, 26), (17, 29), (3, 16), (16, 6), (19, 30), (26, 28), (37, 30), (4, 2), (21, 10), (7, 12), (8, 27), (27, 5), (31, 24), (31, 35), (31, 38), (14, 37), (33, 17), (33, 25), (33, 32)]]","[[327.62180786127, 77.76971997262874, 1006.1318964822567, 50.015704202962795, 41.99459609493452, 130.0501016069428, 218.97881140884965, 2.883293212129957, 25.164821815489688, 397.13208107549053, 49.80828264356256, 52.62088676239874, 3.0945160915798704, 133.50186175375777, 30.680226848333255, 31.832213588809545, 56.478668155849306, 8.894958944303065, 3.537926754517755, 24.308891299727016, 47.33586847875261, 47.00416529080016, 227.58981267287317, 200.60340246371317, 79.84191015269045, 89.77155157652638, 104.78423702399576, 467.0042770279291, 12.700903603453536, 94.10360805142209, 2.6927730872824895]]"
52,"[[(0, 22), (0, 23), (0, 39), (11, 19), (20, 31), (20, 32), (22, 5), (10, 15), (24, 25), (2, 32), (6, 24), (17, 7), (17, 26), (17, 29), (3, 16), (16, 6), (19, 30), (26, 28), (37, 30), (4, 2), (21, 10), (7, 12), (8, 27), (27, 5), (31, 24), (31, 35), (31, 38), (14, 37), (33, 17), (33, 25), (33, 32)]]","[[144.5346617730302, 34.35318908619797, 442.82164470205817, 99.00041928618685, 9.722466978534339, 139.78353833100883, 201.90725261214695, 2.560572813537211, 20.86424436257768, 282.6747918453704, 55.02412918104305, 36.481491384768525, 2.8106759459389727, 84.78645711536299, 40.34702764248459, 99.38841425645475, 40.1101170903767, 16.081841220970638, 3.7106212942841763, 24.6881088536253, 50.496824394405024, 40.34003938895657, 164.04787756038138, 252.84593287882004, 73.1799061969133, 109.94978944291053, 176.96114961130613, 410.4401332704313, 14.1641967049181, 90.07346736757168, 3.864082505854107]]"
53,"[[(0, 22), (0, 23), (0, 39), (11, 19), (20, 31), (20, 32), (22, 5), (10, 15), (24, 25), (2, 32), (6, 24), (17, 7), (17, 26), (17, 29), (3, 16), (16, 6), (19, 30), (26, 28), (37, 30), (4, 2), (21, 10), (7, 12), (8, 27), (27, 5), (31, 24), (31, 35), (31, 38), (14, 37), (33, 17), (33, 25), (33, 32)]]","[[273.1457593807543, 84.7565980153272, 445.4733182067489, 157.683558627202, 44.37470926328963, 140.48313649688933, 214.9194904839766, 1.4669859463561767, 3.611007671430505, 296.46131989717543, 51.38840367254714, 49.12033241016818, 2.1313269688602365, 60.142610291469936, 31.740673565559756, 104.6604457078374, 61.71860020355628, 6.722214362726247, 4.397997482707983, 23.087911644861727, 10.99055101248565, 51.464758233779705, 223.82664119471752, 382.4729949378102, 64.97928967607008, 70.22821395078466, 116.23716592067359, 552.1161120291725, 8.057147019150273, 88.34569147394858, 4.972665716310789]]"
54,"[[(0, 22), (0, 23), (0, 39), (11, 19), (20, 31), (20, 32), (22, 5), (10, 15), (24, 25), (2, 32), (6, 24), (17, 7), (17, 26), (17, 29), (3, 16), (16, 6), (19, 30), (26, 28), (37, 30), (4, 2), (21, 10), (7, 12), (8, 27), (27, 5), (31, 24), (31, 35), (31, 38), (14, 37), (33, 17), (33, 25), (33, 32)]]","[[133.43098579389215, 107.49301327213014, 858.1480730736876, 99.76314731612771, 13.066726819556278, 135.4073288040481, 178.09392307589454, 2.1189749476436677, 0.3714795464477243, 355.7641459958677, 48.427291893352646, 49.19874495463894, 4.932872447807019, 52.77296275401396, 66.18282383999858, 99.23661704295684, 70.00965848494151, 15.33819627645407, 4.057135726770103, 23.197563526292118, 59.044065120297404, 53.34264219127938, 70.47654052225741, 286.56739098353944, 63.6616524129511, 42.24007784849975, 32.199563240124974, 322.5142745521174, 11.86907287657447, 86.07314769764389, 8.320723170458562]]"
55,"[[(0, 22), (0, 23), (0, 39), (11, 19), (20, 31), (20, 32), (22, 5), (10, 15), (24, 25), (2, 32), (6, 24), (17, 7), (17, 26), (17, 29), (3, 16), (16, 6), (19, 30), (26, 28), (37, 30), (4, 2), (21, 10), (7, 12), (8, 27), (27, 5), (31, 24), (31, 35), (31, 38), (14, 37), (33, 17), (33, 25), (33, 32)]]","[[188.33784592553317, 79.0951443798175, 289.98136122221996, 144.2901012821161, 46.34653332552908, 140.69372482352304, 176.1268471144157, 1.670915603832499, 11.76750041032248, 271.1416820617328, 54.16101754055659, 48.73754641959054, 2.322922976292822, 71.52022067345277, 31.888858272091852, 93.24299599588075, 37.907766890578074, 10.587415548211425, 4.2409406492149495, 24.72582826087511, 31.666885638483073, 42.02302244052432, 332.0505515454293, 320.4573028604666, 63.22838438709451, 78.26410344107973, 25.97639328856238, 412.671979792745, 10.204499769281881, 89.09285222412676, 1.020726196973154]]"
56,"[[(0, 22), (0, 23), (0, 39), (11, 19), (20, 31), (20, 32), (22, 5), (10, 15), (24, 25), (2, 32), (6, 24), (17, 7), (17, 26), (17, 29), (3, 16), (16, 6), (19, 30), (26, 28), (37, 30), (4, 2), (21, 10), (7, 12), (8, 27), (27, 5), (31, 24), (31, 35), (31, 38), (14, 37), (33, 17), (33, 25), (33, 32)]]","[[167.33032046477283, 75.57469064550686, 1007.3123616698396, 61.13253979485778, 10.853506853136828, 139.85108163706064, 194.58543374191248, 2.4583676304015856, 23.319468046144298, 309.8208462792652, 51.27833301380202, 49.99937864367969, 1.9325190778958858, 48.31397753350024, 67.05936049510865, 79.24237697907512, 49.81586901116897, 4.96772890973279, 4.394367557445602, 23.261354854844456, 26.029221781287568, 76.27573333422032, 225.02748432967607, 382.42974652669386, 80.20731357418899, 90.78730596370056, 25.949112521425114, 115.00128308881045, 12.038314642653152, 79.19984164937324, 1.9295127126072922]]"
57,"[[(0, 22), (0, 23), (0, 39), (11, 19), (20, 31), (20, 32), (22, 5), (10, 15), (24, 25), (2, 32), (6, 24), (17, 7), (17, 26), (17, 29), (3, 16), (16, 6), (19, 30), (26, 28), (37, 30), (4, 2), (21, 10), (7, 12), (8, 27), (27, 5), (31, 24), (31, 35), (31, 38), (14, 37), (33, 17), (33, 25), (33, 32)]]","[[207.95283180668085, 78.1314401187088, 504.72716031075106, 48.929495964117336, 37.0611311096981, 134.7408649910947, 177.95253640362935, 4.582681616179483, 24.183922602591018, 399.7997760566981, 54.31013143798572, 47.94079735781909, 2.947953114174369, 72.48398813239933, 66.24788168256762, 82.97956049654805, 70.92483945771733, 16.83046432491456, 3.2376271742137144, 23.678819192825284, 7.402343213770703, 59.47579841623177, 199.16288755619757, 184.59580602150524, 69.96212943434001, 51.33326145562517, 172.76476375181034, 517.2242520727156, 12.171627264093845, 80.89215083412837, 6.861542906690472]]"
58,"[[(0, 22), (0, 23), (0, 39), (11, 19), (20, 31), (20, 32), (22, 5), (10, 15), (24, 25), (2, 32), (6, 24), (17, 7), (17, 26), (17, 29), (3, 16), (16, 6), (19, 30), (26, 28), (37, 30), (4, 2), (21, 10), (7, 12), (8, 27), (27, 5), (31, 24), (31, 35), (31, 38), (14, 37), (33, 17), (33, 25), (33, 32)]]","[[154.80699356981495, 54.65149940982751, 17.012473341127286, 140.10560246420002, 13.659111836030522, 141.90839739222164, 211.13702008370618, 1.4058035095323467, 14.120464574911553, 317.90985926293877, 52.714680745035714, 48.764159290761235, 4.25701198626121, 56.84895769194658, 51.73773382133693, 127.32511263626124, 49.535596959282564, 2.13084823887798, 3.909231219412523, 24.582387278874233, 79.33460031806845, 72.39596440949926, 80.07538535655833, 179.41652818900025, 77.53115868764777, 107.62531090548768, 170.88775234237912, 555.1411797525651, 12.454879101278632, 89.51919745754194, 4.475519532641119]]"
59,"[[(0, 22), (0, 23), (0, 39), (11, 19), (20, 31), (20, 32), (22, 5), (10, 15), (24, 25), (2, 32), (6, 24), (17, 7), (17, 26), (17, 29), (3, 16), (16, 6), (19, 30), (26, 28), (37, 30), (4, 2), (21, 10), (7, 12), (8, 27), (27, 5), (31, 24), (31, 35), (31, 38), (14, 37), (33, 17), (33, 25), (33, 32)]]","[[359.76255595869674, 96.88778117249689, 645.6508523560559, 56.23137285191662, 36.443977668804315, 133.0494661129144, 219.12412165756763, 2.442609204032698, 20.240725724943783, 298.0660871159596, 55.968392152602945, 51.62632556110458, 2.7744645761845335, 157.97705348618234, 29.857914196389615, 20.553224875026643, 50.038799819001326, 11.343107105836578, 4.9734608394339075, 24.353956631683708, 70.97716007181995, 89.32197785984684, 387.0643703702505, 252.3689710568682, 64.76473038291965, 86.00088238063415, 126.65053488887997, 286.202880721651, 14.520218262077627, 83.19193530182363, 8.157957404101133]]"
60,"[[(0, 22), (0, 23), (0, 39), (11, 19), (20, 31), (20, 32), (22, 5), (10, 15), (24, 25), (2, 32), (6, 24), (17, 7), (17, 26), (17, 29), (3, 16), (16, 6), (19, 30), (26, 28), (37, 30), (4, 2), (21, 10), (7, 12), (8, 27), (27, 5), (31, 24), (31, 35), (31, 38), (14, 37), (33, 17), (33, 25), (33, 32)]]","[[259.4267028170376, 114.7551301151497, 44.817897013711004, 62.00534018005535, 47.79516392438264, 141.76032627961652, 207.1564386641195, 4.384251783232941, 3.452660032163516, 304.99483527328675, 52.54359575738801, 38.20561788226778, 2.67264370065315, 134.23742488452694, 38.22781682143596, 53.75229663169798, 46.525111828297135, 6.745819667613855, 4.235222193728785, 23.574178670190353, 57.593550366405864, 50.04943920103386, 140.65694526318538, 281.20385776623357, 78.8590060795432, 76.80793542381798, 38.662685592066865, 71.28112052295637, 15.078586325161318, 93.2784525270837, 3.4447265479596743]]"
61,"[[(0, 22), (0, 23), (0, 39), (11, 19), (20, 31), (20, 32), (22, 5), (10, 15), (24, 25), (2, 32), (6, 24), (17, 7), (17, 26), (17, 29), (3, 16), (16, 6), (19, 30), (26, 28), (37, 30), (4, 2), (21, 10), (7, 12), (8, 27), (27, 5), (31, 24), (31, 35), (31, 38), (14, 37), (33, 17), (33, 25), (33, 32)]]","[[186.08242262292652, 87.66006440298861, 722.1459412367894, 47.104921868267, 12.423615070548337, 136.82720794927522, 195.5079031283114, 4.344956699050236, 10.59306815524332, 358.25378784182266, 48.7135870392155, 37.167049787233715, 2.170905893339525, 141.3775611321591, 63.36112042591764, 32.99169479755711, 64.09468752465597, 13.89040953965515, 3.334692370211898, 23.839393284512035, 47.9743541236483, 56.67953217276751, 316.3429595787038, 395.1031116900591, 77.06778633997351, 74.45461895769529, 124.7886158538513, 84.07009490490412, 12.00674829179309, 82.38811763858146, 5.568414676017853]]"
62,"[[(0, 22), (0, 23), (0, 39), (11, 19), (20, 31), (20, 32), (22, 5), (10, 15), (24, 25), (2, 32), (6, 24), (17, 7), (17, 26), (17, 29), (3, 16), (16, 6), (19, 30), (26, 28), (37, 30), (4, 2), (21, 10), (7, 12), (8, 27), (27, 5), (31, 24), (31, 35), (31, 38), (14, 37), (33, 17), (33, 25), (33, 32)]]","[[313.40275023636275, 100.70986348957769, 971.1099110767291, 39.46209453484497, 36.46579111510938, 134.68367108765904, 195.93883257858877, 2.350283597508249, 23.11160503459578, 329.5148067438375, 55.57120694151262, 50.425172833123554, 2.77422243260498, 153.55802184515892, 60.79449024680594, 25.9812110948628, 70.49624857059634, 3.2473213742475737, 3.7100132113237736, 24.43174576272838, 26.38935037337891, 69.9165055776334, 275.7980653096572, 394.4666604782672, 63.82286544219955, 65.38574469380902, 128.55875005802415, 32.801684493644686, 12.685649712733785, 78.97594359242089, 7.228427698155767]]"
63,"[[(0, 22), (0, 23), (0, 39), (11, 19), (20, 31), (20, 32), (22, 5), (10, 15), (24, 25), (2, 32), (6, 24), (17, 7), (17, 26), (17, 29), (3, 16), (16, 6), (19, 30), (26, 28), (37, 30), (4, 2), (21, 10), (7, 12), (8, 27), (27, 5), (31, 24), (31, 35), (31, 38), (14, 37), (33, 17), (33, 25), (33, 32)]]","[[215.90085662320496, 66.87337077741657, 412.62423669143243, 160.9205020247877, 9.113507136044142, 139.37111981857862, 224.19765437766975, 4.387431893039237, 22.28409786148076, 307.1414091946174, 53.11980224004897, 36.24220225928655, 3.9297991131221104, 79.92676095994642, 66.77643628208865, 63.19041489706938, 42.294860536028764, 12.352243140802539, 4.55459946328439, 23.707744620403126, 80.7801980395226, 57.925197712918575, 159.07167346201823, 301.0209462781015, 60.56926274612421, 77.80010328050113, 46.17316871008884, 581.4304621902689, 12.471118514124992, 84.30382194005757, 5.029076501529452]]"
64,"[[(0, 22), (0, 23), (0, 39), (11, 19), (20, 31), (20, 32), (22, 5), (10, 15), (24, 25), (2, 32), (6, 24), (17, 7), (17, 26), (17, 29), (3, 16), (16, 6), (19, 30), (26, 28), (37, 30), (4, 2), (21, 10), (7, 12), (8, 27), (27, 5), (31, 24), (31, 35), (31, 38), (14, 37), (33, 17), (33, 25), (33, 32)]]","[[109.03017596407336, 104.19945530711233, 1130.6651334862686, 99.49438042277062, 33.323246055738124, 141.88664483171317, 213.31389708114807, 3.739282424457611, 25.871126596089084, 276.4310190225992, 53.473557952327035, 48.856595503106256, 4.7202595113338575, 60.25764373338371, 58.20117494778678, 93.51098840421696, 42.344203989207145, 18.600807523545733, 3.4670050311911567, 24.11646965010268, 24.211171065862224, 72.02780307585166, 165.48360477616203, 320.0253443250261, 62.18349100983077, 63.51184221270364, 139.83271559552963, 89.21422514955012, 8.647270042551714, 79.31164831466117, 4.220457047950481]]"
65,"[[(0, 22), (0, 23), (0, 39), (11, 19), (20, 31), (20, 32), (22, 5), (10, 15), (24, 25), (2, 32), (6, 24), (17, 7), (17, 26), (17, 29), (3, 16), (16, 6), (19, 30), (26, 28), (37, 30), (4, 2), (21, 10), (7, 12), (8, 27), (27, 5), (31, 24), (31, 35), (31, 38), (14, 37), (33, 17), (33, 25), (33, 32)]]","[[253.68811919013265, 37.020141815105376, 360.87453458317674, 76.74292672258176, 14.07295771434345, 133.66703619930882, 194.11893637993037, 3.976066959400401, 17.981063957473136, 309.84899848806566, 48.4577217620726, 48.099400729811734, 3.775127716142949, 116.7155089022539, 42.42171506838065, 36.335336784280805, 56.3858883614968, 2.145694223876202, 4.76433301883535, 23.127275161219757, 82.63919983586129, 62.98603960562194, 170.51827168569253, 300.63768221379576, 78.60781418160099, 60.6867123524679, 169.53294691479564, 284.0168930111537, 10.223193846256805, 81.35356027571287, 1.6560831692737716]]"
66,"[[(0, 22), (0, 23), (0, 39), (11, 19), (20, 31), (20, 32), (22, 5), (10, 15), (24, 25), (2, 32), (6, 24), (17, 7), (17, 26), (17, 29), (3, 16), (16, 6), (19, 30), (26, 28), (37, 30), (4, 2), (21, 10), (7, 12), (8, 27), (27, 5), (31, 24), (31, 35), (31, 38), (14, 37), (33, 17), (33, 25), (33, 32)]]","[[345.5072247815974, 96.893341281602, 824.6128010094636, 55.51044873155411, 45.372311897107764, 135.00689490349615, 186.8715281890478, 1.7226707267116752, 19.642809232957504, 293.16581935247905, 50.60078472305816, 40.36092811039178, 1.6932596176439776, 112.88670445807207, 31.28491295902325, 97.5140700928365, 70.86738697245032, 6.017513379052902, 3.4267562843650166, 23.790853529324536, 49.90903092215433, 70.18589405483202, 355.2884770985377, 210.33407226949387, 79.63157518869927, 54.464691262210636, 89.23556006261924, 94.27218275564218, 8.862622390509907, 88.07215202095912, 5.877195369302245]]"
67,"[[(0, 22), (0, 23), (0, 39), (11, 19), (20, 31), (20, 32), (22, 5), (10, 15), (24, 25), (2, 32), (6, 24), (17, 7), (17, 26), (17, 29), (3, 16), (16, 6), (19, 30), (26, 28), (37, 30), (4, 2), (21, 10), (7, 12), (8, 27), (27, 5), (31, 24), (31, 35), (31, 38), (14, 37), (33, 17), (33, 25), (33, 32)]]","[[128.72653431153935, 45.274950877910584, 429.9092650663699, 120.3714695255074, 17.56416179712702, 132.36400566259118, 223.78844280004253, 4.957239196960735, 20.26958531157863, 279.64991721354056, 52.00437015680143, 39.95461403157309, 3.6401653531397935, 149.98604482612282, 74.35939314290947, 41.372528252429134, 62.050222273359225, 6.865689675676949, 3.3898940962365876, 24.401606543597005, 44.39811592601978, 77.59471732997409, 229.94455732918271, 245.26618109739874, 82.33156345953392, 54.847838809987536, 64.39489873206158, 225.88324001328482, 12.367470280853196, 75.98642828888242, 6.816015595203356]]"
68,"[[(0, 22), (0, 23), (0, 39), (11, 19), (20, 31), (20, 32), (22, 5), (10, 15), (24, 25), (2, 32), (6, 24), (17, 7), (17, 26), (17, 29), (3, 16), (16, 6), (19, 30), (26, 28), (37, 30), (4, 2), (21, 10), (7, 12), (8, 27), (27, 5), (31, 24), (31, 35), (31, 38), (14, 37), (33, 17), (33, 25), (33, 32)]]","[[364.12854131037005, 88.63874319389504, 677.1689741017285, 96.53694585734249, 7.4553600135950955, 133.07405927269613, 218.91472620593507, 4.86196042216046, 20.079496802758232, 349.2452108121853, 48.192514947649606, 39.33092124324163, 2.633051911787824, 61.842665593843975, 64.95524135804945, 85.38194387624945, 62.78317378647448, 11.177041385197006, 3.760808511204117, 23.388358852787064, 47.82576921376704, 23.294910116664994, 159.88835207630916, 318.90403947172206, 71.12298970928816, 34.56162780386308, 183.02264913724227, 54.51116259022548, 14.047099692425993, 81.40982559199456, 4.169837770612836]]"
69,"[[(0, 22), (0, 23), (0, 39), (11, 19), (20, 31), (20, 32), (22, 5), (10, 15), (24, 25), (2, 32), (6, 24), (17, 7), (17, 26), (17, 29), (3, 16), (16, 6), (19, 30), (26, 28), (37, 30), (4, 2), (21, 10), (7, 12), (8, 27), (27, 5), (31, 24), (31, 35), (31, 38), (14, 37), (33, 17), (33, 25), (33, 32)]]","[[333.49914262088873, 24.02743832851451, 438.7882920026922, 102.42339824484608, 35.82542508069632, 143.76055169855434, 209.38860873659337, 2.877834321259229, 21.667763536580583, 290.61247140043594, 51.89041336879605, 47.87739478804294, 4.928826372128349, 122.73511552380963, 72.05024410401829, 106.40217949726052, 54.294983746021856, 3.3702656245102895, 3.7765000926945627, 24.000683451573163, 10.312083977277162, 19.587554782952232, 208.12559464486992, 317.28602573654615, 70.93641992878322, 104.09245414526248, 121.1731146335054, 270.9078128630192, 8.537028953477451, 78.7833858802116, 3.0574659665667188]]"
70,"[[(0, 22), (0, 23), (0, 39), (11, 19), (20, 31), (20, 32), (22, 5), (10, 15), (24, 25), (2, 32), (6, 24), (17, 7), (17, 26), (17, 29), (3, 16), (16, 6), (19, 30), (26, 28), (37, 30), (4, 2), (21, 10), (7, 12), (8, 27), (27, 5), (31, 24), (31, 35), (31, 38), (14, 37), (33, 17), (33, 25), (33, 32)]]","[[268.5808244555686, 82.06064418703257, 64.9886960346187, 93.3640062045857, 37.08758870155335, 139.2950155396841, 199.7917865111392, 2.7506077978776062, 17.679599875211483, 330.31291577202234, 49.95594597960225, 38.31733044127099, 1.8480937384142537, 145.46258190724302, 31.62489819442489, 88.2260975019377, 48.55176570411758, 8.810040609901918, 3.2498620037387806, 23.94792420708376, 66.15746815996472, 23.89257661072223, 369.0857825127883, 268.3465698658151, 65.61696117820145, 38.277479191189556, 99.41798968860441, 169.82844697012945, 10.196079471608552, 76.23443857069428, 7.173913773211335]]"
71,"[[(0, 22), (0, 23), (0, 39), (11, 19), (20, 31), (20, 32), (22, 5), (10, 15), (24, 25), (2, 32), (6, 24), (17, 7), (17, 26), (17, 29), (3, 16), (16, 6), (19, 30), (26, 28), (37, 30), (4, 2), (21, 10), (7, 12), (8, 27), (27, 5), (31, 24), (31, 35), (31, 38), (14, 37), (33, 17), (33, 25), (33, 32)]]","[[245.87668433937776, 98.27908208120868, 1135.2843764852341, 165.3746322058784, 41.15731783503801, 132.17440309389437, 222.63692653038368, 2.246112385565132, 20.2483089267972, 408.2915933580616, 55.50283229088371, 44.927308237478606, 2.5250582690067565, 114.62424574267575, 68.71547133982162, 62.70761696711054, 51.24474649323987, 13.04645404577819, 3.819164925180373, 23.356081226558825, 25.11569524135112, 45.72946323516926, 313.91505660144617, 255.19819071959432, 80.96025078676308, 80.22988578544395, 140.35080189717542, 462.16430028526406, 15.341226852583851, 88.06016560007586, 2.332127826209537]]"
72,"[[(0, 22), (0, 23), (0, 39), (11, 19), (20, 31), (20, 32), (22, 5), (10, 15), (24, 25), (2, 32), (6, 24), (17, 7), (17, 26), (17, 29), (3, 16), (16, 6), (19, 30), (26, 28), (37, 30), (4, 2), (21, 10), (7, 12), (8, 27), (27, 5), (31, 24), (31, 35), (31, 38), (14, 37), (33, 17), (33, 25), (33, 32)]]","[[113.18529677356622, 32.8313424844489, 84.14558981623476, 94.38921261533605, 6.032850255165885, 141.53419416876375, 228.70256357194853, 4.216099225128616, 12.63479779535886, 358.7356548541172, 53.137628161179634, 37.466715459881534, 3.96633947535672, 118.17030493469495, 34.42532466485347, 51.60820935287075, 60.162435410280665, 17.568062761626486, 3.005990016369231, 24.307584679790196, 80.0966210967085, 59.74790595850045, 241.8124062860096, 249.28914972851342, 77.06608389771148, 71.60142444844631, 173.5458102116016, 76.67999838292687, 13.991457256617709, 86.36300713605955, 1.582153695819457]]"
73,"[[(0, 22), (0, 23), (0, 39), (11, 19), (20, 31), (20, 32), (22, 5), (10, 15), (24, 25), (2, 32), (6, 24), (17, 7), (17, 26), (17, 29), (3, 16), (16, 6), (19, 30), (26, 28), (37, 30), (4, 2), (21, 10), (7, 12), (8, 27), (27, 5), (31, 24), (31, 35), (31, 38), (14, 37), (33, 17), (33, 25), (33, 32)]]","[[131.8575836939425, 88.29593412311759, 981.5150156108657, 160.83200830085582, 9.875509480225464, 136.35102234657717, 183.17946819221845, 1.0180907301801239, 15.739499083729239, 338.1339090957827, 55.32426201123864, 36.82206079561103, 2.2680828296739626, 117.51312494656817, 51.25752355000242, 47.29661696564449, 66.27874041202202, 10.52817718198747, 3.0703395669034483, 24.125561794207215, 67.53549598042383, 51.979245997569684, 266.71130119023695, 172.6188422928148, 75.20623262271417, 93.51447079950267, 142.76640022426025, 185.9085886426492, 13.02318618122671, 88.66717940225367, 5.2468708440919904]]"
74,"[[(0, 22), (0, 23), (0, 39), (11, 19), (20, 31), (20, 32), (22, 5), (10, 15), (24, 25), (2, 32), (6, 24), (17, 7), (17, 26), (17, 29), (3, 16), (16, 6), (19, 30), (26, 28), (37, 30), (4, 2), (21, 10), (7, 12), (8, 27), (27, 5), (31, 24), (31, 35), (31, 38), (14, 37), (33, 17), (33, 25), (33, 32)]]","[[227.94766467546597, 59.14292446708714, 992.45801401077, 84.55694731711584, 3.424204580080773, 132.74181982682111, 192.00189426897163, 1.394649855588428, 8.050686189633582, 350.0775396697014, 52.50295651041587, 50.42465975684776, 1.8858712239128117, 118.19944333652738, 45.93052338383586, 18.125167838004636, 49.57336608372256, 3.6541781123449693, 3.8962131991281095, 24.43300054065875, 90.83258470766742, 24.634862640818195, 345.1491259595763, 325.9933636821107, 66.52263709203537, 80.08139482573506, 62.05626898757973, 354.11614932494206, 10.804170809240688, 87.05257168480392, 2.60581526066714]]"
75,"[[(0, 22), (0, 23), (0, 39), (11, 19), (20, 31), (20, 32), (22, 5), (10, 15), (24, 25), (2, 32), (6, 24), (17, 7), (17, 26), (17, 29), (3, 16), (16, 6), (19, 30), (26, 28), (37, 30), (4, 2), (21, 10), (7, 12), (8, 27), (27, 5), (31, 24), (31, 35), (31, 38), (14, 37), (33, 17), (33, 25), (33, 32)]]","[[364.5554060020011, 67.631510054154, 840.4944790680239, 55.805018058899975, 6.960181498087545, 133.79867002917734, 223.75181045930555, 4.323227626079964, 7.547931990371152, 281.47597835611305, 48.140235620129054, 45.90810786718156, 1.4700621715016333, 69.05996671141442, 55.286324221509005, 74.86910293500796, 51.440089829834626, 15.395066646309246, 3.8054570734870987, 23.497970090000834, 63.77689511541671, 62.08386933818023, 325.6013584275496, 282.76740007108526, 70.30670401612034, 58.607911485980836, 104.18207392332278, 170.71194477465943, 12.52668313463668, 87.77444902039478, 3.7735094149305652]]"
76,"[[(0, 22), (0, 23), (0, 39), (11, 19), (20, 31), (20, 32), (22, 5), (10, 15), (24, 25), (2, 32), (6, 24), (17, 7), (17, 26), (17, 29), (3, 16), (16, 6), (19, 30), (26, 28), (37, 30), (4, 2), (21, 10), (7, 12), (8, 27), (27, 5), (31, 24), (31, 35), (31, 38), (14, 37), (33, 17), (33, 25), (33, 32)]]","[[284.981611234405, 71.99022344651874, 280.3141789157451, 165.11538330165354, 10.779760640414263, 133.78505964636807, 211.6106672103731, 3.36447398744346, 8.074534290582701, 285.1857468580787, 52.591920864516304, 36.54926677314998, 4.857000117229722, 62.769155507211735, 70.16778600404714, 45.221516595973455, 42.231715114380705, 17.813075148346577, 4.395490955598904, 23.103792208624654, 29.568059216820387, 90.86160384627426, 119.8320048103405, 163.41647605487924, 69.06563858783305, 100.94245380982014, 137.14049219838574, 620.4096646411897, 10.396304800443204, 76.1844949530132, 5.665815475278682]]"
77,"[[(0, 22), (0, 23), (0, 39), (11, 19), (20, 31), (20, 32), (22, 5), (10, 15), (24, 25), (2, 32), (6, 24), (17, 7), (17, 26), (17, 29), (3, 16), (16, 6), (19, 30), (26, 28), (37, 30), (4, 2), (21, 10), (7, 12), (8, 27), (27, 5), (31, 24), (31, 35), (31, 38), (14, 37), (33, 17), (33, 25), (33, 32)]]","[[132.84893498986543, 63.585136757541974, 969.6110641244369, 50.02969554681698, 27.578068012156745, 136.27955988357397, 224.33785137129993, 3.6549399170897257, 19.329110879151315, 264.2867414752695, 48.02832589852083, 50.76480226315283, 1.763606209497195, 81.25272293240653, 45.903908857556594, 23.190393351945566, 60.928030791382824, 12.845655153296306, 4.290470685485441, 24.968748169470015, 48.08983296674077, 83.98888551481338, 340.0078520604844, 401.6956894876275, 80.15264616075234, 98.90750228490009, 158.70142574777404, 363.69758265017293, 8.796413343074533, 83.27793064656426, 6.147948206449558]]"
78,"[[(0, 22), (0, 23), (0, 39), (11, 19), (20, 31), (20, 32), (22, 5), (10, 15), (24, 25), (2, 32), (6, 24), (17, 7), (17, 26), (17, 29), (3, 16), (16, 6), (19, 30), (26, 28), (37, 30), (4, 2), (21, 10), (7, 12), (8, 27), (27, 5), (31, 24), (31, 35), (31, 38), (14, 37), (33, 17), (33, 25), (33, 32)]]","[[101.05797704936369, 66.50696552155296, 607.2242578824904, 62.30321305782941, 26.002878408154295, 135.56842310708555, 221.52165237348618, 1.5764851121377523, 0.14676189051399624, 305.1201901750143, 55.139049014615196, 39.191225944306694, 1.7589708586298332, 111.60434335925737, 63.53177455995576, 100.97720709443249, 61.967043882468936, 9.780362652519006, 4.446426988465031, 24.919593590691377, 27.20543862122286, 78.86142596410366, 98.93002286523952, 386.88569730724805, 79.89039380097297, 54.79668007915675, 33.844525572361405, 404.57396817121423, 8.589836878555264, 79.09981122820633, 4.25522193128375]]"
79,"[[(0, 22), (0, 23), (0, 39), (11, 19), (20, 31), (20, 32), (22, 5), (10, 15), (24, 25), (2, 32), (6, 24), (17, 7), (17, 26), (17, 29), (3, 16), (16, 6), (19, 30), (26, 28), (37, 30), (4, 2), (21, 10), (7, 12), (8, 27), (27, 5), (31, 24), (31, 35), (31, 38), (14, 37), (33, 17), (33, 25), (33, 32)]]","[[342.8778699214961, 51.291029210477454, 667.351034044754, 144.90297117968692, 35.21622987723101, 132.16430257826786, 175.55669013257457, 4.305280343946882, 21.962458043351, 377.56721090301755, 55.14627504521465, 43.472924941714325, 1.8833936071236872, 66.99132120396834, 55.442155384246064, 69.47173993706878, 48.249840116782124, 17.73547511517836, 4.095369133568968, 24.087199211523643, 67.27979217191546, 83.43699820095883, 320.260361378306, 145.27994536917635, 76.02345594191489, 74.51469620106454, 163.11858143100798, 410.0110579840472, 9.613076210030766, 83.4802616163062, 8.58539462124224]]"
80,"[[(0, 22), (0, 23), (0, 39), (11, 19), (20, 31), (20, 32), (22, 5), (10, 15), (24, 25), (2, 32), (6, 24), (17, 7), (17, 26), (17, 29), (3, 16), (16, 6), (19, 30), (26, 28), (37, 30), (4, 2), (21, 10), (7, 12), (8, 27), (27, 5), (31, 24), (31, 35), (31, 38), (14, 37), (33, 17), (33, 25), (33, 32)]]","[[179.56084798773793, 69.67474350321231, 454.46226807571895, 121.81308704053045, 47.160072809355704, 141.46021203271266, 226.00609305245365, 1.818744531688964, 4.779972456759943, 339.6722968179056, 48.339677124133054, 43.22674439577474, 1.2038054504531739, 130.99736971098406, 53.09269499786009, 64.26950805749506, 66.83980859331221, 16.24186409033785, 3.3846249146869014, 24.754865282865122, 17.521877132884832, 88.82920774616512, 215.58272024824362, 238.73772263983312, 81.10947642645242, 84.3306516187506, 27.60757110582431, 427.71474153437407, 14.386787682888269, 84.92638578683913, 6.506078670254525]]"
81,"[[(0, 22), (0, 23), (0, 39), (11, 19), (20, 31), (20, 32), (22, 5), (10, 15), (24, 25), (2, 32), (6, 24), (17, 7), (17, 26), (17, 29), (3, 16), (16, 6), (19, 30), (26, 28), (37, 30), (4, 2), (21, 10), (7, 12), (8, 27), (27, 5), (31, 24), (31, 35), (31, 38), (14, 37), (33, 17), (33, 25), (33, 32)]]","[[356.61113726080237, 27.521849599088636, 853.0021596878075, 49.27580128542168, 46.105456532998275, 137.5215655502001, 182.10896743185396, 3.014309765038241, 25.343927188582285, 367.691590855233, 49.66662073878234, 46.38652744260234, 2.3600241387436527, 51.1674613101986, 55.23654640048052, 82.8935237649467, 68.30434055866216, 16.039730408480402, 3.695345979378507, 23.299713443196026, 27.67722184920883, 46.97166989872544, 148.0300159526953, 185.1765034270403, 62.4694258726004, 90.94736092516676, 79.80631811729349, 349.4788170446272, 9.249935253026646, 85.97576283797368, 1.3285355931309777]]"
82,"[[(0, 22), (0, 23), (0, 39), (11, 19), (20, 31), (20, 32), (22, 5), (10, 15), (24, 25), (2, 32), (6, 24), (17, 7), (17, 26), (17, 29), (3, 16), (16, 6), (19, 30), (26, 28), (37, 30), (4, 2), (21, 10), (7, 12), (8, 27), (27, 5), (31, 24), (31, 35), (31, 38), (14, 37), (33, 17), (33, 25), (33, 32)]]","[[319.6128177846839, 57.266126008243376, 984.0874339013711, 164.0927194157919, 24.04324285944986, 131.66240062447903, 187.63234394584305, 4.967544998059475, 25.84384472217373, 300.4166946189227, 52.647161050844566, 53.08505650836167, 3.4956360126171475, 134.2232715777102, 64.04312974949983, 112.10928219082987, 50.26781225380546, 14.687377533136367, 3.3947816345373822, 23.086913155654848, 41.29977354359249, 90.87595770440801, 242.70883497177067, 295.7660400898715, 65.65763923557518, 88.91543883078074, 169.74311749345782, 626.1812558778278, 13.339189260581955, 80.75530336122515, 1.404794160090404]]"
83,"[[(0, 22), (0, 23), (0, 39), (11, 19), (20, 31), (20, 32), (22, 5), (10, 15), (24, 25), (2, 32), (6, 24), (17, 7), (17, 26), (17, 29), (3, 16), (16, 6), (19, 30), (26, 28), (37, 30), (4, 2), (21, 10), (7, 12), (8, 27), (27, 5), (31, 24), (31, 35), (31, 38), (14, 37), (33, 17), (33, 25), (33, 32)]]","[[266.29187999036253, 111.92307059629829, 574.8669178920301, 155.2131467271288, 7.942402103630247, 142.3869120093866, 202.52284885747414, 1.5786382069013172, 16.226168075214623, 412.44990767896167, 50.03969387757376, 41.63802289126405, 2.734863522273332, 145.8961419715459, 28.08766949831713, 82.28082090905274, 51.749950290315866, 11.03160937329576, 4.182568554516247, 23.372182239255327, 90.60074779188467, 81.11816480696162, 410.1387615574183, 377.57511315124043, 75.71123428386505, 97.07370410989708, 45.937972665704805, 31.994075479118386, 10.45682716285539, 90.22718753701554, 3.4888239143969093]]"
84,"[[(0, 22), (0, 23), (0, 39), (11, 19), (20, 31), (20, 32), (22, 5), (10, 15), (24, 25), (2, 32), (6, 24), (17, 7), (17, 26), (17, 29), (3, 16), (16, 6), (19, 30), (26, 28), (37, 30), (4, 2), (21, 10), (7, 12), (8, 27), (27, 5), (31, 24), (31, 35), (31, 38), (14, 37), (33, 17), (33, 25), (33, 32)]]","[[309.3967156208845, 81.49631384050441, 1068.52578263807, 149.97370704426066, 38.5207459026291, 136.78737500883358, 228.48432373849027, 3.2477632249445247, 18.357696202405013, 309.3473283305841, 50.19205222894795, 50.968739596342495, 2.558433664056207, 64.91960967652935, 46.15429431013848, 116.08368596292692, 59.122158138628556, 4.6192141643841085, 4.722612034160282, 24.963825504126316, 90.3078786121394, 70.7006266223319, 92.15207131648626, 216.02740978637058, 76.98448968329522, 58.443881974547566, 135.22188499003417, 318.98034040517445, 10.198979217624164, 82.62647241844553, 8.727778767830285]]"
85,"[[(0, 22), (0, 23), (0, 39), (11, 19), (20, 31), (20, 32), (22, 5), (10, 15), (24, 25), (2, 32), (6, 24), (17, 7), (17, 26), (17, 29), (3, 16), (16, 6), (19, 30), (26, 28), (37, 30), (4, 2), (21, 10), (7, 12), (8, 27), (27, 5), (31, 24), (31, 35), (31, 38), (14, 37), (33, 17), (33, 25), (33, 32)]]","[[369.5871925882005, 114.57886455237127, 527.6657688714954, 90.04767769728025, 36.911222052316695, 132.00886948554304, 216.86810293401996, 4.111863992807393, 23.042254242861887, 338.16848338043343, 52.88038548208234, 50.808916841618306, 1.1292826194424017, 151.26591166535684, 34.32514380543087, 32.80819453028853, 52.454273021856835, 16.757498751329557, 3.3265260903373566, 23.65990011007604, 87.44527056098104, 35.45361883853931, 128.20142442728024, 350.08049930794516, 63.75041197430864, 95.0605021181868, 34.814026215522965, 139.17865379423108, 14.026174280260745, 92.87266186691883, 2.8375463513622803]]"
86,"[[(0, 22), (0, 23), (0, 39), (11, 19), (20, 31), (20, 32), (22, 5), (10, 15), (24, 25), (2, 32), (6, 24), (17, 7), (17, 26), (17, 29), (3, 16), (16, 6), (19, 30), (26, 28), (37, 30), (4, 2), (21, 10), (7, 12), (8, 27), (27, 5), (31, 24), (31, 35), (31, 38), (14, 37), (33, 17), (33, 25), (33, 32)]]","[[151.36351768377043, 84.61436440400102, 756.3220506859748, 66.10643210150656, 23.19241672865733, 135.8497123720651, 208.52467065071494, 2.7059789506917467, 23.201924010934075, 413.89694132258205, 54.41866825460413, 38.7888527866545, 3.6304444201240944, 52.86374329807924, 33.266718423740016, 125.66656551856696, 56.7264940211413, 14.247293384907772, 4.144005054562127, 24.897699781233992, 86.22700398728732, 53.52668702057672, 118.07577168903853, 147.3756282249932, 77.32293838148838, 94.62148893835945, 70.09572697298708, 362.11693265341137, 10.713474559601833, 84.3034811556303, 3.7395824460826645]]"
87,"[[(0, 22), (0, 23), (0, 39), (11, 19), (20, 31), (20, 32), (22, 5), (10, 15), (24, 25), (2, 32), (6, 24), (17, 7), (17, 26), (17, 29), (3, 16), (16, 6), (19, 30), (26, 28), (37, 30), (4, 2), (21, 10), (7, 12), (8, 27), (27, 5), (31, 24), (31, 35), (31, 38), (14, 37), (33, 17), (33, 25), (33, 32)]]","[[212.23784619298902, 24.71889078600314, 151.38939193199786, 38.47340078864747, 14.009574171198135, 136.09398279741268, 209.46302552157567, 3.5212942944428653, 17.230872286555844, 275.50057246139545, 48.152673597616754, 53.678437140097145, 4.0371621764821635, 148.07176493762046, 70.14012769035062, 48.67059870081212, 69.23094113070972, 19.301794984710547, 3.7243603804195713, 24.391794547988606, 64.987673451995, 22.00531660072655, 122.77884209635263, 161.21199041491835, 67.43664709408218, 69.16844442899728, 44.1542140630539, 212.03789978581906, 14.163044366691308, 78.93901131640318, 6.257443310467162]]"
88,"[[(0, 22), (0, 23), (0, 39), (11, 19), (20, 31), (20, 32), (22, 5), (10, 15), (24, 25), (2, 32), (6, 24), (17, 7), (17, 26), (17, 29), (3, 16), (16, 6), (19, 30), (26, 28), (37, 30), (4, 2), (21, 10), (7, 12), (8, 27), (27, 5), (31, 24), (31, 35), (31, 38), (14, 37), (33, 17), (33, 25), (33, 32)]]","[[158.83758095037155, 88.88057900276007, 975.7018728201288, 137.2917297802111, 9.852032722291678, 142.20912546785166, 221.98278220492728, 4.774749723026085, 2.9421406439765976, 278.5153073791803, 55.51015752350997, 44.81138965845929, 4.989431933659807, 126.83881875438045, 31.93668200536735, 113.8785587606129, 40.78633116077904, 16.21679867066908, 4.317659342828101, 24.077024578881478, 34.377941414517835, 68.4767005555251, 73.99193461820563, 392.677500255195, 68.114072923008, 86.7871699074147, 31.408110390077397, 30.771656827324144, 15.354987469271052, 76.5747843268028, 3.8334015734164515]]"
89,"[[(0, 22), (0, 23), (0, 39), (11, 19), (20, 31), (20, 32), (22, 5), (10, 15), (24, 25), (2, 32), (6, 24), (17, 7), (17, 26), (17, 29), (3, 16), (16, 6), (19, 30), (26, 28), (37, 30), (4, 2), (21, 10), (7, 12), (8, 27), (27, 5), (31, 24), (31, 35), (31, 38), (14, 37), (33, 17), (33, 25), (33, 32)]]","[[280.52670994519497, 35.5044297702279, 640.7612761462274, 105.14181966576317, 42.969709080964236, 136.33268152160917, 191.73562619411567, 1.7144723901963363, 0.15588882239839075, 342.3266353210846, 55.34161847849321, 42.03642854117841, 3.0630521299380753, 65.61377853489331, 52.63214383394133, 96.79403671273597, 43.18256231476954, 12.62814965197205, 4.664334499694375, 23.699196215564854, 72.67089638514088, 79.60014102276412, 233.03922473444126, 366.7776137109214, 63.92635377231199, 42.12086447341196, 172.49902289391113, 362.0103380423023, 10.483949916394497, 92.57669812782322, 8.87109029394951]]"
90,"[[(0, 22), (0, 23), (0, 39), (11, 19), (20, 31), (20, 32), (22, 5), (10, 15), (24, 25), (2, 32), (6, 24), (17, 7), (17, 26), (17, 29), (3, 16), (16, 6), (19, 30), (26, 28), (37, 30), (4, 2), (21, 10), (7, 12), (8, 27), (27, 5), (31, 24), (31, 35), (31, 38), (14, 37), (33, 17), (33, 25), (33, 32)]]","[[174.8784981046256, 47.81688879013701, 580.4810933337129, 142.56463508562928, 7.053714369945635, 139.45948702854005, 231.84873535546785, 3.316852615307068, 24.750950270841034, 413.706891611119, 49.82794577598422, 40.866171986899424, 2.4868769278581997, 47.90908332405467, 54.694245823193796, 114.85430817941618, 52.8828316000834, 5.926172981716482, 4.9055896605982445, 23.619209547407706, 74.34551730771113, 71.7245064321769, 276.55311086591416, 194.45581084121025, 71.48184385978463, 101.22699038809579, 22.731404813452514, 164.71826221874122, 13.356286179192722, 88.14221190930596, 4.126636719604381]]"
91,"[[(0, 22), (0, 23), (0, 39), (11, 19), (20, 31), (20, 32), (22, 5), (10, 15), (24, 25), (2, 32), (6, 24), (17, 7), (17, 26), (17, 29), (3, 16), (16, 6), (19, 30), (26, 28), (37, 30), (4, 2), (21, 10), (7, 12), (8, 27), (27, 5), (31, 24), (31, 35), (31, 38), (14, 37), (33, 17), (33, 25), (33, 32)]]","[[178.10218808045357, 97.5974309632227, 737.6263719192098, 94.80986151094712, 42.91788152569273, 137.29435015366278, 224.6938707987562, 3.5890000103492685, 0.21146359885338217, 266.72282149599124, 50.435926213762876, 43.83421914833673, 2.878070698297922, 155.8222230441277, 62.77781769149387, 40.103438189517135, 68.4104014850855, 13.037665320874703, 4.940654779350793, 24.952255058681825, 50.213573430266244, 31.60173026811241, 165.83264805283795, 377.94235652519774, 69.64687956117707, 80.14472858325308, 146.981077411007, 79.8423290531101, 13.75217519815566, 78.08093843219632, 4.51393210007057]]"
92,"[[(0, 22), (0, 23), (0, 39), (11, 19), (20, 31), (20, 32), (22, 5), (10, 15), (24, 25), (2, 32), (6, 24), (17, 7), (17, 26), (17, 29), (3, 16), (16, 6), (19, 30), (26, 28), (37, 30), (4, 2), (21, 10), (7, 12), (8, 27), (27, 5), (31, 24), (31, 35), (31, 38), (14, 37), (33, 17), (33, 25), (33, 32)]]","[[128.217855787938, 80.97253747733649, 580.4527852669463, 103.46982936708031, 36.72711101483971, 142.92112171764197, 212.0400374253514, 2.2807463444857787, 16.26244960660491, 273.9182746914687, 50.80802733548066, 42.695812662209896, 3.2046395190225487, 153.6514584952395, 37.252126039623505, 77.18325701459597, 67.24828081874313, 12.396944445793094, 4.7927302600839985, 24.065793142358572, 87.27999654759836, 41.375443604622276, 277.35067196036204, 252.18775228235077, 71.45287022917958, 42.2001516151788, 177.39611915771897, 465.9750037394989, 10.57024519105274, 80.97369260925672, 4.236714083039935]]"
93,"[[(0, 22), (0, 23), (0, 39), (11, 19), (20, 31), (20, 32), (22, 5), (10, 15), (24, 25), (2, 32), (6, 24), (17, 7), (17, 26), (17, 29), (3, 16), (16, 6), (19, 30), (26, 28), (37, 30), (4, 2), (21, 10), (7, 12), (8, 27), (27, 5), (31, 24), (31, 35), (31, 38), (14, 37), (33, 17), (33, 25), (33, 32)]]","[[298.06499136096073, 79.17249032819534, 54.304034510554196, 36.8902387839035, 3.119269857250425, 130.65684414754787, 218.36504952964606, 3.9527995433917242, 23.80396147060195, 346.48260630316645, 52.85240293827825, 43.0179263160561, 4.717371083527218, 150.1165474187328, 49.4291355728658, 84.44179844181812, 63.973630147810844, 5.5004800222428525, 4.434477423374534, 24.98217548079143, 60.519117244679066, 43.75098526088284, 201.900623923799, 262.3067812838991, 78.75099205546253, 49.61240424744741, 104.26197755083965, 415.74894786926103, 13.423972140884672, 85.99634919233316, 7.370020050706242]]"
94,"[[(0, 22), (0, 23), (0, 39), (11, 19), (20, 31), (20, 32), (22, 5), (10, 15), (24, 25), (2, 32), (6, 24), (17, 7), (17, 26), (17, 29), (3, 16), (16, 6), (19, 30), (26, 28), (37, 30), (4, 2), (21, 10), (7, 12), (8, 27), (27, 5), (31, 24), (31, 35), (31, 38), (14, 37), (33, 17), (33, 25), (33, 32)]]","[[189.78748989528694, 47.8072139649544, 1151.2281494428603, 130.43917975701132, 47.60987516528523, 130.45561329579868, 182.8348537970568, 2.1753832608286823, 3.2647785929729305, 275.4288370344636, 53.80134986266158, 52.13271620035589, 2.2195016255368154, 77.91264309603025, 72.66037412733088, 27.18344773886685, 66.16020980804097, 11.480363242389137, 4.050794300555304, 24.70477595137028, 84.27650655399904, 21.92675298252374, 322.54125873377063, 340.4726242110927, 82.20783897229796, 83.20766851043018, 40.61029188894476, 435.9713949974663, 13.900584766105919, 84.57174939867906, 1.529537089624382]]"
95,"[[(0, 22), (0, 23), (0, 39), (11, 19), (20, 31), (20, 32), (22, 5), (10, 15), (24, 25), (2, 32), (6, 24), (17, 7), (17, 26), (17, 29), (3, 16), (16, 6), (19, 30), (26, 28), (37, 30), (4, 2), (21, 10), (7, 12), (8, 27), (27, 5), (31, 24), (31, 35), (31, 38), (14, 37), (33, 17), (33, 25), (33, 32)]]","[[101.7492359298114, 65.92501172206268, 930.1024981570815, 63.43140036853683, 39.32685071963583, 130.8870452190797, 191.37878829427783, 3.133175420645054, 4.878799634811174, 370.19937922785107, 53.197985782851084, 48.55610144310924, 3.909474680629831, 139.09805130997, 41.22535200013504, 57.19289094822139, 41.009791676726124, 4.861264869282596, 4.200834769710643, 24.700151879902947, 87.5693581471723, 58.62911551972104, 387.5828807027678, 297.96874493687636, 75.32864593070514, 99.58241168935348, 14.22835640534326, 617.4474904888605, 8.962015077785878, 91.41847064149108, 2.897215789040004]]"
96,"[[(0, 22), (0, 23), (0, 39), (11, 19), (20, 31), (20, 32), (22, 5), (10, 15), (24, 25), (2, 32), (6, 24), (17, 7), (17, 26), (17, 29), (3, 16), (16, 6), (19, 30), (26, 28), (37, 30), (4, 2), (21, 10), (7, 12), (8, 27), (27, 5), (31, 24), (31, 35), (31, 38), (14, 37), (33, 17), (33, 25), (33, 32)]]","[[207.09575757969384, 51.902497993143925, 62.79776097145493, 148.4869354966346, 8.899495067137856, 136.61351949903656, 197.3314768394476, 1.8692742184389037, 23.888954460416553, 361.9060461087314, 50.53884253745594, 41.234206797934675, 2.2350991845183152, 103.26229789787155, 47.37254622356601, 23.799668911190587, 67.55246976100706, 15.408567300469246, 4.882700315755876, 23.979405361321405, 56.75908712212666, 28.545465050214833, 294.8176435494807, 387.28920559366463, 81.9438722545496, 42.03650049824924, 162.04198036933855, 577.5139498259903, 15.926991445622331, 86.91368509557721, 7.108835405025128]]"
97,"[[(0, 22), (0, 23), (0, 39), (11, 19), (20, 31), (20, 32), (22, 5), (10, 15), (24, 25), (2, 32), (6, 24), (17, 7), (17, 26), (17, 29), (3, 16), (16, 6), (19, 30), (26, 28), (37, 30), (4, 2), (21, 10), (7, 12), (8, 27), (27, 5), (31, 24), (31, 35), (31, 38), (14, 37), (33, 17), (33, 25), (33, 32)]]","[[169.10889814780597, 33.12991594888576, 569.7791587933808, 36.302325139259814, 21.07061187073305, 134.23562785231388, 231.86758658884952, 2.436149440094573, 5.352351277525884, 346.7280613618266, 48.53067987858006, 45.668571556926665, 4.193093164537298, 60.91022446712843, 45.897319788881376, 114.04529058996212, 59.941178462224016, 15.96106042859221, 3.1733405987584664, 23.23889312889678, 33.442563980378765, 39.505105523291334, 337.7128289551605, 381.6715843143263, 59.21813548632867, 98.97809528326103, 14.017889442034472, 317.035643041716, 15.499017173277705, 93.08927086815902, 4.152802110060473]]"
98,"[[(0, 22), (0, 23), (0, 39), (11, 19), (20, 31), (20, 32), (22, 5), (10, 15), (24, 25), (2, 32), (6, 24), (17, 7), (17, 26), (17, 29), (3, 16), (16, 6), (19, 30), (26, 28), (37, 30), (4, 2), (21, 10), (7, 12), (8, 27), (27, 5), (31, 24), (31, 35), (31, 38), (14, 37), (33, 17), (33, 25), (33, 32)]]","[[336.50822415156887, 90.2367400360799, 154.3934661348874, 135.22940580568692, 22.61328906211094, 130.17043483301566, 199.94170501522092, 2.3200608367457134, 22.765589381713852, 351.7969329087036, 54.482944974032776, 47.517687096433015, 3.270280079875663, 140.05718078257277, 39.47982112576494, 99.15038639987749, 64.50440043049228, 19.907330411331166, 3.400358291359807, 23.042859114376547, 28.627644152098807, 20.116672450060385, 125.88047220226363, 200.2619166556693, 79.72506998774003, 44.87617641063151, 157.5725758548899, 40.028450200121085, 13.61455501978756, 84.02344471960569, 8.318550481304978]]"
99,"[[(0, 22), (0, 23), (0, 39), (11, 19), (20, 31), (20, 32), (22, 5), (10, 15), (24, 25), (2, 32), (6, 24), (17, 7), (17, 26), (17, 29), (3, 16), (16, 6), (19, 30), (26, 28), (37, 30), (4, 2), (21, 10), (7, 12), (8, 27), (27, 5), (31, 24), (31, 35), (31, 38), (14, 37), (33, 17), (33, 25), (33, 32)]]","[[246.6842297950723, 51.776251253746366, 51.76146084184832, 116.48139748547403, 26.76174028387945, 133.39188355147675, 211.53844077421286, 2.644230826836721, 19.548120846043922, 409.92047761443905, 50.84374640663553, 46.248103368259265, 2.16929563532678, 159.277257244064, 47.43003597017934, 35.62355028104405, 49.56979277381072, 5.658729908557105, 4.955128948953358, 24.960787371070083, 14.908724124905643, 28.67375492070071, 169.58707011758364, 385.09528935941177, 73.77913655525883, 62.23282349443939, 27.481977383369546, 187.29383345342166, 9.220265569066964, 91.30847648144425, 8.486805432065387]]"
100,"[[(0, 22), (0, 23), (0, 39), (11, 19), (20, 31), (20, 32), (22, 5), (10, 15), (24, 25), (2, 32), (6, 24), (17, 7), (17, 26), (17, 29), (3, 16), (16, 6), (19, 30), (26, 28), (37, 30), (4, 2), (21, 10), (7, 12), (8, 27), (27, 5), (31, 24), (31, 35), (31, 38), (14, 37), (33, 17), (33, 25), (33, 32)]]","[[273.79396708914254, 72.4505451477859, 856.0948124923019, 119.73632763241996, 16.25123220639624, 141.92667996489604, 227.16873091597031, 3.882846597915993, 9.745848091683639, 382.06025310233315, 53.39222686900466, 38.986352187275635, 3.7615055602709333, 115.28767312740766, 50.36321128366326, 50.82061834059609, 50.21745098639038, 8.827634865047786, 4.9748376556221645, 23.953801963134442, 68.7076818055582, 59.70009966805919, 91.94211048018693, 301.15453428307353, 60.166209583927596, 94.92062498709303, 55.06069531809247, 147.73631284596755, 11.317118908310428, 80.47176265837271, 3.747157647169134]]"
101,"[[(0, 22), (0, 23), (0, 39), (11, 19), (20, 31), (20, 32), (22, 5), (10, 15), (24, 25), (2, 32), (6, 24), (17, 7), (17, 26), (17, 29), (3, 16), (16, 6), (19, 30), (26, 28), (37, 30), (4, 2), (21, 10), (7, 12), (8, 27), (27, 5), (31, 24), (31, 35), (31, 38), (14, 37), (33, 17), (33, 25), (33, 32)]]","[[124.566784411192, 63.615463246192355, 958.3221026245601, 141.1458060737127, 38.066153175786894, 131.99641332279012, 210.34327393710709, 3.866177496376985, 25.467781608843655, 307.11704722928687, 52.42193091433562, 41.05762610776181, 1.2885138878161735, 98.17416517642522, 34.75120802603798, 51.138824885479806, 65.61356758227127, 4.672610798933093, 4.226456015676204, 24.07684693595025, 85.99790121345568, 31.389552573330857, 76.86536501724352, 327.99533263706405, 72.11483587193683, 97.7495633785328, 40.012017107636275, 295.40402112410965, 15.715051197392626, 94.54972440406613, 1.2602733899262804]]"
102,"[[(0, 22), (0, 23), (0, 39), (11, 19), (20, 31), (20, 32), (22, 5), (10, 15), (24, 25), (2, 32), (6, 24), (17, 7), (17, 26), (17, 29), (3, 16), (16, 6), (19, 30), (26, 28), (37, 30), (4, 2), (21, 10), (7, 12), (8, 27), (27, 5), (31, 24), (31, 35), (31, 38), (14, 37), (33, 17), (33, 25), (33, 32)]]","[[238.1750253422733, 85.20264437246723, 801.6988282177604, 73.26000315588976, 17.418779913440165, 131.52073734998345, 215.61632337596552, 4.942241280657522, 21.082684555808324, 357.6441136608987, 53.17073880284194, 45.27301403872547, 1.1598178090098492, 98.62397069949824, 58.810259107330126, 51.28730554458793, 61.32779734662279, 14.908022251604313, 3.67033982624557, 24.342624904664362, 42.30666587580371, 85.25951658403704, 385.390289012205, 183.45647363406795, 79.61229378007565, 69.22916821858837, 80.68395208175174, 431.20003158499867, 15.403856370010526, 84.31295887051971, 5.009646604517677]]"
103,"[[(0, 22), (0, 23), (0, 39), (11, 19), (20, 31), (20, 32), (22, 5), (10, 15), (24, 25), (2, 32), (6, 24), (17, 7), (17, 26), (17, 29), (3, 16), (16, 6), (19, 30), (26, 28), (37, 30), (4, 2), (21, 10), (7, 12), (8, 27), (27, 5), (31, 24), (31, 35), (31, 38), (14, 37), (33, 17), (33, 25), (33, 32)]]","[[131.36798820736473, 70.182418004656, 51.47832954460557, 58.48545593773474, 7.02099157946133, 141.37992168041347, 203.56758062993677, 4.362279151185419, 3.7589627162102097, 270.1767718233212, 50.27434909762079, 51.42731703524559, 3.074426714511582, 107.39832440169221, 71.50410571892039, 99.89199192243103, 61.873073895851846, 6.416495929677625, 3.477176774705959, 23.953703185785844, 73.67035367155799, 64.51512103112326, 329.01475427191184, 276.97661693180333, 75.68766576769839, 107.92481490256127, 167.36647788973855, 34.028831562781534, 12.064179509878755, 93.19030359916674, 1.8272641073228888]]"
104,"[[(0, 22), (0, 23), (0, 39), (11, 19), (20, 31), (20, 32), (22, 5), (10, 15), (24, 25), (2, 32), (6, 24), (17, 7), (17, 26), (17, 29), (3, 16), (16, 6), (19, 30), (26, 28), (37, 30), (4, 2), (21, 10), (7, 12), (8, 27), (27, 5), (31, 24), (31, 35), (31, 38), (14, 37), (33, 17), (33, 25), (33, 32)]]","[[130.63717479499033, 93.80184219953415, 870.9273117094998, 70.34979901015652, 34.29235927218461, 134.1773463606316, 224.25123658290624, 3.094920043324077, 11.37032054024176, 326.4809845190328, 48.84791523649639, 45.07296794271503, 1.7213820855772122, 128.39409584062975, 48.23178143507844, 56.889237134862235, 37.84463479359828, 15.488726968910802, 4.005157785919503, 24.97190413652743, 47.78905028955304, 83.66729974152439, 114.51303915409467, 314.8958738791155, 80.895806098319, 56.930590459947474, 74.12409528011636, 377.52948630566783, 13.350290500714827, 90.35598028582243, 6.648807105184964]]"
105,"[[(0, 22), (0, 23), (0, 39), (11, 19), (20, 31), (20, 32), (22, 5), (10, 15), (24, 25), (2, 32), (6, 24), (17, 7), (17, 26), (17, 29), (3, 16), (16, 6), (19, 30), (26, 28), (37, 30), (4, 2), (21, 10), (7, 12), (8, 27), (27, 5), (31, 24), (31, 35), (31, 38), (14, 37), (33, 17), (33, 25), (33, 32)]]","[[337.5312541423605, 50.18484770238688, 1112.7675895990865, 49.7529785470169, 38.764376199548224, 135.69280223288504, 202.49776693813055, 4.258515926427808, 6.228553318333338, 370.5776973018782, 50.272233845525996, 40.63403704273955, 4.6625639041607485, 142.41886053668316, 74.3702891165114, 32.796182951572774, 65.60557891396006, 6.982113106846291, 4.320416140347628, 23.48748977279247, 16.156443028292706, 68.40075026073852, 282.9022993336553, 223.50734131113546, 70.11906565121379, 63.6055796855066, 146.63913413628248, 572.9061014672171, 15.126711843034641, 88.29965461170593, 3.525377692956659]]"
106,"[[(0, 22), (0, 23), (0, 39), (11, 19), (20, 31), (20, 32), (22, 5), (10, 15), (24, 25), (2, 32), (6, 24), (17, 7), (17, 26), (17, 29), (3, 16), (16, 6), (19, 30), (26, 28), (37, 30), (4, 2), (21, 10), (7, 12), (8, 27), (27, 5), (31, 24), (31, 35), (31, 38), (14, 37), (33, 17), (33, 25), (33, 32)]]","[[192.48780065180975, 109.9957844837831, 979.6133817674626, 56.21080088314635, 34.49418421445678, 140.25078856633985, 182.83389479788, 3.1536863918255706, 7.83400362688296, 297.68744391097323, 51.34173532805706, 44.63811852023902, 1.9658053875986945, 89.96118241816706, 54.06625024749859, 93.14814868725327, 63.57221124275665, 8.649157257903966, 3.265930927757328, 23.955034188605733, 60.64114144569163, 29.89301707889443, 194.23770123476453, 171.11822368426468, 72.50632702863902, 35.38682079268192, 12.739534386450273, 38.470989761567125, 10.068341708606434, 82.4265842404825, 5.192733819691189]]"
107,"[[(0, 22), (0, 23), (0, 39), (11, 19), (20, 31), (20, 32), (22, 5), (10, 15), (24, 25), (2, 32), (6, 24), (17, 7), (17, 26), (17, 29), (3, 16), (16, 6), (19, 30), (26, 28), (37, 30), (4, 2), (21, 10), (7, 12), (8, 27), (27, 5), (31, 24), (31, 35), (31, 38), (14, 37), (33, 17), (33, 25), (33, 32)]]","[[361.5205166594222, 95.36789605925715, 839.7280256276924, 119.43195189635117, 17.116830826712963, 136.23732999791724, 187.45351415955673, 2.492758158585502, 23.941643128209332, 367.26957439293403, 54.093999138540966, 53.56131581950979, 3.520032829856979, 84.94233875014278, 26.819941846912982, 32.96061347045688, 59.29959558265642, 4.3349258794577095, 4.320178535531974, 23.654018624080077, 77.20586356903587, 30.81538192818055, 81.72883388968762, 204.3659284034445, 82.92652157067042, 84.30689318482092, 105.51206304220989, 169.54267277246512, 12.725795838319414, 78.3932520170333, 8.063388268591522]]"
108,"[[(0, 22), (0, 23), (0, 39), (11, 19), (20, 31), (20, 32), (22, 5), (10, 15), (24, 25), (2, 32), (6, 24), (17, 7), (17, 26), (17, 29), (3, 16), (16, 6), (19, 30), (26, 28), (37, 30), (4, 2), (21, 10), (7, 12), (8, 27), (27, 5), (31, 24), (31, 35), (31, 38), (14, 37), (33, 17), (33, 25), (33, 32)]]","[[199.04554078764875, 76.40697059306274, 432.73384561212424, 156.7152414462036, 23.886224564700274, 131.82407474383612, 186.85244510171918, 2.2177729061408753, 2.5794175922715756, 319.7656956060295, 51.017106806926265, 48.240371249427945, 2.603333116765722, 122.19282691477757, 70.70464276662105, 55.16516269360227, 38.97360422890935, 12.723136670917706, 3.9787141950675204, 24.726505005281354, 41.059219942395195, 54.3590210166053, 146.63209188054734, 246.4006486814708, 69.77896044537991, 78.07203714385577, 78.46490696507297, 411.53949099586566, 9.192276361906751, 91.98958495495886, 7.114976764627467]]"
109,"[[(0, 22), (0, 23), (0, 39), (11, 19), (20, 31), (20, 32), (22, 5), (10, 15), (24, 25), (2, 32), (6, 24), (17, 7), (17, 26), (17, 29), (3, 16), (16, 6), (19, 30), (26, 28), (37, 30), (4, 2), (21, 10), (7, 12), (8, 27), (27, 5), (31, 24), (31, 35), (31, 38), (14, 37), (33, 17), (33, 25), (33, 32)]]","[[375.9893311702128, 57.25937865351074, 125.65719559002216, 68.22625447550453, 22.57211348921675, 135.95509204899108, 192.3320074325132, 2.440495776606757, 23.076155459875306, 361.48758466697996, 48.96101538009573, 43.342506376632016, 1.591795303565939, 53.63701624243094, 38.23796492689213, 63.03553734628256, 48.22107154860073, 19.759124938698335, 3.7099369053326656, 24.590618421180032, 20.25653247266205, 43.55398304481281, 139.1410591484132, 226.46901765115678, 67.56989881090371, 43.631181695229245, 72.92548712733151, 540.7092731487633, 14.974578278545359, 85.50998582888721, 3.77997197773679]]"
110,"[[(0, 22), (0, 23), (0, 39), (11, 19), (20, 31), (20, 32), (22, 5), (10, 15), (24, 25), (2, 32), (6, 24), (17, 7), (17, 26), (17, 29), (3, 16), (16, 6), (19, 30), (26, 28), (37, 30), (4, 2), (21, 10), (7, 12), (8, 27), (27, 5), (31, 24), (31, 35), (31, 38), (14, 37), (33, 17), (33, 25), (33, 32)]]","[[374.99441032001334, 43.187485326138145, 374.66849438617237, 140.638438841036, 42.3610644937597, 141.50744346327525, 182.36664648375637, 3.5841366787931133, 18.267507038932006, 326.7563876524993, 50.67549679609187, 45.05468310400495, 4.688324079971693, 59.323126880333255, 49.87681276533769, 103.3982785805617, 39.949634060973814, 5.253241425003902, 4.391436391922458, 24.65748163772746, 78.91194830006035, 24.009703469084382, 278.0534493476008, 261.9481527994106, 72.65955752313926, 88.15729802651738, 138.8567206037273, 550.5752755344909, 10.029144009417552, 83.20488058225104, 3.952489929885724]]"
111,"[[(0, 22), (0, 23), (0, 39), (11, 19), (20, 31), (20, 32), (22, 5), (10, 15), (24, 25), (2, 32), (6, 24), (17, 7), (17, 26), (17, 29), (3, 16), (16, 6), (19, 30), (26, 28), (37, 30), (4, 2), (21, 10), (7, 12), (8, 27), (27, 5), (31, 24), (31, 35), (31, 38), (14, 37), (33, 17), (33, 25), (33, 32)]]","[[245.58006726841418, 67.33168033772839, 558.2644351847754, 132.97695208098037, 40.78849165983605, 140.08627474584293, 217.4097988628722, 3.385909701548946, 18.529131720829447, 411.2996695219408, 50.067812655434544, 37.36707355208859, 3.639777314555707, 70.94282533742175, 79.66768687559951, 68.596075560602, 47.76297060967573, 4.148509686043152, 4.5655309088752665, 24.18851107414801, 68.9377928091257, 84.70151718219347, 216.20340968649515, 318.04501911866754, 60.432028468370355, 62.02767219601584, 163.7368152225995, 563.2479581979433, 13.715281432299246, 94.46875434731777, 4.410056091937609]]"
112,"[[(0, 22), (0, 23), (0, 39), (11, 19), (20, 31), (20, 32), (22, 5), (10, 15), (24, 25), (2, 32), (6, 24), (17, 7), (17, 26), (17, 29), (3, 16), (16, 6), (19, 30), (26, 28), (37, 30), (4, 2), (21, 10), (7, 12), (8, 27), (27, 5), (31, 24), (31, 35), (31, 38), (14, 37), (33, 17), (33, 25), (33, 32)]]","[[169.871569243821, 65.64583788617614, 951.6491792585508, 73.50844202787334, 16.175355547539386, 139.05570487675658, 203.20402810106816, 4.00811161380307, 3.0458807244993116, 409.32624191649916, 49.4587095059888, 50.733992409478105, 4.980135352109859, 93.50253075698639, 32.80200007634978, 79.2780448927478, 69.10017740535815, 3.7237603128105974, 4.913861456504929, 23.38842711824817, 29.48032572133683, 78.7369903335243, 113.48816372243476, 183.16797192984316, 80.55265164434881, 79.79207808590148, 100.34318870639319, 418.6511150216553, 10.455388990588238, 94.2968070289223, 7.198939989036542]]"
113,"[[(0, 22), (0, 23), (0, 39), (11, 19), (20, 31), (20, 32), (22, 5), (10, 15), (24, 25), (2, 32), (6, 24), (17, 7), (17, 26), (17, 29), (3, 16), (16, 6), (19, 30), (26, 28), (37, 30), (4, 2), (21, 10), (7, 12), (8, 27), (27, 5), (31, 24), (31, 35), (31, 38), (14, 37), (33, 17), (33, 25), (33, 32)]]","[[92.96890556384498, 48.37803634156032, 953.5095125649292, 157.9218673502782, 19.719513988045996, 142.81485604574945, 200.49151262191072, 3.130926707309014, 10.16854897778946, 342.0686651762013, 53.61969004424668, 51.91877150497662, 3.9136373078271847, 86.67005928446817, 40.53659012122588, 102.47880469669616, 38.34082073091813, 17.246666427508302, 3.611788862489548, 23.98075258995206, 10.97878501659504, 23.840118285000486, 305.4205278197413, 144.2141377519881, 67.3071194406727, 44.910074123325465, 26.65000410969862, 502.4172887529245, 12.300528029817698, 78.46904577585374, 4.147951460198899]]"
114,"[[(0, 22), (0, 23), (0, 39), (11, 19), (20, 31), (20, 32), (22, 5), (10, 15), (24, 25), (2, 32), (6, 24), (17, 7), (17, 26), (17, 29), (3, 16), (16, 6), (19, 30), (26, 28), (37, 30), (4, 2), (21, 10), (7, 12), (8, 27), (27, 5), (31, 24), (31, 35), (31, 38), (14, 37), (33, 17), (33, 25), (33, 32)]]","[[271.5431471953482, 27.052103156109222, 577.5019451522655, 39.18801582465754, 40.6021914057917, 138.97438085025232, 195.1487233292463, 3.761760796668019, 18.558247362456733, 317.2056854798925, 48.225187204565, 48.31356623431699, 4.181882769729894, 60.8606965088829, 36.32037447704021, 33.144629713632895, 42.70814768937361, 3.4882969246275493, 3.355641367158907, 23.574663229735982, 85.98750605452533, 30.710763441546817, 84.01988611962749, 239.21182983220444, 64.33948120363246, 52.72812701101945, 94.94522726690354, 534.1727981919987, 15.808758598148708, 90.65174841522239, 5.745678570378381]]"
115,"[[(0, 22), (0, 23), (0, 39), (11, 19), (20, 31), (20, 32), (22, 5), (10, 15), (24, 25), (2, 32), (6, 24), (17, 7), (17, 26), (17, 29), (3, 16), (16, 6), (19, 30), (26, 28), (37, 30), (4, 2), (21, 10), (7, 12), (8, 27), (27, 5), (31, 24), (31, 35), (31, 38), (14, 37), (33, 17), (33, 25), (33, 32)]]","[[299.06198466739977, 98.24696560370309, 1043.642977700258, 119.07518995224845, 14.752865648937508, 135.49788432514646, 188.5448238821493, 2.8755459221790725, 11.183066560531781, 409.790486760444, 49.30421346299436, 42.17279640063271, 2.7379363077725, 110.97633841950332, 79.82103700481952, 85.81919460136405, 48.80592250173346, 12.22128650265558, 4.647407130580279, 24.520877601152623, 59.08211166130163, 22.211508920424013, 213.77317450057132, 295.32801587740676, 76.66348081489016, 73.05653687915077, 158.19202914396058, 71.56061238007376, 15.350740984470809, 81.50392122757164, 1.272854890622213]]"
116,"[[(0, 22), (0, 23), (0, 39), (11, 19), (20, 31), (20, 32), (22, 5), (10, 15), (24, 25), (2, 32), (6, 24), (17, 7), (17, 26), (17, 29), (3, 16), (16, 6), (19, 30), (26, 28), (37, 30), (4, 2), (21, 10), (7, 12), (8, 27), (27, 5), (31, 24), (31, 35), (31, 38), (14, 37), (33, 17), (33, 25), (33, 32)]]","[[194.5984683571474, 61.085992504656105, 209.4129622461229, 71.765990273589, 7.689204076383078, 130.8484450361236, 180.60185112300292, 4.372402139984628, 12.790252169448596, 313.51624905494265, 51.33576631122891, 39.44524228681695, 3.3479122607470457, 86.53224519208891, 50.493878825747444, 113.02977293984405, 60.206433484693974, 16.37039904334894, 3.016043315851485, 23.169306492817068, 74.52265023980335, 49.575577356416495, 388.6580341692713, 226.98165219684086, 66.51334498875391, 74.25028720521419, 70.24319729040391, 95.88320708274047, 11.025322765099542, 82.5137173893355, 2.9630631373944967]]"
117,"[[(0, 22), (0, 23), (0, 39), (11, 19), (20, 31), (20, 32), (22, 5), (10, 15), (24, 25), (2, 32), (6, 24), (17, 7), (17, 26), (17, 29), (3, 16), (16, 6), (19, 30), (26, 28), (37, 30), (4, 2), (21, 10), (7, 12), (8, 27), (27, 5), (31, 24), (31, 35), (31, 38), (14, 37), (33, 17), (33, 25), (33, 32)]]","[[194.5552314511421, 69.15766811256027, 508.56031722472636, 70.14204558826921, 7.30051617451454, 130.86771323145203, 218.4343228560724, 4.772706944237543, 24.341795187720123, 264.28356471290425, 52.259318240628836, 44.8337247688695, 2.1883299323913334, 75.63475242566167, 63.73485603731452, 56.809023226979434, 64.41318112355805, 10.818932477621525, 4.1053815779910945, 24.014986312422156, 81.36069789066366, 35.75153556878518, 128.36132638119528, 289.17443681289933, 65.22233474303552, 61.90459457624611, 123.32932051097349, 532.1489549364738, 15.681805141596296, 88.51717511175542, 1.2684591333777204]]"
118,"[[(0, 22), (0, 23), (0, 39), (11, 19), (20, 31), (20, 32), (22, 5), (10, 15), (24, 25), (2, 32), (6, 24), (17, 7), (17, 26), (17, 29), (3, 16), (16, 6), (19, 30), (26, 28), (37, 30), (4, 2), (21, 10), (7, 12), (8, 27), (27, 5), (31, 24), (31, 35), (31, 38), (14, 37), (33, 17), (33, 25), (33, 32)]]","[[97.16550986754058, 31.141279758991512, 194.25586780485537, 137.63336695179134, 42.5238795716734, 138.5380602602086, 215.1820669819154, 3.985601743001157, 6.869280985491435, 373.25683087104375, 54.30144109931442, 44.98865747744179, 4.970376370835197, 86.23768773072086, 26.247034766215016, 116.79115827445298, 42.81691947027788, 4.00282203203699, 3.807673454107264, 23.508775163233278, 64.21853222312706, 50.3579467616032, 368.79469695025404, 169.2242453775131, 71.42978193751635, 67.63943137734321, 82.00426737783242, 387.31688693503054, 12.8921207942669, 80.75428180435418, 1.5281630308169403]]"
119,"[[(0, 22), (0, 23), (0, 39), (11, 19), (20, 31), (20, 32), (22, 5), (10, 15), (24, 25), (2, 32), (6, 24), (17, 7), (17, 26), (17, 29), (3, 16), (16, 6), (19, 30), (26, 28), (37, 30), (4, 2), (21, 10), (7, 12), (8, 27), (27, 5), (31, 24), (31, 35), (31, 38), (14, 37), (33, 17), (33, 25), (33, 32)]]","[[378.6012919227726, 64.0815692817523, 809.0073969718626, 150.96813707804694, 45.23293659001898, 136.43994333568628, 211.4931398693103, 1.4576133851462223, 11.80556961694603, 411.5620527410342, 48.57981324177648, 37.413028778007586, 1.5193957990391436, 120.05572932059631, 49.76495082934822, 128.6928248911684, 60.41726345059358, 3.452730239734935, 4.927082533484049, 23.612236525976915, 50.11127499478441, 22.04312001869124, 193.0882397882746, 155.72728443656624, 67.53816047056534, 92.02660429855808, 67.54289350650613, 255.58119342083532, 9.20313936459199, 80.53640203527978, 7.624712981597385]]"
120,"[[(0, 22), (0, 23), (0, 39), (11, 19), (20, 31), (20, 32), (22, 5), (10, 15), (24, 25), (2, 32), (6, 24), (17, 7), (17, 26), (17, 29), (3, 16), (16, 6), (19, 30), (26, 28), (37, 30), (4, 2), (21, 10), (7, 12), (8, 27), (27, 5), (31, 24), (31, 35), (31, 38), (14, 37), (33, 17), (33, 25), (33, 32)]]","[[94.72586577748126, 63.90663350096991, 877.6809949768259, 149.67792634252453, 8.408957731372556, 139.69514296427934, 219.10618802351078, 4.960244680698866, 14.54099422091637, 410.35148168302806, 55.40182215571039, 50.07101547338122, 4.443121857911807, 70.82144555840797, 39.15135362325589, 43.71374524711264, 49.141997390191676, 18.80838464128471, 3.873376971056401, 23.88400161522156, 75.3950349104849, 18.09939793268345, 82.1992401031766, 238.0999703357275, 74.99998535365931, 95.93761196280613, 43.40572449336629, 65.87154275772303, 9.427068271645012, 88.31573798202801, 3.5025284368413683]]"
121,"[[(0, 22), (0, 23), (0, 39), (11, 19), (20, 31), (20, 32), (22, 5), (10, 15), (24, 25), (2, 32), (6, 24), (17, 7), (17, 26), (17, 29), (3, 16), (16, 6), (19, 30), (26, 28), (37, 30), (4, 2), (21, 10), (7, 12), (8, 27), (27, 5), (31, 24), (31, 35), (31, 38), (14, 37), (33, 17), (33, 25), (33, 32)]]","[[232.57612719872105, 89.2135564217814, 211.62671447390193, 145.22071400428845, 33.65285388042241, 135.07375107936832, 182.16080389928896, 3.6226575983792575, 7.06915711977225, 365.3911543729489, 50.015229155711914, 47.0242562583929, 3.097917743176711, 150.22253770532774, 51.38159594938571, 108.04208283614139, 54.688079353706726, 19.73165752211865, 4.230271723673104, 23.795838913939594, 87.53783840344029, 77.3610526848711, 305.60486100307025, 398.95954147747216, 78.90089326931388, 47.11927560440019, 101.24791357006518, 150.60027347828748, 15.955352171248961, 79.6269728301052, 6.05902499249077]]"
122,"[[(0, 22), (0, 23), (0, 39), (11, 19), (20, 31), (20, 32), (22, 5), (10, 15), (24, 25), (2, 32), (6, 24), (17, 7), (17, 26), (17, 29), (3, 16), (16, 6), (19, 30), (26, 28), (37, 30), (4, 2), (21, 10), (7, 12), (8, 27), (27, 5), (31, 24), (31, 35), (31, 38), (14, 37), (33, 17), (33, 25), (33, 32)]]","[[186.33656999309474, 80.16910269074067, 861.4322941901571, 149.18896896547892, 32.730507343830865, 134.4012427954023, 203.9223375705778, 1.6911405824695014, 21.496801510277898, 325.97469433380263, 50.03910418415894, 41.372933502652636, 3.182654549578116, 141.53700672814216, 41.38089693445747, 81.93784213706239, 44.61299853840062, 10.97151450540878, 4.784968013892067, 23.479725865169613, 80.65576221748758, 73.40941069150935, 391.21921446428496, 199.6431770221481, 73.82401543806928, 60.10088395150173, 92.31890585981577, 283.39085813801967, 15.723392211752767, 79.06745488502636, 3.5834379708180135]]"
123,"[[(0, 22), (0, 23), (0, 39), (11, 19), (20, 31), (20, 32), (22, 5), (10, 15), (24, 25), (2, 32), (6, 24), (17, 7), (17, 26), (17, 29), (3, 16), (16, 6), (19, 30), (26, 28), (37, 30), (4, 2), (21, 10), (7, 12), (8, 27), (27, 5), (31, 24), (31, 35), (31, 38), (14, 37), (33, 17), (33, 25), (33, 32)]]","[[120.3592131743467, 42.725490520118626, 467.86471627286005, 162.42878220792062, 16.949832295853383, 130.00045809916537, 189.1575242719421, 1.1706120962717543, 12.487122781668525, 334.4327560826024, 48.404873811687224, 46.75955274824769, 4.212280218624729, 100.56020183153984, 73.44212602462682, 111.7465220140689, 44.77505739578349, 7.549002664730172, 4.196173493409203, 24.22824962254406, 76.27176111274487, 80.14587747814495, 188.3056189807606, 158.8207615679669, 76.08422583510347, 74.34467104811083, 121.71252378608501, 134.75704564481745, 14.272208261231986, 76.33094539535352, 6.06013889284653]]"
124,"[[(0, 22), (0, 23), (0, 39), (11, 19), (20, 31), (20, 32), (22, 5), (10, 15), (24, 25), (2, 32), (6, 24), (17, 7), (17, 26), (17, 29), (3, 16), (16, 6), (19, 30), (26, 28), (37, 30), (4, 2), (21, 10), (7, 12), (8, 27), (27, 5), (31, 24), (31, 35), (31, 38), (14, 37), (33, 17), (33, 25), (33, 32)]]","[[191.63620027834702, 28.29450555173799, 1028.5834380393, 126.99241546433655, 32.97151894033075, 142.1117333189647, 227.1770386032587, 3.9673015534536664, 20.135672272047355, 399.570563393463, 55.902691357731136, 52.59457356450781, 4.487958169691929, 155.03478363422303, 36.10646399404959, 99.703630759252, 60.501033908218886, 12.009372932840941, 3.578864931897189, 23.453248903964646, 87.90092501706934, 48.49554041089102, 285.57436677591505, 288.0598706750655, 75.40277199378599, 54.307257613530545, 161.94896784422585, 190.7076189853017, 12.760182330815748, 89.46983696154756, 2.5892439400673295]]"
125,"[[(0, 22), (0, 23), (0, 39), (11, 19), (20, 31), (20, 32), (22, 5), (10, 15), (24, 25), (2, 32), (6, 24), (17, 7), (17, 26), (17, 29), (3, 16), (16, 6), (19, 30), (26, 28), (37, 30), (4, 2), (21, 10), (7, 12), (8, 27), (27, 5), (31, 24), (31, 35), (31, 38), (14, 37), (33, 17), (33, 25), (33, 32)]]","[[379.8966636533194, 47.05426756904842, 723.2896169513302, 145.12333234610162, 44.32408958440058, 131.5149471065367, 195.87961346869588, 2.9122992515210164, 19.59242804881018, 319.80877253502837, 52.72984229686772, 44.0820534667714, 2.605150058560936, 80.30838816319223, 56.74898699224177, 55.683527709992696, 39.86580887799079, 10.975320863929426, 4.203222815533424, 24.5084117892458, 59.30522171280673, 55.66420891137306, 131.374357926173, 246.72285804417197, 70.9099705637344, 79.28634814721846, 152.47136843650486, 172.54230119339002, 12.369131498347407, 82.23569056750696, 8.769725934129232]]"
126,"[[(0, 22), (0, 23), (0, 39), (11, 19), (20, 31), (20, 32), (22, 5), (10, 15), (24, 25), (2, 32), (6, 24), (17, 7), (17, 26), (17, 29), (3, 16), (16, 6), (19, 30), (26, 28), (37, 30), (4, 2), (21, 10), (7, 12), (8, 27), (27, 5), (31, 24), (31, 35), (31, 38), (14, 37), (33, 17), (33, 25), (33, 32)]]","[[96.19595994620627, 96.95754657544367, 193.4255351064092, 87.61225399469551, 23.73631378710712, 130.63930755692908, 174.0569849364208, 3.1278463188350303, 10.995658505769436, 409.8976543343273, 48.215992008830696, 40.03572417220671, 2.8062466279760696, 129.45898902682598, 67.63571588909338, 39.65350173173464, 62.15108848815873, 7.316235923122228, 3.997221155374457, 24.246966767765553, 53.53383460288232, 58.85173730498775, 146.00793713352886, 298.09809435011226, 74.77415075220125, 55.606592393619145, 46.74234521649835, 308.0051850275656, 9.127988069931309, 75.9107270223275, 3.7004842631113135]]"
127,"[[(0, 22), (0, 23), (0, 39), (11, 19), (20, 31), (20, 32), (22, 5), (10, 15), (24, 25), (2, 32), (6, 24), (17, 7), (17, 26), (17, 29), (3, 16), (16, 6), (19, 30), (26, 28), (37, 30), (4, 2), (21, 10), (7, 12), (8, 27), (27, 5), (31, 24), (31, 35), (31, 38), (14, 37), (33, 17), (33, 25), (33, 32)]]","[[232.56231673980577, 51.63292608180809, 94.37850397073272, 126.62464014050298, 39.04893016337814, 138.43007296135346, 179.95885342044352, 2.7536360999692087, 16.608634535818446, 414.7956759137304, 55.15583961503856, 39.05956023151266, 4.094042695532382, 68.2326626752886, 26.09268375692482, 110.13285694081357, 43.22793735411646, 12.876526938432063, 4.0872974210570945, 24.59064656585317, 67.52678911293094, 61.93491825932489, 168.3348732783106, 203.48210290295663, 70.58043473085623, 35.30693004400607, 84.87010391424552, 200.700820526921, 13.576155702346611, 91.35243724403043, 8.249229553826236]]"
128,"[[(0, 22), (0, 23), (0, 39), (11, 19), (20, 31), (20, 32), (22, 5), (10, 15), (24, 25), (2, 32), (6, 24), (17, 7), (17, 26), (17, 29), (3, 16), (16, 6), (19, 30), (26, 28), (37, 30), (4, 2), (21, 10), (7, 12), (8, 27), (27, 5), (31, 24), (31, 35), (31, 38), (14, 37), (33, 17), (33, 25), (33, 32)]]","[[157.88164205807246, 84.4719362539169, 929.6045194407078, 129.421501798921, 19.400028714068366, 135.95468186240714, 178.98162065016905, 1.2672199640644135, 11.89510959300426, 271.26906253140356, 53.61157469659863, 42.07835830243361, 4.589007497883816, 78.972451058124, 40.962177278113124, 82.84331288668375, 54.162170635277164, 5.107198865416249, 4.712576630184742, 23.67430883098783, 71.29331920144239, 75.64876948179726, 410.1139938826813, 328.2954271101732, 64.26234941356073, 68.69642738346099, 62.09425335168208, 521.4848057898312, 11.962800078903026, 83.45161074169829, 8.925781828559401]]"
129,"[[(0, 22), (0, 23), (0, 39), (11, 19), (20, 31), (20, 32), (22, 5), (10, 15), (24, 25), (2, 32), (6, 24), (17, 7), (17, 26), (17, 29), (3, 16), (16, 6), (19, 30), (26, 28), (37, 30), (4, 2), (21, 10), (7, 12), (8, 27), (27, 5), (31, 24), (31, 35), (31, 38), (14, 37), (33, 17), (33, 25), (33, 32)]]","[[186.08020733620248, 47.721079093910035, 750.8332346400218, 57.987195110153436, 33.255558928049766, 135.9945864133476, 222.10459277459046, 2.266037377858731, 11.414121303533253, 292.7254283389442, 53.950125537708296, 37.85182831010479, 1.1164257395024255, 89.98079408362744, 61.243440961968446, 121.85666973663487, 53.27859756699281, 17.1802362982874, 4.533739486490924, 24.072033708413702, 76.76640670806302, 82.65883000381665, 392.51504898050547, 149.26691807401363, 79.8612574644187, 49.88194868520209, 154.6910095788088, 518.5003832782568, 13.503844525665585, 76.84438375999497, 2.5723993462555628]]"
130,"[[(0, 22), (0, 23), (0, 39), (11, 19), (20, 31), (20, 32), (22, 5), (10, 15), (24, 25), (2, 32), (6, 24), (17, 7), (17, 26), (17, 29), (3, 16), (16, 6), (19, 30), (26, 28), (37, 30), (4, 2), (21, 10), (7, 12), (8, 27), (27, 5), (31, 24), (31, 35), (31, 38), (14, 37), (33, 17), (33, 25), (33, 32)]]","[[262.22197525261663, 30.65026437387273, 596.2081742950045, 118.07631995259345, 38.34147081106769, 139.28399013190196, 174.73592573403928, 2.14889775916037, 12.597724880061355, 278.11168823182226, 50.710670726103814, 47.60166074274399, 1.297608182585547, 71.48415895546972, 45.64766900306977, 29.53014781591151, 66.81177423148979, 2.747526015864386, 3.0552935437611084, 24.486475497415594, 24.19704437603385, 48.23096387192553, 149.1519308027884, 188.14662474735317, 69.12754463090064, 56.41738510580569, 100.20087716081957, 184.71495671115224, 14.170271979306122, 82.87774876210851, 7.271318707594177]]"
131,"[[(0, 22), (0, 23), (0, 39), (11, 19), (20, 31), (20, 32), (22, 5), (10, 15), (24, 25), (2, 32), (6, 24), (17, 7), (17, 26), (17, 29), (3, 16), (16, 6), (19, 30), (26, 28), (37, 30), (4, 2), (21, 10), (7, 12), (8, 27), (27, 5), (31, 24), (31, 35), (31, 38), (14, 37), (33, 17), (33, 25), (33, 32)]]","[[142.0429552212888, 27.76807386312413, 540.8335010726737, 92.8822131358136, 5.811426184736678, 130.69422229337604, 224.30683144138428, 4.253629968411374, 11.318031274157368, 266.89016277733595, 53.91568067750085, 53.03496599260416, 3.6246247524204858, 122.87654074423108, 37.46783390826627, 34.67929743063616, 59.68260511385261, 3.694489619183641, 3.624733550387992, 23.06335014717782, 26.254762750090528, 62.56387797853065, 332.9950393982255, 206.7067378287992, 71.04359402880247, 42.993701149633935, 31.733113434396124, 438.2096322364981, 8.343089327567533, 87.70033340122373, 5.00822776878392]]"
132,"[[(0, 22), (0, 23), (0, 39), (11, 19), (20, 31), (20, 32), (22, 5), (10, 15), (24, 25), (2, 32), (6, 24), (17, 7), (17, 26), (17, 29), (3, 16), (16, 6), (19, 30), (26, 28), (37, 30), (4, 2), (21, 10), (7, 12), (8, 27), (27, 5), (31, 24), (31, 35), (31, 38), (14, 37), (33, 17), (33, 25), (33, 32)]]","[[268.6204169441522, 65.18216957057405, 839.2151479889187, 131.16453452992857, 16.421425988160436, 138.22014804781207, 221.15661010378062, 4.2025161871807315, 23.968011278721455, 298.91768521231415, 51.23887953916375, 45.33692242771673, 4.34879773917198, 71.60526090104105, 60.6147001917223, 124.94134368862125, 62.778188516719084, 8.395545930861724, 4.705838363739659, 23.66392827883496, 25.6869413893751, 40.84466609884376, 239.86225704896398, 344.07618844704336, 59.267809595726774, 43.05497059879772, 80.55718744667575, 147.01783196554408, 13.26582915653957, 81.23361886564736, 2.3936191371879803]]"
133,"[[(0, 22), (0, 23), (0, 39), (11, 19), (20, 31), (20, 32), (22, 5), (10, 15), (24, 25), (2, 32), (6, 24), (17, 7), (17, 26), (17, 29), (3, 16), (16, 6), (19, 30), (26, 28), (37, 30), (4, 2), (21, 10), (7, 12), (8, 27), (27, 5), (31, 24), (31, 35), (31, 38), (14, 37), (33, 17), (33, 25), (33, 32)]]","[[106.11038585388455, 51.47488225669774, 857.040211722308, 137.2769153158552, 4.352978793410173, 131.0208009113656, 175.97955469185925, 4.834899083904057, 22.193175987210243, 397.86009174865023, 49.601560911059345, 53.52704419352836, 3.9964163707591696, 62.344395349812714, 72.00779121723735, 43.20808985306869, 49.040468307588554, 16.03118276050037, 4.825573356927447, 24.639693942683635, 26.867814509707337, 35.321386645017654, 231.72931404509112, 319.6860085785711, 64.42381151367846, 48.99171077485349, 44.41420838875703, 412.9734549572766, 12.45247967683921, 75.4459056070911, 2.257316794969361]]"
134,"[[(0, 22), (0, 23), (0, 39), (11, 19), (20, 31), (20, 32), (22, 5), (10, 15), (24, 25), (2, 32), (6, 24), (17, 7), (17, 26), (17, 29), (3, 16), (16, 6), (19, 30), (26, 28), (37, 30), (4, 2), (21, 10), (7, 12), (8, 27), (27, 5), (31, 24), (31, 35), (31, 38), (14, 37), (33, 17), (33, 25), (33, 32)]]","[[259.2696740723145, 68.50854761780325, 537.6738113902614, 155.4810128727056, 36.763347415798094, 138.7519646609947, 173.9039774851776, 1.9329585102856575, 8.857318638305234, 370.9453265549149, 48.665899720081114, 53.21001301610612, 2.8399386632775516, 91.32489409123424, 68.68603180393657, 74.7751152697441, 44.6342196637037, 18.677331551546416, 3.7561267964013973, 24.053798136140458, 69.37325063708155, 27.464762031381177, 138.98939136362017, 175.25508508201574, 71.02680777155285, 83.33013369915656, 90.26357959277014, 147.67544461604467, 12.918937680040019, 83.0831585273218, 4.359784755053224]]"
135,"[[(0, 22), (0, 23), (0, 39), (11, 19), (20, 31), (20, 32), (22, 5), (10, 15), (24, 25), (2, 32), (6, 24), (17, 7), (17, 26), (17, 29), (3, 16), (16, 6), (19, 30), (26, 28), (37, 30), (4, 2), (21, 10), (7, 12), (8, 27), (27, 5), (31, 24), (31, 35), (31, 38), (14, 37), (33, 17), (33, 25), (33, 32)]]","[[132.74690076469253, 58.617378758261005, 545.0313687046465, 65.03615789677141, 31.89683689873083, 134.9844016525966, 216.14363675521605, 3.308534534811807, 7.86912528653644, 389.02164722366354, 52.484234677844086, 44.979711446550844, 2.7711805868933848, 157.3213383361152, 42.94213864397576, 52.946967429633105, 65.36861504948669, 14.587415599852232, 3.582534877807617, 24.229568309710018, 37.83969576422318, 71.91377160889667, 310.17651665672304, 336.47830382936525, 80.34924291552545, 48.046333449498434, 114.19824437790513, 581.6514715434813, 14.620610468316894, 77.88156923642461, 3.1066209802512885]]"
136,"[[(0, 22), (0, 23), (0, 39), (11, 19), (20, 31), (20, 32), (22, 5), (10, 15), (24, 25), (2, 32), (6, 24), (17, 7), (17, 26), (17, 29), (3, 16), (16, 6), (19, 30), (26, 28), (37, 30), (4, 2), (21, 10), (7, 12), (8, 27), (27, 5), (31, 24), (31, 35), (31, 38), (14, 37), (33, 17), (33, 25), (33, 32)]]","[[348.1515592656591, 91.32945993544368, 1104.2731735585162, 161.46222559951735, 25.757601610603334, 138.49381348112573, 223.81792361655124, 3.094322587350328, 15.960965573597788, 402.65701010191947, 50.49447276819331, 41.909468588283126, 3.5394999890632137, 118.31028136388937, 39.23177543810692, 91.44888642157608, 38.51458776581178, 8.977608864693527, 4.121453500732123, 24.91980966133682, 83.58935784271503, 79.02574401563378, 268.11235126881655, 368.61199690567275, 71.33680158605794, 86.71752045915069, 36.70439282112852, 142.26050833303884, 10.391251410020578, 84.03864824031919, 2.7786309071889566]]"
137,"[[(0, 22), (0, 23), (0, 39), (11, 19), (20, 31), (20, 32), (22, 5), (10, 15), (24, 25), (2, 32), (6, 24), (17, 7), (17, 26), (17, 29), (3, 16), (16, 6), (19, 30), (26, 28), (37, 30), (4, 2), (21, 10), (7, 12), (8, 27), (27, 5), (31, 24), (31, 35), (31, 38), (14, 37), (33, 17), (33, 25), (33, 32)]]","[[145.6890957752815, 113.50010808863355, 565.1354423406332, 45.14898019345362, 8.795111738931936, 140.19961561987228, 224.62097141834175, 3.4535535978719576, 6.059275401612717, 358.38857686357346, 55.45319827440307, 41.419336619976896, 1.8181538958666317, 58.58971339760219, 53.530798808891404, 109.15277108583825, 66.9968943826857, 6.8358401286766375, 3.7920547645580367, 23.948727883518185, 24.16352576260478, 59.03300013377973, 251.12831949362442, 222.1937879966278, 82.09043328863913, 92.086593625848, 18.562695714556654, 64.6918540330818, 10.684931765177051, 89.29688025383626, 8.29838258071144]]"
138,"[[(0, 22), (0, 23), (0, 39), (11, 19), (20, 31), (20, 32), (22, 5), (10, 15), (24, 25), (2, 32), (6, 24), (17, 7), (17, 26), (17, 29), (3, 16), (16, 6), (19, 30), (26, 28), (37, 30), (4, 2), (21, 10), (7, 12), (8, 27), (27, 5), (31, 24), (31, 35), (31, 38), (14, 37), (33, 17), (33, 25), (33, 32)]]","[[273.39250220624575, 28.44604744137115, 985.3252980369451, 110.60088139430685, 17.58010171139049, 131.1985392100733, 176.41922436249698, 2.2676845958352123, 23.61265421413209, 402.82899308521166, 55.316891572349604, 50.16281510559898, 3.1196527536171583, 152.28807191042984, 56.45004799796047, 17.952352377226454, 53.05975356358904, 16.971390613389346, 4.694316003468255, 23.140942937330777, 39.690201033572755, 20.25186198328575, 69.49249368195976, 387.3967310979509, 60.222661098355964, 99.15719839989139, 32.06868563115745, 306.2480673943072, 11.876506757177204, 83.81501188126175, 6.453696265492869]]"
139,"[[(0, 22), (0, 23), (0, 39), (11, 19), (20, 31), (20, 32), (22, 5), (10, 15), (24, 25), (2, 32), (6, 24), (17, 7), (17, 26), (17, 29), (3, 16), (16, 6), (19, 30), (26, 28), (37, 30), (4, 2), (21, 10), (7, 12), (8, 27), (27, 5), (31, 24), (31, 35), (31, 38), (14, 37), (33, 17), (33, 25), (33, 32)]]","[[284.2568456448847, 76.75130771925936, 203.53399093328497, 52.7900625739415, 8.71400309769697, 130.6571918571551, 206.21742236060757, 3.67448174398391, 10.700276170403534, 396.9640342652616, 54.70116809056199, 50.62258935188392, 4.303661359740818, 155.78238365218584, 36.95691921703626, 90.93608400813812, 39.56642818877415, 12.809913477873637, 3.120623718046401, 23.56397281924114, 39.823241419876254, 35.377790203817625, 367.26230647197406, 306.590749247808, 82.50059510171211, 58.03173958211643, 131.0822354511253, 104.14122099624049, 8.814666434188155, 82.97265434323613, 1.3021928140320478]]"
140,"[[(0, 22), (0, 23), (0, 39), (11, 19), (20, 31), (20, 32), (22, 5), (10, 15), (24, 25), (2, 32), (6, 24), (17, 7), (17, 26), (17, 29), (3, 16), (16, 6), (19, 30), (26, 28), (37, 30), (4, 2), (21, 10), (7, 12), (8, 27), (27, 5), (31, 24), (31, 35), (31, 38), (14, 37), (33, 17), (33, 25), (33, 32)]]","[[131.93365661027912, 32.04661368813875, 340.4130785303805, 141.59691889596547, 6.368760782349794, 139.479891384579, 205.01384189352018, 1.0772324383651766, 25.0580367237333, 275.81230297914414, 50.961025463601906, 36.965562654749476, 4.118699318331126, 109.3047782052044, 78.96847472796912, 104.91381355837633, 52.77910975794565, 10.368770369695358, 3.0331171044369167, 24.112137284456043, 61.52587374978969, 62.42827039799943, 121.92819838912513, 384.63989838504864, 78.55279752180296, 106.0390475264588, 103.23087034463947, 593.8292557199164, 10.47802579402875, 91.16973810039784, 6.674107125542723]]"
141,"[[(0, 22), (0, 23), (0, 39), (11, 19), (20, 31), (20, 32), (22, 5), (10, 15), (24, 25), (2, 32), (6, 24), (17, 7), (17, 26), (17, 29), (3, 16), (16, 6), (19, 30), (26, 28), (37, 30), (4, 2), (21, 10), (7, 12), (8, 27), (27, 5), (31, 24), (31, 35), (31, 38), (14, 37), (33, 17), (33, 25), (33, 32)]]","[[177.64364723830073, 89.81992189092048, 142.0207114102264, 93.84469251844169, 9.086359882312415, 141.45242019166142, 200.4387726747496, 4.207171006111851, 22.88055152728928, 324.232013359745, 53.094902863012145, 48.31532321754797, 2.8901192244943394, 120.81400172845719, 73.42747341866168, 53.2314143413911, 56.4829220412399, 5.891378605694918, 4.439327087851705, 23.804702469800368, 22.134940564189733, 80.98689804101069, 198.10597110924553, 194.6940559666632, 78.7998409351593, 51.05618545022365, 141.04238359636057, 543.6448821353044, 9.62378189271842, 84.6826949681076, 7.05789173675687]]"
142,"[[(0, 22), (0, 23), (0, 39), (11, 19), (20, 31), (20, 32), (22, 5), (10, 15), (24, 25), (2, 32), (6, 24), (17, 7), (17, 26), (17, 29), (3, 16), (16, 6), (19, 30), (26, 28), (37, 30), (4, 2), (21, 10), (7, 12), (8, 27), (27, 5), (31, 24), (31, 35), (31, 38), (14, 37), (33, 17), (33, 25), (33, 32)]]","[[213.9385710709323, 48.79684720731147, 477.1517788750832, 99.18581563322549, 12.428594617674875, 137.48905624534711, 206.22957167051973, 4.085416658713648, 14.188351786404915, 382.0802452535447, 54.55512295336212, 42.36343571640287, 1.9457900210692403, 47.42568020078001, 78.16207798084625, 48.85123664235198, 51.681897188934066, 12.103688396328826, 4.660545775853977, 24.767291798876293, 24.425596995226385, 80.97974999832867, 223.83136077487504, 248.95656955441433, 62.25493668406543, 108.0054428994213, 120.72657638076059, 405.19534593527135, 13.467224831067888, 81.6094973126086, 1.3705466248118832]]"
143,"[[(0, 22), (0, 23), (0, 39), (11, 19), (20, 31), (20, 32), (22, 5), (10, 15), (24, 25), (2, 32), (6, 24), (17, 7), (17, 26), (17, 29), (3, 16), (16, 6), (19, 30), (26, 28), (37, 30), (4, 2), (21, 10), (7, 12), (8, 27), (27, 5), (31, 24), (31, 35), (31, 38), (14, 37), (33, 17), (33, 25), (33, 32)]]","[[191.40362420629896, 84.33442586413429, 172.14051763764274, 129.5239732220099, 38.02943168881613, 142.42365602106824, 208.41226035852583, 1.0447839010661162, 19.084027052252903, 330.5002501013182, 52.50165214751903, 38.69427110672208, 3.0355868022386123, 147.76921732550863, 76.02068211382931, 126.56293321652987, 50.25603833185892, 7.498364658315287, 3.0166161270519076, 23.207608857321983, 11.060311108358666, 49.18182360785054, 165.11359621066742, 240.8288341455292, 59.77057562437804, 74.87976720773028, 67.02318746828935, 137.14593196665209, 10.791577078560376, 87.40088623783315, 1.4876551273938947]]"
144,"[[(0, 22), (0, 23), (0, 39), (11, 19), (20, 31), (20, 32), (22, 5), (10, 15), (24, 25), (2, 32), (6, 24), (17, 7), (17, 26), (17, 29), (3, 16), (16, 6), (19, 30), (26, 28), (37, 30), (4, 2), (21, 10), (7, 12), (8, 27), (27, 5), (31, 24), (31, 35), (31, 38), (14, 37), (33, 17), (33, 25), (33, 32)]]","[[189.20834087332145, 105.03768152142686, 568.0695812505805, 110.8794614582454, 38.41175055825012, 136.14320190762783, 227.0395778915488, 2.518086188727136, 3.9360380680872287, 315.7835988738349, 52.72611733927474, 44.942261427420014, 1.085253365178398, 119.46759996079928, 62.9957801926013, 86.85790074325224, 68.07224499605499, 16.613026432840837, 3.224338970581707, 23.736701449734436, 87.74766908353952, 55.21896980651251, 73.17836368061533, 347.42354891645283, 72.57448470172962, 50.74349190767131, 52.02771464790508, 414.1458865440184, 15.798794720380812, 76.73314088796764, 3.926723481984804]]"
145,"[[(0, 22), (0, 23), (0, 39), (11, 19), (20, 31), (20, 32), (22, 5), (10, 15), (24, 25), (2, 32), (6, 24), (17, 7), (17, 26), (17, 29), (3, 16), (16, 6), (19, 30), (26, 28), (37, 30), (4, 2), (21, 10), (7, 12), (8, 27), (27, 5), (31, 24), (31, 35), (31, 38), (14, 37), (33, 17), (33, 25), (33, 32)]]","[[208.52810314893446, 99.80487398594008, 423.68154117881716, 122.96724391320807, 13.435782692066034, 134.7447862447693, 205.66187709965337, 2.3030606288517683, 11.621944965569597, 395.36790279326453, 54.78663986997485, 47.19000914454032, 2.1041488448613572, 72.11231550609872, 70.51776658712379, 83.76808210872598, 58.98854591156921, 10.921400372227529, 3.7750205359354014, 24.43126614105378, 76.68504591269547, 29.522125710141996, 90.73020400135499, 172.30104760383384, 77.55527885199328, 34.04985702058177, 58.25459378451953, 550.9971875542967, 13.003902641563716, 94.98194542676227, 3.359537722134845]]"
146,"[[(0, 22), (0, 23), (0, 39), (11, 19), (20, 31), (20, 32), (22, 5), (10, 15), (24, 25), (2, 32), (6, 24), (17, 7), (17, 26), (17, 29), (3, 16), (16, 6), (19, 30), (26, 28), (37, 30), (4, 2), (21, 10), (7, 12), (8, 27), (27, 5), (31, 24), (31, 35), (31, 38), (14, 37), (33, 17), (33, 25), (33, 32)]]","[[341.5965975352788, 111.81049906637523, 55.10234628126324, 136.53655029876455, 10.641920512098132, 139.09648898824636, 184.626083813474, 2.2439034860050127, 23.976854054374673, 394.62071621378914, 48.484502595606706, 53.93413823360446, 1.0525739472990212, 86.8059353041362, 68.71018305519951, 104.69600603975537, 69.39870572588481, 11.547683786243505, 4.8211844054251625, 24.39368374489179, 15.068114064138932, 45.143940280151625, 140.38837493119001, 247.9941016461081, 65.83613213994397, 44.02598886150393, 139.4409179092486, 440.0915521938134, 13.014132624438343, 77.86229187137033, 4.554774003384081]]"
147,"[[(0, 22), (0, 23), (0, 39), (11, 19), (20, 31), (20, 32), (22, 5), (10, 15), (24, 25), (2, 32), (6, 24), (17, 7), (17, 26), (17, 29), (3, 16), (16, 6), (19, 30), (26, 28), (37, 30), (4, 2), (21, 10), (7, 12), (8, 27), (27, 5), (31, 24), (31, 35), (31, 38), (14, 37), (33, 17), (33, 25), (33, 32)]]","[[191.64384398027326, 21.463476054921085, 1156.8258983704416, 143.92824828535294, 7.106695166328606, 136.67279726005344, 222.33964022836992, 3.7986954071034695, 5.01260775804925, 334.88307925935624, 48.152521269945176, 37.11416315376986, 2.4321960038854957, 135.37853942975724, 30.117500456857822, 54.3377261715947, 56.026824011094945, 18.976468929734693, 4.182641163848434, 23.1617472180455, 19.454460639207902, 27.439594883565473, 277.52547931815, 261.4080182262086, 82.72672644344804, 105.19538234586474, 78.0478033124262, 414.1511842921082, 11.340189744147832, 93.97588517055271, 5.200555954687786]]"
148,"[[(0, 22), (0, 23), (0, 39), (11, 19), (20, 31), (20, 32), (22, 5), (10, 15), (24, 25), (2, 32), (6, 24), (17, 7), (17, 26), (17, 29), (3, 16), (16, 6), (19, 30), (26, 28), (37, 30), (4, 2), (21, 10), (7, 12), (8, 27), (27, 5), (31, 24), (31, 35), (31, 38), (14, 37), (33, 17), (33, 25), (33, 32)]]","[[90.4745298487089, 59.848278225667116, 1082.6688125640833, 121.68120409087815, 7.343416259748957, 142.7162534178108, 186.25817751584736, 2.7553916372914258, 23.077805363339678, 369.28106641190675, 50.794009310999726, 43.123975684736614, 3.8977496822190956, 60.76737265212958, 45.64321654818496, 38.00283819362597, 45.12212092350311, 4.966260432698787, 4.879719757505336, 23.843458460760495, 89.29981056253592, 22.715654821313553, 351.5527274867202, 382.9864950694554, 60.92491035001428, 55.59602546119652, 63.110864558052604, 489.2627635921928, 11.664473366235654, 85.96244746005007, 4.237346798259446]]"
149,"[[(0, 22), (0, 23), (0, 39), (11, 19), (20, 31), (20, 32), (22, 5), (10, 15), (24, 25), (2, 32), (6, 24), (17, 7), (17, 26), (17, 29), (3, 16), (16, 6), (19, 30), (26, 28), (37, 30), (4, 2), (21, 10), (7, 12), (8, 27), (27, 5), (31, 24), (31, 35), (31, 38), (14, 37), (33, 17), (33, 25), (33, 32)]]","[[292.73843694654016, 56.17279815591709, 270.6927778693829, 86.38804220318247, 9.225225899423855, 137.83414043208572, 215.80254282895936, 4.571216361505288, 23.495056841178673, 356.02536402668676, 55.70059252522274, 52.857889600171774, 1.8314220788204683, 101.09221319541874, 54.96864620991135, 115.72778851756908, 57.98719360864716, 6.367863470829923, 4.729414085145737, 24.72896142460851, 59.265378349185916, 49.537154528520205, 171.645850951883, 189.23589709909024, 69.64457267992492, 56.93258301365931, 146.6665660461785, 385.0992742654104, 8.658485230428134, 87.67539311713121, 3.7594836644277967]]"
150,"[[(0, 22), (0, 23), (0, 39), (11, 19), (20, 31), (20, 32), (22, 5), (10, 15), (24, 25), (2, 32), (6, 24), (17, 7), (17, 26), (17, 29), (3, 16), (16, 6), (19, 30), (26, 28), (37, 30), (4, 2), (21, 10), (7, 12), (8, 27), (27, 5), (31, 24), (31, 35), (31, 38), (14, 37), (33, 17), (33, 25), (33, 32)]]","[[244.44429126527638, 93.38989553983372, 585.2427335876525, 129.36235211617682, 32.260460760067076, 142.87758575031054, 175.26971871890453, 4.845372429296443, 10.356988962901028, 388.68430311443126, 52.0082894683836, 46.53123790885844, 2.7118173680677993, 151.68314921381958, 51.85749016696461, 20.684257887752786, 40.11228301604354, 15.927352435803089, 4.418816794768494, 24.723774999457504, 81.53586799142816, 83.81241214881135, 106.40259592918517, 270.04539996354947, 80.30722079908749, 101.69294838453234, 90.61262678881478, 363.25761664449874, 12.394196272781933, 75.09955927414052, 5.727691584383998]]"
151,"[[(0, 22), (0, 23), (0, 39), (11, 19), (20, 31), (20, 32), (22, 5), (10, 15), (24, 25), (2, 32), (6, 24), (17, 7), (17, 26), (17, 29), (3, 16), (16, 6), (19, 30), (26, 28), (37, 30), (4, 2), (21, 10), (7, 12), (8, 27), (27, 5), (31, 24), (31, 35), (31, 38), (14, 37), (33, 17), (33, 25), (33, 32)]]","[[285.19683743868234, 85.3234520147949, 1084.3786074571403, 146.31412405168555, 24.66491658105679, 135.6144065220376, 213.80021740708753, 3.8905648704558473, 20.952426894358947, 364.4476358840595, 53.379587450560386, 40.73556316111226, 4.010145118813326, 120.86193843196772, 29.610075255249818, 23.75562774355253, 66.21997064520386, 9.332140741470951, 3.933977437784166, 23.34471750471123, 59.17671299750386, 81.29566931837577, 178.5940761035007, 264.5184929332596, 65.99465155129566, 87.82580885436903, 74.61603471950954, 71.35118186122841, 15.683238962349352, 85.89243259787719, 1.1087909213596188]]"
152,"[[(0, 22), (0, 23), (0, 39), (11, 19), (20, 31), (20, 32), (22, 5), (10, 15), (24, 25), (2, 32), (6, 24), (17, 7), (17, 26), (17, 29), (3, 16), (16, 6), (19, 30), (26, 28), (37, 30), (4, 2), (21, 10), (7, 12), (8, 27), (27, 5), (31, 24), (31, 35), (31, 38), (14, 37), (33, 17), (33, 25), (33, 32)]]","[[286.03259168926905, 90.29230803167297, 1080.3881282596687, 66.00372318122817, 46.1367574459193, 132.13618061704855, 216.35519876363657, 4.116606516533686, 23.908431557657806, 361.4645667983276, 53.587359471595356, 38.44790953599784, 3.1750365810232717, 107.85708176574465, 71.67283713154296, 39.99681128057605, 37.76335032435907, 13.798432710380736, 3.837340153534807, 24.344463641307915, 17.439515811863064, 88.70839971885569, 192.41841151313338, 280.6531145463569, 59.92334776781733, 104.56863275983353, 55.49567753552492, 200.14802760383733, 10.333572037945139, 83.8108031257834, 2.662745056626613]]"
153,"[[(0, 22), (0, 23), (0, 39), (11, 19), (20, 31), (20, 32), (22, 5), (10, 15), (24, 25), (2, 32), (6, 24), (17, 7), (17, 26), (17, 29), (3, 16), (16, 6), (19, 30), (26, 28), (37, 30), (4, 2), (21, 10), (7, 12), (8, 27), (27, 5), (31, 24), (31, 35), (31, 38), (14, 37), (33, 17), (33, 25), (33, 32)]]","[[155.542888233255, 79.349486438742, 152.79270917168563, 138.44319564142953, 6.839053629650424, 136.91105646620332, 197.58965159037854, 1.2125298000097477, 2.6729281305584527, 328.88024465834604, 51.943956992666244, 53.01428412804397, 4.9947433668982075, 55.24392497005241, 72.00588214860727, 52.67979781923475, 47.854327496063085, 17.871759387939576, 4.395895332059688, 24.102249380891053, 37.19651856404764, 52.917026612739114, 231.92570073227378, 300.68271595757426, 65.98023672737769, 49.87127936089243, 113.70642801343821, 47.41499383238032, 12.553998606352053, 84.37845535396856, 1.6218733744592653]]"
154,"[[(0, 22), (0, 23), (0, 39), (11, 19), (20, 31), (20, 32), (22, 5), (10, 15), (24, 25), (2, 32), (6, 24), (17, 7), (17, 26), (17, 29), (3, 16), (16, 6), (19, 30), (26, 28), (37, 30), (4, 2), (21, 10), (7, 12), (8, 27), (27, 5), (31, 24), (31, 35), (31, 38), (14, 37), (33, 17), (33, 25), (33, 32)]]","[[365.4501633463649, 69.62617671393225, 755.3050809494619, 93.3441391233873, 11.45704047698596, 142.778786251903, 213.01405598299493, 4.121876443078641, 8.932476517982899, 278.1204140859061, 50.53286405810948, 39.64850517836823, 4.619778943170867, 143.49022818823968, 32.36312822834209, 63.81097173571395, 69.89190919081032, 10.084327314713924, 3.045025742761176, 24.11938864777209, 38.165636802877415, 33.69888159954688, 268.56466214079774, 252.3695363488842, 68.67150411537754, 60.851768364869116, 30.659006802309523, 181.08587941035, 10.343668040797146, 79.82636744437521, 4.43763733976683]]"
155,"[[(0, 22), (0, 23), (0, 39), (11, 19), (20, 31), (20, 32), (22, 5), (10, 15), (24, 25), (2, 32), (6, 24), (17, 7), (17, 26), (17, 29), (3, 16), (16, 6), (19, 30), (26, 28), (37, 30), (4, 2), (21, 10), (7, 12), (8, 27), (27, 5), (31, 24), (31, 35), (31, 38), (14, 37), (33, 17), (33, 25), (33, 32)]]","[[332.19067464650254, 86.73224752482787, 1059.97677152283, 43.20814691614744, 20.149677029866204, 138.24563348338688, 226.1597141803413, 1.9048828109708786, 20.369317692786076, 390.4674079382164, 55.80074177699216, 50.578170029931826, 4.349185604582955, 115.72577304310094, 32.50364290569194, 66.70541926774509, 49.31544611811259, 9.03573048920785, 3.8504866471931543, 23.51948731249797, 7.975310031594643, 25.91693801804824, 331.8197643076167, 351.68606111630675, 61.06503467927954, 64.76263521572645, 149.1139269103597, 176.76282917433386, 13.800543741378242, 91.73346066637885, 7.668678189055456]]"
156,"[[(0, 22), (0, 23), (0, 39), (11, 19), (20, 31), (20, 32), (22, 5), (10, 15), (24, 25), (2, 32), (6, 24), (17, 7), (17, 26), (17, 29), (3, 16), (16, 6), (19, 30), (26, 28), (37, 30), (4, 2), (21, 10), (7, 12), (8, 27), (27, 5), (31, 24), (31, 35), (31, 38), (14, 37), (33, 17), (33, 25), (33, 32)]]","[[319.6077859015542, 100.81610619695414, 122.69372666900182, 126.46391864931192, 12.902049764562728, 142.6737644287441, 201.98671326123204, 1.835018536763204, 3.615456597916404, 284.12243759002047, 51.563889886022885, 41.07924627225272, 4.494039034820766, 89.12274789708542, 51.037443770928576, 36.58460117365636, 46.49996666969231, 2.9080350478263446, 4.989729913760544, 23.396286012864536, 31.026123128472328, 71.86592167893929, 313.4215256355046, 339.7546499083507, 73.52223255662895, 42.6932113750955, 174.19160868538026, 287.92168589884506, 14.027463433577243, 92.46656389511702, 4.225934860356458]]"
157,"[[(0, 22), (0, 23), (0, 39), (11, 19), (20, 31), (20, 32), (22, 5), (10, 15), (24, 25), (2, 32), (6, 24), (17, 7), (17, 26), (17, 29), (3, 16), (16, 6), (19, 30), (26, 28), (37, 30), (4, 2), (21, 10), (7, 12), (8, 27), (27, 5), (31, 24), (31, 35), (31, 38), (14, 37), (33, 17), (33, 25), (33, 32)]]","[[209.38796541994674, 38.66564425689924, 646.9531088362884, 93.69082734553128, 44.75501143713874, 136.76730759399163, 228.27368591294112, 2.9523328015299994, 5.5844829283575805, 373.1674765199542, 54.84763460552968, 52.61515141010466, 3.186297019600587, 89.96716473702736, 29.089030972991342, 26.123000566257033, 70.78557056936097, 16.16280060276095, 3.9261046137964444, 23.56687148091631, 58.0280563032569, 57.63958976450575, 241.73431535522818, 314.59797598894306, 68.62789972897784, 52.5388788875936, 63.44009767168861, 280.62543873151026, 8.978551672301602, 83.18494760785303, 5.593307165707729]]"
158,"[[(0, 22), (0, 23), (0, 39), (11, 19), (20, 31), (20, 32), (22, 5), (10, 15), (24, 25), (2, 32), (6, 24), (17, 7), (17, 26), (17, 29), (3, 16), (16, 6), (19, 30), (26, 28), (37, 30), (4, 2), (21, 10), (7, 12), (8, 27), (27, 5), (31, 24), (31, 35), (31, 38), (14, 37), (33, 17), (33, 25), (33, 32)]]","[[174.76795104750562, 87.29715796942055, 94.78817857714547, 163.12450007588163, 47.11132855410229, 139.06854405443016, 196.51964530088162, 3.2214839033671527, 9.810818038107621, 412.1788045130943, 55.55771396514938, 48.69375324200909, 3.5119682523673994, 143.5146993248736, 77.3087875601297, 77.21968215039139, 40.353148688160374, 14.063649093163619, 3.53800217383412, 24.287526476328775, 57.010289724862695, 80.7149381238323, 344.3419318107839, 324.9491464708353, 67.31898954833886, 35.77866269142832, 59.38072918064328, 161.82505952926644, 8.96859164222117, 94.1074692773319, 7.5260113193117055]]"
159,"[[(0, 22), (0, 23), (0, 39), (11, 19), (20, 31), (20, 32), (22, 5), (10, 15), (24, 25), (2, 32), (6, 24), (17, 7), (17, 26), (17, 29), (3, 16), (16, 6), (19, 30), (26, 28), (37, 30), (4, 2), (21, 10), (7, 12), (8, 27), (27, 5), (31, 24), (31, 35), (31, 38), (14, 37), (33, 17), (33, 25), (33, 32)]]","[[321.7440693663233, 77.55984458386236, 924.372960907899, 95.24487552980905, 37.024822654040605, 142.55719936280474, 203.14836796427988, 3.342208092151744, 17.754768463829002, 292.9393347728597, 54.949222976270356, 45.247474104790065, 1.1234695632746803, 99.84723793724461, 78.71153318871221, 39.47326380619243, 43.61508782425237, 7.002080569175547, 4.5426093443232585, 23.85913824936264, 28.61364616624225, 82.64034454025273, 182.76485639451892, 257.1919966062121, 62.3896427485779, 63.03762885399109, 131.13984295637, 331.6673800909092, 15.91873313973487, 77.37751928009773, 4.661285045723539]]"
160,"[[(0, 22), (0, 23), (0, 39), (11, 19), (20, 31), (20, 32), (22, 5), (10, 15), (24, 25), (2, 32), (6, 24), (17, 7), (17, 26), (17, 29), (3, 16), (16, 6), (19, 30), (26, 28), (37, 30), (4, 2), (21, 10), (7, 12), (8, 27), (27, 5), (31, 24), (31, 35), (31, 38), (14, 37), (33, 17), (33, 25), (33, 32)]]","[[259.67865430833433, 94.25005950317905, 509.8996590432252, 42.07184028291096, 14.079406767664603, 132.992164956928, 207.497373739617, 2.133402772057025, 2.1565065700254236, 399.1506415471319, 49.99633647809375, 49.25584754405268, 3.0156274973707387, 147.9797675532893, 47.22048663479842, 19.50714737482687, 48.379740288512735, 11.421642032326769, 4.104814954264439, 24.097131967316024, 29.01192744037814, 79.13715683602403, 400.89339770865047, 248.2769642606383, 81.55245668518074, 46.87504166077167, 28.467407881662645, 496.37635371278054, 9.934866880985854, 86.97350547904279, 4.646418697925267]]"
161,"[[(0, 22), (0, 23), (0, 39), (11, 19), (20, 31), (20, 32), (22, 5), (10, 15), (24, 25), (2, 32), (6, 24), (17, 7), (17, 26), (17, 29), (3, 16), (16, 6), (19, 30), (26, 28), (37, 30), (4, 2), (21, 10), (7, 12), (8, 27), (27, 5), (31, 24), (31, 35), (31, 38), (14, 37), (33, 17), (33, 25), (33, 32)]]","[[90.72693324263851, 85.14489193876385, 232.85347250719775, 165.12499085834258, 31.438395415700352, 131.61026824478373, 212.67632351641842, 3.7455505197075167, 15.267249118790474, 289.6042311138013, 54.45210876399959, 44.21932919685224, 1.2068817749428824, 115.12753191750484, 50.80885828559026, 96.41335532369176, 49.85184261303201, 5.148474767678483, 3.5347548816869994, 23.38421230646935, 80.60766163519888, 29.219341061629947, 287.30567736204966, 308.7361741976092, 74.91748607804902, 69.826433187818, 129.8019632427169, 218.1221904977391, 12.983637207298656, 88.16283686203853, 7.823731392717265]]"
162,"[[(0, 22), (0, 23), (0, 39), (11, 19), (20, 31), (20, 32), (22, 5), (10, 15), (24, 25), (2, 32), (6, 24), (17, 7), (17, 26), (17, 29), (3, 16), (16, 6), (19, 30), (26, 28), (37, 30), (4, 2), (21, 10), (7, 12), (8, 27), (27, 5), (31, 24), (31, 35), (31, 38), (14, 37), (33, 17), (33, 25), (33, 32)]]","[[380.8291309167565, 72.5586372506812, 244.18023281144883, 153.1043081025541, 35.202958582697654, 141.87270610999377, 213.09349231776187, 1.0741956955066572, 21.500621826792084, 309.20220579460016, 54.87419155293649, 44.32512969579703, 2.8707906382586197, 156.40251396602554, 76.65503568985665, 17.031052429492593, 44.29557308094786, 4.3722075632927915, 3.8995698327446613, 23.789243585393166, 29.33612152511692, 26.910948952385976, 180.68288887444035, 150.49118482604356, 66.34151980816807, 59.23824498992741, 42.86443815653883, 547.8442877493762, 15.662789430353975, 84.15031117826058, 7.713461260096145]]"
163,"[[(0, 22), (0, 23), (0, 39), (11, 19), (20, 31), (20, 32), (22, 5), (10, 15), (24, 25), (2, 32), (6, 24), (17, 7), (17, 26), (17, 29), (3, 16), (16, 6), (19, 30), (26, 28), (37, 30), (4, 2), (21, 10), (7, 12), (8, 27), (27, 5), (31, 24), (31, 35), (31, 38), (14, 37), (33, 17), (33, 25), (33, 32)]]","[[329.4524273049331, 85.05257252926748, 489.8584114964177, 155.21463613455995, 42.16806904370313, 130.13338417362053, 216.3381794267845, 2.4168193704165937, 23.221991867057827, 397.7821857124676, 51.71225649244503, 39.6466475824691, 4.911012713292947, 92.96135941564458, 54.08737645445949, 81.59617222570027, 46.57179094725495, 9.3982453178338, 4.698880782327791, 24.234856334012903, 53.22130594470082, 69.41451824101804, 386.6739271946982, 224.81047353851048, 59.815653964073455, 53.939275814287726, 173.5734270454448, 391.76859686249765, 11.803887390149892, 80.65735695241631, 6.55983171485226]]"
164,"[[(0, 22), (0, 23), (0, 39), (11, 19), (20, 31), (20, 32), (22, 5), (10, 15), (24, 25), (2, 32), (6, 24), (17, 7), (17, 26), (17, 29), (3, 16), (16, 6), (19, 30), (26, 28), (37, 30), (4, 2), (21, 10), (7, 12), (8, 27), (27, 5), (31, 24), (31, 35), (31, 38), (14, 37), (33, 17), (33, 25), (33, 32)]]","[[220.85884519496386, 93.39930836133934, 166.69307817716347, 60.25683401422536, 28.040584842576152, 132.67215370571535, 172.8785147410132, 4.466982858232615, 6.76254560787079, 287.73135397920413, 51.25761372220687, 51.76032949204213, 4.899447489377785, 148.83965537975592, 70.83180417740795, 95.77441422783971, 49.079492474055954, 11.071509793649424, 3.5343937782099317, 23.05969030129906, 68.05658890504637, 72.35678070706189, 414.81225791175734, 215.80873860109597, 78.09779782738217, 108.72446850898784, 130.246361137882, 488.5223221642547, 11.852824506287263, 85.49133497287015, 2.0674680105867127]]"
165,"[[(0, 22), (0, 23), (0, 39), (11, 19), (20, 31), (20, 32), (22, 5), (10, 15), (24, 25), (2, 32), (6, 24), (17, 7), (17, 26), (17, 29), (3, 16), (16, 6), (19, 30), (26, 28), (37, 30), (4, 2), (21, 10), (7, 12), (8, 27), (27, 5), (31, 24), (31, 35), (31, 38), (14, 37), (33, 17), (33, 25), (33, 32)]]","[[162.8267199177685, 78.43257504974173, 33.17230818836599, 87.56851187961065, 41.564013997869104, 135.9087136745688, 216.9734231395641, 1.7870504796921298, 6.848342811117669, 326.75238313655353, 52.05201152758906, 41.80828278241022, 1.1372893722220958, 151.01789638388055, 65.88925596964526, 62.117589274528065, 39.96898692583356, 4.7327336780319715, 4.262411017101938, 24.661250345722785, 11.4764408696011, 65.20583941351498, 140.4375648105183, 235.5236700675975, 74.48178342731036, 105.73816508835222, 40.39916384907018, 570.747777948008, 13.146787933213973, 80.93460308924743, 1.4761420880675997]]"
166,"[[(0, 22), (0, 23), (0, 39), (11, 19), (20, 31), (20, 32), (22, 5), (10, 15), (24, 25), (2, 32), (6, 24), (17, 7), (17, 26), (17, 29), (3, 16), (16, 6), (19, 30), (26, 28), (37, 30), (4, 2), (21, 10), (7, 12), (8, 27), (27, 5), (31, 24), (31, 35), (31, 38), (14, 37), (33, 17), (33, 25), (33, 32)]]","[[306.7903938815964, 53.65256006293723, 1089.553244368999, 108.36751693382566, 43.03929786843199, 137.22934031890452, 197.65919325230558, 1.6073565555662759, 9.629805754426156, 408.0445791766392, 49.91645636966246, 40.62618243342545, 4.37384463454549, 129.16759564350863, 74.30497710348631, 72.70099982071375, 48.756819743946416, 5.264175410413886, 4.557671861522103, 24.498210581330436, 75.98672731712263, 23.51371202477783, 92.55867118204517, 212.78260934475972, 76.78816388881029, 51.47451179302481, 13.031170963648563, 453.8535078056494, 12.327298273683493, 76.31211045130951, 2.5588183556076913]]"
167,"[[(0, 22), (0, 23), (0, 39), (11, 19), (20, 31), (20, 32), (22, 5), (10, 15), (24, 25), (2, 32), (6, 24), (17, 7), (17, 26), (17, 29), (3, 16), (16, 6), (19, 30), (26, 28), (37, 30), (4, 2), (21, 10), (7, 12), (8, 27), (27, 5), (31, 24), (31, 35), (31, 38), (14, 37), (33, 17), (33, 25), (33, 32)]]","[[345.3068706041343, 92.83016607856071, 274.37898898921406, 96.81242249028247, 30.027113540403416, 135.3174096220291, 229.73128626083, 3.586435902900553, 9.97902040837664, 348.34845873081105, 50.39061059105672, 45.284585919045035, 3.0097413076833717, 99.02307756788744, 55.110533890148, 72.5208876047496, 59.842939656457055, 2.1005127686328517, 3.687335542556081, 23.686655129738877, 58.00234603128394, 79.99282631952524, 319.0328685938717, 268.29533845656755, 73.60299089556152, 97.82232984537181, 89.68973756453451, 421.7823300118399, 10.982616250559243, 89.47154545785213, 2.2781519689447496]]"
168,"[[(0, 22), (0, 23), (0, 39), (11, 19), (20, 31), (20, 32), (22, 5), (10, 15), (24, 25), (2, 32), (6, 24), (17, 7), (17, 26), (17, 29), (3, 16), (16, 6), (19, 30), (26, 28), (37, 30), (4, 2), (21, 10), (7, 12), (8, 27), (27, 5), (31, 24), (31, 35), (31, 38), (14, 37), (33, 17), (33, 25), (33, 32)]]","[[318.60523330465696, 87.97963326063827, 470.3862366700449, 162.1846952294075, 14.856016853861938, 139.52425605709428, 177.41709520631267, 3.5133585224234345, 19.892757027088752, 349.06399920158015, 48.62412695966899, 46.102835188841034, 1.7008995943122054, 53.79595440003946, 58.943767362453876, 20.248525051418497, 53.32493878239809, 17.058717555503005, 4.472510225310769, 23.296723717982555, 61.25171113000124, 55.44440266188886, 196.88078501031802, 359.16451300826657, 63.5266180630592, 62.73003438137591, 158.19440891133317, 52.12585281178414, 15.806281314746386, 91.91084701739699, 2.359287299542668]]"
169,"[[(0, 22), (0, 23), (0, 39), (11, 19), (20, 31), (20, 32), (22, 5), (10, 15), (24, 25), (2, 32), (6, 24), (17, 7), (17, 26), (17, 29), (3, 16), (16, 6), (19, 30), (26, 28), (37, 30), (4, 2), (21, 10), (7, 12), (8, 27), (27, 5), (31, 24), (31, 35), (31, 38), (14, 37), (33, 17), (33, 25), (33, 32)]]","[[318.1430831884286, 26.023160572932326, 773.0044093060582, 75.94726131227296, 13.414977269033347, 143.99688261336271, 185.93375744816623, 4.113398641539652, 3.8059340352572404, 332.42071750472127, 50.54853414093574, 47.29835804065804, 2.475309167360796, 153.06436441557463, 72.17757507053352, 116.99126311798629, 67.32121202877062, 17.761065228732324, 3.514000067217723, 23.160698082489297, 59.34826208851568, 19.251963405354637, 385.8961347972533, 338.30299504377456, 71.87068839667603, 58.29141216892151, 120.71492660679726, 321.8068997450066, 15.918746244589189, 83.74498276649928, 2.4966307948156565]]"
170,"[[(0, 22), (0, 23), (0, 39), (11, 19), (20, 31), (20, 32), (22, 5), (10, 15), (24, 25), (2, 32), (6, 24), (17, 7), (17, 26), (17, 29), (3, 16), (16, 6), (19, 30), (26, 28), (37, 30), (4, 2), (21, 10), (7, 12), (8, 27), (27, 5), (31, 24), (31, 35), (31, 38), (14, 37), (33, 17), (33, 25), (33, 32)]]","[[249.73273138255715, 63.43941988360692, 881.3421687993999, 47.49512632330667, 25.63701296310325, 138.72067556360378, 197.6856529087755, 3.680275974096848, 18.063856275618207, 289.67215875382857, 54.9251836732559, 48.83397085113102, 2.0595634149996926, 149.67735974543297, 38.64346619276205, 75.76488269885823, 49.51326224856827, 11.262784538416874, 3.877869944323206, 24.586661493491597, 74.96168374977454, 88.92938775800646, 367.5950985944541, 217.7927661906263, 80.99000193633839, 49.01552692462539, 129.4117682084517, 48.84078112427194, 13.134301758734427, 81.52756652225122, 8.324119840134465]]"
171,"[[(0, 22), (0, 23), (0, 39), (11, 19), (20, 31), (20, 32), (22, 5), (10, 15), (24, 25), (2, 32), (6, 24), (17, 7), (17, 26), (17, 29), (3, 16), (16, 6), (19, 30), (26, 28), (37, 30), (4, 2), (21, 10), (7, 12), (8, 27), (27, 5), (31, 24), (31, 35), (31, 38), (14, 37), (33, 17), (33, 25), (33, 32)]]","[[248.90348585666698, 114.16957263296905, 1028.2017451956049, 102.09403174291292, 24.157797634202158, 130.62485972736079, 227.97005908006113, 1.183770665716105, 14.94438666286004, 401.3735135784221, 48.63775307242028, 50.83716435005509, 1.514269713246196, 148.13544800333796, 53.86099701234474, 60.41428397775246, 46.6307993977376, 14.319050941318185, 3.176240317926244, 23.796821512361106, 36.76751543407324, 58.24962575147088, 205.0622286458891, 143.86094839337366, 75.63230995859311, 50.51154442780823, 23.641900891692565, 197.59774196100483, 11.571009112031836, 77.67471798770066, 4.2991170909732155]]"
172,"[[(0, 22), (0, 23), (0, 39), (11, 19), (20, 31), (20, 32), (22, 5), (10, 15), (24, 25), (2, 32), (6, 24), (17, 7), (17, 26), (17, 29), (3, 16), (16, 6), (19, 30), (26, 28), (37, 30), (4, 2), (21, 10), (7, 12), (8, 27), (27, 5), (31, 24), (31, 35), (31, 38), (14, 37), (33, 17), (33, 25), (33, 32)]]","[[118.20919906064955, 101.17156044586973, 553.7056491875062, 67.32533303931717, 20.201824303398272, 131.26026660301312, 223.443870400619, 2.2677040994327826, 7.053480449500535, 352.82216938789804, 55.45529348430023, 37.72508969969002, 3.3630102419326637, 141.51709142672303, 76.36354319839143, 105.79069020179718, 68.82894416740118, 6.522546334630913, 4.193878259410941, 24.28063836036294, 24.376770257815817, 67.75403917149151, 142.0916709224091, 342.460593097191, 71.98097634772702, 101.8219120684032, 103.18190200895681, 118.47688260855455, 15.71752339959659, 79.7835930181922, 2.564064946043783]]"
173,"[[(0, 22), (0, 23), (0, 39), (11, 19), (20, 31), (20, 32), (22, 5), (10, 15), (24, 25), (2, 32), (6, 24), (17, 7), (17, 26), (17, 29), (3, 16), (16, 6), (19, 30), (26, 28), (37, 30), (4, 2), (21, 10), (7, 12), (8, 27), (27, 5), (31, 24), (31, 35), (31, 38), (14, 37), (33, 17), (33, 25), (33, 32)]]","[[104.94082166584305, 81.34238996560364, 960.7010693601718, 95.99821608817187, 15.129870748002304, 139.00524080259441, 175.78437781059094, 4.207694189353019, 2.2076296213703888, 309.73517265249285, 52.97284364538292, 41.108548544272864, 1.2849484527660566, 97.53373559337436, 31.086470609721196, 122.67795294057623, 44.01699409167364, 10.226646211382254, 3.1726737964843394, 23.023724886613493, 43.30838884771874, 16.136899086411056, 335.1601638805159, 147.27930751396374, 71.89747547876827, 74.8978623333536, 38.34190583577831, 359.7094741113489, 10.9343165340572, 86.56653906053909, 7.918699674303317]]"
174,"[[(0, 22), (0, 23), (0, 39), (11, 19), (20, 31), (20, 32), (22, 5), (10, 15), (24, 25), (2, 32), (6, 24), (17, 7), (17, 26), (17, 29), (3, 16), (16, 6), (19, 30), (26, 28), (37, 30), (4, 2), (21, 10), (7, 12), (8, 27), (27, 5), (31, 24), (31, 35), (31, 38), (14, 37), (33, 17), (33, 25), (33, 32)]]","[[100.84640213380548, 104.05175610284446, 599.0840963358888, 45.196733770981254, 26.773478169780482, 132.1010299698987, 223.4648516042113, 1.3546176695497083, 21.912157765451184, 363.2011944930541, 55.86415576272168, 36.63100877802174, 2.404952918318715, 158.5836597079928, 27.028930945785717, 30.21782906676404, 56.89039498685948, 6.102011780769065, 3.974141545696988, 23.96426379395987, 44.52708819250475, 71.41168406404387, 399.349872452271, 374.739304087493, 66.61317023337286, 41.77306161032876, 86.19631548314254, 395.0557331993191, 11.699706726512202, 75.80359580851935, 6.3212472289996935]]"
175,"[[(0, 22), (0, 23), (0, 39), (11, 19), (20, 31), (20, 32), (22, 5), (10, 15), (24, 25), (2, 32), (6, 24), (17, 7), (17, 26), (17, 29), (3, 16), (16, 6), (19, 30), (26, 28), (37, 30), (4, 2), (21, 10), (7, 12), (8, 27), (27, 5), (31, 24), (31, 35), (31, 38), (14, 37), (33, 17), (33, 25), (33, 32)]]","[[166.2094723822545, 106.22354764165019, 381.15087753970033, 100.83163166459542, 11.621213796127812, 137.42226119195672, 209.5669357197365, 3.8504834018865277, 11.124247247421536, 357.1383142716354, 49.12646475776608, 53.02354972424203, 3.5963498380306516, 80.94287371839556, 53.766000321155154, 111.40182005568704, 39.2395372299901, 10.253582504916885, 3.700912277705168, 24.088132344763274, 77.93336426220489, 53.071341255567624, 305.9078444680087, 320.09755668639644, 59.69716079981348, 59.13285796730338, 42.499859666236915, 72.59232487058358, 10.335938638731756, 80.94527993618998, 7.436239441532311]]"
176,"[[(0, 22), (0, 23), (0, 39), (11, 19), (20, 31), (20, 32), (22, 5), (10, 15), (24, 25), (2, 32), (6, 24), (17, 7), (17, 26), (17, 29), (3, 16), (16, 6), (19, 30), (26, 28), (37, 30), (4, 2), (21, 10), (7, 12), (8, 27), (27, 5), (31, 24), (31, 35), (31, 38), (14, 37), (33, 17), (33, 25), (33, 32)]]","[[194.85362315797192, 36.60310161087118, 240.09815940006038, 42.09708994822824, 6.695302883399579, 131.8991781546939, 181.6382552449752, 4.646420245322624, 13.972288167847923, 364.456508517346, 49.972530846503076, 38.89400122621885, 1.0231130066589342, 122.1571419633273, 73.51484006040508, 40.53507605129331, 64.72096449253469, 15.561097600811001, 4.047605991466918, 24.9422375064708, 55.81566059256325, 24.062757900503943, 300.1017687768813, 211.708811469083, 75.7955185817842, 48.09974388875395, 176.50604042866684, 273.88808517897246, 11.999300511191553, 85.30158659162154, 3.3531293255956554]]"
177,"[[(0, 22), (0, 23), (0, 39), (11, 19), (20, 31), (20, 32), (22, 5), (10, 15), (24, 25), (2, 32), (6, 24), (17, 7), (17, 26), (17, 29), (3, 16), (16, 6), (19, 30), (26, 28), (37, 30), (4, 2), (21, 10), (7, 12), (8, 27), (27, 5), (31, 24), (31, 35), (31, 38), (14, 37), (33, 17), (33, 25), (33, 32)]]","[[257.47609289375146, 44.40758183585385, 261.324905997306, 125.43027773279499, 30.31164803476698, 141.53493210564116, 186.23244353773885, 3.03778673264477, 24.11540476490077, 318.3069766958838, 50.790602736137544, 38.459472741158834, 1.6597973430200827, 58.469799238352174, 46.763383805212015, 21.443684247475108, 70.21619643760594, 8.46200338134809, 3.585004261863341, 24.127891642099883, 16.921022753107753, 50.61995120180089, 363.59018494762205, 155.52171368516724, 71.2217870631202, 93.59096108870702, 88.2570810189511, 480.434862786051, 9.844052331003025, 94.49399804004246, 4.495101525123756]]"
178,"[[(0, 22), (0, 23), (0, 39), (11, 19), (20, 31), (20, 32), (22, 5), (10, 15), (24, 25), (2, 32), (6, 24), (17, 7), (17, 26), (17, 29), (3, 16), (16, 6), (19, 30), (26, 28), (37, 30), (4, 2), (21, 10), (7, 12), (8, 27), (27, 5), (31, 24), (31, 35), (31, 38), (14, 37), (33, 17), (33, 25), (33, 32)]]","[[313.791448700061, 88.45257035343062, 478.35196939683095, 45.22278972975654, 45.29262513352856, 140.78959076731036, 196.65305326444474, 2.275559823701571, 0.5166867046726993, 360.0959077171325, 51.46375266903705, 46.64173818575674, 2.375408070882261, 150.5816197170212, 64.9591813515016, 121.23951835924183, 69.05007578008315, 2.521856348175103, 4.1838064815400156, 23.08243470090918, 48.48249836538065, 36.30996843015168, 141.924080721677, 162.2644576241905, 66.36300099957933, 108.99212959507223, 147.17598070400086, 312.39875577080744, 11.247096230176895, 89.78284914087499, 8.28815393132962]]"
179,"[[(0, 22), (0, 23), (0, 39), (11, 19), (20, 31), (20, 32), (22, 5), (10, 15), (24, 25), (2, 32), (6, 24), (17, 7), (17, 26), (17, 29), (3, 16), (16, 6), (19, 30), (26, 28), (37, 30), (4, 2), (21, 10), (7, 12), (8, 27), (27, 5), (31, 24), (31, 35), (31, 38), (14, 37), (33, 17), (33, 25), (33, 32)]]","[[224.7792684276498, 69.78227971073905, 221.14485120298517, 123.98793487265601, 45.12970339586902, 136.5018125089212, 214.80686911672197, 4.3756043381029235, 13.118269538898264, 355.1586693502142, 49.25749629973873, 52.836224777466114, 2.0321187214908707, 109.09382070472375, 38.33485698550852, 62.21004114775273, 46.6611622973668, 8.554062446942174, 4.565870040236961, 24.38064983208895, 90.32762660833095, 39.89507638459298, 396.68280082126284, 212.8036345008345, 68.9475001787005, 73.73863206610682, 40.324901978784084, 319.85975962416995, 11.464750855407473, 78.54436265743203, 1.106415697315608]]"
180,"[[(0, 22), (0, 23), (0, 39), (11, 19), (20, 31), (20, 32), (22, 5), (10, 15), (24, 25), (2, 32), (6, 24), (17, 7), (17, 26), (17, 29), (3, 16), (16, 6), (19, 30), (26, 28), (37, 30), (4, 2), (21, 10), (7, 12), (8, 27), (27, 5), (31, 24), (31, 35), (31, 38), (14, 37), (33, 17), (33, 25), (33, 32)]]","[[243.01327853754606, 83.53061303070052, 827.226131428305, 166.78409082214884, 25.06789024485423, 131.83104582342233, 174.35430900913403, 3.1702056823111198, 12.365000921490564, 349.71672461294145, 55.489672516221546, 49.19989246473899, 3.261958151235251, 68.72285399060131, 61.1938713701112, 101.90313955784623, 49.99434200381172, 16.352285665915858, 3.598888646702675, 24.191255174988548, 8.378050755594819, 43.900481899616956, 237.2293257383044, 396.6823954965106, 66.2810724026639, 71.86931590144286, 138.6589763852158, 552.1593043470816, 10.0782570760949, 82.4735531098649, 3.032129671349961]]"
181,"[[(0, 22), (0, 23), (0, 39), (11, 19), (20, 31), (20, 32), (22, 5), (10, 15), (24, 25), (2, 32), (6, 24), (17, 7), (17, 26), (17, 29), (3, 16), (16, 6), (19, 30), (26, 28), (37, 30), (4, 2), (21, 10), (7, 12), (8, 27), (27, 5), (31, 24), (31, 35), (31, 38), (14, 37), (33, 17), (33, 25), (33, 32)]]","[[356.06236819302995, 98.13879229953294, 192.27750001399102, 152.48215629880016, 3.335799698310921, 137.41459390842056, 176.4454307001974, 4.731403870066822, 11.096215393246123, 375.0415685476755, 53.11696729146009, 50.7794623492476, 2.2703864879182847, 54.68641678005057, 32.23879758275073, 78.94537180920422, 43.47112606615069, 16.06752387375973, 3.844373314832434, 23.187659949735902, 24.805064362365545, 78.80848265965702, 148.4714611976808, 233.4550071892927, 61.41923397823177, 107.23574268562795, 179.3592831624217, 366.21514456240595, 14.902873968140373, 87.76303099550972, 8.141943081701257]]"
182,"[[(0, 22), (0, 23), (0, 39), (11, 19), (20, 31), (20, 32), (22, 5), (10, 15), (24, 25), (2, 32), (6, 24), (17, 7), (17, 26), (17, 29), (3, 16), (16, 6), (19, 30), (26, 28), (37, 30), (4, 2), (21, 10), (7, 12), (8, 27), (27, 5), (31, 24), (31, 35), (31, 38), (14, 37), (33, 17), (33, 25), (33, 32)]]","[[378.2350233267139, 33.23641001935007, 58.70173775028678, 100.97430197283519, 30.989287365082625, 137.86223070328361, 214.76944674827587, 1.2983918623586739, 11.31864543168592, 364.3705180063908, 55.76647912442224, 52.28669885319635, 4.950911187942749, 58.24452127995576, 43.02871669658765, 104.34301660542926, 44.0230880131723, 10.737682449050999, 4.660307664638426, 23.86562793401658, 46.99033814702918, 59.67980016841753, 206.528210970689, 279.58073832606914, 66.69564172653334, 102.21924404051208, 152.85268854007745, 234.78097016942337, 9.521255693687186, 84.70218524274372, 8.611928321549598]]"
183,"[[(0, 22), (0, 23), (0, 39), (11, 19), (20, 31), (20, 32), (22, 5), (10, 15), (24, 25), (2, 32), (6, 24), (17, 7), (17, 26), (17, 29), (3, 16), (16, 6), (19, 30), (26, 28), (37, 30), (4, 2), (21, 10), (7, 12), (8, 27), (27, 5), (31, 24), (31, 35), (31, 38), (14, 37), (33, 17), (33, 25), (33, 32)]]","[[168.86006740836046, 62.94479397019118, 716.1710978732307, 136.27910801507298, 18.048432862104, 136.01716773667079, 231.28306644522505, 2.0349163456920882, 2.680546706917882, 268.452985243528, 55.98462603867857, 43.883929064444544, 2.898656892932826, 146.6196305389322, 73.34205146554366, 93.2091154184346, 40.429501756780816, 14.325138758607418, 4.975364063971357, 23.86577136118004, 85.44100376597852, 73.92270284982317, 134.61195793082197, 262.96099738121575, 68.82958748793811, 98.40729359709388, 148.29796481975623, 380.43520543199367, 14.293870333490467, 83.1417537239184, 3.0930188179488898]]"
184,"[[(0, 22), (0, 23), (0, 39), (11, 19), (20, 31), (20, 32), (22, 5), (10, 15), (24, 25), (2, 32), (6, 24), (17, 7), (17, 26), (17, 29), (3, 16), (16, 6), (19, 30), (26, 28), (37, 30), (4, 2), (21, 10), (7, 12), (8, 27), (27, 5), (31, 24), (31, 35), (31, 38), (14, 37), (33, 17), (33, 25), (33, 32)]]","[[151.62365402545097, 33.55180241264898, 325.5484831008504, 135.67406780381557, 35.1164276008287, 134.55193899550733, 207.34704495907982, 2.9456070845795943, 10.642063998307798, 282.8817312202014, 53.41840848969274, 36.93821534688982, 2.486631918693761, 97.00846544415353, 76.19285015056882, 74.07617194682778, 53.98732039735377, 16.88825183909394, 3.051176944898093, 23.722850084795375, 56.754398144258865, 79.34755480636522, 359.89739891418014, 230.0558993920858, 62.81696337434563, 94.10749366703277, 98.61904513913495, 93.10351384002782, 15.443734242729509, 94.66877923119384, 6.676108813928671]]"
185,"[[(0, 22), (0, 23), (0, 39), (11, 19), (20, 31), (20, 32), (22, 5), (10, 15), (24, 25), (2, 32), (6, 24), (17, 7), (17, 26), (17, 29), (3, 16), (16, 6), (19, 30), (26, 28), (37, 30), (4, 2), (21, 10), (7, 12), (8, 27), (27, 5), (31, 24), (31, 35), (31, 38), (14, 37), (33, 17), (33, 25), (33, 32)]]","[[221.86935767747778, 38.747394492115156, 678.9823548646534, 155.86152427318112, 36.68116307532607, 133.6917886040703, 200.49111152046478, 1.068338060648696, 22.42615712017742, 360.9328620524135, 50.52414390917149, 36.35997081840179, 1.8504104266360089, 160.24480186609662, 47.126989178434606, 61.37612073106453, 61.90530707234069, 7.5493233814073175, 3.4463807006109066, 24.524067621556057, 31.996100854235667, 66.19493038422479, 391.81934299212816, 352.0003256803065, 79.22754850803184, 72.22911424540682, 104.89115227342671, 241.33187796800982, 9.76382520066758, 86.0015433752298, 8.28925303509752]]"
186,"[[(0, 22), (0, 23), (0, 39), (11, 19), (20, 31), (20, 32), (22, 5), (10, 15), (24, 25), (2, 32), (6, 24), (17, 7), (17, 26), (17, 29), (3, 16), (16, 6), (19, 30), (26, 28), (37, 30), (4, 2), (21, 10), (7, 12), (8, 27), (27, 5), (31, 24), (31, 35), (31, 38), (14, 37), (33, 17), (33, 25), (33, 32)]]","[[321.11837759455943, 95.6212404576843, 498.86300495081474, 47.86697198195602, 35.83819109357533, 136.09407136084891, 201.0009983949758, 4.567874955688918, 8.148170110242745, 371.18048193443383, 52.865719633771164, 39.36131484682748, 1.3458526746374386, 48.46374748200147, 43.32231721371877, 68.81130196274347, 69.26534589322993, 16.096875797877757, 3.111623632131706, 24.979048188046328, 26.679245406562703, 18.279392350944562, 227.2239327781693, 299.2874250594033, 81.61481535862127, 108.73792892495399, 83.02252285254622, 300.27473291861594, 9.620779268201424, 79.86067254689199, 7.772646404998948]]"
187,"[[(0, 22), (0, 23), (0, 39), (11, 19), (20, 31), (20, 32), (22, 5), (10, 15), (24, 25), (2, 32), (6, 24), (17, 7), (17, 26), (17, 29), (3, 16), (16, 6), (19, 30), (26, 28), (37, 30), (4, 2), (21, 10), (7, 12), (8, 27), (27, 5), (31, 24), (31, 35), (31, 38), (14, 37), (33, 17), (33, 25), (33, 32)]]","[[177.32669199151113, 110.78970354583306, 708.0279888022919, 78.26661016184502, 3.800928919887424, 134.6081844796758, 185.29010824576633, 1.9207370495101945, 15.371290844621829, 265.9785537920503, 55.01798592096541, 38.79451245079525, 2.0118573143397853, 79.53946238186208, 41.389583771201565, 93.46666222734133, 56.260634268383036, 13.846194827525988, 4.531786508654529, 24.399258400587602, 11.597715379320032, 56.93085905515739, 69.47183432853626, 227.83585250557718, 64.75448774637222, 96.94850719756259, 50.239620630446176, 414.3802685601203, 8.814456971551097, 78.39467315589395, 2.7204595464023393]]"
188,"[[(0, 22), (0, 23), (0, 39), (11, 19), (20, 31), (20, 32), (22, 5), (10, 15), (24, 25), (2, 32), (6, 24), (17, 7), (17, 26), (17, 29), (3, 16), (16, 6), (19, 30), (26, 28), (37, 30), (4, 2), (21, 10), (7, 12), (8, 27), (27, 5), (31, 24), (31, 35), (31, 38), (14, 37), (33, 17), (33, 25), (33, 32)]]","[[370.4113251503161, 51.64605067001916, 101.94709602528746, 118.09579449686308, 10.602715496841011, 137.55348980809632, 203.60593975851853, 4.564129248949991, 16.384468819380864, 382.1403435037781, 52.42391133293472, 42.188064715834884, 1.1757120582702831, 129.92675143824363, 75.99989148870367, 80.53286831646739, 41.35372961102059, 3.6139275912831295, 4.595228409893309, 23.330750158093693, 67.52831343270795, 55.77402878034059, 174.95429666437377, 166.06641977333362, 66.024766397288, 55.524767206900634, 71.59169361339855, 224.27254263755566, 15.389967239038942, 79.3372997909898, 7.585088363774096]]"
189,"[[(0, 22), (0, 23), (0, 39), (11, 19), (20, 31), (20, 32), (22, 5), (10, 15), (24, 25), (2, 32), (6, 24), (17, 7), (17, 26), (17, 29), (3, 16), (16, 6), (19, 30), (26, 28), (37, 30), (4, 2), (21, 10), (7, 12), (8, 27), (27, 5), (31, 24), (31, 35), (31, 38), (14, 37), (33, 17), (33, 25), (33, 32)]]","[[324.5785117694271, 47.46258917373778, 428.52084574466585, 73.40445592523793, 15.10337209412332, 137.5554911739632, 173.4796721002746, 3.71947810116757, 3.7774291386608967, 287.54436524513164, 49.87955456001232, 40.596044307055564, 1.1807652596394882, 160.00375396945955, 73.74597806682421, 84.4609304828124, 66.5116771221858, 4.635092992830514, 3.0281626610461467, 23.42407929584345, 55.8219897495126, 35.946623142317506, 359.76560078712816, 246.47781642932358, 74.8199914393821, 93.39991463520039, 62.86902862071181, 445.82606038492327, 12.093946972475996, 79.77672087907236, 7.88869498206757]]"
190,"[[(0, 22), (0, 23), (0, 39), (11, 19), (20, 31), (20, 32), (22, 5), (10, 15), (24, 25), (2, 32), (6, 24), (17, 7), (17, 26), (17, 29), (3, 16), (16, 6), (19, 30), (26, 28), (37, 30), (4, 2), (21, 10), (7, 12), (8, 27), (27, 5), (31, 24), (31, 35), (31, 38), (14, 37), (33, 17), (33, 25), (33, 32)]]","[[249.53559506353474, 97.37147384688902, 215.63455835874572, 91.50755639737511, 18.907176304221327, 138.5656075355354, 206.528751914913, 3.449913025991847, 5.7595828425319, 379.25979721177447, 51.2323647277686, 44.11071151503121, 1.0959538525801271, 69.88425353406438, 72.7427046360068, 77.32466206490422, 46.69107190994576, 2.0267587565492633, 4.205692843349665, 24.974949245554225, 37.10364028486905, 78.64540405658028, 403.32016289156894, 292.12806904450326, 66.16663489192922, 44.73797795574208, 133.90224055710758, 109.20064532441586, 13.517443432955709, 80.29698753769509, 7.437066562703966]]"
191,"[[(0, 22), (0, 23), (0, 39), (11, 19), (20, 31), (20, 32), (22, 5), (10, 15), (24, 25), (2, 32), (6, 24), (17, 7), (17, 26), (17, 29), (3, 16), (16, 6), (19, 30), (26, 28), (37, 30), (4, 2), (21, 10), (7, 12), (8, 27), (27, 5), (31, 24), (31, 35), (31, 38), (14, 37), (33, 17), (33, 25), (33, 32)]]","[[353.0281166209116, 96.9273922231541, 788.5448514271674, 110.45200920789483, 29.63864060151623, 138.34278621305342, 178.13380393452763, 4.508957408073635, 17.32393736082563, 365.16534688006453, 49.783368367902014, 41.762142949709954, 1.1490873024016932, 157.65593509410883, 34.10546237613002, 22.566286836657344, 58.394732526192456, 12.579966386307047, 3.5973329517008708, 24.107446560189775, 84.36354421999656, 30.701720805669737, 262.16362997421413, 237.68504623809537, 78.03946599082263, 97.08385566058257, 134.06313647555254, 569.0856318284393, 10.944571589627763, 76.55102139812615, 6.801580158416441]]"
192,"[[(0, 22), (0, 23), (0, 39), (11, 19), (20, 31), (20, 32), (22, 5), (10, 15), (24, 25), (2, 32), (6, 24), (17, 7), (17, 26), (17, 29), (3, 16), (16, 6), (19, 30), (26, 28), (37, 30), (4, 2), (21, 10), (7, 12), (8, 27), (27, 5), (31, 24), (31, 35), (31, 38), (14, 37), (33, 17), (33, 25), (33, 32)]]","[[126.25696548584276, 50.4983307469606, 1119.2541675520392, 115.42125003234919, 15.396253893052116, 142.45126527608673, 231.0896105010758, 3.477206458493726, 13.977032251287898, 353.0920800602556, 49.06110194358598, 37.37687822022324, 2.5287548930182884, 156.17517231293073, 71.23187828131971, 74.53760494214468, 51.38220893604588, 7.144453173044466, 4.6920340004176175, 23.33839094001449, 47.90850286748888, 42.56587064383028, 156.6059238430356, 274.7224809301623, 64.74889897321795, 100.55170982983532, 84.53903212197658, 32.641070038273384, 8.516432875399197, 77.51655064597446, 1.1258808520706767]]"
193,"[[(0, 22), (0, 23), (0, 39), (11, 19), (20, 31), (20, 32), (22, 5), (10, 15), (24, 25), (2, 32), (6, 24), (17, 7), (17, 26), (17, 29), (3, 16), (16, 6), (19, 30), (26, 28), (37, 30), (4, 2), (21, 10), (7, 12), (8, 27), (27, 5), (31, 24), (31, 35), (31, 38), (14, 37), (33, 17), (33, 25), (33, 32)]]","[[378.68967133100335, 22.98620745390655, 821.4946636209836, 112.04059527695115, 15.509675717474225, 141.63908607678715, 183.10767961218627, 4.797474429565898, 15.700954864074728, 399.88376302830306, 54.2410672760723, 45.4323895864624, 2.0454210930470107, 92.14591527808099, 43.120033203843036, 44.791304207387505, 41.61013351198844, 17.90943598603886, 3.322711659148611, 24.82846010579035, 79.87872687080728, 33.372676434238244, 237.6030384529236, 220.0441389502178, 66.57009774973136, 94.19195827914477, 166.0093935293166, 232.3002269286729, 10.56346647934856, 92.22936965454025, 7.238518506075566]]"
194,"[[(0, 22), (0, 23), (0, 39), (11, 19), (20, 31), (20, 32), (22, 5), (10, 15), (24, 25), (2, 32), (6, 24), (17, 7), (17, 26), (17, 29), (3, 16), (16, 6), (19, 30), (26, 28), (37, 30), (4, 2), (21, 10), (7, 12), (8, 27), (27, 5), (31, 24), (31, 35), (31, 38), (14, 37), (33, 17), (33, 25), (33, 32)]]","[[172.74171739739745, 104.09692267524024, 920.7151712515574, 87.22176300605528, 40.366694479285464, 141.6367426007491, 217.3512285763979, 2.2239015679494214, 16.200533242945244, 386.6220101593782, 51.20629184958545, 42.12915215336808, 4.799043733119045, 47.35646613698086, 63.22377934591915, 108.71708852643309, 66.04908584140321, 11.8024198602062, 4.465735083025683, 23.818787715869302, 7.8106954243938596, 32.02739775749577, 302.2199820006624, 161.44673911133597, 68.58671263235144, 93.16785475591391, 70.1210003446133, 579.708132273823, 9.824651735787839, 91.9595397539216, 3.0278022062660854]]"
195,"[[(0, 22), (0, 23), (0, 39), (11, 19), (20, 31), (20, 32), (22, 5), (10, 15), (24, 25), (2, 32), (6, 24), (17, 7), (17, 26), (17, 29), (3, 16), (16, 6), (19, 30), (26, 28), (37, 30), (4, 2), (21, 10), (7, 12), (8, 27), (27, 5), (31, 24), (31, 35), (31, 38), (14, 37), (33, 17), (33, 25), (33, 32)]]","[[104.79096941380794, 42.972818860874, 173.14879770573694, 52.30832879359732, 10.69168872730343, 138.8908960705022, 229.70618536526143, 4.632087515440112, 11.942019158668897, 402.39045182132884, 51.75089645662696, 46.62334283436157, 2.0780180526071463, 77.85466304489121, 65.45396322790617, 124.82019327557164, 66.4066218625113, 2.288036011947314, 4.852878139709959, 24.15675104779769, 37.519456357310474, 30.01080729719641, 250.19189703492196, 160.2209544629012, 72.60624503775932, 47.79281056768029, 61.77669978091228, 502.08835627115843, 9.838054156136309, 92.40857141857835, 5.894339767548322]]"
196,"[[(0, 22), (0, 23), (0, 39), (11, 19), (20, 31), (20, 32), (22, 5), (10, 15), (24, 25), (2, 32), (6, 24), (17, 7), (17, 26), (17, 29), (3, 16), (16, 6), (19, 30), (26, 28), (37, 30), (4, 2), (21, 10), (7, 12), (8, 27), (27, 5), (31, 24), (31, 35), (31, 38), (14, 37), (33, 17), (33, 25), (33, 32)]]","[[292.22191533647674, 88.75697178759222, 389.21931823503616, 49.74290021668077, 21.690920952232037, 142.5215293809658, 188.18050482796903, 2.457529314029889, 12.635857897827126, 389.8274529254368, 48.59074855449769, 50.141668936873266, 2.6546819067469754, 58.1637923994397, 29.245300719440948, 123.1453656434901, 52.94055460792978, 8.238428821078625, 3.141188648771561, 23.485283623527902, 26.55462220595848, 18.151611484355314, 215.90204654738142, 239.69360969361168, 81.1847505595224, 101.78562172736812, 115.13857695812128, 279.82739294093255, 11.707063210099898, 90.10293764539074, 2.9441613744961597]]"
197,"[[(0, 22), (0, 23), (0, 39), (11, 19), (20, 31), (20, 32), (22, 5), (10, 15), (24, 25), (2, 32), (6, 24), (17, 7), (17, 26), (17, 29), (3, 16), (16, 6), (19, 30), (26, 28), (37, 30), (4, 2), (21, 10), (7, 12), (8, 27), (27, 5), (31, 24), (31, 35), (31, 38), (14, 37), (33, 17), (33, 25), (33, 32)]]","[[253.519554327811, 56.34264243508911, 81.15155979573493, 61.926313573833475, 38.109491780212736, 133.4162397060337, 228.09074492909724, 4.273375280245732, 16.782954360869855, 378.9336786555971, 49.825793637432355, 39.35966817518267, 4.523944517818213, 49.027235845713975, 37.48588910416243, 49.15082424531391, 69.42689668833395, 17.48220318970332, 3.7596746626780466, 24.862856887004924, 49.3720267980383, 58.853155875376856, 254.82849570697357, 388.6884666823377, 75.09267159592083, 106.53443630860144, 96.92380255501111, 525.1840167375949, 12.566724640973536, 75.65448721373737, 7.73906771882829]]"
198,"[[(0, 22), (0, 23), (0, 39), (11, 19), (20, 31), (20, 32), (22, 5), (10, 15), (24, 25), (2, 32), (6, 24), (17, 7), (17, 26), (17, 29), (3, 16), (16, 6), (19, 30), (26, 28), (37, 30), (4, 2), (21, 10), (7, 12), (8, 27), (27, 5), (31, 24), (31, 35), (31, 38), (14, 37), (33, 17), (33, 25), (33, 32)]]","[[213.8813511904445, 108.30792640135111, 473.8605330691921, 107.29813177854629, 44.03997089301199, 137.58385904262832, 198.55698864312856, 1.9943590037884733, 22.596343479872555, 303.4962502668717, 55.56525543252804, 49.133744199322564, 4.449504599070562, 100.4059033493657, 34.126299867269566, 18.40112149215094, 41.38766429891433, 16.790382541689546, 3.6477569997552695, 23.478358017084748, 67.7311848446177, 63.07880607234676, 274.6135260200682, 204.31872420797367, 67.42773964681778, 57.044574869218614, 102.9703688522458, 408.4462230283867, 12.82109332449793, 81.64715168603674, 5.427256027924769]]"
199,"[[(0, 22), (0, 23), (0, 39), (11, 19), (20, 31), (20, 32), (22, 5), (10, 15), (24, 25), (2, 32), (6, 24), (17, 7), (17, 26), (17, 29), (3, 16), (16, 6), (19, 30), (26, 28), (37, 30), (4, 2), (21, 10), (7, 12), (8, 27), (27, 5), (31, 24), (31, 35), (31, 38), (14, 37), (33, 17), (33, 25), (33, 32)]]","[[380.4195462121004, 35.835266328736466, 479.66504384713824, 85.57736405714678, 47.50620282103322, 133.82108606659932, 214.89829258212202, 1.486838992391608, 9.484635691301095, 393.76335586004245, 52.688649348204294, 50.05616249840307, 4.7600187589736205, 126.2260288768993, 77.01012944759415, 67.50176792275843, 55.612087141055525, 6.400273268071018, 4.393365519183925, 23.94691106536264, 73.015792057049, 72.9414969117239, 279.02439305333723, 367.6632317932745, 71.63264453955188, 47.06148593522806, 161.58067351445007, 82.46523608481131, 11.121530662836006, 88.30698347890595, 2.4037361005446307]]"
200,"[[(0, 22), (0, 23), (0, 39), (11, 19), (20, 31), (20, 32), (22, 5), (10, 15), (24, 25), (2, 32), (6, 24), (17, 7), (17, 26), (17, 29), (3, 16), (16, 6), (19, 30), (26, 28), (37, 30), (4, 2), (21, 10), (7, 12), (8, 27), (27, 5), (31, 24), (31, 35), (31, 38), (14, 37), (33, 17), (33, 25), (33, 32)]]","[[354.53409594365326, 77.33779588152454, 985.2411306690159, 81.71746241118316, 10.24973886440625, 139.90243305765193, 193.52582945112144, 3.6702345379659937, 20.68583268972875, 306.63400377709786, 51.66043098708685, 47.204149751400124, 2.373413039553398, 120.44679789736784, 63.8071120393662, 40.28822458938965, 69.16204756459032, 3.6788964762013987, 4.722294219291011, 23.2721125428836, 15.763711813957636, 36.28473607000169, 202.36365967244578, 209.9405765028781, 71.89671891715196, 37.23443498552136, 49.70821198747052, 148.33614395122078, 12.719754820508296, 85.05771291961433, 8.734082046132194]]"
201,"[[(0, 22), (0, 23), (0, 39), (11, 19), (20, 31), (20, 32), (22, 5), (10, 15), (24, 25), (2, 32), (6, 24), (17, 7), (17, 26), (17, 29), (3, 16), (16, 6), (19, 30), (26, 28), (37, 30), (4, 2), (21, 10), (7, 12), (8, 27), (27, 5), (31, 24), (31, 35), (31, 38), (14, 37), (33, 17), (33, 25), (33, 32)]]","[[125.6845321684066, 95.25103553905006, 890.5998747297464, 148.89615284393403, 12.570728267854662, 130.82126144626372, 201.9060805987512, 2.987013101120738, 7.022988646533474, 331.46290004316205, 51.25176569061315, 45.81244115018236, 4.108470928461678, 130.9617465095364, 53.97929199335844, 30.956939538680505, 57.83558636439555, 8.019480974057961, 3.2840107607874787, 24.72240172477532, 74.68082679504849, 24.91864636898376, 119.30846331266838, 355.52563447554866, 81.83927436433048, 97.39971941142815, 80.9047283809705, 556.2960079986224, 14.604484398897789, 83.40731863427662, 2.9897418688988138]]"
202,"[[(0, 22), (0, 23), (0, 39), (11, 19), (20, 31), (20, 32), (22, 5), (10, 15), (24, 25), (2, 32), (6, 24), (17, 7), (17, 26), (17, 29), (3, 16), (16, 6), (19, 30), (26, 28), (37, 30), (4, 2), (21, 10), (7, 12), (8, 27), (27, 5), (31, 24), (31, 35), (31, 38), (14, 37), (33, 17), (33, 25), (33, 32)]]","[[312.84798287653734, 28.991634968888917, 477.21449379920404, 113.87852942293469, 34.09251335100335, 139.908565665826, 180.0621169405295, 3.953358725472162, 23.70807578833764, 311.6953304176978, 48.721246819647966, 48.88545915106873, 4.187043070512634, 141.6932248646435, 59.10520536328852, 53.58151748001086, 46.545987057385005, 15.061540568862346, 4.085520212695221, 23.15302479215833, 47.479103145895266, 80.17352707323184, 94.23384580367494, 276.50352693546273, 67.27824015799726, 46.70135657968516, 121.76648329227106, 330.68241925590604, 13.12349116006104, 92.06770724224954, 7.966010384375812]]"
203,"[[(0, 22), (0, 23), (0, 39), (11, 19), (20, 31), (20, 32), (22, 5), (10, 15), (24, 25), (2, 32), (6, 24), (17, 7), (17, 26), (17, 29), (3, 16), (16, 6), (19, 30), (26, 28), (37, 30), (4, 2), (21, 10), (7, 12), (8, 27), (27, 5), (31, 24), (31, 35), (31, 38), (14, 37), (33, 17), (33, 25), (33, 32)]]","[[188.62126376632062, 28.537577488837073, 452.7449948543337, 157.14186665757768, 9.436485509300365, 134.80888159157806, 220.78142803319471, 4.541290381079925, 0.8968431790222533, 337.6064109402246, 50.54371928115495, 44.08601902723753, 2.2191351593056834, 58.50589570440606, 54.06351817278962, 51.99332714236221, 66.30502285948295, 13.140335581590037, 3.51458591972228, 24.391587683113713, 9.742311086114727, 80.92215991429194, 71.87411058932412, 297.6269035646236, 79.35077659338445, 84.26071768984121, 155.67993422522213, 437.72131498390445, 13.281916106334656, 88.0850955308212, 6.623628657683041]]"
204,"[[(0, 22), (0, 23), (0, 39), (11, 19), (20, 31), (20, 32), (22, 5), (10, 15), (24, 25), (2, 32), (6, 24), (17, 7), (17, 26), (17, 29), (3, 16), (16, 6), (19, 30), (26, 28), (37, 30), (4, 2), (21, 10), (7, 12), (8, 27), (27, 5), (31, 24), (31, 35), (31, 38), (14, 37), (33, 17), (33, 25), (33, 32)]]","[[357.9838796647326, 31.16435439344652, 754.8270943621625, 122.31855125074814, 48.057423555962544, 136.63449920481258, 176.69967609521893, 4.321181927609283, 17.186002775764386, 351.78136897903016, 52.85453231554926, 48.47875277737257, 2.0905927667921396, 61.681833285513896, 63.69879111406538, 110.3513531702902, 68.97733930401236, 12.284283799951687, 3.537835449568857, 24.626786154916196, 75.26946121828755, 74.94291730040223, 414.54310159887484, 322.276250353451, 67.82684291198073, 34.009313743898076, 46.20888708195314, 173.11291566741681, 8.758911238173548, 91.68950779442369, 7.544306952960508]]"
205,"[[(0, 22), (0, 23), (0, 39), (11, 19), (20, 31), (20, 32), (22, 5), (10, 15), (24, 25), (2, 32), (6, 24), (17, 7), (17, 26), (17, 29), (3, 16), (16, 6), (19, 30), (26, 28), (37, 30), (4, 2), (21, 10), (7, 12), (8, 27), (27, 5), (31, 24), (31, 35), (31, 38), (14, 37), (33, 17), (33, 25), (33, 32)]]","[[291.79855661689385, 112.99563163019451, 137.9299333125424, 60.629424190027024, 31.800219837112756, 130.42078099045008, 222.37164024217657, 2.728775812033758, 5.518241140311224, 335.99149336404946, 53.3089480880734, 42.6728792665446, 2.2916857542726246, 106.05541375307133, 49.520712452633376, 24.348240377199822, 69.19155151233946, 3.4254164707032606, 3.389964720389683, 23.59472600551544, 50.66001244067325, 37.909122181421964, 338.81895976503614, 289.86022990866803, 62.97678525682133, 61.31205378637674, 59.95846968814509, 181.28209064573042, 15.095000845309919, 81.95641561561321, 8.662812597568465]]"
206,"[[(0, 22), (0, 23), (0, 39), (11, 19), (20, 31), (20, 32), (22, 5), (10, 15), (24, 25), (2, 32), (6, 24), (17, 7), (17, 26), (17, 29), (3, 16), (16, 6), (19, 30), (26, 28), (37, 30), (4, 2), (21, 10), (7, 12), (8, 27), (27, 5), (31, 24), (31, 35), (31, 38), (14, 37), (33, 17), (33, 25), (33, 32)]]","[[234.4206975567377, 94.53074965059803, 266.4348873673531, 152.02335482865215, 15.182601738937501, 135.05312455860496, 172.00114705002184, 3.5867272569617676, 18.01659154328007, 411.2716337080005, 52.1143583462414, 39.68335403891493, 2.872610821224759, 99.52831124198636, 31.68355088088775, 22.20256040208112, 67.73227695410426, 3.068832490095799, 3.831928578528813, 24.92085061453562, 54.250643537427884, 34.70636659489619, 169.0807711713722, 248.69187912743064, 82.04396616865593, 68.598212225173, 99.66725050707639, 491.9221160345843, 9.960529914747974, 75.09045009182566, 2.8174923455650287]]"
207,"[[(0, 22), (0, 23), (0, 39), (11, 19), (20, 31), (20, 32), (22, 5), (10, 15), (24, 25), (2, 32), (6, 24), (17, 7), (17, 26), (17, 29), (3, 16), (16, 6), (19, 30), (26, 28), (37, 30), (4, 2), (21, 10), (7, 12), (8, 27), (27, 5), (31, 24), (31, 35), (31, 38), (14, 37), (33, 17), (33, 25), (33, 32)]]","[[327.35367364488616, 30.384763066126116, 304.6144980494336, 62.047550179811395, 27.257788547348973, 142.05169648621262, 179.87711796355617, 4.038512413623555, 19.403015436693877, 395.44592350605035, 53.67608504874252, 45.716052224546196, 2.702627490966022, 155.71468568957158, 71.59484837084341, 116.57408333917203, 57.33168453009219, 10.878669254134818, 4.6990001293462775, 24.24741057541403, 29.064692335243024, 56.963752698880924, 170.22735278592216, 154.75550433780285, 76.81503852352608, 73.79907616577827, 126.48333737354399, 173.06342441861267, 12.997357368725314, 77.7217268890072, 5.230929072428341]]"
208,"[[(0, 22), (0, 23), (0, 39), (11, 19), (20, 31), (20, 32), (22, 5), (10, 15), (24, 25), (2, 32), (6, 24), (17, 7), (17, 26), (17, 29), (3, 16), (16, 6), (19, 30), (26, 28), (37, 30), (4, 2), (21, 10), (7, 12), (8, 27), (27, 5), (31, 24), (31, 35), (31, 38), (14, 37), (33, 17), (33, 25), (33, 32)]]","[[242.75090485642446, 80.3278677937902, 899.9208725552024, 60.151766476685836, 23.386402342391484, 142.2715147386902, 183.06403964853837, 1.3677753851945735, 5.839840671309967, 308.62962466331135, 52.56815014132896, 49.16191106865452, 3.745847312561686, 127.93063394815685, 41.769332148504894, 33.843565085160094, 60.60054547905294, 14.550744864619993, 3.9536622176856717, 23.23412005311324, 69.91327399600624, 76.97223643557581, 145.18699974368838, 145.84354490555802, 67.68514847230514, 92.90237707341893, 175.71252689912342, 252.01970682783687, 10.541900253603234, 85.25297714312062, 3.9192755469271194]]"
209,"[[(0, 22), (0, 23), (0, 39), (11, 19), (20, 31), (20, 32), (22, 5), (10, 15), (24, 25), (2, 32), (6, 24), (17, 7), (17, 26), (17, 29), (3, 16), (16, 6), (19, 30), (26, 28), (37, 30), (4, 2), (21, 10), (7, 12), (8, 27), (27, 5), (31, 24), (31, 35), (31, 38), (14, 37), (33, 17), (33, 25), (33, 32)]]","[[128.9045226994517, 99.8757571469203, 1035.3450973338656, 149.59053507317475, 37.507006444966095, 137.7127699872015, 225.36327272526776, 3.255279628601964, 24.726387205584274, 356.8402642311572, 55.00602707157784, 52.162738242533116, 4.047265310949582, 72.45703836113074, 57.39785331915371, 111.61367555287873, 59.166613556773, 2.190306636922983, 3.903714770742024, 23.659260440342095, 29.690797493249512, 17.454373826228593, 205.04224483946484, 360.315953018237, 70.39885381144474, 59.665760029516356, 56.66849180224151, 623.8065765197189, 9.912820064027326, 92.92727855749877, 5.063339882683158]]"
210,"[[(0, 22), (0, 23), (0, 39), (11, 19), (20, 31), (20, 32), (22, 5), (10, 15), (24, 25), (2, 32), (6, 24), (17, 7), (17, 26), (17, 29), (3, 16), (16, 6), (19, 30), (26, 28), (37, 30), (4, 2), (21, 10), (7, 12), (8, 27), (27, 5), (31, 24), (31, 35), (31, 38), (14, 37), (33, 17), (33, 25), (33, 32)]]","[[124.10157082513464, 34.766770947672555, 187.91277706980102, 114.1606311117198, 11.519399094012678, 130.5467987154621, 185.42783660853095, 3.5204798882955823, 9.294832882643714, 338.3034084756526, 50.59122868342629, 50.378456928425514, 2.8766601831104524, 137.42455611406518, 75.19250856249786, 38.47784539717116, 52.84530414592617, 11.536491817949669, 4.436524194478702, 23.79862636916869, 81.3870616171787, 50.486723392466615, 100.6782408597443, 364.67060992476274, 60.35193399295569, 48.554748664137264, 162.98121577131093, 458.81692903302036, 10.48921679210843, 90.74333341250156, 7.004665671574662]]"
211,"[[(0, 22), (0, 23), (0, 39), (11, 19), (20, 31), (20, 32), (22, 5), (10, 15), (24, 25), (2, 32), (6, 24), (17, 7), (17, 26), (17, 29), (3, 16), (16, 6), (19, 30), (26, 28), (37, 30), (4, 2), (21, 10), (7, 12), (8, 27), (27, 5), (31, 24), (31, 35), (31, 38), (14, 37), (33, 17), (33, 25), (33, 32)]]","[[324.9971814530128, 74.85836582928451, 350.9698624358669, 72.66757141756592, 46.87284618801289, 133.94273267051906, 190.84390355192133, 3.9136753534217337, 19.49472396919151, 363.74636844361936, 51.77863751874987, 40.05692847505302, 1.3355095066624654, 93.15627582616747, 46.40888873232239, 43.21828097663269, 42.51360840875978, 19.5037514624721, 3.2851119778494855, 23.557274174905835, 11.233899431679493, 43.89179353456975, 314.1948968943451, 189.3654028217791, 82.0323811321877, 91.24308242398516, 51.17159612037992, 430.0582317110147, 12.645075514623116, 83.64733489188541, 7.037961010347867]]"
212,"[[(0, 22), (0, 23), (0, 39), (11, 19), (20, 31), (20, 32), (22, 5), (10, 15), (24, 25), (2, 32), (6, 24), (17, 7), (17, 26), (17, 29), (3, 16), (16, 6), (19, 30), (26, 28), (37, 30), (4, 2), (21, 10), (7, 12), (8, 27), (27, 5), (31, 24), (31, 35), (31, 38), (14, 37), (33, 17), (33, 25), (33, 32)]]","[[323.2820160786956, 55.631140471624924, 860.9574620152912, 58.49126742978662, 24.956202116343373, 134.71914413923133, 226.80858671750948, 2.4073080982377664, 16.00875497710903, 286.49534753385944, 51.90934925922229, 51.138321231636176, 4.321239944010089, 69.28165934662498, 37.869894043442095, 67.1451857867211, 58.25600714800839, 8.343575664136639, 3.0244906010891786, 24.8780473400135, 58.010470934103495, 69.67647327029914, 388.2774098770829, 221.51965254302644, 76.94381649762661, 72.620950812714, 88.52942007812754, 297.2930591074855, 11.879065405733265, 76.6137982621472, 5.304078879000867]]"
213,"[[(0, 22), (0, 23), (0, 39), (11, 19), (20, 31), (20, 32), (22, 5), (10, 15), (24, 25), (2, 32), (6, 24), (17, 7), (17, 26), (17, 29), (3, 16), (16, 6), (19, 30), (26, 28), (37, 30), (4, 2), (21, 10), (7, 12), (8, 27), (27, 5), (31, 24), (31, 35), (31, 38), (14, 37), (33, 17), (33, 25), (33, 32)]]","[[315.12426329137037, 107.77625838355311, 1008.1064882465438, 130.44512639685246, 12.08822880787265, 142.85556622100495, 201.28047818721208, 3.0336662136096884, 3.582330653506347, 371.8027233178025, 48.70844493990268, 45.54694943032223, 4.6777103547013015, 134.72964358295104, 54.24833924957315, 42.62776141632693, 37.27226932737857, 11.415805555935709, 3.380030860141148, 24.01202781464772, 48.812646684228014, 90.84778880819805, 121.84450633684702, 193.62756025320815, 75.25522544696142, 84.86828485820782, 54.66667574163047, 263.22405039451735, 9.109877165924921, 82.20040061402693, 1.9593427521087712]]"
214,"[[(0, 22), (0, 23), (0, 39), (11, 19), (20, 31), (20, 32), (22, 5), (10, 15), (24, 25), (2, 32), (6, 24), (17, 7), (17, 26), (17, 29), (3, 16), (16, 6), (19, 30), (26, 28), (37, 30), (4, 2), (21, 10), (7, 12), (8, 27), (27, 5), (31, 24), (31, 35), (31, 38), (14, 37), (33, 17), (33, 25), (33, 32)]]","[[339.7726089259801, 38.119809566942706, 767.9649933613691, 111.10155127187426, 47.551252481674936, 131.40801693666722, 217.5336103940645, 3.7360219599324402, 14.567207867961729, 293.2342075577422, 51.583116310525796, 50.011006412812684, 1.934852479106529, 118.83222941973534, 62.01760058992689, 88.45746560072477, 41.79225381828995, 4.470249821733972, 3.6566829305168937, 23.9398347517235, 90.36997044990086, 90.04132707124741, 229.0676349328367, 356.9385443823752, 80.84048447137252, 105.08355862767809, 90.22581990697327, 75.0832807778561, 10.917724034134704, 84.68756535768884, 8.886532987759857]]"
215,"[[(0, 22), (0, 23), (0, 39), (11, 19), (20, 31), (20, 32), (22, 5), (10, 15), (24, 25), (2, 32), (6, 24), (17, 7), (17, 26), (17, 29), (3, 16), (16, 6), (19, 30), (26, 28), (37, 30), (4, 2), (21, 10), (7, 12), (8, 27), (27, 5), (31, 24), (31, 35), (31, 38), (14, 37), (33, 17), (33, 25), (33, 32)]]","[[92.90007361258014, 35.254683636635704, 437.4962822953594, 126.25488870877966, 40.449490646049746, 132.0427981271932, 209.55526804694858, 3.4557040472085956, 24.06731271151155, 359.63506447471957, 51.44173991083782, 36.219465881821876, 1.1041233466634894, 141.47694584791222, 69.61404950164896, 33.51218615888736, 59.1329765919732, 17.558160546884324, 3.080351335823508, 24.231337325623, 68.65863514883905, 21.330543839725024, 389.2902386081174, 243.8090328415417, 62.82277251623816, 105.1076747256567, 179.35193083289414, 385.43541051921943, 11.147048334802456, 91.97122781089172, 7.140859330852303]]"
216,"[[(0, 22), (0, 23), (0, 39), (11, 19), (20, 31), (20, 32), (22, 5), (10, 15), (24, 25), (2, 32), (6, 24), (17, 7), (17, 26), (17, 29), (3, 16), (16, 6), (19, 30), (26, 28), (37, 30), (4, 2), (21, 10), (7, 12), (8, 27), (27, 5), (31, 24), (31, 35), (31, 38), (14, 37), (33, 17), (33, 25), (33, 32)]]","[[151.11522290186178, 60.43791375111623, 801.5170198691302, 121.28573865982202, 30.762007460044515, 130.13227083147157, 212.60535125820024, 3.666942795528983, 19.04106821505295, 278.174714600773, 53.977346505324576, 38.28308769544259, 1.1054753446444305, 55.813243085802505, 34.674091867014354, 85.19669464586799, 40.0293051900379, 8.134775834719253, 3.806179356312566, 23.514135467003783, 64.74371685938829, 45.203910978490576, 236.36511904219736, 224.2455386656004, 66.03168686198893, 36.78249463558983, 159.46374067137128, 223.34568269742388, 14.695082632421546, 86.29156641542784, 2.329497629722953]]"
217,"[[(0, 22), (0, 23), (0, 39), (11, 19), (20, 31), (20, 32), (22, 5), (10, 15), (24, 25), (2, 32), (6, 24), (17, 7), (17, 26), (17, 29), (3, 16), (16, 6), (19, 30), (26, 28), (37, 30), (4, 2), (21, 10), (7, 12), (8, 27), (27, 5), (31, 24), (31, 35), (31, 38), (14, 37), (33, 17), (33, 25), (33, 32)]]","[[242.8824678813984, 26.81748441303618, 67.86873945383842, 156.9908181772647, 43.51638911254791, 132.09737815213967, 230.81903879124664, 3.8395707251765354, 8.259320899420988, 411.896450963666, 54.87168877093201, 48.09006218911336, 3.429901959637303, 125.04255705770257, 31.83830434045979, 40.620119718061375, 57.01523062441725, 12.381135870719898, 4.795415791916979, 24.72111755897399, 21.80262204418436, 67.27979950928247, 205.17425535946825, 368.62563967368015, 74.97986453126177, 38.19801567244632, 82.73598586912401, 601.5542875377945, 11.16170512773544, 88.42076651039471, 3.636815851403754]]"
218,"[[(0, 22), (0, 23), (0, 39), (11, 19), (20, 31), (20, 32), (22, 5), (10, 15), (24, 25), (2, 32), (6, 24), (17, 7), (17, 26), (17, 29), (3, 16), (16, 6), (19, 30), (26, 28), (37, 30), (4, 2), (21, 10), (7, 12), (8, 27), (27, 5), (31, 24), (31, 35), (31, 38), (14, 37), (33, 17), (33, 25), (33, 32)]]","[[101.32004744262042, 106.76450585545231, 1094.6404638750807, 105.40898867761078, 13.956067831194986, 143.23995514988033, 195.08257724966836, 3.693684614894421, 16.633427661124028, 269.5837673787288, 51.650436212725666, 40.272768327966965, 1.091041817630582, 104.3325043439857, 76.46337744830223, 25.291900962244302, 37.3574136157797, 19.892110850164993, 3.6922447454218723, 23.616665884889333, 65.73765101867426, 88.37792333577056, 166.12118992209508, 262.4584180418883, 70.14923006057782, 54.99974574840023, 76.32947550202958, 163.78827174772186, 14.073470266060838, 94.60919555590715, 4.098487846679117]]"
219,"[[(0, 22), (0, 23), (0, 39), (11, 19), (20, 31), (20, 32), (22, 5), (10, 15), (24, 25), (2, 32), (6, 24), (17, 7), (17, 26), (17, 29), (3, 16), (16, 6), (19, 30), (26, 28), (37, 30), (4, 2), (21, 10), (7, 12), (8, 27), (27, 5), (31, 24), (31, 35), (31, 38), (14, 37), (33, 17), (33, 25), (33, 32)]]","[[180.8567314604781, 98.29484494885747, 314.40574748453554, 166.64980962069936, 32.832141820543576, 134.12955395206419, 194.28038045509533, 2.0526670112098753, 23.35652710711301, 353.72023468276376, 49.9818560328076, 39.601327433851594, 3.2173036355313, 48.07720952579919, 42.013019466254065, 114.35648598891466, 66.83846607171708, 7.947182472507297, 4.529535049507155, 23.400350206835387, 68.54867247324077, 81.56912965267428, 171.0914409509109, 311.46611803013457, 69.31761043960807, 109.485723123082, 174.89723774586554, 362.1950942395048, 11.01130578843448, 91.58942083769895, 1.404297577234682]]"
220,"[[(0, 22), (0, 23), (0, 39), (11, 19), (20, 31), (20, 32), (22, 5), (10, 15), (24, 25), (2, 32), (6, 24), (17, 7), (17, 26), (17, 29), (3, 16), (16, 6), (19, 30), (26, 28), (37, 30), (4, 2), (21, 10), (7, 12), (8, 27), (27, 5), (31, 24), (31, 35), (31, 38), (14, 37), (33, 17), (33, 25), (33, 32)]]","[[88.36073816162514, 115.11251950816823, 95.88000053095324, 148.24251380955374, 16.03085840430098, 141.27665456596395, 198.0189128350404, 1.1159328090962473, 7.160374602141814, 349.5910115616826, 49.478946876239995, 42.12149295778959, 1.0023932732778742, 76.84142827496282, 39.793499286020385, 33.798295801526045, 48.87363336181364, 6.8489226045843274, 4.172960435873209, 24.290920623455126, 31.901592082712483, 31.14984028736429, 237.62745853849998, 307.76307546881606, 65.2570622047244, 65.93838000431413, 26.72662736289284, 100.88155519192524, 12.870356266568809, 78.79030068764837, 7.176056629874525]]"
221,"[[(0, 22), (0, 23), (0, 39), (11, 19), (20, 31), (20, 32), (22, 5), (10, 15), (24, 25), (2, 32), (6, 24), (17, 7), (17, 26), (17, 29), (3, 16), (16, 6), (19, 30), (26, 28), (37, 30), (4, 2), (21, 10), (7, 12), (8, 27), (27, 5), (31, 24), (31, 35), (31, 38), (14, 37), (33, 17), (33, 25), (33, 32)]]","[[144.81719643817115, 112.71378937919246, 604.8860897141005, 93.7309824424444, 23.0779355228829, 133.48977848997146, 193.4116108122418, 1.5440628916591779, 2.5855655094754946, 363.71808199437083, 50.70133337149425, 45.93209868967198, 3.635906246406291, 130.26614327183205, 56.59043897327406, 77.43708490929697, 61.15414347945619, 5.816576061426438, 4.221923536392928, 24.385224562700337, 61.126614167022005, 72.14079157381803, 160.73570972613535, 284.49833128949126, 77.53823264272802, 93.50062203529842, 126.34600975854367, 226.7223158288269, 11.218538280345799, 81.93387229436051, 2.770781823560254]]"
222,"[[(0, 22), (0, 23), (0, 39), (11, 19), (20, 31), (20, 32), (22, 5), (10, 15), (24, 25), (2, 32), (6, 24), (17, 7), (17, 26), (17, 29), (3, 16), (16, 6), (19, 30), (26, 28), (37, 30), (4, 2), (21, 10), (7, 12), (8, 27), (27, 5), (31, 24), (31, 35), (31, 38), (14, 37), (33, 17), (33, 25), (33, 32)]]","[[299.3454288411019, 62.69654896052861, 840.1560455951351, 38.56646927668109, 17.590101183111933, 140.63901992388134, 175.5158871149951, 4.195656695168626, 3.9991851053777676, 351.0118842337303, 50.08428952384295, 51.728742701622615, 2.730120210886121, 105.40426824786937, 76.25639823292663, 91.91109680205565, 69.21137699466301, 14.836017828099463, 4.122664786053668, 24.614404625158315, 58.58131403718201, 75.82264523268648, 228.4729892477416, 233.49205626176757, 82.52362635348813, 34.499286147393754, 79.1669497983596, 193.77953153218604, 15.903715477616029, 80.73465395421658, 1.078587059754196]]"
223,"[[(0, 22), (0, 23), (0, 39), (11, 19), (20, 31), (20, 32), (22, 5), (10, 15), (24, 25), (2, 32), (6, 24), (17, 7), (17, 26), (17, 29), (3, 16), (16, 6), (19, 30), (26, 28), (37, 30), (4, 2), (21, 10), (7, 12), (8, 27), (27, 5), (31, 24), (31, 35), (31, 38), (14, 37), (33, 17), (33, 25), (33, 32)]]","[[120.43214215987537, 29.68896783551714, 970.7883760544975, 117.07924443980974, 46.74349454519199, 132.68748855624995, 213.48182991709695, 4.440911536035776, 9.447258653818704, 408.1606382164018, 51.94759601342163, 42.48883176714533, 2.6287178068487975, 110.64542523124084, 45.5246304538448, 78.48647379048468, 68.80036222018796, 12.360891563378683, 3.9186805782715988, 24.36233963893297, 58.950327089692394, 20.64356536617741, 381.2378586699361, 149.57839103584647, 71.26135903322546, 99.30216740464272, 29.426716710913944, 140.90174869372942, 15.520545507696788, 77.70135163801783, 7.070625541420547]]"
224,"[[(0, 22), (0, 23), (0, 39), (11, 19), (20, 31), (20, 32), (22, 5), (10, 15), (24, 25), (2, 32), (6, 24), (17, 7), (17, 26), (17, 29), (3, 16), (16, 6), (19, 30), (26, 28), (37, 30), (4, 2), (21, 10), (7, 12), (8, 27), (27, 5), (31, 24), (31, 35), (31, 38), (14, 37), (33, 17), (33, 25), (33, 32)]]","[[157.77499057196013, 32.884491585522184, 902.2256425254253, 48.240062398733194, 41.51805492599387, 141.46732390303228, 188.37937842826253, 4.914810434846144, 17.48581700066425, 297.9474977631044, 54.95961664940722, 44.80193846795966, 3.206049811817945, 112.82363432247931, 41.47717819051389, 104.40254539451291, 55.857122630002046, 14.867877412720567, 4.25118233070666, 23.39038013271877, 41.6848181396442, 46.61515590310768, 112.8189077354196, 391.00759884580265, 82.40503289934392, 107.0050010032169, 80.05339837195925, 126.92664188899127, 14.208682960765447, 85.4041859690828, 7.59644953610959]]"
225,"[[(0, 22), (0, 23), (0, 39), (11, 19), (20, 31), (20, 32), (22, 5), (10, 15), (24, 25), (2, 32), (6, 24), (17, 7), (17, 26), (17, 29), (3, 16), (16, 6), (19, 30), (26, 28), (37, 30), (4, 2), (21, 10), (7, 12), (8, 27), (27, 5), (31, 24), (31, 35), (31, 38), (14, 37), (33, 17), (33, 25), (33, 32)]]","[[330.93160509185554, 110.91365055358028, 765.3914501640926, 150.9940240317138, 44.45479434264262, 133.59765973681067, 213.88664473324746, 4.142542067813216, 7.576650075971047, 394.29183869408143, 52.45750029287303, 38.472245807894495, 4.924814069875202, 110.62325928175034, 37.549643095856325, 17.10498720150558, 38.43920305859357, 13.490463035116594, 4.228506395806862, 23.432372134566847, 53.73999741197785, 69.57338818906585, 297.8491535439922, 173.31012783184028, 70.77630143610949, 45.64183929665089, 112.29448564178945, 496.4870521758812, 9.046337905369576, 80.4444439901832, 6.683077768952878]]"
226,"[[(0, 22), (0, 23), (0, 39), (11, 19), (20, 31), (20, 32), (22, 5), (10, 15), (24, 25), (2, 32), (6, 24), (17, 7), (17, 26), (17, 29), (3, 16), (16, 6), (19, 30), (26, 28), (37, 30), (4, 2), (21, 10), (7, 12), (8, 27), (27, 5), (31, 24), (31, 35), (31, 38), (14, 37), (33, 17), (33, 25), (33, 32)]]","[[141.0031398138299, 27.470861053019753, 39.300796795576886, 96.33983038277638, 3.3715234112372743, 138.21998086157438, 227.1093986325279, 3.7768899920433427, 19.202781718035165, 299.7373818922832, 53.77800157152791, 51.53328057885561, 1.3007828532774082, 59.91567164193762, 73.84522419174118, 49.08603376079664, 62.54395475800388, 2.5848471338956784, 3.1113216334167157, 23.614385453744337, 23.18789374867299, 51.84286487077396, 330.7827752663168, 371.4536608380324, 61.785372776485616, 99.57836351142531, 106.77436735237454, 84.24271346423754, 12.256113055251372, 89.74861419736827, 2.955933260579669]]"
227,"[[(0, 22), (0, 23), (0, 39), (11, 19), (20, 31), (20, 32), (22, 5), (10, 15), (24, 25), (2, 32), (6, 24), (17, 7), (17, 26), (17, 29), (3, 16), (16, 6), (19, 30), (26, 28), (37, 30), (4, 2), (21, 10), (7, 12), (8, 27), (27, 5), (31, 24), (31, 35), (31, 38), (14, 37), (33, 17), (33, 25), (33, 32)]]","[[301.643357794503, 34.00636252720143, 89.24977529236251, 95.3606301971509, 7.447334520808663, 130.5950115513519, 201.7044785366257, 1.4423837173208547, 4.326389197383829, 316.9158004564827, 50.807287121370145, 36.21934834321373, 3.312923785581583, 91.84460071220398, 41.98734769191746, 110.41074896921188, 54.48906372155497, 18.647681493844317, 3.979034162754039, 24.88218931552594, 68.77036305039101, 75.47304442658319, 218.10585871539718, 234.63671925656513, 65.04396701852636, 99.9440430425297, 21.859202543520347, 312.4810029443509, 12.51602761805106, 83.05808999151301, 8.94718556582815]]"
228,"[[(0, 22), (0, 23), (0, 39), (11, 19), (20, 31), (20, 32), (22, 5), (10, 15), (24, 25), (2, 32), (6, 24), (17, 7), (17, 26), (17, 29), (3, 16), (16, 6), (19, 30), (26, 28), (37, 30), (4, 2), (21, 10), (7, 12), (8, 27), (27, 5), (31, 24), (31, 35), (31, 38), (14, 37), (33, 17), (33, 25), (33, 32)]]","[[168.06945307967422, 96.89567901850961, 1063.7441302785858, 114.59553075335035, 23.786469521739328, 137.67462780453852, 221.75871786324797, 2.5422275564657664, 21.21203233665925, 392.60560745068153, 50.25871967500134, 47.60603083639863, 1.0383823160740864, 139.49439821088862, 32.07450304671422, 122.183892343746, 49.5681016656829, 6.679060183256106, 4.987208172887955, 23.071343324601305, 32.11673053328586, 48.33565920606586, 101.39410430804963, 202.87034903838148, 82.97005641136144, 95.3512530698609, 62.542386857893824, 351.2680629610694, 8.50330934832324, 86.04660362987747, 1.9837892130492314]]"
229,"[[(0, 22), (0, 23), (0, 39), (11, 19), (20, 31), (20, 32), (22, 5), (10, 15), (24, 25), (2, 32), (6, 24), (17, 7), (17, 26), (17, 29), (3, 16), (16, 6), (19, 30), (26, 28), (37, 30), (4, 2), (21, 10), (7, 12), (8, 27), (27, 5), (31, 24), (31, 35), (31, 38), (14, 37), (33, 17), (33, 25), (33, 32)]]","[[108.81506450808968, 69.28083276829528, 1111.0227141612302, 144.7818384339433, 13.027529162970376, 138.4450682505664, 175.65574004953868, 4.516906186753545, 1.6963751510306044, 323.97255073148006, 49.03581184341034, 37.45929184042933, 2.260256292058329, 82.6762072084473, 28.75281851846658, 90.26028477336742, 50.956760460227834, 19.708106725478704, 4.819155056488212, 23.524274747502073, 31.48464356874185, 44.833730291408486, 139.06805349226534, 292.1496677786972, 64.77506074380659, 82.99993237957835, 88.26004084397674, 75.1899048335777, 12.599831963438206, 83.3417535812141, 6.6282377586114105]]"
230,"[[(0, 22), (0, 23), (0, 39), (11, 19), (20, 31), (20, 32), (22, 5), (10, 15), (24, 25), (2, 32), (6, 24), (17, 7), (17, 26), (17, 29), (3, 16), (16, 6), (19, 30), (26, 28), (37, 30), (4, 2), (21, 10), (7, 12), (8, 27), (27, 5), (31, 24), (31, 35), (31, 38), (14, 37), (33, 17), (33, 25), (33, 32)]]","[[191.09650151170644, 93.88650635501341, 133.88581501630486, 60.441880464323674, 46.30893555020181, 140.38392711432687, 222.79643361073863, 3.3151536467914657, 4.7383449734530085, 399.4769932420834, 51.95326370583478, 45.29312006533417, 2.7957965461606364, 78.78102607159711, 29.614612589852822, 111.18414522067881, 58.29538054641378, 15.657682113665516, 4.90039935380768, 24.283967577959903, 61.993191245641185, 21.99196608056029, 222.5655464794215, 254.93665809537436, 82.2452596361997, 98.33503520733377, 98.2636718287311, 125.0054172336997, 12.693049082832285, 92.90558605595486, 8.755870945522664]]"
231,"[[(0, 22), (0, 23), (0, 39), (11, 19), (20, 31), (20, 32), (22, 5), (10, 15), (24, 25), (2, 32), (6, 24), (17, 7), (17, 26), (17, 29), (3, 16), (16, 6), (19, 30), (26, 28), (37, 30), (4, 2), (21, 10), (7, 12), (8, 27), (27, 5), (31, 24), (31, 35), (31, 38), (14, 37), (33, 17), (33, 25), (33, 32)]]","[[325.02690509077877, 49.18337755828436, 882.628117615989, 161.15172320430406, 19.530467081176187, 130.93391295132386, 206.45737892887925, 3.3668204560455752, 17.13054272746687, 376.03082592104545, 50.87916824796642, 48.0945674571572, 3.6045274671517706, 147.26867422178947, 65.6448798860834, 19.72048226837014, 63.4949773207801, 7.534257947065594, 3.6541741753280244, 24.182123599983104, 84.28910667106847, 86.67998572529741, 142.1622042039197, 248.8064323800512, 76.97290821985216, 74.60625399492118, 50.6580880107913, 562.90908227035, 11.37479861531543, 89.00252716498923, 2.5900921324511]]"
232,"[[(0, 22), (0, 23), (0, 39), (11, 19), (20, 31), (20, 32), (22, 5), (10, 15), (24, 25), (2, 32), (6, 24), (17, 7), (17, 26), (17, 29), (3, 16), (16, 6), (19, 30), (26, 28), (37, 30), (4, 2), (21, 10), (7, 12), (8, 27), (27, 5), (31, 24), (31, 35), (31, 38), (14, 37), (33, 17), (33, 25), (33, 32)]]","[[316.597658292249, 38.9311524771188, 637.4244484777622, 103.48152388243042, 11.26770926834015, 134.80170154344603, 206.02792494913305, 2.562373607540507, 17.525997537596723, 314.4031198159404, 53.73853119021814, 51.18991582898873, 2.155080426327577, 69.09763045318273, 77.52945324722184, 18.73449113881817, 50.18597783725188, 8.183990095202189, 4.6769441756575265, 23.74152819347386, 26.095843929855167, 75.33039914873702, 195.5307934299782, 170.94400361123667, 68.0635899121265, 66.35035503891262, 127.23206696720885, 481.41613273287146, 13.895495922590438, 85.87224316796386, 8.31429230739272]]"
233,"[[(0, 22), (0, 23), (0, 39), (11, 19), (20, 31), (20, 32), (22, 5), (10, 15), (24, 25), (2, 32), (6, 24), (17, 7), (17, 26), (17, 29), (3, 16), (16, 6), (19, 30), (26, 28), (37, 30), (4, 2), (21, 10), (7, 12), (8, 27), (27, 5), (31, 24), (31, 35), (31, 38), (14, 37), (33, 17), (33, 25), (33, 32)]]","[[125.7771816019339, 98.8288731152001, 1013.7563534509072, 85.98771600175803, 9.145575176184947, 131.9178682090028, 213.87552565817103, 4.23137645501086, 25.38784046957168, 330.90620133451614, 51.23981303097936, 40.84418233915612, 3.675784160292404, 97.78140791646345, 70.01473855946863, 76.11929979103095, 42.27628611465245, 9.650765733044793, 3.8321851611110915, 24.01466248297108, 12.359948832046625, 31.872801251924834, 219.0347659823025, 143.02988465879562, 81.80465553646695, 73.4093875113334, 24.23396462774124, 591.9651634728042, 12.684105485583718, 81.9943118088142, 1.839404570808524]]"
234,"[[(0, 22), (0, 23), (0, 39), (11, 19), (20, 31), (20, 32), (22, 5), (10, 15), (24, 25), (2, 32), (6, 24), (17, 7), (17, 26), (17, 29), (3, 16), (16, 6), (19, 30), (26, 28), (37, 30), (4, 2), (21, 10), (7, 12), (8, 27), (27, 5), (31, 24), (31, 35), (31, 38), (14, 37), (33, 17), (33, 25), (33, 32)]]","[[234.88842842933647, 94.88431611680119, 46.5592291670319, 161.98622275329404, 18.199771966246537, 138.0229668914204, 193.49210959462013, 1.7361220529904844, 4.858760703660334, 277.9134370726956, 51.89836077864357, 46.908828652034906, 3.089052245103152, 109.84340836312032, 70.21519318007674, 62.65417742618453, 53.77618170681042, 7.105624546616323, 3.3027664897646205, 23.320437028090176, 67.24625433323541, 65.74855911316192, 259.20156082182973, 153.7131420390596, 62.98284691206324, 67.5727571350549, 58.91642950927448, 170.32851418580753, 10.042550415569217, 85.03439395787287, 5.114695291358761]]"
235,"[[(0, 22), (0, 23), (0, 39), (11, 19), (20, 31), (20, 32), (22, 5), (10, 15), (24, 25), (2, 32), (6, 24), (17, 7), (17, 26), (17, 29), (3, 16), (16, 6), (19, 30), (26, 28), (37, 30), (4, 2), (21, 10), (7, 12), (8, 27), (27, 5), (31, 24), (31, 35), (31, 38), (14, 37), (33, 17), (33, 25), (33, 32)]]","[[153.3081182458852, 56.72236215758367, 707.399121768724, 125.41579109267465, 13.824063810157867, 130.23412715970466, 188.18763840804678, 3.444690491223763, 9.151903276944982, 266.9875893287546, 54.15636268576621, 52.01437059889703, 4.643663930094183, 140.39689614048683, 61.86170867571772, 69.43758534790246, 67.76141260973847, 5.103484266631642, 3.3526987459052586, 24.5797967063604, 12.980836202866762, 86.39132774055079, 92.30565282840364, 325.5038306500636, 65.10816162216277, 77.31851053350478, 126.11029465196418, 454.4762378019305, 12.486099067234562, 81.5708724422877, 5.112228048720152]]"
236,"[[(0, 22), (0, 23), (0, 39), (11, 19), (20, 31), (20, 32), (22, 5), (10, 15), (24, 25), (2, 32), (6, 24), (17, 7), (17, 26), (17, 29), (3, 16), (16, 6), (19, 30), (26, 28), (37, 30), (4, 2), (21, 10), (7, 12), (8, 27), (27, 5), (31, 24), (31, 35), (31, 38), (14, 37), (33, 17), (33, 25), (33, 32)]]","[[201.23941850255403, 41.671185691239174, 597.6512080223131, 153.9552395197294, 34.141118789406015, 139.82108335232087, 177.96112604398564, 2.2622913825028923, 23.768980234600622, 351.25118284247503, 53.74456381907614, 46.028079495442014, 4.512363288163442, 85.69420748269818, 70.26467833002008, 126.28059759805156, 43.16045130417489, 3.0452543957426172, 4.635932635122484, 23.869904988686702, 29.512058384381053, 65.38428774089937, 415.9740324144866, 188.19480683640322, 59.13921945966474, 104.39028657878193, 166.89241013731458, 87.90716084993473, 11.216623896979453, 77.98370792273825, 4.019710836490644]]"
237,"[[(0, 22), (0, 23), (0, 39), (11, 19), (20, 31), (20, 32), (22, 5), (10, 15), (24, 25), (2, 32), (6, 24), (17, 7), (17, 26), (17, 29), (3, 16), (16, 6), (19, 30), (26, 28), (37, 30), (4, 2), (21, 10), (7, 12), (8, 27), (27, 5), (31, 24), (31, 35), (31, 38), (14, 37), (33, 17), (33, 25), (33, 32)]]","[[114.12730447169723, 46.76034512683079, 555.1069046966381, 54.48597865771946, 11.542569310492183, 130.79388106603682, 204.43934139931116, 2.1478854008549355, 12.290708633252779, 309.67395584242195, 55.77908035463547, 36.24818063313353, 2.0595559487169233, 119.92429489550113, 57.12634928252161, 120.234572498392, 60.72717237840372, 17.801336739360764, 4.308874278341422, 23.57919527530375, 63.517937915933985, 17.941835483784132, 140.46652964500242, 332.7957072566767, 68.21967548757806, 70.87089588129959, 143.1463422725634, 78.97398301011083, 14.540835041054766, 81.19945773841846, 5.779801360573404]]"
238,"[[(0, 22), (0, 23), (0, 39), (11, 19), (20, 31), (20, 32), (22, 5), (10, 15), (24, 25), (2, 32), (6, 24), (17, 7), (17, 26), (17, 29), (3, 16), (16, 6), (19, 30), (26, 28), (37, 30), (4, 2), (21, 10), (7, 12), (8, 27), (27, 5), (31, 24), (31, 35), (31, 38), (14, 37), (33, 17), (33, 25), (33, 32)]]","[[241.8743849482696, 27.345842674590955, 73.12571066046549, 94.58894641388025, 21.85578808057635, 132.73442199930935, 186.55031216561798, 3.229306043647348, 25.248760521927547, 369.01475326759277, 55.43604984487294, 37.075546898483026, 2.567821320991413, 87.18152570264265, 42.05276906656512, 85.74034337747962, 60.1732761726272, 16.664336327205483, 4.675227121941304, 24.467464059633876, 46.74965185939454, 89.2133489479498, 233.45385990196905, 235.2524200574672, 67.7112937498183, 37.84488607434915, 25.46509891836847, 249.9884575394317, 14.133453940141122, 88.24764609980888, 7.166923482224445]]"
239,"[[(0, 22), (0, 23), (0, 39), (11, 19), (20, 31), (20, 32), (22, 5), (10, 15), (24, 25), (2, 32), (6, 24), (17, 7), (17, 26), (17, 29), (3, 16), (16, 6), (19, 30), (26, 28), (37, 30), (4, 2), (21, 10), (7, 12), (8, 27), (27, 5), (31, 24), (31, 35), (31, 38), (14, 37), (33, 17), (33, 25), (33, 32)]]","[[143.2576754817823, 77.6040717247015, 848.8155601565828, 113.160960901484, 32.33914692028338, 136.64989242886347, 201.20910558740533, 2.6056963862016196, 22.11861838227832, 373.9975961919373, 49.037958971932945, 48.04383638621084, 4.758879303904659, 122.4992390729145, 36.757330451797856, 70.97851488728372, 37.18840677998987, 5.9221726677725846, 4.600871085815366, 23.298966443943403, 72.77917990928343, 81.56335097155012, 397.58647150858144, 334.0120279978844, 59.69185542767398, 57.452949808565165, 181.92915682066612, 151.53145800696603, 14.316793801521206, 86.44447842027648, 6.907565182144903]]"
240,"[[(0, 22), (0, 23), (0, 39), (11, 19), (20, 31), (20, 32), (22, 5), (10, 15), (24, 25), (2, 32), (6, 24), (17, 7), (17, 26), (17, 29), (3, 16), (16, 6), (19, 30), (26, 28), (37, 30), (4, 2), (21, 10), (7, 12), (8, 27), (27, 5), (31, 24), (31, 35), (31, 38), (14, 37), (33, 17), (33, 25), (33, 32)]]","[[225.7694913782648, 22.59202079800517, 887.6934864357811, 48.87691772167098, 29.25885351806536, 136.55173587299677, 186.17725237977285, 3.435936477153409, 2.4246322228087194, 380.8462648758804, 55.292655286515284, 37.777853175843696, 2.7924636639301386, 117.20710150778774, 47.864576460038265, 75.2728174975453, 61.28526519420042, 7.596907749617098, 3.5553414353677786, 23.131984691603044, 31.27603800070178, 63.44277148634724, 414.9375010173887, 337.19635689112204, 70.96285511130999, 87.01167686953139, 102.55445411234398, 557.5545801775842, 12.378558804622674, 93.71728963300096, 3.6801472550600076]]"
241,"[[(0, 22), (0, 23), (0, 39), (11, 19), (20, 31), (20, 32), (22, 5), (10, 15), (24, 25), (2, 32), (6, 24), (17, 7), (17, 26), (17, 29), (3, 16), (16, 6), (19, 30), (26, 28), (37, 30), (4, 2), (21, 10), (7, 12), (8, 27), (27, 5), (31, 24), (31, 35), (31, 38), (14, 37), (33, 17), (33, 25), (33, 32)]]","[[139.17900904500536, 86.14729040188327, 1106.2803686244279, 104.24036456071146, 10.48141196102953, 137.03424751872782, 210.58222039391083, 4.261152285527462, 12.957342156661266, 309.8594323668775, 49.95365918042276, 49.794064875441265, 2.7480792972925694, 126.58288505053113, 32.35381914112328, 103.91849540332315, 45.67798708418847, 10.888915824701286, 4.306575448260437, 24.780369819826596, 34.19912265521431, 29.476312448221496, 81.04773565495836, 173.30506336450568, 69.85488342580317, 56.142869056153174, 160.34856083465053, 445.82089308937645, 15.503990556076335, 94.00798189634307, 7.268227540921606]]"
242,"[[(0, 22), (0, 23), (0, 39), (11, 19), (20, 31), (20, 32), (22, 5), (10, 15), (24, 25), (2, 32), (6, 24), (17, 7), (17, 26), (17, 29), (3, 16), (16, 6), (19, 30), (26, 28), (37, 30), (4, 2), (21, 10), (7, 12), (8, 27), (27, 5), (31, 24), (31, 35), (31, 38), (14, 37), (33, 17), (33, 25), (33, 32)]]","[[134.63671518324696, 43.739124588725176, 655.2462207472691, 75.08583130142503, 7.635912213986742, 136.4802949436688, 228.83667317284397, 1.55197228865089, 9.255010318554367, 316.4427577051831, 51.09620353727582, 45.70873831623804, 4.10579054609317, 102.9066370574267, 48.11919581382916, 51.272013136071365, 63.23851085010311, 12.436580644568243, 3.3512660893040422, 24.508275579031068, 67.16730529144789, 37.06118067640967, 238.08706188425822, 155.13666917582614, 81.39289246857315, 96.35984233140465, 112.86013556862015, 208.6505123338714, 10.958881084153274, 81.33297331758362, 6.683723882556849]]"
243,"[[(0, 22), (0, 23), (0, 39), (11, 19), (20, 31), (20, 32), (22, 5), (10, 15), (24, 25), (2, 32), (6, 24), (17, 7), (17, 26), (17, 29), (3, 16), (16, 6), (19, 30), (26, 28), (37, 30), (4, 2), (21, 10), (7, 12), (8, 27), (27, 5), (31, 24), (31, 35), (31, 38), (14, 37), (33, 17), (33, 25), (33, 32)]]","[[167.20619729687425, 113.7106211240958, 772.1010530435117, 79.18015884234266, 38.31637844625118, 141.09279965179138, 184.08978757555755, 1.9120990739756896, 9.701060063640819, 357.23167952017207, 53.60671303053348, 52.33110949807774, 3.2568879471709966, 131.05351385606426, 26.010979473283463, 84.90381361507158, 44.69044891512259, 9.1547429417409, 4.814940780876959, 24.832166723500656, 42.44728909059168, 18.49702094148006, 368.2971585460442, 394.2634894945346, 69.74677271415905, 44.612432370282846, 40.07416586608114, 126.83268517446639, 8.104466932162612, 90.94665343358807, 7.815353348519073]]"
244,"[[(0, 22), (0, 23), (0, 39), (11, 19), (20, 31), (20, 32), (22, 5), (10, 15), (24, 25), (2, 32), (6, 24), (17, 7), (17, 26), (17, 29), (3, 16), (16, 6), (19, 30), (26, 28), (37, 30), (4, 2), (21, 10), (7, 12), (8, 27), (27, 5), (31, 24), (31, 35), (31, 38), (14, 37), (33, 17), (33, 25), (33, 32)]]","[[220.08280577183487, 103.10505310948007, 268.5959656651936, 112.74869270409702, 20.924866809448773, 137.6239137258068, 222.72292911170769, 3.4715444848576724, 6.276804019429781, 299.411872542604, 52.07085025235155, 40.10920061001956, 3.183565214161035, 143.71505460170513, 55.97489608925588, 83.9063180759315, 67.93471408607671, 11.627430673628536, 3.0857610588214883, 24.705419066051483, 87.21274894887036, 71.0643246541232, 351.3477655397737, 330.06369859303834, 64.53668738972834, 92.531722123457, 71.01636807693197, 528.5802261323686, 14.447480319190207, 86.19656003965423, 4.876838013478954]]"
245,"[[(0, 22), (0, 23), (0, 39), (11, 19), (20, 31), (20, 32), (22, 5), (10, 15), (24, 25), (2, 32), (6, 24), (17, 7), (17, 26), (17, 29), (3, 16), (16, 6), (19, 30), (26, 28), (37, 30), (4, 2), (21, 10), (7, 12), (8, 27), (27, 5), (31, 24), (31, 35), (31, 38), (14, 37), (33, 17), (33, 25), (33, 32)]]","[[157.3528519363755, 49.09076169985458, 1096.4584000153154, 89.48399634440514, 45.634286357900024, 142.1816712625458, 215.60754863369377, 2.7344530174769446, 17.664672664553905, 338.53385166899324, 54.44855092055256, 36.0007721595147, 1.4090298925648996, 87.68902977110517, 68.18462387006556, 98.03893443210445, 47.8345868499555, 15.477855067407447, 4.298656466941694, 23.050035983373064, 44.527157633890454, 26.32838011291293, 169.31220605630352, 242.32255105876578, 68.22104813678915, 61.05881872561264, 149.07792565947227, 341.4961416144864, 12.534525861029392, 77.42756906317123, 7.522949017436624]]"
246,"[[(0, 22), (0, 23), (0, 39), (11, 19), (20, 31), (20, 32), (22, 5), (10, 15), (24, 25), (2, 32), (6, 24), (17, 7), (17, 26), (17, 29), (3, 16), (16, 6), (19, 30), (26, 28), (37, 30), (4, 2), (21, 10), (7, 12), (8, 27), (27, 5), (31, 24), (31, 35), (31, 38), (14, 37), (33, 17), (33, 25), (33, 32)]]","[[95.59808096143595, 43.9726643867827, 142.78657196431192, 132.08731108521812, 7.846931722819903, 138.33951475006253, 225.7902377368502, 1.6507762055999016, 5.808760311996597, 309.12155593546663, 53.24036797223991, 50.34474474948087, 1.854985817637004, 51.45133770958698, 47.80518405812553, 127.80496175657564, 40.83711278614564, 13.344465361496328, 3.5834375719676235, 23.919486176692537, 83.0819030307164, 28.50113871051433, 163.7498404172995, 330.5182549637577, 69.89524310303509, 53.94990997460806, 46.538932535908316, 565.2887454863957, 14.479088884273718, 90.57406705316711, 1.534697092319531]]"
247,"[[(0, 22), (0, 23), (0, 39), (11, 19), (20, 31), (20, 32), (22, 5), (10, 15), (24, 25), (2, 32), (6, 24), (17, 7), (17, 26), (17, 29), (3, 16), (16, 6), (19, 30), (26, 28), (37, 30), (4, 2), (21, 10), (7, 12), (8, 27), (27, 5), (31, 24), (31, 35), (31, 38), (14, 37), (33, 17), (33, 25), (33, 32)]]","[[185.92303560925873, 102.73246103775008, 603.7325003359882, 141.92582943067944, 18.07068832500767, 132.96399328864896, 218.89499103034183, 3.6188870237051702, 23.075775247167403, 322.5132585953761, 50.319727829048006, 38.10329556583461, 1.22330980433816, 85.4655390512643, 38.79515194216379, 87.15460467830593, 46.82534206177679, 15.259053121221504, 3.2072421458769753, 24.898471101955906, 13.540250729286525, 21.628278859195646, 299.1755810600946, 148.03343206814367, 78.93164100914242, 99.13018909956494, 22.30926332862721, 561.147613083481, 11.976095863121664, 81.57301455195763, 4.97632894247686]]"
248,"[[(0, 22), (0, 23), (0, 39), (11, 19), (20, 31), (20, 32), (22, 5), (10, 15), (24, 25), (2, 32), (6, 24), (17, 7), (17, 26), (17, 29), (3, 16), (16, 6), (19, 30), (26, 28), (37, 30), (4, 2), (21, 10), (7, 12), (8, 27), (27, 5), (31, 24), (31, 35), (31, 38), (14, 37), (33, 17), (33, 25), (33, 32)]]","[[348.7572563408416, 78.16822311369589, 389.11104990454277, 150.91113064335062, 24.49442440349605, 131.90950399575033, 218.76423295309795, 1.5355743270672972, 12.166803501914291, 411.0919487109825, 55.00772480987601, 42.347203725179796, 2.814487609941122, 159.38737282124936, 71.60612284581504, 126.32478548568506, 64.79105078539251, 6.72860868002202, 3.6585979424912587, 24.582138925243015, 46.11369529542613, 29.828411388190638, 74.98620327273757, 290.6877334109903, 70.95664613901005, 57.34378474018264, 36.39513779366477, 354.482734154252, 15.40482514689359, 78.28525575723779, 7.899880913878424]]"
249,"[[(0, 22), (0, 23), (0, 39), (11, 19), (20, 31), (20, 32), (22, 5), (10, 15), (24, 25), (2, 32), (6, 24), (17, 7), (17, 26), (17, 29), (3, 16), (16, 6), (19, 30), (26, 28), (37, 30), (4, 2), (21, 10), (7, 12), (8, 27), (27, 5), (31, 24), (31, 35), (31, 38), (14, 37), (33, 17), (33, 25), (33, 32)]]","[[226.94037845668143, 94.61790116324738, 26.771325091879493, 72.31289426356066, 27.51010489054358, 141.87078325430448, 218.3724539070424, 1.406314874659687, 1.5134462061924432, 370.6654355921467, 55.41200227520389, 51.68973294615992, 4.806167097839615, 110.37708758968586, 37.27737742628469, 63.24303136843512, 38.38597701048651, 15.10293147657164, 4.123121792601337, 24.477502680576563, 11.562683445833542, 40.45176851656946, 296.54649415284524, 374.0699348447383, 68.81432933518387, 93.57143892296034, 94.11280196132779, 468.719833297374, 15.94497695813945, 90.61719015578348, 1.1025416009051296]]"
250,"[[(0, 22), (0, 23), (0, 39), (11, 19), (20, 31), (20, 32), (22, 5), (10, 15), (24, 25), (2, 32), (6, 24), (17, 7), (17, 26), (17, 29), (3, 16), (16, 6), (19, 30), (26, 28), (37, 30), (4, 2), (21, 10), (7, 12), (8, 27), (27, 5), (31, 24), (31, 35), (31, 38), (14, 37), (33, 17), (33, 25), (33, 32)]]","[[250.76473148190425, 27.930975794221506, 539.8807691640627, 66.30454707946832, 15.734399464757704, 141.89743633524006, 199.8741921836603, 2.522360423878199, 13.453651614223068, 304.93933375918493, 54.456406698450635, 44.08638341594988, 4.1611725315320625, 115.51664997921965, 62.715122358876265, 92.46114797047319, 37.36251336187845, 9.17969737420415, 4.092707969291832, 24.548939397480634, 82.7464915878218, 18.486524409728208, 359.5536433013456, 163.4879012247878, 75.78476346531136, 43.68568171292827, 92.90007327346028, 429.27640041344114, 9.140494757863987, 90.79662621199404, 3.4996373118460005]]"
251,"[[(0, 22), (0, 23), (0, 39), (11, 19), (20, 31), (20, 32), (22, 5), (10, 15), (24, 25), (2, 32), (6, 24), (17, 7), (17, 26), (17, 29), (3, 16), (16, 6), (19, 30), (26, 28), (37, 30), (4, 2), (21, 10), (7, 12), (8, 27), (27, 5), (31, 24), (31, 35), (31, 38), (14, 37), (33, 17), (33, 25), (33, 32)]]","[[207.99918118867674, 106.08676947395848, 1108.959475467467, 155.94524139616786, 25.69391115744932, 135.74126217702178, 229.57648654153417, 3.197194480264059, 13.093853131095809, 384.84679684423975, 52.05622151455188, 53.4044936774669, 3.829195427385796, 138.66383212539313, 76.34913690916346, 25.416816552049724, 68.38082432728004, 12.31605404247636, 3.9907897362258082, 23.307968529089944, 86.5784550726125, 70.2499249367963, 342.9774384589197, 224.16305073253443, 75.22065628533079, 81.89970134393887, 161.73740652382213, 626.9809726373719, 10.1969598658201, 81.74091530721981, 4.319903656641087]]"
252,"[[(0, 22), (0, 23), (0, 39), (11, 19), (20, 31), (20, 32), (22, 5), (10, 15), (24, 25), (2, 32), (6, 24), (17, 7), (17, 26), (17, 29), (3, 16), (16, 6), (19, 30), (26, 28), (37, 30), (4, 2), (21, 10), (7, 12), (8, 27), (27, 5), (31, 24), (31, 35), (31, 38), (14, 37), (33, 17), (33, 25), (33, 32)]]","[[278.33427224445575, 99.19419779268765, 1017.4216496893215, 53.176348043185996, 3.5413325520428947, 139.26119332828267, 210.60113594735878, 1.6946404915772306, 14.252529281639335, 360.5917606762786, 51.83133360376056, 50.21566920454576, 4.43647805546839, 50.17839943297895, 50.092014382473316, 85.59130489668665, 67.16828250075345, 19.03160609515126, 4.8431648774349325, 23.488388157935102, 25.57205507611881, 32.39651297091551, 112.67375467382342, 330.3401087332682, 72.25027773994555, 81.31323359062742, 146.17575278919927, 127.15043248588708, 14.366210260344698, 92.37401826970816, 5.252275812050796]]"
253,"[[(0, 22), (0, 23), (0, 39), (11, 19), (20, 31), (20, 32), (22, 5), (10, 15), (24, 25), (2, 32), (6, 24), (17, 7), (17, 26), (17, 29), (3, 16), (16, 6), (19, 30), (26, 28), (37, 30), (4, 2), (21, 10), (7, 12), (8, 27), (27, 5), (31, 24), (31, 35), (31, 38), (14, 37), (33, 17), (33, 25), (33, 32)]]","[[102.63328269933577, 29.99436058056204, 58.14961798605542, 70.18635559577018, 30.67573950135619, 140.590402849189, 172.89798118963984, 4.665890946678644, 18.935171561608442, 397.907210187744, 50.127761041285936, 49.93144396949813, 3.4284703144903608, 76.48319870600311, 62.87896634101273, 19.7494902910516, 40.486171592931015, 11.766758634564155, 4.700845318291201, 23.130774068334496, 44.327444549279605, 22.848789235613573, 415.54179515665487, 326.9653896377661, 65.57986836674584, 92.85418840795916, 171.13230386186453, 87.59199640889008, 9.052248190006132, 76.35293713559308, 1.1510216929917663]]"
254,"[[(0, 22), (0, 23), (0, 39), (11, 19), (20, 31), (20, 32), (22, 5), (10, 15), (24, 25), (2, 32), (6, 24), (17, 7), (17, 26), (17, 29), (3, 16), (16, 6), (19, 30), (26, 28), (37, 30), (4, 2), (21, 10), (7, 12), (8, 27), (27, 5), (31, 24), (31, 35), (31, 38), (14, 37), (33, 17), (33, 25), (33, 32)]]","[[267.77355928354325, 86.3168381720905, 221.69028082312306, 127.05507312439451, 5.3736596286099605, 130.7109007798322, 203.7515945723176, 2.5161879011129678, 17.846620371105935, 287.89703269681314, 52.40183093970509, 44.389304730535834, 2.855498153507999, 92.9032742528801, 43.37446961521202, 88.69250999811796, 51.651724427012326, 4.961528286149034, 3.82976406939264, 23.539348266398942, 85.59772875383273, 37.99060227346905, 305.73535220417796, 367.61156367972063, 74.02649947857202, 107.3422936140559, 138.46301452817517, 532.9933789473166, 8.36813112887079, 91.66710590400756, 4.027902541230227]]"
255,"[[(0, 22), (0, 23), (0, 39), (11, 19), (20, 31), (20, 32), (22, 5), (10, 15), (24, 25), (2, 32), (6, 24), (17, 7), (17, 26), (17, 29), (3, 16), (16, 6), (19, 30), (26, 28), (37, 30), (4, 2), (21, 10), (7, 12), (8, 27), (27, 5), (31, 24), (31, 35), (31, 38), (14, 37), (33, 17), (33, 25), (33, 32)]]","[[182.83783876412178, 73.93718640557279, 421.41532461696045, 76.8406980840189, 11.6195847026718, 141.7208105655459, 206.15818706167826, 1.9167280145513486, 20.512560333435246, 358.5858851625244, 49.987857036461854, 53.890689026644225, 1.3730612479510294, 98.54876993343484, 56.091018387569115, 57.34338787684461, 37.84279720365102, 5.432043878158834, 3.815136095464162, 23.602325225770915, 80.50421486859508, 55.45506838359919, 255.17048736887733, 235.08475488908488, 59.287921818818575, 81.55156751299171, 170.0432768130759, 229.44394575533283, 12.094166138083477, 88.43995557133252, 3.297557035493436]]"
256,"[[(0, 22), (0, 23), (0, 39), (11, 19), (20, 31), (20, 32), (22, 5), (10, 15), (24, 25), (2, 32), (6, 24), (17, 7), (17, 26), (17, 29), (3, 16), (16, 6), (19, 30), (26, 28), (37, 30), (4, 2), (21, 10), (7, 12), (8, 27), (27, 5), (31, 24), (31, 35), (31, 38), (14, 37), (33, 17), (33, 25), (33, 32)]]","[[321.5883942785438, 42.901485236181955, 244.43392297951894, 56.06658876716382, 44.871136607052186, 133.5427696956787, 221.45546174182272, 3.309389506461279, 0.09814613785628823, 296.75433078256157, 53.70688768635325, 46.68029842970893, 3.5569070368705393, 92.85100217337005, 43.96375068710802, 55.9085635453206, 41.19939811069866, 2.9355866832473616, 4.985149450354408, 24.366415585567847, 32.48910071182877, 48.62478458790778, 135.60627276418722, 397.19238999297806, 71.42016171415273, 108.78551131271834, 16.27132877841841, 188.35119403698698, 13.649202357132651, 89.13018116094646, 6.19156154980404]]"
257,"[[(0, 22), (0, 23), (0, 39), (11, 19), (20, 31), (20, 32), (22, 5), (10, 15), (24, 25), (2, 32), (6, 24), (17, 7), (17, 26), (17, 29), (3, 16), (16, 6), (19, 30), (26, 28), (37, 30), (4, 2), (21, 10), (7, 12), (8, 27), (27, 5), (31, 24), (31, 35), (31, 38), (14, 37), (33, 17), (33, 25), (33, 32)]]","[[192.6794266274014, 55.92177424537741, 223.80180770744258, 90.64957508362674, 32.43196201537114, 139.98765877702078, 201.44865796495313, 1.9840590849108652, 19.395921400953387, 402.34838424473537, 51.43330942189751, 42.58905231512451, 3.264414499409174, 124.22692505569213, 31.47293590347394, 64.44866621151138, 49.53609507946451, 5.736961586594309, 3.7414997909059404, 24.54702565960001, 17.057327295942855, 35.18907800355946, 113.79289103979445, 307.98674030913094, 81.24285821929499, 83.28415666434634, 74.02355615737993, 195.62495758059987, 11.168559039716467, 86.79823375223397, 1.7992081834555664]]"
258,"[[(0, 22), (0, 23), (0, 39), (11, 19), (20, 31), (20, 32), (22, 5), (10, 15), (24, 25), (2, 32), (6, 24), (17, 7), (17, 26), (17, 29), (3, 16), (16, 6), (19, 30), (26, 28), (37, 30), (4, 2), (21, 10), (7, 12), (8, 27), (27, 5), (31, 24), (31, 35), (31, 38), (14, 37), (33, 17), (33, 25), (33, 32)]]","[[328.87962895076555, 77.58022499379186, 270.7978413180293, 104.50489047499234, 41.32855576960683, 142.8531690817807, 179.7070219530281, 1.6653846002828474, 9.352976839440862, 368.06814196242806, 53.33667323434792, 49.19003734782904, 4.47746085112391, 98.05848599953453, 77.81087045758565, 72.82433420505893, 66.90289859287725, 3.8363804818778577, 3.1019794671935843, 23.42292936523066, 84.96229131896118, 68.46133393516001, 260.7272431602528, 290.2952437770199, 81.99530340334455, 62.29912786841296, 151.8469264149216, 425.9390343753846, 13.104165696708412, 92.1849498650703, 3.280354267120191]]"
259,"[[(0, 22), (0, 23), (0, 39), (11, 19), (20, 31), (20, 32), (22, 5), (10, 15), (24, 25), (2, 32), (6, 24), (17, 7), (17, 26), (17, 29), (3, 16), (16, 6), (19, 30), (26, 28), (37, 30), (4, 2), (21, 10), (7, 12), (8, 27), (27, 5), (31, 24), (31, 35), (31, 38), (14, 37), (33, 17), (33, 25), (33, 32)]]","[[262.88464032106094, 23.70135349423854, 1050.2000902874977, 136.3178512640741, 31.834119946925213, 131.20005181013494, 212.9186585060822, 3.5455878721932645, 14.623212781236296, 376.2410121158488, 54.79027779298707, 37.998233079660174, 2.571797394176606, 128.14269155522646, 65.26185125893448, 59.08638062869635, 64.62274396500253, 11.149243732582889, 4.268316388403147, 24.770498304950223, 20.798416427230677, 74.78842833694773, 256.2692760847331, 311.04888018592993, 76.14818115644218, 51.666283313400875, 58.17669351980146, 568.5124407378725, 11.650505573522562, 76.71458031322082, 6.849621727492354]]"
260,"[[(0, 22), (0, 23), (0, 39), (11, 19), (20, 31), (20, 32), (22, 5), (10, 15), (24, 25), (2, 32), (6, 24), (17, 7), (17, 26), (17, 29), (3, 16), (16, 6), (19, 30), (26, 28), (37, 30), (4, 2), (21, 10), (7, 12), (8, 27), (27, 5), (31, 24), (31, 35), (31, 38), (14, 37), (33, 17), (33, 25), (33, 32)]]","[[318.86962242011055, 25.079397790271067, 908.5254880496102, 158.75004735440803, 47.65142389721877, 141.77280110469295, 209.6887550825064, 3.9614464329672705, 9.112260562652821, 310.78158789447434, 49.23248350701564, 43.006549143676516, 4.962036745905852, 138.66312161126325, 58.83941030153187, 41.770227228265796, 55.65211201523842, 4.001138119556881, 3.6931094509634654, 23.72915678978657, 88.30811562192424, 84.70401200576138, 286.0377821312311, 351.1390428185575, 61.276060597592085, 70.65602980448222, 77.11277802249077, 225.54834259039444, 10.310928010649723, 92.8453425283731, 2.027487107799545]]"
261,"[[(0, 22), (0, 23), (0, 39), (11, 19), (20, 31), (20, 32), (22, 5), (10, 15), (24, 25), (2, 32), (6, 24), (17, 7), (17, 26), (17, 29), (3, 16), (16, 6), (19, 30), (26, 28), (37, 30), (4, 2), (21, 10), (7, 12), (8, 27), (27, 5), (31, 24), (31, 35), (31, 38), (14, 37), (33, 17), (33, 25), (33, 32)]]","[[368.6293622544563, 34.50519101081629, 225.1482027710017, 97.8891481454942, 35.67090002992309, 143.93290676730606, 226.29774850055475, 4.3148427573316415, 19.5426670155188, 318.4833565320075, 49.14871397255506, 38.65619530972184, 1.5974497678585156, 128.56885345871126, 73.2931546725337, 120.65813508622124, 63.55499700849779, 13.044448260544314, 3.6010181585762133, 23.641479597869868, 29.98131582698356, 20.5807557146675, 212.69446299412712, 370.895769024208, 71.0966178248474, 80.743155477693, 102.29054059051155, 588.2889998971494, 13.17411961192284, 88.88487845222184, 3.0462801584472006]]"
262,"[[(0, 22), (0, 23), (0, 39), (11, 19), (20, 31), (20, 32), (22, 5), (10, 15), (24, 25), (2, 32), (6, 24), (17, 7), (17, 26), (17, 29), (3, 16), (16, 6), (19, 30), (26, 28), (37, 30), (4, 2), (21, 10), (7, 12), (8, 27), (27, 5), (31, 24), (31, 35), (31, 38), (14, 37), (33, 17), (33, 25), (33, 32)]]","[[113.63646827800146, 105.07971373544339, 752.5542309477139, 79.63270859125873, 39.72133172855192, 136.31355105868192, 173.30023147631917, 1.2740706776723068, 5.619602177046527, 321.64525195420555, 52.12456478626699, 44.7311602744364, 3.7300637980272717, 90.56535921937052, 48.11513573290152, 33.920453249976035, 58.58932216895632, 15.388081923312505, 3.5110493448594973, 24.83211555742447, 27.716016742507485, 15.575743711933681, 369.8250012362354, 263.03232148018526, 60.879394434138696, 47.90465979914048, 90.17989945468175, 261.6219862287212, 13.425735008902251, 90.69111774145128, 8.587017745327007]]"
263,"[[(0, 22), (0, 23), (0, 39), (11, 19), (20, 31), (20, 32), (22, 5), (10, 15), (24, 25), (2, 32), (6, 24), (17, 7), (17, 26), (17, 29), (3, 16), (16, 6), (19, 30), (26, 28), (37, 30), (4, 2), (21, 10), (7, 12), (8, 27), (27, 5), (31, 24), (31, 35), (31, 38), (14, 37), (33, 17), (33, 25), (33, 32)]]","[[247.43892004452886, 105.82209996323276, 493.36600381325843, 126.6838189073139, 36.73557388693146, 142.39024307028228, 182.64013449049784, 3.614627826454397, 5.438900147418597, 266.0775473520953, 48.069217872557935, 40.32523503508789, 3.716981834582942, 138.47286363915111, 48.59756409611701, 22.569668931831185, 67.21575529909396, 5.248866529937212, 4.846842805856774, 23.175761355685204, 65.23464333760168, 85.06912373379829, 176.67102026191498, 180.52551736742674, 76.48784778768001, 39.0982582177316, 139.31024930449962, 333.70569918559937, 15.187869326966693, 93.72669536595146, 6.755108514511231]]"
264,"[[(0, 22), (0, 23), (0, 39), (11, 19), (20, 31), (20, 32), (22, 5), (10, 15), (24, 25), (2, 32), (6, 24), (17, 7), (17, 26), (17, 29), (3, 16), (16, 6), (19, 30), (26, 28), (37, 30), (4, 2), (21, 10), (7, 12), (8, 27), (27, 5), (31, 24), (31, 35), (31, 38), (14, 37), (33, 17), (33, 25), (33, 32)]]","[[226.5141315026695, 86.05825628251185, 962.2863955982721, 108.5139724763573, 39.089322693199854, 142.83271377688567, 174.1163058226204, 4.692472449792797, 2.0259539272436324, 376.5397713467731, 54.50277592030721, 37.686476797332546, 2.5575915146844044, 98.43140210192772, 65.42328839788695, 99.88567065345043, 52.38023207553379, 4.7702475696147335, 4.519987690447375, 23.186570817750372, 77.22180556108357, 57.513885024139036, 223.1353985566041, 291.59979385767053, 78.12095032186548, 99.58223735371156, 13.22419827828731, 371.8198640111216, 9.419210018169473, 94.88652710337108, 1.7324102455884276]]"
265,"[[(0, 22), (0, 23), (0, 39), (11, 19), (20, 31), (20, 32), (22, 5), (10, 15), (24, 25), (2, 32), (6, 24), (17, 7), (17, 26), (17, 29), (3, 16), (16, 6), (19, 30), (26, 28), (37, 30), (4, 2), (21, 10), (7, 12), (8, 27), (27, 5), (31, 24), (31, 35), (31, 38), (14, 37), (33, 17), (33, 25), (33, 32)]]","[[166.32746811439847, 67.56902467966815, 19.90432533808947, 163.5918550707817, 10.501332872150844, 131.24474196359836, 186.24946486281294, 1.1293494200157217, 15.822147591313891, 407.3881543272213, 54.340730672897195, 48.967935981568985, 1.4095458747854375, 52.931748891363014, 40.38512000405077, 115.09896355784507, 61.82437968530088, 17.88851599208192, 4.909838116103668, 23.318283769911794, 54.2257384870526, 18.43321171794007, 121.03102578434738, 290.6309824975424, 79.44566484036032, 105.02653766946636, 27.47849541807367, 164.01889866181114, 10.999202699444098, 90.66813543999618, 7.998988575970539]]"
266,"[[(0, 22), (0, 23), (0, 39), (11, 19), (20, 31), (20, 32), (22, 5), (10, 15), (24, 25), (2, 32), (6, 24), (17, 7), (17, 26), (17, 29), (3, 16), (16, 6), (19, 30), (26, 28), (37, 30), (4, 2), (21, 10), (7, 12), (8, 27), (27, 5), (31, 24), (31, 35), (31, 38), (14, 37), (33, 17), (33, 25), (33, 32)]]","[[276.13241623020326, 24.83098426326555, 435.2725363046213, 142.07054499397117, 26.265722718470244, 141.48833454720992, 192.33417110057428, 1.5886116656821878, 21.689525604098794, 344.67097272695486, 50.14558205697117, 45.01420670982573, 4.572032276080355, 139.11743210104245, 57.79790630923107, 102.43621312535285, 66.51308710703039, 10.682846047490624, 3.9379189052816366, 23.443659622090895, 10.450351246342745, 79.1688408124303, 182.95405404385843, 258.2781896265712, 72.69037140261653, 103.50573904105207, 25.31920157957711, 284.2496201559576, 15.265553212021105, 75.78114899569142, 6.501914339536159]]"
267,"[[(0, 22), (0, 23), (0, 39), (11, 19), (20, 31), (20, 32), (22, 5), (10, 15), (24, 25), (2, 32), (6, 24), (17, 7), (17, 26), (17, 29), (3, 16), (16, 6), (19, 30), (26, 28), (37, 30), (4, 2), (21, 10), (7, 12), (8, 27), (27, 5), (31, 24), (31, 35), (31, 38), (14, 37), (33, 17), (33, 25), (33, 32)]]","[[261.94254835923573, 113.51978081133728, 770.3308366544028, 56.6945635750769, 25.82456721215193, 137.41632361464747, 219.57644541992653, 1.834634572789708, 18.179110749185188, 380.75366464323963, 52.743591635380795, 53.093531951014654, 4.371567110396008, 148.82514522685443, 62.39438485292999, 104.40662411642612, 64.21860051090378, 8.145197399633457, 4.090074740514459, 24.981428479092102, 20.884184761119357, 68.58016629897729, 329.22126300933337, 266.1733165111881, 70.94622873767385, 90.59999252147826, 164.94024043398116, 392.10325676062325, 11.982620650708052, 76.04579759967066, 6.7047615462410715]]"
268,"[[(0, 22), (0, 23), (0, 39), (11, 19), (20, 31), (20, 32), (22, 5), (10, 15), (24, 25), (2, 32), (6, 24), (17, 7), (17, 26), (17, 29), (3, 16), (16, 6), (19, 30), (26, 28), (37, 30), (4, 2), (21, 10), (7, 12), (8, 27), (27, 5), (31, 24), (31, 35), (31, 38), (14, 37), (33, 17), (33, 25), (33, 32)]]","[[321.81577351818987, 114.34622355976403, 321.4227144102092, 104.72820190972254, 43.8696939399263, 136.52597235560245, 219.49690057887923, 3.3683261419034074, 21.87604433521822, 352.40531385907786, 54.33520327132508, 50.906932928412864, 1.6398424042411546, 119.0722736555384, 62.49843513808471, 98.59247299987035, 37.91958492350589, 6.586543017946376, 3.3303922294740573, 24.66621124878188, 88.06097617240542, 52.74313862319, 408.0952555548645, 396.03871228812335, 74.58789070303874, 54.63005896596185, 73.60425245352168, 570.613023173371, 8.452139300680187, 85.45180505386566, 8.362961658498794]]"
269,"[[(0, 22), (0, 23), (0, 39), (11, 19), (20, 31), (20, 32), (22, 5), (10, 15), (24, 25), (2, 32), (6, 24), (17, 7), (17, 26), (17, 29), (3, 16), (16, 6), (19, 30), (26, 28), (37, 30), (4, 2), (21, 10), (7, 12), (8, 27), (27, 5), (31, 24), (31, 35), (31, 38), (14, 37), (33, 17), (33, 25), (33, 32)]]","[[200.63242643455857, 83.27380084735961, 192.148136421439, 115.63259419615333, 25.532571442115298, 137.29127507868742, 190.02462838669155, 2.2792175551926452, 8.51184272177286, 367.90948592684987, 54.52654018394111, 38.54152880057815, 1.8268262223292373, 152.3974335688247, 44.56823699228187, 101.04835575023135, 66.2798663646627, 9.78753198090444, 3.4421101310582185, 23.627688705048055, 11.695266697030592, 34.7211416667904, 267.92679853930656, 220.66756550724358, 81.17651396668005, 81.07644713045605, 113.23090715439551, 282.19122207983526, 10.751640591579676, 90.13178552304586, 4.694859983003404]]"
270,"[[(0, 22), (0, 23), (0, 39), (11, 19), (20, 31), (20, 32), (22, 5), (10, 15), (24, 25), (2, 32), (6, 24), (17, 7), (17, 26), (17, 29), (3, 16), (16, 6), (19, 30), (26, 28), (37, 30), (4, 2), (21, 10), (7, 12), (8, 27), (27, 5), (31, 24), (31, 35), (31, 38), (14, 37), (33, 17), (33, 25), (33, 32)]]","[[128.5460007587182, 94.87947389744002, 182.34299323128513, 160.08690364303703, 16.846932392495034, 130.79525134288573, 173.5463499272203, 3.4702531944064425, 23.185534996996928, 298.3968888747277, 50.94335226224276, 38.98051455991665, 2.16481226801978, 88.10758054479544, 76.14574682980673, 110.59716844716434, 46.49525249397598, 15.589858094665635, 4.377790539391139, 24.68127083958138, 61.03228022652268, 80.0347250111997, 346.95673324842255, 305.4209991372534, 69.59802452081075, 51.13017175490843, 180.26920859171136, 398.74150501961185, 10.69843116839861, 76.1149136501628, 5.887143758985548]]"
271,"[[(0, 22), (0, 23), (0, 39), (11, 19), (20, 31), (20, 32), (22, 5), (10, 15), (24, 25), (2, 32), (6, 24), (17, 7), (17, 26), (17, 29), (3, 16), (16, 6), (19, 30), (26, 28), (37, 30), (4, 2), (21, 10), (7, 12), (8, 27), (27, 5), (31, 24), (31, 35), (31, 38), (14, 37), (33, 17), (33, 25), (33, 32)]]","[[134.4121431114525, 67.66460536522243, 1154.9899673903853, 99.97640596957176, 47.30200939731871, 140.40389584903025, 173.20487665152717, 2.077461911544505, 8.964058911854414, 336.02997541271577, 49.02635155941295, 39.34064667827613, 4.342185924439185, 93.1443279494641, 47.758915645462224, 83.42848900644702, 38.05006970842261, 5.755117731396581, 4.708220821725195, 24.54312191892217, 24.03800079258077, 15.081758203753683, 143.0396001090948, 276.3439941722514, 67.31788786828811, 42.920224245212324, 127.10267957861647, 464.56581757083643, 15.38207644945065, 77.97136152345853, 4.970622101758019]]"
272,"[[(0, 22), (0, 23), (0, 39), (11, 19), (20, 31), (20, 32), (22, 5), (10, 15), (24, 25), (2, 32), (6, 24), (17, 7), (17, 26), (17, 29), (3, 16), (16, 6), (19, 30), (26, 28), (37, 30), (4, 2), (21, 10), (7, 12), (8, 27), (27, 5), (31, 24), (31, 35), (31, 38), (14, 37), (33, 17), (33, 25), (33, 32)]]","[[339.38591080052845, 23.010785237795027, 374.73254360849785, 37.45232625096647, 14.39139848495683, 142.4830992052195, 210.5173089625788, 3.951222400618183, 16.10727842089962, 330.9513228415695, 54.03350680614763, 39.4890029658844, 3.29312202011828, 150.78130062181836, 64.49887035519654, 79.32475366491101, 46.62055505329114, 13.7949735481144, 3.8217683215969362, 24.91519582929316, 41.174653705823964, 31.75447938338262, 281.3316679773484, 304.43320610389776, 76.51352477457897, 40.381363275866484, 169.94638995599115, 111.26867618656806, 9.789992438292266, 75.64395475802273, 1.8509035448488254]]"
273,"[[(0, 22), (0, 23), (0, 39), (11, 19), (20, 31), (20, 32), (22, 5), (10, 15), (24, 25), (2, 32), (6, 24), (17, 7), (17, 26), (17, 29), (3, 16), (16, 6), (19, 30), (26, 28), (37, 30), (4, 2), (21, 10), (7, 12), (8, 27), (27, 5), (31, 24), (31, 35), (31, 38), (14, 37), (33, 17), (33, 25), (33, 32)]]","[[166.95809410992285, 82.41749171072186, 65.28924935626301, 163.64216917190495, 3.5888558880760035, 130.77477531110668, 226.40390111884687, 1.07975477684582, 22.363712547602276, 361.0641355263988, 48.06095586717878, 53.68224104150789, 1.8861350197243882, 137.43696645377736, 78.95882530978693, 20.937110784130326, 45.65856901553622, 8.147909102168423, 3.482426321225418, 23.495318657964944, 23.43873818407579, 77.37836311192528, 128.8353930810537, 223.62719905023877, 66.642210301342, 104.44897911415197, 22.515863538963437, 397.9189172255257, 14.153261133474505, 90.74604169105085, 4.655600699904047]]"
274,"[[(0, 22), (0, 23), (0, 39), (11, 19), (20, 31), (20, 32), (22, 5), (10, 15), (24, 25), (2, 32), (6, 24), (17, 7), (17, 26), (17, 29), (3, 16), (16, 6), (19, 30), (26, 28), (37, 30), (4, 2), (21, 10), (7, 12), (8, 27), (27, 5), (31, 24), (31, 35), (31, 38), (14, 37), (33, 17), (33, 25), (33, 32)]]","[[91.75824712974898, 29.8456333627872, 290.8536526758219, 121.52998252554063, 30.72259820762203, 135.89049727213037, 187.60330013602766, 1.658332025167038, 4.267306295756354, 406.02720538541246, 48.49250477433833, 41.294653818636775, 1.8623760334037067, 47.81804130632262, 55.18652750016109, 76.86008337498005, 50.14809791684468, 17.801800638268602, 4.2093587371270615, 23.506740751653886, 55.5045480838379, 74.5687182413005, 95.19223868547134, 283.1582713979727, 79.49502409216788, 73.67194610109314, 42.589739341433926, 29.28378751413789, 11.497994405763471, 85.2395055011666, 5.051163403061127]]"
275,"[[(0, 22), (0, 23), (0, 39), (11, 19), (20, 31), (20, 32), (22, 5), (10, 15), (24, 25), (2, 32), (6, 24), (17, 7), (17, 26), (17, 29), (3, 16), (16, 6), (19, 30), (26, 28), (37, 30), (4, 2), (21, 10), (7, 12), (8, 27), (27, 5), (31, 24), (31, 35), (31, 38), (14, 37), (33, 17), (33, 25), (33, 32)]]","[[288.0583251417755, 56.251230304721474, 83.30473313589962, 128.45225557529383, 12.74761966721388, 138.24080563895507, 180.51010426206756, 1.53190254068039, 22.54757706285509, 411.2379274906728, 54.27161432421358, 43.90014453032188, 1.1040634944468004, 47.51940309078825, 26.66904790329529, 77.77487624822402, 46.56421304517803, 17.07837873202916, 3.3648185963741106, 24.609464139675254, 82.18224138897205, 75.20540329462573, 335.4212074981452, 184.31234183206453, 80.71237683199749, 82.50747388517915, 180.68767620240143, 584.511587027962, 14.0777274520545, 78.4297563440133, 1.2157174453149429]]"
276,"[[(0, 22), (0, 23), (0, 39), (11, 19), (20, 31), (20, 32), (22, 5), (10, 15), (24, 25), (2, 32), (6, 24), (17, 7), (17, 26), (17, 29), (3, 16), (16, 6), (19, 30), (26, 28), (37, 30), (4, 2), (21, 10), (7, 12), (8, 27), (27, 5), (31, 24), (31, 35), (31, 38), (14, 37), (33, 17), (33, 25), (33, 32)]]","[[203.77711946432328, 69.10296491775262, 805.1173989779348, 107.26340606339436, 32.58456198683752, 130.35750278063915, 226.5890551418653, 3.1726183251498035, 8.725016971684754, 291.59001527236217, 52.285523990199785, 51.651735739631356, 1.23464416987244, 114.44574367774669, 33.42585735629214, 54.7899941797868, 66.1357547345591, 11.908414111709131, 4.0184664309634055, 24.26962912303632, 67.14748491846328, 32.13159739883948, 73.51749472260168, 364.97353497527126, 61.61065925150173, 75.57088311268262, 117.87612412103017, 285.5168866685844, 14.43263986935694, 77.16585203636406, 3.9915594365095277]]"
277,"[[(0, 22), (0, 23), (0, 39), (11, 19), (20, 31), (20, 32), (22, 5), (10, 15), (24, 25), (2, 32), (6, 24), (17, 7), (17, 26), (17, 29), (3, 16), (16, 6), (19, 30), (26, 28), (37, 30), (4, 2), (21, 10), (7, 12), (8, 27), (27, 5), (31, 24), (31, 35), (31, 38), (14, 37), (33, 17), (33, 25), (33, 32)]]","[[115.56948877506808, 38.17740174267658, 345.09008978987754, 164.20033851763654, 32.102188196617874, 136.37074406677567, 193.57430563233152, 1.6768921774001555, 9.992178411127068, 390.2032326985769, 48.95244142599514, 45.96410503842356, 1.6727419743695302, 70.55999442705705, 33.529094457437594, 59.106347419052945, 66.73095390939187, 4.444464343654673, 3.527359067779994, 23.359761319961876, 30.327349084074203, 84.6294500500631, 245.21004765492202, 305.4334995953376, 73.4335340307738, 79.74689299469941, 163.1135350549585, 246.1019873401368, 14.52190280211084, 79.96108089814133, 4.509521112080386]]"
278,"[[(0, 22), (0, 23), (0, 39), (11, 19), (20, 31), (20, 32), (22, 5), (10, 15), (24, 25), (2, 32), (6, 24), (17, 7), (17, 26), (17, 29), (3, 16), (16, 6), (19, 30), (26, 28), (37, 30), (4, 2), (21, 10), (7, 12), (8, 27), (27, 5), (31, 24), (31, 35), (31, 38), (14, 37), (33, 17), (33, 25), (33, 32)]]","[[137.87548708756154, 110.21048397199976, 955.9142089751371, 144.43427707163607, 38.440401558881256, 137.88025081116646, 200.74653277729854, 4.6452572288569005, 25.71953217105536, 337.04770933098223, 48.35107524096464, 52.57862059847653, 2.42778371992519, 66.40756968662427, 40.913365826893866, 52.81811541738489, 52.19543971279219, 10.69221626078497, 3.301114883332659, 24.40597668024788, 60.2607925011283, 54.24747859227282, 126.0452844313956, 224.12046314346009, 61.089101210221415, 90.3313731487599, 101.12652187628754, 284.40792189607293, 14.771306575140537, 89.03774074935171, 3.471942989934801]]"
279,"[[(0, 22), (0, 23), (0, 39), (11, 19), (20, 31), (20, 32), (22, 5), (10, 15), (24, 25), (2, 32), (6, 24), (17, 7), (17, 26), (17, 29), (3, 16), (16, 6), (19, 30), (26, 28), (37, 30), (4, 2), (21, 10), (7, 12), (8, 27), (27, 5), (31, 24), (31, 35), (31, 38), (14, 37), (33, 17), (33, 25), (33, 32)]]","[[159.76894287146712, 101.67180398707967, 947.7668670706123, 48.161902902720314, 46.87725094576688, 133.12611030073853, 182.7957523652879, 3.6956388133305778, 24.192640831865738, 382.98262705096363, 53.68118878592346, 44.60132721517809, 3.249792481823183, 87.30397185650205, 75.12928916965187, 76.80494380342239, 44.82936687781918, 16.956486960504222, 4.440956669857065, 24.476588836603533, 72.21397990850937, 15.698128840384587, 305.73634777927555, 254.43788114934932, 70.78034501831745, 35.123067826491045, 117.43580544361315, 237.21226360761267, 14.336656865112136, 78.97443530687238, 4.967039008940972]]"
280,"[[(0, 22), (0, 23), (0, 39), (11, 19), (20, 31), (20, 32), (22, 5), (10, 15), (24, 25), (2, 32), (6, 24), (17, 7), (17, 26), (17, 29), (3, 16), (16, 6), (19, 30), (26, 28), (37, 30), (4, 2), (21, 10), (7, 12), (8, 27), (27, 5), (31, 24), (31, 35), (31, 38), (14, 37), (33, 17), (33, 25), (33, 32)]]","[[223.13946240088944, 99.02978370428423, 72.34150757866624, 89.31493393324, 10.220712682664157, 140.6467752329269, 182.98960541193404, 3.521132830433632, 18.915138317099238, 270.57811598090365, 48.989651046481576, 42.54746594363003, 4.162894276400296, 47.249190775285, 64.05256487717736, 26.709319628190194, 42.11086638827251, 2.120784018362201, 4.77162941050287, 24.017073876463048, 25.230004652129256, 29.857874000148175, 118.5730343586932, 380.1617118772259, 77.5149518049968, 104.18348453456234, 28.88464415456785, 530.8481311894104, 8.423804282736771, 76.22943495320384, 6.698767663883911]]"
281,"[[(0, 22), (0, 23), (0, 39), (11, 19), (20, 31), (20, 32), (22, 5), (10, 15), (24, 25), (2, 32), (6, 24), (17, 7), (17, 26), (17, 29), (3, 16), (16, 6), (19, 30), (26, 28), (37, 30), (4, 2), (21, 10), (7, 12), (8, 27), (27, 5), (31, 24), (31, 35), (31, 38), (14, 37), (33, 17), (33, 25), (33, 32)]]","[[168.9729188015684, 113.90651205709152, 270.5054854727665, 103.39816371144595, 46.59412390697689, 131.32770479885204, 193.91805156011628, 3.1986242858304013, 19.052205776051682, 368.3778818697526, 50.78260234351495, 48.25451200482251, 3.169960556915087, 64.53346695335915, 69.85261257191172, 52.902650580988976, 66.40372475979575, 13.155770669552991, 4.258823628612108, 24.23928181765614, 15.287175468896244, 69.0677748779735, 71.23225843234214, 287.27630445684593, 66.8070126821709, 35.09329671589735, 66.48459262034109, 522.57219088703, 12.836177891418862, 93.13782103478715, 6.099660700637334]]"
282,"[[(0, 22), (0, 23), (0, 39), (11, 19), (20, 31), (20, 32), (22, 5), (10, 15), (24, 25), (2, 32), (6, 24), (17, 7), (17, 26), (17, 29), (3, 16), (16, 6), (19, 30), (26, 28), (37, 30), (4, 2), (21, 10), (7, 12), (8, 27), (27, 5), (31, 24), (31, 35), (31, 38), (14, 37), (33, 17), (33, 25), (33, 32)]]","[[91.25444094052948, 81.12245254223743, 277.2457062080178, 152.12661449972467, 36.091227000791726, 141.41774812315407, 207.05481472969885, 3.733001231918883, 2.752700933147856, 395.8859795565895, 55.31251937010114, 53.60832327726932, 2.1393264868601376, 64.24733654833878, 61.83727132813656, 61.84295367206116, 46.58256555218124, 19.66724147539694, 3.0099909897851282, 24.712643122763808, 24.625213018013586, 50.86948663527861, 166.3417335077128, 153.11111621284388, 60.6883912867904, 84.74377240822093, 34.39498743473313, 228.01915477702053, 11.770543800944214, 88.10195725303059, 8.015525444778035]]"
283,"[[(0, 22), (0, 23), (0, 39), (11, 19), (20, 31), (20, 32), (22, 5), (10, 15), (24, 25), (2, 32), (6, 24), (17, 7), (17, 26), (17, 29), (3, 16), (16, 6), (19, 30), (26, 28), (37, 30), (4, 2), (21, 10), (7, 12), (8, 27), (27, 5), (31, 24), (31, 35), (31, 38), (14, 37), (33, 17), (33, 25), (33, 32)]]","[[97.25680261305851, 76.20875267694126, 199.09516531893587, 43.08032373602947, 48.125466552686845, 143.00014999345308, 215.01786186874858, 3.107350183655926, 5.507503025458166, 282.48338705667044, 51.151789553343356, 43.46645205256702, 4.694081284638163, 61.36874076592035, 61.00460148228429, 102.71386517172154, 63.678088314851536, 7.749727791532918, 4.454267379972464, 23.734966700440644, 70.91745106500385, 64.36036586316519, 149.38623081304237, 218.70190276817686, 79.15217228785376, 95.10487004998834, 73.83998503593656, 41.20950075380094, 14.86760548906884, 94.7970043280379, 8.766644368705172]]"
284,"[[(0, 22), (0, 23), (0, 39), (11, 19), (20, 31), (20, 32), (22, 5), (10, 15), (24, 25), (2, 32), (6, 24), (17, 7), (17, 26), (17, 29), (3, 16), (16, 6), (19, 30), (26, 28), (37, 30), (4, 2), (21, 10), (7, 12), (8, 27), (27, 5), (31, 24), (31, 35), (31, 38), (14, 37), (33, 17), (33, 25), (33, 32)]]","[[329.42656501473965, 71.21067280120316, 307.1003502497937, 117.02031570425416, 25.822310371660897, 142.39748900918678, 186.85458280862517, 3.6038406875467137, 14.408388536528431, 317.8911828476412, 55.09209933649399, 45.70183649384026, 1.1526860760304474, 132.55130063766222, 51.790653583442804, 17.649206492089803, 64.91220649824568, 9.460491994377636, 3.678818084321601, 24.595826801554814, 29.627379419865775, 61.6143578989848, 396.24506090635657, 270.229986890612, 80.51860497151476, 102.88735320315692, 88.0797077065439, 527.1054396236098, 10.751628428425295, 87.82070746557693, 1.0115535819197996]]"
285,"[[(0, 22), (0, 23), (0, 39), (11, 19), (20, 31), (20, 32), (22, 5), (10, 15), (24, 25), (2, 32), (6, 24), (17, 7), (17, 26), (17, 29), (3, 16), (16, 6), (19, 30), (26, 28), (37, 30), (4, 2), (21, 10), (7, 12), (8, 27), (27, 5), (31, 24), (31, 35), (31, 38), (14, 37), (33, 17), (33, 25), (33, 32)]]","[[298.50224261092666, 81.67748344731153, 208.94295140104393, 159.40902881979073, 34.11255758022904, 131.43093823922317, 181.04209602507612, 4.764803261682223, 5.531871872861286, 377.1069292980109, 50.041593089954794, 42.35993877977996, 3.03948650071511, 77.0061777952426, 70.55616083400601, 88.40927085330635, 47.965507971341985, 2.2860113141993468, 3.7982388757966934, 24.63484478756658, 58.01767403261677, 28.627985448782553, 149.44453964356757, 271.6900372025174, 78.77238065757679, 102.19051543524884, 51.13819322650853, 249.15861418573746, 11.207827062683823, 87.41721285424563, 5.414396645539565]]"
286,"[[(0, 22), (0, 23), (0, 39), (11, 19), (20, 31), (20, 32), (22, 5), (10, 15), (24, 25), (2, 32), (6, 24), (17, 7), (17, 26), (17, 29), (3, 16), (16, 6), (19, 30), (26, 28), (37, 30), (4, 2), (21, 10), (7, 12), (8, 27), (27, 5), (31, 24), (31, 35), (31, 38), (14, 37), (33, 17), (33, 25), (33, 32)]]","[[168.68793332986098, 105.05413595304357, 629.2794676022833, 120.961950809274, 7.804795935225783, 138.34432446096207, 182.00964614498935, 3.75488367746467, 20.66452070907541, 306.8895528629402, 55.25624204529768, 52.72286502298548, 2.2679499915173484, 106.16444373788525, 41.42975080416828, 71.82805433004938, 61.58509178367135, 10.757490734723195, 4.297566009552215, 24.044286528802076, 83.63680359412082, 89.94455561499534, 396.459599637307, 250.4315510363764, 66.8648462855991, 47.7999406192765, 42.44222600207878, 257.2411184707178, 12.08291892698703, 91.90359957204251, 1.5971917512358083]]"
287,"[[(0, 22), (0, 23), (0, 39), (11, 19), (20, 31), (20, 32), (22, 5), (10, 15), (24, 25), (2, 32), (6, 24), (17, 7), (17, 26), (17, 29), (3, 16), (16, 6), (19, 30), (26, 28), (37, 30), (4, 2), (21, 10), (7, 12), (8, 27), (27, 5), (31, 24), (31, 35), (31, 38), (14, 37), (33, 17), (33, 25), (33, 32)]]","[[323.0522409048682, 69.50324998739359, 933.6921363605982, 49.65461866605425, 43.34992555442105, 140.2924163305543, 222.98092645026082, 3.028707186544933, 15.741721896068704, 284.10662629973865, 51.094661936650354, 39.83670512453931, 3.8189376796368246, 152.90518348361945, 41.29140141725856, 118.29452524028089, 45.31594148653363, 2.699286656399932, 4.468371399108686, 23.752193773299545, 47.90177112691193, 38.797062259302635, 272.06809488736485, 241.11652516623278, 70.34978809647129, 95.9508202121294, 91.99204366742764, 628.5742122057378, 11.234364275410963, 88.5439638171805, 4.001528406609386]]"
288,"[[(0, 22), (0, 23), (0, 39), (11, 19), (20, 31), (20, 32), (22, 5), (10, 15), (24, 25), (2, 32), (6, 24), (17, 7), (17, 26), (17, 29), (3, 16), (16, 6), (19, 30), (26, 28), (37, 30), (4, 2), (21, 10), (7, 12), (8, 27), (27, 5), (31, 24), (31, 35), (31, 38), (14, 37), (33, 17), (33, 25), (33, 32)]]","[[291.9153124805845, 60.40648055854395, 787.2996917086421, 99.71614131540535, 38.475458696272476, 131.24172688476628, 222.57413054959758, 3.885941610501935, 17.11357049337989, 325.4981395711278, 51.685788522702374, 48.42610237801433, 2.552147470439083, 113.52855363035707, 74.31718206080745, 66.56512999923919, 56.393400923497325, 9.69432942342926, 4.9812076852121905, 23.823641684893175, 77.40498042904362, 84.38787588492295, 234.94913756192966, 328.6155328119352, 79.82889571083858, 45.24516402763915, 78.5738236343496, 39.66071004413411, 12.372048229378581, 89.44943485610108, 5.952709575753792]]"
289,"[[(0, 22), (0, 23), (0, 39), (11, 19), (20, 31), (20, 32), (22, 5), (10, 15), (24, 25), (2, 32), (6, 24), (17, 7), (17, 26), (17, 29), (3, 16), (16, 6), (19, 30), (26, 28), (37, 30), (4, 2), (21, 10), (7, 12), (8, 27), (27, 5), (31, 24), (31, 35), (31, 38), (14, 37), (33, 17), (33, 25), (33, 32)]]","[[205.65054646441013, 93.71480551932845, 69.78624686946188, 139.3463377306815, 33.243225700159385, 132.14480582797623, 198.35002408983274, 2.72813691791152, 4.729625946580631, 318.8649676751245, 51.755394203209846, 38.41722681184258, 3.5108377211229453, 127.73946954958377, 61.741153833545944, 114.3724023570108, 58.594977006880455, 19.03598684948703, 3.38779439428502, 24.032719224777445, 63.30769297359145, 28.079860750705087, 284.12087522631134, 162.27382525929661, 66.69702150195809, 63.60515535686828, 49.25487351596805, 574.9476527026594, 9.047445490342437, 84.27260338985607, 8.6542649672013]]"
290,"[[(0, 22), (0, 23), (0, 39), (11, 19), (20, 31), (20, 32), (22, 5), (10, 15), (24, 25), (2, 32), (6, 24), (17, 7), (17, 26), (17, 29), (3, 16), (16, 6), (19, 30), (26, 28), (37, 30), (4, 2), (21, 10), (7, 12), (8, 27), (27, 5), (31, 24), (31, 35), (31, 38), (14, 37), (33, 17), (33, 25), (33, 32)]]","[[294.08291102896396, 53.18118605783839, 391.76403625034527, 69.58397435196615, 38.047875727021044, 136.94970906972173, 205.71489782894201, 1.7953377236245567, 4.679331534158249, 407.08006955353636, 51.137153973560984, 40.78025099636163, 2.6750363181658097, 101.81076043921033, 27.36478546074271, 66.69022561578024, 54.50081580437418, 2.623004627539904, 3.4068700108608083, 23.024054669752953, 21.323626153204078, 79.2539240210805, 279.94307809213694, 386.3512138396677, 61.48223824817491, 98.23563494911151, 173.5560335343918, 298.7323975061814, 9.109099694573892, 91.2884714629921, 7.376891764261583]]"
291,"[[(0, 22), (0, 23), (0, 39), (11, 19), (20, 31), (20, 32), (22, 5), (10, 15), (24, 25), (2, 32), (6, 24), (17, 7), (17, 26), (17, 29), (3, 16), (16, 6), (19, 30), (26, 28), (37, 30), (4, 2), (21, 10), (7, 12), (8, 27), (27, 5), (31, 24), (31, 35), (31, 38), (14, 37), (33, 17), (33, 25), (33, 32)]]","[[327.6843126125897, 41.84375404110251, 594.184101205465, 63.56282310949999, 20.927518453488545, 131.1326671547051, 205.65654310877022, 3.02655322002656, 17.510274654507494, 376.03187339112503, 51.22713173439276, 38.5102932799288, 1.0448516569904829, 69.98768272969069, 58.18946312894855, 56.447297862474926, 64.6944948356794, 10.001183162745322, 4.269807814964985, 23.073934264526347, 75.28074421372924, 38.48210945237481, 320.2729795896561, 331.51812377788053, 80.42018446414086, 98.51680346914219, 183.45409588928175, 210.8486232306916, 11.63994544245919, 94.77791134387158, 5.996929879704521]]"
292,"[[(0, 22), (0, 23), (0, 39), (11, 19), (20, 31), (20, 32), (22, 5), (10, 15), (24, 25), (2, 32), (6, 24), (17, 7), (17, 26), (17, 29), (3, 16), (16, 6), (19, 30), (26, 28), (37, 30), (4, 2), (21, 10), (7, 12), (8, 27), (27, 5), (31, 24), (31, 35), (31, 38), (14, 37), (33, 17), (33, 25), (33, 32)]]","[[226.75590892577418, 67.3001777701745, 1133.3653323614467, 155.88780975663013, 42.230258844679504, 143.97863051981773, 219.97468149051238, 2.338633898342837, 14.424609783439765, 311.7097227201873, 52.34419413363898, 40.25498950875936, 4.044560113173848, 53.47329140114095, 63.41845157282289, 88.45584262485058, 67.79993007567784, 19.940967700522155, 3.830181490155792, 23.396729617523754, 31.147885652412445, 32.283385458135996, 113.98404968575859, 373.39429912377767, 70.96413354625315, 53.69244592447913, 77.61428410671769, 305.26966430089186, 10.89960239511297, 78.15088489318525, 7.791962482288878]]"
293,"[[(0, 22), (0, 23), (0, 39), (11, 19), (20, 31), (20, 32), (22, 5), (10, 15), (24, 25), (2, 32), (6, 24), (17, 7), (17, 26), (17, 29), (3, 16), (16, 6), (19, 30), (26, 28), (37, 30), (4, 2), (21, 10), (7, 12), (8, 27), (27, 5), (31, 24), (31, 35), (31, 38), (14, 37), (33, 17), (33, 25), (33, 32)]]","[[243.04500312468645, 54.02165771021136, 692.992876460756, 66.23925112879162, 28.192229217265044, 133.19458544293042, 198.82455040619578, 3.4832593741426696, 10.153595553947014, 328.6730444796821, 49.69353493887322, 38.90827261933831, 1.9472203471549903, 119.50872294745227, 47.16625977143079, 82.523070366565, 53.312295247053235, 3.7239521303362286, 3.3579412460458844, 24.628794414469514, 71.62485017681418, 90.93326567371575, 184.91726838674353, 220.95636721286036, 73.60262042529848, 50.67882571555378, 46.46898760233716, 89.23970369110515, 11.36411473045219, 82.57983985240283, 2.5377496404967452]]"
294,"[[(0, 22), (0, 23), (0, 39), (11, 19), (20, 31), (20, 32), (22, 5), (10, 15), (24, 25), (2, 32), (6, 24), (17, 7), (17, 26), (17, 29), (3, 16), (16, 6), (19, 30), (26, 28), (37, 30), (4, 2), (21, 10), (7, 12), (8, 27), (27, 5), (31, 24), (31, 35), (31, 38), (14, 37), (33, 17), (33, 25), (33, 32)]]","[[88.41470373938621, 79.56364927102075, 693.0001071976759, 129.3058988434982, 37.3403962369516, 136.41935808849854, 190.76128164394206, 3.995984790816658, 1.854913307263579, 322.7493202790737, 50.47652529107101, 52.98471314102338, 3.5028353786125708, 79.71898519905966, 61.39581707968401, 29.189784486284353, 54.608212611322614, 9.837697149270385, 3.936958410267211, 24.625123773632158, 16.600483489795884, 70.26663071881777, 282.1853747240651, 285.25582060742556, 72.62725506155458, 55.97106856550134, 176.42347963847624, 265.15275039859387, 12.930894684252223, 84.27829256232613, 8.6951532926776]]"
295,"[[(0, 22), (0, 23), (0, 39), (11, 19), (20, 31), (20, 32), (22, 5), (10, 15), (24, 25), (2, 32), (6, 24), (17, 7), (17, 26), (17, 29), (3, 16), (16, 6), (19, 30), (26, 28), (37, 30), (4, 2), (21, 10), (7, 12), (8, 27), (27, 5), (31, 24), (31, 35), (31, 38), (14, 37), (33, 17), (33, 25), (33, 32)]]","[[132.87932875682714, 90.63671678627153, 669.7241973662279, 127.80113443229602, 30.868356825138733, 130.378646017688, 220.5134983558976, 1.5128236412777771, 11.77627125797561, 390.61156711158753, 48.49022688926692, 49.35012251466591, 3.0267803993028095, 122.18902355467861, 74.63973672953091, 121.6434231138317, 43.93497380139934, 4.505652864071222, 4.079117740029849, 23.846229554218247, 23.422719127155652, 59.579114829961725, 321.42102501672537, 325.03873809131596, 80.17320780705474, 75.08651684072919, 45.17345125927006, 515.6536173014559, 14.744353629889758, 76.38877522548856, 2.637773836100978]]"
296,"[[(0, 22), (0, 23), (0, 39), (11, 19), (20, 31), (20, 32), (22, 5), (10, 15), (24, 25), (2, 32), (6, 24), (17, 7), (17, 26), (17, 29), (3, 16), (16, 6), (19, 30), (26, 28), (37, 30), (4, 2), (21, 10), (7, 12), (8, 27), (27, 5), (31, 24), (31, 35), (31, 38), (14, 37), (33, 17), (33, 25), (33, 32)]]","[[122.40639711076084, 101.81287940983533, 630.640287361984, 98.28412752214143, 37.316242949880504, 141.643694077007, 180.71063819664855, 1.423784885405627, 19.940729204703217, 343.93609495141465, 50.6243744988108, 45.44830949870713, 3.7879646881981803, 128.9613258520946, 46.862148802516074, 91.04504974963622, 52.22263812802095, 2.8563033770105415, 4.282197172450956, 23.353672487894624, 42.45712798047434, 26.89112016609451, 73.46379024958351, 260.81352512133367, 78.54749942099637, 109.36868857164689, 65.22963783496857, 240.9189239958921, 12.347073533737943, 76.78764408833909, 4.611048098567693]]"
297,"[[(0, 22), (0, 23), (0, 39), (11, 19), (20, 31), (20, 32), (22, 5), (10, 15), (24, 25), (2, 32), (6, 24), (17, 7), (17, 26), (17, 29), (3, 16), (16, 6), (19, 30), (26, 28), (37, 30), (4, 2), (21, 10), (7, 12), (8, 27), (27, 5), (31, 24), (31, 35), (31, 38), (14, 37), (33, 17), (33, 25), (33, 32)]]","[[270.6952568108575, 110.9618175395804, 782.3726927836524, 108.38255786607236, 5.803705560311691, 137.05509967914597, 200.50506513436946, 3.994647879396454, 20.618115180280896, 338.1309459857698, 48.66724956644736, 40.06080039692723, 1.7336961497047212, 114.51819966259768, 59.25230785713796, 83.23574228029031, 67.74502908864001, 6.883263872463806, 3.8858482900028797, 24.035184456791303, 87.91923882479239, 34.88887409730896, 108.25580104172411, 317.9830201450984, 64.21011789156037, 75.07245082547041, 74.78525767890547, 527.0094870273606, 13.320845809461511, 83.07810030660931, 3.837204263149065]]"
298,"[[(0, 22), (0, 23), (0, 39), (11, 19), (20, 31), (20, 32), (22, 5), (10, 15), (24, 25), (2, 32), (6, 24), (17, 7), (17, 26), (17, 29), (3, 16), (16, 6), (19, 30), (26, 28), (37, 30), (4, 2), (21, 10), (7, 12), (8, 27), (27, 5), (31, 24), (31, 35), (31, 38), (14, 37), (33, 17), (33, 25), (33, 32)]]","[[228.2477825144568, 33.28438573893956, 413.7779323138515, 45.724424340918034, 16.837484017702828, 131.66070785605163, 218.82985938997007, 3.0804171059739, 13.745231229859824, 322.51301270670183, 55.87400736453474, 52.26722262688282, 1.148385373543944, 76.88700504887255, 75.04221863760299, 43.333528884248494, 69.54567413611304, 9.672129963061286, 3.3649801766769682, 23.591151615129117, 17.132922358087978, 62.58465311386197, 350.7362161906491, 146.9585831618682, 63.951438443731604, 60.088379312650865, 178.15959613538644, 177.35397701022958, 15.444856350901361, 85.92291942562126, 4.369476134963575]]"
299,"[[(0, 22), (0, 23), (0, 39), (11, 19), (20, 31), (20, 32), (22, 5), (10, 15), (24, 25), (2, 32), (6, 24), (17, 7), (17, 26), (17, 29), (3, 16), (16, 6), (19, 30), (26, 28), (37, 30), (4, 2), (21, 10), (7, 12), (8, 27), (27, 5), (31, 24), (31, 35), (31, 38), (14, 37), (33, 17), (33, 25), (33, 32)]]","[[322.68947842504326, 116.850965855904, 658.480904112305, 105.7590316820054, 6.057884218254739, 142.30208975498783, 214.06398995805938, 2.945128203420215, 23.050145328591295, 385.54383900277844, 53.311843183664955, 52.92781310832257, 4.438656918061939, 53.70429357496379, 38.08299049707736, 56.481058319829856, 45.19371505801716, 9.848450169563222, 4.432567366164426, 23.011429697916064, 48.02392335997799, 42.352184398516485, 205.99791646657803, 204.98167670962349, 82.6440259173925, 84.17759540036039, 19.07778039683847, 357.4488290874668, 9.351416252996327, 76.77131932146156, 6.464454972316471]]"
300,"[[(0, 22), (0, 23), (0, 39), (11, 19), (20, 31), (20, 32), (22, 5), (10, 15), (24, 25), (2, 32), (6, 24), (17, 7), (17, 26), (17, 29), (3, 16), (16, 6), (19, 30), (26, 28), (37, 30), (4, 2), (21, 10), (7, 12), (8, 27), (27, 5), (31, 24), (31, 35), (31, 38), (14, 37), (33, 17), (33, 25), (33, 32)]]","[[102.27536801602285, 31.39047401975528, 188.01764797540554, 148.7685051168477, 12.350241319495378, 133.8598739756291, 209.03529644219498, 3.631738007831337, 19.213701821607113, 393.89846621582177, 53.05378922608721, 48.012960493906164, 2.760447808672998, 104.31773510644166, 61.03647672017356, 90.91277611509288, 45.741227850700646, 16.446026272738294, 4.601465680011468, 23.039692788975973, 73.75672918936904, 69.73952849773777, 384.4093098629344, 224.6715821167454, 66.31377351948474, 71.83540899337733, 129.40873129890088, 223.13226792202232, 9.737541866182259, 83.85224415066051, 6.482562389334416]]"
301,"[[(0, 22), (0, 23), (0, 39), (11, 19), (20, 31), (20, 32), (22, 5), (10, 15), (24, 25), (2, 32), (6, 24), (17, 7), (17, 26), (17, 29), (3, 16), (16, 6), (19, 30), (26, 28), (37, 30), (4, 2), (21, 10), (7, 12), (8, 27), (27, 5), (31, 24), (31, 35), (31, 38), (14, 37), (33, 17), (33, 25), (33, 32)]]","[[333.4650079731048, 97.63719916357768, 804.0354550462433, 98.40702848478018, 37.213206508551835, 136.86790684412514, 230.5291325267358, 1.2904225990904363, 18.570438308881137, 331.5488929621916, 55.2269221410653, 38.31228384698191, 2.514016317660339, 128.55803352123849, 76.64805165855707, 77.31364234206504, 41.78821144626625, 7.4883334908378085, 4.926376824302828, 24.86780887720946, 55.8538679742789, 25.481402051933905, 304.07591301882155, 328.4041328690022, 76.29646429646017, 66.46994124164206, 140.40031800791758, 64.15141721706883, 12.047877145379303, 78.75273023109446, 7.991956578313966]]"
302,"[[(0, 22), (0, 23), (0, 39), (11, 19), (20, 31), (20, 32), (22, 5), (10, 15), (24, 25), (2, 32), (6, 24), (17, 7), (17, 26), (17, 29), (3, 16), (16, 6), (19, 30), (26, 28), (37, 30), (4, 2), (21, 10), (7, 12), (8, 27), (27, 5), (31, 24), (31, 35), (31, 38), (14, 37), (33, 17), (33, 25), (33, 32)]]","[[122.89575677225127, 86.48087091259387, 88.20101292691679, 35.15616600611323, 28.554546313543643, 143.34981375747176, 227.90103811904132, 3.4360779256635325, 6.905395146210679, 266.6344254120311, 48.09109034443641, 46.64068598208777, 1.212166057255673, 106.20867146244805, 61.311128411361736, 92.42493096395427, 43.819702908864755, 13.59421179403214, 3.957652429100836, 24.301094288631525, 56.19514840598733, 73.39847112472657, 136.65976091943844, 380.9359157197026, 75.5384274046746, 70.78812019203683, 84.36647465861778, 196.80096128026884, 8.618195374347149, 90.25116949270966, 5.180563613251382]]"
303,"[[(0, 22), (0, 23), (0, 39), (11, 19), (20, 31), (20, 32), (22, 5), (10, 15), (24, 25), (2, 32), (6, 24), (17, 7), (17, 26), (17, 29), (3, 16), (16, 6), (19, 30), (26, 28), (37, 30), (4, 2), (21, 10), (7, 12), (8, 27), (27, 5), (31, 24), (31, 35), (31, 38), (14, 37), (33, 17), (33, 25), (33, 32)]]","[[162.74869018850086, 108.64028101806905, 94.22547529739161, 110.70206153171937, 41.070141413973715, 136.88109608265952, 219.94302165886882, 3.1022342447694706, 17.009838096302012, 380.0467146485811, 50.95591026236312, 47.78830240867439, 1.6541094404396044, 128.13606586777644, 55.93755078492131, 60.82220636340855, 67.80321393628735, 12.437141882002585, 4.132730443389805, 24.976654290370327, 50.68046830551952, 40.90092075910631, 228.38212969691244, 240.25410405225324, 60.44008544238937, 46.28827715637156, 63.56581760600821, 479.74836545830254, 13.76948184931295, 87.27548793320625, 4.010832866101415]]"
304,"[[(0, 22), (0, 23), (0, 39), (11, 19), (20, 31), (20, 32), (22, 5), (10, 15), (24, 25), (2, 32), (6, 24), (17, 7), (17, 26), (17, 29), (3, 16), (16, 6), (19, 30), (26, 28), (37, 30), (4, 2), (21, 10), (7, 12), (8, 27), (27, 5), (31, 24), (31, 35), (31, 38), (14, 37), (33, 17), (33, 25), (33, 32)]]","[[234.0995489979198, 75.67445221201795, 227.12344369100228, 121.35229117948613, 17.7437564452402, 137.04049884915236, 217.50208975995517, 3.348591645257964, 8.979785580628057, 323.2439383488559, 48.719705531597164, 52.77136023382257, 1.1143114296525334, 88.91279943769263, 65.23905047296935, 69.59241577133258, 42.092783239884305, 13.781820798481812, 4.748707502301739, 23.226134531085737, 62.2032810109844, 26.928344020884047, 225.1259098843584, 263.62356596637267, 61.79376063785104, 99.03355726651493, 79.78738426040188, 171.1876459596387, 10.314557576385537, 78.06301432614353, 6.201272108328432]]"
305,"[[(0, 22), (0, 23), (0, 39), (11, 19), (20, 31), (20, 32), (22, 5), (10, 15), (24, 25), (2, 32), (6, 24), (17, 7), (17, 26), (17, 29), (3, 16), (16, 6), (19, 30), (26, 28), (37, 30), (4, 2), (21, 10), (7, 12), (8, 27), (27, 5), (31, 24), (31, 35), (31, 38), (14, 37), (33, 17), (33, 25), (33, 32)]]","[[161.63924093835922, 113.9715424895137, 708.4614242088029, 108.6535205904983, 32.830212747225374, 132.30547634264835, 215.87427133755133, 4.551712314281099, 20.719670550801744, 394.605324537735, 52.13698455661253, 37.79008489534039, 4.453313819351246, 98.78942137201278, 39.89833022771461, 117.11571249519125, 61.86961828942738, 2.0814836911530152, 3.661207549341839, 23.55412823175819, 63.86794508988666, 80.02639085540872, 197.34446489958557, 171.14939101504626, 67.76003699073678, 59.32207104142796, 87.55705856198972, 388.8858325047762, 8.208043175927266, 81.40093914959722, 4.9476489293280395]]"
306,"[[(0, 22), (0, 23), (0, 39), (11, 19), (20, 31), (20, 32), (22, 5), (10, 15), (24, 25), (2, 32), (6, 24), (17, 7), (17, 26), (17, 29), (3, 16), (16, 6), (19, 30), (26, 28), (37, 30), (4, 2), (21, 10), (7, 12), (8, 27), (27, 5), (31, 24), (31, 35), (31, 38), (14, 37), (33, 17), (33, 25), (33, 32)]]","[[203.14480673585132, 66.0679262677754, 991.7368594457405, 55.12254872836962, 21.40587552917182, 138.9210308972614, 182.59900745748675, 2.5544593494115855, 15.543515502596843, 377.1171476566303, 54.4622919527312, 40.22689535745758, 4.066213334548208, 56.17844687885804, 68.95010713633692, 53.63991469589938, 48.416078976440915, 5.182723707894275, 3.4082406164511463, 23.578395699596857, 42.01986328226298, 22.337617428643135, 402.6888649371795, 383.0040981870774, 62.411718785453026, 64.47027703042528, 57.27698784886116, 482.6041103500255, 12.248052714918604, 83.53790068134403, 1.454136380074333]]"
307,"[[(0, 22), (0, 23), (0, 39), (11, 19), (20, 31), (20, 32), (22, 5), (10, 15), (24, 25), (2, 32), (6, 24), (17, 7), (17, 26), (17, 29), (3, 16), (16, 6), (19, 30), (26, 28), (37, 30), (4, 2), (21, 10), (7, 12), (8, 27), (27, 5), (31, 24), (31, 35), (31, 38), (14, 37), (33, 17), (33, 25), (33, 32)]]","[[286.4736003658927, 42.30545770680524, 422.09444442592593, 134.35495363754853, 6.773173886465566, 140.4400208512079, 210.43087851449195, 2.6925048182147426, 11.913582806388886, 276.8857661827179, 50.16792013412215, 50.106771388191596, 4.436885026315974, 102.53425519835508, 41.89488643981933, 24.814508535721927, 59.82179874966966, 9.151122986740175, 3.6554877381400113, 23.96723054253169, 22.558579257620504, 60.55850140312611, 160.9932597044189, 262.77768794709453, 60.727975419066745, 85.28314677777625, 144.63223272910258, 442.9765074620938, 13.003348677313397, 78.32461046416377, 8.920160178687928]]"
308,"[[(0, 22), (0, 23), (0, 39), (11, 19), (20, 31), (20, 32), (22, 5), (10, 15), (24, 25), (2, 32), (6, 24), (17, 7), (17, 26), (17, 29), (3, 16), (16, 6), (19, 30), (26, 28), (37, 30), (4, 2), (21, 10), (7, 12), (8, 27), (27, 5), (31, 24), (31, 35), (31, 38), (14, 37), (33, 17), (33, 25), (33, 32)]]","[[157.87651233845145, 28.144785327681745, 681.4499864969214, 89.76844931463681, 25.252396032852733, 131.65618514662972, 174.9939125265919, 1.7396181337643424, 7.01735070019173, 408.99570291235136, 49.9328191058128, 52.511944414686326, 2.5358847228089565, 68.42263228816577, 75.02248738706237, 86.79726020859725, 63.04801240310253, 8.063758874183439, 3.4381197671114423, 24.672409045164706, 18.001246847052187, 31.66808002450298, 381.5898022667673, 191.2049012582262, 62.83772707760644, 55.97312989873798, 80.76586423975982, 501.55292843006987, 9.89368245442977, 75.88797771737615, 1.8631242220378432]]"
309,"[[(0, 22), (0, 23), (0, 39), (11, 19), (20, 31), (20, 32), (22, 5), (10, 15), (24, 25), (2, 32), (6, 24), (17, 7), (17, 26), (17, 29), (3, 16), (16, 6), (19, 30), (26, 28), (37, 30), (4, 2), (21, 10), (7, 12), (8, 27), (27, 5), (31, 24), (31, 35), (31, 38), (14, 37), (33, 17), (33, 25), (33, 32)]]","[[142.964324252298, 59.24869265352824, 1099.7646132355376, 118.07676909537008, 27.991205730912565, 135.5217923156927, 175.47199165907153, 1.5709791812207703, 16.16751481735997, 296.97459189671235, 53.835381669979924, 49.7141992415237, 3.97003742930539, 106.8951714477362, 53.22605796341489, 24.971931805662095, 70.2075401094673, 9.67836192272446, 3.1864527477740023, 23.06011533167274, 12.666006457593474, 62.974441650151434, 222.97706072290092, 243.5323917436897, 79.4138540795207, 83.11876348391472, 75.18131342902407, 186.20441347877386, 12.738070695419912, 76.34644427417199, 1.038851271055055]]"
310,"[[(0, 22), (0, 23), (0, 39), (11, 19), (20, 31), (20, 32), (22, 5), (10, 15), (24, 25), (2, 32), (6, 24), (17, 7), (17, 26), (17, 29), (3, 16), (16, 6), (19, 30), (26, 28), (37, 30), (4, 2), (21, 10), (7, 12), (8, 27), (27, 5), (31, 24), (31, 35), (31, 38), (14, 37), (33, 17), (33, 25), (33, 32)]]","[[186.75235384054815, 70.28015540599155, 1096.099080041998, 54.13155068221485, 39.59101833438947, 140.45074638214112, 201.86751742760055, 3.408066134042518, 13.887665541403349, 352.0719986530714, 55.33554338588055, 38.09792024172745, 4.364751814815643, 146.2613534383791, 70.2128061422874, 34.490555632732594, 39.33105036770172, 6.353851092435428, 4.553368901856329, 23.11728833054847, 32.15744794934941, 20.609581511159885, 223.7624006416287, 361.9988147422637, 68.20591747958095, 103.40777988679639, 183.9186001564776, 544.8627752719324, 15.674431882795712, 92.53725813583371, 8.213926642914352]]"
311,"[[(0, 22), (0, 23), (0, 39), (11, 19), (20, 31), (20, 32), (22, 5), (10, 15), (24, 25), (2, 32), (6, 24), (17, 7), (17, 26), (17, 29), (3, 16), (16, 6), (19, 30), (26, 28), (37, 30), (4, 2), (21, 10), (7, 12), (8, 27), (27, 5), (31, 24), (31, 35), (31, 38), (14, 37), (33, 17), (33, 25), (33, 32)]]","[[250.13250729186018, 101.76673490445768, 647.6433076494429, 118.63788354818053, 37.70197181100478, 139.22530490146107, 211.99844819938357, 2.7671153873597145, 3.435901592294093, 374.6979624759612, 54.32705456519822, 36.139551539551256, 3.648172635436826, 146.92357906534306, 66.72238901269698, 32.228091236187055, 69.29505662151372, 18.77815404023969, 3.3694393017481046, 23.727254858102352, 23.910109993701717, 33.56454878235817, 414.4511078024332, 346.7566363681862, 68.22131350919906, 44.96417996051167, 42.226678711084105, 128.31148347395106, 8.729937616249709, 82.37034508805641, 8.837819822745697]]"
312,"[[(0, 22), (0, 23), (0, 39), (11, 19), (20, 31), (20, 32), (22, 5), (10, 15), (24, 25), (2, 32), (6, 24), (17, 7), (17, 26), (17, 29), (3, 16), (16, 6), (19, 30), (26, 28), (37, 30), (4, 2), (21, 10), (7, 12), (8, 27), (27, 5), (31, 24), (31, 35), (31, 38), (14, 37), (33, 17), (33, 25), (33, 32)]]","[[227.87473126294387, 115.72125946553896, 357.71230945568664, 94.78677754852237, 13.966285028582908, 134.80413835507846, 181.03830009408466, 2.896449375856576, 18.101359951625437, 387.838894634672, 55.954297176236224, 44.23874341781705, 4.86630830809967, 93.34843797005607, 77.71109051009756, 100.47290109191405, 50.00227375675084, 12.372594836705169, 4.45722080263392, 23.298893529939583, 84.49459664455007, 71.92772706943475, 413.641104329951, 230.80267018502366, 64.26749628397351, 92.15624418333219, 171.2063740516232, 461.77467589510036, 14.525167529940761, 92.21251474760312, 4.109188998048735]]"
313,"[[(0, 22), (0, 23), (0, 39), (11, 19), (20, 31), (20, 32), (22, 5), (10, 15), (24, 25), (2, 32), (6, 24), (17, 7), (17, 26), (17, 29), (3, 16), (16, 6), (19, 30), (26, 28), (37, 30), (4, 2), (21, 10), (7, 12), (8, 27), (27, 5), (31, 24), (31, 35), (31, 38), (14, 37), (33, 17), (33, 25), (33, 32)]]","[[254.0004014576882, 114.2058408372889, 405.21009532172894, 141.58188102111197, 39.142631097775926, 131.01639551710105, 226.5143533702004, 1.7828081913599734, 25.990556979596246, 332.92017637286517, 53.1966745516803, 41.613844244051926, 1.5018039624529256, 109.92333829524026, 41.19127454063362, 115.76302005936596, 45.32759420187585, 14.262589530509231, 4.607338111001424, 23.36676127222213, 83.51085417183079, 67.75056527700211, 155.54982708254448, 253.30692696714, 62.24660602829525, 104.76093252876741, 53.094914708699115, 483.21782369892, 9.95455722117298, 90.28209848238876, 2.5600953238444877]]"
314,"[[(0, 22), (0, 23), (0, 39), (11, 19), (20, 31), (20, 32), (22, 5), (10, 15), (24, 25), (2, 32), (6, 24), (17, 7), (17, 26), (17, 29), (3, 16), (16, 6), (19, 30), (26, 28), (37, 30), (4, 2), (21, 10), (7, 12), (8, 27), (27, 5), (31, 24), (31, 35), (31, 38), (14, 37), (33, 17), (33, 25), (33, 32)]]","[[264.19949336502395, 90.90342410388851, 359.43009877564344, 71.28919952026604, 32.04017433339956, 131.55703924889926, 192.69719691998714, 1.7502737392306318, 22.34281062052934, 359.1203381056139, 48.312921004198316, 37.894207778457805, 4.261730952204644, 101.96528856103403, 73.04912485268969, 98.04913361814167, 64.53054680012296, 8.867130038786136, 3.7381948922148114, 24.272857331341925, 57.886118781414766, 23.378523034273414, 402.32035656662754, 358.13486249362074, 60.33874251843706, 76.77711303164942, 142.4786893035689, 249.45709427800728, 11.781797577987788, 76.88490645665237, 1.5427164167192542]]"
315,"[[(0, 22), (0, 23), (0, 39), (11, 19), (20, 31), (20, 32), (22, 5), (10, 15), (24, 25), (2, 32), (6, 24), (17, 7), (17, 26), (17, 29), (3, 16), (16, 6), (19, 30), (26, 28), (37, 30), (4, 2), (21, 10), (7, 12), (8, 27), (27, 5), (31, 24), (31, 35), (31, 38), (14, 37), (33, 17), (33, 25), (33, 32)]]","[[274.35093759163965, 75.91594436243858, 929.1661793437787, 136.66806918615944, 36.43681713684595, 140.65355237711515, 189.51132104884698, 4.82465403931306, 1.6999416641556606, 341.4443052256826, 50.27161023744675, 46.182517587273274, 2.6537773154306086, 109.05668021691841, 26.358835639546278, 101.68327651115354, 49.13419752232253, 13.244128337513294, 3.8551300450898345, 23.174794965289674, 36.37189789629724, 76.78606559100396, 400.34641482348235, 262.6557849385764, 81.7510438751009, 98.39261611199706, 88.69715165444094, 471.3593676789588, 9.238093458766016, 75.67078291535023, 2.9076794776887276]]"
316,"[[(0, 22), (0, 23), (0, 39), (11, 19), (20, 31), (20, 32), (22, 5), (10, 15), (24, 25), (2, 32), (6, 24), (17, 7), (17, 26), (17, 29), (3, 16), (16, 6), (19, 30), (26, 28), (37, 30), (4, 2), (21, 10), (7, 12), (8, 27), (27, 5), (31, 24), (31, 35), (31, 38), (14, 37), (33, 17), (33, 25), (33, 32)]]","[[256.7140728561819, 38.681268217777074, 264.5428363091927, 76.28621826489683, 10.02789668524369, 141.81503310997303, 202.16466491866714, 2.0704372418117325, 13.123334601382695, 331.6320100043663, 52.17246627722042, 41.304154448471564, 3.7501254002179056, 53.305419918073056, 51.98128169014586, 81.45313548596766, 66.1851854265987, 7.687932778569396, 4.054661194194759, 24.99732829693696, 75.60271736812362, 67.45506754871195, 404.62476670586284, 355.2836874535694, 59.577842642543565, 108.27598359430588, 64.43454571038416, 314.9317070349617, 8.579117974505404, 76.50416125105092, 8.39930791880189]]"
317,"[[(0, 22), (0, 23), (0, 39), (11, 19), (20, 31), (20, 32), (22, 5), (10, 15), (24, 25), (2, 32), (6, 24), (17, 7), (17, 26), (17, 29), (3, 16), (16, 6), (19, 30), (26, 28), (37, 30), (4, 2), (21, 10), (7, 12), (8, 27), (27, 5), (31, 24), (31, 35), (31, 38), (14, 37), (33, 17), (33, 25), (33, 32)]]","[[252.16590174055165, 98.47659501530327, 1160.3603475644068, 116.75853814672092, 20.206052056607664, 141.1142898389988, 187.79500751059203, 3.7394031985884824, 3.725407255654058, 393.59706634982706, 50.90366380361441, 45.37923915872828, 2.236323976654893, 134.90539996356574, 76.02493536792039, 116.55076357339195, 60.54933468746089, 14.113863947688767, 3.3815527944413173, 23.97831334837777, 70.72861924849778, 48.688839055683985, 231.3082206994003, 382.18119263967014, 69.79637074169104, 103.31447697468498, 159.0247142131067, 446.6848474294511, 10.909957118802627, 94.69491802465497, 1.0599457168953306]]"
318,"[[(0, 22), (0, 23), (0, 39), (11, 19), (20, 31), (20, 32), (22, 5), (10, 15), (24, 25), (2, 32), (6, 24), (17, 7), (17, 26), (17, 29), (3, 16), (16, 6), (19, 30), (26, 28), (37, 30), (4, 2), (21, 10), (7, 12), (8, 27), (27, 5), (31, 24), (31, 35), (31, 38), (14, 37), (33, 17), (33, 25), (33, 32)]]","[[304.9131737488493, 97.10509137698179, 712.3963078680072, 120.8782773299441, 45.38303858505498, 137.64333203223129, 203.15916652350035, 2.217618903364231, 20.138349553505545, 274.2913638966731, 49.76856933128412, 45.702591735195966, 2.4994581077730333, 84.91454283960906, 57.634152903007816, 105.42070922442707, 70.46057221369207, 6.6374070804551515, 3.280569449590443, 23.47040132425981, 13.593141702443708, 76.10069108104132, 205.09336251434303, 175.87134286572606, 78.10014505926426, 109.4463980166098, 175.8122016372753, 355.52604300874646, 15.874375565391487, 75.8631134225968, 2.2855856360943196]]"
319,"[[(0, 22), (0, 23), (0, 39), (11, 19), (20, 31), (20, 32), (22, 5), (10, 15), (24, 25), (2, 32), (6, 24), (17, 7), (17, 26), (17, 29), (3, 16), (16, 6), (19, 30), (26, 28), (37, 30), (4, 2), (21, 10), (7, 12), (8, 27), (27, 5), (31, 24), (31, 35), (31, 38), (14, 37), (33, 17), (33, 25), (33, 32)]]","[[103.74241424666947, 89.79426174116571, 172.03181957344975, 99.55062944402805, 45.80223107349755, 130.6189494752662, 204.5509171136066, 1.3569585470126566, 19.424804970977306, 347.260659148176, 48.80276652850181, 43.65227595604881, 3.8249803316812336, 146.13467360711064, 58.036496106100735, 18.13098646422425, 66.13419883870776, 3.2826165237591, 4.369184504510534, 24.378527342517664, 53.9305699354541, 15.083405200655365, 209.811250313684, 271.0208674112512, 78.30966345724593, 109.37213977838299, 183.2097720193267, 248.29565050222973, 12.822318462216547, 90.10702899889961, 1.173151504974177]]"
320,"[[(0, 22), (0, 23), (0, 39), (11, 19), (20, 31), (20, 32), (22, 5), (10, 15), (24, 25), (2, 32), (6, 24), (17, 7), (17, 26), (17, 29), (3, 16), (16, 6), (19, 30), (26, 28), (37, 30), (4, 2), (21, 10), (7, 12), (8, 27), (27, 5), (31, 24), (31, 35), (31, 38), (14, 37), (33, 17), (33, 25), (33, 32)]]","[[277.6131843230967, 62.20701834128468, 1014.1558094000117, 58.02889726422731, 6.787466185073313, 136.71903358956814, 203.55674293590832, 2.8860569767118744, 24.427329106000098, 315.73441164371417, 48.75482741172138, 44.191921137399945, 3.0487903142371686, 61.16069816020087, 63.129649025545376, 66.2791853878185, 39.9851460286387, 11.01648045171932, 4.391009875325164, 23.224069512359492, 89.93996425369292, 48.129791863106206, 359.4029495739322, 293.70050170667366, 67.03528330064708, 86.93061174691557, 88.42442991104897, 478.44574062531547, 15.705255119548012, 88.73729270049932, 4.656930371244724]]"
321,"[[(0, 22), (0, 23), (0, 39), (11, 19), (20, 31), (20, 32), (22, 5), (10, 15), (24, 25), (2, 32), (6, 24), (17, 7), (17, 26), (17, 29), (3, 16), (16, 6), (19, 30), (26, 28), (37, 30), (4, 2), (21, 10), (7, 12), (8, 27), (27, 5), (31, 24), (31, 35), (31, 38), (14, 37), (33, 17), (33, 25), (33, 32)]]","[[362.1142715723418, 106.63271699855225, 987.6421381858528, 101.03441919392667, 26.407456451805743, 134.13386354184058, 222.50850456799787, 4.485597382356058, 12.5071964989349, 375.07793636226984, 49.06299059137736, 49.91029899145147, 4.232932971435897, 105.42916431698077, 63.80587769127215, 17.57422270632894, 51.806780927903006, 11.111098283601814, 3.4563676622010764, 24.330724340787036, 86.42730373775221, 54.60083639337834, 252.13496004743595, 369.25966452760616, 67.52747595909858, 83.04668241402348, 89.25407968459407, 105.12682567116535, 14.794973047151908, 79.38450617023595, 8.185715121151377]]"
322,"[[(0, 22), (0, 23), (0, 39), (11, 19), (20, 31), (20, 32), (22, 5), (10, 15), (24, 25), (2, 32), (6, 24), (17, 7), (17, 26), (17, 29), (3, 16), (16, 6), (19, 30), (26, 28), (37, 30), (4, 2), (21, 10), (7, 12), (8, 27), (27, 5), (31, 24), (31, 35), (31, 38), (14, 37), (33, 17), (33, 25), (33, 32)]]","[[318.8497995535415, 50.70944303120788, 964.6424416830748, 38.28478397575719, 22.493042618206633, 143.7567631401543, 231.58365447163283, 1.3188222870689263, 14.467939200334786, 318.94829009999705, 52.18420596750124, 40.78525692932365, 1.4517574397144695, 95.79918002515655, 42.96450101211445, 69.22775015569289, 42.36795470866067, 19.48982864450914, 4.902617471818039, 24.117996672312728, 66.48462159913277, 19.82228675449553, 187.84508693760142, 378.5947060771118, 68.479044912297, 89.70256062665679, 90.88966027835407, 432.9285588954525, 8.039524652585282, 76.75391475980078, 2.8863714523144184]]"
323,"[[(0, 22), (0, 23), (0, 39), (11, 19), (20, 31), (20, 32), (22, 5), (10, 15), (24, 25), (2, 32), (6, 24), (17, 7), (17, 26), (17, 29), (3, 16), (16, 6), (19, 30), (26, 28), (37, 30), (4, 2), (21, 10), (7, 12), (8, 27), (27, 5), (31, 24), (31, 35), (31, 38), (14, 37), (33, 17), (33, 25), (33, 32)]]","[[331.04601241478656, 40.79362092276021, 1163.2228231877777, 161.93450083207094, 36.45484037367755, 136.34125553463326, 202.1626098041297, 4.746285893834411, 22.23327457990737, 364.0091751888074, 50.00974868466163, 44.780635775703786, 3.8950338049020963, 108.59453001797053, 50.207297842296704, 29.875089931981172, 66.5053485683583, 19.277977429138286, 4.679747110147327, 23.91564061512366, 27.323512090115823, 90.7345669971975, 312.60316653847707, 166.55020814572592, 59.78524355214886, 48.131306868158504, 145.97855219444352, 609.7416707978009, 9.76959932970789, 91.12603964469389, 7.200079692403674]]"
324,"[[(0, 22), (0, 23), (0, 39), (11, 19), (20, 31), (20, 32), (22, 5), (10, 15), (24, 25), (2, 32), (6, 24), (17, 7), (17, 26), (17, 29), (3, 16), (16, 6), (19, 30), (26, 28), (37, 30), (4, 2), (21, 10), (7, 12), (8, 27), (27, 5), (31, 24), (31, 35), (31, 38), (14, 37), (33, 17), (33, 25), (33, 32)]]","[[187.31361450922532, 72.76557581727451, 378.29882942217773, 138.55093173934776, 27.02081328714356, 140.83123746650188, 197.44222895222518, 4.778763285382912, 17.91455109706387, 401.8487788514009, 51.247114998934315, 44.59614023251294, 1.8015796952372058, 128.1579829235173, 52.57245719588623, 36.142347749268204, 50.59752973865983, 17.68219357908688, 3.630256432573977, 24.603789042595654, 69.94189734309643, 54.33106068026535, 117.69243469325556, 390.6266814529259, 68.07739200547047, 106.66854263731732, 152.02406355867456, 333.36922867711996, 10.083741662813837, 84.65494016786518, 1.5077737590529772]]"
325,"[[(0, 22), (0, 23), (0, 39), (11, 19), (20, 31), (20, 32), (22, 5), (10, 15), (24, 25), (2, 32), (6, 24), (17, 7), (17, 26), (17, 29), (3, 16), (16, 6), (19, 30), (26, 28), (37, 30), (4, 2), (21, 10), (7, 12), (8, 27), (27, 5), (31, 24), (31, 35), (31, 38), (14, 37), (33, 17), (33, 25), (33, 32)]]","[[149.86572831632745, 80.4328660443004, 785.7133304372422, 123.83317206746939, 7.472575459044027, 141.98973119166902, 203.7598073752571, 2.0677192629688896, 9.050345252280996, 373.4610896883633, 49.065999889637766, 46.64606203739897, 1.2176194251081465, 62.186440274488135, 46.339705528261234, 67.60405543555402, 42.988556955452616, 17.348902297622523, 3.351071948949496, 23.248675571652583, 72.75586209780963, 52.29646573961759, 115.23952296749593, 353.8173899370053, 77.9366293485712, 40.019675666932706, 57.362791913651, 592.3003673227902, 14.886908312824954, 76.54404188330335, 5.97044572318077]]"
326,"[[(0, 22), (0, 23), (0, 39), (11, 19), (20, 31), (20, 32), (22, 5), (10, 15), (24, 25), (2, 32), (6, 24), (17, 7), (17, 26), (17, 29), (3, 16), (16, 6), (19, 30), (26, 28), (37, 30), (4, 2), (21, 10), (7, 12), (8, 27), (27, 5), (31, 24), (31, 35), (31, 38), (14, 37), (33, 17), (33, 25), (33, 32)]]","[[209.35846205877885, 109.19797716030547, 489.0119693587241, 133.93412893630227, 9.899082546224296, 141.07394330596546, 176.6407350056754, 4.992199278203239, 7.50186445841935, 280.0735328688455, 55.96836870569896, 42.771880931650216, 3.9823155780690622, 128.45876678089476, 73.17262793011643, 32.61938809983469, 38.70584412626077, 11.762440435912165, 3.248109372803282, 23.679163834555414, 62.09459907417078, 42.672353889509225, 316.71310311137177, 255.20479035885114, 59.46457748371383, 106.58734992910591, 116.86009510908055, 30.159839685044094, 13.281282561901676, 80.49635433919332, 8.73453748931546]]"
327,"[[(0, 22), (0, 23), (0, 39), (11, 19), (20, 31), (20, 32), (22, 5), (10, 15), (24, 25), (2, 32), (6, 24), (17, 7), (17, 26), (17, 29), (3, 16), (16, 6), (19, 30), (26, 28), (37, 30), (4, 2), (21, 10), (7, 12), (8, 27), (27, 5), (31, 24), (31, 35), (31, 38), (14, 37), (33, 17), (33, 25), (33, 32)]]","[[318.2898030473077, 71.63136568767533, 441.65407709069166, 66.2841548536788, 3.4986500701662164, 131.11689039350063, 216.8644891179152, 4.238855615550888, 4.364505009266063, 383.9736689852397, 55.77223148281616, 45.63539185899823, 4.0836394676251775, 122.90811160453451, 27.2054269105339, 65.11196354227873, 55.39914620180947, 17.155662552354837, 3.997749411413242, 23.482417425534713, 43.85267430018267, 51.319073560092, 314.6656654686618, 341.01888909041634, 60.20948810269758, 81.3578742092229, 97.8287424211772, 398.19515611291746, 13.47848856953243, 76.97771922518567, 6.672099629491931]]"
328,"[[(0, 22), (0, 23), (0, 39), (11, 19), (20, 31), (20, 32), (22, 5), (10, 15), (24, 25), (2, 32), (6, 24), (17, 7), (17, 26), (17, 29), (3, 16), (16, 6), (19, 30), (26, 28), (37, 30), (4, 2), (21, 10), (7, 12), (8, 27), (27, 5), (31, 24), (31, 35), (31, 38), (14, 37), (33, 17), (33, 25), (33, 32)]]","[[351.83570326094934, 49.31701130965456, 609.4954599314374, 104.8080840622924, 29.8504761650154, 140.00090433931075, 219.96325961320247, 4.069594252954529, 6.010086317884637, 395.4122585516209, 53.95988397093212, 37.18286498483847, 4.577717094640588, 57.48173717203734, 69.99297608707045, 45.316577991098285, 39.259970457353575, 3.525721821203941, 3.364787647193349, 24.99825391663041, 54.080758581401305, 17.039885719497622, 374.81004753958445, 215.5271736459382, 60.963370932666194, 51.502754632605466, 125.05753427767797, 135.19614436986487, 12.617696514466548, 93.92374588312221, 1.660962186014948]]"
329,"[[(0, 22), (0, 23), (0, 39), (11, 19), (20, 31), (20, 32), (22, 5), (10, 15), (24, 25), (2, 32), (6, 24), (17, 7), (17, 26), (17, 29), (3, 16), (16, 6), (19, 30), (26, 28), (37, 30), (4, 2), (21, 10), (7, 12), (8, 27), (27, 5), (31, 24), (31, 35), (31, 38), (14, 37), (33, 17), (33, 25), (33, 32)]]","[[260.5803363828239, 55.171897470581584, 600.753913467698, 98.8246041406241, 42.420219963204254, 139.04432806489584, 205.9157496099399, 3.9408794391606965, 24.18798466795889, 287.2346176304896, 55.93460480327492, 49.33934500022049, 3.2253323100114666, 63.55983664840858, 58.292124184418505, 20.25764492014059, 44.84807683203649, 10.010082656816326, 4.45231729095822, 23.158043264135767, 79.60556572444926, 16.280639190579503, 91.33634736778359, 269.8518726944532, 59.53470589681679, 66.45662666285911, 91.90914089527222, 627.0653412074402, 10.917453997322397, 83.93646350437872, 1.651616083190727]]"
330,"[[(0, 22), (0, 23), (0, 39), (11, 19), (20, 31), (20, 32), (22, 5), (10, 15), (24, 25), (2, 32), (6, 24), (17, 7), (17, 26), (17, 29), (3, 16), (16, 6), (19, 30), (26, 28), (37, 30), (4, 2), (21, 10), (7, 12), (8, 27), (27, 5), (31, 24), (31, 35), (31, 38), (14, 37), (33, 17), (33, 25), (33, 32)]]","[[344.2392860827435, 51.730700645564305, 893.4673218930618, 135.64622392098553, 37.198056165347396, 132.1935456703746, 176.67003113014724, 1.1411419028018948, 17.420928219960537, 387.9305518086975, 50.490954766672004, 50.762805888414974, 1.8962126572014708, 109.56776462132986, 37.421878516469604, 58.208971396841264, 53.066960224145625, 10.797088064021459, 3.7518761942905003, 24.706107735053045, 21.60582648298395, 78.13693906541315, 275.8251077468959, 299.0952116290414, 80.34992839589191, 49.26916063975921, 170.99643891204792, 333.15819713024655, 13.856058049854195, 91.48770881439984, 8.271264121740314]]"
331,"[[(0, 22), (0, 23), (0, 39), (11, 19), (20, 31), (20, 32), (22, 5), (10, 15), (24, 25), (2, 32), (6, 24), (17, 7), (17, 26), (17, 29), (3, 16), (16, 6), (19, 30), (26, 28), (37, 30), (4, 2), (21, 10), (7, 12), (8, 27), (27, 5), (31, 24), (31, 35), (31, 38), (14, 37), (33, 17), (33, 25), (33, 32)]]","[[260.8066570574455, 94.61204740146268, 444.8034482594758, 146.44390828059096, 29.20538275203684, 140.28904852147556, 202.8934852187046, 2.5980901748670364, 25.736115904963437, 269.94402511763565, 55.67718576087926, 47.66156868005428, 4.621603926677414, 67.48592480118309, 70.81874803180727, 24.0693214286553, 67.05504210592072, 6.023592456239051, 4.320350992747018, 24.108651852713308, 54.29474393402251, 56.24071041800992, 258.47567531902473, 398.8084829840962, 74.53728937040913, 95.04052260768017, 176.80011937211708, 378.2148428190173, 12.832161882306398, 77.28686842730716, 3.8579672633043662]]"
332,"[[(0, 22), (0, 23), (0, 39), (11, 19), (20, 31), (20, 32), (22, 5), (10, 15), (24, 25), (2, 32), (6, 24), (17, 7), (17, 26), (17, 29), (3, 16), (16, 6), (19, 30), (26, 28), (37, 30), (4, 2), (21, 10), (7, 12), (8, 27), (27, 5), (31, 24), (31, 35), (31, 38), (14, 37), (33, 17), (33, 25), (33, 32)]]","[[91.30266927119958, 80.9397012997236, 890.169239276121, 128.8647204381236, 26.612461640372352, 137.0214544825438, 190.31315386756404, 1.205769274820907, 15.252487887221035, 384.8537827942505, 48.115754559964586, 36.01951584465983, 3.126986083156399, 59.862704949100404, 40.818245811092105, 22.389104133807926, 49.695582331653334, 14.403320720459025, 4.2904927677913385, 24.630550021081646, 26.834388405137453, 63.11412336603473, 74.45569277063633, 217.89243016881574, 81.16314644094756, 63.29799186014269, 66.29321982237055, 113.6609927696389, 10.29482533894604, 75.26359771737694, 3.807171454548132]]"
333,"[[(0, 22), (0, 23), (0, 39), (11, 19), (20, 31), (20, 32), (22, 5), (10, 15), (24, 25), (2, 32), (6, 24), (17, 7), (17, 26), (17, 29), (3, 16), (16, 6), (19, 30), (26, 28), (37, 30), (4, 2), (21, 10), (7, 12), (8, 27), (27, 5), (31, 24), (31, 35), (31, 38), (14, 37), (33, 17), (33, 25), (33, 32)]]","[[209.30172839187912, 81.42373366580131, 726.150217933183, 50.429342664409674, 18.84745474419561, 139.8316580494924, 179.96654614086165, 2.0886628580432305, 20.266494388519583, 290.4280129354805, 54.660806816058226, 41.62100185163251, 4.987461634353609, 62.56642223800347, 47.74732308477326, 38.57744820561118, 50.093739356444516, 8.392735211998199, 4.851170671509528, 23.592043207643226, 44.6174743793912, 47.02894269843342, 317.78767917919964, 288.00734204821214, 76.2283481866526, 38.27289514798105, 46.5076187358836, 265.01803253502266, 12.890840830351571, 78.07178510901805, 7.5277343293198795]]"
334,"[[(0, 22), (0, 23), (0, 39), (11, 19), (20, 31), (20, 32), (22, 5), (10, 15), (24, 25), (2, 32), (6, 24), (17, 7), (17, 26), (17, 29), (3, 16), (16, 6), (19, 30), (26, 28), (37, 30), (4, 2), (21, 10), (7, 12), (8, 27), (27, 5), (31, 24), (31, 35), (31, 38), (14, 37), (33, 17), (33, 25), (33, 32)]]","[[282.2546991401584, 66.06126849656826, 366.857281016414, 143.20132249087462, 47.6285573036558, 133.1539058927341, 183.28543854487341, 3.344318644417492, 1.987269441604034, 287.93866603716236, 55.68955918748697, 51.328191908434505, 3.9120090340109046, 61.13689004912959, 62.46099249089278, 25.28260825729872, 55.90650434496804, 12.2446560415193, 4.820859944039868, 23.362733916221963, 37.13190999844024, 47.42880578812611, 332.13758815951655, 243.9072135928422, 81.59105960936674, 77.11479975757177, 158.8460903807526, 610.1804527163474, 13.273472342457925, 89.88715824659315, 8.058461772193127]]"
335,"[[(0, 22), (0, 23), (0, 39), (11, 19), (20, 31), (20, 32), (22, 5), (10, 15), (24, 25), (2, 32), (6, 24), (17, 7), (17, 26), (17, 29), (3, 16), (16, 6), (19, 30), (26, 28), (37, 30), (4, 2), (21, 10), (7, 12), (8, 27), (27, 5), (31, 24), (31, 35), (31, 38), (14, 37), (33, 17), (33, 25), (33, 32)]]","[[302.2765073180516, 116.01865936100978, 50.06381988952013, 82.25628784486338, 44.081520849727234, 136.42337923384946, 212.28184591288658, 2.9781012262596938, 24.634837764065484, 363.6386268697456, 53.11980458065109, 42.31157685215502, 3.4120754721004523, 132.52663677458804, 42.43138280444401, 94.24189738484192, 38.133616866387335, 19.078262971095672, 4.580312630345904, 23.50330289955687, 11.350760072675463, 69.16444555243709, 404.5843207859618, 256.97829763908766, 70.8974715915641, 106.11272542422232, 21.979577551683885, 109.20772662064152, 14.728178791206435, 87.33352815062041, 5.211953535255226]]"
336,"[[(0, 22), (0, 23), (0, 39), (11, 19), (20, 31), (20, 32), (22, 5), (10, 15), (24, 25), (2, 32), (6, 24), (17, 7), (17, 26), (17, 29), (3, 16), (16, 6), (19, 30), (26, 28), (37, 30), (4, 2), (21, 10), (7, 12), (8, 27), (27, 5), (31, 24), (31, 35), (31, 38), (14, 37), (33, 17), (33, 25), (33, 32)]]","[[167.87738832791297, 55.6865960151428, 590.510140966779, 74.13687039118345, 34.61340896507189, 131.67046074523995, 202.20703962397835, 3.6702767635446003, 23.355174961322792, 398.5123885520584, 52.32501443546987, 51.434080428323725, 3.0014143248756153, 72.8881988221772, 75.17553131607576, 53.04067149621912, 41.2431565282183, 15.840208869021346, 3.565730381738597, 23.015892572551788, 29.07977092725139, 22.302027434746464, 346.5416500902431, 386.63985128107333, 67.1377842725349, 98.90895257736567, 179.21150201800205, 526.9699160267337, 14.914236147655647, 81.64895615640958, 2.2672201408570762]]"
337,"[[(0, 22), (0, 23), (0, 39), (11, 19), (20, 31), (20, 32), (22, 5), (10, 15), (24, 25), (2, 32), (6, 24), (17, 7), (17, 26), (17, 29), (3, 16), (16, 6), (19, 30), (26, 28), (37, 30), (4, 2), (21, 10), (7, 12), (8, 27), (27, 5), (31, 24), (31, 35), (31, 38), (14, 37), (33, 17), (33, 25), (33, 32)]]","[[252.73610260712982, 109.35636742125675, 1106.7932349549276, 162.51948536673268, 22.038942619228195, 139.33201907157692, 207.6763498626733, 2.0175159431445002, 7.289626072636526, 375.8512226369124, 49.63483741933607, 38.497739235512, 2.2282283244476853, 97.2031659668538, 53.02456826556933, 89.20501012431025, 54.411125675201205, 5.910386306582595, 4.312121825751828, 24.264900760488114, 84.63604383382962, 41.28326972379291, 155.73312270719674, 173.91254342340355, 72.237786093603, 61.327696410531615, 170.06755800387796, 509.8495707257594, 9.649049564531063, 88.22183176360471, 7.8532991138174255]]"
338,"[[(0, 22), (0, 23), (0, 39), (11, 19), (20, 31), (20, 32), (22, 5), (10, 15), (24, 25), (2, 32), (6, 24), (17, 7), (17, 26), (17, 29), (3, 16), (16, 6), (19, 30), (26, 28), (37, 30), (4, 2), (21, 10), (7, 12), (8, 27), (27, 5), (31, 24), (31, 35), (31, 38), (14, 37), (33, 17), (33, 25), (33, 32)]]","[[303.5783938785779, 29.49511017173809, 545.5950107679195, 112.70830868838247, 37.50160818478054, 143.99799960982912, 176.33366450871176, 2.6362007816908495, 8.296559097365744, 321.73499332640273, 53.67372430463373, 45.81132614217409, 4.483515927306405, 70.39575284539244, 78.22959703014874, 114.30711722497827, 70.74371161239851, 8.844908712867024, 3.091466618836009, 23.330885449573103, 64.84180619661029, 65.72710808521309, 216.70451518955764, 357.690738695542, 69.24160460669611, 49.089757012100556, 91.09090837651456, 395.8543444030772, 14.095443016450105, 87.52923059536032, 6.027634824593056]]"
339,"[[(0, 22), (0, 23), (0, 39), (11, 19), (20, 31), (20, 32), (22, 5), (10, 15), (24, 25), (2, 32), (6, 24), (17, 7), (17, 26), (17, 29), (3, 16), (16, 6), (19, 30), (26, 28), (37, 30), (4, 2), (21, 10), (7, 12), (8, 27), (27, 5), (31, 24), (31, 35), (31, 38), (14, 37), (33, 17), (33, 25), (33, 32)]]","[[158.5783152244053, 21.252278702351628, 439.4989290699316, 78.17869596954023, 6.448601956743746, 140.27189535150316, 229.44971143519393, 3.040232377734869, 12.827984118676472, 321.1119099209735, 48.18458993993998, 36.7542728103511, 4.122014075558768, 78.99357424136207, 32.2651008159462, 126.2635984277244, 51.07658195778582, 6.150059444123371, 4.911534753702771, 24.319221249824658, 81.8735543510838, 51.436125707858984, 252.92152903207298, 303.04048576412004, 80.53413984625826, 72.64885398142877, 96.98587398651118, 418.109654085252, 14.460039193336335, 85.59868872829458, 6.545524303384776]]"
340,"[[(0, 22), (0, 23), (0, 39), (11, 19), (20, 31), (20, 32), (22, 5), (10, 15), (24, 25), (2, 32), (6, 24), (17, 7), (17, 26), (17, 29), (3, 16), (16, 6), (19, 30), (26, 28), (37, 30), (4, 2), (21, 10), (7, 12), (8, 27), (27, 5), (31, 24), (31, 35), (31, 38), (14, 37), (33, 17), (33, 25), (33, 32)]]","[[230.1035440382582, 78.41131946040856, 611.4065183693858, 100.78485979277721, 23.132616648254093, 131.30153007358066, 224.07350227734702, 1.935388709758536, 24.03396640807848, 335.92808816977356, 54.20387802943597, 42.102116107733316, 4.639881957968866, 148.8306254211039, 46.2663050821695, 91.86988842217804, 38.60412063991883, 13.446661929554189, 3.0412516051636302, 23.25779782548978, 9.762111364775345, 22.330400052680528, 157.39451242014704, 177.90791957974793, 71.61120649120289, 60.48192867192155, 113.69551238150876, 94.88050073246036, 13.295525743483157, 91.29740832481879, 1.0739776370564016]]"
341,"[[(0, 22), (0, 23), (0, 39), (11, 19), (20, 31), (20, 32), (22, 5), (10, 15), (24, 25), (2, 32), (6, 24), (17, 7), (17, 26), (17, 29), (3, 16), (16, 6), (19, 30), (26, 28), (37, 30), (4, 2), (21, 10), (7, 12), (8, 27), (27, 5), (31, 24), (31, 35), (31, 38), (14, 37), (33, 17), (33, 25), (33, 32)]]","[[99.2232015755938, 42.50884684779362, 666.4504883506903, 146.82791080598673, 23.232275049676332, 137.60173740109607, 228.78877766430298, 3.8537168224828076, 3.0553236056449116, 404.19131121021474, 55.09067408796035, 46.568101329976024, 2.4731953112513363, 118.72934123596568, 67.39435327441306, 110.39460294035234, 60.09463570468536, 2.524653129216182, 4.771285376978094, 24.670903073562435, 36.734653095284386, 83.3501911383262, 235.2987185281459, 199.00925464864287, 79.84590994019146, 71.19616293122715, 142.07605410360617, 240.19182137842407, 14.904351038514308, 90.75509842079694, 1.3678481878026245]]"
342,"[[(0, 22), (0, 23), (0, 39), (11, 19), (20, 31), (20, 32), (22, 5), (10, 15), (24, 25), (2, 32), (6, 24), (17, 7), (17, 26), (17, 29), (3, 16), (16, 6), (19, 30), (26, 28), (37, 30), (4, 2), (21, 10), (7, 12), (8, 27), (27, 5), (31, 24), (31, 35), (31, 38), (14, 37), (33, 17), (33, 25), (33, 32)]]","[[174.34960720644023, 86.77715323284406, 483.6383593350125, 161.08101566850908, 42.98620834791902, 136.7243633352218, 229.4085765124637, 3.016551917733663, 1.0935232379817672, 285.99415664152264, 53.2954842930188, 45.500050910770284, 1.7470962764147409, 82.803913614586, 39.42725260910001, 83.16864930292914, 55.53856335095137, 16.9854300822953, 4.178271730804177, 24.238485339978986, 28.17516511488506, 37.294807227820456, 327.39159892786046, 376.1013463560314, 71.23563489345308, 50.848164690353755, 138.97206598953272, 620.8707363182219, 12.890848536117408, 81.1180572707126, 2.4875603061911704]]"
343,"[[(0, 22), (0, 23), (0, 39), (11, 19), (20, 31), (20, 32), (22, 5), (10, 15), (24, 25), (2, 32), (6, 24), (17, 7), (17, 26), (17, 29), (3, 16), (16, 6), (19, 30), (26, 28), (37, 30), (4, 2), (21, 10), (7, 12), (8, 27), (27, 5), (31, 24), (31, 35), (31, 38), (14, 37), (33, 17), (33, 25), (33, 32)]]","[[163.7221799388364, 54.42146571916997, 378.0821277695753, 157.30442249249862, 26.86847730643818, 134.85150315409592, 189.49228834933513, 3.689394632729621, 14.844606205863933, 381.36140155023537, 55.70824085131907, 49.39748741020054, 4.133348298686043, 78.42794866024573, 62.90170750622629, 75.48662141404952, 67.05015535443974, 15.185816951016017, 4.011475105092115, 23.96266887711287, 44.00320168014588, 79.10836891622792, 199.39263428377728, 368.6026031225977, 64.75350077823457, 56.24480278730695, 80.44275973638321, 111.95975258789939, 9.330305767463745, 82.59602236371303, 3.570015633459028]]"
344,"[[(0, 22), (0, 23), (0, 39), (11, 19), (20, 31), (20, 32), (22, 5), (10, 15), (24, 25), (2, 32), (6, 24), (17, 7), (17, 26), (17, 29), (3, 16), (16, 6), (19, 30), (26, 28), (37, 30), (4, 2), (21, 10), (7, 12), (8, 27), (27, 5), (31, 24), (31, 35), (31, 38), (14, 37), (33, 17), (33, 25), (33, 32)]]","[[253.34611430335002, 58.13784856556137, 611.0617162862792, 156.4391897249207, 27.34116893195522, 138.10075460615144, 197.0482130048266, 1.569265625231092, 14.053682991436016, 403.9316795954621, 48.09019012305616, 42.655391115881415, 3.885288863579341, 85.30369549749918, 70.17015256774009, 84.34805713866564, 70.82571793569217, 15.500207308713911, 3.297284301723316, 24.261802845213648, 90.96043798588207, 16.092205448622305, 410.80421577516665, 148.7257225775962, 61.09022837562671, 68.17717856231471, 163.34607901363262, 151.1241834575759, 15.048161902312684, 77.82525423672986, 5.317315449611251]]"
345,"[[(0, 22), (0, 23), (0, 39), (11, 19), (20, 31), (20, 32), (22, 5), (10, 15), (24, 25), (2, 32), (6, 24), (17, 7), (17, 26), (17, 29), (3, 16), (16, 6), (19, 30), (26, 28), (37, 30), (4, 2), (21, 10), (7, 12), (8, 27), (27, 5), (31, 24), (31, 35), (31, 38), (14, 37), (33, 17), (33, 25), (33, 32)]]","[[301.2690227575182, 87.62841147587018, 207.3557242313418, 86.4257967446116, 32.20467578463225, 131.41235477182724, 206.7911940725134, 2.3777465637754287, 17.12819538566362, 311.5178351316594, 55.250331870657085, 36.84182980190155, 2.700525712468396, 90.42459687020593, 30.81345510218654, 84.07863016702416, 58.75162702101521, 12.576496898784104, 3.4348053168370827, 24.185043084157613, 82.78046017209, 39.81673424061485, 282.4469209234427, 159.46011802283496, 79.0801276106667, 90.30267518095799, 66.34222282349397, 210.59449879570235, 9.851205290922929, 93.94108438993187, 1.7477354421464115]]"
346,"[[(0, 22), (0, 23), (0, 39), (11, 19), (20, 31), (20, 32), (22, 5), (10, 15), (24, 25), (2, 32), (6, 24), (17, 7), (17, 26), (17, 29), (3, 16), (16, 6), (19, 30), (26, 28), (37, 30), (4, 2), (21, 10), (7, 12), (8, 27), (27, 5), (31, 24), (31, 35), (31, 38), (14, 37), (33, 17), (33, 25), (33, 32)]]","[[299.4919261609758, 104.12353535201363, 830.2342753068848, 160.66338528423165, 14.45039528111081, 135.19479281480324, 211.5237778004184, 4.9467646938698335, 2.6012232847529098, 334.84741444932627, 52.104152943690366, 38.13882343730623, 1.1595251041710188, 77.7805835534009, 34.9620069333119, 71.33203363690694, 64.08383410166961, 12.946495540770515, 3.104209747663303, 24.612123063032957, 71.4679477565249, 47.488075125510825, 323.93902966286885, 158.07055318994793, 64.52758213232828, 106.77396882484146, 127.19589553463213, 611.0633008684304, 14.576620097683499, 92.14638911089054, 2.807384764776806]]"
347,"[[(0, 22), (0, 23), (0, 39), (11, 19), (20, 31), (20, 32), (22, 5), (10, 15), (24, 25), (2, 32), (6, 24), (17, 7), (17, 26), (17, 29), (3, 16), (16, 6), (19, 30), (26, 28), (37, 30), (4, 2), (21, 10), (7, 12), (8, 27), (27, 5), (31, 24), (31, 35), (31, 38), (14, 37), (33, 17), (33, 25), (33, 32)]]","[[304.99436840945623, 96.72686193744076, 892.402584410771, 141.25690397882892, 37.312558067690894, 132.25888986054542, 175.43627256323072, 3.877021112328847, 5.384926708213308, 273.09365360407895, 55.97959465964526, 36.38565119340892, 2.5106643217092337, 79.73402751045768, 69.89026848817305, 113.54840872112794, 47.066596496543994, 4.721986388325029, 4.06222330906761, 24.71470341539895, 27.088132883762235, 27.245543404016942, 153.80351521528013, 217.26831257290144, 66.18626485597932, 85.54567131002159, 20.83357786192378, 346.83491361640785, 13.492673170248937, 85.45101437422457, 3.391860122734877]]"
348,"[[(0, 22), (0, 23), (0, 39), (11, 19), (20, 31), (20, 32), (22, 5), (10, 15), (24, 25), (2, 32), (6, 24), (17, 7), (17, 26), (17, 29), (3, 16), (16, 6), (19, 30), (26, 28), (37, 30), (4, 2), (21, 10), (7, 12), (8, 27), (27, 5), (31, 24), (31, 35), (31, 38), (14, 37), (33, 17), (33, 25), (33, 32)]]","[[169.0174004566815, 105.01103875368973, 333.05726018225664, 107.58906728063118, 32.11791522686199, 136.62523273910202, 231.7924839141723, 4.267915746999077, 15.925478844278206, 330.1312887995629, 48.298317661456046, 46.30340644909687, 2.910622954108743, 74.66897672754344, 59.56010104772788, 40.651009186880025, 38.63305342014691, 8.23485343227954, 3.224581169212759, 23.19421406202124, 74.5798562244197, 78.49525364396533, 410.3642218787928, 283.7025243627647, 65.93925033205674, 77.01640230553794, 116.41486174003691, 352.22297178689723, 9.951050278043418, 92.790932282395, 6.101324556409867]]"
349,"[[(0, 22), (0, 23), (0, 39), (11, 19), (20, 31), (20, 32), (22, 5), (10, 15), (24, 25), (2, 32), (6, 24), (17, 7), (17, 26), (17, 29), (3, 16), (16, 6), (19, 30), (26, 28), (37, 30), (4, 2), (21, 10), (7, 12), (8, 27), (27, 5), (31, 24), (31, 35), (31, 38), (14, 37), (33, 17), (33, 25), (33, 32)]]","[[90.48801501567377, 90.18435987495671, 1138.8534200876047, 70.19244724142871, 8.38240571468039, 142.18214022295146, 182.99807774544303, 2.9381058460740554, 0.5644549066744999, 361.66915199369345, 49.249754781902546, 48.75121869279648, 2.2022893372835313, 141.81088680858932, 64.71314988607301, 66.2197399926147, 56.22419532498705, 2.548946292284904, 3.912495176043242, 23.72368287478663, 8.430765011153898, 47.915958014567444, 99.18736945255135, 370.7110454872728, 78.82453101170432, 101.61418256638908, 77.42423708065965, 44.75979577982882, 8.153677055838157, 83.08340957733246, 5.68825359670756]]"
350,"[[(0, 22), (0, 23), (0, 39), (11, 19), (20, 31), (20, 32), (22, 5), (10, 15), (24, 25), (2, 32), (6, 24), (17, 7), (17, 26), (17, 29), (3, 16), (16, 6), (19, 30), (26, 28), (37, 30), (4, 2), (21, 10), (7, 12), (8, 27), (27, 5), (31, 24), (31, 35), (31, 38), (14, 37), (33, 17), (33, 25), (33, 32)]]","[[291.8988130971268, 81.81694268495795, 167.44148937746624, 91.32520356056534, 46.897552732899186, 138.9024090786756, 209.3557389590907, 4.835112996107894, 6.460150075212348, 313.07626689191073, 55.22101317427271, 47.788004061975116, 2.8061855102550934, 108.35684606914324, 42.13785041473155, 119.62748915443377, 67.80498845191522, 14.651906471045331, 4.039779587204893, 23.342269428642968, 29.80208381726501, 37.94409709239906, 415.4039059109949, 192.35008999810742, 75.03717893570237, 59.35268608842797, 77.17257674810516, 512.5919890663563, 15.76568416079164, 81.11962987855682, 5.2806105448342]]"
351,"[[(0, 22), (0, 23), (0, 39), (11, 19), (20, 31), (20, 32), (22, 5), (10, 15), (24, 25), (2, 32), (6, 24), (17, 7), (17, 26), (17, 29), (3, 16), (16, 6), (19, 30), (26, 28), (37, 30), (4, 2), (21, 10), (7, 12), (8, 27), (27, 5), (31, 24), (31, 35), (31, 38), (14, 37), (33, 17), (33, 25), (33, 32)]]","[[236.82836903911888, 70.93030154116373, 194.40601056737535, 119.62072579584355, 15.847603178884434, 139.2530248345028, 192.14923347894836, 2.4697759629517937, 8.353104884042653, 301.40591745840834, 48.46504779335878, 37.93318238661611, 1.9921942845483152, 84.63018856006155, 65.18096661637642, 117.98819143979192, 59.163439960530496, 5.129609981988001, 3.1326148638210567, 23.1665083562747, 81.08383579772631, 49.91552334343854, 156.42301161041877, 309.57986641361936, 60.31194220349526, 57.93490540467094, 158.97760825249338, 43.78776046483126, 15.283726308599963, 80.5161177861118, 6.171537648505248]]"
352,"[[(0, 22), (0, 23), (0, 39), (11, 19), (20, 31), (20, 32), (22, 5), (10, 15), (24, 25), (2, 32), (6, 24), (17, 7), (17, 26), (17, 29), (3, 16), (16, 6), (19, 30), (26, 28), (37, 30), (4, 2), (21, 10), (7, 12), (8, 27), (27, 5), (31, 24), (31, 35), (31, 38), (14, 37), (33, 17), (33, 25), (33, 32)]]","[[150.23151598395236, 90.31517639291984, 295.7022126424917, 103.20311454549004, 42.8284737367601, 141.8658928312751, 183.907587107239, 3.9122430000620407, 19.610769004629766, 392.1891241687699, 50.42142776396909, 42.33097740104634, 4.154615444185709, 126.10770881563964, 66.87722174475962, 42.003031712824246, 37.15982382141597, 17.751527898406447, 3.0422184033616215, 23.149258891944267, 80.26549966065879, 40.78087234150597, 329.4113437327099, 313.1943787969415, 63.03730604084885, 106.95198666315737, 73.93756278839572, 80.27014031742476, 10.139057944819337, 89.0814927805514, 5.9828332664766375]]"
353,"[[(0, 22), (0, 23), (0, 39), (11, 19), (20, 31), (20, 32), (22, 5), (10, 15), (24, 25), (2, 32), (6, 24), (17, 7), (17, 26), (17, 29), (3, 16), (16, 6), (19, 30), (26, 28), (37, 30), (4, 2), (21, 10), (7, 12), (8, 27), (27, 5), (31, 24), (31, 35), (31, 38), (14, 37), (33, 17), (33, 25), (33, 32)]]","[[94.10111591816215, 93.35336015856863, 822.8751548797189, 110.94776462034969, 22.854222230119618, 133.64263305672793, 224.9478941425219, 1.4407550819266963, 12.471295407036223, 296.5176402787082, 52.39985080030222, 49.011580982603405, 1.0666374434974153, 143.6397395388866, 52.83351785760608, 71.14837881448283, 57.19828384360049, 17.361773556247357, 4.977811703856964, 23.96285019619266, 50.4193957043672, 85.06988670778586, 335.9021011828119, 308.27954179320886, 62.06573704283981, 37.072720121681115, 51.76619318384016, 168.81530995087712, 11.44639281173179, 80.56168849161192, 8.097616780025696]]"
354,"[[(0, 22), (0, 23), (0, 39), (11, 19), (20, 31), (20, 32), (22, 5), (10, 15), (24, 25), (2, 32), (6, 24), (17, 7), (17, 26), (17, 29), (3, 16), (16, 6), (19, 30), (26, 28), (37, 30), (4, 2), (21, 10), (7, 12), (8, 27), (27, 5), (31, 24), (31, 35), (31, 38), (14, 37), (33, 17), (33, 25), (33, 32)]]","[[118.76322465906429, 53.488561868722954, 922.7189889171771, 142.92977340756715, 12.44346307260903, 142.4305733834153, 229.12454629620186, 3.5293789859963227, 21.810729490679876, 387.8444440595673, 55.39091587366249, 39.27361280452155, 2.7568849740097505, 73.68942361472799, 73.73171634506362, 36.1068674784235, 67.35690256778231, 15.192600943087836, 4.082402279610265, 24.103337100871578, 30.271609971231513, 33.18603033244803, 280.4379417050726, 394.67455168866593, 67.82579008995822, 95.73336754666278, 96.87827960269276, 602.7766747745856, 10.330967995595456, 86.54830055276338, 3.054580512485993]]"
355,"[[(0, 22), (0, 23), (0, 39), (11, 19), (20, 31), (20, 32), (22, 5), (10, 15), (24, 25), (2, 32), (6, 24), (17, 7), (17, 26), (17, 29), (3, 16), (16, 6), (19, 30), (26, 28), (37, 30), (4, 2), (21, 10), (7, 12), (8, 27), (27, 5), (31, 24), (31, 35), (31, 38), (14, 37), (33, 17), (33, 25), (33, 32)]]","[[232.1340746653563, 111.72799710653206, 973.0798096263776, 81.80332450027933, 14.596849359116542, 136.454970525959, 198.0140194949867, 4.219570997217835, 25.15719957889613, 319.8145042688394, 53.27141799941152, 42.364409214385915, 1.6449237205977347, 112.49018423018424, 61.943489212878035, 115.65726221656841, 45.39309332100256, 5.919760877287267, 3.90333809204083, 23.855405124290566, 35.35968730599841, 78.31869218258544, 132.7257222742444, 305.22642515620043, 74.48985286893702, 88.2950154535102, 95.71676309883058, 319.27645926695766, 11.951212290977873, 90.62054265826163, 6.269721298173578]]"
356,"[[(0, 22), (0, 23), (0, 39), (11, 19), (20, 31), (20, 32), (22, 5), (10, 15), (24, 25), (2, 32), (6, 24), (17, 7), (17, 26), (17, 29), (3, 16), (16, 6), (19, 30), (26, 28), (37, 30), (4, 2), (21, 10), (7, 12), (8, 27), (27, 5), (31, 24), (31, 35), (31, 38), (14, 37), (33, 17), (33, 25), (33, 32)]]","[[302.5812478102685, 22.731154091454098, 872.1701122772167, 93.74692057766933, 3.4747218045928046, 134.43240341908063, 209.1011891199442, 1.14983801272966, 17.058407133671324, 393.62606135244323, 52.41826067528292, 49.645774418530635, 3.5164920441309855, 94.62361903054105, 30.297441786869715, 57.380289857179434, 63.174539501056245, 7.209361599098902, 4.39039052390367, 24.397889000026222, 55.71957222982596, 60.63605752663717, 144.07855891608074, 302.27998825368405, 60.78526292035836, 56.22032552635317, 155.8022454946265, 79.87159315171748, 12.950646435621511, 81.96700068380352, 6.385550515960557]]"
357,"[[(0, 22), (0, 23), (0, 39), (11, 19), (20, 31), (20, 32), (22, 5), (10, 15), (24, 25), (2, 32), (6, 24), (17, 7), (17, 26), (17, 29), (3, 16), (16, 6), (19, 30), (26, 28), (37, 30), (4, 2), (21, 10), (7, 12), (8, 27), (27, 5), (31, 24), (31, 35), (31, 38), (14, 37), (33, 17), (33, 25), (33, 32)]]","[[216.52706595641396, 50.418451712463586, 450.88510582236864, 92.1091093360842, 26.796686944803405, 139.35859902274967, 226.17260728793042, 1.3986897570459451, 18.168664201899855, 275.6994880344311, 54.88014823680581, 39.644371656523504, 2.748800553649262, 115.50483136057902, 35.958888342493765, 82.16546341171912, 42.2045587850791, 4.016185640190879, 4.066456252905051, 24.553777831523355, 76.25785900883527, 59.89045790339851, 185.06888228647995, 202.0283526767102, 69.10683887622068, 64.42014143523195, 110.3733745535849, 184.95040721870657, 14.926057446320982, 80.24272904980178, 8.786571378296278]]"
358,"[[(0, 22), (0, 23), (0, 39), (11, 19), (20, 31), (20, 32), (22, 5), (10, 15), (24, 25), (2, 32), (6, 24), (17, 7), (17, 26), (17, 29), (3, 16), (16, 6), (19, 30), (26, 28), (37, 30), (4, 2), (21, 10), (7, 12), (8, 27), (27, 5), (31, 24), (31, 35), (31, 38), (14, 37), (33, 17), (33, 25), (33, 32)]]","[[326.7451780906515, 106.74238700818259, 1100.3592159796724, 78.5343988895782, 23.89524361661537, 131.4917257129464, 172.1808899421816, 1.6994788711402706, 20.86155368247089, 296.77541252291405, 54.02019646730352, 53.81268470291786, 1.7948814159023363, 156.4789477525496, 31.383461593175927, 39.74144927629112, 65.10177670388407, 13.810068124385136, 3.6317747343229465, 23.931464709371404, 71.79112817911647, 33.08000022528482, 167.26813229595285, 234.7264866225974, 75.16092739315316, 55.81058497380446, 48.37975507361281, 452.6477025043536, 11.81592585977733, 83.83053550510189, 5.7136812972768745]]"
359,"[[(0, 22), (0, 23), (0, 39), (11, 19), (20, 31), (20, 32), (22, 5), (10, 15), (24, 25), (2, 32), (6, 24), (17, 7), (17, 26), (17, 29), (3, 16), (16, 6), (19, 30), (26, 28), (37, 30), (4, 2), (21, 10), (7, 12), (8, 27), (27, 5), (31, 24), (31, 35), (31, 38), (14, 37), (33, 17), (33, 25), (33, 32)]]","[[174.39593219269585, 116.72805043569755, 220.29444861373642, 140.52643018228042, 47.96216256280035, 131.9409605510024, 174.35731072025598, 4.237433669094022, 17.034792429144858, 382.7101039859024, 48.94538342604009, 49.43111022652607, 2.4169429840475596, 63.82013006288191, 61.15978748803147, 78.93094320359751, 47.90713224023733, 8.616855745641047, 4.628813081841429, 23.99687758402421, 88.4738741262187, 67.18335696742241, 121.68614687297116, 378.2699558015323, 73.36950064081498, 48.07089784676165, 141.59344461218333, 175.90021676234448, 14.542731037617553, 80.34528631024733, 1.4957514176475941]]"
360,"[[(0, 22), (0, 23), (0, 39), (11, 19), (20, 31), (20, 32), (22, 5), (10, 15), (24, 25), (2, 32), (6, 24), (17, 7), (17, 26), (17, 29), (3, 16), (16, 6), (19, 30), (26, 28), (37, 30), (4, 2), (21, 10), (7, 12), (8, 27), (27, 5), (31, 24), (31, 35), (31, 38), (14, 37), (33, 17), (33, 25), (33, 32)]]","[[330.4558205042854, 108.32646507383718, 1034.38722450477, 118.14354306147585, 28.309376275446922, 131.97499272457196, 206.05019168399372, 3.345205620709059, 5.840925623697203, 368.8895228752249, 53.13957907373677, 36.97765991887657, 1.956473052149212, 91.93848235305646, 75.6223665580518, 86.63192162739037, 38.63796617000742, 9.658840690080716, 3.4543356148458337, 24.087861358422412, 90.62119555801466, 63.76281161627798, 136.84741758286316, 312.54557991144276, 68.93607195254582, 92.9363679453929, 30.48338620883026, 408.7775781276605, 15.897065740879881, 86.95706053342018, 8.44792834792053]]"
361,"[[(0, 22), (0, 23), (0, 39), (11, 19), (20, 31), (20, 32), (22, 5), (10, 15), (24, 25), (2, 32), (6, 24), (17, 7), (17, 26), (17, 29), (3, 16), (16, 6), (19, 30), (26, 28), (37, 30), (4, 2), (21, 10), (7, 12), (8, 27), (27, 5), (31, 24), (31, 35), (31, 38), (14, 37), (33, 17), (33, 25), (33, 32)]]","[[350.7738836192645, 31.66729923753667, 604.2631276885611, 36.46973893891358, 11.824581360993813, 134.76605682112893, 215.22621008298245, 3.405293323243322, 18.753726200400152, 325.18672159558264, 53.50731650177347, 46.702763559600726, 2.7408642834544055, 72.92307440927576, 45.80127422913101, 38.2222803270668, 67.0929231416225, 16.76529450425744, 3.9263775052010415, 24.092583879044312, 10.810317287955915, 37.28781878589431, 110.42271496571632, 357.51382032145455, 69.33735715347453, 66.9326358237166, 152.4909272849799, 624.5640748231252, 9.861259206190255, 76.37985314512753, 5.9195804178798666]]"
362,"[[(0, 22), (0, 23), (0, 39), (11, 19), (20, 31), (20, 32), (22, 5), (10, 15), (24, 25), (2, 32), (6, 24), (17, 7), (17, 26), (17, 29), (3, 16), (16, 6), (19, 30), (26, 28), (37, 30), (4, 2), (21, 10), (7, 12), (8, 27), (27, 5), (31, 24), (31, 35), (31, 38), (14, 37), (33, 17), (33, 25), (33, 32)]]","[[178.48985333394307, 80.79444880129073, 1050.804989038411, 72.94469109322516, 41.83170558030694, 130.9208823303696, 207.10241704410868, 1.2921566901904304, 23.230876581763866, 369.2130783568553, 50.38411095294059, 43.92500842294893, 3.8044234493095788, 64.43586296112669, 43.211377592301545, 82.30963073412202, 55.2499948966897, 11.109234709806355, 3.471324565838745, 24.15495415907895, 42.48477959471316, 49.0007295291563, 382.01548852069544, 260.20638944227005, 75.93141387106209, 86.79452458077044, 123.22972925987497, 575.1832037505984, 12.98298519712939, 94.21446017611956, 5.7299818031868925]]"
363,"[[(0, 22), (0, 23), (0, 39), (11, 19), (20, 31), (20, 32), (22, 5), (10, 15), (24, 25), (2, 32), (6, 24), (17, 7), (17, 26), (17, 29), (3, 16), (16, 6), (19, 30), (26, 28), (37, 30), (4, 2), (21, 10), (7, 12), (8, 27), (27, 5), (31, 24), (31, 35), (31, 38), (14, 37), (33, 17), (33, 25), (33, 32)]]","[[259.60434923969956, 30.706016541605493, 948.3290154807316, 37.83268669122328, 12.286423653027413, 140.9996804463821, 193.57777756065838, 3.4598361091648893, 9.172750151474446, 281.6499668500245, 48.69830017739173, 52.22013108210696, 1.243617702619363, 48.17449230980288, 52.24772313144048, 30.538281024920547, 60.9916578956328, 16.17790389153699, 4.680670128448143, 24.003621799176152, 18.13651102883943, 90.0073025475431, 103.54596756831158, 191.0334811167133, 63.54130993062442, 99.82789606206562, 122.66438684475571, 516.0238496393179, 11.487751667399575, 75.44158961048348, 7.314002518143526]]"
364,"[[(0, 22), (0, 23), (0, 39), (11, 19), (20, 31), (20, 32), (22, 5), (10, 15), (24, 25), (2, 32), (6, 24), (17, 7), (17, 26), (17, 29), (3, 16), (16, 6), (19, 30), (26, 28), (37, 30), (4, 2), (21, 10), (7, 12), (8, 27), (27, 5), (31, 24), (31, 35), (31, 38), (14, 37), (33, 17), (33, 25), (33, 32)]]","[[335.06247428712265, 53.42054199867377, 581.1086373994365, 118.52083880877385, 23.44595763277318, 136.68903156440652, 181.95723283925722, 3.731311475100746, 1.6577444530917065, 371.0934680968974, 49.0826945977598, 53.698908439784596, 1.6511185118487774, 114.92426992620399, 60.461541991977214, 86.88828093327918, 39.373416546803746, 17.29904160955499, 3.0771684437798204, 24.062549222075425, 40.19961022143442, 81.63320939944042, 142.4013266446589, 235.35548928577285, 67.28735179426496, 50.14143331294011, 122.23736585223655, 90.04703740806829, 15.936394856178088, 82.01680087590174, 4.123436613577149]]"
365,"[[(0, 22), (0, 23), (0, 39), (11, 19), (20, 31), (20, 32), (22, 5), (10, 15), (24, 25), (2, 32), (6, 24), (17, 7), (17, 26), (17, 29), (3, 16), (16, 6), (19, 30), (26, 28), (37, 30), (4, 2), (21, 10), (7, 12), (8, 27), (27, 5), (31, 24), (31, 35), (31, 38), (14, 37), (33, 17), (33, 25), (33, 32)]]","[[94.22988571253616, 76.15308332568053, 159.40728081873013, 70.12518315606776, 14.535209043502375, 131.56489429856921, 212.20935902442312, 2.04292201167982, 9.203162538147206, 410.42309369459053, 50.99860139835522, 39.41767489229818, 1.6976796350314176, 90.62797817003494, 46.96397027408315, 62.844207057840265, 45.75756649610889, 4.789040693286828, 3.1198880169283516, 23.008201718612625, 9.633778509076027, 85.6814454240891, 205.19134490642364, 262.03259921694985, 77.09510935233271, 35.124380271517985, 106.71858952242762, 326.97044803227476, 14.709805166578668, 88.31370142937006, 5.6078681376413915]]"
366,"[[(0, 22), (0, 23), (0, 39), (11, 19), (20, 31), (20, 32), (22, 5), (10, 15), (24, 25), (2, 32), (6, 24), (17, 7), (17, 26), (17, 29), (3, 16), (16, 6), (19, 30), (26, 28), (37, 30), (4, 2), (21, 10), (7, 12), (8, 27), (27, 5), (31, 24), (31, 35), (31, 38), (14, 37), (33, 17), (33, 25), (33, 32)]]","[[303.5186617540779, 96.89739490218707, 690.9401794973529, 37.800773326690674, 12.035075751694349, 140.3066647047781, 182.6845277662376, 1.2279775745845773, 15.072796253068937, 389.0236705449477, 52.31474857748422, 37.29375548871323, 1.323990034326473, 132.78516888094714, 72.7441939371362, 17.810975745490065, 57.584234494360885, 7.47061658080849, 3.9277670220668908, 23.69459763425956, 29.470060123717, 56.05350211478066, 292.1840214409733, 396.34697149335636, 81.51854353197189, 104.69454085305632, 19.154149122253074, 169.3124956395297, 14.164686289721473, 83.70758095188191, 2.62181080274458]]"
367,"[[(0, 22), (0, 23), (0, 39), (11, 19), (20, 31), (20, 32), (22, 5), (10, 15), (24, 25), (2, 32), (6, 24), (17, 7), (17, 26), (17, 29), (3, 16), (16, 6), (19, 30), (26, 28), (37, 30), (4, 2), (21, 10), (7, 12), (8, 27), (27, 5), (31, 24), (31, 35), (31, 38), (14, 37), (33, 17), (33, 25), (33, 32)]]","[[359.6939137536117, 116.37123849318294, 290.1126127742085, 86.78221798615706, 12.866189462287194, 135.55854951003764, 215.65137500941074, 3.884223177489296, 11.449044850695321, 364.6625246507807, 54.11067170169497, 39.58997237846931, 1.4032315489804041, 53.07876678687077, 55.90983559548827, 73.19411328694518, 47.07662823429949, 14.573671057878098, 3.7150195478333785, 23.20798954293169, 42.96667460393633, 54.069326281168316, 272.9035136152294, 300.09793181647524, 59.47720822193872, 67.84193041218037, 125.89239245868384, 323.18781286094253, 11.540777053986552, 76.8614210047804, 3.252319689902518]]"
368,"[[(0, 22), (0, 23), (0, 39), (11, 19), (20, 31), (20, 32), (22, 5), (10, 15), (24, 25), (2, 32), (6, 24), (17, 7), (17, 26), (17, 29), (3, 16), (16, 6), (19, 30), (26, 28), (37, 30), (4, 2), (21, 10), (7, 12), (8, 27), (27, 5), (31, 24), (31, 35), (31, 38), (14, 37), (33, 17), (33, 25), (33, 32)]]","[[88.57651058333953, 105.25284915438706, 501.55648955315627, 48.332262651049234, 48.892832205877234, 139.93241401591308, 210.20033877311602, 1.7112211579723309, 14.817038330013549, 316.95150120973165, 48.76269736038227, 44.642507619404945, 1.0322254617305315, 102.96578811852186, 64.40819100518148, 117.50307122750559, 64.43165204328335, 13.03034406854085, 4.94755493744219, 23.55392369346103, 60.572512393899856, 23.501345511422706, 362.948295139729, 388.76066593130497, 82.05487047132496, 73.07160528278246, 151.9950903710015, 430.79752209828604, 11.458224941387934, 86.33017744255406, 7.264698268794612]]"
369,"[[(0, 22), (0, 23), (0, 39), (11, 19), (20, 31), (20, 32), (22, 5), (10, 15), (24, 25), (2, 32), (6, 24), (17, 7), (17, 26), (17, 29), (3, 16), (16, 6), (19, 30), (26, 28), (37, 30), (4, 2), (21, 10), (7, 12), (8, 27), (27, 5), (31, 24), (31, 35), (31, 38), (14, 37), (33, 17), (33, 25), (33, 32)]]","[[273.04311552529725, 33.246642594298635, 893.0110064797066, 138.23917127050083, 11.876155771705687, 138.32154075200364, 223.76856527344938, 3.438956673419419, 5.914711550111378, 321.94969834425626, 54.20929392275238, 43.35393805109406, 3.0112170671534413, 93.60766927424478, 76.49433329089396, 75.29547454580614, 61.9183974461577, 12.436812561835378, 4.6629956722896795, 24.43790933905849, 24.67870641911086, 21.00345568556626, 73.45016578854319, 251.5574011775273, 70.55244699137683, 46.615754266924895, 32.863004448494756, 271.7217731061465, 13.602693316053752, 89.25926778207877, 1.7968477469276785]]"
370,"[[(0, 22), (0, 23), (0, 39), (11, 19), (20, 31), (20, 32), (22, 5), (10, 15), (24, 25), (2, 32), (6, 24), (17, 7), (17, 26), (17, 29), (3, 16), (16, 6), (19, 30), (26, 28), (37, 30), (4, 2), (21, 10), (7, 12), (8, 27), (27, 5), (31, 24), (31, 35), (31, 38), (14, 37), (33, 17), (33, 25), (33, 32)]]","[[248.7907275727054, 51.47913508407924, 1097.5786963305682, 124.08538225903118, 26.34740118165539, 139.7181656090376, 221.61560104216917, 3.366622092276838, 7.282162450207878, 307.32767309676507, 49.02427390409057, 39.219757218821655, 3.454019465240265, 84.80340144696834, 39.30689424638922, 87.73432130968952, 39.27187266471914, 6.211246942958047, 3.364731408881521, 23.507373316844543, 49.83299547873962, 88.91455159953989, 239.8283553053563, 379.5553536419712, 68.47932939444551, 85.69898632068553, 36.325687849259936, 615.3214064100214, 9.754851163567741, 75.13871555559187, 5.7490171139714485]]"
371,"[[(0, 22), (0, 23), (0, 39), (11, 19), (20, 31), (20, 32), (22, 5), (10, 15), (24, 25), (2, 32), (6, 24), (17, 7), (17, 26), (17, 29), (3, 16), (16, 6), (19, 30), (26, 28), (37, 30), (4, 2), (21, 10), (7, 12), (8, 27), (27, 5), (31, 24), (31, 35), (31, 38), (14, 37), (33, 17), (33, 25), (33, 32)]]","[[340.2146269255911, 31.54971370969569, 509.0211360746674, 151.7070423547218, 3.4932720159517956, 130.56357068013483, 179.0939777754757, 2.597303797145929, 6.44761707508254, 369.9199754551515, 51.15063747058506, 39.96650176745851, 4.036621996846883, 125.34266770215845, 40.39359611926487, 37.229345015559055, 52.46641413086152, 16.013890069230545, 3.239523396735162, 24.278935484740284, 25.22117663902165, 56.718900691454365, 231.59608366062108, 253.97426106836645, 67.86391615070978, 36.58805859146113, 125.12463334071909, 86.30358340306543, 9.977427971628293, 85.84200112800391, 4.023736741303155]]"
372,"[[(0, 22), (0, 23), (0, 39), (11, 19), (20, 31), (20, 32), (22, 5), (10, 15), (24, 25), (2, 32), (6, 24), (17, 7), (17, 26), (17, 29), (3, 16), (16, 6), (19, 30), (26, 28), (37, 30), (4, 2), (21, 10), (7, 12), (8, 27), (27, 5), (31, 24), (31, 35), (31, 38), (14, 37), (33, 17), (33, 25), (33, 32)]]","[[146.03422513801667, 77.68941413538519, 429.5072932583848, 125.17431761630723, 38.00293907747809, 139.56907550214046, 201.47512621433177, 4.8840686814410335, 10.442483482097304, 311.18790809192484, 49.32351621956104, 40.37377808479782, 2.288145377494354, 152.80241435919834, 28.818842669744058, 89.18474649988686, 47.41819719083174, 15.494338379307521, 4.0817151223381085, 23.448320139967564, 62.997676109200754, 26.573554919698374, 274.7921352237642, 285.0814070261349, 66.15749958421401, 45.84118777965083, 46.32228077028598, 308.5026908312724, 15.010276054370918, 89.33850470738895, 2.823322262839481]]"
373,"[[(0, 22), (0, 23), (0, 39), (11, 19), (20, 31), (20, 32), (22, 5), (10, 15), (24, 25), (2, 32), (6, 24), (17, 7), (17, 26), (17, 29), (3, 16), (16, 6), (19, 30), (26, 28), (37, 30), (4, 2), (21, 10), (7, 12), (8, 27), (27, 5), (31, 24), (31, 35), (31, 38), (14, 37), (33, 17), (33, 25), (33, 32)]]","[[157.12848344679418, 72.59536483576011, 740.1350794228443, 78.96350034786873, 24.844928648485592, 131.05450579452932, 208.6343405339269, 4.13502975009191, 25.43496777431879, 280.27938286231955, 54.99761645410712, 52.61345942328283, 2.714562894815865, 160.2168761472509, 56.41407617925535, 31.57005550591819, 70.334641599832, 12.400148312697018, 4.335386950663059, 24.524435149127275, 73.09106085258801, 86.63939545565263, 356.2876596670346, 387.99253831738173, 77.88406096761798, 49.607111115240066, 136.56661708032334, 563.3170497298797, 10.147548967135881, 77.38425705498001, 6.844757292219986]]"
374,"[[(0, 22), (0, 23), (0, 39), (11, 19), (20, 31), (20, 32), (22, 5), (10, 15), (24, 25), (2, 32), (6, 24), (17, 7), (17, 26), (17, 29), (3, 16), (16, 6), (19, 30), (26, 28), (37, 30), (4, 2), (21, 10), (7, 12), (8, 27), (27, 5), (31, 24), (31, 35), (31, 38), (14, 37), (33, 17), (33, 25), (33, 32)]]","[[205.19355843091512, 111.39398177210376, 645.9831237052766, 144.5122397611609, 9.90962686331163, 136.33822360364184, 197.6230289874899, 4.510936150007701, 19.707844920029054, 319.5681358823308, 50.51003150521897, 44.51876950247948, 2.675062759392249, 108.37255548466888, 44.987752901679954, 20.026157359219084, 54.87938063576348, 14.066472569264468, 4.668530637130764, 24.937989573198408, 58.93911987047594, 15.46929269094923, 117.54107164042647, 287.30207745655764, 70.66063049608366, 70.8584143884635, 119.59339816971494, 354.7553590818302, 8.285706265680876, 81.29919345369875, 8.0857964263569]]"
375,"[[(0, 22), (0, 23), (0, 39), (11, 19), (20, 31), (20, 32), (22, 5), (10, 15), (24, 25), (2, 32), (6, 24), (17, 7), (17, 26), (17, 29), (3, 16), (16, 6), (19, 30), (26, 28), (37, 30), (4, 2), (21, 10), (7, 12), (8, 27), (27, 5), (31, 24), (31, 35), (31, 38), (14, 37), (33, 17), (33, 25), (33, 32)]]","[[175.03106628169945, 99.14217348130279, 1075.0149711755985, 81.75328863871906, 48.749256027861186, 132.86158226831998, 193.6201484922153, 1.9986614371905556, 9.330380464593881, 383.4202473337169, 49.32713255408414, 45.57302465035456, 3.3888283195571556, 49.534665051603675, 70.41016909609786, 121.74274149372361, 48.12118546831667, 7.812051852226983, 3.934463327410327, 24.490015246829973, 26.147097652186446, 58.995438348331064, 354.0056354186667, 189.22635001539734, 73.01574295182299, 86.13070623327907, 155.01539802271338, 273.9809830748871, 11.46842880937212, 78.96371296614033, 2.5642293120930004]]"
376,"[[(0, 22), (0, 23), (0, 39), (11, 19), (20, 31), (20, 32), (22, 5), (10, 15), (24, 25), (2, 32), (6, 24), (17, 7), (17, 26), (17, 29), (3, 16), (16, 6), (19, 30), (26, 28), (37, 30), (4, 2), (21, 10), (7, 12), (8, 27), (27, 5), (31, 24), (31, 35), (31, 38), (14, 37), (33, 17), (33, 25), (33, 32)]]","[[153.90177726381623, 49.683794949342825, 526.482328834018, 137.77144543446516, 42.699521820753645, 136.1909579457088, 202.0086204843184, 4.850178665099724, 14.072647348289015, 317.8984879291555, 50.1522925124523, 50.77392875971667, 3.1524069964759986, 153.23299972700875, 50.5790891057921, 55.660665396406, 46.34555398818675, 11.675640576769304, 4.636400160952727, 23.024639323032495, 15.557105074956887, 36.102068414864085, 120.52575399280883, 359.9643904288721, 78.10430116104448, 91.98362732156949, 89.9333966671685, 111.00450519271571, 11.391306609466161, 83.89802156523388, 7.4782426230841645]]"
377,"[[(0, 22), (0, 23), (0, 39), (11, 19), (20, 31), (20, 32), (22, 5), (10, 15), (24, 25), (2, 32), (6, 24), (17, 7), (17, 26), (17, 29), (3, 16), (16, 6), (19, 30), (26, 28), (37, 30), (4, 2), (21, 10), (7, 12), (8, 27), (27, 5), (31, 24), (31, 35), (31, 38), (14, 37), (33, 17), (33, 25), (33, 32)]]","[[150.79021353631475, 110.34348485775031, 488.9961196300954, 121.92970403006758, 29.35791192649014, 141.61533421999616, 218.5083492161646, 2.4823671083839187, 12.165439656852618, 406.9399773757534, 48.0586627542266, 42.518078272660794, 4.071130947874851, 156.72882023707086, 77.22993124876031, 116.78288743923754, 69.27689769900215, 13.381603020220812, 3.531455595341016, 24.120962298738633, 61.917763934644654, 68.04590167078857, 344.11023581150414, 344.4661669407289, 70.83368244292423, 37.73818214894234, 23.753432254357367, 621.5928395134803, 12.601207155434594, 79.47285410881267, 7.657297920834787]]"
378,"[[(0, 22), (0, 23), (0, 39), (11, 19), (20, 31), (20, 32), (22, 5), (10, 15), (24, 25), (2, 32), (6, 24), (17, 7), (17, 26), (17, 29), (3, 16), (16, 6), (19, 30), (26, 28), (37, 30), (4, 2), (21, 10), (7, 12), (8, 27), (27, 5), (31, 24), (31, 35), (31, 38), (14, 37), (33, 17), (33, 25), (33, 32)]]","[[124.27732316358112, 38.466539948168545, 609.0363834768912, 70.27720780029537, 15.757510981890867, 133.05804381319433, 213.448586729191, 1.76912800809081, 12.438411179539868, 376.7291022769931, 55.8560850816411, 53.48290495514047, 1.8979182760429545, 109.83646969215425, 67.21076717365685, 52.51185490895964, 43.568956370616846, 4.452490892466365, 3.5538072628188337, 23.22732928549271, 27.381394832985386, 50.11462728614734, 284.31703897326315, 298.8063455319002, 59.60025087218315, 58.16651995322586, 145.31380857947525, 427.3796097497578, 10.27674200793001, 86.6305838900828, 4.256576989680549]]"
379,"[[(0, 22), (0, 23), (0, 39), (11, 19), (20, 31), (20, 32), (22, 5), (10, 15), (24, 25), (2, 32), (6, 24), (17, 7), (17, 26), (17, 29), (3, 16), (16, 6), (19, 30), (26, 28), (37, 30), (4, 2), (21, 10), (7, 12), (8, 27), (27, 5), (31, 24), (31, 35), (31, 38), (14, 37), (33, 17), (33, 25), (33, 32)]]","[[131.91963361889867, 101.48151533731307, 841.4267108132286, 143.58916871399975, 40.49278829642489, 132.4968256386043, 192.09554260280464, 1.2482365754496718, 0.4238809140785369, 265.3443082996246, 53.56204322191235, 42.71118814142143, 4.075941234953236, 90.81027804045544, 72.79697919381675, 66.60313465376908, 43.346655099027025, 14.259140232734653, 3.4526995059720225, 23.5073420514995, 56.413943742396896, 40.40316164695699, 233.8099188356251, 155.30039131540337, 81.08197260158556, 84.70781914012186, 74.1982802106039, 193.21944703267138, 14.351951490812318, 82.50933594929388, 1.6143663671282082]]"
380,"[[(0, 22), (0, 23), (0, 39), (11, 19), (20, 31), (20, 32), (22, 5), (10, 15), (24, 25), (2, 32), (6, 24), (17, 7), (17, 26), (17, 29), (3, 16), (16, 6), (19, 30), (26, 28), (37, 30), (4, 2), (21, 10), (7, 12), (8, 27), (27, 5), (31, 24), (31, 35), (31, 38), (14, 37), (33, 17), (33, 25), (33, 32)]]","[[366.67512578679407, 99.48920463404824, 1056.756054489623, 115.63393880329201, 32.01910591975509, 132.66694563433128, 180.2649675964571, 4.837480266872134, 18.951862003581034, 287.63342312117027, 52.11739968237089, 39.74961965727588, 3.442476405817757, 98.08410529064071, 61.05511377248394, 23.90244905952703, 70.42919030052713, 17.543681810362536, 4.336520236849003, 23.039156955429338, 58.5331768860927, 42.89166835028388, 172.58682010057595, 396.53160142913623, 76.07263009356907, 82.35523401478969, 75.39409642401401, 577.5817299798146, 15.904298007540508, 84.47721481064593, 6.682875989005986]]"
381,"[[(0, 22), (0, 23), (0, 39), (11, 19), (20, 31), (20, 32), (22, 5), (10, 15), (24, 25), (2, 32), (6, 24), (17, 7), (17, 26), (17, 29), (3, 16), (16, 6), (19, 30), (26, 28), (37, 30), (4, 2), (21, 10), (7, 12), (8, 27), (27, 5), (31, 24), (31, 35), (31, 38), (14, 37), (33, 17), (33, 25), (33, 32)]]","[[153.34780775549947, 100.83114859551104, 894.5230053216592, 87.34561405609301, 28.86254497305592, 137.6931071324944, 203.8631515306008, 3.9279506420988173, 1.9880406207231265, 380.3374880029731, 55.75387570032257, 43.62761249783243, 3.7601482937249195, 121.14196683640617, 74.3540396670711, 90.39033439765372, 44.11973319954119, 5.018698267893232, 3.0393907476706072, 24.23504860483987, 72.29706557085066, 16.397214870025753, 292.59878117953264, 378.59397758477246, 71.24081877782007, 53.84354968014361, 80.37303337933322, 491.77093371342426, 15.10016886300496, 80.57802526022422, 3.8303278710581354]]"
382,"[[(0, 22), (0, 23), (0, 39), (11, 19), (20, 31), (20, 32), (22, 5), (10, 15), (24, 25), (2, 32), (6, 24), (17, 7), (17, 26), (17, 29), (3, 16), (16, 6), (19, 30), (26, 28), (37, 30), (4, 2), (21, 10), (7, 12), (8, 27), (27, 5), (31, 24), (31, 35), (31, 38), (14, 37), (33, 17), (33, 25), (33, 32)]]","[[323.27041566206225, 104.10468624871002, 89.19533182422379, 85.98154146359457, 45.575352051249894, 142.2460911062577, 223.4784137964684, 1.963539300983061, 7.212844929531477, 270.68621816240505, 53.563256564752336, 42.824541422268204, 3.856607816382812, 152.94235197918846, 48.67083778585986, 99.35038338360627, 67.33671761713066, 4.3273532930956335, 4.4187144399518665, 24.202910509052092, 68.88951535725022, 84.34665738948576, 233.88919813275788, 182.45154861576648, 77.80799844301345, 99.12184475905302, 35.72880929035021, 509.6452858642208, 10.852968593841965, 91.64149882266236, 3.3373206490840044]]"
383,"[[(0, 22), (0, 23), (0, 39), (11, 19), (20, 31), (20, 32), (22, 5), (10, 15), (24, 25), (2, 32), (6, 24), (17, 7), (17, 26), (17, 29), (3, 16), (16, 6), (19, 30), (26, 28), (37, 30), (4, 2), (21, 10), (7, 12), (8, 27), (27, 5), (31, 24), (31, 35), (31, 38), (14, 37), (33, 17), (33, 25), (33, 32)]]","[[129.84859313418707, 64.17257622807658, 1002.4201114247898, 138.43912267949395, 19.278855708909074, 130.851255292657, 228.78739946088612, 4.398673488294493, 16.153920213401413, 304.3470621513221, 51.4381125760186, 51.27760850697583, 1.0945553918509794, 117.13239299730022, 75.19156426336707, 90.87805404513624, 53.32536696226521, 3.348285688652473, 3.015793672345004, 24.629392748786678, 29.060017377246425, 83.49889498727359, 156.0960378149312, 292.0119428676288, 69.82892251730755, 79.20257044479871, 144.51233616497672, 324.2910777005198, 15.383250076141064, 76.26829564996548, 8.432073283767107]]"
384,"[[(0, 22), (0, 23), (0, 39), (11, 19), (20, 31), (20, 32), (22, 5), (10, 15), (24, 25), (2, 32), (6, 24), (17, 7), (17, 26), (17, 29), (3, 16), (16, 6), (19, 30), (26, 28), (37, 30), (4, 2), (21, 10), (7, 12), (8, 27), (27, 5), (31, 24), (31, 35), (31, 38), (14, 37), (33, 17), (33, 25), (33, 32)]]","[[249.7069096264526, 100.5695599091934, 1028.4473210135666, 83.99867494975207, 19.144529428273422, 140.3963281077078, 183.24400608395717, 1.9660014111721003, 17.990907936266037, 278.03903995424974, 50.44896090848248, 46.7435609305295, 3.229043225626265, 84.66891504078092, 58.401139014841846, 28.532741375543566, 65.83075574105068, 12.5659879353098, 3.609830210479217, 24.8912942892749, 79.92493964165857, 87.88112862255369, 182.35064267421518, 318.8271105741352, 61.333230935572146, 60.27081287609648, 173.94877056239577, 204.71026465711427, 11.193355502082767, 77.68783630034504, 8.63952666513467]]"
385,"[[(0, 22), (0, 23), (0, 39), (11, 19), (20, 31), (20, 32), (22, 5), (10, 15), (24, 25), (2, 32), (6, 24), (17, 7), (17, 26), (17, 29), (3, 16), (16, 6), (19, 30), (26, 28), (37, 30), (4, 2), (21, 10), (7, 12), (8, 27), (27, 5), (31, 24), (31, 35), (31, 38), (14, 37), (33, 17), (33, 25), (33, 32)]]","[[335.2414658387207, 34.698868864795436, 1015.051348553204, 91.70109647113861, 38.052669011460594, 138.2132126073585, 228.9893496787302, 2.3249344658811797, 24.755754242040783, 372.7898397103826, 49.77696821212365, 39.49697017497028, 1.4395656127502505, 107.2409137827879, 75.10513916405915, 73.02730267826993, 49.03172135018885, 2.624572504178853, 4.021193213800521, 24.302252925489654, 51.55596455441335, 66.07315516276485, 154.8946459779047, 371.87766583875907, 59.27464692186795, 90.40056674273518, 103.6939558881472, 621.5583828602614, 12.0554288345118, 89.16851321177526, 6.999932830133341]]"
386,"[[(0, 22), (0, 23), (0, 39), (11, 19), (20, 31), (20, 32), (22, 5), (10, 15), (24, 25), (2, 32), (6, 24), (17, 7), (17, 26), (17, 29), (3, 16), (16, 6), (19, 30), (26, 28), (37, 30), (4, 2), (21, 10), (7, 12), (8, 27), (27, 5), (31, 24), (31, 35), (31, 38), (14, 37), (33, 17), (33, 25), (33, 32)]]","[[259.9425124041519, 99.96649653348166, 878.5342871556093, 117.48874269855831, 13.585436824886706, 136.0903475258533, 231.34677593007243, 4.951080870052232, 12.24560685480109, 374.2506712495954, 49.35506427237921, 48.154323874315104, 1.6544781826016193, 122.75341124712949, 44.44288728113294, 90.73673926950292, 48.115208676148484, 6.2626629162686, 3.289315077220889, 24.892284670239185, 67.74523747822522, 59.96269794610956, 390.46456205425903, 166.630918894705, 75.0388734233888, 61.88700841978754, 75.3886421600105, 544.5017625222044, 11.074955542353706, 84.87589511741672, 2.145271227902936]]"
387,"[[(0, 22), (0, 23), (0, 39), (11, 19), (20, 31), (20, 32), (22, 5), (10, 15), (24, 25), (2, 32), (6, 24), (17, 7), (17, 26), (17, 29), (3, 16), (16, 6), (19, 30), (26, 28), (37, 30), (4, 2), (21, 10), (7, 12), (8, 27), (27, 5), (31, 24), (31, 35), (31, 38), (14, 37), (33, 17), (33, 25), (33, 32)]]","[[208.78354042008974, 68.48626195930893, 737.8737012114627, 124.9076238059774, 6.474201940371832, 133.7633810437069, 202.60651919475535, 1.450376946386701, 9.84176982177565, 371.59611212596, 48.27140139734121, 43.562663926225355, 3.69016417257693, 103.4922802280661, 50.96495626607671, 58.94497940410512, 55.863388293851884, 7.196225436031949, 4.449264897024113, 23.033706965272284, 88.16844167196886, 49.14934309510621, 243.0651417078502, 338.12977300337275, 61.81580552850008, 77.63577872031829, 89.49489356885907, 411.6249153788819, 12.193658989035791, 93.31924179555739, 2.0727845908364166]]"
388,"[[(0, 22), (0, 23), (0, 39), (11, 19), (20, 31), (20, 32), (22, 5), (10, 15), (24, 25), (2, 32), (6, 24), (17, 7), (17, 26), (17, 29), (3, 16), (16, 6), (19, 30), (26, 28), (37, 30), (4, 2), (21, 10), (7, 12), (8, 27), (27, 5), (31, 24), (31, 35), (31, 38), (14, 37), (33, 17), (33, 25), (33, 32)]]","[[353.47075657065835, 103.95806935362766, 271.3849517724542, 43.435247644634124, 30.47295676349687, 133.01067330231507, 216.42989930899742, 2.9513843729900797, 19.909281400074768, 352.96719737791324, 52.92823640984199, 47.09397266469763, 2.4565958277374818, 160.93036977369232, 54.06990360018224, 58.782837212660596, 50.839622172755256, 9.015555426977883, 3.345908640824719, 24.48876052153474, 64.91849297321329, 84.80282252978854, 306.16287222575863, 202.2633939203812, 61.2390270146323, 52.618422383429184, 120.70011006809175, 497.3225108734605, 9.172151856455498, 89.39041366900457, 4.358079788406781]]"
389,"[[(0, 22), (0, 23), (0, 39), (11, 19), (20, 31), (20, 32), (22, 5), (10, 15), (24, 25), (2, 32), (6, 24), (17, 7), (17, 26), (17, 29), (3, 16), (16, 6), (19, 30), (26, 28), (37, 30), (4, 2), (21, 10), (7, 12), (8, 27), (27, 5), (31, 24), (31, 35), (31, 38), (14, 37), (33, 17), (33, 25), (33, 32)]]","[[302.6988818132593, 39.62265600838434, 32.738159993540364, 60.00070780860737, 29.575622548148193, 131.35180701588212, 212.44866933418632, 4.193848603710462, 16.914471532444857, 285.93299200548284, 51.902509802342735, 51.07751462025372, 1.5235511615053983, 153.6242233330683, 38.35245735702802, 65.575723130907, 59.31447632670313, 2.991652864010117, 3.1560842023448332, 24.166736530291455, 34.344840617889886, 66.67676815047406, 125.43684771098988, 278.6462600075527, 67.72508639377119, 41.29095500566884, 145.59923488423664, 110.64386251998519, 11.243004014987386, 84.23869030325568, 6.158845902322122]]"
390,"[[(0, 22), (0, 23), (0, 39), (11, 19), (20, 31), (20, 32), (22, 5), (10, 15), (24, 25), (2, 32), (6, 24), (17, 7), (17, 26), (17, 29), (3, 16), (16, 6), (19, 30), (26, 28), (37, 30), (4, 2), (21, 10), (7, 12), (8, 27), (27, 5), (31, 24), (31, 35), (31, 38), (14, 37), (33, 17), (33, 25), (33, 32)]]","[[95.53160229142236, 56.943707646588905, 33.35443595214249, 86.98796356519881, 33.52932382438448, 138.32573401045863, 217.64376768758805, 1.6329267711811721, 0.16585795540499948, 329.1521951501313, 53.00590348099665, 53.10405746669038, 4.357837106812381, 109.68010349551173, 57.346149731882974, 96.2837153458868, 61.70590804883808, 11.238782476955803, 3.5720469674803264, 24.163471510354057, 39.481055893572936, 19.696650659851482, 241.08578454002054, 200.4700166851151, 80.98192604521643, 48.56360242184696, 171.91793313513216, 104.89622754589907, 15.993059965466916, 76.07595197304177, 8.484685497567053]]"
391,"[[(0, 22), (0, 23), (0, 39), (11, 19), (20, 31), (20, 32), (22, 5), (10, 15), (24, 25), (2, 32), (6, 24), (17, 7), (17, 26), (17, 29), (3, 16), (16, 6), (19, 30), (26, 28), (37, 30), (4, 2), (21, 10), (7, 12), (8, 27), (27, 5), (31, 24), (31, 35), (31, 38), (14, 37), (33, 17), (33, 25), (33, 32)]]","[[261.3559607895455, 86.23334317753913, 986.9070277295948, 103.6596816013882, 38.33468570084843, 138.7895787870832, 220.26987388828158, 1.640571023118237, 10.47741668902348, 278.747570635083, 49.92348502727949, 37.07339254704765, 2.027092719788677, 127.78846908477986, 43.68597264063321, 123.00597550523969, 40.26046569021903, 7.153738297011074, 3.41555497685388, 23.69261409742258, 20.056495245345303, 57.32109473557394, 332.73513996618027, 299.4277346209378, 71.98888132277159, 52.22363910693706, 112.70288870269246, 477.6555472963289, 13.670766553058787, 81.36859436880242, 1.4217649622441888]]"
392,"[[(0, 22), (0, 23), (0, 39), (11, 19), (20, 31), (20, 32), (22, 5), (10, 15), (24, 25), (2, 32), (6, 24), (17, 7), (17, 26), (17, 29), (3, 16), (16, 6), (19, 30), (26, 28), (37, 30), (4, 2), (21, 10), (7, 12), (8, 27), (27, 5), (31, 24), (31, 35), (31, 38), (14, 37), (33, 17), (33, 25), (33, 32)]]","[[158.91547998982495, 59.63260926542317, 480.70953134515446, 122.63345644254545, 21.78004468608978, 136.50474233142037, 205.44572133741957, 3.276152588061606, 10.562068764052306, 376.73878173402653, 52.9448281499239, 51.79652173431789, 1.2552168556701782, 79.50018144555841, 52.75390291727204, 118.58687733262933, 48.67664843083966, 2.3669991428680848, 4.102145923221638, 23.56723543207444, 42.583083235359574, 37.41979798673093, 364.3405622101519, 283.15646027612394, 75.33094918135085, 83.87975889063557, 122.92107882414962, 355.0300111054895, 12.763996491200626, 90.11537487940365, 7.949278576459826]]"
393,"[[(0, 22), (0, 23), (0, 39), (11, 19), (20, 31), (20, 32), (22, 5), (10, 15), (24, 25), (2, 32), (6, 24), (17, 7), (17, 26), (17, 29), (3, 16), (16, 6), (19, 30), (26, 28), (37, 30), (4, 2), (21, 10), (7, 12), (8, 27), (27, 5), (31, 24), (31, 35), (31, 38), (14, 37), (33, 17), (33, 25), (33, 32)]]","[[125.11576437996519, 76.8174564771916, 637.5477806292287, 137.9031216778278, 7.216936990830118, 142.87014729726607, 216.02951235586556, 1.7540434506970723, 8.607509552419014, 281.1043792107097, 48.41706143864669, 44.196607859194, 4.313015081944082, 105.52246248523977, 61.63074556461753, 126.49705748234351, 49.04470481288181, 12.160649725125642, 3.031423384879368, 24.443752858965976, 8.956985202827699, 57.98093823635351, 171.8915844343681, 308.18766495214425, 74.21501988211773, 54.25930054694998, 113.84442916453018, 344.0963324658938, 8.040095462467288, 84.51123103300918, 5.542440134161517]]"
394,"[[(0, 22), (0, 23), (0, 39), (11, 19), (20, 31), (20, 32), (22, 5), (10, 15), (24, 25), (2, 32), (6, 24), (17, 7), (17, 26), (17, 29), (3, 16), (16, 6), (19, 30), (26, 28), (37, 30), (4, 2), (21, 10), (7, 12), (8, 27), (27, 5), (31, 24), (31, 35), (31, 38), (14, 37), (33, 17), (33, 25), (33, 32)]]","[[113.16782790457785, 92.88865245348927, 549.820271109476, 88.02247111247846, 25.253848163595578, 132.5119873047487, 209.77261949670597, 3.3254548358517138, 10.223819933695744, 272.21834047229925, 49.73851977819297, 50.87619580181408, 4.331122024331571, 160.97122498992488, 51.89200473481671, 59.76660002751709, 46.51132894041115, 18.36480861740905, 4.101404294719565, 23.68333647264595, 17.57639380495128, 73.37558368493116, 416.3702411796556, 298.39078026802883, 78.94445797544768, 107.56529207988658, 165.00791987991437, 288.62216572167813, 9.041056866967011, 91.10158503210576, 7.276209778453384]]"
395,"[[(0, 22), (0, 23), (0, 39), (11, 19), (20, 31), (20, 32), (22, 5), (10, 15), (24, 25), (2, 32), (6, 24), (17, 7), (17, 26), (17, 29), (3, 16), (16, 6), (19, 30), (26, 28), (37, 30), (4, 2), (21, 10), (7, 12), (8, 27), (27, 5), (31, 24), (31, 35), (31, 38), (14, 37), (33, 17), (33, 25), (33, 32)]]","[[334.1474189976133, 36.21585127408083, 430.216077498556, 139.86628676978182, 16.043279141779912, 134.45549623421076, 190.34710358827655, 4.460466321836927, 15.7726984568133, 314.4191685429394, 51.18240854425021, 43.47594627612432, 4.751798608396833, 151.9404124268244, 79.19575468600425, 56.509507678727914, 41.48758168000755, 11.439147314005346, 3.488044066283842, 24.505460442991318, 74.74891590622339, 60.653718542666574, 289.79213227177644, 371.914186453592, 72.18631395314372, 99.28428909532354, 24.643224057251214, 417.5480329769781, 10.36924776982005, 83.68514057843684, 4.971019302519431]]"
396,"[[(0, 22), (0, 23), (0, 39), (11, 19), (20, 31), (20, 32), (22, 5), (10, 15), (24, 25), (2, 32), (6, 24), (17, 7), (17, 26), (17, 29), (3, 16), (16, 6), (19, 30), (26, 28), (37, 30), (4, 2), (21, 10), (7, 12), (8, 27), (27, 5), (31, 24), (31, 35), (31, 38), (14, 37), (33, 17), (33, 25), (33, 32)]]","[[272.7876674317097, 42.40873929421876, 20.075683164587932, 85.22521641494829, 16.40036186367377, 134.23598082958344, 215.36426289278052, 3.8646141113573567, 5.299112539459188, 282.9741384060218, 52.17677173639676, 37.9511398783384, 4.490557999784329, 83.45609378860485, 54.06021362630591, 76.09077182032293, 56.16118395928142, 7.488150238387992, 3.84319682137936, 24.484114454576243, 36.02324040494819, 62.48217065808543, 262.91853595770675, 305.06222672015633, 65.07887504633948, 84.88439955020985, 39.845967390038446, 548.8174500818412, 14.813869574845182, 81.84013804798711, 5.987103909717174]]"
397,"[[(0, 22), (0, 23), (0, 39), (11, 19), (20, 31), (20, 32), (22, 5), (10, 15), (24, 25), (2, 32), (6, 24), (17, 7), (17, 26), (17, 29), (3, 16), (16, 6), (19, 30), (26, 28), (37, 30), (4, 2), (21, 10), (7, 12), (8, 27), (27, 5), (31, 24), (31, 35), (31, 38), (14, 37), (33, 17), (33, 25), (33, 32)]]","[[148.58100725595534, 67.61553383208171, 781.2370410331072, 131.04317306351993, 22.5454342674467, 137.76470814393394, 174.9706152086693, 4.951603375212983, 20.775618442606245, 404.4732765549476, 52.72327703783061, 53.85135494041508, 3.169797107189063, 109.00485805630717, 40.70502012825061, 86.2451343252707, 45.36668652980494, 16.47145860677097, 3.7542713271141634, 23.58266461078764, 74.53350507695725, 55.41340197015036, 345.0659544154528, 197.90813907343886, 60.75313717955926, 80.49947522556153, 133.48498883158314, 344.8021525961334, 13.136519897303353, 92.4435626878529, 3.7236421170640117]]"
398,"[[(0, 22), (0, 23), (0, 39), (11, 19), (20, 31), (20, 32), (22, 5), (10, 15), (24, 25), (2, 32), (6, 24), (17, 7), (17, 26), (17, 29), (3, 16), (16, 6), (19, 30), (26, 28), (37, 30), (4, 2), (21, 10), (7, 12), (8, 27), (27, 5), (31, 24), (31, 35), (31, 38), (14, 37), (33, 17), (33, 25), (33, 32)]]","[[249.43752170051758, 57.934216366968194, 734.5754984926075, 72.97323002536358, 10.075784004160065, 143.2760221088502, 180.43513532936282, 2.4914551252703854, 0.40640334558900015, 397.6969014907541, 51.79244915415485, 43.72803482121624, 4.19433420446266, 150.3166445186295, 55.832415708826275, 47.659605814074, 54.12204691002369, 12.311083703198731, 4.822865955314425, 23.19225271048837, 89.1975818783342, 49.92453900448254, 414.12472742306073, 191.92852829664415, 70.61255984015459, 97.89699310643604, 53.81501499724219, 146.5859474352322, 11.641155674219767, 76.86926640167754, 2.0124808758411143]]"
399,"[[(0, 22), (0, 23), (0, 39), (11, 19), (20, 31), (20, 32), (22, 5), (10, 15), (24, 25), (2, 32), (6, 24), (17, 7), (17, 26), (17, 29), (3, 16), (16, 6), (19, 30), (26, 28), (37, 30), (4, 2), (21, 10), (7, 12), (8, 27), (27, 5), (31, 24), (31, 35), (31, 38), (14, 37), (33, 17), (33, 25), (33, 32)]]","[[183.68322410389874, 52.33721797039571, 509.55833228100886, 59.60539543583354, 36.954689944614586, 132.76456950692656, 225.1251685133813, 2.5042196994058443, 15.572926098885029, 299.18918916585636, 49.22805859665893, 40.827001531331575, 4.276916231343532, 155.74190420101286, 31.303152441504658, 60.103230859876135, 37.87686985108112, 10.430108714421197, 4.603022256244298, 24.55434177211611, 72.66773383398754, 32.6071224085327, 320.3833397552152, 324.07849080957897, 63.88596329506784, 61.66391426910476, 69.24948978554104, 199.20967125619651, 13.922082846142406, 76.42629444287304, 5.059939978777344]]"
400,"[[(0, 22), (0, 23), (0, 39), (11, 19), (20, 31), (20, 32), (22, 5), (10, 15), (24, 25), (2, 32), (6, 24), (17, 7), (17, 26), (17, 29), (3, 16), (16, 6), (19, 30), (26, 28), (37, 30), (4, 2), (21, 10), (7, 12), (8, 27), (27, 5), (31, 24), (31, 35), (31, 38), (14, 37), (33, 17), (33, 25), (33, 32)]]","[[180.86268170312673, 59.9365189893645, 174.86934613290387, 35.63613249277972, 33.43600569948194, 139.5550001900195, 214.68657009162143, 1.4058367740684048, 2.5388867113561044, 354.6906957652042, 54.666650896732044, 43.608287148732025, 4.879337599468634, 93.90343904735938, 65.60063616700126, 28.338619411753257, 52.61364519920502, 11.595366768425974, 3.5388815453411153, 23.681762197414436, 72.57474193390148, 39.25466602851247, 147.2083201826194, 364.1524711094356, 68.6780881916216, 39.524942279620014, 66.45855228757063, 348.1778988423473, 12.784200152148477, 75.58627354078706, 6.072572867931761]]"
401,"[[(0, 22), (0, 23), (0, 39), (11, 19), (20, 31), (20, 32), (22, 5), (10, 15), (24, 25), (2, 32), (6, 24), (17, 7), (17, 26), (17, 29), (3, 16), (16, 6), (19, 30), (26, 28), (37, 30), (4, 2), (21, 10), (7, 12), (8, 27), (27, 5), (31, 24), (31, 35), (31, 38), (14, 37), (33, 17), (33, 25), (33, 32)]]","[[277.5735289404447, 108.20722320396372, 193.47923308051452, 154.15227686131908, 16.46687694416178, 136.40208100369608, 219.93112738244292, 1.6875300236132422, 24.340329576971055, 333.4657241043016, 54.409130233830545, 48.050059532001484, 2.4763257926369424, 79.98166089796564, 72.17614316557282, 41.36757357200787, 42.22045475720159, 11.127179646512209, 3.0434990160802373, 23.24897015612471, 43.45984429462771, 59.27693888317248, 219.66040146602984, 360.3752106510763, 77.06812485552067, 34.851402266042356, 168.3520370963101, 380.8484262890311, 12.475226219614747, 82.48644069978877, 7.049800219185576]]"
402,"[[(0, 22), (0, 23), (0, 39), (11, 19), (20, 31), (20, 32), (22, 5), (10, 15), (24, 25), (2, 32), (6, 24), (17, 7), (17, 26), (17, 29), (3, 16), (16, 6), (19, 30), (26, 28), (37, 30), (4, 2), (21, 10), (7, 12), (8, 27), (27, 5), (31, 24), (31, 35), (31, 38), (14, 37), (33, 17), (33, 25), (33, 32)]]","[[316.58023265779593, 34.539179581191426, 727.3099220351797, 136.88396986931872, 44.95717341595722, 143.63772182750517, 194.28921366640324, 3.3801476422274206, 6.51170661572464, 331.67364556818836, 49.45150813729833, 38.868110734927264, 3.4089642075961013, 120.25581990107707, 66.59384703941302, 68.18241269380769, 54.597214092962204, 3.8850084235901905, 3.007504778656057, 24.3240898064192, 37.70983874272274, 33.0106202702036, 209.93302950941916, 274.59878501903336, 64.02591681031707, 76.71814196129363, 115.04287253946235, 254.94803295094167, 9.490633734331366, 76.51405016337178, 3.1178239496282263]]"
403,"[[(0, 22), (0, 23), (0, 39), (11, 19), (20, 31), (20, 32), (22, 5), (10, 15), (24, 25), (2, 32), (6, 24), (17, 7), (17, 26), (17, 29), (3, 16), (16, 6), (19, 30), (26, 28), (37, 30), (4, 2), (21, 10), (7, 12), (8, 27), (27, 5), (31, 24), (31, 35), (31, 38), (14, 37), (33, 17), (33, 25), (33, 32)]]","[[306.77986202711963, 87.28319259999006, 207.5991911955422, 164.12004115393134, 44.59639535045102, 141.4855621291265, 202.11720067140774, 1.660593868154626, 14.016774831294184, 263.9334286492064, 54.082458969136844, 48.484821403520776, 1.1534614742098777, 145.17863736390302, 79.10952909033116, 17.473488460757338, 65.2150392424869, 13.982803077768994, 3.0646752058433924, 23.239383549431057, 10.841302086819688, 86.2168294992283, 314.7080174524226, 336.2354328197433, 79.7883229383082, 75.22661242419666, 83.63241126093506, 127.05620189412151, 11.051671908498399, 86.86278385133778, 6.868929999093764]]"
404,"[[(0, 22), (0, 23), (0, 39), (11, 19), (20, 31), (20, 32), (22, 5), (10, 15), (24, 25), (2, 32), (6, 24), (17, 7), (17, 26), (17, 29), (3, 16), (16, 6), (19, 30), (26, 28), (37, 30), (4, 2), (21, 10), (7, 12), (8, 27), (27, 5), (31, 24), (31, 35), (31, 38), (14, 37), (33, 17), (33, 25), (33, 32)]]","[[336.8828050781293, 24.080659124680523, 440.425221230637, 148.20993820941487, 9.419612702420675, 142.56378709053055, 197.9467010452619, 4.728805956196608, 8.235964892643537, 398.6565366079628, 54.823758885246775, 40.92548021160345, 4.6043363849290255, 143.28999817246208, 44.48967499504381, 73.06689313254277, 45.47957643636585, 9.666502524415993, 4.223396492791771, 23.2935082708603, 47.49741011374763, 22.329309708377764, 174.88622129135138, 213.4503382208482, 74.06824916544223, 61.958272377544844, 42.011046701668995, 40.23872467353553, 10.140573754707852, 76.25303562409496, 2.5441903680936893]]"
405,"[[(0, 22), (0, 23), (0, 39), (11, 19), (20, 31), (20, 32), (22, 5), (10, 15), (24, 25), (2, 32), (6, 24), (17, 7), (17, 26), (17, 29), (3, 16), (16, 6), (19, 30), (26, 28), (37, 30), (4, 2), (21, 10), (7, 12), (8, 27), (27, 5), (31, 24), (31, 35), (31, 38), (14, 37), (33, 17), (33, 25), (33, 32)]]","[[350.74634483053586, 100.54808231956602, 337.15130375390896, 78.60009884643739, 17.77661742863734, 131.53849414070933, 209.63729490497363, 4.82747953356232, 25.35636949231354, 327.56574517796264, 50.17630361107574, 42.781407140345614, 3.1275962344837134, 160.87609487812213, 31.04436469299874, 51.03738392247223, 65.7860617684862, 6.810808396820287, 3.1167530946759987, 23.96403036860472, 8.293430941323896, 32.782620692254504, 222.92882324363947, 174.84650068166627, 64.27276546312743, 82.2575908218324, 75.50653271436744, 378.51815651318066, 10.359165557495585, 87.64656433509376, 2.8953073461999157]]"
406,"[[(0, 22), (0, 23), (0, 39), (11, 19), (20, 31), (20, 32), (22, 5), (10, 15), (24, 25), (2, 32), (6, 24), (17, 7), (17, 26), (17, 29), (3, 16), (16, 6), (19, 30), (26, 28), (37, 30), (4, 2), (21, 10), (7, 12), (8, 27), (27, 5), (31, 24), (31, 35), (31, 38), (14, 37), (33, 17), (33, 25), (33, 32)]]","[[134.76025605524165, 29.488382583047635, 413.3962937623322, 71.09491713484114, 41.08140921168098, 131.44660494937335, 205.50473248381897, 1.3721328061818392, 14.062590498694984, 369.5985173401889, 54.97936801183053, 46.33961735490607, 1.9592863851891025, 47.950741782242545, 30.46798458785844, 127.62925687334368, 60.80883210937017, 4.2071561515433, 3.755763156878297, 23.729901916596674, 84.81728240658754, 44.87187027039224, 378.72502067961597, 284.1378211439975, 75.72939398333577, 98.03091804715062, 108.42909128195113, 605.1735047240744, 10.774623359807618, 93.27306074800377, 7.023678772763659]]"
407,"[[(0, 22), (0, 23), (0, 39), (11, 19), (20, 31), (20, 32), (22, 5), (10, 15), (24, 25), (2, 32), (6, 24), (17, 7), (17, 26), (17, 29), (3, 16), (16, 6), (19, 30), (26, 28), (37, 30), (4, 2), (21, 10), (7, 12), (8, 27), (27, 5), (31, 24), (31, 35), (31, 38), (14, 37), (33, 17), (33, 25), (33, 32)]]","[[344.82590743778115, 90.59578812526362, 560.3442051001755, 130.1011539675565, 33.247355851768155, 135.2674290676029, 212.83561455780819, 4.143163946899611, 23.425607617607827, 377.67742193743044, 49.47551347158675, 49.206469849268004, 4.5647971527504785, 70.3547320820934, 37.583140881734266, 82.63620141222187, 46.549078646171154, 2.1628050635162497, 3.127928521599796, 24.681474370199982, 79.02484953289967, 39.53403337445339, 347.70694740821, 339.0822304215207, 60.083768394195964, 66.36077866414892, 87.7056518728801, 486.98079641388085, 12.494080905899766, 92.96290662133238, 5.9074345870508616]]"
408,"[[(0, 22), (0, 23), (0, 39), (11, 19), (20, 31), (20, 32), (22, 5), (10, 15), (24, 25), (2, 32), (6, 24), (17, 7), (17, 26), (17, 29), (3, 16), (16, 6), (19, 30), (26, 28), (37, 30), (4, 2), (21, 10), (7, 12), (8, 27), (27, 5), (31, 24), (31, 35), (31, 38), (14, 37), (33, 17), (33, 25), (33, 32)]]","[[319.08796453524087, 95.39167596424275, 667.6324014706787, 60.035888661356, 3.3546659866314874, 135.68274944289232, 193.95172020895433, 4.242808634202957, 14.606020911494717, 386.5940997359213, 48.49464709379229, 53.25223505454363, 1.9922926143771709, 60.172392825128426, 31.400726187827033, 82.93488283850382, 41.48710956306144, 14.887461265914785, 3.635632548563718, 23.06329712256205, 59.01904353410568, 45.20073673672135, 81.67364033082853, 233.17592649969345, 62.32978706793602, 100.72440830959594, 97.19808614495238, 306.8273730353905, 11.686386412236352, 75.37607289121439, 2.363020047952414]]"
409,"[[(0, 22), (0, 23), (0, 39), (11, 19), (20, 31), (20, 32), (22, 5), (10, 15), (24, 25), (2, 32), (6, 24), (17, 7), (17, 26), (17, 29), (3, 16), (16, 6), (19, 30), (26, 28), (37, 30), (4, 2), (21, 10), (7, 12), (8, 27), (27, 5), (31, 24), (31, 35), (31, 38), (14, 37), (33, 17), (33, 25), (33, 32)]]","[[368.9331778197401, 51.476650495240435, 293.767788352114, 145.25381009341618, 7.087117726731709, 133.80905173757208, 198.7521577883136, 3.5546725186736294, 25.702472649612748, 384.89956010463237, 55.94297123414046, 46.46542653035509, 4.247050624090971, 118.49938507979553, 40.35629650394978, 89.54510901633628, 37.94658156249956, 18.62853327265081, 3.015760186703937, 23.514192885956604, 11.246318232140194, 44.2784048416581, 303.18449250993484, 217.47881381159976, 69.37053333134685, 38.46140915206921, 75.62615790375976, 99.24456574452698, 8.987597758430152, 87.71633332870218, 1.5906416216392998]]"
410,"[[(0, 22), (0, 23), (0, 39), (11, 19), (20, 31), (20, 32), (22, 5), (10, 15), (24, 25), (2, 32), (6, 24), (17, 7), (17, 26), (17, 29), (3, 16), (16, 6), (19, 30), (26, 28), (37, 30), (4, 2), (21, 10), (7, 12), (8, 27), (27, 5), (31, 24), (31, 35), (31, 38), (14, 37), (33, 17), (33, 25), (33, 32)]]","[[148.63795067337512, 33.64380924785446, 166.52659027293944, 78.70563304759864, 21.8088324939932, 132.2675819818569, 228.729452023752, 3.608067927445481, 0.4969575455219024, 345.47453097498044, 52.00162614367364, 49.654724782837114, 3.624206732854019, 109.12323571933146, 64.9576013668148, 99.74027421341611, 70.47475385618918, 6.784602188268233, 4.80272102710573, 23.663886636482964, 15.970056296215905, 77.81921963243508, 258.1480221665514, 234.11350091443472, 61.2608044897889, 34.503145346164914, 98.09688111000766, 450.93663855876156, 14.185025913542859, 89.72255947821881, 1.8704206810489161]]"
411,"[[(0, 22), (0, 23), (0, 39), (11, 19), (20, 31), (20, 32), (22, 5), (10, 15), (24, 25), (2, 32), (6, 24), (17, 7), (17, 26), (17, 29), (3, 16), (16, 6), (19, 30), (26, 28), (37, 30), (4, 2), (21, 10), (7, 12), (8, 27), (27, 5), (31, 24), (31, 35), (31, 38), (14, 37), (33, 17), (33, 25), (33, 32)]]","[[203.53669500215545, 67.10674851427866, 128.68860144180775, 115.40931452788531, 10.316301811514148, 142.52583488343367, 183.99057338428253, 2.130734532297587, 2.0744242539447852, 303.7675260389023, 53.555363920911056, 52.00656122797359, 1.6978477465424042, 83.22720784778215, 55.876479279074466, 116.62621761658102, 61.16623171386155, 19.177369042776537, 4.040772150229136, 24.22502128149857, 65.75091023333991, 15.72132731612646, 234.95655789341785, 328.6407818688976, 82.50309548894754, 38.145299708066304, 59.85282969677512, 198.66658226976554, 10.867003736210995, 83.73436587261418, 5.748152808213162]]"
412,"[[(0, 22), (0, 23), (0, 39), (11, 19), (20, 31), (20, 32), (22, 5), (10, 15), (24, 25), (2, 32), (6, 24), (17, 7), (17, 26), (17, 29), (3, 16), (16, 6), (19, 30), (26, 28), (37, 30), (4, 2), (21, 10), (7, 12), (8, 27), (27, 5), (31, 24), (31, 35), (31, 38), (14, 37), (33, 17), (33, 25), (33, 32)]]","[[331.1851899275428, 74.57046155292741, 447.6544374541349, 49.86431476432661, 6.273942207518598, 132.98711839753543, 212.80164745000698, 2.169568412303878, 23.816691472740434, 377.6507253175274, 48.861461798670206, 48.6190647912362, 3.14836208456642, 71.65329387558052, 43.58121104499581, 49.27850149321901, 42.51850197388714, 14.389060120839442, 3.793475067905105, 23.54170919476473, 29.075453755070885, 21.664749384055966, 139.3718032029252, 374.7271913974671, 77.50395701848515, 41.12769235607805, 77.05460153027988, 314.7673526357945, 13.437943272810935, 82.3585933614687, 3.634243552482933]]"
413,"[[(0, 22), (0, 23), (0, 39), (11, 19), (20, 31), (20, 32), (22, 5), (10, 15), (24, 25), (2, 32), (6, 24), (17, 7), (17, 26), (17, 29), (3, 16), (16, 6), (19, 30), (26, 28), (37, 30), (4, 2), (21, 10), (7, 12), (8, 27), (27, 5), (31, 24), (31, 35), (31, 38), (14, 37), (33, 17), (33, 25), (33, 32)]]","[[219.1626306191104, 69.69821040254129, 386.2055070237661, 89.29593008997779, 6.567276269884088, 135.8097946800877, 188.3611441524564, 3.0400898683465076, 7.057988373949362, 273.8140490620991, 49.92127439631177, 50.05500028102068, 4.640210437316964, 101.13954419190162, 67.52536954383328, 68.62393949029786, 63.86556339384835, 13.575950634608201, 3.746671387246424, 23.18363257136711, 90.48266526658955, 87.46544614592425, 116.16808102394003, 147.62161603966467, 71.2809594246146, 96.48695172151841, 152.13528123689537, 232.46271759917846, 15.113967596007893, 87.30001649866936, 3.2022501607819]]"
414,"[[(0, 22), (0, 23), (0, 39), (11, 19), (20, 31), (20, 32), (22, 5), (10, 15), (24, 25), (2, 32), (6, 24), (17, 7), (17, 26), (17, 29), (3, 16), (16, 6), (19, 30), (26, 28), (37, 30), (4, 2), (21, 10), (7, 12), (8, 27), (27, 5), (31, 24), (31, 35), (31, 38), (14, 37), (33, 17), (33, 25), (33, 32)]]","[[299.5350243897369, 51.49678601650405, 718.1099440756662, 78.71840445923112, 45.49520081513843, 141.44965609259353, 186.42200393867643, 3.817321611348284, 13.450517109430091, 320.89746088820635, 55.646447499579445, 44.6520782901716, 1.018651869773278, 119.85793803131504, 34.72731623018783, 26.847590760658193, 70.85263385459871, 17.106995946978472, 3.971369732956676, 24.07054336352429, 81.10355311964462, 82.1386668678453, 113.44426588367192, 389.52239990527016, 76.0149356657293, 106.65431601197963, 183.35970764268234, 171.44967349153023, 9.253571713906268, 92.35238109894303, 7.584962044495768]]"
415,"[[(0, 22), (0, 23), (0, 39), (11, 19), (20, 31), (20, 32), (22, 5), (10, 15), (24, 25), (2, 32), (6, 24), (17, 7), (17, 26), (17, 29), (3, 16), (16, 6), (19, 30), (26, 28), (37, 30), (4, 2), (21, 10), (7, 12), (8, 27), (27, 5), (31, 24), (31, 35), (31, 38), (14, 37), (33, 17), (33, 25), (33, 32)]]","[[208.45431257538104, 43.026620232310634, 337.6454447547387, 163.5547601823525, 29.734118514893446, 130.6555118384155, 203.33748042299575, 4.6436395987089405, 18.561593528133884, 290.9261322020113, 50.222808400811466, 45.22868743970055, 2.236289207660138, 85.94150503320724, 62.27686679397591, 104.23060808694645, 58.7055556202705, 6.027917441862607, 3.671975068085244, 23.229384047779288, 13.017283539964971, 50.57710477738919, 128.20434911057913, 319.19934583592453, 81.50273340793552, 56.964112362298515, 155.55975842826592, 158.81641050686977, 9.886973562525291, 90.13836676338371, 3.5283368212739443]]"
416,"[[(0, 22), (0, 23), (0, 39), (11, 19), (20, 31), (20, 32), (22, 5), (10, 15), (24, 25), (2, 32), (6, 24), (17, 7), (17, 26), (17, 29), (3, 16), (16, 6), (19, 30), (26, 28), (37, 30), (4, 2), (21, 10), (7, 12), (8, 27), (27, 5), (31, 24), (31, 35), (31, 38), (14, 37), (33, 17), (33, 25), (33, 32)]]","[[229.6963332981086, 100.70640649601083, 616.1429389681767, 81.86428302553166, 7.273313171749997, 133.20116161323048, 196.05951396270672, 4.656072043681057, 13.046427952984276, 352.79930749394254, 53.95922544378228, 41.845418062686306, 4.745006918005642, 67.8110469174337, 48.48210255931565, 26.66025044042933, 67.86055709511766, 9.549621876555914, 4.076619881117387, 23.23608846789286, 48.018542295734605, 19.055446212990738, 304.85077218360675, 197.82885293411485, 64.92414463108486, 58.13275075852491, 84.04338751027552, 524.8114864282041, 15.374798642232069, 90.72458082697041, 6.429498169311389]]"
417,"[[(0, 22), (0, 23), (0, 39), (11, 19), (20, 31), (20, 32), (22, 5), (10, 15), (24, 25), (2, 32), (6, 24), (17, 7), (17, 26), (17, 29), (3, 16), (16, 6), (19, 30), (26, 28), (37, 30), (4, 2), (21, 10), (7, 12), (8, 27), (27, 5), (31, 24), (31, 35), (31, 38), (14, 37), (33, 17), (33, 25), (33, 32)]]","[[140.70743281996766, 22.11875087142844, 297.91850215238185, 96.39690769419576, 3.769214477449184, 131.56364225509546, 174.32321873909663, 4.2061442406123986, 7.9751533699114034, 278.6967777256434, 48.49337670363879, 45.20411727831843, 4.975842273876265, 155.64884523253943, 66.7483844726365, 114.45065091096784, 69.90011111288233, 11.670279527105212, 4.469313751404068, 23.45434558389735, 56.89462602499847, 63.01868647667831, 307.29967035901063, 329.31880841860664, 77.93620712330035, 109.57255352694075, 138.17373670162416, 374.19320400180794, 10.295563216210782, 91.16066069183093, 8.853775217022665]]"
418,"[[(0, 22), (0, 23), (0, 39), (11, 19), (20, 31), (20, 32), (22, 5), (10, 15), (24, 25), (2, 32), (6, 24), (17, 7), (17, 26), (17, 29), (3, 16), (16, 6), (19, 30), (26, 28), (37, 30), (4, 2), (21, 10), (7, 12), (8, 27), (27, 5), (31, 24), (31, 35), (31, 38), (14, 37), (33, 17), (33, 25), (33, 32)]]","[[210.47190891352886, 66.17858719299029, 944.6797620073544, 107.78800416321351, 41.88284561893664, 130.91411201964252, 195.2202879397088, 2.546440801128954, 2.0695081678971734, 270.2910287902783, 55.707647483677015, 41.02182169465433, 1.056594330524224, 74.55152341766706, 64.64390196969171, 114.32292421576366, 39.690192891762464, 14.514780222451506, 4.898413720066044, 24.973061749354553, 49.35224667282071, 23.61315323199075, 86.00209157675097, 202.21750773721647, 60.348081138708544, 58.506926010568876, 102.03232460258965, 354.0377232185358, 9.839861582295843, 94.63767184586317, 2.399345081278269]]"
419,"[[(0, 22), (0, 23), (0, 39), (11, 19), (20, 31), (20, 32), (22, 5), (10, 15), (24, 25), (2, 32), (6, 24), (17, 7), (17, 26), (17, 29), (3, 16), (16, 6), (19, 30), (26, 28), (37, 30), (4, 2), (21, 10), (7, 12), (8, 27), (27, 5), (31, 24), (31, 35), (31, 38), (14, 37), (33, 17), (33, 25), (33, 32)]]","[[237.97594406159342, 49.87900158805043, 370.55675224202196, 134.69393293411477, 21.71316883644861, 132.4632344514363, 225.94248694807277, 3.1522394359386015, 21.874972177904244, 316.0841333720225, 52.42408941203603, 48.21170993092952, 4.578406762541406, 132.83492133477404, 76.49002304470525, 126.87942427956419, 42.40419088430416, 11.946045800011381, 3.0608844734412326, 23.803466375498743, 38.7669160486354, 37.326546957932926, 112.83098945013222, 196.48375547255193, 67.11980619699814, 72.04167155230414, 143.0338669639619, 314.2201413377454, 15.284985600002699, 93.07858651451721, 7.3736697966946885]]"
420,"[[(0, 22), (0, 23), (0, 39), (11, 19), (20, 31), (20, 32), (22, 5), (10, 15), (24, 25), (2, 32), (6, 24), (17, 7), (17, 26), (17, 29), (3, 16), (16, 6), (19, 30), (26, 28), (37, 30), (4, 2), (21, 10), (7, 12), (8, 27), (27, 5), (31, 24), (31, 35), (31, 38), (14, 37), (33, 17), (33, 25), (33, 32)]]","[[188.6376700862933, 107.70685759154912, 240.94518195793594, 103.26379065252857, 19.63652118965566, 141.21749310793598, 221.29996786802397, 3.086051515280593, 5.599082938169907, 367.06433576581264, 49.428034514488736, 39.52262972650178, 4.841600736291593, 160.48334516176737, 38.712444108263206, 76.00816004753541, 43.82419272280111, 2.5564705624810484, 3.8749905518506598, 24.300914630290794, 73.67022880007251, 36.539220076237, 379.4814704993322, 259.70538890691773, 75.3646652434104, 92.24673472207434, 160.36770775978624, 156.792830384255, 10.552631305382228, 82.45896377428946, 1.3643738457790588]]"
421,"[[(0, 22), (0, 23), (0, 39), (11, 19), (20, 31), (20, 32), (22, 5), (10, 15), (24, 25), (2, 32), (6, 24), (17, 7), (17, 26), (17, 29), (3, 16), (16, 6), (19, 30), (26, 28), (37, 30), (4, 2), (21, 10), (7, 12), (8, 27), (27, 5), (31, 24), (31, 35), (31, 38), (14, 37), (33, 17), (33, 25), (33, 32)]]","[[238.9213607837922, 40.91897465770094, 850.5614236485911, 66.50928738357982, 42.334239616581456, 130.6781883621737, 204.28754475611765, 4.312206933202436, 0.7983385384519803, 346.0544237858356, 55.52172943461913, 42.459418917160335, 4.140493746263939, 108.0105185738029, 47.904956137425316, 91.28217217707005, 68.54249373089549, 19.18043518911733, 3.822864062801961, 23.807902924997155, 32.69331340533043, 40.89974129901057, 405.13100199483665, 195.45440298372998, 67.49706232875157, 109.75097718221014, 125.44647944049443, 520.3928798858951, 12.655477158442284, 94.14622362267377, 5.0373459102635945]]"
422,"[[(0, 22), (0, 23), (0, 39), (11, 19), (20, 31), (20, 32), (22, 5), (10, 15), (24, 25), (2, 32), (6, 24), (17, 7), (17, 26), (17, 29), (3, 16), (16, 6), (19, 30), (26, 28), (37, 30), (4, 2), (21, 10), (7, 12), (8, 27), (27, 5), (31, 24), (31, 35), (31, 38), (14, 37), (33, 17), (33, 25), (33, 32)]]","[[296.8718554638434, 80.67179153154947, 302.5971046771664, 157.69729424904745, 28.414694751456018, 132.34926463098273, 228.35943960276177, 4.319158118846264, 12.64728286711452, 400.51834576191567, 55.327822060085886, 41.93497378453591, 4.512973537928209, 55.68233215523323, 68.95072692335893, 92.92040234719158, 50.585593052930406, 6.728323855585616, 3.4651495974913633, 24.535935281274593, 82.50029057397377, 77.3626895190694, 188.81987433284428, 293.6402114578044, 82.14858362951792, 41.698075408698664, 134.05277987377968, 491.0889542081816, 12.353180118815263, 93.11333760788582, 6.993542821208132]]"
423,"[[(0, 22), (0, 23), (0, 39), (11, 19), (20, 31), (20, 32), (22, 5), (10, 15), (24, 25), (2, 32), (6, 24), (17, 7), (17, 26), (17, 29), (3, 16), (16, 6), (19, 30), (26, 28), (37, 30), (4, 2), (21, 10), (7, 12), (8, 27), (27, 5), (31, 24), (31, 35), (31, 38), (14, 37), (33, 17), (33, 25), (33, 32)]]","[[199.52973248854238, 53.3588280686194, 285.18154280369873, 78.39113256270457, 17.851560601525975, 137.68216367840503, 208.00872510972545, 1.3444614289744976, 23.932037891569717, 316.44753200569806, 52.07973704218985, 53.10439529439984, 2.69274171231075, 90.01868568560766, 58.12778411843836, 68.98220837302736, 44.476048709061594, 7.405886860877354, 3.1207434854286067, 24.5334117163736, 26.041173768844043, 62.30577769395955, 398.7541018317025, 251.36361279493303, 61.1462281911151, 39.168190607927954, 126.76710056184324, 370.9614515625725, 11.757516357149962, 88.44774350066534, 2.7563338344645567]]"
424,"[[(0, 22), (0, 23), (0, 39), (11, 19), (20, 31), (20, 32), (22, 5), (10, 15), (24, 25), (2, 32), (6, 24), (17, 7), (17, 26), (17, 29), (3, 16), (16, 6), (19, 30), (26, 28), (37, 30), (4, 2), (21, 10), (7, 12), (8, 27), (27, 5), (31, 24), (31, 35), (31, 38), (14, 37), (33, 17), (33, 25), (33, 32)]]","[[256.2431610860953, 109.31072199368393, 143.41201929019886, 85.76702199696518, 16.402563771387815, 143.3947938248114, 176.8178953042999, 4.716991669899859, 11.149567387973603, 286.47727926975864, 53.591036489054474, 44.092611445433064, 2.8102002604544967, 61.38086913268296, 30.22722468589651, 93.46876775485745, 50.5307814584241, 8.111192734062385, 3.4331094537529716, 24.403590377626536, 90.70826242888371, 53.64882518109918, 129.5912775733393, 213.53187693173766, 79.68992940119608, 63.9801018894527, 176.09759349206038, 597.4291205680669, 8.880671926808143, 88.5902122188799, 5.276073822469176]]"
425,"[[(0, 22), (0, 23), (0, 39), (11, 19), (20, 31), (20, 32), (22, 5), (10, 15), (24, 25), (2, 32), (6, 24), (17, 7), (17, 26), (17, 29), (3, 16), (16, 6), (19, 30), (26, 28), (37, 30), (4, 2), (21, 10), (7, 12), (8, 27), (27, 5), (31, 24), (31, 35), (31, 38), (14, 37), (33, 17), (33, 25), (33, 32)]]","[[241.2529426257164, 87.57226498455155, 88.57828315024761, 138.06475441028925, 38.02061860101617, 135.71628405903425, 199.32458859983532, 3.9600819343909106, 16.59924812431572, 343.3794991770268, 48.92367885486341, 44.804620540534515, 3.735278654390798, 108.19694543209839, 54.49426267945123, 89.92881842013406, 48.512721422574906, 14.427337510963682, 4.1588619603836605, 23.366414998898858, 58.740590037648346, 38.62655218875493, 175.0467130875424, 182.2432769109882, 62.863192919737216, 56.64987722012414, 58.90034315126684, 324.2866876905098, 10.315598291934744, 79.39186718808428, 4.676654710675165]]"
426,"[[(0, 22), (0, 23), (0, 39), (11, 19), (20, 31), (20, 32), (22, 5), (10, 15), (24, 25), (2, 32), (6, 24), (17, 7), (17, 26), (17, 29), (3, 16), (16, 6), (19, 30), (26, 28), (37, 30), (4, 2), (21, 10), (7, 12), (8, 27), (27, 5), (31, 24), (31, 35), (31, 38), (14, 37), (33, 17), (33, 25), (33, 32)]]","[[327.51370332467945, 29.392293644442802, 1150.3757605254882, 156.4055277031652, 19.78166590168703, 136.021716552096, 222.665083000219, 2.850592626773113, 23.215216110940794, 296.07324728408, 54.42508099135857, 48.12085868635524, 1.7607620591846365, 144.72849932698912, 61.49294001719709, 81.13176404827617, 51.89528848597418, 17.310569705553313, 3.1818337806070685, 23.80219806383593, 75.08815343359218, 73.15612110370444, 124.20980738259406, 248.46913255836571, 62.65869338136636, 45.907629557398074, 117.0097150079179, 568.0547000387528, 13.548852045782702, 88.5555431145303, 1.0703027681421995]]"
427,"[[(0, 22), (0, 23), (0, 39), (11, 19), (20, 31), (20, 32), (22, 5), (10, 15), (24, 25), (2, 32), (6, 24), (17, 7), (17, 26), (17, 29), (3, 16), (16, 6), (19, 30), (26, 28), (37, 30), (4, 2), (21, 10), (7, 12), (8, 27), (27, 5), (31, 24), (31, 35), (31, 38), (14, 37), (33, 17), (33, 25), (33, 32)]]","[[302.0450051826773, 46.21191589134729, 539.786351846638, 71.18545307091958, 40.99560390767123, 135.36090276690913, 172.70359687260955, 4.8474139050897405, 0.2029938852543176, 411.19003989654993, 50.517384077583614, 50.034017498447604, 2.4734380719827427, 59.98407081160867, 52.72310628726066, 127.67324486839088, 44.70982937379892, 6.1754282925744555, 4.353251617270042, 24.823843550520838, 37.13570984119825, 51.64950500153191, 242.16900453319036, 253.99479192343557, 79.28877358327824, 90.89819262943166, 108.71294706155675, 38.076654375281805, 14.727100081423547, 81.52022883437809, 5.087636089104904]]"
428,"[[(0, 22), (0, 23), (0, 39), (11, 19), (20, 31), (20, 32), (22, 5), (10, 15), (24, 25), (2, 32), (6, 24), (17, 7), (17, 26), (17, 29), (3, 16), (16, 6), (19, 30), (26, 28), (37, 30), (4, 2), (21, 10), (7, 12), (8, 27), (27, 5), (31, 24), (31, 35), (31, 38), (14, 37), (33, 17), (33, 25), (33, 32)]]","[[293.41645803506435, 94.31887420592359, 380.55871393762675, 163.36184870824485, 13.001284529758875, 139.6385581024942, 203.97788639384987, 3.9667795796698426, 21.74469767280199, 358.26568834220035, 50.5289205657361, 46.591547126752516, 4.4237926291894425, 129.82126214504933, 27.467859546737593, 49.40001711954698, 67.40770834919938, 12.193990122437738, 4.870172447770389, 24.41213284888113, 58.34017976178213, 36.7706305874236, 89.61319879414695, 252.88974095374263, 76.5015590980657, 35.09247848067684, 75.6609155833188, 481.8223648518969, 14.886837072239073, 77.19800123172132, 7.95862809328947]]"
429,"[[(0, 22), (0, 23), (0, 39), (11, 19), (20, 31), (20, 32), (22, 5), (10, 15), (24, 25), (2, 32), (6, 24), (17, 7), (17, 26), (17, 29), (3, 16), (16, 6), (19, 30), (26, 28), (37, 30), (4, 2), (21, 10), (7, 12), (8, 27), (27, 5), (31, 24), (31, 35), (31, 38), (14, 37), (33, 17), (33, 25), (33, 32)]]","[[146.01856595029642, 55.33941030265304, 285.78900457252547, 122.01310564910831, 38.33122593089635, 143.1896341051476, 173.54453834398726, 1.1349148195664833, 10.351207764857529, 270.95230225068747, 51.67353607896343, 47.009182652089336, 3.714596343087296, 47.161837704126825, 78.85523765008082, 96.57205955096317, 70.39933471900697, 11.00681799482798, 4.825753442308419, 23.882614897688, 18.046820278351987, 74.61363846641036, 209.245695421845, 301.8629367118567, 67.9836743409785, 62.96972509198679, 71.97289498004679, 468.75883315855725, 15.087602415163776, 84.66977779588147, 3.771928538173677]]"
430,"[[(0, 22), (0, 23), (0, 39), (11, 19), (20, 31), (20, 32), (22, 5), (10, 15), (24, 25), (2, 32), (6, 24), (17, 7), (17, 26), (17, 29), (3, 16), (16, 6), (19, 30), (26, 28), (37, 30), (4, 2), (21, 10), (7, 12), (8, 27), (27, 5), (31, 24), (31, 35), (31, 38), (14, 37), (33, 17), (33, 25), (33, 32)]]","[[230.41726981554012, 65.3749384664328, 760.8814678222042, 88.88802620577812, 28.823357008525313, 130.95936611519573, 194.0326225035745, 4.728058808835147, 0.9156399583129391, 290.01087585769193, 53.60606260240984, 44.436376168814206, 1.012107546777964, 137.07716491778928, 31.810171688698453, 102.3899820763476, 58.251695265916325, 6.667099327148377, 3.4027951939245247, 24.629017667153985, 34.98675306509236, 74.79117611687153, 224.39081450795953, 390.2353102241558, 75.70452081719156, 43.76711551394031, 165.7567996347142, 439.5688195907165, 14.218652363011756, 94.7555084945285, 1.3460702292551607]]"
431,"[[(0, 22), (0, 23), (0, 39), (11, 19), (20, 31), (20, 32), (22, 5), (10, 15), (24, 25), (2, 32), (6, 24), (17, 7), (17, 26), (17, 29), (3, 16), (16, 6), (19, 30), (26, 28), (37, 30), (4, 2), (21, 10), (7, 12), (8, 27), (27, 5), (31, 24), (31, 35), (31, 38), (14, 37), (33, 17), (33, 25), (33, 32)]]","[[320.20596181454675, 71.20873946378296, 564.7012390882451, 38.19891781238675, 8.999794332729149, 142.8900511545053, 211.4403224983152, 3.167317235440868, 20.98560312669233, 387.28843967466054, 54.97403522019664, 37.805561607923636, 3.2388797381513053, 156.0119641431355, 32.90045587965805, 113.74148378071385, 44.79796655438241, 5.680232830373841, 4.482101722037589, 24.210946486540838, 59.568013310440854, 19.367210131198526, 182.09707456644517, 179.6246233248787, 73.00264638526737, 39.98068306804953, 61.93346309828774, 535.8124997368326, 15.34561055770758, 83.02905372493109, 3.552507637715083]]"
432,"[[(0, 22), (0, 23), (0, 39), (11, 19), (20, 31), (20, 32), (22, 5), (10, 15), (24, 25), (2, 32), (6, 24), (17, 7), (17, 26), (17, 29), (3, 16), (16, 6), (19, 30), (26, 28), (37, 30), (4, 2), (21, 10), (7, 12), (8, 27), (27, 5), (31, 24), (31, 35), (31, 38), (14, 37), (33, 17), (33, 25), (33, 32)]]","[[145.01749154954945, 45.77715780369121, 775.1977015900861, 106.92166818431424, 19.334461297312277, 139.2861464378915, 175.8590782509975, 3.9680946272664586, 13.274900736175923, 332.26154445725285, 48.83194877111273, 43.54680052566258, 2.2949755035459987, 61.576977504207406, 64.64580251677069, 119.30255376347964, 42.73849504533649, 7.1134432326873736, 3.0953002156277605, 23.402168105974024, 79.36717362918316, 30.20338168403499, 186.0364050734614, 209.23342382342636, 65.8772235551867, 56.74269672206633, 174.17527994530562, 328.71934738111315, 9.061609927947037, 77.2553444605987, 3.2570481583833057]]"
433,"[[(0, 22), (0, 23), (0, 39), (11, 19), (20, 31), (20, 32), (22, 5), (10, 15), (24, 25), (2, 32), (6, 24), (17, 7), (17, 26), (17, 29), (3, 16), (16, 6), (19, 30), (26, 28), (37, 30), (4, 2), (21, 10), (7, 12), (8, 27), (27, 5), (31, 24), (31, 35), (31, 38), (14, 37), (33, 17), (33, 25), (33, 32)]]","[[367.5839150404333, 59.894806315768236, 1162.4713669546566, 131.02183820142074, 12.894805954854206, 131.23936861543655, 172.73306163479518, 3.152593545178475, 16.915072719522733, 362.0160742656816, 52.346643242629675, 50.41054604758097, 2.402665649444804, 118.94701704897315, 67.11899649242213, 50.72736605779574, 67.63794784715977, 16.86707158664904, 3.464053645673795, 23.58983207886467, 47.97696024063299, 39.649848186652584, 299.30100595362285, 241.82850859075427, 64.42542347305654, 34.399348500267145, 36.228898963650245, 55.03035679510679, 15.743916386423297, 81.56216483357281, 1.954899859702584]]"
434,"[[(0, 22), (0, 23), (0, 39), (11, 19), (20, 31), (20, 32), (22, 5), (10, 15), (24, 25), (2, 32), (6, 24), (17, 7), (17, 26), (17, 29), (3, 16), (16, 6), (19, 30), (26, 28), (37, 30), (4, 2), (21, 10), (7, 12), (8, 27), (27, 5), (31, 24), (31, 35), (31, 38), (14, 37), (33, 17), (33, 25), (33, 32)]]","[[151.32880391598124, 113.65479829223915, 880.3822970060222, 102.94955364771599, 31.839432423559913, 136.52694878551065, 201.01591984557598, 4.83582310290835, 25.774151528992196, 385.93408063453774, 48.12212632350873, 51.481230234308626, 4.033479499433918, 61.60730352160267, 30.73547947124041, 44.770076137872486, 37.69087748724071, 5.242100737443779, 4.098442138471343, 23.948978920305063, 38.40788634660666, 54.762142044769746, 289.1757855729538, 322.2606244252769, 62.882572610330726, 94.88249761749438, 21.655037510681392, 113.81756605345913, 12.164479331276274, 88.54043566771223, 1.9718928874383348]]"
435,"[[(0, 22), (0, 23), (0, 39), (11, 19), (20, 31), (20, 32), (22, 5), (10, 15), (24, 25), (2, 32), (6, 24), (17, 7), (17, 26), (17, 29), (3, 16), (16, 6), (19, 30), (26, 28), (37, 30), (4, 2), (21, 10), (7, 12), (8, 27), (27, 5), (31, 24), (31, 35), (31, 38), (14, 37), (33, 17), (33, 25), (33, 32)]]","[[305.54438395703374, 43.28268407847104, 66.7543958758158, 45.42391469238075, 19.166074478501212, 130.3965525612489, 222.66448506287506, 3.914824961965839, 5.827510954703094, 301.30050231759606, 50.63838707062974, 39.96057386080719, 1.2667481380806556, 64.71702429876504, 71.05070555736927, 26.06294005989149, 50.86739630886418, 11.096303218870403, 4.484772051668566, 24.152713112763053, 9.179729813577005, 51.41600858386861, 141.09806834292482, 274.17510634618054, 70.19823977119566, 48.11184198268066, 102.52852881509263, 254.34591301677665, 10.529317882575548, 87.10965832838708, 3.3473143516916206]]"
436,"[[(0, 22), (0, 23), (0, 39), (11, 19), (20, 31), (20, 32), (22, 5), (10, 15), (24, 25), (2, 32), (6, 24), (17, 7), (17, 26), (17, 29), (3, 16), (16, 6), (19, 30), (26, 28), (37, 30), (4, 2), (21, 10), (7, 12), (8, 27), (27, 5), (31, 24), (31, 35), (31, 38), (14, 37), (33, 17), (33, 25), (33, 32)]]","[[354.13498811471334, 73.0050755909546, 213.15599349203137, 94.74195985482056, 39.01396001642037, 136.76140665708743, 208.60410276103696, 2.6892403408284298, 20.383075024851475, 414.94795046727063, 53.269797731378986, 44.83547960524083, 1.647441812556612, 71.55467277421644, 35.735531424405934, 64.58287925915573, 62.90198680525323, 5.575374437565791, 3.905632017513942, 24.39214342150744, 77.44717039140407, 40.81776822543759, 344.80553880805144, 171.64166771261932, 62.17243607358195, 73.37535663792916, 61.14715272066017, 570.7202839849565, 10.133521649862477, 79.56403345095151, 6.210080492953365]]"
437,"[[(0, 22), (0, 23), (0, 39), (11, 19), (20, 31), (20, 32), (22, 5), (10, 15), (24, 25), (2, 32), (6, 24), (17, 7), (17, 26), (17, 29), (3, 16), (16, 6), (19, 30), (26, 28), (37, 30), (4, 2), (21, 10), (7, 12), (8, 27), (27, 5), (31, 24), (31, 35), (31, 38), (14, 37), (33, 17), (33, 25), (33, 32)]]","[[157.1257724616715, 21.506776417315667, 1167.7112069351276, 53.49270500365927, 12.908781379949222, 143.21695313454234, 209.8939942801118, 4.367790826630861, 8.44583803997294, 324.06803189328286, 51.7684950365945, 48.08576091555493, 3.9035285327090343, 79.83743857756738, 44.455152305322976, 55.06644543068976, 61.33563140439936, 9.604481781638857, 4.292321499783341, 23.975789335734028, 42.24736286379822, 17.836145203002207, 203.6452475417603, 374.7937439806688, 74.19686236325194, 46.533454344715985, 63.068394154776, 352.1303428828894, 15.257604976986565, 94.31724949246662, 7.709564113255638]]"
438,"[[(0, 22), (0, 23), (0, 39), (11, 19), (20, 31), (20, 32), (22, 5), (10, 15), (24, 25), (2, 32), (6, 24), (17, 7), (17, 26), (17, 29), (3, 16), (16, 6), (19, 30), (26, 28), (37, 30), (4, 2), (21, 10), (7, 12), (8, 27), (27, 5), (31, 24), (31, 35), (31, 38), (14, 37), (33, 17), (33, 25), (33, 32)]]","[[139.47718019780083, 77.33494676606712, 221.6557954391668, 122.65439951564257, 46.64074063928345, 132.0515423716716, 227.08576397893708, 1.3835041325633521, 13.652235715844878, 379.59483628852735, 55.66075366671894, 53.3155983484437, 2.6472925211583824, 81.9412152336619, 63.40122100441058, 60.844022164546445, 51.95423495182435, 17.386350028038855, 4.860988837252407, 23.243877177204773, 7.799464776676792, 82.9713337010912, 119.4501013806155, 195.86737527609972, 73.65795455148661, 96.16576083062054, 141.9595148728212, 623.5860603357273, 10.189147076871151, 92.29459969786942, 2.2384542953643525]]"
439,"[[(0, 22), (0, 23), (0, 39), (11, 19), (20, 31), (20, 32), (22, 5), (10, 15), (24, 25), (2, 32), (6, 24), (17, 7), (17, 26), (17, 29), (3, 16), (16, 6), (19, 30), (26, 28), (37, 30), (4, 2), (21, 10), (7, 12), (8, 27), (27, 5), (31, 24), (31, 35), (31, 38), (14, 37), (33, 17), (33, 25), (33, 32)]]","[[144.49883296611972, 116.51694478115887, 401.3431547745361, 138.0510802540607, 37.26419243177396, 139.17026563471558, 173.90534664019745, 2.6638217623389946, 15.671460538638279, 298.849278805955, 55.94190831338138, 40.47753570603809, 3.5420586414749744, 149.08358836162688, 37.9764845007885, 103.74099869610929, 70.7762779976375, 16.41295832600252, 4.270960748639028, 24.329945246148625, 17.581567663318786, 38.41853816686281, 343.2324990659119, 394.0414362305693, 73.96446763326986, 66.44621904000724, 115.21007129933832, 440.8139682122842, 13.728759944455657, 75.95243609783445, 4.032182842436821]]"
440,"[[(0, 22), (0, 23), (0, 39), (11, 19), (20, 31), (20, 32), (22, 5), (10, 15), (24, 25), (2, 32), (6, 24), (17, 7), (17, 26), (17, 29), (3, 16), (16, 6), (19, 30), (26, 28), (37, 30), (4, 2), (21, 10), (7, 12), (8, 27), (27, 5), (31, 24), (31, 35), (31, 38), (14, 37), (33, 17), (33, 25), (33, 32)]]","[[368.14049492238354, 115.67208822957232, 179.83415609833494, 81.18486513552713, 39.214068713245396, 134.27675395231483, 212.347365269496, 3.1311089431107866, 5.540510537393603, 378.0070852454599, 52.94754420785478, 38.10776522946929, 2.284589129863483, 50.126519415685834, 29.879540473019315, 51.36626061994063, 58.49175447311595, 17.99090752148102, 4.9208597792566735, 23.000070907851708, 52.11667325981822, 46.145274392191126, 274.6137633982324, 236.53766186689967, 79.84741656983596, 36.23892367796595, 108.45341940012264, 287.6507341874206, 11.525871448507488, 90.89772403901367, 6.378754752607363]]"
441,"[[(0, 22), (0, 23), (0, 39), (11, 19), (20, 31), (20, 32), (22, 5), (10, 15), (24, 25), (2, 32), (6, 24), (17, 7), (17, 26), (17, 29), (3, 16), (16, 6), (19, 30), (26, 28), (37, 30), (4, 2), (21, 10), (7, 12), (8, 27), (27, 5), (31, 24), (31, 35), (31, 38), (14, 37), (33, 17), (33, 25), (33, 32)]]","[[286.8562735159512, 75.63981887548893, 83.6575238827315, 132.91811908253425, 46.85513093620378, 141.55248368009183, 192.35360774570478, 1.7776467827196911, 7.068958861484257, 374.3665108682168, 48.195926794907, 37.4297761993492, 1.4642897404142343, 136.4529661960973, 53.07319506935837, 100.30774906197166, 56.21578533534412, 7.619635818470764, 4.69263834144111, 24.36103175901482, 34.42666288942638, 75.67023663667848, 377.0017196611517, 393.385613982184, 65.51677588509445, 58.57538644936229, 73.79783399079862, 556.5443738044207, 12.397817659902863, 86.65781338100786, 4.338593187275473]]"
442,"[[(0, 22), (0, 23), (0, 39), (11, 19), (20, 31), (20, 32), (22, 5), (10, 15), (24, 25), (2, 32), (6, 24), (17, 7), (17, 26), (17, 29), (3, 16), (16, 6), (19, 30), (26, 28), (37, 30), (4, 2), (21, 10), (7, 12), (8, 27), (27, 5), (31, 24), (31, 35), (31, 38), (14, 37), (33, 17), (33, 25), (33, 32)]]","[[201.57576253332775, 23.674334078290254, 1085.8195732667393, 118.50909015824473, 46.040512672701794, 137.86194063508754, 224.37615853690534, 1.2500287410404458, 23.02299195445015, 322.02840728106776, 51.6178421547487, 45.5303295451241, 3.3968632194982296, 80.85740887242517, 74.76755081481926, 121.18551951152759, 65.66621409904766, 17.870080358532963, 4.858575327307108, 24.47128018428858, 49.59339848216784, 34.0292642423592, 81.16009125218919, 385.65132101177124, 65.19297510111056, 102.16629853954468, 130.17181006674662, 37.977729882785, 11.920880603935633, 92.27347942969027, 5.247420425325218]]"
443,"[[(0, 22), (0, 23), (0, 39), (11, 19), (20, 31), (20, 32), (22, 5), (10, 15), (24, 25), (2, 32), (6, 24), (17, 7), (17, 26), (17, 29), (3, 16), (16, 6), (19, 30), (26, 28), (37, 30), (4, 2), (21, 10), (7, 12), (8, 27), (27, 5), (31, 24), (31, 35), (31, 38), (14, 37), (33, 17), (33, 25), (33, 32)]]","[[266.78150182484455, 62.60606877717211, 1026.2584195837635, 149.89851563246327, 41.22744542912883, 136.60305358070784, 195.3248066490825, 4.619067552958274, 3.4508014811571726, 309.7468410794454, 54.54233555480229, 53.319506791227376, 3.3142924820110116, 98.87755780338377, 70.81725078749727, 69.13404683867549, 68.52872882354038, 19.857520856876025, 4.672875418145784, 23.42459855984061, 47.84181937401508, 23.783778888373483, 99.48248056436519, 337.9494359037085, 75.20722017717087, 74.4020007668102, 172.59529252373895, 220.45420741413932, 11.720074640032635, 84.9964915694762, 5.5163007219409]]"
444,"[[(0, 22), (0, 23), (0, 39), (11, 19), (20, 31), (20, 32), (22, 5), (10, 15), (24, 25), (2, 32), (6, 24), (17, 7), (17, 26), (17, 29), (3, 16), (16, 6), (19, 30), (26, 28), (37, 30), (4, 2), (21, 10), (7, 12), (8, 27), (27, 5), (31, 24), (31, 35), (31, 38), (14, 37), (33, 17), (33, 25), (33, 32)]]","[[148.96881613499198, 83.89171896955148, 357.0080572894609, 114.61904388319384, 3.6575131752586927, 130.6102819233918, 186.76392486910166, 2.218600438885239, 11.817939640227529, 273.2502580250612, 54.96390754782133, 44.65709697889638, 1.0831820088248048, 119.68743490720813, 62.50345584900349, 122.69182158962997, 37.731915824501414, 4.759754916946262, 4.664699571675708, 23.559993887036867, 20.226917949416915, 17.909602486719077, 348.56589587020716, 339.2085303161832, 72.16668792599121, 104.82757147486443, 82.19797164120803, 384.1282638317775, 8.546449730389364, 90.9653215681532, 6.1113171950788026]]"
445,"[[(0, 22), (0, 23), (0, 39), (11, 19), (20, 31), (20, 32), (22, 5), (10, 15), (24, 25), (2, 32), (6, 24), (17, 7), (17, 26), (17, 29), (3, 16), (16, 6), (19, 30), (26, 28), (37, 30), (4, 2), (21, 10), (7, 12), (8, 27), (27, 5), (31, 24), (31, 35), (31, 38), (14, 37), (33, 17), (33, 25), (33, 32)]]","[[259.3884964314502, 25.195567091376237, 974.8743697579669, 138.34656853097871, 19.464401717273137, 136.21810379418247, 175.74257837578207, 1.2008675940842606, 16.598651477809284, 375.41293105431754, 55.92548299225656, 38.09684908801185, 3.319500931258448, 122.029624779763, 35.592079731299215, 85.6044229120356, 48.44583749181845, 8.769871382451363, 4.073975908833373, 24.270734078740762, 32.60897480642264, 73.34881156121614, 211.73592346461143, 231.26451683964711, 81.30071180550323, 102.1376132002713, 121.98225716218215, 136.5945150110739, 11.037199815246273, 89.20426466987982, 3.0710776819954937]]"
446,"[[(0, 22), (0, 23), (0, 39), (11, 19), (20, 31), (20, 32), (22, 5), (10, 15), (24, 25), (2, 32), (6, 24), (17, 7), (17, 26), (17, 29), (3, 16), (16, 6), (19, 30), (26, 28), (37, 30), (4, 2), (21, 10), (7, 12), (8, 27), (27, 5), (31, 24), (31, 35), (31, 38), (14, 37), (33, 17), (33, 25), (33, 32)]]","[[329.68615436915286, 61.125363031983625, 603.6885240016069, 45.36881341636362, 8.949168890661923, 132.59497251865318, 230.93471234023832, 1.2525105103868301, 0.08891535083361668, 312.62965062771883, 48.97929582343024, 53.3632896979826, 2.0457474630424106, 80.74989877547084, 75.01465868434153, 30.690658409392324, 67.55160082138275, 19.890253715315836, 4.63793496082115, 23.880227234859774, 45.60393771021817, 86.52493177657803, 403.62103234500506, 150.46101269506312, 82.11289319773562, 35.41130439642949, 39.207606334521294, 201.80279899378797, 8.170629780020715, 84.68973464304837, 5.725806907356283]]"
447,"[[(0, 22), (0, 23), (0, 39), (11, 19), (20, 31), (20, 32), (22, 5), (10, 15), (24, 25), (2, 32), (6, 24), (17, 7), (17, 26), (17, 29), (3, 16), (16, 6), (19, 30), (26, 28), (37, 30), (4, 2), (21, 10), (7, 12), (8, 27), (27, 5), (31, 24), (31, 35), (31, 38), (14, 37), (33, 17), (33, 25), (33, 32)]]","[[183.97188506334612, 76.86436747948804, 1036.8559020912735, 46.35451013326074, 37.232696408806845, 141.18740104661438, 183.8019171434002, 4.673858600934022, 7.729603570017547, 312.5902032313254, 49.4819538405685, 46.22190367403246, 4.618717217942052, 72.29678870559974, 53.74618483773334, 28.96864701692204, 41.56624281027405, 15.886711546210053, 3.6892851028631073, 24.84451227969092, 36.692701249336366, 17.830970626096686, 375.3905247184225, 328.1886020143762, 79.3726718464703, 48.21599596149698, 48.39602974261338, 619.4212692089867, 8.514364305421218, 94.1725708896376, 4.451936795085187]]"
448,"[[(0, 22), (0, 23), (0, 39), (11, 19), (20, 31), (20, 32), (22, 5), (10, 15), (24, 25), (2, 32), (6, 24), (17, 7), (17, 26), (17, 29), (3, 16), (16, 6), (19, 30), (26, 28), (37, 30), (4, 2), (21, 10), (7, 12), (8, 27), (27, 5), (31, 24), (31, 35), (31, 38), (14, 37), (33, 17), (33, 25), (33, 32)]]","[[256.15393318222397, 23.34843751827049, 1115.0828182453931, 99.71661028244105, 45.63421223569781, 136.55708704149308, 190.68624113485137, 2.4443362369395425, 16.009188612324124, 380.13571975348646, 54.3323476778263, 45.982629710032114, 2.2278579436545893, 108.80072476825627, 30.29502768146086, 79.92490213212626, 48.42799033419046, 2.9263861667734816, 4.781393161462596, 23.150319777485542, 44.46675909957783, 17.80130601927806, 306.5364067349358, 362.16941965331176, 80.59129115429867, 83.59676298467497, 51.97094131661554, 258.38224395895065, 12.802290387732764, 83.93064120983934, 2.793569371074252]]"
449,"[[(0, 22), (0, 23), (0, 39), (11, 19), (20, 31), (20, 32), (22, 5), (10, 15), (24, 25), (2, 32), (6, 24), (17, 7), (17, 26), (17, 29), (3, 16), (16, 6), (19, 30), (26, 28), (37, 30), (4, 2), (21, 10), (7, 12), (8, 27), (27, 5), (31, 24), (31, 35), (31, 38), (14, 37), (33, 17), (33, 25), (33, 32)]]","[[331.27889156831765, 115.33381069796971, 614.0613039621361, 110.10971731160002, 45.69889240014697, 141.27907335653504, 200.93267553433162, 2.831461794750665, 20.829412728362072, 403.43352983678324, 51.79953149046335, 49.005446425820566, 3.0197054446791913, 80.68873552558748, 79.54683760573377, 70.25032763470287, 59.39487216142989, 7.112305581534345, 4.900778844698923, 23.335316743001393, 35.747005980828, 17.7567080832433, 80.55236472702698, 292.7861673860685, 60.69769270476573, 107.35475292148327, 99.22761955834942, 395.89151318192586, 9.873380563951091, 94.64827987224761, 3.8610882886614366]]"
450,"[[(0, 22), (0, 23), (0, 39), (11, 19), (20, 31), (20, 32), (22, 5), (10, 15), (24, 25), (2, 32), (6, 24), (17, 7), (17, 26), (17, 29), (3, 16), (16, 6), (19, 30), (26, 28), (37, 30), (4, 2), (21, 10), (7, 12), (8, 27), (27, 5), (31, 24), (31, 35), (31, 38), (14, 37), (33, 17), (33, 25), (33, 32)]]","[[141.0858656908105, 55.90285671054771, 375.03380740644474, 88.9715473070651, 22.92041779034738, 135.61195766311914, 196.07395178854648, 4.920583594299728, 22.188338658472606, 358.8672359247487, 55.273067697538586, 44.204458878717034, 2.862346860570221, 137.2215053274047, 71.92445134897194, 42.027563522973786, 47.936343990824774, 19.413193390042377, 3.4798446512033245, 24.02901541347099, 83.5514432659331, 21.772993129845727, 295.7376839363278, 290.12199932385414, 69.24876612271197, 77.1731372889027, 29.246537879352758, 109.57671863532127, 12.80576469924188, 94.84430954568434, 2.2065182249114104]]"
451,"[[(0, 22), (0, 23), (0, 39), (11, 19), (20, 31), (20, 32), (22, 5), (10, 15), (24, 25), (2, 32), (6, 24), (17, 7), (17, 26), (17, 29), (3, 16), (16, 6), (19, 30), (26, 28), (37, 30), (4, 2), (21, 10), (7, 12), (8, 27), (27, 5), (31, 24), (31, 35), (31, 38), (14, 37), (33, 17), (33, 25), (33, 32)]]","[[320.69301514174003, 96.04276773793913, 805.8461845693214, 68.3361958983626, 36.25387706981639, 139.37072492574146, 191.0008962179079, 2.5237830878249765, 10.896524576229599, 343.87921580844824, 50.4164484736064, 41.898968944987665, 1.6867868692319155, 115.4943444995107, 32.08653874588479, 55.38966803483565, 51.47726829901129, 14.195604634053499, 4.160804258540558, 23.95062025300147, 41.7657399482066, 76.38456582339273, 82.09874997030002, 375.7080115838696, 66.6844177627037, 90.07337146326955, 177.38240964353406, 239.34990022800815, 11.6957420797847, 77.20647520028665, 5.344330278486276]]"
452,"[[(0, 22), (0, 23), (0, 39), (11, 19), (20, 31), (20, 32), (22, 5), (10, 15), (24, 25), (2, 32), (6, 24), (17, 7), (17, 26), (17, 29), (3, 16), (16, 6), (19, 30), (26, 28), (37, 30), (4, 2), (21, 10), (7, 12), (8, 27), (27, 5), (31, 24), (31, 35), (31, 38), (14, 37), (33, 17), (33, 25), (33, 32)]]","[[149.6732586152905, 36.703718722157284, 485.75976011602967, 52.70357567484558, 29.456493165837244, 131.44693039697094, 172.58400400064298, 1.1295316721056503, 22.439370639234674, 401.3860980210883, 55.19333118107274, 39.26195108908938, 3.5588855284689958, 108.98078661887425, 49.06774142862959, 112.3503062083388, 53.92907057576885, 3.563678658303968, 3.0345960819269213, 24.35316265712916, 60.73618602325312, 67.2441413518819, 73.38584997165489, 340.55388580059423, 60.48159060997757, 103.92600653292276, 74.22922218247757, 281.2943344385569, 9.816236642846171, 93.55617963765141, 2.896294556274623]]"
453,"[[(0, 22), (0, 23), (0, 39), (11, 19), (20, 31), (20, 32), (22, 5), (10, 15), (24, 25), (2, 32), (6, 24), (17, 7), (17, 26), (17, 29), (3, 16), (16, 6), (19, 30), (26, 28), (37, 30), (4, 2), (21, 10), (7, 12), (8, 27), (27, 5), (31, 24), (31, 35), (31, 38), (14, 37), (33, 17), (33, 25), (33, 32)]]","[[192.5604303238515, 49.87931240586701, 733.7697318720672, 129.59402493435744, 31.068465421136302, 138.08239345885346, 198.92212024118328, 1.4577729202349352, 20.45648198410104, 348.855010449881, 54.24755806506265, 38.02145640860844, 1.2169913786193538, 98.54288115843727, 50.46691776714154, 95.95374784220792, 49.60817686882102, 3.8676970555280312, 4.269670247287085, 23.428442242395665, 48.64203967760118, 48.51901571478765, 266.07874132272246, 377.36532006417303, 62.89436846599553, 109.9858927375429, 69.19844925870949, 127.44354653305372, 9.911902933816295, 77.61787631492011, 4.713841228810111]]"
454,"[[(0, 22), (0, 23), (0, 39), (11, 19), (20, 31), (20, 32), (22, 5), (10, 15), (24, 25), (2, 32), (6, 24), (17, 7), (17, 26), (17, 29), (3, 16), (16, 6), (19, 30), (26, 28), (37, 30), (4, 2), (21, 10), (7, 12), (8, 27), (27, 5), (31, 24), (31, 35), (31, 38), (14, 37), (33, 17), (33, 25), (33, 32)]]","[[324.4623868823739, 68.9986910573206, 199.9460107304667, 118.92842879381553, 44.89737529124602, 140.67696266536902, 181.25019547334253, 4.414367860226909, 19.320813883565087, 321.08987943434784, 49.09874247783485, 52.842162442436134, 2.520936716991642, 130.46476687279542, 65.74632337899456, 78.19024013825657, 53.22650960538546, 4.662591668297509, 3.2324436328398543, 24.458972922953148, 29.6906271978154, 69.4007511555387, 230.27934345383284, 289.03670788387154, 67.47112373650033, 51.21329211630554, 181.36400046188632, 242.5573733411876, 11.59149123732487, 76.82019138000233, 6.581815144401846]]"
455,"[[(0, 22), (0, 23), (0, 39), (11, 19), (20, 31), (20, 32), (22, 5), (10, 15), (24, 25), (2, 32), (6, 24), (17, 7), (17, 26), (17, 29), (3, 16), (16, 6), (19, 30), (26, 28), (37, 30), (4, 2), (21, 10), (7, 12), (8, 27), (27, 5), (31, 24), (31, 35), (31, 38), (14, 37), (33, 17), (33, 25), (33, 32)]]","[[199.4765955098514, 96.44910339609254, 350.32025320418796, 147.35544359075976, 37.908157605933184, 132.83807373156301, 221.39921724563533, 4.02143449112634, 6.672062479403393, 288.50675842628044, 50.913118498381536, 39.61225121889655, 4.084894635042281, 132.10414740511345, 58.087877580832014, 111.66722003431776, 67.49576370035389, 11.619959831891478, 3.4501266548238574, 23.991805021324502, 9.559630871481275, 35.80840980555837, 267.91314712516396, 255.7402003156718, 71.37209469963449, 85.76463495861464, 102.45597030344496, 286.85944216888333, 14.63186155694315, 93.801122438497, 5.536098033806383]]"
456,"[[(0, 22), (0, 23), (0, 39), (11, 19), (20, 31), (20, 32), (22, 5), (10, 15), (24, 25), (2, 32), (6, 24), (17, 7), (17, 26), (17, 29), (3, 16), (16, 6), (19, 30), (26, 28), (37, 30), (4, 2), (21, 10), (7, 12), (8, 27), (27, 5), (31, 24), (31, 35), (31, 38), (14, 37), (33, 17), (33, 25), (33, 32)]]","[[247.16398512017787, 73.59017462153795, 241.80289709697897, 48.35266926756064, 23.209124869124953, 142.9703435565492, 228.54935392703584, 2.768439439563394, 8.277568870432697, 332.1996590116982, 54.60598066647559, 41.73159071420592, 1.2847777768584892, 55.76161245526118, 74.38928663316184, 99.97799348900867, 42.00629298515886, 13.388911542217754, 4.770726197781537, 24.338626485726582, 8.089352184409192, 20.901569699805666, 237.99124770752283, 312.05912343252135, 73.33397891190721, 61.84631290023222, 24.417553776462555, 364.845706154904, 10.538217706352324, 82.54383584059853, 7.700727295689504]]"
457,"[[(0, 22), (0, 23), (0, 39), (11, 19), (20, 31), (20, 32), (22, 5), (10, 15), (24, 25), (2, 32), (6, 24), (17, 7), (17, 26), (17, 29), (3, 16), (16, 6), (19, 30), (26, 28), (37, 30), (4, 2), (21, 10), (7, 12), (8, 27), (27, 5), (31, 24), (31, 35), (31, 38), (14, 37), (33, 17), (33, 25), (33, 32)]]","[[164.27648450860627, 41.7310110898803, 159.3108849986243, 96.9434210482874, 42.42929384395525, 131.20746349690154, 173.0514431194493, 2.1719455120791067, 22.788706173108185, 341.0069731415254, 51.330169864856096, 36.25972277230281, 2.6173718845446747, 94.39786478583464, 52.17339416806604, 54.7769291532711, 63.324795650350985, 18.851851396158878, 3.220814819195991, 23.08270184345644, 62.618390212988075, 70.41334819707086, 112.50388408602221, 221.6404718056938, 75.14857891573463, 103.86058792897428, 147.49649980800206, 30.974081337043778, 11.858450648671974, 80.4527352829352, 3.2142287965540612]]"
458,"[[(0, 22), (0, 23), (0, 39), (11, 19), (20, 31), (20, 32), (22, 5), (10, 15), (24, 25), (2, 32), (6, 24), (17, 7), (17, 26), (17, 29), (3, 16), (16, 6), (19, 30), (26, 28), (37, 30), (4, 2), (21, 10), (7, 12), (8, 27), (27, 5), (31, 24), (31, 35), (31, 38), (14, 37), (33, 17), (33, 25), (33, 32)]]","[[348.63482171419247, 27.849119743823948, 519.997021842313, 69.80415464994536, 48.398191383597826, 130.44569845358592, 221.38600576217453, 1.9544177290962899, 17.386439240550157, 408.9570575615769, 51.97750379276394, 41.48742221743859, 3.6428459885731526, 90.68216225261784, 74.2559246581573, 61.36676487453742, 69.0600025472185, 3.955797529249239, 3.3173252345435564, 23.425530233828898, 31.279238814755615, 47.62770170019038, 298.1025051213917, 181.7643861939905, 78.5052710890781, 73.08003817777809, 36.421445143185736, 609.1051519790026, 13.704555137854047, 80.50438957755063, 3.6013530109096212]]"
459,"[[(0, 22), (0, 23), (0, 39), (11, 19), (20, 31), (20, 32), (22, 5), (10, 15), (24, 25), (2, 32), (6, 24), (17, 7), (17, 26), (17, 29), (3, 16), (16, 6), (19, 30), (26, 28), (37, 30), (4, 2), (21, 10), (7, 12), (8, 27), (27, 5), (31, 24), (31, 35), (31, 38), (14, 37), (33, 17), (33, 25), (33, 32)]]","[[88.6745144496204, 86.14414134204685, 178.90002633683903, 144.57355432469046, 16.068777896030905, 142.50238213805972, 220.88134106982804, 4.1917911395322935, 8.586266901431165, 374.0343325793, 53.08456541901802, 37.335928398609155, 2.063440300943689, 85.96591238495517, 32.59048069009657, 78.84175026567137, 52.83045604975537, 13.320559531100713, 4.809817766781721, 23.791132474448233, 31.66407992895114, 41.1342989009961, 212.56479911461844, 196.78089963785715, 60.92834829059652, 83.76619502516016, 89.4070882145361, 138.5301422878423, 9.196634381154958, 79.37575442594242, 1.362877424900347]]"
460,"[[(0, 22), (0, 23), (0, 39), (11, 19), (20, 31), (20, 32), (22, 5), (10, 15), (24, 25), (2, 32), (6, 24), (17, 7), (17, 26), (17, 29), (3, 16), (16, 6), (19, 30), (26, 28), (37, 30), (4, 2), (21, 10), (7, 12), (8, 27), (27, 5), (31, 24), (31, 35), (31, 38), (14, 37), (33, 17), (33, 25), (33, 32)]]","[[374.772849110309, 67.84763305066672, 712.5954973874262, 146.27355135164055, 19.845215848248674, 138.42756011252484, 206.96415794305847, 4.9643213528805905, 22.218598221132222, 308.3005753312772, 53.15941048677118, 36.10347528780899, 2.9508446834381674, 133.3280385348152, 49.17727657443986, 82.59762741842508, 60.02667914373743, 2.995581195576295, 4.037127910591204, 24.243533975461883, 76.79404340952767, 56.73376584578227, 331.9274515851744, 308.59929299313046, 67.22793177059359, 76.70984983172976, 175.21967440780307, 65.28166720150466, 14.324378778273875, 78.79711568867057, 2.1136048195256913]]"
461,"[[(0, 22), (0, 23), (0, 39), (11, 19), (20, 31), (20, 32), (22, 5), (10, 15), (24, 25), (2, 32), (6, 24), (17, 7), (17, 26), (17, 29), (3, 16), (16, 6), (19, 30), (26, 28), (37, 30), (4, 2), (21, 10), (7, 12), (8, 27), (27, 5), (31, 24), (31, 35), (31, 38), (14, 37), (33, 17), (33, 25), (33, 32)]]","[[129.31006761606386, 96.86882432629228, 729.6458730997405, 166.35155267649975, 46.5760069160942, 142.47051468810295, 195.325336841197, 1.5638079321177751, 2.5543155370580486, 357.42407108136973, 48.78694391821597, 45.964401607937255, 2.6978096770673434, 78.14399003506878, 49.17723289019566, 110.46963942654973, 42.7436395466601, 7.984868830264975, 4.784992867586567, 24.499720808190887, 48.62284532405788, 79.96362880739733, 296.93633973330634, 265.06345270850784, 65.04540334376453, 91.31393519419235, 44.65607393614431, 397.41428736230876, 8.496055013174292, 81.57535241861176, 6.942766573025421]]"
462,"[[(0, 22), (0, 23), (0, 39), (11, 19), (20, 31), (20, 32), (22, 5), (10, 15), (24, 25), (2, 32), (6, 24), (17, 7), (17, 26), (17, 29), (3, 16), (16, 6), (19, 30), (26, 28), (37, 30), (4, 2), (21, 10), (7, 12), (8, 27), (27, 5), (31, 24), (31, 35), (31, 38), (14, 37), (33, 17), (33, 25), (33, 32)]]","[[284.15068027271826, 85.27246336923568, 556.972246913739, 69.39711278000522, 16.41367486803635, 140.7535286462126, 197.34515795683393, 4.464854546516099, 22.420110401424118, 264.3049798705116, 49.8968787428918, 44.83246049050322, 3.066546008284742, 150.9565237152697, 69.49477221964007, 88.62684201748442, 42.34313629044496, 17.452879814733933, 4.767541455083125, 23.784350219212627, 70.97234488208777, 37.498498149974, 288.7866615787399, 226.26082028205437, 64.4988688214116, 67.12424042410825, 69.70422227026663, 515.9250989702105, 10.84077311631248, 87.8110029230785, 4.295966989807687]]"
463,"[[(0, 22), (0, 23), (0, 39), (11, 19), (20, 31), (20, 32), (22, 5), (10, 15), (24, 25), (2, 32), (6, 24), (17, 7), (17, 26), (17, 29), (3, 16), (16, 6), (19, 30), (26, 28), (37, 30), (4, 2), (21, 10), (7, 12), (8, 27), (27, 5), (31, 24), (31, 35), (31, 38), (14, 37), (33, 17), (33, 25), (33, 32)]]","[[255.35780180234286, 88.34341116610672, 887.5232834525036, 147.36048712597903, 5.963628552889983, 139.86234525940583, 211.56966301335132, 2.2316459257850134, 9.386822466058842, 366.37576374794173, 52.21645661378662, 40.156833544226515, 1.4075604477807464, 80.35068987297717, 34.08331069740591, 120.509381860294, 50.28523502835735, 16.259046508440665, 4.781485167543019, 24.18733970772491, 11.006665357613763, 53.85778035841025, 403.4288568522499, 324.90644435628866, 62.6167506356321, 87.72913055152225, 134.84534024066116, 628.4847782609829, 14.409784394414745, 76.82956925129068, 8.0072923036335]]"
464,"[[(0, 22), (0, 23), (0, 39), (11, 19), (20, 31), (20, 32), (22, 5), (10, 15), (24, 25), (2, 32), (6, 24), (17, 7), (17, 26), (17, 29), (3, 16), (16, 6), (19, 30), (26, 28), (37, 30), (4, 2), (21, 10), (7, 12), (8, 27), (27, 5), (31, 24), (31, 35), (31, 38), (14, 37), (33, 17), (33, 25), (33, 32)]]","[[115.36088621681122, 79.224526592787, 264.41792363142656, 104.91165392565851, 37.714103266424694, 131.92631819435715, 186.75482777479442, 4.798159330414962, 20.761807441479014, 274.6091691201176, 52.914354771450874, 41.12528609025975, 3.610907307858778, 109.63811342645346, 49.466395761999514, 64.9668151944255, 42.58337113389693, 16.295086924574502, 3.5127981175106866, 24.620020514658354, 8.540679786904551, 32.03088815942465, 80.20383052097215, 215.9413002383652, 64.54415803229331, 65.23677881900728, 24.671321494930794, 197.0638823685094, 10.097658632176287, 82.62313981581187, 7.778340087386053]]"
465,"[[(0, 22), (0, 23), (0, 39), (11, 19), (20, 31), (20, 32), (22, 5), (10, 15), (24, 25), (2, 32), (6, 24), (17, 7), (17, 26), (17, 29), (3, 16), (16, 6), (19, 30), (26, 28), (37, 30), (4, 2), (21, 10), (7, 12), (8, 27), (27, 5), (31, 24), (31, 35), (31, 38), (14, 37), (33, 17), (33, 25), (33, 32)]]","[[322.20112345310264, 45.79837641517214, 274.90311209164935, 152.3730293827153, 21.4985403400484, 134.57710969885918, 202.4492503752079, 4.85667915851775, 3.4711114533706313, 395.2731376210383, 49.486360316958326, 50.65558298364054, 4.299104416694838, 106.87116667057491, 64.1276344941151, 126.38384636970167, 67.91941367357937, 5.736930930028809, 4.09511896124585, 23.043938015497023, 27.141050341167713, 47.54289595151285, 108.55001604825098, 323.0723649765167, 69.18524496124067, 48.40338101231226, 38.80374496897275, 570.0221205356557, 15.357686670773129, 85.99997359544733, 6.2451512283292]]"
466,"[[(0, 22), (0, 23), (0, 39), (11, 19), (20, 31), (20, 32), (22, 5), (10, 15), (24, 25), (2, 32), (6, 24), (17, 7), (17, 26), (17, 29), (3, 16), (16, 6), (19, 30), (26, 28), (37, 30), (4, 2), (21, 10), (7, 12), (8, 27), (27, 5), (31, 24), (31, 35), (31, 38), (14, 37), (33, 17), (33, 25), (33, 32)]]","[[172.33200684281013, 63.67335099360619, 493.5908380128911, 94.90191152976269, 13.770300941032449, 135.0286246579921, 184.39709663156532, 4.506103137674755, 3.012294024969453, 345.0118651071802, 54.57891122245725, 44.011631590597005, 1.1870541633427227, 153.2695011651123, 37.04640178186068, 94.5255477295059, 52.66750369923166, 19.817242591387195, 3.212166107724382, 23.722909576257585, 7.5573312356008415, 43.897864756225985, 415.53641020029823, 211.0609690514973, 80.80629174184477, 78.59092686514616, 74.20499513948164, 174.3319228882442, 11.668722982223452, 79.04992582507434, 4.202251357343165]]"
467,"[[(0, 22), (0, 23), (0, 39), (11, 19), (20, 31), (20, 32), (22, 5), (10, 15), (24, 25), (2, 32), (6, 24), (17, 7), (17, 26), (17, 29), (3, 16), (16, 6), (19, 30), (26, 28), (37, 30), (4, 2), (21, 10), (7, 12), (8, 27), (27, 5), (31, 24), (31, 35), (31, 38), (14, 37), (33, 17), (33, 25), (33, 32)]]","[[313.0873326170765, 76.0041086707849, 457.2800407939967, 74.73627558995219, 27.392115704922393, 136.9656564111221, 222.8566146326068, 2.2754269403703686, 23.21959462579672, 320.26827326177937, 54.69906006213905, 48.57957021274504, 4.898286481016098, 67.90378252973862, 77.91097665530029, 27.17792695646454, 46.58097081478489, 14.584410760692542, 4.86781163699414, 23.412502717198368, 10.874770625878767, 72.16953483765703, 191.8575557703928, 275.7622682860616, 62.52442420367931, 103.54743490331992, 33.83635220144054, 564.5900467716098, 10.803639047293666, 81.13907011006327, 1.7714818870158533]]"
468,"[[(0, 22), (0, 23), (0, 39), (11, 19), (20, 31), (20, 32), (22, 5), (10, 15), (24, 25), (2, 32), (6, 24), (17, 7), (17, 26), (17, 29), (3, 16), (16, 6), (19, 30), (26, 28), (37, 30), (4, 2), (21, 10), (7, 12), (8, 27), (27, 5), (31, 24), (31, 35), (31, 38), (14, 37), (33, 17), (33, 25), (33, 32)]]","[[148.8554752999438, 43.01364878654685, 583.96681984408, 109.72770588262772, 40.78594851042683, 143.67464301629485, 222.59092480020612, 4.122156429839686, 23.501423624107, 375.16669038641794, 53.7940220285837, 37.59267825822349, 2.781275117083736, 54.8398621058315, 56.83532119565633, 123.73322698389984, 63.74564412447141, 12.03203039771815, 3.595024219121509, 24.496201051498897, 69.07946059513274, 88.10180589853763, 255.8087256719402, 310.24965940103453, 64.02300827376172, 105.93156493355411, 29.673701395923196, 406.99882948910187, 9.057043280275614, 91.54135660823854, 5.214888075301245]]"
469,"[[(0, 22), (0, 23), (0, 39), (11, 19), (20, 31), (20, 32), (22, 5), (10, 15), (24, 25), (2, 32), (6, 24), (17, 7), (17, 26), (17, 29), (3, 16), (16, 6), (19, 30), (26, 28), (37, 30), (4, 2), (21, 10), (7, 12), (8, 27), (27, 5), (31, 24), (31, 35), (31, 38), (14, 37), (33, 17), (33, 25), (33, 32)]]","[[296.8587143072449, 25.445699911927633, 675.0189295186311, 47.84239780264143, 30.431556073291443, 142.30351728007153, 228.6326896917408, 2.8881310148881765, 13.018514670604386, 350.9111655677221, 54.97838143271169, 42.90954851139394, 4.0358288871415215, 102.88718059684625, 60.39060784756332, 127.3100570714257, 64.25781827997662, 19.402383306761124, 4.278772822278786, 24.139628836804864, 49.61168564799638, 59.52099306101794, 152.6550249303212, 147.55605168514245, 68.02537754424685, 56.5929750841878, 163.75091791592757, 90.09586464221047, 11.388906328749517, 91.89786667383498, 6.748277873131041]]"
470,"[[(0, 22), (0, 23), (0, 39), (11, 19), (20, 31), (20, 32), (22, 5), (10, 15), (24, 25), (2, 32), (6, 24), (17, 7), (17, 26), (17, 29), (3, 16), (16, 6), (19, 30), (26, 28), (37, 30), (4, 2), (21, 10), (7, 12), (8, 27), (27, 5), (31, 24), (31, 35), (31, 38), (14, 37), (33, 17), (33, 25), (33, 32)]]","[[368.7160946786573, 28.727504754350445, 518.8453096148583, 161.85101056517036, 5.840147670918574, 140.84728339631732, 195.03953607560953, 2.9316697804456227, 18.46053833429477, 413.27260631753904, 55.33589968822104, 51.539514910771004, 4.202634214938913, 83.05270324523732, 72.7894958320513, 32.22812512463868, 37.416193254116685, 10.962486862875968, 3.477039155343368, 24.859244521658507, 39.018158112905965, 62.5330949784381, 128.87979447878624, 338.4437098609943, 74.49682700212202, 98.45050490196074, 37.63006046729881, 562.807637796773, 12.982218592337475, 75.948403617331, 3.2739645847409253]]"
471,"[[(0, 22), (0, 23), (0, 39), (11, 19), (20, 31), (20, 32), (22, 5), (10, 15), (24, 25), (2, 32), (6, 24), (17, 7), (17, 26), (17, 29), (3, 16), (16, 6), (19, 30), (26, 28), (37, 30), (4, 2), (21, 10), (7, 12), (8, 27), (27, 5), (31, 24), (31, 35), (31, 38), (14, 37), (33, 17), (33, 25), (33, 32)]]","[[349.3138227473086, 34.6166950883719, 315.90089689906847, 99.45559199056619, 3.7404058207021538, 133.7793953840402, 190.93473119450468, 1.9501263648553886, 13.269420880545363, 270.4902454249389, 48.43236849829048, 47.50633952446398, 2.3015885476917837, 62.2243585679346, 72.72469682808944, 126.08290989729886, 55.68486732874011, 6.529239870390509, 4.523147703236409, 23.87971797524367, 9.106951652577594, 60.12878953875614, 380.96637337427774, 234.8591282063922, 63.34637369158913, 109.89586062857528, 60.53908858027548, 393.72103128103106, 11.062799648535002, 92.71052735651291, 8.489206262161847]]"
472,"[[(0, 22), (0, 23), (0, 39), (11, 19), (20, 31), (20, 32), (22, 5), (10, 15), (24, 25), (2, 32), (6, 24), (17, 7), (17, 26), (17, 29), (3, 16), (16, 6), (19, 30), (26, 28), (37, 30), (4, 2), (21, 10), (7, 12), (8, 27), (27, 5), (31, 24), (31, 35), (31, 38), (14, 37), (33, 17), (33, 25), (33, 32)]]","[[97.47029292031493, 83.51114127244105, 413.6816247728509, 79.69216385252321, 20.449145988058987, 139.91878506125022, 181.93086344145027, 1.07233893601604, 8.608361541670236, 278.0918403481454, 51.118194306129965, 52.59032052681603, 3.931056461279005, 94.51925472004558, 51.80820458411212, 114.213670841154, 65.83628676290814, 16.357300766641245, 3.174207948226362, 24.13674638867952, 83.39811039410206, 58.85125895873189, 104.91931749124792, 173.86046557475711, 70.68522814196052, 97.63745011050055, 51.37354558526239, 427.09344454537353, 13.839358586411647, 93.2272284545152, 2.032912256668623]]"
473,"[[(0, 22), (0, 23), (0, 39), (11, 19), (20, 31), (20, 32), (22, 5), (10, 15), (24, 25), (2, 32), (6, 24), (17, 7), (17, 26), (17, 29), (3, 16), (16, 6), (19, 30), (26, 28), (37, 30), (4, 2), (21, 10), (7, 12), (8, 27), (27, 5), (31, 24), (31, 35), (31, 38), (14, 37), (33, 17), (33, 25), (33, 32)]]","[[206.37382222290802, 44.403697141666285, 501.9414924215713, 137.45555114269104, 7.292585684678197, 142.13814047088644, 196.5091471238822, 3.505981777547803, 20.35171996236065, 284.8101190143521, 49.17780903816451, 36.10541744913808, 4.167703872057349, 51.78516654493829, 68.03255086230777, 113.15595070387425, 68.44800322757698, 9.779053688141843, 3.297033401969049, 23.021676035192286, 69.93305888505637, 89.65288075456405, 105.78781972762607, 169.6740283098844, 80.70733142449583, 73.0876931031749, 169.1361401983805, 566.2843365421927, 13.915176795431137, 92.91788136249755, 7.278916953160517]]"
474,"[[(0, 22), (0, 23), (0, 39), (11, 19), (20, 31), (20, 32), (22, 5), (10, 15), (24, 25), (2, 32), (6, 24), (17, 7), (17, 26), (17, 29), (3, 16), (16, 6), (19, 30), (26, 28), (37, 30), (4, 2), (21, 10), (7, 12), (8, 27), (27, 5), (31, 24), (31, 35), (31, 38), (14, 37), (33, 17), (33, 25), (33, 32)]]","[[135.8637376333602, 52.28805384478269, 743.8387487647849, 80.02100412301715, 48.82409759499275, 130.29226056942954, 185.02948870062045, 1.3418822156106733, 0.05113037945145127, 315.40846198662746, 53.572398022147034, 42.19555668051953, 3.33527274477571, 69.44444213958, 71.02119815233647, 104.39707513031105, 56.94731319169183, 7.599536476538251, 4.824172612593307, 23.221109618344205, 16.814813252619732, 24.25919128430899, 293.63021233436206, 204.84889558912846, 70.22815576593553, 84.98205148091111, 82.83641055144471, 171.12014778428573, 13.563422644501976, 75.32507276756034, 8.777239970525535]]"
475,"[[(0, 22), (0, 23), (0, 39), (11, 19), (20, 31), (20, 32), (22, 5), (10, 15), (24, 25), (2, 32), (6, 24), (17, 7), (17, 26), (17, 29), (3, 16), (16, 6), (19, 30), (26, 28), (37, 30), (4, 2), (21, 10), (7, 12), (8, 27), (27, 5), (31, 24), (31, 35), (31, 38), (14, 37), (33, 17), (33, 25), (33, 32)]]","[[91.44502256605634, 25.410506599494926, 670.3742444156735, 136.90219166502862, 17.874361131453828, 135.65508901888722, 178.76798584091162, 2.893995287541933, 10.049099850316068, 404.6886465934957, 48.039981069151544, 45.44540269948925, 2.0190113100733895, 95.09226999353547, 68.78094340376528, 104.25082250687211, 62.75006234679869, 3.1074328726252043, 3.905051628436386, 23.292596886993792, 45.97491807524223, 83.0625711604056, 215.72497892057947, 177.47008188331753, 65.71811170142809, 35.34185928683797, 20.788705253794497, 200.47452597460347, 13.572048530714664, 85.99343261566698, 4.788537916649072]]"
476,"[[(0, 22), (0, 23), (0, 39), (11, 19), (20, 31), (20, 32), (22, 5), (10, 15), (24, 25), (2, 32), (6, 24), (17, 7), (17, 26), (17, 29), (3, 16), (16, 6), (19, 30), (26, 28), (37, 30), (4, 2), (21, 10), (7, 12), (8, 27), (27, 5), (31, 24), (31, 35), (31, 38), (14, 37), (33, 17), (33, 25), (33, 32)]]","[[188.37292461458054, 97.51726816993731, 585.1512884139999, 164.9425345587431, 38.89998329816375, 141.49637350631477, 196.66322963000158, 3.7783430850839097, 14.673075023709254, 342.93288706148434, 53.77388541240074, 41.724805181959034, 1.4292303247783398, 104.22998741857863, 36.800509093861216, 114.79353277359361, 62.86850892481891, 10.710765076157736, 3.2116033055597843, 23.923531318149674, 22.189301875273074, 54.97757943585954, 76.60555916323042, 233.38341942278612, 78.83625157059252, 71.48184677976785, 121.70625634354879, 265.1076805509027, 9.245900148072337, 93.64651471620215, 3.286494388038504]]"
477,"[[(0, 22), (0, 23), (0, 39), (11, 19), (20, 31), (20, 32), (22, 5), (10, 15), (24, 25), (2, 32), (6, 24), (17, 7), (17, 26), (17, 29), (3, 16), (16, 6), (19, 30), (26, 28), (37, 30), (4, 2), (21, 10), (7, 12), (8, 27), (27, 5), (31, 24), (31, 35), (31, 38), (14, 37), (33, 17), (33, 25), (33, 32)]]","[[294.67966241324973, 115.99429573437084, 277.89334404120143, 76.98194878194147, 17.712954948272728, 141.97172115887219, 211.17799312967435, 2.3591469930133626, 21.98459753859053, 341.59047317956714, 53.142977325296286, 39.877545049963715, 2.188827203743745, 107.43659015958877, 30.997363952166573, 34.945645499467034, 59.66800641124783, 14.214667017910216, 4.87671193197767, 23.826620547209036, 47.35636806634332, 60.86879226978472, 279.88472705182835, 357.3566802784645, 71.84294708788079, 100.25746610527821, 107.02849061348412, 223.2143099365454, 12.04094139112566, 94.20546461119127, 3.053011796306196]]"
478,"[[(0, 22), (0, 23), (0, 39), (11, 19), (20, 31), (20, 32), (22, 5), (10, 15), (24, 25), (2, 32), (6, 24), (17, 7), (17, 26), (17, 29), (3, 16), (16, 6), (19, 30), (26, 28), (37, 30), (4, 2), (21, 10), (7, 12), (8, 27), (27, 5), (31, 24), (31, 35), (31, 38), (14, 37), (33, 17), (33, 25), (33, 32)]]","[[308.4335192198101, 63.79392895270705, 119.29455407278513, 37.93137594111849, 46.15481338722699, 130.25471379835213, 199.7493147810456, 1.9340495329812346, 21.747824444318606, 338.387145306176, 51.06113468175159, 43.27408367949232, 4.41090089965804, 97.04001648576204, 62.1733309389375, 83.23662462539886, 44.437901999986636, 11.38870564769228, 4.930843695430925, 24.611098999180708, 19.542559440491672, 71.98559462504787, 326.5587992354231, 283.2095763741207, 79.00254227673386, 89.20802223892743, 47.53045716698683, 276.4159467827898, 15.67802097037955, 86.73720283194172, 8.713503545627237]]"
479,"[[(0, 22), (0, 23), (0, 39), (11, 19), (20, 31), (20, 32), (22, 5), (10, 15), (24, 25), (2, 32), (6, 24), (17, 7), (17, 26), (17, 29), (3, 16), (16, 6), (19, 30), (26, 28), (37, 30), (4, 2), (21, 10), (7, 12), (8, 27), (27, 5), (31, 24), (31, 35), (31, 38), (14, 37), (33, 17), (33, 25), (33, 32)]]","[[281.0952311942825, 107.94018762005095, 622.853367538562, 44.85292264243178, 9.824129931606363, 138.7827706106669, 216.10720599029767, 2.110541639252109, 18.02728067737121, 349.81247116058614, 52.17740557677158, 50.13138501308758, 4.777388673540786, 123.1429421973477, 57.246753037940806, 126.31662275965567, 61.079010382796135, 11.5704871032791, 4.954495180299398, 23.191602220054484, 17.930036594517087, 19.566760218641697, 140.39496348078617, 259.52076836310886, 80.7642800020341, 57.43331966029119, 55.3226118444193, 189.72465446396586, 13.74978722585437, 77.7576038169602, 8.996734125309002]]"
480,"[[(0, 22), (0, 23), (0, 39), (11, 19), (20, 31), (20, 32), (22, 5), (10, 15), (24, 25), (2, 32), (6, 24), (17, 7), (17, 26), (17, 29), (3, 16), (16, 6), (19, 30), (26, 28), (37, 30), (4, 2), (21, 10), (7, 12), (8, 27), (27, 5), (31, 24), (31, 35), (31, 38), (14, 37), (33, 17), (33, 25), (33, 32)]]","[[284.3586012729753, 61.07474068361154, 528.3893223638885, 137.4209785411231, 35.34640262619749, 135.04676728443687, 205.180950577323, 1.1166868273578103, 23.94128201063009, 351.90778293961, 55.908659427289884, 43.476046276837664, 4.176663849170172, 120.49327941922178, 71.47900777990449, 58.76657156220122, 46.18554635516303, 7.003867635116311, 4.544171733125633, 24.280189487456955, 41.4402405781924, 82.00632328980615, 355.7630967661529, 397.1294338214283, 62.94792777607516, 49.33593064553273, 100.81652341458143, 572.278684217208, 9.104870555498053, 78.67155370169368, 6.304140111944998]]"
481,"[[(0, 22), (0, 23), (0, 39), (11, 19), (20, 31), (20, 32), (22, 5), (10, 15), (24, 25), (2, 32), (6, 24), (17, 7), (17, 26), (17, 29), (3, 16), (16, 6), (19, 30), (26, 28), (37, 30), (4, 2), (21, 10), (7, 12), (8, 27), (27, 5), (31, 24), (31, 35), (31, 38), (14, 37), (33, 17), (33, 25), (33, 32)]]","[[349.13626832592126, 73.7603973408993, 177.6140474368104, 109.59272296506332, 9.344578714524001, 131.52503380129656, 222.63257134780878, 3.5860963288822005, 4.9758281198518794, 393.7654666235639, 55.78586305970497, 46.41760285927465, 1.9989822071406893, 59.85069339556296, 47.2030043706886, 44.24965655752653, 47.87578404241625, 6.438118958687818, 3.8492470961135012, 24.671683956652465, 71.05253892759676, 55.94198944075114, 154.59839983181723, 199.58733034225116, 75.77610412744812, 99.13088612517089, 107.39622511459963, 466.28678506803624, 15.402982230528757, 89.71629480592746, 5.676402681025974]]"
482,"[[(0, 22), (0, 23), (0, 39), (11, 19), (20, 31), (20, 32), (22, 5), (10, 15), (24, 25), (2, 32), (6, 24), (17, 7), (17, 26), (17, 29), (3, 16), (16, 6), (19, 30), (26, 28), (37, 30), (4, 2), (21, 10), (7, 12), (8, 27), (27, 5), (31, 24), (31, 35), (31, 38), (14, 37), (33, 17), (33, 25), (33, 32)]]","[[225.32798652873626, 25.00383856161069, 87.47080922435795, 124.10593383448894, 6.988021042763721, 143.89369436342423, 182.9052187540485, 4.999896450278541, 12.268091707695502, 309.3806318271997, 49.88900610066661, 52.688840017527134, 2.508285643219979, 75.97340724977383, 67.12842920641016, 61.11798066149522, 37.37430984546552, 7.429784725834922, 3.597192975603609, 23.111384601240886, 15.393569406003309, 70.92805767346479, 340.359460276173, 290.0472314068219, 76.76065338635819, 72.45424403587248, 149.86333847506833, 331.9109637576608, 12.36510712581425, 76.49869276303096, 8.826318556895338]]"
483,"[[(0, 22), (0, 23), (0, 39), (11, 19), (20, 31), (20, 32), (22, 5), (10, 15), (24, 25), (2, 32), (6, 24), (17, 7), (17, 26), (17, 29), (3, 16), (16, 6), (19, 30), (26, 28), (37, 30), (4, 2), (21, 10), (7, 12), (8, 27), (27, 5), (31, 24), (31, 35), (31, 38), (14, 37), (33, 17), (33, 25), (33, 32)]]","[[267.09364082959206, 77.25687052076418, 604.2077248344775, 73.71597299561446, 46.953034945278574, 143.8295415037386, 206.90946694434575, 4.6769198109962495, 2.8418799900888305, 318.3805959969924, 50.8526431028564, 47.934098433021546, 1.5075684631243504, 141.3620101736719, 36.752818820426896, 96.7635433064853, 46.48279991934061, 13.67317486916768, 4.103323402521671, 24.032324578109503, 54.84937048538188, 42.14785340252155, 272.01577194202093, 179.9194663104326, 64.65919570087502, 83.98349128859601, 154.04611179093476, 71.10738123856353, 12.209589490146277, 76.1959627480159, 4.442078788507683]]"
484,"[[(0, 22), (0, 23), (0, 39), (11, 19), (20, 31), (20, 32), (22, 5), (10, 15), (24, 25), (2, 32), (6, 24), (17, 7), (17, 26), (17, 29), (3, 16), (16, 6), (19, 30), (26, 28), (37, 30), (4, 2), (21, 10), (7, 12), (8, 27), (27, 5), (31, 24), (31, 35), (31, 38), (14, 37), (33, 17), (33, 25), (33, 32)]]","[[343.50441839102103, 23.44210644176577, 1154.9318702117466, 103.47137592288117, 47.070015004845615, 134.97890785635997, 185.19269923155602, 4.295016903389601, 22.806867250980336, 356.45271429158083, 48.98170195886033, 47.04094258494145, 4.049165196374762, 85.18184756067363, 60.62735194596561, 82.92006611897847, 50.28438330348346, 13.299436045871536, 3.526116109780033, 23.633828093070587, 41.823095669196135, 90.49522953455642, 375.51448670267183, 200.1788713759611, 77.77227996779858, 50.45416995412437, 146.0232292173858, 265.0418984096409, 13.464583505467509, 86.54893306557221, 3.488443767283491]]"
485,"[[(0, 22), (0, 23), (0, 39), (11, 19), (20, 31), (20, 32), (22, 5), (10, 15), (24, 25), (2, 32), (6, 24), (17, 7), (17, 26), (17, 29), (3, 16), (16, 6), (19, 30), (26, 28), (37, 30), (4, 2), (21, 10), (7, 12), (8, 27), (27, 5), (31, 24), (31, 35), (31, 38), (14, 37), (33, 17), (33, 25), (33, 32)]]","[[287.13204261221676, 98.7745147737088, 727.5723435186034, 74.84574775162997, 42.33145260266816, 130.12727459072448, 178.80843238153503, 2.9973738991742436, 16.549997121432146, 282.9880431119826, 48.85646241325778, 47.84014737357163, 2.9507683065782224, 137.28139641258818, 56.928872015388905, 26.42992269876668, 65.49579409945022, 18.03304423760616, 4.033819883475069, 23.112684377690066, 43.89881285279211, 84.28165982283443, 151.91045819183256, 293.56365002544715, 75.55806216274456, 37.21741390736661, 104.60043946634643, 449.8403518190896, 14.79431912714936, 80.25632013311922, 5.975808816913437]]"
486,"[[(0, 22), (0, 23), (0, 39), (11, 19), (20, 31), (20, 32), (22, 5), (10, 15), (24, 25), (2, 32), (6, 24), (17, 7), (17, 26), (17, 29), (3, 16), (16, 6), (19, 30), (26, 28), (37, 30), (4, 2), (21, 10), (7, 12), (8, 27), (27, 5), (31, 24), (31, 35), (31, 38), (14, 37), (33, 17), (33, 25), (33, 32)]]","[[349.8453183711122, 94.392479882887, 440.7072476059706, 85.99077807808179, 27.237713887604844, 134.46505669097402, 227.2486574512676, 2.7257059915332165, 14.82588914828583, 324.6693639455806, 52.81150766473509, 41.793580627219896, 4.387860193473378, 47.5047729506721, 34.732664919081984, 124.00248105234485, 47.912448240445, 3.3688637123787033, 4.834617821427795, 23.64921129345261, 56.047024451062164, 64.46267210715769, 250.4641565928678, 247.84989022789193, 80.13591304745894, 65.47096145083708, 34.21405395314336, 62.43331719168159, 10.900472308299959, 94.95422970437885, 1.4880205741404158]]"
487,"[[(0, 22), (0, 23), (0, 39), (11, 19), (20, 31), (20, 32), (22, 5), (10, 15), (24, 25), (2, 32), (6, 24), (17, 7), (17, 26), (17, 29), (3, 16), (16, 6), (19, 30), (26, 28), (37, 30), (4, 2), (21, 10), (7, 12), (8, 27), (27, 5), (31, 24), (31, 35), (31, 38), (14, 37), (33, 17), (33, 25), (33, 32)]]","[[281.0145974913903, 101.29154537106089, 361.22487097969577, 89.36277294839479, 14.573549617151098, 138.79411595397156, 192.37242383710887, 4.66207410715239, 4.667748269474856, 377.6602806722648, 50.73598724311612, 41.535028018940736, 1.9876153179737428, 141.1696928681468, 58.10773617721636, 122.46457013174418, 63.24464731353628, 15.20541119419194, 4.55605210688356, 24.20681698646508, 33.02869929216817, 45.80432204349596, 353.23198543539536, 189.88079368472168, 69.1317964456771, 67.25881441687348, 91.3642040830506, 433.95306425895194, 8.090255077865532, 80.764812394594, 7.695155390636415]]"
488,"[[(0, 22), (0, 23), (0, 39), (11, 19), (20, 31), (20, 32), (22, 5), (10, 15), (24, 25), (2, 32), (6, 24), (17, 7), (17, 26), (17, 29), (3, 16), (16, 6), (19, 30), (26, 28), (37, 30), (4, 2), (21, 10), (7, 12), (8, 27), (27, 5), (31, 24), (31, 35), (31, 38), (14, 37), (33, 17), (33, 25), (33, 32)]]","[[240.94765458614884, 49.12188759621441, 1058.531610702965, 71.04071877128608, 20.74685150737944, 137.9660239106436, 182.4800978169977, 4.191286172296117, 23.728314727133228, 374.42882598067774, 54.90737470327926, 48.0812284506316, 1.8275220754091182, 104.70730851898199, 71.48176102301773, 61.12488357208943, 52.27490736466668, 7.874181587818437, 4.651334658245222, 23.880212239590588, 57.95086994751711, 21.857666815298337, 356.48001996894163, 146.42082763049834, 79.5731995196459, 47.658175265856535, 180.8013441664395, 80.10179506929012, 10.63396141858598, 79.09492651296341, 7.048165862239402]]"
489,"[[(0, 22), (0, 23), (0, 39), (11, 19), (20, 31), (20, 32), (22, 5), (10, 15), (24, 25), (2, 32), (6, 24), (17, 7), (17, 26), (17, 29), (3, 16), (16, 6), (19, 30), (26, 28), (37, 30), (4, 2), (21, 10), (7, 12), (8, 27), (27, 5), (31, 24), (31, 35), (31, 38), (14, 37), (33, 17), (33, 25), (33, 32)]]","[[214.65151445028022, 52.55987716283222, 38.59135034170815, 108.28176055451421, 25.240254794431, 131.16168371469178, 209.36870907044633, 2.1948275453956736, 13.567505957398694, 306.73713378520097, 52.93212279245653, 39.95571115516534, 4.7734272609746204, 54.3929511521166, 42.417346256314076, 93.32259261910392, 66.50446153478194, 19.528227110479534, 4.304973685931749, 23.69037082505524, 70.58723225645953, 78.78712437715208, 208.63774150641598, 366.7986661250077, 61.74401025488979, 62.200514249389784, 69.97152881563284, 307.1998335681312, 9.114533034006477, 79.5063315380902, 7.15595902321518]]"
490,"[[(0, 22), (0, 23), (0, 39), (11, 19), (20, 31), (20, 32), (22, 5), (10, 15), (24, 25), (2, 32), (6, 24), (17, 7), (17, 26), (17, 29), (3, 16), (16, 6), (19, 30), (26, 28), (37, 30), (4, 2), (21, 10), (7, 12), (8, 27), (27, 5), (31, 24), (31, 35), (31, 38), (14, 37), (33, 17), (33, 25), (33, 32)]]","[[216.73842682692973, 69.11430567846921, 748.8724009711561, 44.70538730211081, 16.736431497482585, 133.2304037678563, 189.19619241969409, 1.9134181080449566, 3.0452778862039653, 285.34342939443763, 51.22282770876825, 42.50076386067167, 4.519338319914906, 112.91802073133378, 65.0839490528329, 81.17676240471012, 44.42466183808716, 10.345691281767056, 4.185955288061182, 23.868384642774213, 56.98215575073663, 25.71576579595129, 229.19288888460963, 162.20498429763995, 67.07165266651026, 61.3876370009461, 93.85618665521005, 164.82715290189827, 9.08945942686608, 81.33015283553223, 6.105988756106077]]"
491,"[[(0, 22), (0, 23), (0, 39), (11, 19), (20, 31), (20, 32), (22, 5), (10, 15), (24, 25), (2, 32), (6, 24), (17, 7), (17, 26), (17, 29), (3, 16), (16, 6), (19, 30), (26, 28), (37, 30), (4, 2), (21, 10), (7, 12), (8, 27), (27, 5), (31, 24), (31, 35), (31, 38), (14, 37), (33, 17), (33, 25), (33, 32)]]","[[94.14997013028409, 105.91154078255857, 1108.8120513014892, 91.42146723689262, 6.634132594659974, 136.976428748368, 187.4375430794906, 3.2527768156203427, 24.427880131494742, 328.1611939164897, 51.849166274474456, 43.44054085099433, 4.358114972688188, 83.30893400765513, 60.92825605668418, 33.45577499034284, 48.88835502125109, 11.344445762154942, 3.4466409550004657, 24.764972849683634, 78.41467436663827, 82.22913220345413, 145.687556950049, 314.6290883270875, 63.816268030651024, 78.13110484063543, 23.11232956320954, 110.45807347896185, 12.382792333070096, 90.30805984340014, 4.640823050992753]]"
492,"[[(0, 22), (0, 23), (0, 39), (11, 19), (20, 31), (20, 32), (22, 5), (10, 15), (24, 25), (2, 32), (6, 24), (17, 7), (17, 26), (17, 29), (3, 16), (16, 6), (19, 30), (26, 28), (37, 30), (4, 2), (21, 10), (7, 12), (8, 27), (27, 5), (31, 24), (31, 35), (31, 38), (14, 37), (33, 17), (33, 25), (33, 32)]]","[[155.6428870570689, 39.239099851492426, 828.8787655091061, 148.32858386314217, 4.411000548228255, 137.49337561910343, 179.07092297509126, 3.420297563646699, 18.476886631169332, 375.3354158751064, 54.962830673696914, 50.26427080474349, 2.1380033169021138, 142.79102329305215, 27.56013752422703, 41.002257872978404, 44.629674594916644, 11.865260206967042, 4.925188256207704, 23.779052076942357, 14.611373090998606, 51.575664089416875, 161.5099243448256, 160.89928642431337, 65.31688568358105, 60.40567280249677, 70.86389046606072, 326.2767795020006, 8.756647911563046, 87.01524235312363, 6.873175265725492]]"
493,"[[(0, 22), (0, 23), (0, 39), (11, 19), (20, 31), (20, 32), (22, 5), (10, 15), (24, 25), (2, 32), (6, 24), (17, 7), (17, 26), (17, 29), (3, 16), (16, 6), (19, 30), (26, 28), (37, 30), (4, 2), (21, 10), (7, 12), (8, 27), (27, 5), (31, 24), (31, 35), (31, 38), (14, 37), (33, 17), (33, 25), (33, 32)]]","[[309.2035850885693, 94.8470355200422, 121.45642441105362, 114.06767345586985, 22.222745215129507, 136.34954749317617, 202.980435512149, 1.4607722886068966, 16.64561921757213, 394.6769148258114, 54.203888981466044, 45.819116286568445, 4.474002967321863, 154.43535826991933, 78.17392697119597, 66.52481535510793, 37.125962306821975, 16.603943778157657, 3.1345813828972, 24.13981112222878, 33.99398408379661, 36.37322197044128, 304.24602505529924, 175.75418422816063, 77.30126539755548, 45.07837382820702, 112.38093301827818, 244.46829078556905, 14.326179617888199, 81.87862033177814, 1.647304298449697]]"
494,"[[(0, 22), (0, 23), (0, 39), (11, 19), (20, 31), (20, 32), (22, 5), (10, 15), (24, 25), (2, 32), (6, 24), (17, 7), (17, 26), (17, 29), (3, 16), (16, 6), (19, 30), (26, 28), (37, 30), (4, 2), (21, 10), (7, 12), (8, 27), (27, 5), (31, 24), (31, 35), (31, 38), (14, 37), (33, 17), (33, 25), (33, 32)]]","[[255.26236567482172, 64.59336365989586, 340.5155835512158, 159.44315364144092, 9.875543152642251, 130.80531480926302, 226.48890426817914, 4.732771163508887, 3.706602094125768, 342.006358490681, 54.97420123928346, 45.26299947218495, 3.491845009693887, 134.19135614104445, 57.7470417409677, 25.46008157929142, 59.67213029505926, 14.469727747070174, 3.3296151847300077, 24.253386264555544, 15.921371708048294, 76.1822041572037, 170.5855463528622, 279.59702086390877, 63.73250000630444, 51.6921835107461, 95.50796113372957, 83.56429980615599, 12.376025651756754, 85.38366113109275, 2.341468448462556]]"
495,"[[(0, 22), (0, 23), (0, 39), (11, 19), (20, 31), (20, 32), (22, 5), (10, 15), (24, 25), (2, 32), (6, 24), (17, 7), (17, 26), (17, 29), (3, 16), (16, 6), (19, 30), (26, 28), (37, 30), (4, 2), (21, 10), (7, 12), (8, 27), (27, 5), (31, 24), (31, 35), (31, 38), (14, 37), (33, 17), (33, 25), (33, 32)]]","[[127.91462258315175, 109.26263195001165, 807.6580163191012, 129.33888766244593, 7.452207036655384, 136.62625764130675, 208.66837887456754, 1.0693216220113717, 2.035486779084116, 279.54477520753574, 55.648675061855236, 43.036111932394434, 4.274907527481059, 53.67384491882064, 40.08128680107123, 51.99711119652199, 68.6409863608805, 3.4258270125366157, 4.4073253308860405, 24.072926850840872, 19.9879993037936, 68.14120325936948, 378.54036645367654, 387.9463152367204, 76.60168575997847, 90.08522053197929, 64.43279576109808, 238.91476867478923, 15.409069722717488, 92.59677218525161, 3.9486299049461513]]"
496,"[[(0, 22), (0, 23), (0, 39), (11, 19), (20, 31), (20, 32), (22, 5), (10, 15), (24, 25), (2, 32), (6, 24), (17, 7), (17, 26), (17, 29), (3, 16), (16, 6), (19, 30), (26, 28), (37, 30), (4, 2), (21, 10), (7, 12), (8, 27), (27, 5), (31, 24), (31, 35), (31, 38), (14, 37), (33, 17), (33, 25), (33, 32)]]","[[207.5593710145214, 93.68985818999221, 1102.9920259924033, 64.92672742856033, 18.43894233004821, 131.4113141826863, 224.65061832679774, 1.1440816679239276, 23.701433551723873, 271.5333124173779, 50.78708699035374, 40.30550448958585, 3.1776281007325893, 78.20309504570574, 54.50090034113066, 34.66575712753938, 37.80215277804054, 16.04354656865336, 4.166106252060667, 24.361411534079277, 82.8844030633395, 90.662227524474, 201.31924280062597, 180.28837112888482, 65.41021512680797, 96.28802953109769, 50.501033657263505, 516.4618512523687, 9.512780722817396, 80.18539405355432, 6.174076565115015]]"
497,"[[(0, 22), (0, 23), (0, 39), (11, 19), (20, 31), (20, 32), (22, 5), (10, 15), (24, 25), (2, 32), (6, 24), (17, 7), (17, 26), (17, 29), (3, 16), (16, 6), (19, 30), (26, 28), (37, 30), (4, 2), (21, 10), (7, 12), (8, 27), (27, 5), (31, 24), (31, 35), (31, 38), (14, 37), (33, 17), (33, 25), (33, 32)]]","[[105.61865715719759, 41.013703276591855, 378.23311203132005, 74.27608435846614, 45.05354406296329, 139.69414201757536, 205.5511827908756, 1.1698511619206728, 25.799070045599034, 378.2487620174553, 49.380373375013306, 48.36326701091278, 3.3200236677388175, 68.50916148125216, 60.61377763138555, 101.36153136905114, 53.7897230065033, 16.986773648745242, 4.857715009155212, 23.21892755279365, 20.840436333013088, 48.3432731874323, 234.63326692109396, 239.23454335208754, 66.73284603855835, 51.98328941536397, 60.69876708370127, 109.44549830610354, 14.907023118178659, 82.94840139852579, 6.777544018438173]]"
498,"[[(0, 22), (0, 23), (0, 39), (11, 19), (20, 31), (20, 32), (22, 5), (10, 15), (24, 25), (2, 32), (6, 24), (17, 7), (17, 26), (17, 29), (3, 16), (16, 6), (19, 30), (26, 28), (37, 30), (4, 2), (21, 10), (7, 12), (8, 27), (27, 5), (31, 24), (31, 35), (31, 38), (14, 37), (33, 17), (33, 25), (33, 32)]]","[[292.4118812392634, 36.294651501780436, 666.5160199468093, 151.65462934087395, 24.39918050556525, 135.8112161522262, 204.73686197647214, 3.6813385481122003, 22.571008139761886, 286.7947275882449, 53.064182546460565, 44.70669714082966, 2.1475302196212063, 72.53125361644322, 38.8207613314964, 82.41471655700717, 67.48187912945586, 2.8123152966429243, 3.1181995568068213, 24.261732241909584, 10.108689319747706, 55.75359108109439, 179.36068321434794, 279.9989521530349, 63.73614784214225, 57.885863479090645, 166.96145017346097, 479.08149348551024, 12.527325498056179, 78.82897255471983, 6.936083596797058]]"
499,"[[(0, 22), (0, 23), (0, 39), (11, 19), (20, 31), (20, 32), (22, 5), (10, 15), (24, 25), (2, 32), (6, 24), (17, 7), (17, 26), (17, 29), (3, 16), (16, 6), (19, 30), (26, 28), (37, 30), (4, 2), (21, 10), (7, 12), (8, 27), (27, 5), (31, 24), (31, 35), (31, 38), (14, 37), (33, 17), (33, 25), (33, 32)]]","[[378.2935424312882, 116.43396319919765, 1050.7513375231674, 147.6497618669814, 17.612077144611455, 134.72796157454886, 218.34327810214856, 2.0484062652708763, 16.229950541009142, 305.81147826085595, 54.64391505026214, 43.58040075240326, 4.153988248476791, 132.49964821765917, 26.744291456518415, 20.727471710597506, 43.14094570407946, 9.281932448978967, 3.552666432005695, 24.350378754472857, 28.203319194791327, 56.02861297019855, 276.81179140950485, 181.72441200249304, 62.114187037736045, 75.8636387930744, 123.87416445343551, 251.64517037920038, 13.83518300402751, 76.07867016634283, 2.684239375488203]]"
500,"[[(0, 22), (0, 23), (0, 39), (11, 19), (20, 31), (20, 32), (22, 5), (10, 15), (24, 25), (2, 32), (6, 24), (17, 7), (17, 26), (17, 29), (3, 16), (16, 6), (19, 30), (26, 28), (37, 30), (4, 2), (21, 10), (7, 12), (8, 27), (27, 5), (31, 24), (31, 35), (31, 38), (14, 37), (33, 17), (33, 25), (33, 32)]]","[[184.97955582967688, 55.62720049070862, 440.55829937158586, 163.85803710767772, 34.74651060688127, 132.65451809956122, 229.0428795539844, 4.8668078038666325, 12.520722700763733, 397.9058531589989, 55.699565475073086, 49.2346398087698, 3.027429775855557, 108.82589021673871, 40.828158175312986, 71.04261997927169, 63.65898002735298, 11.595760433411204, 3.4294174400728883, 23.67105769426532, 48.89650641814679, 75.90235667101456, 343.96572831166753, 184.4751753644103, 81.14463036301129, 90.10528045632074, 141.19156031241283, 251.8361756470981, 10.243747260202044, 75.98988418662199, 3.0982082968500695]]"
501,"[[(0, 22), (0, 23), (0, 39), (11, 19), (20, 31), (20, 32), (22, 5), (10, 15), (24, 25), (2, 32), (6, 24), (17, 7), (17, 26), (17, 29), (3, 16), (16, 6), (19, 30), (26, 28), (37, 30), (4, 2), (21, 10), (7, 12), (8, 27), (27, 5), (31, 24), (31, 35), (31, 38), (14, 37), (33, 17), (33, 25), (33, 32)]]","[[225.15866070766242, 110.03867412890885, 1078.0293284543648, 73.73449268655143, 8.833455867584487, 133.7025477122995, 179.6870787429054, 4.6243109843800845, 22.180959427013924, 353.2435098672836, 48.311061057890534, 40.18158112852787, 1.1227781367637464, 134.29566646997478, 65.93871293626302, 19.98411500846292, 50.87396733985894, 16.197676735898185, 3.899823978509132, 24.51111204321771, 33.84656713817827, 83.7696594338893, 416.0362890180683, 236.17656368058852, 79.15553293028574, 100.61950590493893, 164.51326298080343, 606.0444767837232, 8.121941176711186, 76.29079669238686, 5.017008670962188]]"
502,"[[(0, 22), (0, 23), (0, 39), (11, 19), (20, 31), (20, 32), (22, 5), (10, 15), (24, 25), (2, 32), (6, 24), (17, 7), (17, 26), (17, 29), (3, 16), (16, 6), (19, 30), (26, 28), (37, 30), (4, 2), (21, 10), (7, 12), (8, 27), (27, 5), (31, 24), (31, 35), (31, 38), (14, 37), (33, 17), (33, 25), (33, 32)]]","[[359.6252204254316, 39.71188374262204, 813.7725677757497, 94.07545730039783, 18.185754823693575, 134.58254394116008, 177.09389556176123, 1.366907190408694, 11.752380851396671, 324.9622959010859, 49.20308739361627, 37.16895516158145, 2.124956861640378, 68.82528680226883, 29.365136814895443, 69.14071278936214, 42.82850683976872, 15.91729004711271, 3.6121546406718648, 24.952994749813296, 40.57994448597077, 40.504272035342254, 262.3417003457231, 279.6578443384766, 74.42740288946044, 57.20756403461579, 167.08910881964172, 274.5104010589165, 10.068918864666779, 80.65447082585769, 4.965009858041334]]"
503,"[[(0, 22), (0, 23), (0, 39), (11, 19), (20, 31), (20, 32), (22, 5), (10, 15), (24, 25), (2, 32), (6, 24), (17, 7), (17, 26), (17, 29), (3, 16), (16, 6), (19, 30), (26, 28), (37, 30), (4, 2), (21, 10), (7, 12), (8, 27), (27, 5), (31, 24), (31, 35), (31, 38), (14, 37), (33, 17), (33, 25), (33, 32)]]","[[132.2576239329109, 37.962397224737686, 329.43082516445605, 104.272324754554, 13.887517953184469, 135.0779838885717, 231.69028390122358, 4.389465056422653, 4.936846708338935, 347.9164570241971, 51.25613701032713, 41.33004851984724, 3.2375955992684555, 141.84813180509775, 72.73076675320678, 123.60560964851793, 38.976874352108766, 11.70928204522422, 4.895998990822228, 24.467339655239723, 66.99945015156828, 90.52103323789156, 347.8266897645387, 165.90042553306725, 64.21249950796737, 77.72961966432533, 21.79124444902791, 261.0531838782564, 10.029900824198547, 79.42988721259228, 1.4003763152266728]]"
504,"[[(0, 22), (0, 23), (0, 39), (11, 19), (20, 31), (20, 32), (22, 5), (10, 15), (24, 25), (2, 32), (6, 24), (17, 7), (17, 26), (17, 29), (3, 16), (16, 6), (19, 30), (26, 28), (37, 30), (4, 2), (21, 10), (7, 12), (8, 27), (27, 5), (31, 24), (31, 35), (31, 38), (14, 37), (33, 17), (33, 25), (33, 32)]]","[[87.30715442131476, 71.7262946631928, 953.9043558353698, 50.21791844883862, 43.483889956376274, 137.3574400963611, 195.22658549726356, 1.5898312896057356, 9.030121467131012, 387.2183169128552, 48.55165759444172, 52.0870722994528, 1.2912260490001404, 146.1276589032848, 79.0852715065359, 29.226006062946304, 56.03411521257685, 4.745931951617399, 3.9578981015075856, 24.527660923330117, 23.309511697104146, 88.2891969200974, 175.998041257634, 239.28010456416035, 80.09333935768086, 66.99769329969278, 145.67583001916583, 272.18637675278967, 12.173533119702533, 75.437447920369, 1.7788727563466322]]"
505,"[[(0, 22), (0, 23), (0, 39), (11, 19), (20, 31), (20, 32), (22, 5), (10, 15), (24, 25), (2, 32), (6, 24), (17, 7), (17, 26), (17, 29), (3, 16), (16, 6), (19, 30), (26, 28), (37, 30), (4, 2), (21, 10), (7, 12), (8, 27), (27, 5), (31, 24), (31, 35), (31, 38), (14, 37), (33, 17), (33, 25), (33, 32)]]","[[309.2015521515941, 60.39482945448, 136.28975444875203, 129.07515377751315, 43.98213615129403, 131.17949006531722, 202.45970062770988, 1.8013959767898666, 17.47343310975419, 395.30127403830664, 54.194191049999354, 52.513674472885526, 3.3986476911253782, 99.8497924230787, 42.63115596350826, 128.30057247637296, 38.95898199131997, 2.952668160878727, 4.838171961007639, 23.479750326854735, 26.52905379728718, 25.234971280516802, 88.6828187592125, 345.26533099615483, 61.49638326554742, 37.826038804847904, 121.62958662785553, 29.08966753616373, 14.486863458526019, 89.4291861909282, 5.0446070668714285]]"
506,"[[(0, 22), (0, 23), (0, 39), (11, 19), (20, 31), (20, 32), (22, 5), (10, 15), (24, 25), (2, 32), (6, 24), (17, 7), (17, 26), (17, 29), (3, 16), (16, 6), (19, 30), (26, 28), (37, 30), (4, 2), (21, 10), (7, 12), (8, 27), (27, 5), (31, 24), (31, 35), (31, 38), (14, 37), (33, 17), (33, 25), (33, 32)]]","[[358.0570974063918, 66.72756026117355, 32.307713640236294, 98.57781464633959, 37.080228481703266, 133.3431449725682, 195.19475196018112, 2.104253079145121, 0.6078417011159065, 394.7643282623641, 51.13932025130893, 45.866350806727176, 3.5016738495770436, 145.9086975061369, 33.79913084270205, 75.90843326728559, 61.71611450682431, 6.136861694888914, 4.90619163443415, 24.745057407401834, 21.503271617930604, 55.56239828703078, 222.05378254422666, 180.61485708743945, 71.25738337877104, 87.31927573205334, 56.473601239270124, 52.33052149512811, 14.68921728570108, 79.87802842191425, 8.809068064601924]]"
507,"[[(0, 22), (0, 23), (0, 39), (11, 19), (20, 31), (20, 32), (22, 5), (10, 15), (24, 25), (2, 32), (6, 24), (17, 7), (17, 26), (17, 29), (3, 16), (16, 6), (19, 30), (26, 28), (37, 30), (4, 2), (21, 10), (7, 12), (8, 27), (27, 5), (31, 24), (31, 35), (31, 38), (14, 37), (33, 17), (33, 25), (33, 32)]]","[[254.80708970199845, 104.61752492113058, 65.1462726971577, 163.70261248239228, 23.263436048709575, 136.58491814033832, 209.26362175557097, 3.384671706483915, 20.13909263232107, 410.13566451511906, 50.20614484959996, 39.652358391934655, 1.2220599407011514, 76.74242921576766, 76.03341405185505, 22.37754985736312, 43.93393596653399, 4.507045897593395, 3.341023991688462, 24.085852236202335, 88.69881178202661, 19.297839605528715, 163.28762450532201, 152.6726348666664, 81.57346642495804, 45.0746685229012, 102.55651303948434, 385.9742418241742, 10.757695505072682, 93.11630876092735, 6.2834192266423035]]"
508,"[[(0, 22), (0, 23), (0, 39), (11, 19), (20, 31), (20, 32), (22, 5), (10, 15), (24, 25), (2, 32), (6, 24), (17, 7), (17, 26), (17, 29), (3, 16), (16, 6), (19, 30), (26, 28), (37, 30), (4, 2), (21, 10), (7, 12), (8, 27), (27, 5), (31, 24), (31, 35), (31, 38), (14, 37), (33, 17), (33, 25), (33, 32)]]","[[312.60648754102556, 81.32778272681455, 652.3695049559215, 65.93051862477553, 46.63025795641627, 132.3841022417791, 175.81446095923812, 4.175020506623677, 6.109089729779525, 272.3172166035329, 55.297824585776794, 48.24776409369571, 2.1776515565186356, 141.37089113779703, 49.084156628794275, 20.535078542709453, 42.44651086700107, 13.497213670436233, 3.9038988167549262, 24.362991683416308, 58.018464119661814, 17.700915460007923, 412.8341841250564, 175.70360977994224, 76.63012608350476, 99.30433567249705, 101.58303762626701, 322.1366145684183, 9.686275448670962, 89.0666464086757, 3.77263416352576]]"
509,"[[(0, 22), (0, 23), (0, 39), (11, 19), (20, 31), (20, 32), (22, 5), (10, 15), (24, 25), (2, 32), (6, 24), (17, 7), (17, 26), (17, 29), (3, 16), (16, 6), (19, 30), (26, 28), (37, 30), (4, 2), (21, 10), (7, 12), (8, 27), (27, 5), (31, 24), (31, 35), (31, 38), (14, 37), (33, 17), (33, 25), (33, 32)]]","[[193.3253970484443, 103.98383946479272, 812.1899143463845, 103.63852138421286, 20.14447997294724, 130.82605333079658, 212.02006364283943, 2.326179488554561, 25.155509363513808, 263.9769044852757, 48.591485465152616, 43.64596120756483, 1.8046935636322123, 50.49743199926056, 31.91052596346852, 92.87227840857685, 37.808004183192516, 18.574939509449006, 3.74701651303699, 23.95961084115031, 8.598828971485032, 30.678839078634518, 292.84029749661096, 168.5525381612955, 62.24720386626757, 38.3202388568571, 21.713454244494, 554.1685328422991, 11.93373792643025, 86.16309467860282, 8.556357349493446]]"
510,"[[(0, 22), (0, 23), (0, 39), (11, 19), (20, 31), (20, 32), (22, 5), (10, 15), (24, 25), (2, 32), (6, 24), (17, 7), (17, 26), (17, 29), (3, 16), (16, 6), (19, 30), (26, 28), (37, 30), (4, 2), (21, 10), (7, 12), (8, 27), (27, 5), (31, 24), (31, 35), (31, 38), (14, 37), (33, 17), (33, 25), (33, 32)]]","[[201.63199684844312, 34.97780788034148, 516.8227805926763, 164.21653219595052, 48.866818991086504, 131.30118713676063, 185.3541487887124, 1.35606210605902, 4.482933371387503, 275.5253933681783, 52.58117291960805, 49.77220490386097, 3.7011644018102396, 134.76251128462349, 74.2270700846932, 45.83886591016463, 49.16249576353128, 15.271227004901213, 4.362526578837645, 24.838648706886143, 79.63915965575268, 20.48862127360627, 341.9507639057003, 385.2029481897023, 64.83120463957414, 105.04563228683375, 127.8438987869792, 542.2209899146785, 9.24263670561501, 83.5850022792028, 8.727024331398983]]"
511,"[[(0, 22), (0, 23), (0, 39), (11, 19), (20, 31), (20, 32), (22, 5), (10, 15), (24, 25), (2, 32), (6, 24), (17, 7), (17, 26), (17, 29), (3, 16), (16, 6), (19, 30), (26, 28), (37, 30), (4, 2), (21, 10), (7, 12), (8, 27), (27, 5), (31, 24), (31, 35), (31, 38), (14, 37), (33, 17), (33, 25), (33, 32)]]","[[252.44710342363433, 69.74444472622244, 484.16894876101713, 123.71325863204972, 23.6758328473077, 133.6238547689534, 229.65477378093203, 1.6113861317169373, 10.302585444969148, 329.7814188580551, 49.496656022959336, 43.311139079090296, 3.729708112115889, 61.6777898233545, 75.7503923099708, 96.333029244051, 56.69164214004714, 2.0585496608324876, 3.90670279680152, 24.492976349019944, 18.410363489490226, 19.357947440269914, 321.95795590587454, 281.90563900189454, 65.38266212259606, 72.78125444542779, 129.352016308715, 534.1770756235369, 11.16760783391714, 82.57254997014482, 1.526325019539521]]"
512,"[[(0, 22), (0, 23), (0, 39), (11, 19), (20, 31), (20, 32), (22, 5), (10, 15), (24, 25), (2, 32), (6, 24), (17, 7), (17, 26), (17, 29), (3, 16), (16, 6), (19, 30), (26, 28), (37, 30), (4, 2), (21, 10), (7, 12), (8, 27), (27, 5), (31, 24), (31, 35), (31, 38), (14, 37), (33, 17), (33, 25), (33, 32)]]","[[352.20396763658965, 100.37480467353751, 105.49635505996011, 36.173515074532084, 39.64485378519516, 137.2092867327998, 220.43544167884886, 4.366510406540945, 14.372934603540166, 344.0754898111354, 53.75293919602721, 36.50766925639576, 1.5258645078077149, 107.99748491772283, 36.94152656012516, 121.30943437988238, 43.6773812266381, 19.01243303963028, 3.4606574043016534, 23.82979697667027, 70.0652379183441, 82.63802379476775, 196.66353795870896, 270.1698477679528, 77.13763197391467, 38.06845756512227, 77.87383925658261, 244.8878458576898, 8.747514166323313, 81.07337099968332, 3.7260205222750225]]"
513,"[[(0, 22), (0, 23), (0, 39), (11, 19), (20, 31), (20, 32), (22, 5), (10, 15), (24, 25), (2, 32), (6, 24), (17, 7), (17, 26), (17, 29), (3, 16), (16, 6), (19, 30), (26, 28), (37, 30), (4, 2), (21, 10), (7, 12), (8, 27), (27, 5), (31, 24), (31, 35), (31, 38), (14, 37), (33, 17), (33, 25), (33, 32)]]","[[137.63468196230903, 77.27164764829021, 733.9416799546725, 123.62462479545832, 4.761759582625963, 139.96859760538817, 196.7064818628087, 1.0944648216952384, 13.112158688555404, 368.62861990302093, 51.4056329900359, 39.31676917366154, 3.447016621270458, 51.411262816581, 30.310247697246375, 50.02167432762762, 53.442879540742766, 12.708345335780049, 4.801360456531414, 24.56177467282037, 62.89291355591325, 61.50807536868283, 159.8337852621093, 164.024720073347, 82.29166945314495, 91.389615688314, 84.84193309054717, 108.68543509195452, 12.476714445883866, 80.83098558733573, 2.283460485626832]]"
514,"[[(0, 22), (0, 23), (0, 39), (11, 19), (20, 31), (20, 32), (22, 5), (10, 15), (24, 25), (2, 32), (6, 24), (17, 7), (17, 26), (17, 29), (3, 16), (16, 6), (19, 30), (26, 28), (37, 30), (4, 2), (21, 10), (7, 12), (8, 27), (27, 5), (31, 24), (31, 35), (31, 38), (14, 37), (33, 17), (33, 25), (33, 32)]]","[[209.88974094883315, 116.46172281306566, 433.114696426534, 35.47972893316029, 24.448969572121428, 136.36196239445383, 191.25934354968257, 3.42066694323242, 21.10029289309637, 343.7152364688668, 48.9975687507144, 53.57754770401266, 4.152355556687425, 103.94387244535348, 49.419206480464155, 47.47051379726543, 56.1167087911671, 9.39539279224387, 4.48838699819397, 23.422180193551988, 35.85427346334289, 70.93230705029418, 236.4581106483784, 279.1241961897143, 78.73325358788003, 83.28678636537924, 78.46985548517878, 75.35192344950256, 13.108937075453934, 94.67644353891572, 7.148351559268054]]"
515,"[[(0, 22), (0, 23), (0, 39), (11, 19), (20, 31), (20, 32), (22, 5), (10, 15), (24, 25), (2, 32), (6, 24), (17, 7), (17, 26), (17, 29), (3, 16), (16, 6), (19, 30), (26, 28), (37, 30), (4, 2), (21, 10), (7, 12), (8, 27), (27, 5), (31, 24), (31, 35), (31, 38), (14, 37), (33, 17), (33, 25), (33, 32)]]","[[190.3296197381796, 84.90437453942876, 309.96787412141487, 99.06796405840049, 17.063132165807076, 143.5672687717393, 191.1566121590518, 4.799366064949289, 9.598096483566936, 386.3934451395128, 51.9197334857841, 46.88853887510082, 2.2925210258315554, 126.08430946801157, 69.58640586152995, 20.58044023358117, 42.152962096916305, 18.56703477066335, 4.820051388419342, 23.825538254967128, 72.67834875810337, 59.12507020218806, 170.7225144255881, 395.1699857161337, 75.35176474737042, 79.48188871982836, 91.39909218024948, 431.14407832908665, 11.66096617983072, 89.51241561008372, 8.312125682571722]]"
516,"[[(0, 22), (0, 23), (0, 39), (11, 19), (20, 31), (20, 32), (22, 5), (10, 15), (24, 25), (2, 32), (6, 24), (17, 7), (17, 26), (17, 29), (3, 16), (16, 6), (19, 30), (26, 28), (37, 30), (4, 2), (21, 10), (7, 12), (8, 27), (27, 5), (31, 24), (31, 35), (31, 38), (14, 37), (33, 17), (33, 25), (33, 32)]]","[[362.23842688565435, 51.09778698991512, 841.0654610763166, 133.9864973575267, 20.054710479817608, 131.69087791171918, 174.85191197313998, 4.718732778689775, 19.643663011287313, 299.1943880526143, 55.871188700804296, 46.89387777678212, 2.4149166752747817, 139.244341102895, 27.388165873159174, 113.49888815172898, 44.28354614203194, 15.072721557201241, 3.400130208112211, 24.317915376686027, 66.63334162432199, 89.15035868570203, 293.0944196320369, 361.3213461513192, 72.93887969170217, 68.74834495166084, 135.3566916936643, 45.87992538501881, 15.60586420918157, 83.96633709463407, 6.699351685743268]]"
517,"[[(0, 22), (0, 23), (0, 39), (11, 19), (20, 31), (20, 32), (22, 5), (10, 15), (24, 25), (2, 32), (6, 24), (17, 7), (17, 26), (17, 29), (3, 16), (16, 6), (19, 30), (26, 28), (37, 30), (4, 2), (21, 10), (7, 12), (8, 27), (27, 5), (31, 24), (31, 35), (31, 38), (14, 37), (33, 17), (33, 25), (33, 32)]]","[[242.83790505905003, 33.1675865011088, 1103.0844109629643, 133.7712794399796, 11.247906164040668, 143.05832106860012, 175.83270702306487, 4.848180555726608, 15.876068944932214, 273.8056315390759, 51.354027319812324, 45.90959866531509, 3.8841154720407105, 59.87711242528811, 75.18222686825207, 98.68080891092748, 47.82106490214079, 5.325741982095291, 4.048595642143248, 23.52740002760285, 8.793339342749002, 73.2801095778689, 137.79044473242737, 396.2245253569854, 73.88360154954904, 76.18679117522157, 174.12254000676194, 284.0161713320239, 8.748413015250547, 85.5972764504548, 8.613431222437708]]"
518,"[[(0, 22), (0, 23), (0, 39), (11, 19), (20, 31), (20, 32), (22, 5), (10, 15), (24, 25), (2, 32), (6, 24), (17, 7), (17, 26), (17, 29), (3, 16), (16, 6), (19, 30), (26, 28), (37, 30), (4, 2), (21, 10), (7, 12), (8, 27), (27, 5), (31, 24), (31, 35), (31, 38), (14, 37), (33, 17), (33, 25), (33, 32)]]","[[374.0769654760806, 24.231922897716068, 492.32790971742287, 85.9013452033436, 4.714837304155845, 133.6077342094414, 215.54554811633824, 4.324167381819146, 24.67193645316799, 281.7732265120614, 51.580377162011594, 38.434225356271085, 2.8335007781149186, 53.8798466561521, 65.77559883436439, 102.49023534875083, 48.513265998234424, 6.896847290032268, 4.17470963421111, 23.125094417692125, 84.2690844920247, 61.942973021147026, 103.3656322611912, 354.1860161371577, 82.273969747076, 84.92269536056963, 120.01685485279216, 67.50125384021248, 14.829094861211198, 80.09982316019405, 4.512200861922263]]"
519,"[[(0, 22), (0, 23), (0, 39), (11, 19), (20, 31), (20, 32), (22, 5), (10, 15), (24, 25), (2, 32), (6, 24), (17, 7), (17, 26), (17, 29), (3, 16), (16, 6), (19, 30), (26, 28), (37, 30), (4, 2), (21, 10), (7, 12), (8, 27), (27, 5), (31, 24), (31, 35), (31, 38), (14, 37), (33, 17), (33, 25), (33, 32)]]","[[193.60766731779876, 86.96116705677039, 902.1446930278505, 135.89777874419372, 24.309758581546316, 130.24489675813447, 227.12473481134367, 3.24660212757213, 10.153720682976912, 313.8789710956523, 52.952896348991835, 52.803646669029334, 3.587303806383735, 51.982757044727144, 38.31653034467548, 69.6351871432454, 66.22882468161504, 4.027096331135956, 3.0161488767899645, 23.152926357655257, 51.41127668762746, 60.946057185172116, 128.41393400249305, 214.80221396972817, 61.01832197030278, 107.5362727068154, 84.55438306312793, 474.4102426556516, 14.47178013829307, 78.68094375519158, 7.421772023490425]]"
520,"[[(0, 22), (0, 23), (0, 39), (11, 19), (20, 31), (20, 32), (22, 5), (10, 15), (24, 25), (2, 32), (6, 24), (17, 7), (17, 26), (17, 29), (3, 16), (16, 6), (19, 30), (26, 28), (37, 30), (4, 2), (21, 10), (7, 12), (8, 27), (27, 5), (31, 24), (31, 35), (31, 38), (14, 37), (33, 17), (33, 25), (33, 32)]]","[[264.7319205366215, 59.82433121787605, 166.74548799759077, 66.94220370748955, 6.182084803960146, 133.07984371207462, 178.85199358712885, 1.6455200086585862, 11.746108976689532, 394.1724682180682, 51.65455037859736, 40.0401618759499, 3.593685952632186, 89.26069213370762, 68.26895031225081, 98.87303710759123, 45.69584598496801, 12.119367929431018, 4.212661170448589, 23.204752093092267, 16.836401173725946, 55.80165079618797, 91.53714088083451, 261.5768374399345, 81.4252647046601, 101.44714031351033, 75.19996073387227, 513.7017074187506, 11.345777270537468, 83.71643107360502, 2.861623878462]]"
521,"[[(0, 22), (0, 23), (0, 39), (11, 19), (20, 31), (20, 32), (22, 5), (10, 15), (24, 25), (2, 32), (6, 24), (17, 7), (17, 26), (17, 29), (3, 16), (16, 6), (19, 30), (26, 28), (37, 30), (4, 2), (21, 10), (7, 12), (8, 27), (27, 5), (31, 24), (31, 35), (31, 38), (14, 37), (33, 17), (33, 25), (33, 32)]]","[[113.52089491988573, 28.469335829234314, 878.8951992748779, 159.34060114696246, 27.253671590841705, 133.10533272984833, 176.8178722302869, 4.60210382324351, 11.099212800424084, 376.19110130574677, 54.986729557287, 50.691043446847836, 3.075537914179174, 134.48597558843352, 65.9799399925056, 23.036917787171337, 42.30737478992548, 12.747518711223178, 4.079731578205328, 24.22558914892508, 11.268913755704073, 28.22557037907586, 274.3375110998883, 304.509431028452, 81.50206870982994, 50.08227628066118, 77.10827307933567, 395.00602562707604, 8.385298441132333, 87.80247401088454, 8.437058561732604]]"
522,"[[(0, 22), (0, 23), (0, 39), (11, 19), (20, 31), (20, 32), (22, 5), (10, 15), (24, 25), (2, 32), (6, 24), (17, 7), (17, 26), (17, 29), (3, 16), (16, 6), (19, 30), (26, 28), (37, 30), (4, 2), (21, 10), (7, 12), (8, 27), (27, 5), (31, 24), (31, 35), (31, 38), (14, 37), (33, 17), (33, 25), (33, 32)]]","[[251.6051619008735, 115.45815244902175, 661.2261526553034, 60.86911855514296, 17.143681336804832, 141.37450826491806, 207.01148988049692, 4.9679990709184985, 0.8587324719787193, 308.37522126963137, 54.51169855263456, 45.18277498907915, 2.786340229652016, 48.26787619758196, 50.548974640763085, 49.11843971814267, 66.62733780601818, 14.021545448654342, 4.2869306021648566, 24.915952496614825, 25.5146318559682, 17.696125611464673, 245.06670080019845, 255.03421171290336, 69.32851255832259, 58.11845882715997, 152.02422024911493, 100.01988408529081, 15.914619335260083, 93.99531873257348, 5.220876403147465]]"
523,"[[(0, 22), (0, 23), (0, 39), (11, 19), (20, 31), (20, 32), (22, 5), (10, 15), (24, 25), (2, 32), (6, 24), (17, 7), (17, 26), (17, 29), (3, 16), (16, 6), (19, 30), (26, 28), (37, 30), (4, 2), (21, 10), (7, 12), (8, 27), (27, 5), (31, 24), (31, 35), (31, 38), (14, 37), (33, 17), (33, 25), (33, 32)]]","[[367.8544919388834, 99.09238134626487, 1119.825116359846, 140.20959551739196, 22.388997165606394, 130.62728850177675, 229.13944719479179, 4.588325656939569, 0.0981763432491205, 367.44298807124505, 53.3168049489328, 48.861197335630735, 3.4020916401928836, 140.72164122261194, 36.09133136840353, 40.14634557007772, 44.209084338331564, 13.596938986226043, 3.3720556786265297, 23.742171818050693, 26.589479877473423, 82.35200492373035, 74.66457989039428, 309.5009167856284, 60.96766389900773, 72.20854501998198, 148.23098047279248, 276.78179561870945, 12.22351406736931, 90.68681121417549, 5.858250888768283]]"
524,"[[(0, 22), (0, 23), (0, 39), (11, 19), (20, 31), (20, 32), (22, 5), (10, 15), (24, 25), (2, 32), (6, 24), (17, 7), (17, 26), (17, 29), (3, 16), (16, 6), (19, 30), (26, 28), (37, 30), (4, 2), (21, 10), (7, 12), (8, 27), (27, 5), (31, 24), (31, 35), (31, 38), (14, 37), (33, 17), (33, 25), (33, 32)]]","[[376.5259736346206, 86.72788648671673, 983.4335585935821, 131.7120248337223, 44.52323297189564, 135.60232419743636, 214.79665064022927, 4.111029722960106, 15.903129816854927, 319.3099340406648, 50.152969079376, 36.74164185684162, 2.3347092619168937, 120.20756662791567, 58.75448611561252, 97.89537067964768, 56.89501038497604, 8.521809760147447, 3.7058775340896366, 23.197029567326208, 81.68982242299121, 51.892387094261665, 169.13145467897633, 385.662117430495, 74.88795511519788, 90.95177925130888, 181.48575243513488, 422.78583669115244, 15.628501496729918, 84.62363262680877, 2.500417868870178]]"
525,"[[(0, 22), (0, 23), (0, 39), (11, 19), (20, 31), (20, 32), (22, 5), (10, 15), (24, 25), (2, 32), (6, 24), (17, 7), (17, 26), (17, 29), (3, 16), (16, 6), (19, 30), (26, 28), (37, 30), (4, 2), (21, 10), (7, 12), (8, 27), (27, 5), (31, 24), (31, 35), (31, 38), (14, 37), (33, 17), (33, 25), (33, 32)]]","[[216.08143525082124, 54.357397603915125, 612.665380832481, 62.15806896372656, 12.16580058507742, 142.7626535304909, 177.48270718248995, 3.607805573550471, 21.719503887255847, 287.3285892111336, 49.939669210182984, 53.4570842833436, 3.772821074310175, 147.41817402549162, 30.503769776766262, 92.33961524287906, 45.98329001990706, 12.616787063491415, 3.9885875573509573, 23.929671641917416, 34.56212361112109, 80.15790085482375, 323.1489288885878, 392.0818206875989, 64.21945516412221, 59.26177135755715, 81.1964631947221, 599.5325164532572, 14.202595409765541, 80.27625585674735, 1.0505327813211842]]"
526,"[[(0, 22), (0, 23), (0, 39), (11, 19), (20, 31), (20, 32), (22, 5), (10, 15), (24, 25), (2, 32), (6, 24), (17, 7), (17, 26), (17, 29), (3, 16), (16, 6), (19, 30), (26, 28), (37, 30), (4, 2), (21, 10), (7, 12), (8, 27), (27, 5), (31, 24), (31, 35), (31, 38), (14, 37), (33, 17), (33, 25), (33, 32)]]","[[286.4513533740821, 67.44919351208794, 429.06804086719757, 59.70241037137857, 7.8266549652389825, 143.25331445412488, 215.2178798600476, 2.307724030340901, 25.334196473736622, 309.40069160143497, 55.354942916409684, 53.821310126542315, 3.1737587507468175, 98.46328064065992, 41.13311986003834, 61.63642252956333, 65.84832048826101, 11.311291243192562, 4.551725555068659, 23.280320052023303, 11.412789141518505, 68.79654806221734, 299.4445770293864, 234.6548679083119, 69.87854886911462, 106.39987858095935, 105.64477428959073, 500.19775375541224, 13.450830209757484, 79.3663669770855, 8.64157043866523]]"
527,"[[(0, 22), (0, 23), (0, 39), (11, 19), (20, 31), (20, 32), (22, 5), (10, 15), (24, 25), (2, 32), (6, 24), (17, 7), (17, 26), (17, 29), (3, 16), (16, 6), (19, 30), (26, 28), (37, 30), (4, 2), (21, 10), (7, 12), (8, 27), (27, 5), (31, 24), (31, 35), (31, 38), (14, 37), (33, 17), (33, 25), (33, 32)]]","[[323.8382784049059, 42.01295036063391, 95.51502215155679, 137.13408731775326, 47.08685603529925, 137.89612019897024, 191.74367177804817, 4.576508433321093, 1.5920155388751152, 296.84790149440676, 48.667181565779046, 39.98519137447204, 1.6763206316368295, 133.79285906357933, 53.39586274946153, 67.81596209822834, 38.206894195475236, 11.181684817502589, 3.51545245920026, 23.12677478321529, 82.28686542117747, 71.32562187667561, 263.39492328174276, 370.8249099073136, 64.8494131666208, 42.99595300029459, 86.71093450685515, 440.49417183585024, 13.044699980698594, 82.32058081965853, 5.170499724410351]]"
528,"[[(0, 22), (0, 23), (0, 39), (11, 19), (20, 31), (20, 32), (22, 5), (10, 15), (24, 25), (2, 32), (6, 24), (17, 7), (17, 26), (17, 29), (3, 16), (16, 6), (19, 30), (26, 28), (37, 30), (4, 2), (21, 10), (7, 12), (8, 27), (27, 5), (31, 24), (31, 35), (31, 38), (14, 37), (33, 17), (33, 25), (33, 32)]]","[[257.38316085449094, 55.06070284292605, 1019.6694039877062, 38.54564965638544, 28.79852125689142, 137.31388010479728, 205.1404513004191, 4.914287784188206, 12.867767744976339, 355.8433087614086, 52.418739965279876, 42.098492487162716, 3.1160498363333624, 109.51953494973665, 64.8936516021904, 69.36004516750674, 42.37572753474873, 8.974641261280702, 4.367929169445841, 24.78216888779789, 21.202025383517086, 37.665980089211395, 331.6717197114335, 320.8115532316715, 82.56503325731198, 68.47335687557637, 129.1585709305456, 226.7833796863871, 15.857424417723436, 87.80096720941974, 4.203306761092352]]"
529,"[[(0, 22), (0, 23), (0, 39), (11, 19), (20, 31), (20, 32), (22, 5), (10, 15), (24, 25), (2, 32), (6, 24), (17, 7), (17, 26), (17, 29), (3, 16), (16, 6), (19, 30), (26, 28), (37, 30), (4, 2), (21, 10), (7, 12), (8, 27), (27, 5), (31, 24), (31, 35), (31, 38), (14, 37), (33, 17), (33, 25), (33, 32)]]","[[118.25967699037061, 99.48662300816467, 761.1867551523433, 75.32067267501253, 9.327892667106509, 143.80671152384446, 231.05076867832076, 4.8538241946061795, 23.99539318899157, 392.9371361618951, 50.94106524682655, 42.904015496028634, 3.4843815186002973, 160.12709943222282, 39.259964533504245, 21.4160999587561, 49.497520354193554, 18.435067794515057, 4.614443210925569, 24.179965253164596, 72.2084020191998, 35.49937861306206, 95.66110500616284, 328.5822076849822, 72.29472185563091, 109.79162594957664, 174.5296073665345, 399.3679445017986, 13.028530416041072, 84.55101379482898, 4.532180313317551]]"
530,"[[(0, 22), (0, 23), (0, 39), (11, 19), (20, 31), (20, 32), (22, 5), (10, 15), (24, 25), (2, 32), (6, 24), (17, 7), (17, 26), (17, 29), (3, 16), (16, 6), (19, 30), (26, 28), (37, 30), (4, 2), (21, 10), (7, 12), (8, 27), (27, 5), (31, 24), (31, 35), (31, 38), (14, 37), (33, 17), (33, 25), (33, 32)]]","[[294.1415306661007, 44.92110006430916, 378.0424372477683, 83.10251235273266, 28.025196125283202, 138.66093766170886, 203.2011473364616, 1.9444253114713308, 24.29167976756434, 323.0971138990226, 48.352215717316234, 40.18799920926372, 4.682990374051548, 79.96853479239441, 74.87006699734005, 94.96683257258053, 61.94434340658864, 3.804462921193302, 4.9774984816449725, 23.45944614815144, 48.40607178269593, 59.18772095736295, 405.5943062384812, 144.3124885311734, 79.68198805767562, 38.5792966651368, 35.04266487755203, 58.376741433544424, 11.567494698384131, 78.33319231902847, 1.2601006749867443]]"
531,"[[(0, 22), (0, 23), (0, 39), (11, 19), (20, 31), (20, 32), (22, 5), (10, 15), (24, 25), (2, 32), (6, 24), (17, 7), (17, 26), (17, 29), (3, 16), (16, 6), (19, 30), (26, 28), (37, 30), (4, 2), (21, 10), (7, 12), (8, 27), (27, 5), (31, 24), (31, 35), (31, 38), (14, 37), (33, 17), (33, 25), (33, 32)]]","[[179.37285948983424, 91.28270164389852, 1034.4807531576032, 95.25229688357742, 40.17756089651715, 138.1390034260356, 217.22647130262382, 1.7508537963974287, 4.482230131631946, 277.97104129924946, 55.45197621580387, 40.1819236735608, 4.381067313781562, 66.88030186061665, 40.58183605401004, 29.588098171184654, 68.46062820100514, 6.734958507923822, 3.6344352133397084, 24.827158101206614, 32.47144453846519, 29.855631005681435, 80.2891370056295, 191.44185874150298, 72.27587745870076, 43.0954599893244, 144.04465236178677, 470.95623408629046, 9.262742080185198, 81.74116921484978, 1.3125849032601895]]"
532,"[[(0, 22), (0, 23), (0, 39), (11, 19), (20, 31), (20, 32), (22, 5), (10, 15), (24, 25), (2, 32), (6, 24), (17, 7), (17, 26), (17, 29), (3, 16), (16, 6), (19, 30), (26, 28), (37, 30), (4, 2), (21, 10), (7, 12), (8, 27), (27, 5), (31, 24), (31, 35), (31, 38), (14, 37), (33, 17), (33, 25), (33, 32)]]","[[347.3648379632993, 29.669653554579043, 429.32004168103094, 67.90123216796067, 32.69217440773592, 137.54842011102383, 193.2441352248869, 3.2867466291790595, 9.184968783146815, 396.75433844789427, 48.13849789661282, 42.9474878153778, 1.4139920006815614, 144.59912840455135, 65.24504551619066, 45.74800921931667, 49.694441033834, 2.0305309441689112, 4.046844586557402, 24.958498477303202, 16.81573043159915, 59.700654508411475, 152.0268667781861, 290.96911908893003, 81.39206934783779, 68.16193365808712, 58.656262023521855, 218.3582002279997, 14.087714712302658, 92.83152795231412, 1.6943988239746757]]"
533,"[[(0, 22), (0, 23), (0, 39), (11, 19), (20, 31), (20, 32), (22, 5), (10, 15), (24, 25), (2, 32), (6, 24), (17, 7), (17, 26), (17, 29), (3, 16), (16, 6), (19, 30), (26, 28), (37, 30), (4, 2), (21, 10), (7, 12), (8, 27), (27, 5), (31, 24), (31, 35), (31, 38), (14, 37), (33, 17), (33, 25), (33, 32)]]","[[138.38414359947342, 112.28246024252789, 180.96689655113013, 54.59784893499199, 43.39225014937586, 136.00201408309067, 219.13229128335817, 2.119739908071189, 9.65873916407961, 311.32993262447104, 50.07606090660807, 38.683983169134834, 2.391884578388101, 120.1680249647906, 50.72987664201892, 91.07386316546102, 54.55782965793618, 4.568894925602512, 4.520843725717643, 23.875106971763323, 37.5633554433568, 61.74255252240679, 222.72558917878305, 346.68739583679735, 75.42044313719444, 66.8077481532035, 27.44935258943964, 259.82651795965756, 10.043866730757834, 83.06456014231864, 1.4366359072128967]]"
534,"[[(0, 22), (0, 23), (0, 39), (11, 19), (20, 31), (20, 32), (22, 5), (10, 15), (24, 25), (2, 32), (6, 24), (17, 7), (17, 26), (17, 29), (3, 16), (16, 6), (19, 30), (26, 28), (37, 30), (4, 2), (21, 10), (7, 12), (8, 27), (27, 5), (31, 24), (31, 35), (31, 38), (14, 37), (33, 17), (33, 25), (33, 32)]]","[[101.31403810481231, 68.31047238465828, 328.31653204843707, 95.24047606589576, 29.712187391613693, 142.76410130713938, 179.45696950200315, 3.641347751551953, 4.6930825853963745, 321.1776958515692, 49.33492669425573, 44.63885313245679, 3.026502797024161, 121.34216903885019, 70.46737809658671, 73.76490516809633, 70.67758313889229, 16.022727328602638, 4.804628908299503, 23.21557274663918, 69.35578403730075, 37.372675378367475, 313.01266313314494, 260.3865485817797, 67.04748338764395, 51.579148934023564, 154.4769793313197, 236.5069873929022, 11.298230418614281, 94.85316481085002, 4.596108333644487]]"
535,"[[(0, 22), (0, 23), (0, 39), (11, 19), (20, 31), (20, 32), (22, 5), (10, 15), (24, 25), (2, 32), (6, 24), (17, 7), (17, 26), (17, 29), (3, 16), (16, 6), (19, 30), (26, 28), (37, 30), (4, 2), (21, 10), (7, 12), (8, 27), (27, 5), (31, 24), (31, 35), (31, 38), (14, 37), (33, 17), (33, 25), (33, 32)]]","[[230.04552244818814, 53.40581134296063, 789.5709130782228, 152.50083832091022, 11.562443414085395, 142.402185372218, 185.3166159590769, 3.5902903411751437, 15.239465634436158, 411.37638080066597, 50.04940157743941, 52.81895062829574, 3.6051551595092675, 143.81191321402164, 51.44547637308911, 128.54374917202864, 48.42801480118517, 9.999135620594927, 3.177303735182878, 24.75210891116567, 33.13280313709983, 17.37375104360119, 119.30332811582453, 254.08386677058445, 72.52108497677708, 60.119784822324135, 173.1078965066128, 496.4579422950033, 8.620541080370568, 82.40489022803693, 8.83918779951865]]"
536,"[[(0, 22), (0, 23), (0, 39), (11, 19), (20, 31), (20, 32), (22, 5), (10, 15), (24, 25), (2, 32), (6, 24), (17, 7), (17, 26), (17, 29), (3, 16), (16, 6), (19, 30), (26, 28), (37, 30), (4, 2), (21, 10), (7, 12), (8, 27), (27, 5), (31, 24), (31, 35), (31, 38), (14, 37), (33, 17), (33, 25), (33, 32)]]","[[276.1236104821363, 98.8239747593818, 834.5235202932859, 70.12688888268443, 24.301373330447426, 135.95760360135446, 214.82366056176426, 1.6369317885765118, 16.166397241815265, 286.54727224489733, 54.138136995641396, 36.11144381042327, 2.726403645170443, 146.45205413965706, 76.24305066280641, 41.77793296738433, 50.21159102868912, 7.230556155965641, 3.1413873592622257, 23.40115841699366, 20.884771781300604, 52.22053799629549, 246.82000623065733, 357.09302586440924, 82.35128843209739, 52.48004481557094, 162.97534417152048, 577.8807051223332, 11.236352177767472, 86.6560011136107, 1.0472066609049788]]"
537,"[[(0, 22), (0, 23), (0, 39), (11, 19), (20, 31), (20, 32), (22, 5), (10, 15), (24, 25), (2, 32), (6, 24), (17, 7), (17, 26), (17, 29), (3, 16), (16, 6), (19, 30), (26, 28), (37, 30), (4, 2), (21, 10), (7, 12), (8, 27), (27, 5), (31, 24), (31, 35), (31, 38), (14, 37), (33, 17), (33, 25), (33, 32)]]","[[207.18091886157833, 104.27482118606714, 599.9638772192653, 62.720038768136995, 46.50580316138011, 135.49783854533274, 222.39568033076657, 1.3457851031433408, 10.09901141583579, 360.8796290503052, 50.625395247370776, 44.49400143843073, 3.180963596066924, 122.57423565340848, 50.957230940073416, 96.50154717986321, 70.30207431096788, 4.725021663055134, 3.042786027333552, 24.36473256140694, 87.26831049902269, 26.828261771323813, 72.68339805915409, 186.53287440574775, 69.22196844187987, 87.8672482051732, 183.85038035038295, 279.4571463806176, 12.765975521700682, 94.71406772587001, 6.542700610768242]]"
538,"[[(0, 22), (0, 23), (0, 39), (11, 19), (20, 31), (20, 32), (22, 5), (10, 15), (24, 25), (2, 32), (6, 24), (17, 7), (17, 26), (17, 29), (3, 16), (16, 6), (19, 30), (26, 28), (37, 30), (4, 2), (21, 10), (7, 12), (8, 27), (27, 5), (31, 24), (31, 35), (31, 38), (14, 37), (33, 17), (33, 25), (33, 32)]]","[[263.57487523507666, 69.2875892381661, 81.88890535400552, 93.36615615249059, 27.103853163090307, 140.6059939977279, 172.70165596025367, 4.647467813304123, 25.57590602936405, 340.1543425373035, 54.20574308847681, 41.14899223802418, 3.5072045985776974, 59.750374014870914, 77.41658407077048, 51.56334579889477, 59.408223942547565, 2.1363339439987175, 4.703676149292296, 23.801511000752853, 31.57940445665509, 40.25621363645588, 77.05069308501412, 175.70313113204503, 78.00178911333425, 71.309651262789, 166.89207707966344, 151.63726841430457, 8.1908514477491, 92.73619140506095, 4.053535754888091]]"
539,"[[(0, 22), (0, 23), (0, 39), (11, 19), (20, 31), (20, 32), (22, 5), (10, 15), (24, 25), (2, 32), (6, 24), (17, 7), (17, 26), (17, 29), (3, 16), (16, 6), (19, 30), (26, 28), (37, 30), (4, 2), (21, 10), (7, 12), (8, 27), (27, 5), (31, 24), (31, 35), (31, 38), (14, 37), (33, 17), (33, 25), (33, 32)]]","[[245.4358497627886, 51.991518540297264, 780.2720683244742, 67.4966774119818, 9.787432056208157, 134.57486775878021, 207.94146530195331, 1.3088509280139724, 25.252691710897082, 337.74410461650973, 54.3630511255229, 47.275899311043574, 2.8808782144926597, 146.87307712935723, 34.81509212344252, 61.73007920226158, 69.60051629111463, 14.28256035503168, 3.7349743061952028, 24.40015078584619, 68.38630885851694, 88.35346732199086, 232.8361865570227, 378.31187649849153, 72.3277619158479, 34.80425525896242, 116.16467587480321, 367.59999759514665, 10.546276335741334, 91.60742616877094, 3.8567762857776913]]"
540,"[[(0, 22), (0, 23), (0, 39), (11, 19), (20, 31), (20, 32), (22, 5), (10, 15), (24, 25), (2, 32), (6, 24), (17, 7), (17, 26), (17, 29), (3, 16), (16, 6), (19, 30), (26, 28), (37, 30), (4, 2), (21, 10), (7, 12), (8, 27), (27, 5), (31, 24), (31, 35), (31, 38), (14, 37), (33, 17), (33, 25), (33, 32)]]","[[141.2268740503169, 65.37769685482999, 330.6966673431, 72.94402082239354, 12.903926284758214, 142.66867359120278, 218.63369707412, 1.3800464634955194, 5.774084058162639, 294.1370205583002, 54.17664205435128, 39.493889591797306, 4.682742328677662, 111.29031487708522, 54.05167098053201, 34.899601356174514, 43.75774413688786, 13.140801131946061, 3.4779263153226028, 24.3976750214325, 48.40620744717138, 78.48728933566956, 289.0338332114652, 163.87378048039628, 62.942798360943975, 82.20431558105227, 94.82737923886735, 69.08557947488495, 8.74334250477655, 94.20781644966584, 6.788781958713972]]"
541,"[[(0, 22), (0, 23), (0, 39), (11, 19), (20, 31), (20, 32), (22, 5), (10, 15), (24, 25), (2, 32), (6, 24), (17, 7), (17, 26), (17, 29), (3, 16), (16, 6), (19, 30), (26, 28), (37, 30), (4, 2), (21, 10), (7, 12), (8, 27), (27, 5), (31, 24), (31, 35), (31, 38), (14, 37), (33, 17), (33, 25), (33, 32)]]","[[186.1108119359314, 112.6144759141015, 886.3405252980198, 94.72423011976974, 20.15800126596568, 132.5352000821541, 217.67323915446292, 2.824472938969976, 1.0221162337224974, 325.1429529067408, 54.66783825153799, 44.408537437558124, 3.709310356480801, 112.52767794649156, 48.60778967474535, 47.1519187513061, 37.27618205917721, 13.73068159009916, 3.966890137033765, 24.07060837894713, 88.67117778547862, 66.35109724130334, 189.38246775156634, 230.65231092784578, 64.17080440446401, 37.49412653038548, 113.41384487111998, 142.7446904325231, 14.17005142255544, 89.99875176581037, 3.167821828518826]]"
542,"[[(0, 22), (0, 23), (0, 39), (11, 19), (20, 31), (20, 32), (22, 5), (10, 15), (24, 25), (2, 32), (6, 24), (17, 7), (17, 26), (17, 29), (3, 16), (16, 6), (19, 30), (26, 28), (37, 30), (4, 2), (21, 10), (7, 12), (8, 27), (27, 5), (31, 24), (31, 35), (31, 38), (14, 37), (33, 17), (33, 25), (33, 32)]]","[[176.95482640012216, 103.79184332159623, 485.59111120730796, 85.69601731633668, 10.601859906116388, 131.49865421872965, 198.3375429068376, 2.08308610007302, 25.395042455098526, 406.0371288407383, 50.03454943596015, 51.40063306351072, 1.5856299018928826, 59.495710921310426, 59.13896028073983, 47.14746603260792, 44.35197733562707, 19.314420054099664, 3.3329863707403806, 23.6643163704337, 78.65453555710425, 61.959028609310295, 283.0304289186755, 217.16967908238803, 64.04953142021404, 63.95141991440663, 162.178987937556, 539.2296279077156, 15.183847129095382, 80.43065286394952, 1.4641741502625765]]"
543,"[[(0, 22), (0, 23), (0, 39), (11, 19), (20, 31), (20, 32), (22, 5), (10, 15), (24, 25), (2, 32), (6, 24), (17, 7), (17, 26), (17, 29), (3, 16), (16, 6), (19, 30), (26, 28), (37, 30), (4, 2), (21, 10), (7, 12), (8, 27), (27, 5), (31, 24), (31, 35), (31, 38), (14, 37), (33, 17), (33, 25), (33, 32)]]","[[217.467119859429, 38.58212425874887, 154.33753129286788, 36.26981078092674, 26.346249914511937, 142.0672810011286, 219.29942262150416, 1.16236463725908, 21.162147131694358, 292.910317871528, 54.99757073836393, 44.76143546122873, 2.745660355767165, 69.01498054578009, 40.52560370333211, 42.82213842912531, 38.136192183002734, 14.102928559489515, 3.547859706834717, 24.167122379355664, 8.114013592577031, 43.20354550452651, 307.06238985516734, 297.2858928408659, 73.85096671693422, 64.50966296455175, 100.76671798197123, 191.42996742852725, 9.529663366922088, 94.00307376334008, 2.9951352461958596]]"
544,"[[(0, 22), (0, 23), (0, 39), (11, 19), (20, 31), (20, 32), (22, 5), (10, 15), (24, 25), (2, 32), (6, 24), (17, 7), (17, 26), (17, 29), (3, 16), (16, 6), (19, 30), (26, 28), (37, 30), (4, 2), (21, 10), (7, 12), (8, 27), (27, 5), (31, 24), (31, 35), (31, 38), (14, 37), (33, 17), (33, 25), (33, 32)]]","[[369.64476681163444, 61.869185113212666, 1097.8586654895785, 124.97611877928091, 16.77733543757442, 138.77617713457252, 194.9160166642994, 1.670273498078923, 12.800712283971276, 408.2076624574539, 53.86070732330663, 46.31443673797271, 1.1442035539270599, 73.95841820746348, 42.36411087827125, 127.40960996566763, 53.89723111949499, 17.759203348131265, 4.298955835072727, 23.338593795140927, 82.56264011266194, 56.36474467726445, 409.0753830030744, 371.219259226686, 79.23331898810784, 75.42248874045461, 68.33298506048101, 319.91714021937634, 10.021572330845252, 80.23520924263866, 7.925432028708709]]"
545,"[[(0, 22), (0, 23), (0, 39), (11, 19), (20, 31), (20, 32), (22, 5), (10, 15), (24, 25), (2, 32), (6, 24), (17, 7), (17, 26), (17, 29), (3, 16), (16, 6), (19, 30), (26, 28), (37, 30), (4, 2), (21, 10), (7, 12), (8, 27), (27, 5), (31, 24), (31, 35), (31, 38), (14, 37), (33, 17), (33, 25), (33, 32)]]","[[332.5378627140476, 43.55501592820356, 830.9884572375688, 63.43790892182207, 19.17382173178058, 142.73758342698585, 199.3791495647734, 3.343636716909887, 24.847830448969418, 362.33566188859743, 48.98655716863475, 51.05921572744161, 2.3221910845204152, 78.36331845969718, 54.30020594406714, 109.87453330309191, 57.12682928743227, 15.851959011145246, 4.967946677880226, 23.99525417188308, 22.502998544580812, 46.41825816479572, 112.2411530673117, 226.52211427548093, 72.3774059217094, 94.21579593960408, 75.86428458445599, 406.80193285718394, 9.028703392094357, 84.40444562422063, 3.4565988285307743]]"
546,"[[(0, 22), (0, 23), (0, 39), (11, 19), (20, 31), (20, 32), (22, 5), (10, 15), (24, 25), (2, 32), (6, 24), (17, 7), (17, 26), (17, 29), (3, 16), (16, 6), (19, 30), (26, 28), (37, 30), (4, 2), (21, 10), (7, 12), (8, 27), (27, 5), (31, 24), (31, 35), (31, 38), (14, 37), (33, 17), (33, 25), (33, 32)]]","[[333.3526639480554, 116.22836140755217, 1116.074497758868, 89.67566481308509, 26.36184229007101, 140.5557946031334, 230.36653146867377, 3.8449793129755445, 4.486545914608843, 350.77397427638937, 55.78244316665946, 49.889132827351176, 1.5284527188347647, 110.11709759996273, 69.21222914808126, 21.24039415047666, 52.50287987608512, 4.126772645258984, 3.915056296468153, 23.208248690187386, 23.66309625107404, 21.190353298079454, 114.03983987476875, 333.75245958770654, 62.37608579483029, 34.20245655346932, 147.8270536460737, 125.73777906162645, 13.9766092393928, 80.29926492910644, 6.697530230574969]]"
547,"[[(0, 22), (0, 23), (0, 39), (11, 19), (20, 31), (20, 32), (22, 5), (10, 15), (24, 25), (2, 32), (6, 24), (17, 7), (17, 26), (17, 29), (3, 16), (16, 6), (19, 30), (26, 28), (37, 30), (4, 2), (21, 10), (7, 12), (8, 27), (27, 5), (31, 24), (31, 35), (31, 38), (14, 37), (33, 17), (33, 25), (33, 32)]]","[[94.71681026372508, 88.05721682968132, 454.62095042282584, 165.80072447529017, 12.155102862070176, 136.12920271506596, 186.47890153198156, 3.77618149189518, 24.52916941278144, 288.1610601326188, 54.56576727021087, 36.47726081715345, 1.6030168305419585, 107.01252002570398, 56.58838319966371, 82.9614633671133, 37.52372765059964, 6.653121485005097, 3.399476151752367, 23.677001043006495, 59.34074797930321, 87.1744970767253, 343.7080275944744, 285.408622697924, 79.58808260074926, 43.57302519022604, 47.24214733171341, 259.66580674487375, 12.931661313836887, 88.17794974160421, 6.017142512319753]]"
548,"[[(0, 22), (0, 23), (0, 39), (11, 19), (20, 31), (20, 32), (22, 5), (10, 15), (24, 25), (2, 32), (6, 24), (17, 7), (17, 26), (17, 29), (3, 16), (16, 6), (19, 30), (26, 28), (37, 30), (4, 2), (21, 10), (7, 12), (8, 27), (27, 5), (31, 24), (31, 35), (31, 38), (14, 37), (33, 17), (33, 25), (33, 32)]]","[[252.82644553218574, 102.37556953114279, 195.76408905235527, 65.67301410007305, 13.057132833079887, 131.69723946745893, 231.18614583118932, 2.3112920502225407, 25.18165503537196, 377.943414398422, 48.19732429963427, 46.7706956031867, 4.755323605758694, 117.27851404292214, 72.0388777632125, 78.53165344533305, 56.781324942110146, 13.14181712978769, 3.8060254023198157, 24.38888685331232, 83.17569849757727, 47.60401314696815, 257.95399112284457, 212.46623053473272, 69.05577178960804, 36.532303614629186, 141.87062858493806, 174.03001718258463, 9.177399291792359, 77.74107242963649, 8.156348450078758]]"
549,"[[(0, 22), (0, 23), (0, 39), (11, 19), (20, 31), (20, 32), (22, 5), (10, 15), (24, 25), (2, 32), (6, 24), (17, 7), (17, 26), (17, 29), (3, 16), (16, 6), (19, 30), (26, 28), (37, 30), (4, 2), (21, 10), (7, 12), (8, 27), (27, 5), (31, 24), (31, 35), (31, 38), (14, 37), (33, 17), (33, 25), (33, 32)]]","[[250.9795802757562, 102.22298027095886, 1046.7555804579997, 87.02313466819919, 6.2361922683375415, 138.48904883658884, 186.66288926488193, 1.2089581155931448, 22.090399135969644, 280.0817130701111, 55.12336335108611, 46.17598281110533, 4.485501334688699, 154.7398322765727, 29.161470376299675, 108.5562985364515, 54.85301795491829, 16.286153747754916, 4.2984799491704795, 24.87303672450392, 81.97831123982692, 83.68726925165763, 125.27595663938466, 218.72943343355723, 73.6155093301765, 100.54530550265166, 175.30415634440268, 310.4026246175374, 14.244165143845741, 88.10255648286109, 8.052088067875454]]"
550,"[[(0, 22), (0, 23), (0, 39), (11, 19), (20, 31), (20, 32), (22, 5), (10, 15), (24, 25), (2, 32), (6, 24), (17, 7), (17, 26), (17, 29), (3, 16), (16, 6), (19, 30), (26, 28), (37, 30), (4, 2), (21, 10), (7, 12), (8, 27), (27, 5), (31, 24), (31, 35), (31, 38), (14, 37), (33, 17), (33, 25), (33, 32)]]","[[122.24273711736987, 52.60823711681517, 1112.5279542959233, 153.77136285692478, 36.40706536842398, 139.5800091145285, 196.49964533335086, 3.784935309187693, 9.524096097356363, 370.704800979224, 53.482433188952726, 44.837893438461094, 3.7045984742979727, 83.53052046667534, 71.21443491638092, 31.20782798993298, 50.07099630830247, 8.539688742493805, 4.832052760281892, 23.362299153384, 38.890817984039245, 65.78157098971116, 328.8638373947999, 166.48601592676738, 71.60288403892335, 59.62865246055233, 57.01113862426943, 381.6168877504897, 13.590511618371714, 86.72983293237313, 8.443550167906754]]"
551,"[[(0, 22), (0, 23), (0, 39), (11, 19), (20, 31), (20, 32), (22, 5), (10, 15), (24, 25), (2, 32), (6, 24), (17, 7), (17, 26), (17, 29), (3, 16), (16, 6), (19, 30), (26, 28), (37, 30), (4, 2), (21, 10), (7, 12), (8, 27), (27, 5), (31, 24), (31, 35), (31, 38), (14, 37), (33, 17), (33, 25), (33, 32)]]","[[246.736709061895, 36.43299689550794, 140.76240976447372, 118.68304046633372, 3.110837557485648, 139.3787293060194, 226.19048425922514, 3.9631607914392437, 6.8326085433336745, 351.81105266993023, 51.05233012173336, 53.14200699122109, 1.0484332868227524, 65.3017832526923, 73.65986834890774, 67.52345161999136, 49.26621434497966, 9.576920689073614, 3.301636695151962, 23.794907508020593, 13.804196720424631, 70.37852071686896, 339.5530378749036, 368.018974739004, 65.52751425447236, 50.980974965295545, 136.86874228979156, 514.7832456585854, 15.741301084583586, 90.16279631960373, 6.621316647644138]]"
552,"[[(0, 22), (0, 23), (0, 39), (11, 19), (20, 31), (20, 32), (22, 5), (10, 15), (24, 25), (2, 32), (6, 24), (17, 7), (17, 26), (17, 29), (3, 16), (16, 6), (19, 30), (26, 28), (37, 30), (4, 2), (21, 10), (7, 12), (8, 27), (27, 5), (31, 24), (31, 35), (31, 38), (14, 37), (33, 17), (33, 25), (33, 32)]]","[[113.11002547345694, 58.63629168368425, 568.5221388040663, 117.09486794044648, 19.618430819643514, 135.58753994886968, 214.82354955215254, 4.20513970113862, 18.85747733503566, 325.9108607657514, 54.891171499864654, 41.84344183998024, 4.284334851083912, 112.45320861733953, 51.36118657476932, 103.90144286232672, 42.07288048206635, 9.255479834073249, 3.207140209336724, 23.543476818224484, 25.638713383171847, 66.4561217706246, 111.88981773456243, 241.9889248103487, 77.6658835232753, 97.14495518213418, 54.37188141603445, 523.5283888891827, 8.742630754152554, 91.37393680928568, 5.746567420700047]]"
553,"[[(0, 22), (0, 23), (0, 39), (11, 19), (20, 31), (20, 32), (22, 5), (10, 15), (24, 25), (2, 32), (6, 24), (17, 7), (17, 26), (17, 29), (3, 16), (16, 6), (19, 30), (26, 28), (37, 30), (4, 2), (21, 10), (7, 12), (8, 27), (27, 5), (31, 24), (31, 35), (31, 38), (14, 37), (33, 17), (33, 25), (33, 32)]]","[[218.98914697931824, 83.33642243504667, 118.51435418580027, 55.25214018028974, 15.940735187866817, 135.4788969505141, 195.8591734134757, 1.1542528363541007, 25.458970971813194, 340.57242013152927, 55.39475469590465, 53.230277221619716, 4.0374577438582, 86.10351016440814, 76.68524540655389, 30.64057243407145, 61.15637380546257, 9.33056568196994, 4.311311409242112, 23.6365455443337, 15.102493191137896, 19.89486513861705, 136.8729550067552, 247.4755261754242, 79.37566152831944, 52.17756213495258, 157.14206400587864, 414.11197250841553, 10.532323675502667, 89.85888283119405, 2.2093552457602605]]"
554,"[[(0, 22), (0, 23), (0, 39), (11, 19), (20, 31), (20, 32), (22, 5), (10, 15), (24, 25), (2, 32), (6, 24), (17, 7), (17, 26), (17, 29), (3, 16), (16, 6), (19, 30), (26, 28), (37, 30), (4, 2), (21, 10), (7, 12), (8, 27), (27, 5), (31, 24), (31, 35), (31, 38), (14, 37), (33, 17), (33, 25), (33, 32)]]","[[326.1896088593587, 69.12335830823233, 600.300287365386, 79.59831425348534, 29.972633955681154, 132.69811154680949, 199.5542123001417, 4.118966965720885, 7.0678931391706135, 323.41993313084396, 49.89165985242156, 38.074339855256405, 3.8295690482457974, 58.474674467516, 33.89311765331745, 29.534345024435375, 70.22514810069438, 10.1132667110438, 4.04160471212612, 24.339044302743364, 34.52987167523476, 67.63149041146835, 136.9306597509267, 142.96133774226087, 70.06901772600445, 94.33604549131076, 42.171755128107016, 513.2932031169993, 10.642437034360615, 77.1205876628515, 6.853477879410764]]"
555,"[[(0, 22), (0, 23), (0, 39), (11, 19), (20, 31), (20, 32), (22, 5), (10, 15), (24, 25), (2, 32), (6, 24), (17, 7), (17, 26), (17, 29), (3, 16), (16, 6), (19, 30), (26, 28), (37, 30), (4, 2), (21, 10), (7, 12), (8, 27), (27, 5), (31, 24), (31, 35), (31, 38), (14, 37), (33, 17), (33, 25), (33, 32)]]","[[241.26155782268324, 37.07695023379783, 885.5186967815146, 114.17344396080374, 15.566493821357701, 140.7579362210635, 176.32538780658945, 4.266960715573486, 10.327656837710322, 289.17153920557917, 50.063159972713834, 53.905281781064446, 2.712563965310875, 99.22554026409614, 26.635674300856653, 56.94317264144834, 57.03406979322873, 17.087993168508042, 4.253030039107323, 24.163659787940347, 37.97473980109374, 34.69822570366658, 163.30414991231044, 196.61949674578557, 66.43326358744673, 41.30310629405585, 78.20423872731858, 499.50075439191255, 14.155962297105315, 91.08520543652254, 3.3722600113795025]]"
556,"[[(0, 22), (0, 23), (0, 39), (11, 19), (20, 31), (20, 32), (22, 5), (10, 15), (24, 25), (2, 32), (6, 24), (17, 7), (17, 26), (17, 29), (3, 16), (16, 6), (19, 30), (26, 28), (37, 30), (4, 2), (21, 10), (7, 12), (8, 27), (27, 5), (31, 24), (31, 35), (31, 38), (14, 37), (33, 17), (33, 25), (33, 32)]]","[[228.1624098301588, 116.71126767203067, 733.0981628926702, 100.3214531419197, 29.56859151120863, 134.01980553836356, 205.40913730992295, 4.712876782341558, 22.042910446171575, 376.2137645891335, 51.67365684268948, 40.20011706834729, 4.198613603772012, 130.6847441077676, 42.040041281025935, 69.6698389755844, 50.64083710285682, 16.218604505339805, 3.588011479697073, 23.28053871229807, 27.228096819625318, 43.43854777359047, 213.38746336929484, 300.5915365899614, 70.48630999029055, 45.13143603742097, 172.91469871165646, 233.94479583906656, 15.080784417189754, 91.09169216547876, 7.99178454300051]]"
557,"[[(0, 22), (0, 23), (0, 39), (11, 19), (20, 31), (20, 32), (22, 5), (10, 15), (24, 25), (2, 32), (6, 24), (17, 7), (17, 26), (17, 29), (3, 16), (16, 6), (19, 30), (26, 28), (37, 30), (4, 2), (21, 10), (7, 12), (8, 27), (27, 5), (31, 24), (31, 35), (31, 38), (14, 37), (33, 17), (33, 25), (33, 32)]]","[[147.88033440185967, 108.51215245649647, 421.00562665012467, 151.71576499466033, 31.63052872426502, 138.60967976236864, 226.19485237651077, 1.1952740131687598, 7.9085476103302526, 307.93298677241, 54.83265344028563, 41.97306670599967, 2.4432035879016674, 107.63765745771734, 51.15364891543103, 62.87913855335207, 58.23477819292637, 8.673767103495946, 3.2519848336777972, 24.66333433807948, 37.76974731052055, 31.419403123729065, 333.7596342277084, 222.26027161944197, 60.02921572526588, 74.22671693100386, 183.414641397644, 103.07530532717954, 10.411788637606447, 93.6161094300162, 1.4316234172809388]]"
558,"[[(0, 22), (0, 23), (0, 39), (11, 19), (20, 31), (20, 32), (22, 5), (10, 15), (24, 25), (2, 32), (6, 24), (17, 7), (17, 26), (17, 29), (3, 16), (16, 6), (19, 30), (26, 28), (37, 30), (4, 2), (21, 10), (7, 12), (8, 27), (27, 5), (31, 24), (31, 35), (31, 38), (14, 37), (33, 17), (33, 25), (33, 32)]]","[[278.33352947850756, 37.11134844785094, 1069.6549934238242, 82.12827666716596, 28.21260412884113, 141.9788125506786, 206.48296643389224, 4.569155262137625, 20.31998481319742, 334.40016181847966, 49.64400303566504, 48.74050934425966, 4.760644042657313, 143.18223149894425, 74.96943599539077, 33.84843428778449, 37.000383191675226, 8.528822470936046, 3.57744541811811, 24.11258978478263, 71.52589719741859, 49.71567833380448, 365.51862181288516, 351.25381819666495, 78.50784347333374, 74.00634444998042, 74.23015923623007, 180.3112074447766, 11.79877143805092, 81.29782937642116, 2.5047408003270757]]"
559,"[[(0, 22), (0, 23), (0, 39), (11, 19), (20, 31), (20, 32), (22, 5), (10, 15), (24, 25), (2, 32), (6, 24), (17, 7), (17, 26), (17, 29), (3, 16), (16, 6), (19, 30), (26, 28), (37, 30), (4, 2), (21, 10), (7, 12), (8, 27), (27, 5), (31, 24), (31, 35), (31, 38), (14, 37), (33, 17), (33, 25), (33, 32)]]","[[273.260213426125, 90.49851180560077, 600.7892593339229, 115.08925916730767, 8.34711261103324, 130.04926326276484, 204.79523464992403, 4.121608421715587, 16.597638827490677, 372.75522969833264, 55.97522906553108, 53.050944686799504, 3.167609176762243, 103.62432858464388, 79.68145234858244, 66.31029255462032, 59.37077221815503, 4.816441860166691, 4.0392749305561235, 24.611210607853145, 10.203942520846423, 22.067804013412143, 198.88444565879914, 290.8473687807398, 81.22423351486528, 89.93625458841308, 107.20271931872819, 357.72004202457623, 13.822212595028834, 81.1395518996355, 1.8277904186522642]]"
560,"[[(0, 22), (0, 23), (0, 39), (11, 19), (20, 31), (20, 32), (22, 5), (10, 15), (24, 25), (2, 32), (6, 24), (17, 7), (17, 26), (17, 29), (3, 16), (16, 6), (19, 30), (26, 28), (37, 30), (4, 2), (21, 10), (7, 12), (8, 27), (27, 5), (31, 24), (31, 35), (31, 38), (14, 37), (33, 17), (33, 25), (33, 32)]]","[[334.50774103345276, 57.729882273680644, 1056.1690466687678, 48.98250779402603, 27.01734264680513, 134.5624239359744, 203.50614098808703, 3.9860551607179944, 20.552728453746816, 368.1601719941414, 52.84010673179603, 44.56769111547191, 2.0474984911660665, 63.6477920329265, 33.70135822818951, 53.577505345159224, 57.038231054165394, 17.972071994255636, 3.556393954529765, 24.20985501331417, 21.024623160754544, 19.50295894692016, 297.85049764194173, 179.00385184317577, 75.41525561348794, 59.325713510736065, 39.22662215930757, 240.4877627372166, 11.019340815560241, 81.39845303399638, 1.8984023374266172]]"
561,"[[(0, 22), (0, 23), (0, 39), (11, 19), (20, 31), (20, 32), (22, 5), (10, 15), (24, 25), (2, 32), (6, 24), (17, 7), (17, 26), (17, 29), (3, 16), (16, 6), (19, 30), (26, 28), (37, 30), (4, 2), (21, 10), (7, 12), (8, 27), (27, 5), (31, 24), (31, 35), (31, 38), (14, 37), (33, 17), (33, 25), (33, 32)]]","[[265.7031272454914, 44.972881631057206, 539.5473008610203, 128.78835194878133, 20.058468964080333, 137.92889806695683, 174.10554511858524, 4.246475156998265, 22.14034404610755, 289.677090094177, 53.36431224142102, 46.35235617237998, 2.7891013121805996, 131.22559993496114, 66.08926475337734, 113.6070319161644, 57.315838091281066, 11.403660423464668, 3.2575926629205, 23.915472410902492, 62.74872023350834, 77.61756068803703, 209.71914467160204, 284.77981602651334, 75.53598213531245, 103.04691629292698, 122.74264831615544, 53.03335570267156, 13.292302063137349, 87.49406571231133, 4.532070814970241]]"
562,"[[(0, 22), (0, 23), (0, 39), (11, 19), (20, 31), (20, 32), (22, 5), (10, 15), (24, 25), (2, 32), (6, 24), (17, 7), (17, 26), (17, 29), (3, 16), (16, 6), (19, 30), (26, 28), (37, 30), (4, 2), (21, 10), (7, 12), (8, 27), (27, 5), (31, 24), (31, 35), (31, 38), (14, 37), (33, 17), (33, 25), (33, 32)]]","[[320.3338806531917, 52.11203585629396, 458.4293907320839, 116.66408348482524, 18.4035237355955, 139.4747490322385, 219.0047995211674, 3.8618375949397152, 6.228378703588385, 355.4490721435381, 54.28536230769901, 41.30562266211036, 2.55140521284723, 149.1613294452599, 30.087359321378443, 120.40112442401403, 66.30083824851953, 10.33492432825944, 3.6042447755066678, 24.783378917139242, 73.544566755865, 47.828889379801765, 399.9173531159622, 324.19804762783326, 82.85225242650623, 65.54982470901804, 154.16964063475586, 388.36886098942847, 14.540584348204302, 83.86962926068253, 7.337921490426283]]"
563,"[[(0, 22), (0, 23), (0, 39), (11, 19), (20, 31), (20, 32), (22, 5), (10, 15), (24, 25), (2, 32), (6, 24), (17, 7), (17, 26), (17, 29), (3, 16), (16, 6), (19, 30), (26, 28), (37, 30), (4, 2), (21, 10), (7, 12), (8, 27), (27, 5), (31, 24), (31, 35), (31, 38), (14, 37), (33, 17), (33, 25), (33, 32)]]","[[222.7179549015767, 51.42603582501115, 398.6448104066553, 106.63472447860791, 34.71773712727532, 140.53059900448338, 198.26688089272824, 4.233645714383657, 2.267763535035156, 355.94058440867695, 48.77561140955942, 50.29524878390362, 1.4319866711927118, 94.7968944271179, 64.44516132226633, 52.93717952641258, 70.11584157769371, 17.45010180284745, 3.976507536860965, 23.882114090037902, 61.08903288881315, 61.5167838216555, 275.32981170406094, 369.70365222919094, 80.6387101779664, 70.15861045487591, 42.5084140961059, 146.81837981939506, 10.201401191685726, 80.93211644812584, 6.0117304666076095]]"
564,"[[(0, 22), (0, 23), (0, 39), (11, 19), (20, 31), (20, 32), (22, 5), (10, 15), (24, 25), (2, 32), (6, 24), (17, 7), (17, 26), (17, 29), (3, 16), (16, 6), (19, 30), (26, 28), (37, 30), (4, 2), (21, 10), (7, 12), (8, 27), (27, 5), (31, 24), (31, 35), (31, 38), (14, 37), (33, 17), (33, 25), (33, 32)]]","[[168.69072791372798, 28.699055802290093, 893.0897055169123, 116.79867234633605, 33.7679163172685, 138.22217146366282, 204.36915839988157, 4.115957714762252, 15.83733480356526, 357.3305882260467, 48.086896446577, 38.189000367749706, 4.459939721185998, 105.73586227405349, 32.837703299858774, 84.40250344862118, 58.598500433773, 4.810392445892925, 4.3548874813356395, 23.397584853509972, 12.372112041209803, 90.51813060853151, 248.08470425232, 243.8894167512691, 63.06745582647081, 68.31715699652533, 156.36704200814307, 185.01978885062456, 15.63512111964371, 79.14909663156122, 2.3119084771623637]]"
565,"[[(0, 22), (0, 23), (0, 39), (11, 19), (20, 31), (20, 32), (22, 5), (10, 15), (24, 25), (2, 32), (6, 24), (17, 7), (17, 26), (17, 29), (3, 16), (16, 6), (19, 30), (26, 28), (37, 30), (4, 2), (21, 10), (7, 12), (8, 27), (27, 5), (31, 24), (31, 35), (31, 38), (14, 37), (33, 17), (33, 25), (33, 32)]]","[[151.40784938035648, 111.29137484615494, 597.153027686123, 44.04395091140598, 10.501263831743472, 131.85908223186175, 174.71633308024602, 2.3424675191259183, 22.35802669960026, 347.4903082295163, 51.03563889878509, 36.41719613518354, 2.4065760405454886, 49.76881921316079, 30.334421527669488, 37.5118805185169, 46.243578420129204, 3.7978307497572334, 4.852988298075001, 23.934285591035223, 78.72261674789922, 87.70804891828865, 291.1857002583754, 232.65869439912046, 82.26370927380756, 104.79382796952743, 142.70245648320457, 41.22015827154206, 12.630409813528477, 84.56477406627897, 7.821317060695849]]"
566,"[[(0, 22), (0, 23), (0, 39), (11, 19), (20, 31), (20, 32), (22, 5), (10, 15), (24, 25), (2, 32), (6, 24), (17, 7), (17, 26), (17, 29), (3, 16), (16, 6), (19, 30), (26, 28), (37, 30), (4, 2), (21, 10), (7, 12), (8, 27), (27, 5), (31, 24), (31, 35), (31, 38), (14, 37), (33, 17), (33, 25), (33, 32)]]","[[161.84541867880336, 111.25839586449028, 1147.0137849292735, 88.59703613759082, 14.692456211167153, 137.91297649888418, 209.41175932994202, 1.5208858590701988, 21.503132867143385, 264.95035300905744, 51.321885188503515, 50.22792356117078, 4.327561378909655, 153.41052646737273, 51.5628208460701, 68.1906001756318, 47.73906728794432, 14.214328912798731, 3.112946242840145, 23.914967472254485, 23.242057127035338, 25.26025632733892, 213.45544905273306, 223.77887290587464, 72.73889272495887, 79.58423573598154, 48.968491400567196, 486.8158559621621, 8.145858003155805, 92.5375928694304, 7.515505323911416]]"
567,"[[(0, 22), (0, 23), (0, 39), (11, 19), (20, 31), (20, 32), (22, 5), (10, 15), (24, 25), (2, 32), (6, 24), (17, 7), (17, 26), (17, 29), (3, 16), (16, 6), (19, 30), (26, 28), (37, 30), (4, 2), (21, 10), (7, 12), (8, 27), (27, 5), (31, 24), (31, 35), (31, 38), (14, 37), (33, 17), (33, 25), (33, 32)]]","[[240.21694491926397, 99.94136955146094, 262.3967299310041, 166.7707037138954, 32.556958180041306, 138.77529468232618, 201.618293171359, 4.610170816162217, 3.5648580779232484, 397.6723778230928, 52.38472317252526, 50.85862225095632, 1.853182449389092, 155.38018569065162, 62.2174481653446, 19.986068074720123, 65.69315146673154, 7.5123571641263895, 3.053894382678462, 23.27325494734494, 65.94776152522641, 62.32793116886659, 151.54212107021874, 327.98034713982486, 72.11134523155388, 102.38056010359912, 50.11716567838657, 482.08387771710875, 12.438749758252055, 88.90471678891363, 7.980728666490038]]"
568,"[[(0, 22), (0, 23), (0, 39), (11, 19), (20, 31), (20, 32), (22, 5), (10, 15), (24, 25), (2, 32), (6, 24), (17, 7), (17, 26), (17, 29), (3, 16), (16, 6), (19, 30), (26, 28), (37, 30), (4, 2), (21, 10), (7, 12), (8, 27), (27, 5), (31, 24), (31, 35), (31, 38), (14, 37), (33, 17), (33, 25), (33, 32)]]","[[281.49044911919214, 55.72481829875814, 487.2689192839571, 133.91246875444145, 16.87151449995576, 142.6795923495519, 205.1979430518579, 4.366844146785585, 6.79165161966546, 270.92410462400204, 52.54232094462183, 39.27825532398066, 1.3060420501429042, 73.91008411931934, 31.538099521443453, 85.52628389581685, 67.89955623901167, 16.804350690731887, 3.375030722962215, 24.157124169442827, 66.42533679879485, 64.29378853994952, 372.42385881093355, 164.4860136173304, 67.55353190052354, 57.027377723481635, 148.87521413592154, 626.7796430218725, 15.086749833231314, 78.49483628150975, 3.1808724615949124]]"
569,"[[(0, 22), (0, 23), (0, 39), (11, 19), (20, 31), (20, 32), (22, 5), (10, 15), (24, 25), (2, 32), (6, 24), (17, 7), (17, 26), (17, 29), (3, 16), (16, 6), (19, 30), (26, 28), (37, 30), (4, 2), (21, 10), (7, 12), (8, 27), (27, 5), (31, 24), (31, 35), (31, 38), (14, 37), (33, 17), (33, 25), (33, 32)]]","[[298.1845484078967, 98.44279383637003, 317.14127366166355, 91.73134509273217, 21.12505440324476, 134.56694104291265, 201.8267076726687, 3.5489309225492534, 16.03179943752902, 380.63632010775785, 48.55571597453885, 51.993587116248854, 1.3381489955791994, 124.55679793434045, 32.96593362664208, 114.85318309540104, 52.53926159762448, 16.1433892333312, 3.1863247696848163, 24.22491200798603, 59.5803520584853, 53.319205130362114, 286.3882281972775, 248.56367589496654, 69.0928562009357, 59.28940285942162, 143.02217524938337, 171.15572494670238, 12.682968751290964, 76.82208153285508, 2.0051100505471284]]"
570,"[[(0, 22), (0, 23), (0, 39), (11, 19), (20, 31), (20, 32), (22, 5), (10, 15), (24, 25), (2, 32), (6, 24), (17, 7), (17, 26), (17, 29), (3, 16), (16, 6), (19, 30), (26, 28), (37, 30), (4, 2), (21, 10), (7, 12), (8, 27), (27, 5), (31, 24), (31, 35), (31, 38), (14, 37), (33, 17), (33, 25), (33, 32)]]","[[102.72406476663815, 43.98071663459335, 1064.6252388402686, 95.4079661862965, 46.43142942938265, 140.60088598679437, 194.27697147016937, 2.111699861003205, 24.9444275755194, 292.2673687362954, 49.7819558227094, 49.64803968500587, 4.032476024307897, 140.29099611748325, 50.16624272370615, 43.026245104563486, 43.93437679377422, 11.470209589583941, 4.739088759089836, 24.09947111129842, 39.34903084095339, 59.12068735395728, 275.2596035921948, 174.92118228517398, 80.52283393206187, 84.71075094983154, 153.45667412399044, 138.4383680093797, 11.882795124378749, 85.45399346542152, 8.710485435310881]]"
571,"[[(0, 22), (0, 23), (0, 39), (11, 19), (20, 31), (20, 32), (22, 5), (10, 15), (24, 25), (2, 32), (6, 24), (17, 7), (17, 26), (17, 29), (3, 16), (16, 6), (19, 30), (26, 28), (37, 30), (4, 2), (21, 10), (7, 12), (8, 27), (27, 5), (31, 24), (31, 35), (31, 38), (14, 37), (33, 17), (33, 25), (33, 32)]]","[[251.4755477601352, 80.73996020355516, 427.7036955788587, 162.50246191484015, 17.0356446888814, 137.87127856958807, 175.77982542692092, 4.905311806822323, 1.0958369582395486, 332.08682028233716, 49.99871506824727, 51.804488626574056, 1.1413639706642473, 107.90757990905735, 69.46677485461282, 89.91949848208394, 43.02507339883708, 13.430945833449499, 4.501389390969404, 24.092794395834762, 24.79424759559067, 61.56256029765276, 109.57933562065611, 314.29941909923724, 64.15179861004006, 109.36302859881059, 57.1988503150276, 526.8703533399871, 14.80255991473664, 93.1690762033478, 6.653363718152306]]"
572,"[[(0, 22), (0, 23), (0, 39), (11, 19), (20, 31), (20, 32), (22, 5), (10, 15), (24, 25), (2, 32), (6, 24), (17, 7), (17, 26), (17, 29), (3, 16), (16, 6), (19, 30), (26, 28), (37, 30), (4, 2), (21, 10), (7, 12), (8, 27), (27, 5), (31, 24), (31, 35), (31, 38), (14, 37), (33, 17), (33, 25), (33, 32)]]","[[209.89000800707566, 36.91611778415426, 367.6430066907071, 56.70056325690922, 15.237891249776602, 138.30113019217146, 196.8352935056023, 2.0569664922335096, 19.435134829776842, 388.8304857743401, 50.77063642704182, 42.40508828253832, 1.4663103003794236, 103.66740875561129, 64.3876894359102, 92.17440647922078, 37.58724968173148, 6.702511434078266, 4.414871952571744, 23.91554345040445, 54.24692038322188, 18.886559727079852, 267.7752595121017, 188.337503740874, 64.82011596288126, 83.717379633625, 57.0959430932659, 459.95901036894475, 11.225393157931826, 92.98115450334977, 3.7352433760019705]]"
573,"[[(0, 22), (0, 23), (0, 39), (11, 19), (20, 31), (20, 32), (22, 5), (10, 15), (24, 25), (2, 32), (6, 24), (17, 7), (17, 26), (17, 29), (3, 16), (16, 6), (19, 30), (26, 28), (37, 30), (4, 2), (21, 10), (7, 12), (8, 27), (27, 5), (31, 24), (31, 35), (31, 38), (14, 37), (33, 17), (33, 25), (33, 32)]]","[[196.4609207180104, 34.56175151961605, 629.6571958368843, 60.15777388901195, 23.132738592522983, 136.86452487632351, 174.8395498064807, 4.611774317334218, 16.603576533606727, 342.39267156484897, 52.986323798433745, 38.71821488024983, 1.6613520997540818, 97.72390905728443, 69.49232970566749, 91.73285854221776, 44.63259894278844, 2.3376635947325273, 3.4370540037310082, 24.164041745519334, 22.962208851700666, 64.98933919397788, 94.87215188867982, 367.61027197948033, 78.14788017919949, 92.53076185981242, 108.27474515167862, 221.60180454692494, 8.242320594263049, 78.68040601690976, 4.308122477096294]]"
574,"[[(0, 22), (0, 23), (0, 39), (11, 19), (20, 31), (20, 32), (22, 5), (10, 15), (24, 25), (2, 32), (6, 24), (17, 7), (17, 26), (17, 29), (3, 16), (16, 6), (19, 30), (26, 28), (37, 30), (4, 2), (21, 10), (7, 12), (8, 27), (27, 5), (31, 24), (31, 35), (31, 38), (14, 37), (33, 17), (33, 25), (33, 32)]]","[[163.70859419903678, 60.63310786299503, 465.9614311011829, 35.13622136820972, 3.7235656246403135, 133.92644018923696, 175.9966798150604, 2.612264992737866, 7.590034787516257, 275.6379019979732, 50.47355143371327, 42.688437997134216, 4.512902378235292, 100.18333226051597, 77.876475369724, 58.267655557671404, 57.68025454620621, 9.98944447917144, 3.906790178510021, 24.66189058302203, 88.5355123136466, 34.87799434239891, 291.24726897363485, 349.5466012844448, 79.12631849945254, 57.277642801661, 53.466717093553896, 151.47071499371668, 15.673876700274011, 91.94498974576149, 6.910093173995404]]"
575,"[[(0, 22), (0, 23), (0, 39), (11, 19), (20, 31), (20, 32), (22, 5), (10, 15), (24, 25), (2, 32), (6, 24), (17, 7), (17, 26), (17, 29), (3, 16), (16, 6), (19, 30), (26, 28), (37, 30), (4, 2), (21, 10), (7, 12), (8, 27), (27, 5), (31, 24), (31, 35), (31, 38), (14, 37), (33, 17), (33, 25), (33, 32)]]","[[357.28646437555614, 72.97355696393082, 1083.3631095983092, 76.9500656518001, 27.940081260669352, 143.2346848752968, 172.79436589490555, 2.80281825781222, 23.051303938789903, 339.44975310487547, 52.11216396445957, 48.43628575111573, 3.1683957120595094, 101.42256745767719, 63.4773951900187, 88.50081422699967, 42.74962060298064, 10.423300546666423, 4.266861005699396, 24.87804261012039, 62.72303196188, 61.683122954823595, 240.46988573219988, 188.61861856474133, 80.61260215346027, 96.94084360212243, 60.472567951007775, 55.7519131908063, 12.288472057462538, 91.93745821622811, 2.7413612252418167]]"
576,"[[(0, 22), (0, 23), (0, 39), (11, 19), (20, 31), (20, 32), (22, 5), (10, 15), (24, 25), (2, 32), (6, 24), (17, 7), (17, 26), (17, 29), (3, 16), (16, 6), (19, 30), (26, 28), (37, 30), (4, 2), (21, 10), (7, 12), (8, 27), (27, 5), (31, 24), (31, 35), (31, 38), (14, 37), (33, 17), (33, 25), (33, 32)]]","[[191.93986672412237, 65.81461931402251, 1152.1750986448276, 91.4153897280656, 13.289093885248324, 135.75993424827553, 200.3047845276202, 3.0573898172841982, 14.778495612271342, 296.5409438041876, 50.683238040923136, 42.09592268984119, 3.8464731866977155, 54.898395112090114, 50.24050129233193, 125.27872376133142, 60.90190233208708, 11.705553645729994, 4.7039953391652185, 24.25262406815401, 16.538920974372623, 90.6670891509639, 282.1848758632041, 289.252049887033, 72.81419560419162, 105.57055395609828, 171.44452460965238, 175.88072753044477, 15.618656666868755, 86.80517952018447, 3.841160678327845]]"
577,"[[(0, 22), (0, 23), (0, 39), (11, 19), (20, 31), (20, 32), (22, 5), (10, 15), (24, 25), (2, 32), (6, 24), (17, 7), (17, 26), (17, 29), (3, 16), (16, 6), (19, 30), (26, 28), (37, 30), (4, 2), (21, 10), (7, 12), (8, 27), (27, 5), (31, 24), (31, 35), (31, 38), (14, 37), (33, 17), (33, 25), (33, 32)]]","[[159.45988126102623, 74.59087984515595, 471.9648626797027, 121.66697346710406, 14.31069977483173, 137.38972282510406, 183.05445634240698, 1.2502435498707487, 8.19725601285902, 340.6956236319009, 55.491759066814694, 43.84606579371635, 1.8553228731321219, 151.07073193652064, 37.46345307518734, 119.97317131865807, 53.128244312448864, 2.429246653139008, 4.014416790286025, 23.386424806748128, 89.05597980140915, 35.347846767382656, 228.94331649602356, 346.5610885726006, 66.39673436427385, 104.49939628733367, 26.49547699288723, 257.6657721260548, 8.698334217893521, 81.10842663015487, 4.417518458353938]]"
578,"[[(0, 22), (0, 23), (0, 39), (11, 19), (20, 31), (20, 32), (22, 5), (10, 15), (24, 25), (2, 32), (6, 24), (17, 7), (17, 26), (17, 29), (3, 16), (16, 6), (19, 30), (26, 28), (37, 30), (4, 2), (21, 10), (7, 12), (8, 27), (27, 5), (31, 24), (31, 35), (31, 38), (14, 37), (33, 17), (33, 25), (33, 32)]]","[[314.00633794578476, 54.661359786250785, 633.6519501859175, 76.7195633428031, 26.846371309770092, 132.70084433319133, 198.76067924564154, 4.858586515691819, 25.907423450282113, 297.39357668089986, 53.48962501042526, 39.60198566105627, 2.0611373624084197, 100.85532999689204, 45.3463192102883, 97.86935417329133, 54.6166541925972, 19.432119547523424, 4.103405281795099, 23.754650753701075, 17.58805842463798, 50.02511954295947, 301.5782005922375, 194.8168603957883, 66.8908105602605, 99.26423616112949, 132.6846953752961, 147.33664512030484, 15.178975293195235, 75.27102748130896, 8.919082354462189]]"
579,"[[(0, 22), (0, 23), (0, 39), (11, 19), (20, 31), (20, 32), (22, 5), (10, 15), (24, 25), (2, 32), (6, 24), (17, 7), (17, 26), (17, 29), (3, 16), (16, 6), (19, 30), (26, 28), (37, 30), (4, 2), (21, 10), (7, 12), (8, 27), (27, 5), (31, 24), (31, 35), (31, 38), (14, 37), (33, 17), (33, 25), (33, 32)]]","[[292.26572800830735, 48.830036959126524, 146.74730369706222, 58.67034370436437, 6.054291953655639, 142.3923945975582, 192.7236680465148, 3.7436509737186134, 22.78389051726999, 352.546828588585, 52.32877325579505, 45.54364109205054, 3.4189933719494148, 144.60329031555082, 34.70630709401365, 102.9774781046469, 66.97019937778714, 7.46633107637058, 3.471089818210877, 24.715226595615864, 15.510195888491719, 25.49691698603903, 200.27805208397697, 353.5915105435488, 73.16882389518891, 95.17128230940689, 87.80596053971489, 210.73214255593376, 12.621186490209059, 93.52888172586682, 3.3812477973922643]]"
580,"[[(0, 22), (0, 23), (0, 39), (11, 19), (20, 31), (20, 32), (22, 5), (10, 15), (24, 25), (2, 32), (6, 24), (17, 7), (17, 26), (17, 29), (3, 16), (16, 6), (19, 30), (26, 28), (37, 30), (4, 2), (21, 10), (7, 12), (8, 27), (27, 5), (31, 24), (31, 35), (31, 38), (14, 37), (33, 17), (33, 25), (33, 32)]]","[[177.0090437535036, 113.54028450827154, 1007.8799333750592, 104.91259091568206, 30.059102969040058, 130.96614498391747, 213.0689797163916, 1.8302053348255982, 6.6201835275973595, 370.2012666306787, 49.57523961539616, 42.64513318949241, 3.2050675546343728, 49.732666193860176, 39.50853646161222, 109.29098672592757, 65.26173268652808, 10.579031712627538, 4.802436988573368, 24.033520635814295, 15.806472857151931, 82.95538912312806, 361.4718201849346, 314.0462628074069, 60.98830621150961, 77.96047385477536, 87.3510450503119, 166.6088438072343, 15.909596464222563, 89.749253121054, 8.081710712865288]]"
581,"[[(0, 22), (0, 23), (0, 39), (11, 19), (20, 31), (20, 32), (22, 5), (10, 15), (24, 25), (2, 32), (6, 24), (17, 7), (17, 26), (17, 29), (3, 16), (16, 6), (19, 30), (26, 28), (37, 30), (4, 2), (21, 10), (7, 12), (8, 27), (27, 5), (31, 24), (31, 35), (31, 38), (14, 37), (33, 17), (33, 25), (33, 32)]]","[[292.89944073269123, 98.88315383835672, 755.1801926204181, 112.3277298553966, 3.9375716104087464, 138.2084116463915, 228.61714136355243, 3.23130145594967, 14.455268154111117, 292.4647923275636, 52.79913292721173, 41.29096740520687, 1.7350644576243623, 82.35766812966816, 43.42871332633388, 48.873759271875564, 48.427822215870705, 10.019769851114393, 3.2593807454196013, 23.778489300701743, 32.40038543530059, 88.69589060065195, 184.74090635677157, 301.3892181791524, 67.25714522761773, 90.4240310275287, 31.770377660233102, 422.92789417202886, 14.51598038953664, 81.26880820945516, 5.266761916682678]]"
582,"[[(0, 22), (0, 23), (0, 39), (11, 19), (20, 31), (20, 32), (22, 5), (10, 15), (24, 25), (2, 32), (6, 24), (17, 7), (17, 26), (17, 29), (3, 16), (16, 6), (19, 30), (26, 28), (37, 30), (4, 2), (21, 10), (7, 12), (8, 27), (27, 5), (31, 24), (31, 35), (31, 38), (14, 37), (33, 17), (33, 25), (33, 32)]]","[[111.75580737676425, 100.13163605489274, 599.6470493007506, 143.07343871739914, 33.95520009787293, 135.53928238392342, 200.62774363463262, 2.2754418788441995, 4.624999431972225, 374.41139631924466, 52.286555239065954, 40.563357837318236, 2.1729273377676215, 159.1945686053583, 69.34394257902697, 102.93750095166828, 69.60011211498957, 2.391447019237346, 3.5631917491372755, 23.948853296961556, 7.8854165344123, 79.30017968445608, 136.3861844014736, 215.1782024854242, 74.39352105997966, 38.76806684414018, 25.81773836307641, 514.3824024970793, 12.990126272036298, 75.99527302742815, 2.5479814798385405]]"
583,"[[(0, 22), (0, 23), (0, 39), (11, 19), (20, 31), (20, 32), (22, 5), (10, 15), (24, 25), (2, 32), (6, 24), (17, 7), (17, 26), (17, 29), (3, 16), (16, 6), (19, 30), (26, 28), (37, 30), (4, 2), (21, 10), (7, 12), (8, 27), (27, 5), (31, 24), (31, 35), (31, 38), (14, 37), (33, 17), (33, 25), (33, 32)]]","[[165.96766541051025, 41.3045490077799, 839.2940105313428, 38.843804540489835, 43.20424344290256, 132.85197865340712, 187.38342053021552, 1.5589106564130026, 16.646609771090798, 390.5371040118854, 49.56892446348548, 41.6200446659745, 1.185999406335469, 71.02222474365227, 75.17650340459275, 43.18837219259681, 55.86709050004302, 19.742210227216063, 4.221203056675449, 24.570666892844862, 19.07992639755239, 87.92347277465517, 187.87895243927255, 213.37604395726405, 76.99226454492174, 87.64700543342533, 118.75845426233879, 297.90302026011915, 8.029823540117324, 87.36484116702856, 6.19368332886544]]"
584,"[[(0, 22), (0, 23), (0, 39), (11, 19), (20, 31), (20, 32), (22, 5), (10, 15), (24, 25), (2, 32), (6, 24), (17, 7), (17, 26), (17, 29), (3, 16), (16, 6), (19, 30), (26, 28), (37, 30), (4, 2), (21, 10), (7, 12), (8, 27), (27, 5), (31, 24), (31, 35), (31, 38), (14, 37), (33, 17), (33, 25), (33, 32)]]","[[251.91921916625728, 71.97028948582427, 314.9085604724097, 78.73489124995356, 11.486842981421466, 135.7245583815496, 182.86655398879319, 2.2952697988855455, 19.744917526025155, 307.55409431226667, 50.38508077457452, 53.696664530483105, 2.1324344901743024, 59.740354585432556, 76.38235415145434, 104.36709569660367, 47.91616480279782, 16.185522827301007, 4.7129360238751925, 23.31693597241358, 17.986022160519205, 62.801625045243675, 211.81113882346506, 317.6317249151439, 72.41519814172648, 46.27194731844843, 52.34675221953663, 78.6006086648376, 10.651436919955334, 82.95663418189204, 5.842496148090966]]"
585,"[[(0, 22), (0, 23), (0, 39), (11, 19), (20, 31), (20, 32), (22, 5), (10, 15), (24, 25), (2, 32), (6, 24), (17, 7), (17, 26), (17, 29), (3, 16), (16, 6), (19, 30), (26, 28), (37, 30), (4, 2), (21, 10), (7, 12), (8, 27), (27, 5), (31, 24), (31, 35), (31, 38), (14, 37), (33, 17), (33, 25), (33, 32)]]","[[91.53812384942127, 97.39960080910129, 863.9569852797132, 46.59059839694663, 22.127176060309456, 130.5456857454514, 208.81243093568364, 4.481583055790701, 12.318691455310098, 340.9523625200952, 55.59550683148047, 46.19581235982885, 4.436509487704852, 54.64917958252282, 44.51717624461444, 95.22925933486114, 58.42088436229396, 4.203141995197788, 3.7454957791835923, 24.025503711740917, 22.94630288940472, 66.27069893137157, 99.79484409772341, 185.60685192336888, 81.6644952123801, 103.45271242498495, 69.11261559371968, 155.47658547173734, 9.045366597344156, 91.92320751932532, 1.1175874556134806]]"
586,"[[(0, 22), (0, 23), (0, 39), (11, 19), (20, 31), (20, 32), (22, 5), (10, 15), (24, 25), (2, 32), (6, 24), (17, 7), (17, 26), (17, 29), (3, 16), (16, 6), (19, 30), (26, 28), (37, 30), (4, 2), (21, 10), (7, 12), (8, 27), (27, 5), (31, 24), (31, 35), (31, 38), (14, 37), (33, 17), (33, 25), (33, 32)]]","[[361.3547560138465, 100.46820166971588, 855.5089219924652, 93.03854533501601, 20.74689188593819, 132.98870410925738, 203.91528773849086, 2.871652063767827, 12.94771506894089, 340.12801214298435, 48.9812113101608, 39.044134113813485, 1.1558536560356667, 156.09472393711343, 38.039823830392066, 89.5994847380404, 53.355772855721554, 18.679306570541037, 3.4280794946992055, 23.053523672407454, 69.45688813452028, 47.99808941954074, 74.7610160992032, 221.82777250443712, 60.58036746349869, 71.51732792164398, 37.26454583490944, 109.5137968609252, 8.45623340475645, 87.58197798400363, 1.7342612690001165]]"
587,"[[(0, 22), (0, 23), (0, 39), (11, 19), (20, 31), (20, 32), (22, 5), (10, 15), (24, 25), (2, 32), (6, 24), (17, 7), (17, 26), (17, 29), (3, 16), (16, 6), (19, 30), (26, 28), (37, 30), (4, 2), (21, 10), (7, 12), (8, 27), (27, 5), (31, 24), (31, 35), (31, 38), (14, 37), (33, 17), (33, 25), (33, 32)]]","[[358.795341860047, 45.248461608711565, 568.1525806649951, 141.9297220221094, 41.980301317196826, 136.93920919125858, 180.83648845201492, 4.42240535844754, 19.497146993271325, 313.1837405658596, 55.341379652526804, 53.581074611394506, 3.186153926463459, 131.11439470760598, 32.077950334552746, 106.84159217450748, 59.89565571281433, 19.959339320519515, 4.080317589500611, 24.040508186160803, 82.43754540951232, 44.17769890217974, 170.13759657540197, 152.90490823825348, 70.44683865365113, 67.87825682467505, 28.35978067012881, 73.73995539308018, 9.959325404820811, 85.57431349964759, 7.92648236147936]]"
588,"[[(0, 22), (0, 23), (0, 39), (11, 19), (20, 31), (20, 32), (22, 5), (10, 15), (24, 25), (2, 32), (6, 24), (17, 7), (17, 26), (17, 29), (3, 16), (16, 6), (19, 30), (26, 28), (37, 30), (4, 2), (21, 10), (7, 12), (8, 27), (27, 5), (31, 24), (31, 35), (31, 38), (14, 37), (33, 17), (33, 25), (33, 32)]]","[[172.5967326050203, 94.86866517437186, 55.424192458189864, 78.71182196988492, 37.10668996940308, 131.1946373724998, 199.81769422656072, 2.4372927987892554, 12.438516063357564, 268.989115885539, 55.23459885648615, 36.14296811677253, 3.4008692160519787, 54.39680384344897, 67.25000723930776, 100.67271834201892, 52.453942044487384, 19.9482484089102, 4.524545883516136, 23.213887985143042, 63.778260171226286, 73.72779415206406, 195.17185398291477, 288.6282633878261, 71.08648261029926, 63.74999422701012, 60.335712128683134, 607.9311359936067, 15.436216796248146, 76.00561683134146, 7.613275490220423]]"
589,"[[(0, 22), (0, 23), (0, 39), (11, 19), (20, 31), (20, 32), (22, 5), (10, 15), (24, 25), (2, 32), (6, 24), (17, 7), (17, 26), (17, 29), (3, 16), (16, 6), (19, 30), (26, 28), (37, 30), (4, 2), (21, 10), (7, 12), (8, 27), (27, 5), (31, 24), (31, 35), (31, 38), (14, 37), (33, 17), (33, 25), (33, 32)]]","[[223.92960167984015, 69.08571359259638, 1032.6248959937816, 145.78427535007853, 47.90935986866232, 140.4651041920717, 208.27317164008522, 4.460804361963591, 16.810126436210005, 265.90108362044253, 52.19841400684829, 40.37952788683428, 3.381263176656593, 94.23285460358959, 46.45922391614306, 92.7374981220168, 69.5176592653778, 14.992235039701047, 4.511172511723297, 23.3474728493257, 78.02239247948418, 24.345469568047008, 392.45032184123335, 297.80552357115766, 74.4147176440063, 107.76249374268275, 48.75830378980366, 342.285082880492, 11.23796487654267, 90.43868170194658, 7.664172869296613]]"
590,"[[(0, 22), (0, 23), (0, 39), (11, 19), (20, 31), (20, 32), (22, 5), (10, 15), (24, 25), (2, 32), (6, 24), (17, 7), (17, 26), (17, 29), (3, 16), (16, 6), (19, 30), (26, 28), (37, 30), (4, 2), (21, 10), (7, 12), (8, 27), (27, 5), (31, 24), (31, 35), (31, 38), (14, 37), (33, 17), (33, 25), (33, 32)]]","[[102.42393063753877, 86.9556790411583, 589.0184628908369, 113.7167457086405, 36.629598999947305, 140.6433747861742, 214.5089278336168, 3.800886184759819, 23.00009632123677, 292.1331834982243, 49.12271593973911, 45.878310655441055, 4.493660567910748, 75.86394317859491, 44.508131688493435, 75.2326289143602, 66.94137935253434, 4.51312105754768, 3.821605341509443, 24.30646411584994, 24.349795471849834, 15.537800378725262, 381.07687117313776, 188.29894274910032, 71.81144028222002, 62.465347762130655, 39.72998793890509, 318.7939262808162, 13.540266697602366, 82.41587932791022, 5.7557483489525225]]"
591,"[[(0, 22), (0, 23), (0, 39), (11, 19), (20, 31), (20, 32), (22, 5), (10, 15), (24, 25), (2, 32), (6, 24), (17, 7), (17, 26), (17, 29), (3, 16), (16, 6), (19, 30), (26, 28), (37, 30), (4, 2), (21, 10), (7, 12), (8, 27), (27, 5), (31, 24), (31, 35), (31, 38), (14, 37), (33, 17), (33, 25), (33, 32)]]","[[259.71004949801005, 59.61076599810188, 1017.8020292741038, 149.50230623970958, 37.41331997056352, 140.0278773653604, 227.04562880970823, 4.932669838338031, 6.75500764236018, 350.5564165093994, 49.40861853726933, 53.09170007371589, 1.297208882481827, 114.22523081124696, 77.70547494814858, 98.29092137624694, 55.81995144881395, 10.477249660993458, 3.4578791466747667, 24.111163285126437, 37.46145336996733, 88.44018713283855, 266.7868576184553, 227.7579467361829, 81.41999428921285, 61.476591930555884, 12.51415479207975, 585.0845308869762, 12.051333900765483, 81.28540107323974, 2.664772433258702]]"
592,"[[(0, 22), (0, 23), (0, 39), (11, 19), (20, 31), (20, 32), (22, 5), (10, 15), (24, 25), (2, 32), (6, 24), (17, 7), (17, 26), (17, 29), (3, 16), (16, 6), (19, 30), (26, 28), (37, 30), (4, 2), (21, 10), (7, 12), (8, 27), (27, 5), (31, 24), (31, 35), (31, 38), (14, 37), (33, 17), (33, 25), (33, 32)]]","[[271.3127773962535, 86.40614797270105, 641.4758937353564, 165.9206250856694, 11.299525557167318, 135.40473921703827, 198.3018726159335, 4.407622308791856, 3.881300348009227, 318.20941462626, 50.22353199928618, 36.39159382291351, 2.414663384182278, 106.8210084703671, 73.72323147937884, 126.07411143239933, 59.876734994741255, 17.03357898309326, 3.990406527024545, 24.339510158237832, 48.00736390055511, 69.28775315636112, 104.85412087028091, 255.3179748832055, 82.9294527893988, 63.921612232025815, 123.73707082310793, 618.555032628608, 8.340502472643937, 91.3691908352126, 7.937125521802418]]"
593,"[[(0, 22), (0, 23), (0, 39), (11, 19), (20, 31), (20, 32), (22, 5), (10, 15), (24, 25), (2, 32), (6, 24), (17, 7), (17, 26), (17, 29), (3, 16), (16, 6), (19, 30), (26, 28), (37, 30), (4, 2), (21, 10), (7, 12), (8, 27), (27, 5), (31, 24), (31, 35), (31, 38), (14, 37), (33, 17), (33, 25), (33, 32)]]","[[265.1369237410166, 45.48655624109932, 301.8290991949945, 129.65471657372774, 16.074855442017398, 138.32307458783168, 202.73935297781173, 3.4841052680352966, 12.369720248945402, 295.6779159110428, 52.15418833592656, 50.050443480436954, 4.1543829781205375, 146.1707699504091, 70.67533804783973, 64.61936921407296, 50.6828629311615, 8.457235663242681, 3.6312343208159286, 24.182790387983065, 64.38803045701184, 48.18013088009361, 215.87723560487098, 181.8887927806374, 61.83188606404292, 43.62696801552522, 171.78666631900728, 574.6723838494906, 15.832498413493141, 85.92109925856965, 8.239242252485067]]"
594,"[[(0, 22), (0, 23), (0, 39), (11, 19), (20, 31), (20, 32), (22, 5), (10, 15), (24, 25), (2, 32), (6, 24), (17, 7), (17, 26), (17, 29), (3, 16), (16, 6), (19, 30), (26, 28), (37, 30), (4, 2), (21, 10), (7, 12), (8, 27), (27, 5), (31, 24), (31, 35), (31, 38), (14, 37), (33, 17), (33, 25), (33, 32)]]","[[136.14081238444058, 99.03535042871843, 1103.6116792501539, 123.69676961051456, 10.99472830999156, 136.3704889316595, 206.44273497225078, 4.240618496185656, 24.048001787294158, 344.6077223835116, 49.217383745278546, 38.945976123909, 3.0634383291406575, 65.52537238771718, 33.8226633351906, 127.38210663669128, 61.626044447492745, 8.825415585851474, 3.7402050320510303, 23.13824219945521, 88.13061937755066, 41.32793457508819, 319.72081475560594, 307.3850569254095, 59.98474757331938, 86.88616828655492, 94.61163494415675, 107.81939718296489, 13.695921923271818, 78.70724082357839, 3.4192994557948255]]"
595,"[[(0, 22), (0, 23), (0, 39), (11, 19), (20, 31), (20, 32), (22, 5), (10, 15), (24, 25), (2, 32), (6, 24), (17, 7), (17, 26), (17, 29), (3, 16), (16, 6), (19, 30), (26, 28), (37, 30), (4, 2), (21, 10), (7, 12), (8, 27), (27, 5), (31, 24), (31, 35), (31, 38), (14, 37), (33, 17), (33, 25), (33, 32)]]","[[375.64816353008655, 29.920576870094102, 190.60787149692047, 96.63264046019131, 23.12217502481809, 133.2691134739565, 189.3542425442593, 2.068255264539921, 7.75960626570673, 355.98634680776547, 51.532438878645095, 43.394961721199856, 3.5041835109549275, 137.67136754692825, 42.861479174295326, 115.52084438497867, 38.567678183966265, 13.536258245079832, 3.5055527807806595, 23.893179013801575, 62.28019498607851, 78.29279568627675, 181.73082151377417, 179.81954844433736, 80.43568352573607, 93.26552600338806, 38.43002164352969, 472.5343214838663, 14.881065545697119, 87.73554442846756, 3.134836746801887]]"
596,"[[(0, 22), (0, 23), (0, 39), (11, 19), (20, 31), (20, 32), (22, 5), (10, 15), (24, 25), (2, 32), (6, 24), (17, 7), (17, 26), (17, 29), (3, 16), (16, 6), (19, 30), (26, 28), (37, 30), (4, 2), (21, 10), (7, 12), (8, 27), (27, 5), (31, 24), (31, 35), (31, 38), (14, 37), (33, 17), (33, 25), (33, 32)]]","[[181.94489335395022, 55.663095798940546, 448.2662991964438, 152.50078758122157, 6.330619204902655, 142.2505255767856, 209.41322339681994, 2.5254988100927167, 9.190854309784246, 331.81201109560715, 55.04991149330332, 47.36990063705613, 2.732438812027318, 144.73332237876883, 38.21378288038551, 87.02059993174076, 67.99958782756231, 10.100904986330644, 3.9311891384211415, 24.31841488459206, 40.99762177427727, 89.53446999084707, 242.22795960066702, 178.80219416159017, 69.39831638245505, 57.043597127627805, 166.75581696275452, 146.67366364136657, 14.034744308053941, 93.55587427765884, 1.602790569640013]]"
597,"[[(0, 22), (0, 23), (0, 39), (11, 19), (20, 31), (20, 32), (22, 5), (10, 15), (24, 25), (2, 32), (6, 24), (17, 7), (17, 26), (17, 29), (3, 16), (16, 6), (19, 30), (26, 28), (37, 30), (4, 2), (21, 10), (7, 12), (8, 27), (27, 5), (31, 24), (31, 35), (31, 38), (14, 37), (33, 17), (33, 25), (33, 32)]]","[[224.2311327549589, 46.49870376930778, 848.6341548966418, 38.455342122643046, 24.425053687667887, 133.51582292251447, 223.04465679080312, 2.825186490364618, 15.178788447465505, 313.4375915992389, 50.36110651891624, 36.40356594798265, 3.709100548535324, 79.40295476699521, 70.59963934962519, 109.99404694882087, 41.96890005342942, 6.1559946998772475, 4.051298715253484, 24.229074257257068, 88.81087392875153, 38.411288446187214, 254.94009846133534, 204.56764839911824, 61.05553522364173, 100.3452419880268, 83.74337757790754, 277.89531244067, 14.526982902655206, 90.43559086125885, 3.124374177209938]]"
598,"[[(0, 22), (0, 23), (0, 39), (11, 19), (20, 31), (20, 32), (22, 5), (10, 15), (24, 25), (2, 32), (6, 24), (17, 7), (17, 26), (17, 29), (3, 16), (16, 6), (19, 30), (26, 28), (37, 30), (4, 2), (21, 10), (7, 12), (8, 27), (27, 5), (31, 24), (31, 35), (31, 38), (14, 37), (33, 17), (33, 25), (33, 32)]]","[[276.2892307216491, 64.14943844955005, 758.1560994288558, 57.69945776888705, 21.488272978831493, 130.77880470778703, 176.3717110289663, 3.024600354259804, 0.07084160414780616, 265.2317426723304, 48.24153081767876, 49.76308895713751, 3.000148929091262, 150.81697826650566, 67.32049850098564, 32.88538726357876, 50.35621209835957, 12.31523239272828, 3.707332541266748, 24.931575106418094, 76.08444401101016, 35.98404849441001, 342.6877776386193, 260.5806966581008, 78.84581007684898, 81.97595174973044, 160.06476837557378, 592.9163747513838, 9.686392714926619, 75.47787967749916, 8.82490591236307]]"
599,"[[(0, 22), (0, 23), (0, 39), (11, 19), (20, 31), (20, 32), (22, 5), (10, 15), (24, 25), (2, 32), (6, 24), (17, 7), (17, 26), (17, 29), (3, 16), (16, 6), (19, 30), (26, 28), (37, 30), (4, 2), (21, 10), (7, 12), (8, 27), (27, 5), (31, 24), (31, 35), (31, 38), (14, 37), (33, 17), (33, 25), (33, 32)]]","[[244.54662921835288, 61.06325727020579, 233.15246263490758, 144.25029512727465, 48.39308718522728, 132.03194910116247, 208.01442065836022, 4.805390794423207, 3.101491084957186, 299.86416609621324, 50.88396540435825, 42.35994188881969, 2.9181344138751864, 139.20495386427177, 56.394364180135774, 79.80178259475443, 63.2741475757021, 18.207369423313583, 3.682371511740847, 24.64597098277126, 26.36331788623006, 59.732823495334564, 75.95388210755247, 244.42724032041087, 80.02979243414737, 85.99240802190806, 100.16089728653705, 609.6718072245841, 8.216448810463302, 75.16284819206273, 8.42066034223825]]"
600,"[[(0, 22), (0, 23), (0, 39), (11, 19), (20, 31), (20, 32), (22, 5), (10, 15), (24, 25), (2, 32), (6, 24), (17, 7), (17, 26), (17, 29), (3, 16), (16, 6), (19, 30), (26, 28), (37, 30), (4, 2), (21, 10), (7, 12), (8, 27), (27, 5), (31, 24), (31, 35), (31, 38), (14, 37), (33, 17), (33, 25), (33, 32)]]","[[316.9871805566771, 77.32561244668551, 146.64348434968778, 91.47488421536782, 4.932206201142572, 131.11659157214248, 176.15438841163095, 1.26949978853991, 5.48847525765944, 278.2200550915341, 49.891861854799544, 51.7540940584267, 2.422340746348424, 123.3043456796985, 26.254989289422905, 98.16249883045076, 61.41747748328321, 17.238611084139148, 3.3412248636187005, 24.029758328507796, 22.045492046026467, 47.3971949960785, 222.9898312812214, 321.76685102102323, 68.27636347750591, 79.85916968039541, 50.37027722013223, 137.66805752210337, 8.683403418676066, 80.28799399769403, 1.7146045550340308]]"
601,"[[(0, 22), (0, 23), (0, 39), (11, 19), (20, 31), (20, 32), (22, 5), (10, 15), (24, 25), (2, 32), (6, 24), (17, 7), (17, 26), (17, 29), (3, 16), (16, 6), (19, 30), (26, 28), (37, 30), (4, 2), (21, 10), (7, 12), (8, 27), (27, 5), (31, 24), (31, 35), (31, 38), (14, 37), (33, 17), (33, 25), (33, 32)]]","[[254.83110794622846, 100.53190726002681, 679.7964514410097, 41.13794772245993, 25.10953012054199, 133.42512209351705, 192.49919565242314, 2.995185972699309, 8.681142848703463, 361.75406896143426, 48.4031899164558, 49.7699076803537, 4.541232361648838, 127.40202104320606, 78.46666511886266, 28.914033942768803, 63.67760661255883, 5.441546091700497, 3.428368256156592, 23.634436585429235, 79.07513256979567, 27.231705137214494, 403.67755692330473, 322.8368956743528, 59.696930197003724, 38.13390989211539, 183.9515743709013, 110.94270663671679, 13.280734136750802, 78.87458464052885, 4.064881538844303]]"
602,"[[(0, 22), (0, 23), (0, 39), (11, 19), (20, 31), (20, 32), (22, 5), (10, 15), (24, 25), (2, 32), (6, 24), (17, 7), (17, 26), (17, 29), (3, 16), (16, 6), (19, 30), (26, 28), (37, 30), (4, 2), (21, 10), (7, 12), (8, 27), (27, 5), (31, 24), (31, 35), (31, 38), (14, 37), (33, 17), (33, 25), (33, 32)]]","[[170.96255595804558, 29.399358319072142, 995.8955370484299, 66.65150296508045, 45.17015059409198, 141.7706909660323, 226.3619209228177, 1.4076411340360893, 24.247875964342523, 323.63719544405365, 54.67587049587836, 38.34420253523162, 1.8331351338192787, 132.2618984772946, 31.134497366003245, 95.94050227279526, 40.30971340447465, 14.321662011929854, 4.45481275148823, 23.093095085147528, 50.21816228648959, 90.58170441357426, 224.62892270500097, 376.8395343417135, 79.00335660780652, 105.78825315068927, 51.079449564337395, 381.23225444201665, 11.051700276913131, 79.67167578595394, 2.5553411664110763]]"
603,"[[(0, 22), (0, 23), (0, 39), (11, 19), (20, 31), (20, 32), (22, 5), (10, 15), (24, 25), (2, 32), (6, 24), (17, 7), (17, 26), (17, 29), (3, 16), (16, 6), (19, 30), (26, 28), (37, 30), (4, 2), (21, 10), (7, 12), (8, 27), (27, 5), (31, 24), (31, 35), (31, 38), (14, 37), (33, 17), (33, 25), (33, 32)]]","[[173.41409351941059, 76.47719110368895, 480.55297429043657, 104.8665512346689, 12.070033221698154, 141.7612658128927, 190.90852316542728, 1.2303668311262839, 14.740419988046455, 268.425236933241, 52.8763319212267, 42.80036267453327, 1.0356297356581314, 120.33644967878138, 70.14624873222553, 78.02259201759435, 69.71522547991802, 2.5988531145624405, 3.267479834707393, 23.94886263738383, 61.65364989579668, 38.3434102951811, 211.0223017993989, 284.80190837020587, 74.80669974891711, 43.651502744252795, 165.79825008640998, 404.0529257671929, 8.958541578887163, 77.81180930116446, 5.71382902874156]]"
604,"[[(0, 22), (0, 23), (0, 39), (11, 19), (20, 31), (20, 32), (22, 5), (10, 15), (24, 25), (2, 32), (6, 24), (17, 7), (17, 26), (17, 29), (3, 16), (16, 6), (19, 30), (26, 28), (37, 30), (4, 2), (21, 10), (7, 12), (8, 27), (27, 5), (31, 24), (31, 35), (31, 38), (14, 37), (33, 17), (33, 25), (33, 32)]]","[[307.28974017962514, 59.46871265051624, 139.89491879777773, 105.6646416741445, 20.6922723728419, 142.81697990434134, 203.77731650569578, 1.2275987055328481, 18.894300111081346, 286.9565117931922, 48.28066224602558, 38.46598501513424, 4.00087142756844, 87.91955785070267, 52.600203710795284, 92.54245705933147, 41.91541959468131, 15.398705288284637, 3.01342005932849, 23.74002194617124, 64.96810576955096, 88.16948719527065, 221.07385207298276, 376.0993774894589, 70.68219156266001, 102.17293853659248, 27.363514147093497, 50.97981941323097, 11.961972867789656, 89.1606375319343, 6.839676221717457]]"
605,"[[(0, 22), (0, 23), (0, 39), (11, 19), (20, 31), (20, 32), (22, 5), (10, 15), (24, 25), (2, 32), (6, 24), (17, 7), (17, 26), (17, 29), (3, 16), (16, 6), (19, 30), (26, 28), (37, 30), (4, 2), (21, 10), (7, 12), (8, 27), (27, 5), (31, 24), (31, 35), (31, 38), (14, 37), (33, 17), (33, 25), (33, 32)]]","[[246.87983639484156, 36.72250616674589, 660.705861573875, 35.13970921878327, 21.461150864813295, 138.27686009583948, 182.7712032783729, 3.500512743225038, 16.225563232783948, 393.4178375364735, 53.39069129765429, 48.94044288190078, 2.371682924873129, 118.54583949997027, 31.75050117869439, 101.49740167987244, 39.879975950591664, 14.273884853226674, 4.565592516239527, 24.493635342858653, 9.688928515913434, 28.510998008129008, 246.05783300559594, 256.5082451248208, 77.26128595316284, 34.118125545476836, 180.05415636788956, 78.63806744205232, 14.611772454881784, 77.58169199246053, 8.409981296144956]]"
606,"[[(0, 22), (0, 23), (0, 39), (11, 19), (20, 31), (20, 32), (22, 5), (10, 15), (24, 25), (2, 32), (6, 24), (17, 7), (17, 26), (17, 29), (3, 16), (16, 6), (19, 30), (26, 28), (37, 30), (4, 2), (21, 10), (7, 12), (8, 27), (27, 5), (31, 24), (31, 35), (31, 38), (14, 37), (33, 17), (33, 25), (33, 32)]]","[[214.9603927558599, 70.15345185965168, 466.4568317794121, 60.37825150659552, 4.276690332036047, 136.08698160861206, 184.73552403125132, 1.5491922603065849, 25.408568584016745, 318.62125031482657, 53.95127337975583, 49.86461015255234, 2.3957072962328305, 147.1327284882721, 29.75708381844226, 76.58853326816214, 46.313231729696184, 3.0317748455755833, 3.939824531629637, 24.934782958637896, 56.3380310565169, 50.21471174604878, 279.17567696395287, 277.9894407267766, 61.4124744743783, 100.00136816929513, 133.6209240299106, 31.215577421966763, 8.826196983366305, 88.68121815666164, 7.848001954817564]]"
607,"[[(0, 22), (0, 23), (0, 39), (11, 19), (20, 31), (20, 32), (22, 5), (10, 15), (24, 25), (2, 32), (6, 24), (17, 7), (17, 26), (17, 29), (3, 16), (16, 6), (19, 30), (26, 28), (37, 30), (4, 2), (21, 10), (7, 12), (8, 27), (27, 5), (31, 24), (31, 35), (31, 38), (14, 37), (33, 17), (33, 25), (33, 32)]]","[[360.429459891562, 75.23970758721595, 19.300315213250673, 133.26657256077468, 6.898379846960946, 133.23528676434043, 212.31569149390546, 4.477229785616068, 20.52473991399458, 302.0171423361136, 55.80077214641624, 44.93648304583201, 3.1028633049148437, 64.39106532704456, 61.541880695781806, 47.87645383152143, 62.08797894149124, 14.275867240005763, 3.290141212681563, 24.877322975840265, 53.7275689661681, 49.09688745486399, 167.83131981876784, 242.09245465167402, 71.57711198331181, 46.31455579780185, 78.89635846468768, 370.8228700629881, 15.45005448562448, 90.33662493333837, 2.447623469486662]]"
608,"[[(0, 22), (0, 23), (0, 39), (11, 19), (20, 31), (20, 32), (22, 5), (10, 15), (24, 25), (2, 32), (6, 24), (17, 7), (17, 26), (17, 29), (3, 16), (16, 6), (19, 30), (26, 28), (37, 30), (4, 2), (21, 10), (7, 12), (8, 27), (27, 5), (31, 24), (31, 35), (31, 38), (14, 37), (33, 17), (33, 25), (33, 32)]]","[[158.20760723060454, 36.170150110993404, 118.42969533471978, 160.5033519787569, 23.138819214995898, 130.7853642125624, 181.8242120484725, 2.1302581447569393, 20.150036467455212, 304.08100550308916, 52.26352002730758, 48.57332232745652, 4.454922052691284, 47.7909018317173, 61.163145999730176, 70.02679198601308, 39.36834226465391, 12.47495694390001, 4.285979398133023, 23.113863258169513, 38.2514179566243, 40.994576373089686, 322.7590871921683, 145.40685394076115, 77.93132692683, 43.64108779644488, 137.13197783569336, 281.07653841904823, 10.051894957092943, 85.56984826819681, 7.807849907780404]]"
609,"[[(0, 22), (0, 23), (0, 39), (11, 19), (20, 31), (20, 32), (22, 5), (10, 15), (24, 25), (2, 32), (6, 24), (17, 7), (17, 26), (17, 29), (3, 16), (16, 6), (19, 30), (26, 28), (37, 30), (4, 2), (21, 10), (7, 12), (8, 27), (27, 5), (31, 24), (31, 35), (31, 38), (14, 37), (33, 17), (33, 25), (33, 32)]]","[[359.9139483678636, 58.60972470226075, 148.26319701715155, 85.29829790831428, 3.0714251580653635, 138.02054232906238, 197.51258655892903, 4.985557682323009, 7.362092272685649, 281.36111035666397, 51.48123865057983, 51.33720770477025, 1.745236137345072, 113.61545151705155, 62.797539006158196, 113.04101161142977, 51.34060108361352, 8.835823714124556, 4.312946072786792, 24.973499482691867, 23.680082333114665, 60.254692581925006, 221.36572802720127, 254.97885123184165, 72.24447029845973, 95.51009941841693, 181.7887111935233, 351.6442289521797, 13.423741717163598, 77.78011045875765, 5.8006924462983775]]"
610,"[[(0, 22), (0, 23), (0, 39), (11, 19), (20, 31), (20, 32), (22, 5), (10, 15), (24, 25), (2, 32), (6, 24), (17, 7), (17, 26), (17, 29), (3, 16), (16, 6), (19, 30), (26, 28), (37, 30), (4, 2), (21, 10), (7, 12), (8, 27), (27, 5), (31, 24), (31, 35), (31, 38), (14, 37), (33, 17), (33, 25), (33, 32)]]","[[88.51587728401036, 32.00323410621324, 21.724304209348404, 73.02486739501026, 28.891665525505953, 139.7892745245002, 216.96064578769548, 4.027168463303688, 0.07409261949428148, 348.20932603520845, 53.736240409409376, 49.036867802608064, 1.4955951818984121, 121.77173879725294, 76.90498032405142, 110.56977623778617, 40.75835265658648, 7.9547611746963485, 3.0503262083714313, 24.36793427460516, 35.430177967681885, 46.68277370829959, 300.89413297661054, 376.6697234049501, 59.246739655804085, 40.50660533444429, 183.3569386951194, 80.3797788304314, 12.897196812550499, 88.84378420709345, 2.847727562823681]]"
611,"[[(0, 22), (0, 23), (0, 39), (11, 19), (20, 31), (20, 32), (22, 5), (10, 15), (24, 25), (2, 32), (6, 24), (17, 7), (17, 26), (17, 29), (3, 16), (16, 6), (19, 30), (26, 28), (37, 30), (4, 2), (21, 10), (7, 12), (8, 27), (27, 5), (31, 24), (31, 35), (31, 38), (14, 37), (33, 17), (33, 25), (33, 32)]]","[[279.6723036230944, 68.30381366716271, 638.709663012764, 80.29536323488605, 38.71296536697544, 143.594062865976, 204.9293137002481, 1.2802672406171691, 16.9256832341863, 284.76263774184696, 52.12254177881593, 39.55342813286537, 3.6140536640170366, 95.02207764506437, 46.193571395985394, 42.66537213433873, 49.85662037001689, 4.826520735268608, 4.610761278952148, 24.990395899558607, 13.3405917709191, 65.3932083628747, 379.9246393130391, 154.20375720179294, 62.83637181913336, 83.5238308555177, 76.9311257960927, 417.5772883227916, 15.332862363146258, 79.05630121747008, 1.5139693735032607]]"
612,"[[(0, 22), (0, 23), (0, 39), (11, 19), (20, 31), (20, 32), (22, 5), (10, 15), (24, 25), (2, 32), (6, 24), (17, 7), (17, 26), (17, 29), (3, 16), (16, 6), (19, 30), (26, 28), (37, 30), (4, 2), (21, 10), (7, 12), (8, 27), (27, 5), (31, 24), (31, 35), (31, 38), (14, 37), (33, 17), (33, 25), (33, 32)]]","[[153.2061172997153, 91.33974964374298, 1095.0279300191585, 163.38506403134159, 44.62709226358908, 141.3761362012657, 209.9549327957597, 1.2985106290386121, 0.18046635505733866, 348.4365736358123, 54.054196921564525, 39.183123309728416, 1.0804679473081023, 87.55604809205091, 33.18123747785251, 30.922609495365204, 39.460511800417734, 6.9905959056010625, 4.896468615732256, 24.702746228924248, 11.785246074381813, 37.67398202416436, 101.37740897474308, 287.4253514423842, 70.34913594014492, 109.92389518396413, 27.11562033607924, 414.2943429400339, 8.796304818897738, 85.8419942301189, 8.410068056952936]]"
613,"[[(0, 22), (0, 23), (0, 39), (11, 19), (20, 31), (20, 32), (22, 5), (10, 15), (24, 25), (2, 32), (6, 24), (17, 7), (17, 26), (17, 29), (3, 16), (16, 6), (19, 30), (26, 28), (37, 30), (4, 2), (21, 10), (7, 12), (8, 27), (27, 5), (31, 24), (31, 35), (31, 38), (14, 37), (33, 17), (33, 25), (33, 32)]]","[[168.97093507399092, 80.6292429759327, 273.7526776874104, 133.02250376453716, 22.040904337283397, 136.58815095222934, 172.93840479951928, 2.5972804126019824, 20.198789936596345, 341.4495895589091, 55.23531495116898, 41.238031981752826, 1.482043414329421, 51.856899442802494, 39.68888514519829, 43.70084031137639, 58.83150177714646, 18.23647871294152, 3.605351993443242, 24.021415777750068, 7.301626989512082, 67.81958183154589, 277.019490881015, 259.0962886509818, 81.40743130877382, 40.54754088583939, 71.26247562495644, 399.7642768994649, 10.339574983408237, 84.28028413185882, 8.655087779163292]]"
614,"[[(0, 22), (0, 23), (0, 39), (11, 19), (20, 31), (20, 32), (22, 5), (10, 15), (24, 25), (2, 32), (6, 24), (17, 7), (17, 26), (17, 29), (3, 16), (16, 6), (19, 30), (26, 28), (37, 30), (4, 2), (21, 10), (7, 12), (8, 27), (27, 5), (31, 24), (31, 35), (31, 38), (14, 37), (33, 17), (33, 25), (33, 32)]]","[[188.20881865704348, 87.89074776267833, 441.8879095449892, 42.25591680844084, 42.477124015513475, 131.9707435851765, 188.22118651590557, 2.328187395404435, 8.55182383798237, 353.3599142805455, 50.41762853833052, 48.3926536673227, 1.6917716049504152, 154.52059578719678, 29.69841623685781, 29.351299691927686, 45.855018085873986, 3.4184020934400667, 3.1709423121798777, 23.608716052214167, 28.116208690815157, 20.75327888308017, 203.05185153335128, 204.42279628726357, 76.27649004922476, 36.10519895846113, 48.28265103760676, 61.45021813944147, 15.447664563056737, 75.34321063963371, 4.058269888989258]]"
615,"[[(0, 22), (0, 23), (0, 39), (11, 19), (20, 31), (20, 32), (22, 5), (10, 15), (24, 25), (2, 32), (6, 24), (17, 7), (17, 26), (17, 29), (3, 16), (16, 6), (19, 30), (26, 28), (37, 30), (4, 2), (21, 10), (7, 12), (8, 27), (27, 5), (31, 24), (31, 35), (31, 38), (14, 37), (33, 17), (33, 25), (33, 32)]]","[[199.28560951988794, 57.690664130832666, 622.9756200201965, 98.63249229608951, 3.2879371816784317, 140.41582490351334, 200.2369089827149, 4.364261152730784, 25.414554923883973, 348.7489110705632, 49.351666535290505, 51.15775162552403, 3.8077429988600917, 139.40219974192007, 79.92527037841027, 48.824646581743934, 62.30247437100528, 8.339623877889366, 4.941583731623104, 24.47344585157586, 79.23354534847002, 43.73173405800782, 340.2559195303497, 174.97381431360566, 65.41271354802919, 104.49424607664358, 25.503690520935507, 472.06625880758617, 10.519417308377808, 93.9229419134679, 1.24972454520889]]"
616,"[[(0, 22), (0, 23), (0, 39), (11, 19), (20, 31), (20, 32), (22, 5), (10, 15), (24, 25), (2, 32), (6, 24), (17, 7), (17, 26), (17, 29), (3, 16), (16, 6), (19, 30), (26, 28), (37, 30), (4, 2), (21, 10), (7, 12), (8, 27), (27, 5), (31, 24), (31, 35), (31, 38), (14, 37), (33, 17), (33, 25), (33, 32)]]","[[194.63715551252108, 92.04002556529228, 462.45654750358534, 113.74392524326338, 19.46944012249962, 136.94215332298714, 222.81391161289176, 3.711898230429658, 8.891229747951675, 374.48656240079606, 49.25088354345406, 48.573786074164765, 2.348453150316424, 110.07338074671313, 66.0045728168553, 103.87872040333127, 55.30003837454352, 3.4783347691000235, 4.154002820499858, 24.25160296662699, 30.507163660057838, 64.05688405332455, 358.042009854116, 354.6668918646285, 73.0975646722845, 68.39134566816175, 109.00831351497025, 150.63736158117078, 11.00233486160332, 93.45829186978864, 3.1965631057491706]]"
617,"[[(0, 22), (0, 23), (0, 39), (11, 19), (20, 31), (20, 32), (22, 5), (10, 15), (24, 25), (2, 32), (6, 24), (17, 7), (17, 26), (17, 29), (3, 16), (16, 6), (19, 30), (26, 28), (37, 30), (4, 2), (21, 10), (7, 12), (8, 27), (27, 5), (31, 24), (31, 35), (31, 38), (14, 37), (33, 17), (33, 25), (33, 32)]]","[[264.6426335967149, 29.96797277560662, 86.38649338572486, 153.0248225787456, 10.413622834956387, 136.9286246243716, 179.6030576616448, 2.9760222667027905, 2.977992088294436, 355.8692832063733, 49.865068527597685, 46.07725126929678, 2.064246741499721, 52.530198351951505, 45.476671457066885, 83.21628722885245, 56.04833430243246, 2.602736886561545, 4.73004178953782, 23.482032900890637, 67.5750140260821, 77.54737521513594, 183.14767492634346, 296.7728130818397, 60.767955133698365, 60.25206593302697, 115.89321094721703, 621.1983133121105, 15.724314223682587, 91.77978165076668, 2.0485332269711565]]"
618,"[[(0, 22), (0, 23), (0, 39), (11, 19), (20, 31), (20, 32), (22, 5), (10, 15), (24, 25), (2, 32), (6, 24), (17, 7), (17, 26), (17, 29), (3, 16), (16, 6), (19, 30), (26, 28), (37, 30), (4, 2), (21, 10), (7, 12), (8, 27), (27, 5), (31, 24), (31, 35), (31, 38), (14, 37), (33, 17), (33, 25), (33, 32)]]","[[183.19337682873817, 83.72151734930705, 868.6410074939379, 135.40261934194712, 23.400337393365927, 138.50187407372158, 215.3362063999126, 2.511559172900703, 12.267525059115513, 390.8436586037544, 49.596300755725544, 36.02435523883544, 2.312517700456433, 104.99841265779116, 40.60023684636144, 102.79099877016057, 55.973445382795276, 2.905858305291188, 4.8852024154264955, 24.49080209560608, 29.657044556193046, 57.55401662522439, 126.50937405338719, 178.89789540311318, 62.69537149724648, 92.26811608922019, 167.9466892045519, 424.36502401845127, 11.706737661638176, 92.82354993599144, 2.0334919005892296]]"
619,"[[(0, 22), (0, 23), (0, 39), (11, 19), (20, 31), (20, 32), (22, 5), (10, 15), (24, 25), (2, 32), (6, 24), (17, 7), (17, 26), (17, 29), (3, 16), (16, 6), (19, 30), (26, 28), (37, 30), (4, 2), (21, 10), (7, 12), (8, 27), (27, 5), (31, 24), (31, 35), (31, 38), (14, 37), (33, 17), (33, 25), (33, 32)]]","[[299.95628629140555, 41.92346112103809, 748.9525853097377, 113.8754829274021, 22.530292998024173, 143.78895315152286, 204.83730105375597, 2.2585217024870574, 8.723254823369128, 303.3044547420273, 53.42785549587574, 46.50538581304931, 3.969027627531535, 156.65949838349061, 26.95405792867008, 86.10571501172669, 44.5386281398011, 19.326063384199152, 4.623683139993799, 23.54828129371685, 61.49508593486466, 15.74113516087107, 119.11931024322338, 265.7814827826194, 79.01984639163345, 106.08523304605876, 126.89709139380933, 226.70713408178773, 10.847837687922466, 79.46755923431388, 1.960411060430217]]"
620,"[[(0, 22), (0, 23), (0, 39), (11, 19), (20, 31), (20, 32), (22, 5), (10, 15), (24, 25), (2, 32), (6, 24), (17, 7), (17, 26), (17, 29), (3, 16), (16, 6), (19, 30), (26, 28), (37, 30), (4, 2), (21, 10), (7, 12), (8, 27), (27, 5), (31, 24), (31, 35), (31, 38), (14, 37), (33, 17), (33, 25), (33, 32)]]","[[115.02246039147012, 44.04773115892684, 1137.3803906676617, 101.39711536159112, 10.005029695666071, 132.37139688063533, 208.59101555849557, 3.7689135558358013, 21.783511076189345, 305.23481210999637, 50.72061012848467, 48.96158287136353, 3.158536297364861, 125.10489138616808, 68.12148314285925, 52.870931154043554, 55.13538892365639, 19.388238749145874, 4.3094522085482065, 24.543981739700158, 31.767562876625707, 43.92477194484209, 128.68773511843946, 376.9737812595921, 76.1113743123996, 82.0670991944198, 44.14263076936508, 607.3168467540756, 13.988975617245643, 93.66654304718185, 5.848047900020808]]"
621,"[[(0, 22), (0, 23), (0, 39), (11, 19), (20, 31), (20, 32), (22, 5), (10, 15), (24, 25), (2, 32), (6, 24), (17, 7), (17, 26), (17, 29), (3, 16), (16, 6), (19, 30), (26, 28), (37, 30), (4, 2), (21, 10), (7, 12), (8, 27), (27, 5), (31, 24), (31, 35), (31, 38), (14, 37), (33, 17), (33, 25), (33, 32)]]","[[278.40118073341876, 110.33363902691498, 458.8460153184827, 134.95253833180442, 32.139936619835616, 134.5767302079073, 215.69376287426013, 4.624761121642942, 19.144042099722814, 329.31243111134785, 51.43471123104673, 42.61379906019748, 4.3707836336428905, 97.70680566354369, 26.80619876445503, 116.50989032832751, 37.26647677970881, 8.197546216622023, 4.679385329349438, 23.50958651258182, 11.718403203583435, 15.737915021648568, 286.8281166087687, 368.58020223196854, 74.71341634414932, 38.96252574499532, 71.13912981373261, 54.91637738406152, 8.538936157330166, 92.09333021201837, 4.095720292982806]]"
622,"[[(0, 22), (0, 23), (0, 39), (11, 19), (20, 31), (20, 32), (22, 5), (10, 15), (24, 25), (2, 32), (6, 24), (17, 7), (17, 26), (17, 29), (3, 16), (16, 6), (19, 30), (26, 28), (37, 30), (4, 2), (21, 10), (7, 12), (8, 27), (27, 5), (31, 24), (31, 35), (31, 38), (14, 37), (33, 17), (33, 25), (33, 32)]]","[[285.70107210212797, 31.937867923505653, 558.8698778077677, 141.61528675632673, 41.064460019485175, 133.41189102312802, 178.16686513311737, 1.1083479101593512, 15.06828378976322, 322.1427358385307, 48.20086437323654, 38.89968296402729, 2.6291109702891515, 81.82487534110004, 32.736795710414945, 93.8894845658526, 66.16175586463937, 15.649340249086656, 4.097974638694104, 24.121981532638223, 82.63604268319534, 89.56852574978662, 141.02724736313348, 152.51305546182624, 66.19786721843519, 99.04599485014074, 122.46513958776173, 503.02610607820054, 11.2756776354824, 89.44032493573602, 4.783657530230362]]"
623,"[[(0, 22), (0, 23), (0, 39), (11, 19), (20, 31), (20, 32), (22, 5), (10, 15), (24, 25), (2, 32), (6, 24), (17, 7), (17, 26), (17, 29), (3, 16), (16, 6), (19, 30), (26, 28), (37, 30), (4, 2), (21, 10), (7, 12), (8, 27), (27, 5), (31, 24), (31, 35), (31, 38), (14, 37), (33, 17), (33, 25), (33, 32)]]","[[261.46612339508465, 76.69427333349351, 644.1008537101771, 36.761996553412445, 27.942269512185003, 136.12729061247398, 200.74978293973714, 4.476659990431534, 22.997351549422937, 263.6979068669968, 52.6065267303495, 53.651773446062535, 2.429480871843935, 115.05423028888151, 48.44854111182626, 81.24025190346784, 43.17970412578356, 11.574313263930899, 4.637149893836081, 24.361140542615985, 26.31838754376916, 27.74527911432614, 167.85863072794052, 250.27332158357774, 77.39141196660867, 48.42545142876011, 86.79817342104118, 497.2289131125619, 13.999504013871073, 84.84749118515444, 4.787579354786682]]"
624,"[[(0, 22), (0, 23), (0, 39), (11, 19), (20, 31), (20, 32), (22, 5), (10, 15), (24, 25), (2, 32), (6, 24), (17, 7), (17, 26), (17, 29), (3, 16), (16, 6), (19, 30), (26, 28), (37, 30), (4, 2), (21, 10), (7, 12), (8, 27), (27, 5), (31, 24), (31, 35), (31, 38), (14, 37), (33, 17), (33, 25), (33, 32)]]","[[367.29819707341414, 69.58063824038233, 658.4535568325285, 142.27977883608582, 24.636057063365026, 137.0436581787551, 191.97984681373566, 4.488875485836229, 25.073466360527057, 279.950546731764, 52.49224637842958, 39.89153049103216, 4.801429206324789, 108.66952552042723, 53.0325923319775, 49.34640236345061, 39.069751505814395, 17.158233794277887, 3.0992281889700104, 24.194147929138666, 86.57762800941711, 25.286512223980303, 328.2326399185804, 271.33223774857987, 75.36095563087892, 56.506816772458144, 45.082484643584486, 113.96703262413747, 9.461688959278007, 93.88260634022618, 6.277923240200142]]"
625,"[[(0, 22), (0, 23), (0, 39), (11, 19), (20, 31), (20, 32), (22, 5), (10, 15), (24, 25), (2, 32), (6, 24), (17, 7), (17, 26), (17, 29), (3, 16), (16, 6), (19, 30), (26, 28), (37, 30), (4, 2), (21, 10), (7, 12), (8, 27), (27, 5), (31, 24), (31, 35), (31, 38), (14, 37), (33, 17), (33, 25), (33, 32)]]","[[269.93201300655096, 28.586399924127818, 138.56663617474663, 80.33542890771707, 5.643881126951949, 134.97336714067268, 230.60263140665995, 2.2885443028473462, 22.232102459415092, 405.0740509829842, 48.542855466413286, 45.171340834499475, 1.542269009769286, 152.5412950455766, 57.413840871945084, 94.55850827487963, 63.080592116058284, 5.949623086041438, 4.870284913292364, 23.614540658232904, 74.1724396146608, 87.16476232713259, 266.3331011158266, 399.5069075739949, 60.04152748089077, 83.6244543030463, 126.19852132071331, 346.63565698187847, 11.220821749710971, 93.29691675649718, 5.532953613150922]]"
626,"[[(0, 22), (0, 23), (0, 39), (11, 19), (20, 31), (20, 32), (22, 5), (10, 15), (24, 25), (2, 32), (6, 24), (17, 7), (17, 26), (17, 29), (3, 16), (16, 6), (19, 30), (26, 28), (37, 30), (4, 2), (21, 10), (7, 12), (8, 27), (27, 5), (31, 24), (31, 35), (31, 38), (14, 37), (33, 17), (33, 25), (33, 32)]]","[[345.75679046508594, 25.091743005118904, 716.6011304744288, 101.52039937607215, 38.000405490021905, 143.34897360721618, 227.52180170418933, 1.3537615600584374, 1.825839341135336, 404.8018169246528, 51.46366797883232, 51.33724761633699, 1.436590472459386, 145.52200539175584, 72.31659553693288, 66.31458471016498, 51.339737526871076, 11.142579765082864, 4.540351731327028, 23.8183211378756, 56.644602219489975, 60.81304843386155, 175.1730503763995, 320.29393306148927, 82.13732339024163, 49.08831362007143, 141.59209226250437, 242.40152429778135, 13.704470606871993, 88.93255368125097, 6.290467361877013]]"
627,"[[(0, 22), (0, 23), (0, 39), (11, 19), (20, 31), (20, 32), (22, 5), (10, 15), (24, 25), (2, 32), (6, 24), (17, 7), (17, 26), (17, 29), (3, 16), (16, 6), (19, 30), (26, 28), (37, 30), (4, 2), (21, 10), (7, 12), (8, 27), (27, 5), (31, 24), (31, 35), (31, 38), (14, 37), (33, 17), (33, 25), (33, 32)]]","[[223.60328560560586, 105.46650151380868, 280.4764636657085, 162.75491719552338, 19.326321864718164, 131.17016273837436, 188.86961483198587, 3.0958455862270093, 2.7351615165894385, 369.5277479641244, 49.21692079762342, 51.87161749366378, 4.434163929926692, 60.52489276946937, 30.76834485040444, 34.19480483838823, 61.335605115633, 11.441357647922395, 3.711167280924315, 23.223412233105762, 88.72324397911426, 47.715884593708076, 183.69943290544848, 143.3764618189844, 65.23880581333094, 77.71126247763479, 120.28113106984087, 331.49325215585566, 15.060318375787384, 80.07340424552025, 6.792791886710182]]"
628,"[[(0, 22), (0, 23), (0, 39), (11, 19), (20, 31), (20, 32), (22, 5), (10, 15), (24, 25), (2, 32), (6, 24), (17, 7), (17, 26), (17, 29), (3, 16), (16, 6), (19, 30), (26, 28), (37, 30), (4, 2), (21, 10), (7, 12), (8, 27), (27, 5), (31, 24), (31, 35), (31, 38), (14, 37), (33, 17), (33, 25), (33, 32)]]","[[278.08637354422615, 63.243554816269416, 974.9162898692958, 112.13851770892106, 45.29497635418185, 140.8986296456317, 211.68483130464796, 3.5161321340034286, 22.29576230726531, 337.7271010032155, 51.67145190928831, 49.40582343854162, 1.3160357976523298, 93.93298177152457, 73.56992750759386, 51.140585135860995, 57.657575980039354, 11.766032162572596, 4.127476796936929, 23.389832085776952, 75.57133821953053, 78.31728946202642, 204.75442295214933, 323.6197832984618, 62.0373764164072, 38.12711101914642, 67.70492785111207, 562.3613663756805, 15.708804281474064, 87.0577250806893, 1.169157289657612]]"
629,"[[(0, 22), (0, 23), (0, 39), (11, 19), (20, 31), (20, 32), (22, 5), (10, 15), (24, 25), (2, 32), (6, 24), (17, 7), (17, 26), (17, 29), (3, 16), (16, 6), (19, 30), (26, 28), (37, 30), (4, 2), (21, 10), (7, 12), (8, 27), (27, 5), (31, 24), (31, 35), (31, 38), (14, 37), (33, 17), (33, 25), (33, 32)]]","[[323.33809945744275, 114.56373597208957, 274.2121197004274, 98.64071986128766, 12.104917905541487, 141.04428074447642, 212.7839069541598, 3.434787609630971, 22.975852679791373, 291.54537102060567, 50.34881648879667, 53.35742767259886, 4.5647507329156305, 90.80518029777546, 44.70945169948414, 92.79236310449245, 49.151332540266715, 13.793854609458501, 3.062845635049063, 23.503079480282867, 73.43402402663283, 26.657382411794003, 378.1729411068734, 247.06932733989208, 75.96496417713877, 102.55468176603875, 114.48152616289133, 35.549522674805175, 10.671317551790617, 83.95042298792093, 1.3725407602018418]]"
630,"[[(0, 22), (0, 23), (0, 39), (11, 19), (20, 31), (20, 32), (22, 5), (10, 15), (24, 25), (2, 32), (6, 24), (17, 7), (17, 26), (17, 29), (3, 16), (16, 6), (19, 30), (26, 28), (37, 30), (4, 2), (21, 10), (7, 12), (8, 27), (27, 5), (31, 24), (31, 35), (31, 38), (14, 37), (33, 17), (33, 25), (33, 32)]]","[[239.27743824855446, 60.26475832496324, 767.6961958457354, 138.7116213699141, 20.847887205333645, 141.27738697722322, 222.10040153266354, 2.6733039402112704, 3.899045080923363, 369.901784188168, 51.77498655608894, 45.46250893607645, 3.217471160061083, 107.86451889214538, 31.16023948649471, 103.54146580039723, 50.717722825749725, 7.528564331717608, 4.653683039266459, 23.413036924815668, 72.78321132421277, 80.39395786709973, 266.9947671164329, 316.6665013884319, 66.35860766214361, 34.776867580972414, 69.82353271463575, 111.18240021355491, 13.397485196568994, 89.79853971282334, 7.343439524391175]]"
631,"[[(0, 22), (0, 23), (0, 39), (11, 19), (20, 31), (20, 32), (22, 5), (10, 15), (24, 25), (2, 32), (6, 24), (17, 7), (17, 26), (17, 29), (3, 16), (16, 6), (19, 30), (26, 28), (37, 30), (4, 2), (21, 10), (7, 12), (8, 27), (27, 5), (31, 24), (31, 35), (31, 38), (14, 37), (33, 17), (33, 25), (33, 32)]]","[[162.98055360405857, 80.41184723024934, 536.2883205682828, 84.60167972798325, 43.51421675444054, 130.18340048275113, 178.75772035577748, 4.670620978865307, 23.136168207734976, 330.4018662757032, 48.635175371477395, 42.1028058334203, 1.38646821943439, 73.43775933670031, 29.53828213062901, 96.5489527156512, 49.510385093059014, 9.208888754089626, 4.555818174638077, 23.299842396121893, 88.44210676209998, 25.588661979424888, 135.47662499068502, 191.14334446940325, 66.27601248281523, 53.95829964330564, 150.14589652903334, 437.5474714367348, 11.711185550924625, 90.33314888842395, 3.5153243376744]]"
632,"[[(0, 22), (0, 23), (0, 39), (11, 19), (20, 31), (20, 32), (22, 5), (10, 15), (24, 25), (2, 32), (6, 24), (17, 7), (17, 26), (17, 29), (3, 16), (16, 6), (19, 30), (26, 28), (37, 30), (4, 2), (21, 10), (7, 12), (8, 27), (27, 5), (31, 24), (31, 35), (31, 38), (14, 37), (33, 17), (33, 25), (33, 32)]]","[[184.4715592555587, 106.30871304568049, 130.10082705858667, 145.64138782923442, 18.111127703658266, 143.046562302758, 213.0348608759914, 2.5973909634665753, 1.4369092025490382, 400.29857049793236, 55.53944222792309, 42.061768096963185, 2.173694849420066, 159.39709973924028, 42.94586935197335, 109.26787713289033, 50.738491353463075, 5.953387035529869, 4.395185289213924, 24.67789824643906, 68.78476167597185, 16.839549824554478, 321.7219134452122, 379.27152330706974, 65.52360254874554, 100.78970064038992, 111.49807528436402, 456.58248025779943, 8.366293112202836, 75.76152518647757, 6.046545954168221]]"
633,"[[(0, 22), (0, 23), (0, 39), (11, 19), (20, 31), (20, 32), (22, 5), (10, 15), (24, 25), (2, 32), (6, 24), (17, 7), (17, 26), (17, 29), (3, 16), (16, 6), (19, 30), (26, 28), (37, 30), (4, 2), (21, 10), (7, 12), (8, 27), (27, 5), (31, 24), (31, 35), (31, 38), (14, 37), (33, 17), (33, 25), (33, 32)]]","[[361.0897483808866, 75.5228628928701, 888.813453555722, 69.04321865607434, 35.233203114129374, 135.60891497667458, 175.8500300506761, 2.089363859298869, 16.3391343361966, 378.0651404520106, 48.77138399153138, 50.02406143230358, 2.4216130761702783, 125.14413522664334, 43.7966666345521, 63.11940485741869, 49.319668828750274, 17.949988927155307, 3.2652933420565278, 24.63614281671846, 76.665537372473, 80.78039299731466, 248.01868962636766, 259.26658285871355, 61.45643162607716, 92.9950205494159, 129.41902345316828, 610.7326279119927, 9.541847008339854, 88.59531950084732, 3.0619328433575017]]"
634,"[[(0, 22), (0, 23), (0, 39), (11, 19), (20, 31), (20, 32), (22, 5), (10, 15), (24, 25), (2, 32), (6, 24), (17, 7), (17, 26), (17, 29), (3, 16), (16, 6), (19, 30), (26, 28), (37, 30), (4, 2), (21, 10), (7, 12), (8, 27), (27, 5), (31, 24), (31, 35), (31, 38), (14, 37), (33, 17), (33, 25), (33, 32)]]","[[188.85736471210777, 56.49267592199543, 786.6676231026349, 53.13188590424074, 46.040420937393684, 131.48635302546285, 197.7335016347531, 3.8179761571412607, 18.846073536425017, 365.12470511860556, 49.45688880779209, 43.19913288592075, 1.9678671361067166, 149.83612855218814, 79.31679217426094, 106.25168262190805, 55.55013467198947, 12.567241538863334, 4.833062546689286, 24.864517507837228, 78.26846441501134, 71.54630685799913, 241.89636782941864, 157.1371195419742, 62.03999739869369, 41.22041641766108, 82.40037729789319, 466.24330592595794, 12.857088700639466, 85.74996998901626, 3.527900529520495]]"
635,"[[(0, 22), (0, 23), (0, 39), (11, 19), (20, 31), (20, 32), (22, 5), (10, 15), (24, 25), (2, 32), (6, 24), (17, 7), (17, 26), (17, 29), (3, 16), (16, 6), (19, 30), (26, 28), (37, 30), (4, 2), (21, 10), (7, 12), (8, 27), (27, 5), (31, 24), (31, 35), (31, 38), (14, 37), (33, 17), (33, 25), (33, 32)]]","[[93.99961345630186, 24.17987145980814, 128.683100761528, 141.6864963124392, 12.971164909783974, 140.15810660294412, 188.65955973143554, 1.1375279795754465, 20.852169372151145, 291.5139600762855, 50.15155785769339, 39.34720313280864, 2.41886179523562, 105.83002656039159, 71.05982355710525, 98.29207931405935, 46.878705059690105, 6.552866890887993, 4.292343614208615, 24.898020057765148, 40.845652618388485, 58.63718736187895, 279.3604660158681, 201.00037855597137, 73.95831921231273, 76.15541740336923, 20.06611161690076, 270.71050284594463, 15.05956318555787, 81.98931405009088, 2.2314595020720516]]"
636,"[[(0, 22), (0, 23), (0, 39), (11, 19), (20, 31), (20, 32), (22, 5), (10, 15), (24, 25), (2, 32), (6, 24), (17, 7), (17, 26), (17, 29), (3, 16), (16, 6), (19, 30), (26, 28), (37, 30), (4, 2), (21, 10), (7, 12), (8, 27), (27, 5), (31, 24), (31, 35), (31, 38), (14, 37), (33, 17), (33, 25), (33, 32)]]","[[163.47512273565764, 43.0072214669438, 91.47308553505593, 147.08491714087432, 33.359678152799745, 130.1806452236645, 173.45553526473896, 4.544604866665047, 19.83722220331453, 345.3061323864736, 50.22125004761877, 44.63694655304819, 3.9928265927843625, 55.9414541178788, 34.22743372772727, 82.98378941785431, 59.817884567580634, 7.0238966479063105, 4.8150770909805285, 24.640081273512923, 11.485661087516952, 26.308029975547303, 71.12849738317253, 301.2226520347665, 73.99238389536791, 82.11663908154742, 22.207829470055803, 535.4717160493867, 12.908843025109878, 89.73571614260146, 1.3536135508346439]]"
637,"[[(0, 22), (0, 23), (0, 39), (11, 19), (20, 31), (20, 32), (22, 5), (10, 15), (24, 25), (2, 32), (6, 24), (17, 7), (17, 26), (17, 29), (3, 16), (16, 6), (19, 30), (26, 28), (37, 30), (4, 2), (21, 10), (7, 12), (8, 27), (27, 5), (31, 24), (31, 35), (31, 38), (14, 37), (33, 17), (33, 25), (33, 32)]]","[[194.54626162746962, 23.843125571979, 53.765497329524266, 38.52815967730806, 47.292633144350944, 135.43658156762473, 180.00304656652565, 2.695360951179051, 11.692689660873546, 364.9972416832346, 49.27017990021196, 53.97967441442435, 4.10154469175325, 51.19755925730233, 30.923629335264977, 126.58645085760513, 37.20060789141719, 5.063828129908834, 4.047643118386945, 24.608888051392714, 62.404152731359154, 33.82986131692353, 167.3387121276233, 329.72690159761504, 67.99306539475685, 105.36688897696025, 68.50959133412529, 454.3114197423503, 11.20307909528513, 79.37404040024455, 7.753133944181476]]"
638,"[[(0, 22), (0, 23), (0, 39), (11, 19), (20, 31), (20, 32), (22, 5), (10, 15), (24, 25), (2, 32), (6, 24), (17, 7), (17, 26), (17, 29), (3, 16), (16, 6), (19, 30), (26, 28), (37, 30), (4, 2), (21, 10), (7, 12), (8, 27), (27, 5), (31, 24), (31, 35), (31, 38), (14, 37), (33, 17), (33, 25), (33, 32)]]","[[338.87793704510733, 64.99360388896078, 401.8209514596291, 111.30492429359494, 4.123303700592482, 136.05846079778257, 201.67892042717295, 4.523014987086839, 12.646318117562275, 334.94993580339155, 53.0992358266164, 41.171652007650195, 4.3984795382162405, 51.439981014091614, 33.82094432045088, 71.00608592007525, 55.64546669568348, 18.59837162392236, 3.972274069609755, 24.48419223351507, 88.49477185487794, 53.23915512086915, 123.2835350904466, 179.25328492211662, 77.12023374355059, 75.91320973821954, 69.00709881168558, 445.7968646225891, 11.27349043672723, 93.00125046515814, 5.714282241137482]]"
639,"[[(0, 22), (0, 23), (0, 39), (11, 19), (20, 31), (20, 32), (22, 5), (10, 15), (24, 25), (2, 32), (6, 24), (17, 7), (17, 26), (17, 29), (3, 16), (16, 6), (19, 30), (26, 28), (37, 30), (4, 2), (21, 10), (7, 12), (8, 27), (27, 5), (31, 24), (31, 35), (31, 38), (14, 37), (33, 17), (33, 25), (33, 32)]]","[[263.3193187002632, 92.63777074846082, 486.43278658303905, 126.61029209755706, 15.991767877406339, 141.55525006241342, 174.20543427142627, 3.4733617845406766, 3.168593814427831, 292.46220537355646, 51.00749889515993, 36.98144577178969, 3.7624258879629804, 153.30892654878465, 52.25608002966891, 125.00171472378959, 45.500795585679484, 18.438479017106815, 4.166355687964718, 24.379876059296432, 50.03814611896429, 22.786358643525784, 396.44795983229125, 245.77559339905395, 81.90844631357125, 50.96123741841278, 45.13641032639758, 372.53893563727627, 8.283573677510873, 80.68070983994599, 5.435581739676516]]"
640,"[[(0, 22), (0, 23), (0, 39), (11, 19), (20, 31), (20, 32), (22, 5), (10, 15), (24, 25), (2, 32), (6, 24), (17, 7), (17, 26), (17, 29), (3, 16), (16, 6), (19, 30), (26, 28), (37, 30), (4, 2), (21, 10), (7, 12), (8, 27), (27, 5), (31, 24), (31, 35), (31, 38), (14, 37), (33, 17), (33, 25), (33, 32)]]","[[353.09422638929766, 31.87395908418232, 1146.957564219142, 135.06803853506585, 22.87072417056361, 142.7585329656917, 227.66165357439473, 2.192273812813813, 23.680733379150915, 412.7236159743434, 53.933845763255555, 39.44612788197904, 1.0093529199216356, 101.5847540756691, 27.918495595427594, 110.0166752482956, 37.707530977544, 9.101409079710406, 3.796255658931459, 23.91566377744232, 81.09256971596152, 58.86123894404789, 214.47356367521647, 228.99323878902845, 79.82558030969042, 47.59580555513641, 166.70836882099806, 158.6116699831488, 9.648259387429603, 82.1668309986997, 8.96992024288581]]"
641,"[[(0, 22), (0, 23), (0, 39), (11, 19), (20, 31), (20, 32), (22, 5), (10, 15), (24, 25), (2, 32), (6, 24), (17, 7), (17, 26), (17, 29), (3, 16), (16, 6), (19, 30), (26, 28), (37, 30), (4, 2), (21, 10), (7, 12), (8, 27), (27, 5), (31, 24), (31, 35), (31, 38), (14, 37), (33, 17), (33, 25), (33, 32)]]","[[306.50210454142257, 103.7501964759978, 36.752471469295436, 161.17345143332255, 43.25909779751301, 131.7923635221277, 192.4830822457368, 1.6543663698169602, 23.092447426713036, 315.34348092355464, 48.69105031498151, 45.095006029054375, 1.3117513683215272, 62.72722869093394, 33.89571471365419, 17.616715921569774, 46.467163983022175, 13.663009028092695, 3.517142360443538, 23.502949851320412, 33.932675564638046, 86.00313256460615, 361.3735042556218, 226.6371574974922, 72.50491328408071, 105.1032119959771, 177.7651859905995, 57.62135042687051, 10.222586295354073, 76.17075843258458, 3.045242946564148]]"
642,"[[(0, 22), (0, 23), (0, 39), (11, 19), (20, 31), (20, 32), (22, 5), (10, 15), (24, 25), (2, 32), (6, 24), (17, 7), (17, 26), (17, 29), (3, 16), (16, 6), (19, 30), (26, 28), (37, 30), (4, 2), (21, 10), (7, 12), (8, 27), (27, 5), (31, 24), (31, 35), (31, 38), (14, 37), (33, 17), (33, 25), (33, 32)]]","[[141.87998359877778, 39.069557281177865, 450.30894671851644, 105.89105965864023, 6.3520192552621495, 137.85844956669922, 198.7458055712601, 4.2984201849276165, 12.730346924507865, 339.7326271114171, 55.41097721600364, 48.49756620678044, 4.683547790645616, 160.1346884630084, 77.9832480836445, 66.38905083763726, 54.76971160277858, 12.003783763364948, 3.2681217138298813, 23.287996290824754, 60.293272823869046, 63.62262811153834, 89.25371313796356, 176.44100789989335, 62.84244416419117, 79.97149770256533, 30.520792140234217, 295.5496111287327, 11.61640782661641, 81.99224630274011, 7.231788487812097]]"
643,"[[(0, 22), (0, 23), (0, 39), (11, 19), (20, 31), (20, 32), (22, 5), (10, 15), (24, 25), (2, 32), (6, 24), (17, 7), (17, 26), (17, 29), (3, 16), (16, 6), (19, 30), (26, 28), (37, 30), (4, 2), (21, 10), (7, 12), (8, 27), (27, 5), (31, 24), (31, 35), (31, 38), (14, 37), (33, 17), (33, 25), (33, 32)]]","[[222.04858254649616, 83.23188412610395, 706.2824540732715, 155.99505781206165, 21.201831202513592, 131.21667398916867, 220.65676285149294, 4.52226432605165, 3.704126727780848, 344.45997910177357, 53.466592013821824, 43.982318868219764, 3.226070281589282, 120.32613345706747, 33.10563168709503, 25.81327703208512, 56.72327352807313, 8.0593432332869, 4.52376154919822, 24.170075312162965, 82.78094725959137, 89.85952471691178, 170.11604908756578, 348.6721166523637, 79.81353130310407, 42.12450616104873, 127.46643009597463, 176.41772187354067, 8.222703463202906, 89.66501935565796, 5.193454263294168]]"
644,"[[(0, 22), (0, 23), (0, 39), (11, 19), (20, 31), (20, 32), (22, 5), (10, 15), (24, 25), (2, 32), (6, 24), (17, 7), (17, 26), (17, 29), (3, 16), (16, 6), (19, 30), (26, 28), (37, 30), (4, 2), (21, 10), (7, 12), (8, 27), (27, 5), (31, 24), (31, 35), (31, 38), (14, 37), (33, 17), (33, 25), (33, 32)]]","[[282.4334438060229, 68.66951696149044, 613.6975150900336, 52.07625486523664, 16.873417134795055, 131.14426530232322, 187.44058597235647, 1.3559594348700892, 22.776445747665786, 273.2748847824701, 54.29835179273961, 39.364492448111044, 2.3335613921878626, 79.6026059034979, 44.01880206510296, 71.66161305489597, 40.536430131100595, 9.079392120755243, 3.8513469793820536, 24.574840967482878, 52.79883149283795, 30.02616247948186, 347.7805329550043, 296.8450899688118, 78.29999499611446, 80.292863334516, 175.47426617390371, 244.7599985131821, 13.093267092555372, 85.9123197783521, 1.2554423910907966]]"
645,"[[(0, 22), (0, 23), (0, 39), (11, 19), (20, 31), (20, 32), (22, 5), (10, 15), (24, 25), (2, 32), (6, 24), (17, 7), (17, 26), (17, 29), (3, 16), (16, 6), (19, 30), (26, 28), (37, 30), (4, 2), (21, 10), (7, 12), (8, 27), (27, 5), (31, 24), (31, 35), (31, 38), (14, 37), (33, 17), (33, 25), (33, 32)]]","[[245.29884388301656, 25.542685157429, 1094.5310826260227, 123.53280422721078, 5.402975753864268, 132.10338856838942, 179.09486172959495, 2.4745709594516034, 9.74578356748072, 286.3641197073999, 49.1946893040887, 36.09467262006333, 3.6408508636566195, 103.4868876298531, 48.873619640873436, 33.81722735411111, 65.84763761822319, 7.2913986454285435, 3.2985546149459477, 24.17352062764594, 64.19672638759806, 17.145460706463414, 245.00363194020093, 305.5265751306173, 80.955191071595, 39.750458591393475, 142.4762429137247, 461.73881886510566, 8.646922627378778, 75.39313009829677, 4.717545009372379]]"
646,"[[(0, 22), (0, 23), (0, 39), (11, 19), (20, 31), (20, 32), (22, 5), (10, 15), (24, 25), (2, 32), (6, 24), (17, 7), (17, 26), (17, 29), (3, 16), (16, 6), (19, 30), (26, 28), (37, 30), (4, 2), (21, 10), (7, 12), (8, 27), (27, 5), (31, 24), (31, 35), (31, 38), (14, 37), (33, 17), (33, 25), (33, 32)]]","[[271.4738745858692, 40.58126067096531, 733.4267652735925, 38.94940431019326, 30.617425333297493, 140.06612430606657, 216.48801409556333, 2.58185504696053, 14.965246070366323, 389.7338455322627, 50.49272522652726, 50.71729398590717, 1.1655764226335763, 139.28793081233988, 44.03433901560455, 107.3211608302227, 38.21264285003875, 6.923249773613532, 4.704824219312062, 23.46359088152727, 26.9435931295481, 28.148265251082915, 123.04979562855999, 165.27374214317854, 80.73940064209971, 81.98471776032142, 61.33709750508626, 546.5617702007253, 13.245157957966182, 85.93606013650513, 1.6112412596001287]]"
647,"[[(0, 22), (0, 23), (0, 39), (11, 19), (20, 31), (20, 32), (22, 5), (10, 15), (24, 25), (2, 32), (6, 24), (17, 7), (17, 26), (17, 29), (3, 16), (16, 6), (19, 30), (26, 28), (37, 30), (4, 2), (21, 10), (7, 12), (8, 27), (27, 5), (31, 24), (31, 35), (31, 38), (14, 37), (33, 17), (33, 25), (33, 32)]]","[[156.94681873549104, 85.54492206968679, 579.1293360180471, 115.44699353540047, 19.294621662844676, 130.89262673729903, 193.37900052706604, 2.61791125869945, 18.424074031555254, 332.72893890889554, 54.6065722490734, 40.274205551472065, 4.622576796223699, 97.5064346307026, 76.07760329071172, 32.166928810736565, 46.06703818898534, 10.825042000283029, 4.424796352780578, 23.760452833141535, 35.7553717956328, 73.38957796757379, 209.69292715325324, 319.6636105738185, 81.23019947208489, 47.68513597420857, 41.44465941324758, 304.23950280984593, 15.987381159787759, 91.00537326825099, 1.6054750716261923]]"
648,"[[(0, 22), (0, 23), (0, 39), (11, 19), (20, 31), (20, 32), (22, 5), (10, 15), (24, 25), (2, 32), (6, 24), (17, 7), (17, 26), (17, 29), (3, 16), (16, 6), (19, 30), (26, 28), (37, 30), (4, 2), (21, 10), (7, 12), (8, 27), (27, 5), (31, 24), (31, 35), (31, 38), (14, 37), (33, 17), (33, 25), (33, 32)]]","[[377.105723863236, 116.11157717393067, 809.0557173533015, 105.37889574202477, 35.76222394636113, 141.96945238578434, 187.28511392905398, 4.08559668839267, 9.572927799276318, 387.1841597493068, 55.70981812943531, 51.448783774371904, 3.576261707624997, 69.23250338970297, 63.446478086946684, 34.9023061489907, 38.6398906372773, 13.594508408686329, 4.82304778961548, 23.903948911121372, 9.08164718949763, 60.39094980713, 342.3144422685009, 335.0153484144954, 68.51076644936107, 42.00006223268064, 153.09454224238115, 386.37361159762384, 14.329897478260525, 90.35545337828839, 1.2593470768813262]]"
649,"[[(0, 22), (0, 23), (0, 39), (11, 19), (20, 31), (20, 32), (22, 5), (10, 15), (24, 25), (2, 32), (6, 24), (17, 7), (17, 26), (17, 29), (3, 16), (16, 6), (19, 30), (26, 28), (37, 30), (4, 2), (21, 10), (7, 12), (8, 27), (27, 5), (31, 24), (31, 35), (31, 38), (14, 37), (33, 17), (33, 25), (33, 32)]]","[[157.86021571924942, 38.870753224067286, 994.5632410343776, 130.48827662305132, 48.13588888309458, 134.32296328392385, 183.00847280532335, 2.5823536937190843, 7.096116956077535, 369.81647547185133, 49.161657361043936, 49.539153699491116, 3.616202211535847, 129.07368475913194, 27.81602454861242, 111.20847491522316, 50.447610055859506, 8.694766471459086, 3.510691940734687, 23.32620139147335, 60.34869658316805, 19.436477162364252, 281.19514474048117, 163.16084146048877, 77.86603010501892, 104.21479423087271, 18.82275134483241, 33.48663517902119, 14.173979608423096, 89.58452949563002, 7.469818902069367]]"
650,"[[(0, 22), (0, 23), (0, 39), (11, 19), (20, 31), (20, 32), (22, 5), (10, 15), (24, 25), (2, 32), (6, 24), (17, 7), (17, 26), (17, 29), (3, 16), (16, 6), (19, 30), (26, 28), (37, 30), (4, 2), (21, 10), (7, 12), (8, 27), (27, 5), (31, 24), (31, 35), (31, 38), (14, 37), (33, 17), (33, 25), (33, 32)]]","[[192.39573334756744, 94.24088149157711, 1171.893143480148, 37.509234450505886, 17.092217556945776, 135.84834209336952, 172.2298327709785, 4.620556370603374, 2.542901043838029, 414.1669850376996, 54.130529011297796, 51.82964278636602, 2.8331090457739734, 79.06014058771042, 44.95372945468812, 126.40226429380238, 70.88596684576605, 12.786341885240702, 3.764544518280311, 23.64156287249382, 67.44781742033977, 67.71568928738625, 378.5663116404417, 344.68424913559136, 78.29784225127094, 82.08679069889922, 172.210865040435, 394.1132187330359, 13.963783772998726, 86.05568661595369, 6.626320990376249]]"
651,"[[(0, 22), (0, 23), (0, 39), (11, 19), (20, 31), (20, 32), (22, 5), (10, 15), (24, 25), (2, 32), (6, 24), (17, 7), (17, 26), (17, 29), (3, 16), (16, 6), (19, 30), (26, 28), (37, 30), (4, 2), (21, 10), (7, 12), (8, 27), (27, 5), (31, 24), (31, 35), (31, 38), (14, 37), (33, 17), (33, 25), (33, 32)]]","[[106.90015005975765, 30.007597550208843, 229.06122505553253, 73.30189809264347, 10.671212670564511, 140.67691847379098, 213.49368675309282, 1.1969432449475086, 23.550385501489618, 352.6595585094708, 50.80213004003297, 39.46822147104365, 1.8668615088469882, 113.01975597751178, 44.25648117658318, 42.48455237137391, 64.81954970255727, 17.4622218043231, 3.1703280906042575, 23.344612894830448, 9.289705145546908, 22.270335078944694, 132.28845661713171, 249.8288132923959, 59.30963387155607, 43.544527326402594, 56.74032687126052, 342.7461552857281, 10.418059765224218, 82.52810110434173, 4.635867796532237]]"
652,"[[(0, 22), (0, 23), (0, 39), (11, 19), (20, 31), (20, 32), (22, 5), (10, 15), (24, 25), (2, 32), (6, 24), (17, 7), (17, 26), (17, 29), (3, 16), (16, 6), (19, 30), (26, 28), (37, 30), (4, 2), (21, 10), (7, 12), (8, 27), (27, 5), (31, 24), (31, 35), (31, 38), (14, 37), (33, 17), (33, 25), (33, 32)]]","[[242.68824465747736, 103.55937291396933, 736.1728570602074, 100.73448418431448, 29.96563758544879, 138.3922622687197, 223.5346920773539, 3.2185491707656673, 19.194110261913707, 403.9352727391396, 53.25501283513977, 43.87112244481852, 4.1395583622095025, 136.79705767781314, 73.03831919766986, 25.560027024667136, 59.284460853258054, 15.822969377401149, 4.2758220557148725, 24.92565933629865, 89.63092712458908, 54.252015489803846, 149.82639365444618, 157.63878361528828, 71.51868706228564, 86.13609923598636, 73.03606482273332, 76.01456344917295, 8.147207321912298, 81.97681344176844, 5.776928411792739]]"
653,"[[(0, 22), (0, 23), (0, 39), (11, 19), (20, 31), (20, 32), (22, 5), (10, 15), (24, 25), (2, 32), (6, 24), (17, 7), (17, 26), (17, 29), (3, 16), (16, 6), (19, 30), (26, 28), (37, 30), (4, 2), (21, 10), (7, 12), (8, 27), (27, 5), (31, 24), (31, 35), (31, 38), (14, 37), (33, 17), (33, 25), (33, 32)]]","[[309.7765439983169, 73.72959911443145, 185.75671290531707, 106.34177352114234, 5.76661270506749, 135.0022469532039, 172.47834747171822, 2.8875971742098767, 13.907531459595992, 381.68525911528917, 54.7060979056273, 37.45454881709588, 2.6227862765544705, 109.55895152964544, 46.629020541752226, 53.91291279389034, 54.14492785915169, 18.714300337067556, 3.2251355634378704, 23.754435297301253, 31.354955236531033, 58.27176966071143, 318.9787315632088, 238.5198448714246, 79.75690573687388, 107.23321217629027, 177.19817175590612, 397.86887817849566, 11.751716507978767, 76.47500907084317, 8.324270682916552]]"
654,"[[(0, 22), (0, 23), (0, 39), (11, 19), (20, 31), (20, 32), (22, 5), (10, 15), (24, 25), (2, 32), (6, 24), (17, 7), (17, 26), (17, 29), (3, 16), (16, 6), (19, 30), (26, 28), (37, 30), (4, 2), (21, 10), (7, 12), (8, 27), (27, 5), (31, 24), (31, 35), (31, 38), (14, 37), (33, 17), (33, 25), (33, 32)]]","[[276.32104857285674, 98.25743936821179, 221.7057561192303, 149.02037059545773, 29.3197802892816, 138.04044918058122, 229.706572374618, 4.212497834051069, 8.59400195013556, 365.04681964081766, 48.641821545578416, 44.65715544065868, 3.5458618715656693, 83.71627571709277, 71.13906017524138, 85.841368971777, 57.42279316377653, 15.396837643531743, 4.288609286921489, 23.60109508704835, 65.42392489057029, 83.3366691513337, 288.240814636408, 260.9740207180472, 62.947249033550435, 48.55930126703579, 153.2728642509397, 628.1062929411931, 11.460134663490422, 94.98566971985497, 2.597519044185721]]"
655,"[[(0, 22), (0, 23), (0, 39), (11, 19), (20, 31), (20, 32), (22, 5), (10, 15), (24, 25), (2, 32), (6, 24), (17, 7), (17, 26), (17, 29), (3, 16), (16, 6), (19, 30), (26, 28), (37, 30), (4, 2), (21, 10), (7, 12), (8, 27), (27, 5), (31, 24), (31, 35), (31, 38), (14, 37), (33, 17), (33, 25), (33, 32)]]","[[330.5958266542682, 84.64305589137096, 308.9304446356169, 91.84784118325038, 46.05482072712726, 135.27131363470616, 231.9461052297964, 1.0803521494531334, 7.359575347648691, 325.00211049161953, 49.33735052292093, 36.413875930834365, 2.6547773819653626, 139.7752967826749, 26.36575917510496, 111.97845342543232, 46.475540150851735, 4.321288416949199, 3.801556564103713, 24.567462153175395, 17.47807065265171, 52.14983774672392, 323.79871226556963, 164.3595196718241, 66.46356258180364, 81.13556265136997, 133.5960440535008, 106.24898275396748, 8.96292416539244, 84.63112617632967, 6.555344052477996]]"
656,"[[(0, 22), (0, 23), (0, 39), (11, 19), (20, 31), (20, 32), (22, 5), (10, 15), (24, 25), (2, 32), (6, 24), (17, 7), (17, 26), (17, 29), (3, 16), (16, 6), (19, 30), (26, 28), (37, 30), (4, 2), (21, 10), (7, 12), (8, 27), (27, 5), (31, 24), (31, 35), (31, 38), (14, 37), (33, 17), (33, 25), (33, 32)]]","[[365.72293032320727, 84.31623952339098, 713.1767457641278, 84.53345921612954, 15.632792177738644, 136.66621846148132, 200.5547866928334, 3.2761426687257784, 7.24198236975232, 383.7935644928442, 51.71902484457652, 39.33630634354853, 2.348994279081425, 101.89916242403608, 71.48895182002238, 117.26941813515607, 53.070896310288624, 7.201040892430606, 4.514724875804594, 24.897839743151355, 89.07995436717049, 90.73499462504329, 311.4105971692949, 184.70505963737102, 68.92117398951225, 88.75994310666903, 175.5180241722495, 237.50716275126206, 12.329709004234985, 89.08694398965996, 8.883571803534728]]"
657,"[[(0, 22), (0, 23), (0, 39), (11, 19), (20, 31), (20, 32), (22, 5), (10, 15), (24, 25), (2, 32), (6, 24), (17, 7), (17, 26), (17, 29), (3, 16), (16, 6), (19, 30), (26, 28), (37, 30), (4, 2), (21, 10), (7, 12), (8, 27), (27, 5), (31, 24), (31, 35), (31, 38), (14, 37), (33, 17), (33, 25), (33, 32)]]","[[180.62742063502333, 89.6875718476764, 925.7755416160772, 76.89225050177673, 7.117501896617059, 130.78784792366204, 192.24140064383113, 3.9443712680070226, 1.4707690510181803, 413.460983295357, 48.33708900113591, 48.49728189225708, 4.9044484876545, 66.75681715932657, 65.9003041732595, 100.15861269794227, 69.23714315790596, 12.35265908688017, 3.4713763800100113, 23.23089766772915, 17.831377764097546, 44.12029083473702, 103.54819354102938, 229.42642111243117, 79.00806551364391, 50.73301302422867, 113.20376252576116, 32.15417734199337, 13.799511823012587, 79.18956464896767, 8.830393621771513]]"
658,"[[(0, 22), (0, 23), (0, 39), (11, 19), (20, 31), (20, 32), (22, 5), (10, 15), (24, 25), (2, 32), (6, 24), (17, 7), (17, 26), (17, 29), (3, 16), (16, 6), (19, 30), (26, 28), (37, 30), (4, 2), (21, 10), (7, 12), (8, 27), (27, 5), (31, 24), (31, 35), (31, 38), (14, 37), (33, 17), (33, 25), (33, 32)]]","[[335.9622592640691, 76.35514161644562, 410.1892194046617, 153.47954101072588, 44.74476912798611, 137.09584224326215, 225.69245337835815, 4.532627217302469, 6.642743465639857, 384.6328288570085, 52.89110919653383, 53.36095439286433, 2.4959410679854646, 80.23820782307172, 78.3791949307357, 49.919110450922176, 59.70219454492082, 17.67178336605634, 4.03274692698058, 24.14421369745971, 37.64257833150776, 46.815096769161514, 364.8653897572931, 291.86813286565484, 69.59501274670583, 68.42871386568878, 143.89073203030063, 88.3263557634566, 13.513296735742914, 90.35454610632982, 1.3142153504199694]]"
659,"[[(0, 22), (0, 23), (0, 39), (11, 19), (20, 31), (20, 32), (22, 5), (10, 15), (24, 25), (2, 32), (6, 24), (17, 7), (17, 26), (17, 29), (3, 16), (16, 6), (19, 30), (26, 28), (37, 30), (4, 2), (21, 10), (7, 12), (8, 27), (27, 5), (31, 24), (31, 35), (31, 38), (14, 37), (33, 17), (33, 25), (33, 32)]]","[[223.29711014490022, 24.16914684337095, 776.7244304264067, 112.28739824038392, 18.916463211316813, 134.30796204622436, 174.3111309387265, 1.2566996790375669, 10.181690467519603, 346.26786708324124, 48.08855562813994, 46.774311736425034, 4.92730581996139, 143.97957963398477, 58.46287008623183, 76.85187898960139, 62.69868366754923, 8.49198051349087, 4.677378420705928, 24.59663080601583, 74.49611940486196, 67.71709242784777, 277.43933142742065, 199.19866791720816, 73.2871876317381, 77.2061596432431, 30.253349184330116, 95.28631371016004, 14.382643622748144, 91.30894498658778, 8.409919682073205]]"
660,"[[(0, 22), (0, 23), (0, 39), (11, 19), (20, 31), (20, 32), (22, 5), (10, 15), (24, 25), (2, 32), (6, 24), (17, 7), (17, 26), (17, 29), (3, 16), (16, 6), (19, 30), (26, 28), (37, 30), (4, 2), (21, 10), (7, 12), (8, 27), (27, 5), (31, 24), (31, 35), (31, 38), (14, 37), (33, 17), (33, 25), (33, 32)]]","[[373.55690000715066, 52.04865904153013, 347.26458829606895, 103.56899727472673, 39.35035758388701, 135.307535534348, 217.45700705258818, 3.463106537184585, 3.442918498325728, 305.1430744472088, 55.992871167894904, 43.92205304091432, 1.7818861391307657, 147.0104802214297, 33.001184751176744, 127.38211234457772, 40.25250665038565, 8.996672656287705, 4.521969114373793, 23.29320744058838, 89.46550097659052, 30.989765753930367, 287.2785310920258, 347.0960625758252, 79.51220479506313, 51.39790560582718, 113.1118727845319, 69.82764833980426, 14.847036394996582, 84.38153476554473, 3.343660732699443]]"
661,"[[(0, 22), (0, 23), (0, 39), (11, 19), (20, 31), (20, 32), (22, 5), (10, 15), (24, 25), (2, 32), (6, 24), (17, 7), (17, 26), (17, 29), (3, 16), (16, 6), (19, 30), (26, 28), (37, 30), (4, 2), (21, 10), (7, 12), (8, 27), (27, 5), (31, 24), (31, 35), (31, 38), (14, 37), (33, 17), (33, 25), (33, 32)]]","[[254.4851964222541, 98.03079531449242, 146.14429156152121, 105.69679780808187, 28.567346581297542, 143.70105870649311, 204.94807379229746, 4.697810060325721, 18.83405321448107, 276.1471684904224, 50.203372427555145, 40.52833812853669, 1.74882985737861, 113.7381842555359, 67.65408853280391, 121.86971152809764, 40.146944305269216, 14.114193232002672, 4.3976699357467375, 23.645254754638003, 47.33668558604972, 85.17382430292288, 254.066440093657, 387.08707403593723, 73.15186925632344, 54.811008028512006, 20.29881769264639, 547.4818076608578, 14.532958476876185, 82.74956110586638, 3.1215095972177114]]"
662,"[[(0, 22), (0, 23), (0, 39), (11, 19), (20, 31), (20, 32), (22, 5), (10, 15), (24, 25), (2, 32), (6, 24), (17, 7), (17, 26), (17, 29), (3, 16), (16, 6), (19, 30), (26, 28), (37, 30), (4, 2), (21, 10), (7, 12), (8, 27), (27, 5), (31, 24), (31, 35), (31, 38), (14, 37), (33, 17), (33, 25), (33, 32)]]","[[254.82586717205342, 108.53169421991393, 119.42573760270176, 62.7317937866725, 10.975092699505176, 130.29247485253535, 225.65500341784593, 1.317659558736707, 24.456858372664684, 366.5358713768091, 50.5136155474511, 43.030336212227894, 2.2919435150747756, 100.76409764911925, 32.59150186612125, 20.62768238367846, 62.298268192926955, 8.387470356849, 3.9525767749735357, 23.47880237039215, 87.81809514510424, 65.99688838490397, 343.09093508464923, 279.69135468949366, 63.26464244553855, 84.97035999223833, 126.52852455644442, 442.24866224914894, 14.969108687966962, 77.45466348895228, 8.698139346409278]]"
663,"[[(0, 22), (0, 23), (0, 39), (11, 19), (20, 31), (20, 32), (22, 5), (10, 15), (24, 25), (2, 32), (6, 24), (17, 7), (17, 26), (17, 29), (3, 16), (16, 6), (19, 30), (26, 28), (37, 30), (4, 2), (21, 10), (7, 12), (8, 27), (27, 5), (31, 24), (31, 35), (31, 38), (14, 37), (33, 17), (33, 25), (33, 32)]]","[[380.46012078989884, 92.6687581132291, 846.9242087088867, 69.94565602599579, 28.523125677133944, 142.26496911859766, 200.3522986855746, 1.9234777086130652, 14.182587657672883, 353.1560241216189, 49.65823737668763, 43.66371418429504, 1.4027542854360036, 143.45560731395148, 44.867314377257856, 40.34029415967639, 63.12669450700799, 18.029140333190618, 3.3237328285172634, 23.677664549863497, 16.396073448453876, 68.71575769170644, 396.0746710028395, 187.6011811690638, 66.36382566965362, 48.903435233516284, 114.03633145406229, 501.1373087101131, 15.334995132240945, 83.49985949970272, 6.9050457572300035]]"
664,"[[(0, 22), (0, 23), (0, 39), (11, 19), (20, 31), (20, 32), (22, 5), (10, 15), (24, 25), (2, 32), (6, 24), (17, 7), (17, 26), (17, 29), (3, 16), (16, 6), (19, 30), (26, 28), (37, 30), (4, 2), (21, 10), (7, 12), (8, 27), (27, 5), (31, 24), (31, 35), (31, 38), (14, 37), (33, 17), (33, 25), (33, 32)]]","[[179.48186090322872, 64.86388227220789, 495.94843718188906, 100.34642433667183, 4.595306685520846, 137.99761578471774, 215.53873995821627, 3.9586158585442752, 22.515972529850163, 343.00548257425083, 50.54312214162455, 52.20847297240235, 1.54236358457918, 134.4362218223986, 48.219807086816196, 117.68593675862667, 47.26183353305848, 2.0857463755658197, 4.532836933864758, 23.347044223107293, 26.328830897908666, 23.462604296805708, 193.30574840979153, 202.70120871571856, 62.11641554191839, 65.39405178388871, 41.35068660326686, 164.5164647786023, 9.146878000834215, 83.45111556417793, 6.182271334170552]]"
665,"[[(0, 22), (0, 23), (0, 39), (11, 19), (20, 31), (20, 32), (22, 5), (10, 15), (24, 25), (2, 32), (6, 24), (17, 7), (17, 26), (17, 29), (3, 16), (16, 6), (19, 30), (26, 28), (37, 30), (4, 2), (21, 10), (7, 12), (8, 27), (27, 5), (31, 24), (31, 35), (31, 38), (14, 37), (33, 17), (33, 25), (33, 32)]]","[[135.94596360932192, 46.48800524341928, 306.9709430801876, 126.84823296251568, 47.08504904548679, 134.92946461780033, 187.79578508624013, 4.077203079035603, 6.915929349737824, 307.6435874379941, 50.91810958285572, 46.42171623381633, 1.11902624917164, 94.83075105453614, 59.24611025191494, 112.5921900374769, 67.54815343752753, 6.954148198185326, 3.467930135112371, 24.41926253671406, 85.68435278396153, 54.896244383706374, 354.38416936337694, 328.48160228410825, 81.58207754450643, 56.81645129053289, 182.09471100997374, 304.2123945138094, 15.505975466924319, 82.76048162947981, 5.267594771825219]]"
666,"[[(0, 22), (0, 23), (0, 39), (11, 19), (20, 31), (20, 32), (22, 5), (10, 15), (24, 25), (2, 32), (6, 24), (17, 7), (17, 26), (17, 29), (3, 16), (16, 6), (19, 30), (26, 28), (37, 30), (4, 2), (21, 10), (7, 12), (8, 27), (27, 5), (31, 24), (31, 35), (31, 38), (14, 37), (33, 17), (33, 25), (33, 32)]]","[[149.02830900908648, 50.662382592628774, 374.10545392416645, 96.58540206947046, 46.56393228666972, 137.80545026439475, 173.4733034507114, 2.909261612259132, 24.283966019718825, 316.7171132628773, 54.84848835450652, 44.05618938565935, 2.6313473779537353, 76.16922372575237, 48.95874683150239, 107.19909344189935, 52.19829960900664, 12.631348377192966, 4.3844332499886765, 24.355871873958957, 79.4156991995238, 64.20671077637195, 333.9478716812885, 312.56378126998663, 63.697641105670826, 49.91031576320313, 153.69027542421856, 626.690115830155, 12.581641080967938, 81.16125880671461, 7.212010834671104]]"
667,"[[(0, 22), (0, 23), (0, 39), (11, 19), (20, 31), (20, 32), (22, 5), (10, 15), (24, 25), (2, 32), (6, 24), (17, 7), (17, 26), (17, 29), (3, 16), (16, 6), (19, 30), (26, 28), (37, 30), (4, 2), (21, 10), (7, 12), (8, 27), (27, 5), (31, 24), (31, 35), (31, 38), (14, 37), (33, 17), (33, 25), (33, 32)]]","[[258.2498488260336, 61.66977874890148, 828.1957856642155, 75.32535533675258, 40.68203009610153, 136.68850157002672, 219.5996698760171, 3.2982063208717505, 10.030587912485949, 317.16006531818505, 50.59325606700773, 37.85316021390115, 3.7956193152446076, 76.13406826390664, 76.85987969097388, 74.19710301146803, 37.51693970174772, 10.658960878731603, 4.63833814034007, 24.009766031454625, 29.236406011425917, 56.83997084872142, 256.7931079029419, 341.90221199007635, 64.968697214956, 85.6553203546044, 141.07917599646342, 386.7816692657793, 13.020124666354544, 79.92649623351933, 2.132145389436639]]"
668,"[[(0, 22), (0, 23), (0, 39), (11, 19), (20, 31), (20, 32), (22, 5), (10, 15), (24, 25), (2, 32), (6, 24), (17, 7), (17, 26), (17, 29), (3, 16), (16, 6), (19, 30), (26, 28), (37, 30), (4, 2), (21, 10), (7, 12), (8, 27), (27, 5), (31, 24), (31, 35), (31, 38), (14, 37), (33, 17), (33, 25), (33, 32)]]","[[112.57680013304557, 45.32513914313991, 1012.4071050156464, 68.86033927826279, 21.281980406613506, 139.20195020105953, 178.099430390173, 4.6521189416849715, 20.864475132892935, 406.5316571618067, 49.580797195956585, 45.89444238563703, 4.946718099650649, 90.69559280213625, 43.353119132648246, 23.333689385418047, 38.96395645323952, 5.765415909762805, 4.985693863793202, 24.828948045607753, 44.00261629266418, 53.32488932921762, 156.72649801017934, 368.83757704326064, 81.33419048963566, 86.9231048978805, 99.63883674648696, 486.7243804837405, 9.34960678565338, 75.47009238339302, 2.0137793623775986]]"
669,"[[(0, 22), (0, 23), (0, 39), (11, 19), (20, 31), (20, 32), (22, 5), (10, 15), (24, 25), (2, 32), (6, 24), (17, 7), (17, 26), (17, 29), (3, 16), (16, 6), (19, 30), (26, 28), (37, 30), (4, 2), (21, 10), (7, 12), (8, 27), (27, 5), (31, 24), (31, 35), (31, 38), (14, 37), (33, 17), (33, 25), (33, 32)]]","[[171.12921015715114, 109.76175347863554, 560.3121672057739, 90.83979964824934, 32.0868426172397, 141.3240549340856, 189.61521085561748, 4.338113387202309, 6.142964951364428, 368.2359341163327, 55.908823841968626, 43.07920431997577, 2.3482932551415048, 106.77433779950867, 64.30864853811619, 109.30012683928534, 46.35658353611575, 9.739417086722131, 3.7226452388170674, 23.50879663471492, 69.71057476878121, 51.14729385369457, 282.39138971031906, 335.69172969141914, 77.13769414823211, 44.1072989245081, 35.05836441771254, 212.6778517193392, 14.970138490039261, 79.8842567506946, 1.4180582907786237]]"
670,"[[(0, 22), (0, 23), (0, 39), (11, 19), (20, 31), (20, 32), (22, 5), (10, 15), (24, 25), (2, 32), (6, 24), (17, 7), (17, 26), (17, 29), (3, 16), (16, 6), (19, 30), (26, 28), (37, 30), (4, 2), (21, 10), (7, 12), (8, 27), (27, 5), (31, 24), (31, 35), (31, 38), (14, 37), (33, 17), (33, 25), (33, 32)]]","[[301.3657146870077, 61.07748431352697, 350.8721778703619, 119.10107293168701, 32.78461828540114, 141.46804671993547, 181.87076355911796, 1.8649144658821921, 11.131372600615817, 274.02457176788056, 53.3249011312315, 42.22555451701262, 4.655202248659043, 156.4053637989636, 78.04862097159642, 38.94685628298802, 37.11965080839251, 18.76344474391381, 3.4514719035987267, 24.282782567864103, 57.126021613373844, 42.634044101260635, 404.3382627035655, 144.16468542526115, 66.86048875112174, 47.64676359964675, 172.32370250521708, 592.3717149753752, 12.11952357008675, 75.35707462590648, 7.192539601318322]]"
671,"[[(0, 22), (0, 23), (0, 39), (11, 19), (20, 31), (20, 32), (22, 5), (10, 15), (24, 25), (2, 32), (6, 24), (17, 7), (17, 26), (17, 29), (3, 16), (16, 6), (19, 30), (26, 28), (37, 30), (4, 2), (21, 10), (7, 12), (8, 27), (27, 5), (31, 24), (31, 35), (31, 38), (14, 37), (33, 17), (33, 25), (33, 32)]]","[[157.2590420063588, 41.208049452165085, 428.51879441229437, 43.55195466792086, 38.791540675006424, 132.83783605061896, 229.13544573708612, 1.5778108918218794, 15.989156579873049, 324.435071247334, 49.31953325927148, 40.308389363487485, 2.6091990998139534, 68.2950552795327, 33.9157578747614, 69.11167553988139, 46.70687745674069, 7.921254899189287, 3.983557847060884, 24.148854989179636, 12.642351231159035, 55.20399404385339, 194.38999284934283, 208.8139435591715, 72.34345280595038, 42.53403817636216, 96.77952483029583, 378.2045701796302, 15.517301651772055, 89.55475972398503, 7.447655816140215]]"
672,"[[(0, 22), (0, 23), (0, 39), (11, 19), (20, 31), (20, 32), (22, 5), (10, 15), (24, 25), (2, 32), (6, 24), (17, 7), (17, 26), (17, 29), (3, 16), (16, 6), (19, 30), (26, 28), (37, 30), (4, 2), (21, 10), (7, 12), (8, 27), (27, 5), (31, 24), (31, 35), (31, 38), (14, 37), (33, 17), (33, 25), (33, 32)]]","[[259.8953401898515, 58.30331547238772, 113.8954031370287, 89.5055441146176, 40.34820005933637, 130.28862987302296, 188.27920878011625, 2.116810701916107, 3.7366471256541898, 337.26982632300314, 52.85021450589044, 51.05974252097674, 3.6771343611825205, 118.01146589259031, 53.6199102617505, 50.89074754279807, 45.735316793441086, 11.963046878181055, 4.937953756499098, 23.517152896076734, 74.24909121780333, 49.33737363614536, 144.23761521260377, 397.6852966827489, 68.64707634032825, 89.46848820020004, 54.50527564397224, 307.43373908348303, 11.253013148930883, 78.87227161559183, 7.235458917718161]]"
673,"[[(0, 22), (0, 23), (0, 39), (11, 19), (20, 31), (20, 32), (22, 5), (10, 15), (24, 25), (2, 32), (6, 24), (17, 7), (17, 26), (17, 29), (3, 16), (16, 6), (19, 30), (26, 28), (37, 30), (4, 2), (21, 10), (7, 12), (8, 27), (27, 5), (31, 24), (31, 35), (31, 38), (14, 37), (33, 17), (33, 25), (33, 32)]]","[[148.48814636381775, 62.680841121415085, 449.822440121934, 163.39332689643675, 10.335661547206579, 139.2681290818267, 197.30596635710435, 4.9146446953422975, 14.189813500974196, 326.25112481831894, 52.512583144048016, 51.47565116470995, 1.3028316874122443, 153.29554628084338, 73.09364624763393, 108.70747554712133, 59.01044948857922, 2.11057830076782, 3.4786812221490817, 23.460688528112602, 76.65307573971772, 74.19023534591486, 364.32479269088185, 359.74270002296697, 66.2742936834276, 83.55370711000047, 93.7224847613842, 162.68686275145745, 14.547275472150673, 92.71205947334933, 2.1900701608339457]]"
674,"[[(0, 22), (0, 23), (0, 39), (11, 19), (20, 31), (20, 32), (22, 5), (10, 15), (24, 25), (2, 32), (6, 24), (17, 7), (17, 26), (17, 29), (3, 16), (16, 6), (19, 30), (26, 28), (37, 30), (4, 2), (21, 10), (7, 12), (8, 27), (27, 5), (31, 24), (31, 35), (31, 38), (14, 37), (33, 17), (33, 25), (33, 32)]]","[[376.5630187575623, 77.15219668634398, 318.3155309048128, 116.48023754333113, 21.6298333336427, 143.8853444921098, 213.83577576076067, 1.7855760822253743, 6.068779362686886, 268.04466640745346, 54.56874302915906, 39.80931381657913, 3.393079406511695, 73.13304776485138, 31.377821075168235, 31.410886363756497, 47.151604485970985, 12.586248641330291, 3.9557555188871127, 24.01750548103213, 68.34435899831266, 49.05052278077243, 328.955167100986, 189.16356209647125, 73.88125292128869, 104.49805273600967, 164.07718694105057, 243.53430284603277, 8.005667002414635, 81.64001936957031, 2.283246442672416]]"
675,"[[(0, 22), (0, 23), (0, 39), (11, 19), (20, 31), (20, 32), (22, 5), (10, 15), (24, 25), (2, 32), (6, 24), (17, 7), (17, 26), (17, 29), (3, 16), (16, 6), (19, 30), (26, 28), (37, 30), (4, 2), (21, 10), (7, 12), (8, 27), (27, 5), (31, 24), (31, 35), (31, 38), (14, 37), (33, 17), (33, 25), (33, 32)]]","[[178.24997892612924, 55.9764407892903, 672.2373134513923, 39.330021772477195, 15.391446214979442, 134.03536632419537, 209.1737412149236, 4.251596546344282, 10.462811140959385, 266.28449983030896, 53.79544929750579, 52.43510580113505, 1.7726003522019171, 94.35234576214101, 58.28774296408908, 35.45628723543703, 53.372675436640364, 7.965543161567498, 3.0360019691164237, 24.236034056457136, 72.7370326948829, 60.79332891735692, 332.43317104676044, 373.4271384888722, 77.33021863107713, 49.36876359214352, 170.07741031723805, 514.2984226167512, 10.735785191823352, 93.33771183194862, 4.130991753442101]]"
676,"[[(0, 22), (0, 23), (0, 39), (11, 19), (20, 31), (20, 32), (22, 5), (10, 15), (24, 25), (2, 32), (6, 24), (17, 7), (17, 26), (17, 29), (3, 16), (16, 6), (19, 30), (26, 28), (37, 30), (4, 2), (21, 10), (7, 12), (8, 27), (27, 5), (31, 24), (31, 35), (31, 38), (14, 37), (33, 17), (33, 25), (33, 32)]]","[[161.704531667492, 92.17702934613885, 692.3336365392635, 79.36293593077076, 13.024623975677896, 133.0366654350504, 212.21954274044114, 1.6707841392513902, 24.847160806283863, 333.2112785758645, 50.63117931830341, 53.68708287400962, 4.988155173574661, 89.36167473123685, 34.278323398078655, 92.9910350902858, 40.25836778584191, 16.234675946121513, 3.112078761731858, 23.26001607950806, 17.37504835103165, 42.63277346063286, 272.89321923704915, 311.3413184904436, 59.34356061591621, 77.5466761805009, 80.81594295746419, 410.1600924079467, 15.854343903648733, 80.83892218561995, 2.6902754968087113]]"
677,"[[(0, 22), (0, 23), (0, 39), (11, 19), (20, 31), (20, 32), (22, 5), (10, 15), (24, 25), (2, 32), (6, 24), (17, 7), (17, 26), (17, 29), (3, 16), (16, 6), (19, 30), (26, 28), (37, 30), (4, 2), (21, 10), (7, 12), (8, 27), (27, 5), (31, 24), (31, 35), (31, 38), (14, 37), (33, 17), (33, 25), (33, 32)]]","[[265.23394517815757, 48.19100473862348, 84.53357104149792, 68.9525676377722, 46.464984485731634, 143.75336294865235, 198.32687868444384, 2.1084749270737397, 7.566885480451389, 406.43206867332907, 53.53778511848684, 39.252196680609366, 2.8390912332854823, 58.513287690352726, 38.932362879658726, 116.87455312909447, 40.9199957627254, 18.596706470649234, 3.5966370811909227, 24.34649147456522, 75.42087109029274, 56.86166354574532, 130.79248268237066, 307.69040892815343, 81.077942022332, 42.90425657793464, 119.5506158791843, 530.9630128013634, 11.525046688062158, 79.16069478519785, 1.866274749222053]]"
678,"[[(0, 22), (0, 23), (0, 39), (11, 19), (20, 31), (20, 32), (22, 5), (10, 15), (24, 25), (2, 32), (6, 24), (17, 7), (17, 26), (17, 29), (3, 16), (16, 6), (19, 30), (26, 28), (37, 30), (4, 2), (21, 10), (7, 12), (8, 27), (27, 5), (31, 24), (31, 35), (31, 38), (14, 37), (33, 17), (33, 25), (33, 32)]]","[[261.3411437876448, 81.93983330459743, 754.9544147519633, 51.75529358112051, 25.456398186754832, 137.97616614290502, 183.54768924893844, 2.091471535532794, 14.324911996764802, 276.2027006366643, 51.63728558886173, 44.61594265566548, 4.493199845383593, 132.63077722356533, 36.19387682239777, 34.87632107398008, 66.79374940479268, 12.883278093694695, 4.5693044345469325, 24.820652183140112, 28.885427606201084, 61.49910732448221, 329.44069247697723, 232.39971198710083, 65.06794617649238, 52.57551211978624, 30.148133551160864, 147.78298410024408, 14.956928090954106, 76.02363881529453, 4.156541056577099]]"
679,"[[(0, 22), (0, 23), (0, 39), (11, 19), (20, 31), (20, 32), (22, 5), (10, 15), (24, 25), (2, 32), (6, 24), (17, 7), (17, 26), (17, 29), (3, 16), (16, 6), (19, 30), (26, 28), (37, 30), (4, 2), (21, 10), (7, 12), (8, 27), (27, 5), (31, 24), (31, 35), (31, 38), (14, 37), (33, 17), (33, 25), (33, 32)]]","[[343.4112556104054, 43.33797236025685, 226.47199113721672, 79.9547987276458, 36.902081249324105, 135.25854594293406, 185.25272510636773, 2.968804353355644, 20.439585325954635, 358.3732066852043, 48.719865272412164, 52.46879633436382, 4.012844315261479, 115.66992708788355, 28.40701474325292, 75.3254484492569, 57.56096376263085, 3.7851628555765338, 3.2727922258400852, 24.84582105077592, 67.45250965126776, 47.915170383032915, 411.4413507533988, 222.26433902038124, 80.77838975135802, 99.98131118463252, 40.77767863312758, 485.5321308067721, 12.120379247739837, 93.62043544559913, 1.797113022856692]]"
680,"[[(0, 22), (0, 23), (0, 39), (11, 19), (20, 31), (20, 32), (22, 5), (10, 15), (24, 25), (2, 32), (6, 24), (17, 7), (17, 26), (17, 29), (3, 16), (16, 6), (19, 30), (26, 28), (37, 30), (4, 2), (21, 10), (7, 12), (8, 27), (27, 5), (31, 24), (31, 35), (31, 38), (14, 37), (33, 17), (33, 25), (33, 32)]]","[[146.305849865382, 70.30271683245563, 1141.4155560842016, 148.16710953872058, 3.663845389767805, 131.17111002342108, 179.06900470977513, 4.284710362004628, 22.708127643323685, 389.3611916286563, 53.748813274254296, 39.98493217322855, 1.5286116592067276, 60.54160905248064, 63.005953681199735, 32.50117120410715, 62.279037602795285, 5.248128032727378, 3.0377729334526435, 23.733806750188982, 15.642268133422567, 22.415572928064442, 351.59230782509724, 273.27922393535084, 65.56784353452016, 106.43248586048156, 16.78585127498607, 462.7448924695921, 8.059425042688495, 78.0938287001421, 2.877411829501326]]"
681,"[[(0, 22), (0, 23), (0, 39), (11, 19), (20, 31), (20, 32), (22, 5), (10, 15), (24, 25), (2, 32), (6, 24), (17, 7), (17, 26), (17, 29), (3, 16), (16, 6), (19, 30), (26, 28), (37, 30), (4, 2), (21, 10), (7, 12), (8, 27), (27, 5), (31, 24), (31, 35), (31, 38), (14, 37), (33, 17), (33, 25), (33, 32)]]","[[120.46844082723422, 35.602816050552, 332.7283731138022, 68.04867035454276, 40.97140434121592, 143.17956819849593, 227.9742324013944, 4.785860376260278, 20.05052596161985, 339.6877769513759, 55.593449092792, 40.39732166056916, 4.1862450564511935, 48.01569108949661, 64.2994824404736, 117.93320467972725, 43.723571132813554, 12.522860417925804, 3.1870321795407976, 24.048256794837396, 42.51431553763641, 69.8556470176976, 104.09217007022576, 321.20088861785956, 66.67099837009904, 47.14773502031706, 52.05088017845972, 230.6978566451305, 12.80608987221699, 90.8510718348831, 5.831459117295529]]"
682,"[[(0, 22), (0, 23), (0, 39), (11, 19), (20, 31), (20, 32), (22, 5), (10, 15), (24, 25), (2, 32), (6, 24), (17, 7), (17, 26), (17, 29), (3, 16), (16, 6), (19, 30), (26, 28), (37, 30), (4, 2), (21, 10), (7, 12), (8, 27), (27, 5), (31, 24), (31, 35), (31, 38), (14, 37), (33, 17), (33, 25), (33, 32)]]","[[186.8578409452321, 28.416741987325377, 201.83173189800178, 51.93262287151718, 31.728300258524385, 133.3796292653118, 207.33305696758828, 3.0056369357559314, 9.546818547589982, 285.0379870338764, 48.3857081479711, 43.470662375260986, 2.4375988546585003, 129.42394912787748, 44.45510560440941, 35.41279004070486, 45.59578677718642, 16.79956795829853, 3.8542049958374234, 23.555166551354166, 12.117640584866876, 76.16718996482564, 357.17709990806117, 171.71882082837354, 68.52847427324818, 67.348488822726, 86.42240291547357, 242.9632855679544, 12.126463265641702, 78.45575686751513, 1.8706159607188324]]"
683,"[[(0, 22), (0, 23), (0, 39), (11, 19), (20, 31), (20, 32), (22, 5), (10, 15), (24, 25), (2, 32), (6, 24), (17, 7), (17, 26), (17, 29), (3, 16), (16, 6), (19, 30), (26, 28), (37, 30), (4, 2), (21, 10), (7, 12), (8, 27), (27, 5), (31, 24), (31, 35), (31, 38), (14, 37), (33, 17), (33, 25), (33, 32)]]","[[315.1454706088333, 64.11760387023759, 53.70326793381625, 125.63050354005473, 11.73242449446002, 136.73492253452105, 173.9579999338437, 2.882533941736484, 19.529410269505394, 409.5582381451677, 54.160505406603605, 53.131709662701695, 4.545707354674784, 91.43518315295395, 49.69235954521764, 24.306444810608085, 45.03181106070198, 6.900466288639165, 4.3584467547003545, 24.31401985653994, 71.58477542390432, 76.36238664927214, 100.46109598503756, 197.09615903708817, 62.255461353089366, 66.21694380599328, 126.063907769559, 559.5969856586742, 10.568473386054425, 75.40831116134301, 7.997265889708246]]"
684,"[[(0, 22), (0, 23), (0, 39), (11, 19), (20, 31), (20, 32), (22, 5), (10, 15), (24, 25), (2, 32), (6, 24), (17, 7), (17, 26), (17, 29), (3, 16), (16, 6), (19, 30), (26, 28), (37, 30), (4, 2), (21, 10), (7, 12), (8, 27), (27, 5), (31, 24), (31, 35), (31, 38), (14, 37), (33, 17), (33, 25), (33, 32)]]","[[175.1864951779747, 111.95517392305808, 58.36994313263291, 70.8406358400984, 11.298628695913637, 136.87410277446176, 231.7516074422557, 1.1870674097756764, 17.04795251210126, 312.9163391449758, 48.88657858062935, 53.81570145962313, 2.532505413633726, 91.42932147137213, 29.194820338947935, 88.17469742584593, 55.85849280082431, 12.677310970131822, 3.440882054662947, 24.93746197391997, 66.60229947399924, 52.4861743868664, 408.16853442065536, 194.64898483447797, 71.18779925049104, 98.20035748304706, 15.031487537070845, 293.2648940853335, 13.464673338384209, 91.4551290512309, 3.269703206475314]]"
685,"[[(0, 22), (0, 23), (0, 39), (11, 19), (20, 31), (20, 32), (22, 5), (10, 15), (24, 25), (2, 32), (6, 24), (17, 7), (17, 26), (17, 29), (3, 16), (16, 6), (19, 30), (26, 28), (37, 30), (4, 2), (21, 10), (7, 12), (8, 27), (27, 5), (31, 24), (31, 35), (31, 38), (14, 37), (33, 17), (33, 25), (33, 32)]]","[[276.6133048030489, 30.83936482273028, 1000.237161373392, 152.59968976771145, 27.473042777934694, 130.7803416356291, 218.38123582387405, 3.4263795282318252, 0.961586705917248, 268.3587107618641, 54.25285131177845, 38.990844159174145, 4.793518086558231, 155.4923450048958, 78.61676045190518, 105.91483540613746, 47.74324083730287, 10.40953836989578, 3.7461522911559184, 24.88933158762517, 56.73564977563893, 68.60408428607732, 372.06560205182654, 396.26025323032593, 68.94787273240063, 43.50329079176019, 135.84350514613203, 373.89036303459795, 8.851559747666236, 82.82947046139292, 7.494084036638036]]"
686,"[[(0, 22), (0, 23), (0, 39), (11, 19), (20, 31), (20, 32), (22, 5), (10, 15), (24, 25), (2, 32), (6, 24), (17, 7), (17, 26), (17, 29), (3, 16), (16, 6), (19, 30), (26, 28), (37, 30), (4, 2), (21, 10), (7, 12), (8, 27), (27, 5), (31, 24), (31, 35), (31, 38), (14, 37), (33, 17), (33, 25), (33, 32)]]","[[180.07953708519372, 50.72719710466788, 1063.8955949188248, 63.19067480718955, 4.746597676128951, 140.8900268978681, 174.16443537609084, 4.25502590871959, 10.443043911893461, 282.8516196984677, 54.749881227916966, 45.74577525443578, 4.5187524346640835, 50.96526504826946, 31.31756407399112, 118.76192694979453, 48.51114057182234, 11.619945025444233, 4.26449567592369, 23.720872911419004, 64.86596594558235, 23.10680718912808, 284.9111932004119, 231.20726383885523, 64.3332355081499, 87.49420013136526, 123.67011082890646, 513.5299300479387, 10.115293218334584, 93.220439561121, 8.17493462938144]]"
687,"[[(0, 22), (0, 23), (0, 39), (11, 19), (20, 31), (20, 32), (22, 5), (10, 15), (24, 25), (2, 32), (6, 24), (17, 7), (17, 26), (17, 29), (3, 16), (16, 6), (19, 30), (26, 28), (37, 30), (4, 2), (21, 10), (7, 12), (8, 27), (27, 5), (31, 24), (31, 35), (31, 38), (14, 37), (33, 17), (33, 25), (33, 32)]]","[[226.46005818858836, 71.91907484763452, 476.89718679033376, 54.019612107930186, 31.90898500527044, 131.3834272471493, 177.54652352144004, 3.477004802097449, 17.791917634834554, 307.10481637596587, 49.18335291756145, 45.015644484051755, 4.631673584437467, 97.66684906892388, 35.39576565598746, 77.91400116902537, 39.98142163318023, 12.81784996630347, 3.7877334410431542, 23.044161180601186, 53.34196881282264, 37.21463196447916, 270.8732276746985, 354.0198209998112, 66.04213690240323, 37.11097674894332, 178.2395923695893, 192.94785419074586, 11.796980775178302, 93.77832862926796, 6.878347630895344]]"
688,"[[(0, 22), (0, 23), (0, 39), (11, 19), (20, 31), (20, 32), (22, 5), (10, 15), (24, 25), (2, 32), (6, 24), (17, 7), (17, 26), (17, 29), (3, 16), (16, 6), (19, 30), (26, 28), (37, 30), (4, 2), (21, 10), (7, 12), (8, 27), (27, 5), (31, 24), (31, 35), (31, 38), (14, 37), (33, 17), (33, 25), (33, 32)]]","[[297.4983404417164, 116.35686338861095, 134.98269733719275, 49.13419691211473, 48.0687152775375, 130.95096861892222, 186.48245163191626, 2.9531423262254077, 11.307504378853832, 312.85461309092733, 49.63948516268551, 39.451530602867635, 2.1435516287446212, 134.95534135722792, 78.5469082921143, 108.99676837649518, 47.13949093380047, 11.587586109800794, 3.5509395036678524, 24.736451365786404, 29.71468302332191, 41.92960682652728, 129.91776726218527, 364.45256445400605, 63.98566332913147, 76.18802210915828, 126.29516954657662, 195.09183350304275, 12.403691896388816, 89.1805483792044, 2.6756568136779695]]"
689,"[[(0, 22), (0, 23), (0, 39), (11, 19), (20, 31), (20, 32), (22, 5), (10, 15), (24, 25), (2, 32), (6, 24), (17, 7), (17, 26), (17, 29), (3, 16), (16, 6), (19, 30), (26, 28), (37, 30), (4, 2), (21, 10), (7, 12), (8, 27), (27, 5), (31, 24), (31, 35), (31, 38), (14, 37), (33, 17), (33, 25), (33, 32)]]","[[170.71346461911966, 22.777113769609826, 50.79282702026718, 53.839722709629875, 33.25457800615352, 140.04332044620855, 225.93649596281512, 4.461268769015696, 7.24676531193604, 393.21364864370105, 50.986430599168024, 41.68581071441214, 1.4425869452995053, 126.0169395438885, 47.44970645520826, 102.26901784645214, 41.063124937926176, 13.044826213010207, 4.037955530117064, 24.895194053980575, 31.0919974910798, 69.47477578565717, 400.59873896906146, 376.2076450194926, 63.57767409795733, 47.948400751948945, 176.02192136436648, 344.24849832056873, 12.361191887528602, 87.44988611654833, 3.140052845366583]]"
690,"[[(0, 22), (0, 23), (0, 39), (11, 19), (20, 31), (20, 32), (22, 5), (10, 15), (24, 25), (2, 32), (6, 24), (17, 7), (17, 26), (17, 29), (3, 16), (16, 6), (19, 30), (26, 28), (37, 30), (4, 2), (21, 10), (7, 12), (8, 27), (27, 5), (31, 24), (31, 35), (31, 38), (14, 37), (33, 17), (33, 25), (33, 32)]]","[[143.9017802348172, 112.94347361439137, 846.0199774409716, 41.96933243163315, 33.21035933237617, 141.97155499558673, 172.19763807628937, 4.704032195161105, 1.9735511014889875, 346.7841766800908, 55.78533580833264, 41.00176972076643, 1.4849618670793978, 150.26633614055652, 33.09377156784804, 118.22542088365061, 70.07835121246687, 3.453053675125477, 4.852018447628228, 24.72790273546689, 46.099785377829576, 82.40472724173246, 165.67318002831067, 161.9005962999277, 64.46868378880363, 78.03808188114184, 141.6820158345572, 251.1198378057599, 10.962497086851322, 85.56473017470216, 4.563554948758447]]"
691,"[[(0, 22), (0, 23), (0, 39), (11, 19), (20, 31), (20, 32), (22, 5), (10, 15), (24, 25), (2, 32), (6, 24), (17, 7), (17, 26), (17, 29), (3, 16), (16, 6), (19, 30), (26, 28), (37, 30), (4, 2), (21, 10), (7, 12), (8, 27), (27, 5), (31, 24), (31, 35), (31, 38), (14, 37), (33, 17), (33, 25), (33, 32)]]","[[133.16028640486923, 46.45511527535963, 407.48866801950845, 90.70252005346947, 10.072829757007787, 136.6297124490188, 184.6635812894272, 2.3138583889225823, 18.299969107519665, 394.8166218052657, 48.454251562924945, 45.73151854622329, 2.535699542277758, 137.12430573930112, 78.78403743100857, 126.53374510885624, 45.177056168610044, 7.970953861309247, 4.605625237152465, 24.645531197289397, 49.78573380554264, 35.48782569703435, 105.24108331379607, 242.6012856989929, 64.15436217564323, 98.67108204491932, 138.50484574734193, 270.8056536478844, 12.680320295848823, 77.62242086541559, 1.1859257672144707]]"
692,"[[(0, 22), (0, 23), (0, 39), (11, 19), (20, 31), (20, 32), (22, 5), (10, 15), (24, 25), (2, 32), (6, 24), (17, 7), (17, 26), (17, 29), (3, 16), (16, 6), (19, 30), (26, 28), (37, 30), (4, 2), (21, 10), (7, 12), (8, 27), (27, 5), (31, 24), (31, 35), (31, 38), (14, 37), (33, 17), (33, 25), (33, 32)]]","[[222.79078279522315, 31.86107287754299, 1131.9228619042158, 134.75661630608516, 17.473443606716547, 132.78899478977434, 191.60574087607986, 3.8103334228225556, 13.016993333423592, 375.257944215783, 51.814195282684615, 44.262717687220814, 3.855970102456719, 114.93468680123135, 56.17646011153129, 109.73033028367752, 68.64688259483228, 9.255679146203212, 3.2439965990974815, 23.510371240004293, 75.84891787531798, 33.01666185616487, 100.75326255128005, 147.63519572374074, 71.01218803816971, 46.33264491049192, 29.550711686064012, 142.11528583023323, 11.856428609520188, 77.42677188834243, 2.110776516934063]]"
693,"[[(0, 22), (0, 23), (0, 39), (11, 19), (20, 31), (20, 32), (22, 5), (10, 15), (24, 25), (2, 32), (6, 24), (17, 7), (17, 26), (17, 29), (3, 16), (16, 6), (19, 30), (26, 28), (37, 30), (4, 2), (21, 10), (7, 12), (8, 27), (27, 5), (31, 24), (31, 35), (31, 38), (14, 37), (33, 17), (33, 25), (33, 32)]]","[[139.85494616308583, 39.98100662088345, 341.2142081189098, 127.66338228268032, 9.024691152838273, 136.3372145961059, 218.56582698560524, 4.076036489461723, 19.92364217484025, 283.241173669222, 51.69544995359479, 41.860393094703426, 1.1271880687486413, 109.45922458264369, 46.959284384864944, 38.364024414502296, 51.144345434522236, 15.813814250768045, 4.591160797010915, 23.85620725513606, 67.02784524777675, 66.42446757019623, 305.4450667512513, 395.28178003327116, 80.59419802445521, 46.49841892680071, 47.76338030480614, 568.8057044571913, 9.764028555935036, 75.39974599547655, 7.865798889914544]]"
694,"[[(0, 22), (0, 23), (0, 39), (11, 19), (20, 31), (20, 32), (22, 5), (10, 15), (24, 25), (2, 32), (6, 24), (17, 7), (17, 26), (17, 29), (3, 16), (16, 6), (19, 30), (26, 28), (37, 30), (4, 2), (21, 10), (7, 12), (8, 27), (27, 5), (31, 24), (31, 35), (31, 38), (14, 37), (33, 17), (33, 25), (33, 32)]]","[[96.86386618025092, 84.7009266363111, 280.1688483320115, 164.32498096592207, 18.52545786801557, 137.11755895346826, 228.0196289992814, 2.482260364440655, 9.90429941748816, 374.37454649537835, 55.41159758097558, 50.741885188137196, 3.3469757547719374, 138.74537092076787, 62.93926080063625, 51.51551630309659, 55.57690960772394, 8.419109234650794, 3.3355379889656334, 23.1357484873248, 88.76860444951564, 62.87408765783536, 238.20869731963666, 213.12609675925373, 65.7991884986642, 85.82248266402988, 92.9753781706743, 320.8754206415288, 15.679383514253091, 94.31753684130794, 5.8303047967277495]]"
695,"[[(0, 22), (0, 23), (0, 39), (11, 19), (20, 31), (20, 32), (22, 5), (10, 15), (24, 25), (2, 32), (6, 24), (17, 7), (17, 26), (17, 29), (3, 16), (16, 6), (19, 30), (26, 28), (37, 30), (4, 2), (21, 10), (7, 12), (8, 27), (27, 5), (31, 24), (31, 35), (31, 38), (14, 37), (33, 17), (33, 25), (33, 32)]]","[[195.52525757182474, 49.70309158842947, 752.2895567072585, 102.1999521345213, 41.69004625508456, 140.99379046522233, 227.0130095617786, 3.1298020620723355, 22.83364359431768, 354.33704305412385, 54.3615722251408, 36.30324612912158, 2.7777119622053936, 114.04128546152373, 47.99106531070263, 67.2906012631303, 43.52491986120687, 16.503090877649058, 4.838833917102188, 23.196360480381927, 30.967982968477536, 47.613463684103614, 194.44661811045813, 334.17561468949475, 74.82137694301238, 93.6449070410714, 96.8199596573546, 270.4378303769834, 8.82456060667359, 80.39275464260075, 5.383266828607863]]"
696,"[[(0, 22), (0, 23), (0, 39), (11, 19), (20, 31), (20, 32), (22, 5), (10, 15), (24, 25), (2, 32), (6, 24), (17, 7), (17, 26), (17, 29), (3, 16), (16, 6), (19, 30), (26, 28), (37, 30), (4, 2), (21, 10), (7, 12), (8, 27), (27, 5), (31, 24), (31, 35), (31, 38), (14, 37), (33, 17), (33, 25), (33, 32)]]","[[335.65454777567993, 54.026706405537055, 219.49419702992776, 101.0407733115403, 11.015638730953125, 138.99163579071475, 203.22796278248367, 3.2473129873757522, 8.445025787819358, 280.4591511542812, 52.937225065174125, 52.47005639115028, 2.5661581369074447, 142.8453906794918, 50.04812893553739, 36.5283470398532, 53.877451741604844, 4.281296980955645, 4.473459711912472, 23.483779953366934, 14.770643327276824, 47.89482246372783, 307.6829014137831, 288.2692667230871, 81.87867143209428, 88.86747957252385, 73.12188565610745, 429.7335760719255, 15.843678791211314, 75.17654152131786, 2.694412728161777]]"
697,"[[(0, 22), (0, 23), (0, 39), (11, 19), (20, 31), (20, 32), (22, 5), (10, 15), (24, 25), (2, 32), (6, 24), (17, 7), (17, 26), (17, 29), (3, 16), (16, 6), (19, 30), (26, 28), (37, 30), (4, 2), (21, 10), (7, 12), (8, 27), (27, 5), (31, 24), (31, 35), (31, 38), (14, 37), (33, 17), (33, 25), (33, 32)]]","[[223.12872446258723, 82.69093676314216, 545.5612044196454, 153.1424070206375, 41.519325775969364, 132.40715695448256, 177.6821825029822, 3.061828727472066, 16.16026009484803, 352.75770723272296, 54.87242592061562, 43.79448428614322, 4.143371928246635, 134.80977635782006, 31.442879816611235, 123.10617610950328, 48.77289825789792, 2.2724094971563233, 4.45868405026079, 23.135490099344953, 32.9069954842885, 17.951604635714787, 178.46718038718163, 144.65772959635606, 67.89946972354532, 84.59013358133227, 110.13307657860996, 404.2412571460215, 9.220026330946949, 84.85728499378142, 5.181196004709118]]"
698,"[[(0, 22), (0, 23), (0, 39), (11, 19), (20, 31), (20, 32), (22, 5), (10, 15), (24, 25), (2, 32), (6, 24), (17, 7), (17, 26), (17, 29), (3, 16), (16, 6), (19, 30), (26, 28), (37, 30), (4, 2), (21, 10), (7, 12), (8, 27), (27, 5), (31, 24), (31, 35), (31, 38), (14, 37), (33, 17), (33, 25), (33, 32)]]","[[223.6289018385839, 61.58198180257236, 190.8817977788564, 98.645323344024, 29.571499421699862, 131.08587255355326, 196.72766749221762, 3.9593413216112623, 1.319509496545752, 305.1294974305591, 49.84981584786533, 38.490326581002506, 4.092640995995917, 106.7749109453899, 41.766019340068894, 108.5443786738943, 67.15833997999158, 3.780593951224196, 3.234598818308293, 24.760719297215665, 81.0123240780156, 29.12491169003839, 299.38512140386797, 340.6210193132529, 68.34920363960424, 94.4225010941953, 138.29524475259592, 473.45383170779127, 11.39412343590228, 90.2893813295235, 7.38294667696571]]"
699,"[[(0, 22), (0, 23), (0, 39), (11, 19), (20, 31), (20, 32), (22, 5), (10, 15), (24, 25), (2, 32), (6, 24), (17, 7), (17, 26), (17, 29), (3, 16), (16, 6), (19, 30), (26, 28), (37, 30), (4, 2), (21, 10), (7, 12), (8, 27), (27, 5), (31, 24), (31, 35), (31, 38), (14, 37), (33, 17), (33, 25), (33, 32)]]","[[104.27676541596743, 24.13323683220989, 47.31273150365172, 124.89063870326484, 38.544074532118294, 141.46945886827643, 200.8830318213572, 2.358379200625657, 8.74416006353034, 312.2857033909838, 48.08000411834921, 36.3727343797317, 1.5104331876152028, 102.30087832074011, 76.07931528791266, 85.937529778996, 47.88434374755979, 6.445320759722122, 4.2330560235388015, 24.725337592014178, 8.75557175020856, 17.040096391813428, 240.6629490353239, 307.70036196040024, 71.61564550234158, 35.30333236613401, 66.04879219071381, 211.25861456569376, 13.060058086697978, 78.63466423382481, 3.0132300900971183]]"
700,"[[(0, 22), (0, 23), (0, 39), (11, 19), (20, 31), (20, 32), (22, 5), (10, 15), (24, 25), (2, 32), (6, 24), (17, 7), (17, 26), (17, 29), (3, 16), (16, 6), (19, 30), (26, 28), (37, 30), (4, 2), (21, 10), (7, 12), (8, 27), (27, 5), (31, 24), (31, 35), (31, 38), (14, 37), (33, 17), (33, 25), (33, 32)]]","[[176.67840385301594, 98.11763985827452, 90.36604944138027, 86.71241416622561, 18.874880303343126, 137.9240451841849, 208.02091753644746, 2.626603280383161, 6.942551190314857, 376.1887104636171, 54.445490979546804, 48.97009444798102, 4.692279775434505, 138.08729739373308, 70.63030586147886, 52.87526767207214, 63.072169328419704, 17.498724612758007, 3.7393301591259793, 23.669254902152247, 11.242690727360184, 32.81467160834061, 398.6786370064559, 374.6445530130569, 75.08332580971286, 87.78293770875639, 169.85464396044017, 351.63936585329145, 15.005455955336856, 90.12880681184762, 7.314835308746338]]"
701,"[[(0, 22), (0, 23), (0, 39), (11, 19), (20, 31), (20, 32), (22, 5), (10, 15), (24, 25), (2, 32), (6, 24), (17, 7), (17, 26), (17, 29), (3, 16), (16, 6), (19, 30), (26, 28), (37, 30), (4, 2), (21, 10), (7, 12), (8, 27), (27, 5), (31, 24), (31, 35), (31, 38), (14, 37), (33, 17), (33, 25), (33, 32)]]","[[232.519691878906, 89.48870159368025, 842.0267329529836, 87.43580627287383, 41.59339268860185, 136.60764247189528, 181.34158190007446, 1.9912159880957447, 0.5177440044501889, 345.446104559453, 54.767093383825795, 42.13270261077025, 1.5132190586860093, 96.3237160511169, 46.45880935198777, 54.1744983488626, 46.97402092800175, 11.229791160169997, 4.4187033786686305, 23.45305451958458, 52.61447648501955, 21.766005780805934, 356.99558366741405, 241.6080460863799, 61.63449803308176, 67.46195000814511, 100.1123709003536, 70.7666645396618, 10.554072804681166, 83.3951778871182, 7.393804388441175]]"
702,"[[(0, 22), (0, 23), (0, 39), (11, 19), (20, 31), (20, 32), (22, 5), (10, 15), (24, 25), (2, 32), (6, 24), (17, 7), (17, 26), (17, 29), (3, 16), (16, 6), (19, 30), (26, 28), (37, 30), (4, 2), (21, 10), (7, 12), (8, 27), (27, 5), (31, 24), (31, 35), (31, 38), (14, 37), (33, 17), (33, 25), (33, 32)]]","[[188.87406709617323, 88.49152751531719, 540.7630507408431, 51.51714821500893, 35.708649352404045, 131.72987825463295, 212.8109271455877, 1.3669287322827395, 0.5719253220812579, 279.13530874464067, 50.82451559471032, 46.56684374863766, 3.941694604285561, 109.8056467980278, 47.39995737843212, 45.78895554639693, 61.532863137828016, 7.629355385728817, 4.354371167335615, 24.158860395721675, 57.58820448295363, 49.07769209047176, 70.40853123325643, 250.80508653240418, 63.39882734576128, 71.60728766068644, 183.4866952300236, 589.4217714910804, 8.24404680394094, 93.53157467447281, 1.2748911954710147]]"
703,"[[(0, 22), (0, 23), (0, 39), (11, 19), (20, 31), (20, 32), (22, 5), (10, 15), (24, 25), (2, 32), (6, 24), (17, 7), (17, 26), (17, 29), (3, 16), (16, 6), (19, 30), (26, 28), (37, 30), (4, 2), (21, 10), (7, 12), (8, 27), (27, 5), (31, 24), (31, 35), (31, 38), (14, 37), (33, 17), (33, 25), (33, 32)]]","[[311.5034631933745, 113.1299820593588, 105.18496576660038, 92.5482722428616, 20.601306088253516, 131.63131292913673, 188.73166188597403, 1.8153514968612785, 8.369115016515062, 334.8702628347952, 49.6412603068188, 50.93419684739088, 2.0350688589616204, 49.19001428090457, 75.37219065206186, 56.621617755417674, 48.800072376561204, 18.96328167661818, 4.516882935506759, 24.73930594243824, 83.58129552775915, 25.38776475948966, 171.16633755589083, 280.4370111507727, 74.87591150189279, 67.99405684525065, 43.877236707340415, 184.6375129858273, 9.505712036049566, 83.85406211168196, 1.409632695517761]]"
704,"[[(0, 22), (0, 23), (0, 39), (11, 19), (20, 31), (20, 32), (22, 5), (10, 15), (24, 25), (2, 32), (6, 24), (17, 7), (17, 26), (17, 29), (3, 16), (16, 6), (19, 30), (26, 28), (37, 30), (4, 2), (21, 10), (7, 12), (8, 27), (27, 5), (31, 24), (31, 35), (31, 38), (14, 37), (33, 17), (33, 25), (33, 32)]]","[[152.00250837062612, 86.49779554061928, 528.3521116667428, 72.33742885048693, 10.032223028684388, 130.14721056369993, 188.40686524559445, 1.9699131746749607, 25.676694556212286, 340.97115181948607, 55.16381914257532, 43.16746822770081, 2.3308017509841115, 47.22079573550175, 43.5507502930001, 79.80478170094929, 39.627248964116866, 16.678108869648334, 3.4845318933861487, 23.43491008458946, 8.489717222244725, 36.09296671283348, 196.21091472417223, 335.1032419217749, 69.98361772656901, 59.49457979091157, 116.36787475588044, 387.0916263919428, 14.373377471062504, 79.73541488307865, 7.4221882825589685]]"
705,"[[(0, 22), (0, 23), (0, 39), (11, 19), (20, 31), (20, 32), (22, 5), (10, 15), (24, 25), (2, 32), (6, 24), (17, 7), (17, 26), (17, 29), (3, 16), (16, 6), (19, 30), (26, 28), (37, 30), (4, 2), (21, 10), (7, 12), (8, 27), (27, 5), (31, 24), (31, 35), (31, 38), (14, 37), (33, 17), (33, 25), (33, 32)]]","[[289.9168127992217, 45.109632473937694, 719.8961605324668, 110.81649544993682, 39.17408763399032, 131.7595064139326, 223.52192328596283, 4.388463797139773, 20.76559502144639, 339.3793540550063, 48.433737037880014, 44.224264453646484, 3.559175065092909, 135.79509033899114, 51.090938735721245, 96.85064366325516, 54.08454419192276, 12.84822865340657, 4.018838859878034, 24.281431080747705, 90.03546537465064, 54.97066858781811, 158.68028385274755, 296.21790783630706, 76.22597152920565, 92.26022497964748, 77.04246732812192, 522.9620745379742, 13.011977578940016, 84.91319561141631, 5.7263650466045855]]"
706,"[[(0, 22), (0, 23), (0, 39), (11, 19), (20, 31), (20, 32), (22, 5), (10, 15), (24, 25), (2, 32), (6, 24), (17, 7), (17, 26), (17, 29), (3, 16), (16, 6), (19, 30), (26, 28), (37, 30), (4, 2), (21, 10), (7, 12), (8, 27), (27, 5), (31, 24), (31, 35), (31, 38), (14, 37), (33, 17), (33, 25), (33, 32)]]","[[189.1204587217868, 46.550013233529526, 464.7774485130241, 111.70888738000981, 12.029342105563803, 139.24335554167956, 214.3177302549066, 3.1985051879742548, 20.942867772892644, 386.045684274304, 49.45672552968215, 49.967927608896815, 4.47746353070088, 124.50289012435803, 62.76687083801218, 78.04148417674821, 41.99269904536747, 8.934310993968536, 3.9354343531995593, 24.726760426599448, 15.22246304419945, 77.06939068540046, 397.7276416682801, 152.73734898772165, 65.18837089959024, 91.64329172649673, 160.38197532851268, 262.56868110680364, 13.43199976939695, 82.29526150274343, 2.9040102558723975]]"
707,"[[(0, 22), (0, 23), (0, 39), (11, 19), (20, 31), (20, 32), (22, 5), (10, 15), (24, 25), (2, 32), (6, 24), (17, 7), (17, 26), (17, 29), (3, 16), (16, 6), (19, 30), (26, 28), (37, 30), (4, 2), (21, 10), (7, 12), (8, 27), (27, 5), (31, 24), (31, 35), (31, 38), (14, 37), (33, 17), (33, 25), (33, 32)]]","[[183.01451854466592, 52.38972694513683, 107.21132624454705, 141.46746043630787, 44.63392263265664, 134.95823715949285, 215.81175810531556, 3.0106447807645242, 13.727157997064506, 302.3728450115875, 53.957050815692696, 38.55404415694872, 1.504597319561268, 121.20435903509276, 50.794543397237476, 19.085837524934583, 38.55967286087248, 11.845729184611093, 4.929492985521263, 23.752316348276135, 75.58709380635996, 55.078915224574445, 286.33901157837374, 309.1690372100897, 59.123547513296664, 61.0409081701752, 61.96800108224438, 308.74989061537394, 10.421875575575882, 88.09190641533887, 1.117664348446528]]"
708,"[[(0, 22), (0, 23), (0, 39), (11, 19), (20, 31), (20, 32), (22, 5), (10, 15), (24, 25), (2, 32), (6, 24), (17, 7), (17, 26), (17, 29), (3, 16), (16, 6), (19, 30), (26, 28), (37, 30), (4, 2), (21, 10), (7, 12), (8, 27), (27, 5), (31, 24), (31, 35), (31, 38), (14, 37), (33, 17), (33, 25), (33, 32)]]","[[378.22995934070684, 74.15049502643447, 197.51296430365488, 149.81278417694227, 8.58101486739505, 134.8748325374927, 190.11578276597749, 2.571115744908237, 16.384862442654025, 297.00126186322484, 54.092589664455105, 36.91410458706215, 4.855036560234878, 147.56783343591368, 36.192582094384505, 18.328810688629474, 62.848382073215674, 14.546353673628358, 4.2478174619738995, 24.34504296526401, 16.21316139826868, 58.96519229193734, 365.5777862236301, 175.2989852684465, 64.87796822398381, 78.4260259664456, 121.79991870894155, 407.9422423327497, 10.350894469072, 75.453780971914, 7.452788474907952]]"
709,"[[(0, 22), (0, 23), (0, 39), (11, 19), (20, 31), (20, 32), (22, 5), (10, 15), (24, 25), (2, 32), (6, 24), (17, 7), (17, 26), (17, 29), (3, 16), (16, 6), (19, 30), (26, 28), (37, 30), (4, 2), (21, 10), (7, 12), (8, 27), (27, 5), (31, 24), (31, 35), (31, 38), (14, 37), (33, 17), (33, 25), (33, 32)]]","[[232.24389474632542, 45.95103176679666, 748.2669651035593, 68.8834125340105, 41.858042428316615, 130.72250163187152, 205.85589040060097, 1.8568757604304391, 7.430246753972939, 353.5763512264583, 53.068127139825584, 46.09027660225104, 2.945807392554736, 97.30852600476581, 57.74292201838669, 79.09390980758027, 50.02031391104961, 14.537564895344522, 3.642625752414001, 23.212056940858496, 63.79540278894789, 86.16908808748957, 135.56828864715374, 196.7816150627723, 59.213952736499316, 59.840498294507206, 137.49770530118747, 465.27435615856564, 8.89235898542144, 89.0781714643806, 1.103962980778788]]"
710,"[[(0, 22), (0, 23), (0, 39), (11, 19), (20, 31), (20, 32), (22, 5), (10, 15), (24, 25), (2, 32), (6, 24), (17, 7), (17, 26), (17, 29), (3, 16), (16, 6), (19, 30), (26, 28), (37, 30), (4, 2), (21, 10), (7, 12), (8, 27), (27, 5), (31, 24), (31, 35), (31, 38), (14, 37), (33, 17), (33, 25), (33, 32)]]","[[313.55560723588485, 30.532364767534396, 1028.7211845002635, 133.52782845571173, 36.99601268199495, 140.44611309274458, 223.61906746377716, 2.20290408675834, 24.777375109906515, 317.5071292597541, 48.1307197947402, 48.08372841201142, 3.674918440955323, 115.51273766613953, 33.76713794754454, 38.000157677356796, 52.28398277488668, 13.26037515871576, 4.269580085425825, 24.862593647169593, 75.0296868636108, 19.600817169607723, 145.78423389422142, 314.6962112121547, 69.07524104487709, 40.183428130887094, 60.36305870270456, 593.3977063971074, 14.403995780769206, 92.93918001270721, 5.189165692999181]]"
711,"[[(0, 22), (0, 23), (0, 39), (11, 19), (20, 31), (20, 32), (22, 5), (10, 15), (24, 25), (2, 32), (6, 24), (17, 7), (17, 26), (17, 29), (3, 16), (16, 6), (19, 30), (26, 28), (37, 30), (4, 2), (21, 10), (7, 12), (8, 27), (27, 5), (31, 24), (31, 35), (31, 38), (14, 37), (33, 17), (33, 25), (33, 32)]]","[[124.15061457028139, 22.7292455010183, 1020.645196563606, 60.928722551475424, 47.549002765764264, 137.20928425559214, 198.93916660553225, 3.20051906620431, 23.539699872336005, 358.78176692126533, 54.39229804269051, 53.2676298053164, 1.924094453322731, 119.92849311723684, 41.60974168477146, 22.299223471911915, 66.53157360252658, 12.153179570903518, 3.5744221916783188, 24.05222481405736, 30.732179276490903, 32.58827832962619, 133.6924595547153, 276.0159426350134, 64.77457400436356, 71.02162811210674, 64.57652628118689, 204.72655395144272, 13.038721272685999, 91.92778857997956, 5.053665091750267]]"
712,"[[(0, 22), (0, 23), (0, 39), (11, 19), (20, 31), (20, 32), (22, 5), (10, 15), (24, 25), (2, 32), (6, 24), (17, 7), (17, 26), (17, 29), (3, 16), (16, 6), (19, 30), (26, 28), (37, 30), (4, 2), (21, 10), (7, 12), (8, 27), (27, 5), (31, 24), (31, 35), (31, 38), (14, 37), (33, 17), (33, 25), (33, 32)]]","[[328.37435576558244, 60.33732286634739, 1107.7384334914982, 41.899336471439575, 25.78190432891056, 135.40283795411412, 202.66329621883713, 4.030015418253964, 14.702860670476433, 371.87507963626786, 48.212445050104286, 50.495081393253244, 1.2772303014594053, 89.34176441748205, 76.31270337693519, 84.75329028382427, 69.35005055511817, 2.194325285028269, 3.3837429550264972, 23.514030894923803, 80.68260525542618, 71.26624645230146, 169.30500084213543, 261.16098698986013, 66.81523902789945, 70.64477506528192, 69.97735868746531, 447.0306762273959, 13.18234872562876, 91.2714415650292, 4.374101048834341]]"
713,"[[(0, 22), (0, 23), (0, 39), (11, 19), (20, 31), (20, 32), (22, 5), (10, 15), (24, 25), (2, 32), (6, 24), (17, 7), (17, 26), (17, 29), (3, 16), (16, 6), (19, 30), (26, 28), (37, 30), (4, 2), (21, 10), (7, 12), (8, 27), (27, 5), (31, 24), (31, 35), (31, 38), (14, 37), (33, 17), (33, 25), (33, 32)]]","[[357.57904582576526, 75.20644076665458, 1113.2981371846008, 57.146979742321705, 13.209591112582915, 142.2261028347886, 194.37600021532722, 2.956884808700426, 12.886589891391393, 389.97530248812325, 50.557474813289474, 52.589393175964176, 3.2782221096859447, 50.88930561417246, 55.584621878945704, 127.17535474517854, 66.64980869488821, 4.794356451116814, 4.279390866988868, 23.711527406488837, 45.532231615129746, 66.20969759988964, 228.40363323315526, 217.58221871532132, 74.6963349556328, 48.56424961148083, 64.20179365945488, 333.9157045669371, 8.610367555805372, 80.69846460060307, 4.523127976872786]]"
714,"[[(0, 22), (0, 23), (0, 39), (11, 19), (20, 31), (20, 32), (22, 5), (10, 15), (24, 25), (2, 32), (6, 24), (17, 7), (17, 26), (17, 29), (3, 16), (16, 6), (19, 30), (26, 28), (37, 30), (4, 2), (21, 10), (7, 12), (8, 27), (27, 5), (31, 24), (31, 35), (31, 38), (14, 37), (33, 17), (33, 25), (33, 32)]]","[[247.7730524284566, 66.43743517671776, 757.0648739763271, 163.30926324427273, 35.035178859230015, 142.63336736478425, 207.19095262419862, 2.923040967754685, 2.877097503800775, 332.5638330662267, 51.6628072595919, 53.74474095965846, 1.9802494380174163, 127.18846099235769, 27.947274159010362, 72.41040956399344, 50.67500336898026, 6.64374468143017, 3.685216027281049, 23.561618645980232, 89.0153799427105, 72.39843503093084, 377.1795536657815, 393.0454887427502, 81.91909908084764, 93.3921213906577, 75.41962076834028, 206.92129073216546, 12.538835991605486, 77.02215223657541, 7.852925363897125]]"
715,"[[(0, 22), (0, 23), (0, 39), (11, 19), (20, 31), (20, 32), (22, 5), (10, 15), (24, 25), (2, 32), (6, 24), (17, 7), (17, 26), (17, 29), (3, 16), (16, 6), (19, 30), (26, 28), (37, 30), (4, 2), (21, 10), (7, 12), (8, 27), (27, 5), (31, 24), (31, 35), (31, 38), (14, 37), (33, 17), (33, 25), (33, 32)]]","[[355.16608955079727, 56.88127022182336, 691.1484859809276, 74.60907420752964, 29.84185973295598, 140.1645560736994, 173.74994805860294, 3.364810036052145, 9.800629116913298, 325.1312822650381, 54.84058353428732, 47.24093087607983, 1.2507777418101815, 159.6696152744692, 51.114368006144005, 94.54694657803503, 60.41665702663309, 13.276627353507484, 4.946815136354679, 23.39309916716727, 82.65061537844588, 82.76424923460013, 411.1133532374993, 395.92856400065216, 69.07661330326722, 70.36683906686349, 73.21349602473713, 161.05098616998293, 15.551219964250787, 81.91205911286167, 8.780135995260608]]"
716,"[[(0, 22), (0, 23), (0, 39), (11, 19), (20, 31), (20, 32), (22, 5), (10, 15), (24, 25), (2, 32), (6, 24), (17, 7), (17, 26), (17, 29), (3, 16), (16, 6), (19, 30), (26, 28), (37, 30), (4, 2), (21, 10), (7, 12), (8, 27), (27, 5), (31, 24), (31, 35), (31, 38), (14, 37), (33, 17), (33, 25), (33, 32)]]","[[132.22860697458725, 82.58429880406715, 556.9676965962075, 113.79972631293501, 24.774824214374583, 140.48355291709868, 205.11843819965208, 4.94534102151442, 16.470349972627304, 306.7585393997253, 53.766982032555624, 46.129827797947605, 4.920296340421887, 150.22842721229517, 74.30512867224337, 100.59889142675887, 63.956308531870505, 10.444864984133538, 4.552430849758235, 23.029892030092114, 29.58305571874029, 27.49399993937777, 100.8192880104493, 278.4555039575063, 73.982375194641, 47.4974148045831, 77.96937772990917, 145.16924280507885, 11.382445844070855, 77.60985160702224, 4.7446343882236945]]"
717,"[[(0, 22), (0, 23), (0, 39), (11, 19), (20, 31), (20, 32), (22, 5), (10, 15), (24, 25), (2, 32), (6, 24), (17, 7), (17, 26), (17, 29), (3, 16), (16, 6), (19, 30), (26, 28), (37, 30), (4, 2), (21, 10), (7, 12), (8, 27), (27, 5), (31, 24), (31, 35), (31, 38), (14, 37), (33, 17), (33, 25), (33, 32)]]","[[232.23013630219037, 74.2840179299807, 806.1828846442342, 135.02633959271574, 38.430622380699916, 134.2926823314528, 172.4090391769806, 1.5374112544765586, 11.258180341516045, 320.2675223443578, 55.49617491088005, 46.393034622445995, 3.2883864882767404, 49.934186250190535, 26.528603774982265, 91.0053934241099, 41.28363809634218, 13.329489746240112, 3.888704525200758, 23.760923362380098, 79.02002099533229, 80.86900639149138, 221.70180802975554, 160.7167185030454, 65.92634902960724, 92.86118350420031, 64.91748559105812, 151.9852401800448, 10.945240763659893, 88.69259153838217, 4.320572334984231]]"
718,"[[(0, 22), (0, 23), (0, 39), (11, 19), (20, 31), (20, 32), (22, 5), (10, 15), (24, 25), (2, 32), (6, 24), (17, 7), (17, 26), (17, 29), (3, 16), (16, 6), (19, 30), (26, 28), (37, 30), (4, 2), (21, 10), (7, 12), (8, 27), (27, 5), (31, 24), (31, 35), (31, 38), (14, 37), (33, 17), (33, 25), (33, 32)]]","[[350.159111642733, 60.88335861758013, 408.462169906957, 81.15543205091187, 26.30755209859869, 132.6384991473908, 187.24943110129323, 4.519784076952441, 1.5803924365774173, 300.92330394432, 49.199685475347316, 45.15118352888616, 4.576613813212047, 111.47095017044803, 68.96895301359945, 63.28300036042391, 52.01751607366318, 5.147892004052393, 3.8926660194581877, 23.873336931791467, 63.30883475894587, 76.15435534101698, 79.11135604686402, 310.55231242181605, 81.1555849581102, 58.73437013471744, 84.84613394177246, 311.69288553181326, 12.352651530169496, 82.72271057513227, 1.7261059478019662]]"
719,"[[(0, 22), (0, 23), (0, 39), (11, 19), (20, 31), (20, 32), (22, 5), (10, 15), (24, 25), (2, 32), (6, 24), (17, 7), (17, 26), (17, 29), (3, 16), (16, 6), (19, 30), (26, 28), (37, 30), (4, 2), (21, 10), (7, 12), (8, 27), (27, 5), (31, 24), (31, 35), (31, 38), (14, 37), (33, 17), (33, 25), (33, 32)]]","[[341.4990601087313, 64.57798050998109, 1155.6573443420139, 120.69557176448099, 35.03512097952913, 138.52081983883468, 230.1370898640129, 1.5867998937999817, 7.415603285973723, 395.47572371696674, 54.22101252460051, 38.932757465060895, 3.1478105433734114, 130.9748617877848, 78.18374976117776, 95.66707179858909, 39.70915705193714, 9.766507857314465, 4.809853215803136, 24.362483901192384, 45.61176126850516, 48.293262778450185, 228.83829683709635, 364.3711103648974, 78.07381232797002, 96.47082373393559, 123.52336922072294, 385.74402845402176, 14.018129460451934, 77.4939750912851, 2.82044690853911]]"
720,"[[(0, 22), (0, 23), (0, 39), (11, 19), (20, 31), (20, 32), (22, 5), (10, 15), (24, 25), (2, 32), (6, 24), (17, 7), (17, 26), (17, 29), (3, 16), (16, 6), (19, 30), (26, 28), (37, 30), (4, 2), (21, 10), (7, 12), (8, 27), (27, 5), (31, 24), (31, 35), (31, 38), (14, 37), (33, 17), (33, 25), (33, 32)]]","[[355.5455210903757, 102.76398926655918, 375.3812512012535, 43.082110268728904, 35.78797674310688, 135.0978014478811, 202.5747446184951, 2.327034331987481, 13.925247896716341, 347.2047122309396, 51.78163192227828, 47.002201807015524, 1.1413940295801348, 135.43491533987367, 48.67968492869337, 118.18077320903521, 65.9967400314541, 11.26683050502971, 3.2757118175001803, 24.86023294608493, 39.425832020638005, 31.38313487450178, 112.1217442275763, 147.5787347758359, 82.30140066254168, 106.07760025409247, 42.67741928327493, 216.81151383431114, 15.803109564424325, 92.25855643008235, 6.695068856037319]]"
721,"[[(0, 22), (0, 23), (0, 39), (11, 19), (20, 31), (20, 32), (22, 5), (10, 15), (24, 25), (2, 32), (6, 24), (17, 7), (17, 26), (17, 29), (3, 16), (16, 6), (19, 30), (26, 28), (37, 30), (4, 2), (21, 10), (7, 12), (8, 27), (27, 5), (31, 24), (31, 35), (31, 38), (14, 37), (33, 17), (33, 25), (33, 32)]]","[[140.55532801742177, 96.32897953948915, 1027.5480196957938, 47.79653759489087, 9.838881718264801, 130.23080520589716, 211.98760001952172, 2.447798536460637, 21.663713223728653, 291.06974317856634, 55.57902817260999, 42.10247407085381, 3.9374845791584203, 73.25396274788363, 79.70445032048941, 62.534158347241984, 52.330720841979996, 16.400360554793792, 3.1069210668897425, 23.687829828054355, 18.238015316106175, 28.01645023744892, 325.10255701867874, 300.5872388282012, 78.21357428221404, 92.70711827401783, 63.34680648778141, 93.13992360354277, 8.94469453329409, 85.06197437705084, 2.5647799377908713]]"
722,"[[(0, 22), (0, 23), (0, 39), (11, 19), (20, 31), (20, 32), (22, 5), (10, 15), (24, 25), (2, 32), (6, 24), (17, 7), (17, 26), (17, 29), (3, 16), (16, 6), (19, 30), (26, 28), (37, 30), (4, 2), (21, 10), (7, 12), (8, 27), (27, 5), (31, 24), (31, 35), (31, 38), (14, 37), (33, 17), (33, 25), (33, 32)]]","[[281.65078124462667, 71.55978217730735, 1012.0390091935926, 126.1807093844459, 39.28290076723793, 141.43312694722997, 225.7943377930286, 2.0431383205981324, 16.70342322066548, 380.49462552729244, 54.4509293641486, 40.07343545827857, 2.9160836609165766, 126.28140269324541, 68.28263247219546, 24.08153137673071, 67.40685856544616, 15.065604345260383, 4.66985825163912, 24.697069460263016, 77.9586169693205, 88.71612024092117, 358.39521599766994, 368.3300591095307, 71.43220520034947, 94.77106947819094, 52.562865782437164, 338.9376249670912, 10.496712303452462, 87.34095756527445, 4.376928120401458]]"
723,"[[(0, 22), (0, 23), (0, 39), (11, 19), (20, 31), (20, 32), (22, 5), (10, 15), (24, 25), (2, 32), (6, 24), (17, 7), (17, 26), (17, 29), (3, 16), (16, 6), (19, 30), (26, 28), (37, 30), (4, 2), (21, 10), (7, 12), (8, 27), (27, 5), (31, 24), (31, 35), (31, 38), (14, 37), (33, 17), (33, 25), (33, 32)]]","[[367.0587981791162, 35.254129956215706, 519.6335285537025, 69.54946667832763, 18.273195822100288, 131.62074562570308, 180.89817252011218, 1.014164124825521, 22.362090203636043, 381.8918794065693, 50.854578104061524, 42.30723484862409, 3.390954749492262, 55.01393948010377, 67.16130620164992, 36.24241755229818, 40.39140559663127, 14.667964981795478, 3.2016462815512066, 23.599022206563784, 27.500036550989044, 39.65794196118331, 258.54810497872654, 371.5114404086331, 59.7130007214747, 39.98735003357202, 146.79957838510683, 63.28907663369121, 13.328691625914809, 84.17530645294703, 5.485667639990702]]"
724,"[[(0, 22), (0, 23), (0, 39), (11, 19), (20, 31), (20, 32), (22, 5), (10, 15), (24, 25), (2, 32), (6, 24), (17, 7), (17, 26), (17, 29), (3, 16), (16, 6), (19, 30), (26, 28), (37, 30), (4, 2), (21, 10), (7, 12), (8, 27), (27, 5), (31, 24), (31, 35), (31, 38), (14, 37), (33, 17), (33, 25), (33, 32)]]","[[334.7219170601443, 102.2901462938961, 666.3169959933631, 65.52658194713099, 34.868401026152405, 136.19247111329113, 196.456124266874, 4.2216245314611225, 2.1029051161546586, 373.51559245536544, 52.882640545273006, 48.37866873048052, 2.3898955249780256, 156.1173488797758, 59.41514858494786, 86.19333695353153, 52.010017752332345, 8.571875268124138, 4.366842329915789, 24.888164920217648, 82.31285478128326, 44.273579871313714, 409.6018484085945, 170.64370246834108, 77.31311788427813, 57.588119974797635, 146.17727558156997, 264.2238672341555, 15.066039914674459, 84.57941234729883, 8.577876618815072]]"
725,"[[(0, 22), (0, 23), (0, 39), (11, 19), (20, 31), (20, 32), (22, 5), (10, 15), (24, 25), (2, 32), (6, 24), (17, 7), (17, 26), (17, 29), (3, 16), (16, 6), (19, 30), (26, 28), (37, 30), (4, 2), (21, 10), (7, 12), (8, 27), (27, 5), (31, 24), (31, 35), (31, 38), (14, 37), (33, 17), (33, 25), (33, 32)]]","[[366.0975262107428, 50.54247369324355, 64.5560548041081, 129.20112450813212, 29.71368016075769, 131.41130945565834, 183.3056443611943, 3.462570013227153, 9.314047042764173, 312.72716291864805, 48.31614804577175, 47.924878795561334, 3.959310965896786, 116.2937989164977, 46.24153724478575, 82.99571890505779, 62.90220727172539, 15.163435338858658, 3.4038972484414254, 23.36782700367221, 28.4555096916983, 70.54299761482167, 252.30671185289012, 342.87500662619084, 77.57150702156639, 107.76293178763315, 64.14464569531364, 349.7319723181097, 12.395669643994214, 79.56807913862099, 8.701048543903308]]"
726,"[[(0, 22), (0, 23), (0, 39), (11, 19), (20, 31), (20, 32), (22, 5), (10, 15), (24, 25), (2, 32), (6, 24), (17, 7), (17, 26), (17, 29), (3, 16), (16, 6), (19, 30), (26, 28), (37, 30), (4, 2), (21, 10), (7, 12), (8, 27), (27, 5), (31, 24), (31, 35), (31, 38), (14, 37), (33, 17), (33, 25), (33, 32)]]","[[175.75955323471786, 42.807235914304115, 740.1703884703102, 164.45305019120974, 29.91767736894386, 132.6595323842399, 193.58438583823784, 1.3014008879260803, 25.771751905933616, 333.48733566022764, 51.831326647567316, 48.22103163397161, 4.858023886281652, 104.93188220178794, 66.20431723976847, 56.7705052573002, 43.29328024032371, 9.05686123482983, 3.8803392109621084, 23.287449907512872, 86.76842632124357, 72.1678496235606, 231.91627049648108, 314.9619056608054, 59.213748101869704, 55.75269599733421, 12.111717231991552, 183.58858375435912, 12.254074270863423, 77.03028710194182, 4.482045235603876]]"
727,"[[(0, 22), (0, 23), (0, 39), (11, 19), (20, 31), (20, 32), (22, 5), (10, 15), (24, 25), (2, 32), (6, 24), (17, 7), (17, 26), (17, 29), (3, 16), (16, 6), (19, 30), (26, 28), (37, 30), (4, 2), (21, 10), (7, 12), (8, 27), (27, 5), (31, 24), (31, 35), (31, 38), (14, 37), (33, 17), (33, 25), (33, 32)]]","[[362.49725540758476, 78.70875146551796, 468.53560053436667, 66.19485440632504, 20.391641347843503, 141.52815435580004, 202.82250245047538, 4.6101938260589375, 21.199713348807173, 384.3080841674097, 55.72604848135773, 46.32578096550952, 3.661978989788889, 60.39338078418639, 35.710542037091756, 39.45193299217779, 59.7890318502424, 4.871454258357531, 3.0357143773897874, 23.830472064326532, 58.97080916080516, 74.81277917100057, 350.86103667724075, 146.3960322266195, 81.92723333140634, 58.53496203737666, 178.39138107750418, 132.2833785374316, 12.671897629551909, 78.29402137073052, 8.64351397188637]]"
728,"[[(0, 22), (0, 23), (0, 39), (11, 19), (20, 31), (20, 32), (22, 5), (10, 15), (24, 25), (2, 32), (6, 24), (17, 7), (17, 26), (17, 29), (3, 16), (16, 6), (19, 30), (26, 28), (37, 30), (4, 2), (21, 10), (7, 12), (8, 27), (27, 5), (31, 24), (31, 35), (31, 38), (14, 37), (33, 17), (33, 25), (33, 32)]]","[[244.08944176965588, 65.25647241331183, 642.269176096407, 121.40879891135985, 27.353961341840108, 140.75192757164442, 193.24953040969302, 1.9063640888033793, 6.796383219612233, 378.7276278479042, 51.2751259204794, 41.315316373104395, 4.057843290876533, 58.548591366971465, 66.49901079493618, 84.5285863064181, 42.98754924148559, 10.217876053912338, 4.134914494582094, 24.61770950987856, 11.984463373230673, 24.90697671916418, 152.18034514914012, 220.79203536242397, 66.31431547768186, 34.73294720365547, 90.18062480019387, 542.5223560434391, 13.309624735090944, 81.64166413465763, 5.376215346576401]]"
729,"[[(0, 22), (0, 23), (0, 39), (11, 19), (20, 31), (20, 32), (22, 5), (10, 15), (24, 25), (2, 32), (6, 24), (17, 7), (17, 26), (17, 29), (3, 16), (16, 6), (19, 30), (26, 28), (37, 30), (4, 2), (21, 10), (7, 12), (8, 27), (27, 5), (31, 24), (31, 35), (31, 38), (14, 37), (33, 17), (33, 25), (33, 32)]]","[[366.20798604486254, 99.67415204639653, 832.2396284598701, 85.94824639831684, 14.364796247763636, 135.72579372375552, 224.56422633370946, 3.8419955267140335, 11.261198647278743, 389.97126030638015, 49.03534576292238, 47.60604794628784, 4.14523345341912, 97.09987703456801, 35.37176974426916, 31.66857717033014, 49.54074220810348, 3.272853934082561, 3.029626193371209, 24.71031729940511, 43.357396687378206, 22.428358592429564, 409.48312918673486, 377.5285858209843, 75.37945020225689, 59.47808904037412, 131.00915577703182, 152.31974957696042, 12.323372867809521, 78.28000387378795, 5.548088373436434]]"
730,"[[(0, 22), (0, 23), (0, 39), (11, 19), (20, 31), (20, 32), (22, 5), (10, 15), (24, 25), (2, 32), (6, 24), (17, 7), (17, 26), (17, 29), (3, 16), (16, 6), (19, 30), (26, 28), (37, 30), (4, 2), (21, 10), (7, 12), (8, 27), (27, 5), (31, 24), (31, 35), (31, 38), (14, 37), (33, 17), (33, 25), (33, 32)]]","[[376.53110526896336, 81.85014706146492, 580.405573245112, 139.86496396387435, 15.889099232138733, 132.3585179155008, 215.45549385612762, 4.713115361549406, 10.926417383147463, 350.1821743329271, 52.82985790009444, 40.04214765182309, 3.7826833703662506, 86.12308351601658, 56.75741621659709, 71.441913193691, 37.18079829377447, 7.853166374778129, 3.0268439283520925, 23.76729959094169, 16.181468595731232, 16.402902259968048, 158.73586197985287, 374.67562931730185, 69.12892293673295, 87.22955870951998, 81.0933666447176, 167.55530185838333, 14.112558138633833, 84.62812483280773, 2.8221440176964707]]"
731,"[[(0, 22), (0, 23), (0, 39), (11, 19), (20, 31), (20, 32), (22, 5), (10, 15), (24, 25), (2, 32), (6, 24), (17, 7), (17, 26), (17, 29), (3, 16), (16, 6), (19, 30), (26, 28), (37, 30), (4, 2), (21, 10), (7, 12), (8, 27), (27, 5), (31, 24), (31, 35), (31, 38), (14, 37), (33, 17), (33, 25), (33, 32)]]","[[99.59556138065847, 72.59234220353434, 583.6478749403475, 73.86042884057912, 47.054056460214625, 142.70187836228604, 198.28025160696924, 3.015608681947022, 20.902203252180488, 360.6240889415783, 53.710926676196806, 42.024158517009155, 3.2845152395643975, 73.63606871337429, 57.73865327412946, 46.76550539855046, 41.00903492807928, 9.18533387236431, 3.13020913389475, 24.171380119072754, 16.772075765846317, 17.61370461940021, 291.2028181347911, 167.78540027094795, 81.80701658860683, 53.75331625893587, 79.53475170070519, 537.6640679208781, 15.754028203462408, 87.60654520422364, 7.786894436915644]]"
732,"[[(0, 22), (0, 23), (0, 39), (11, 19), (20, 31), (20, 32), (22, 5), (10, 15), (24, 25), (2, 32), (6, 24), (17, 7), (17, 26), (17, 29), (3, 16), (16, 6), (19, 30), (26, 28), (37, 30), (4, 2), (21, 10), (7, 12), (8, 27), (27, 5), (31, 24), (31, 35), (31, 38), (14, 37), (33, 17), (33, 25), (33, 32)]]","[[296.12682950970316, 107.99541801124298, 653.8230351505578, 102.24151980075902, 47.5860076485887, 137.34286244828357, 196.89334124269533, 3.5728379444247187, 25.377967976555134, 286.02053856894787, 53.41454533022199, 52.63410230840728, 4.732998791691237, 68.23871394952099, 70.37816042758742, 125.70482983748833, 60.02432961380502, 13.468673441192877, 3.3700655836589437, 23.2697716340989, 30.246016879013816, 18.433918846640992, 235.55191177860493, 313.7137842583555, 69.78521856395962, 85.95553141708284, 22.607434323014004, 334.0277942343221, 14.265043263982083, 93.82984202534587, 3.9762898079195645]]"
733,"[[(0, 22), (0, 23), (0, 39), (11, 19), (20, 31), (20, 32), (22, 5), (10, 15), (24, 25), (2, 32), (6, 24), (17, 7), (17, 26), (17, 29), (3, 16), (16, 6), (19, 30), (26, 28), (37, 30), (4, 2), (21, 10), (7, 12), (8, 27), (27, 5), (31, 24), (31, 35), (31, 38), (14, 37), (33, 17), (33, 25), (33, 32)]]","[[159.19679586796576, 78.88857618286062, 613.8036800670537, 162.93243986490245, 36.80166495101158, 141.76077321349962, 189.80486148219535, 4.279928067266902, 19.423740352398806, 403.7198822760405, 48.09675053818356, 42.109175327283026, 2.232669963614387, 84.61443870014438, 65.35194268199288, 28.313420652142526, 61.559813875636394, 7.858754725080052, 3.398842448067607, 24.807597708766846, 45.31544308206303, 81.26657202287821, 277.1626900879409, 301.7970667405169, 79.71871111706149, 45.97454379098008, 174.3417813999801, 83.94345840505841, 9.414749281552133, 94.48587317070155, 1.7556959932729663]]"
734,"[[(0, 22), (0, 23), (0, 39), (11, 19), (20, 31), (20, 32), (22, 5), (10, 15), (24, 25), (2, 32), (6, 24), (17, 7), (17, 26), (17, 29), (3, 16), (16, 6), (19, 30), (26, 28), (37, 30), (4, 2), (21, 10), (7, 12), (8, 27), (27, 5), (31, 24), (31, 35), (31, 38), (14, 37), (33, 17), (33, 25), (33, 32)]]","[[134.38727962787902, 103.86256645644389, 95.02386448149915, 124.40517205130574, 30.592548512019825, 142.32386144112283, 203.6742167244436, 2.60382008392803, 17.32604380855227, 374.67867026470833, 50.228952942133496, 49.17468235491203, 4.229182938998216, 71.22752054325929, 39.01903009424764, 40.088246162178294, 68.44876137041739, 16.002041865778203, 3.017809291833622, 24.756269274876434, 21.842060953515286, 23.944451686424927, 90.38113803468698, 372.9617069212511, 77.82416913098683, 38.14428216701461, 58.69482256847611, 470.2823907506963, 14.547762068243152, 78.81685735518268, 2.714317162086883]]"
735,"[[(0, 22), (0, 23), (0, 39), (11, 19), (20, 31), (20, 32), (22, 5), (10, 15), (24, 25), (2, 32), (6, 24), (17, 7), (17, 26), (17, 29), (3, 16), (16, 6), (19, 30), (26, 28), (37, 30), (4, 2), (21, 10), (7, 12), (8, 27), (27, 5), (31, 24), (31, 35), (31, 38), (14, 37), (33, 17), (33, 25), (33, 32)]]","[[216.57395489203014, 58.984042597619975, 788.1947879348829, 95.6117839157429, 10.249285293183622, 142.04962340261997, 177.46226473195225, 4.703683616346289, 20.49195732781503, 264.7553160236501, 55.33083804951837, 53.149701335660396, 4.3655337764591335, 79.68196194760111, 42.909564837257555, 27.845054383404367, 49.73146009442111, 15.696811797287804, 4.793968202191145, 24.51821968902225, 72.4778456413766, 73.91076992669804, 370.88074126196585, 238.34245592350172, 63.16857781872404, 75.60786621991775, 142.33528682632368, 286.57252256524686, 10.39835537888547, 93.14080609974681, 7.109425194273384]]"
736,"[[(0, 22), (0, 23), (0, 39), (11, 19), (20, 31), (20, 32), (22, 5), (10, 15), (24, 25), (2, 32), (6, 24), (17, 7), (17, 26), (17, 29), (3, 16), (16, 6), (19, 30), (26, 28), (37, 30), (4, 2), (21, 10), (7, 12), (8, 27), (27, 5), (31, 24), (31, 35), (31, 38), (14, 37), (33, 17), (33, 25), (33, 32)]]","[[91.19681114796339, 79.52651358170658, 394.33975521564395, 88.2172330100806, 22.88983663663552, 142.73572426102862, 229.31897885972342, 3.8648047698740413, 22.17244478350015, 333.5688918265852, 50.19182385576637, 49.71939337351117, 1.522261447421903, 93.32054397130682, 65.83830208925727, 35.752099472835766, 67.37431675613036, 4.562710434528544, 4.759761115763409, 24.344828438145623, 31.44908833449365, 87.39333934958368, 224.46359437886093, 273.2189495268765, 59.20710225342186, 92.95400408134067, 125.963659134455, 420.03586841191037, 8.259814407696103, 78.21420489875106, 8.754614815440757]]"
737,"[[(0, 22), (0, 23), (0, 39), (11, 19), (20, 31), (20, 32), (22, 5), (10, 15), (24, 25), (2, 32), (6, 24), (17, 7), (17, 26), (17, 29), (3, 16), (16, 6), (19, 30), (26, 28), (37, 30), (4, 2), (21, 10), (7, 12), (8, 27), (27, 5), (31, 24), (31, 35), (31, 38), (14, 37), (33, 17), (33, 25), (33, 32)]]","[[226.79082029767065, 95.10112571318268, 497.99235219925987, 109.44974247867411, 35.5710020744681, 142.8823676053534, 193.8123836556964, 4.049927755864567, 22.848524092697396, 298.4234595684738, 54.35742827215614, 41.23093478002707, 2.9845505454721137, 85.73582312064073, 49.35339729104699, 95.27514798726261, 51.066728791807876, 2.752188672330867, 3.6444876367757426, 24.940517397674625, 17.118241875551046, 53.91336326470952, 228.29852004540695, 356.9157397069972, 69.95693732295103, 72.70844750666643, 46.8685777581418, 29.089851610138325, 9.430845384897077, 91.88092052617196, 5.502399848244337]]"
738,"[[(0, 22), (0, 23), (0, 39), (11, 19), (20, 31), (20, 32), (22, 5), (10, 15), (24, 25), (2, 32), (6, 24), (17, 7), (17, 26), (17, 29), (3, 16), (16, 6), (19, 30), (26, 28), (37, 30), (4, 2), (21, 10), (7, 12), (8, 27), (27, 5), (31, 24), (31, 35), (31, 38), (14, 37), (33, 17), (33, 25), (33, 32)]]","[[250.8824476905692, 58.60309318585429, 153.6650332615353, 148.61214163941605, 20.00498321812382, 141.75800651760989, 193.26105384784222, 2.335708464231183, 4.859698883391203, 385.12192931265133, 50.640641569047524, 38.82249451322925, 2.159720877873579, 153.90477349639735, 78.67622068992424, 19.132437981958574, 42.668531249120434, 16.25709544915268, 3.909930402735573, 23.521206257684078, 20.31562145094628, 79.32730238379496, 379.4762055017927, 386.0630636030523, 72.16570203282886, 48.95014600480193, 23.703616379237168, 330.67099683813115, 9.716700641732661, 81.1127780293046, 6.629344657967585]]"
739,"[[(0, 22), (0, 23), (0, 39), (11, 19), (20, 31), (20, 32), (22, 5), (10, 15), (24, 25), (2, 32), (6, 24), (17, 7), (17, 26), (17, 29), (3, 16), (16, 6), (19, 30), (26, 28), (37, 30), (4, 2), (21, 10), (7, 12), (8, 27), (27, 5), (31, 24), (31, 35), (31, 38), (14, 37), (33, 17), (33, 25), (33, 32)]]","[[251.58522557469132, 97.50468974523602, 857.6647971112175, 68.71481015665574, 21.300568647455908, 140.45551978650525, 221.5511830824228, 2.4529715176993485, 18.568235053443935, 375.71044525100416, 48.25132842000214, 43.357307308159825, 4.842881640152942, 101.7016983855323, 31.904837218433794, 91.9625837481162, 68.04032727066513, 18.48161620117645, 3.3375646358646955, 24.670825973672805, 77.95738373882739, 80.97305080966497, 343.0977583916989, 293.43941730044185, 67.46893343732549, 101.72359665275656, 74.36598007790113, 238.6432408767931, 14.165953241887614, 82.58846585887237, 4.848341419422542]]"
740,"[[(0, 22), (0, 23), (0, 39), (11, 19), (20, 31), (20, 32), (22, 5), (10, 15), (24, 25), (2, 32), (6, 24), (17, 7), (17, 26), (17, 29), (3, 16), (16, 6), (19, 30), (26, 28), (37, 30), (4, 2), (21, 10), (7, 12), (8, 27), (27, 5), (31, 24), (31, 35), (31, 38), (14, 37), (33, 17), (33, 25), (33, 32)]]","[[145.67380549181473, 22.105935548993354, 967.9598588083536, 70.99014580814836, 10.102514297214023, 140.00260211529653, 217.07847583127165, 1.8043252110597368, 13.246911024935827, 271.58172384819204, 49.67095595720181, 44.56417874900953, 4.621745491701827, 153.6833914403162, 45.35672517464867, 82.68631772101608, 43.85249395478986, 16.387453089830952, 3.131069105247895, 23.726914304294432, 43.58683490572216, 81.14042522529176, 89.55262657957674, 348.5016649601627, 59.96109063792536, 86.80202031258679, 107.66862656929858, 606.3872768652365, 13.171610214908426, 84.82470830657861, 3.795127567489075]]"
741,"[[(0, 22), (0, 23), (0, 39), (11, 19), (20, 31), (20, 32), (22, 5), (10, 15), (24, 25), (2, 32), (6, 24), (17, 7), (17, 26), (17, 29), (3, 16), (16, 6), (19, 30), (26, 28), (37, 30), (4, 2), (21, 10), (7, 12), (8, 27), (27, 5), (31, 24), (31, 35), (31, 38), (14, 37), (33, 17), (33, 25), (33, 32)]]","[[324.0018117823921, 57.07908844071643, 975.3697469327329, 110.70279907414852, 42.069862808146624, 137.04431869355446, 190.5304984550562, 4.941613652636126, 11.26274456852757, 341.66489276745597, 55.63271938734633, 41.05942203369492, 1.947256703038732, 82.57716962064524, 66.43660559384958, 25.645256014474164, 44.79877585962731, 7.043163592937576, 4.605074155900916, 23.536773925318187, 30.20758735524844, 30.8438300882457, 134.24727930506708, 143.44848342524878, 79.96979124012462, 78.36566177122958, 126.35167398742412, 153.4702688221431, 8.740250616247494, 91.11095437391563, 2.2486947180865036]]"
742,"[[(0, 22), (0, 23), (0, 39), (11, 19), (20, 31), (20, 32), (22, 5), (10, 15), (24, 25), (2, 32), (6, 24), (17, 7), (17, 26), (17, 29), (3, 16), (16, 6), (19, 30), (26, 28), (37, 30), (4, 2), (21, 10), (7, 12), (8, 27), (27, 5), (31, 24), (31, 35), (31, 38), (14, 37), (33, 17), (33, 25), (33, 32)]]","[[192.76642483898945, 68.38785107624395, 905.9362502687761, 70.63857343735836, 35.80280906482474, 143.582306383694, 230.95655551033943, 2.551705041785404, 13.955711341160873, 285.22405887114024, 49.93725423506188, 41.74535958268357, 1.521245283668354, 114.32214382642458, 59.01536963883843, 81.51222779443513, 47.627046028341695, 15.426061690089487, 4.470981716028492, 24.01966686929094, 86.70196473866936, 69.88505615391168, 309.4772206983987, 336.8617633129687, 82.19331517283237, 52.82663358676899, 30.666848564850433, 558.7899451212938, 9.550787327895886, 88.98735118474912, 7.525881784138381]]"
743,"[[(0, 22), (0, 23), (0, 39), (11, 19), (20, 31), (20, 32), (22, 5), (10, 15), (24, 25), (2, 32), (6, 24), (17, 7), (17, 26), (17, 29), (3, 16), (16, 6), (19, 30), (26, 28), (37, 30), (4, 2), (21, 10), (7, 12), (8, 27), (27, 5), (31, 24), (31, 35), (31, 38), (14, 37), (33, 17), (33, 25), (33, 32)]]","[[223.60224410173768, 56.31473334483047, 128.5168598990894, 58.81504694220527, 38.38291876192856, 137.0455060925266, 181.4622399938382, 4.047792029714898, 0.6383196123075554, 302.43328124353013, 54.277381734306516, 41.82397508403828, 3.0752910823932833, 145.41046031841182, 46.96092374653227, 101.00092954040157, 65.62251660759343, 7.710151313540511, 4.724580309680887, 24.443240177270862, 72.4059827537848, 66.93762177682193, 276.87889361273335, 305.27710028490355, 80.77692556483072, 50.037110995354, 94.90332863885133, 192.04262259155922, 14.21645565113018, 87.47761705547927, 2.6177960513557013]]"
744,"[[(0, 22), (0, 23), (0, 39), (11, 19), (20, 31), (20, 32), (22, 5), (10, 15), (24, 25), (2, 32), (6, 24), (17, 7), (17, 26), (17, 29), (3, 16), (16, 6), (19, 30), (26, 28), (37, 30), (4, 2), (21, 10), (7, 12), (8, 27), (27, 5), (31, 24), (31, 35), (31, 38), (14, 37), (33, 17), (33, 25), (33, 32)]]","[[220.91402385820646, 64.5226603303513, 990.0842801196721, 70.39926944215973, 39.454660856642555, 143.60631204166464, 208.9936476816812, 2.4962027566671807, 3.7021381162662994, 396.6434767947586, 55.808812134371685, 51.04366171899947, 2.9543160830255966, 138.39087497548715, 61.27699461734672, 40.60210065558624, 60.502425342808095, 14.759997114579363, 3.4096061055607887, 23.481388935717465, 79.28263226048841, 76.27330127656086, 129.76195148752663, 158.6605312711928, 74.35041858096199, 37.97750206075913, 166.26779482944684, 66.17342490683836, 13.75782139530455, 90.61404930814277, 8.782792831796904]]"
745,"[[(0, 22), (0, 23), (0, 39), (11, 19), (20, 31), (20, 32), (22, 5), (10, 15), (24, 25), (2, 32), (6, 24), (17, 7), (17, 26), (17, 29), (3, 16), (16, 6), (19, 30), (26, 28), (37, 30), (4, 2), (21, 10), (7, 12), (8, 27), (27, 5), (31, 24), (31, 35), (31, 38), (14, 37), (33, 17), (33, 25), (33, 32)]]","[[363.91352151308973, 30.733365662120935, 847.0772470528728, 70.47121368855595, 28.121573558102583, 139.815315847573, 179.27742770757195, 4.591131187625342, 11.2292194875151, 400.43320425927186, 48.967093994309074, 47.220737580277316, 4.917988630164644, 75.77510681212122, 52.23377365416741, 56.97127322700577, 56.44474536286584, 4.154106734830121, 4.6486635074588065, 23.38028270767512, 31.54428222204683, 82.19737697701822, 246.23751051391488, 232.51224662035133, 68.93143821758642, 52.221145689823224, 126.41524626224594, 228.74070690657325, 13.88994059804119, 80.89009905688776, 3.0019470273979616]]"
746,"[[(0, 22), (0, 23), (0, 39), (11, 19), (20, 31), (20, 32), (22, 5), (10, 15), (24, 25), (2, 32), (6, 24), (17, 7), (17, 26), (17, 29), (3, 16), (16, 6), (19, 30), (26, 28), (37, 30), (4, 2), (21, 10), (7, 12), (8, 27), (27, 5), (31, 24), (31, 35), (31, 38), (14, 37), (33, 17), (33, 25), (33, 32)]]","[[194.83972019240093, 35.656061432554125, 514.6322635059087, 59.39566485317866, 34.47169861871441, 141.4818225649909, 214.49331637505063, 2.418479761763729, 19.998015696700477, 414.83015236370636, 48.77920042136702, 52.06323647808398, 1.4614446808234738, 61.59260988050594, 33.986594121103714, 83.26762451685019, 63.90432063187635, 17.061607755399983, 4.7198465111807675, 24.889301839643213, 81.82190116684558, 35.01490911045323, 176.50620001746444, 158.70657191956224, 62.140597786589126, 76.36779285013716, 16.291407768753743, 544.8301232364638, 9.179264971416643, 88.66212710174047, 3.323196890656817]]"
747,"[[(0, 22), (0, 23), (0, 39), (11, 19), (20, 31), (20, 32), (22, 5), (10, 15), (24, 25), (2, 32), (6, 24), (17, 7), (17, 26), (17, 29), (3, 16), (16, 6), (19, 30), (26, 28), (37, 30), (4, 2), (21, 10), (7, 12), (8, 27), (27, 5), (31, 24), (31, 35), (31, 38), (14, 37), (33, 17), (33, 25), (33, 32)]]","[[220.7249902326035, 81.38467061564225, 422.1915362756472, 134.44325869576653, 16.849157140980406, 132.98778337731363, 199.49842135004204, 2.218013766343422, 3.643429940335957, 272.52275357259117, 54.91813641109628, 48.434561877630244, 3.9867736234435642, 97.54978595223174, 33.516303015535456, 94.85678694438577, 39.77068284497823, 3.129190641188652, 3.6813825492454595, 24.038452134168068, 12.710314360701204, 36.659763717952345, 322.8193140843543, 335.23499183096203, 78.90126593267017, 109.61154748144321, 135.8996438156982, 475.4244353189939, 9.223123430791123, 77.43210676006538, 1.3327693810623158]]"
748,"[[(0, 22), (0, 23), (0, 39), (11, 19), (20, 31), (20, 32), (22, 5), (10, 15), (24, 25), (2, 32), (6, 24), (17, 7), (17, 26), (17, 29), (3, 16), (16, 6), (19, 30), (26, 28), (37, 30), (4, 2), (21, 10), (7, 12), (8, 27), (27, 5), (31, 24), (31, 35), (31, 38), (14, 37), (33, 17), (33, 25), (33, 32)]]","[[254.3765860794551, 90.9930046999993, 916.6687096668328, 53.32875291287175, 44.848761005546315, 134.6841788354465, 229.97620919702007, 1.3891545526441589, 9.57585697698578, 369.20569945779965, 53.23396531021286, 49.20347089595221, 3.3665630462400284, 119.94181598064652, 26.076788223715056, 64.81041865840875, 61.400285099156974, 7.110111123791478, 3.795006273226266, 23.21694334708728, 65.34241070595883, 29.370194852325803, 147.7547580649479, 248.70277356658522, 65.22540950793282, 39.61083457729843, 149.77875932163946, 191.28933061054218, 10.905964386890467, 78.28323205858906, 6.734205435081504]]"
749,"[[(0, 22), (0, 23), (0, 39), (11, 19), (20, 31), (20, 32), (22, 5), (10, 15), (24, 25), (2, 32), (6, 24), (17, 7), (17, 26), (17, 29), (3, 16), (16, 6), (19, 30), (26, 28), (37, 30), (4, 2), (21, 10), (7, 12), (8, 27), (27, 5), (31, 24), (31, 35), (31, 38), (14, 37), (33, 17), (33, 25), (33, 32)]]","[[270.47465167144065, 34.712055268453945, 519.709625874856, 151.10761068857312, 38.002590745808035, 136.42891295275888, 213.94069282281913, 1.7479889300621463, 20.968278679450673, 311.6148508391061, 52.53089640770222, 43.20289184530675, 2.3399169358671106, 91.39553321903017, 42.1110257704339, 26.226585252006217, 62.0552261209251, 18.018656352005664, 3.212192738458805, 23.202526380939414, 52.4639516848926, 23.488816729406732, 219.94093874917914, 382.72536722369466, 79.06797926318548, 37.815835287994126, 144.10549010989047, 110.09069259666907, 12.118827944691258, 81.15804622989191, 6.815477856599902]]"
750,"[[(0, 22), (0, 23), (0, 39), (11, 19), (20, 31), (20, 32), (22, 5), (10, 15), (24, 25), (2, 32), (6, 24), (17, 7), (17, 26), (17, 29), (3, 16), (16, 6), (19, 30), (26, 28), (37, 30), (4, 2), (21, 10), (7, 12), (8, 27), (27, 5), (31, 24), (31, 35), (31, 38), (14, 37), (33, 17), (33, 25), (33, 32)]]","[[334.0306119656354, 50.7111426410773, 678.7025577184976, 68.03263835727577, 21.525158437096735, 139.1750306204649, 196.0299852135918, 3.6786519167935783, 6.813770843923701, 404.0107992948833, 51.353074435805624, 49.72889526800659, 4.75165018952689, 48.09449842480132, 43.1291690841382, 94.84662392876638, 58.70619501153558, 6.687763957945626, 4.4506993759117375, 23.204189985815333, 88.51729100200717, 68.98688680181013, 159.56909808674857, 184.6237023333515, 60.69514833710102, 71.3146812049709, 44.23122188865861, 230.61801898237064, 11.001471887533928, 91.16309218968198, 7.931807429502574]]"
751,"[[(0, 22), (0, 23), (0, 39), (11, 19), (20, 31), (20, 32), (22, 5), (10, 15), (24, 25), (2, 32), (6, 24), (17, 7), (17, 26), (17, 29), (3, 16), (16, 6), (19, 30), (26, 28), (37, 30), (4, 2), (21, 10), (7, 12), (8, 27), (27, 5), (31, 24), (31, 35), (31, 38), (14, 37), (33, 17), (33, 25), (33, 32)]]","[[106.15934156540854, 25.00366092171371, 561.0604337030134, 83.05182357514107, 6.989533260098817, 142.22126838718958, 210.1602433421282, 1.3564526051640304, 22.213095408674032, 296.6459743240748, 52.3081298688179, 45.13911946293308, 4.519801537111908, 123.2668597492038, 48.01119431849314, 54.16830514393807, 48.680034757480854, 4.3531410639088195, 4.782274080254604, 23.13220301607519, 75.71725046268136, 63.585604346336915, 116.32731213402177, 265.8807064817471, 73.41390938287621, 93.58087793031501, 96.96796872791573, 268.7812973708694, 15.061987678105133, 78.09961157516318, 7.066585660454605]]"
752,"[[(0, 22), (0, 23), (0, 39), (11, 19), (20, 31), (20, 32), (22, 5), (10, 15), (24, 25), (2, 32), (6, 24), (17, 7), (17, 26), (17, 29), (3, 16), (16, 6), (19, 30), (26, 28), (37, 30), (4, 2), (21, 10), (7, 12), (8, 27), (27, 5), (31, 24), (31, 35), (31, 38), (14, 37), (33, 17), (33, 25), (33, 32)]]","[[198.03161270469425, 114.6760019590353, 900.8287934475636, 122.31285804432875, 40.778262649766376, 137.8190406129358, 195.51830389016834, 1.7468915006009604, 17.039513728488895, 314.44444633541434, 48.34715242910134, 43.753760154099865, 3.968642142425944, 114.3176768374537, 76.4311125554573, 28.6574441700234, 58.31082406756705, 3.344418778865529, 4.372738765012812, 23.181203462258026, 67.67869767395973, 50.298113468203596, 102.03091126066747, 251.7044855659272, 73.23837369999399, 40.13446398248027, 42.353799004757335, 565.975137791748, 12.870033857333187, 87.88526565069351, 4.204145430764877]]"
753,"[[(0, 22), (0, 23), (0, 39), (11, 19), (20, 31), (20, 32), (22, 5), (10, 15), (24, 25), (2, 32), (6, 24), (17, 7), (17, 26), (17, 29), (3, 16), (16, 6), (19, 30), (26, 28), (37, 30), (4, 2), (21, 10), (7, 12), (8, 27), (27, 5), (31, 24), (31, 35), (31, 38), (14, 37), (33, 17), (33, 25), (33, 32)]]","[[282.4606990114298, 105.33088790329467, 435.2463581212938, 92.67999031335502, 4.204288076179413, 131.96822866541137, 213.06528654543277, 4.872457443843335, 12.415608220024122, 319.89048387901676, 48.98301717551223, 43.43396697087372, 1.4458347384120733, 121.13011058612295, 52.92468080967252, 112.02429291646068, 37.70723042719668, 7.699626458136921, 4.734375111715895, 23.979133164371497, 83.55789201279161, 24.824813393965652, 313.16835035063264, 305.67213667438693, 75.60904300723953, 77.72754905527387, 28.745606423786874, 270.15925945786427, 13.031282372693585, 91.24443861939594, 8.930179038345916]]"
754,"[[(0, 22), (0, 23), (0, 39), (11, 19), (20, 31), (20, 32), (22, 5), (10, 15), (24, 25), (2, 32), (6, 24), (17, 7), (17, 26), (17, 29), (3, 16), (16, 6), (19, 30), (26, 28), (37, 30), (4, 2), (21, 10), (7, 12), (8, 27), (27, 5), (31, 24), (31, 35), (31, 38), (14, 37), (33, 17), (33, 25), (33, 32)]]","[[346.71601891851884, 97.300570261496, 1020.4948962607913, 87.01059701097998, 7.601003751105711, 142.3820276215705, 227.4671828461732, 4.472854685743782, 17.573540150003634, 381.46940603633936, 54.0155745451424, 51.28560011962947, 1.0728283916518464, 86.42305729761365, 61.141825823033166, 107.42701979559203, 56.86972284369334, 2.9562393062619625, 4.997711978993238, 23.586009138014667, 47.69680226767095, 50.122869098129094, 77.15185275564392, 197.49222446530482, 72.50306349504463, 38.0676605084048, 168.1170848245434, 621.258492264607, 14.257726842205184, 77.04969803105153, 2.798873903310798]]"
755,"[[(0, 22), (0, 23), (0, 39), (11, 19), (20, 31), (20, 32), (22, 5), (10, 15), (24, 25), (2, 32), (6, 24), (17, 7), (17, 26), (17, 29), (3, 16), (16, 6), (19, 30), (26, 28), (37, 30), (4, 2), (21, 10), (7, 12), (8, 27), (27, 5), (31, 24), (31, 35), (31, 38), (14, 37), (33, 17), (33, 25), (33, 32)]]","[[258.5685112211897, 46.24767171498693, 1066.144087681457, 151.67723806794822, 14.88998784243777, 143.02923248799218, 193.57034645586694, 4.3604351354046536, 1.2832398892212415, 313.58674174888733, 50.404256902151246, 40.68850941742965, 3.799633783127702, 130.3077349974178, 77.49314366025112, 110.6762739224138, 37.90797717989658, 8.441869152189042, 4.707440717299634, 23.631753498967985, 79.66982351039411, 58.66223217297083, 368.6440444316468, 279.6309133535359, 78.56186435344917, 77.32945502417104, 74.41955132052763, 115.74829383639245, 11.551302933383301, 86.51545399914548, 4.285834561850756]]"
756,"[[(0, 22), (0, 23), (0, 39), (11, 19), (20, 31), (20, 32), (22, 5), (10, 15), (24, 25), (2, 32), (6, 24), (17, 7), (17, 26), (17, 29), (3, 16), (16, 6), (19, 30), (26, 28), (37, 30), (4, 2), (21, 10), (7, 12), (8, 27), (27, 5), (31, 24), (31, 35), (31, 38), (14, 37), (33, 17), (33, 25), (33, 32)]]","[[167.90940581118977, 102.71361340100366, 887.4074207224546, 52.90969944609168, 45.27790446562695, 131.3260052521267, 196.3355759586196, 2.3690550703758637, 24.70017462997625, 373.1614560041935, 49.720142341093606, 49.756368296929374, 3.6386423615198904, 91.14225664593127, 31.052074230539016, 59.21225256359911, 50.85590240989684, 15.529593946471412, 4.3898175670899455, 23.010191531300233, 62.5503586391653, 33.71406300803682, 84.06430687551381, 317.25793093463574, 67.1162872881741, 41.77061651714801, 51.758087726442845, 567.1811503698831, 8.023205696550976, 85.9351780382295, 1.4164141006600008]]"
757,"[[(0, 22), (0, 23), (0, 39), (11, 19), (20, 31), (20, 32), (22, 5), (10, 15), (24, 25), (2, 32), (6, 24), (17, 7), (17, 26), (17, 29), (3, 16), (16, 6), (19, 30), (26, 28), (37, 30), (4, 2), (21, 10), (7, 12), (8, 27), (27, 5), (31, 24), (31, 35), (31, 38), (14, 37), (33, 17), (33, 25), (33, 32)]]","[[216.23709412298905, 35.04812186233527, 1124.2809231627548, 52.577945942896356, 34.7348707960799, 139.53019418427687, 190.77460370963144, 2.6778775059477384, 21.37593101252631, 390.88897484858353, 49.16052645652559, 37.626054760433995, 3.1529750010112023, 147.5603215035119, 78.48383688965384, 86.73290546528678, 38.10886826430473, 9.55411483580938, 3.4952562796056403, 23.668425061082047, 52.56061172073835, 26.119567438413096, 342.1058800957707, 196.80672855048635, 73.4760061118575, 97.05503950175591, 32.350131870754566, 429.27824210623857, 15.527447656008324, 80.35265085693042, 7.3521393795548295]]"
758,"[[(0, 22), (0, 23), (0, 39), (11, 19), (20, 31), (20, 32), (22, 5), (10, 15), (24, 25), (2, 32), (6, 24), (17, 7), (17, 26), (17, 29), (3, 16), (16, 6), (19, 30), (26, 28), (37, 30), (4, 2), (21, 10), (7, 12), (8, 27), (27, 5), (31, 24), (31, 35), (31, 38), (14, 37), (33, 17), (33, 25), (33, 32)]]","[[269.4614605559767, 45.31015134784734, 1086.2143803791307, 42.92008908072295, 43.04120303793585, 137.6260990162319, 181.38630744606633, 1.2396419787817674, 16.427999385002227, 293.3001863323655, 48.802866250360715, 51.18953951025495, 4.669583797489967, 134.00796475964455, 62.620901531021126, 25.809301817136976, 52.86121373177028, 14.605016567522382, 3.4347326064648804, 24.971682032691753, 58.312153388163516, 77.1793095298619, 342.3221850461178, 273.3741193252979, 59.98817547888073, 50.31873741742082, 36.94809518428458, 360.8052071088355, 9.793268392569757, 83.72175332697331, 6.663841805130425]]"
759,"[[(0, 22), (0, 23), (0, 39), (11, 19), (20, 31), (20, 32), (22, 5), (10, 15), (24, 25), (2, 32), (6, 24), (17, 7), (17, 26), (17, 29), (3, 16), (16, 6), (19, 30), (26, 28), (37, 30), (4, 2), (21, 10), (7, 12), (8, 27), (27, 5), (31, 24), (31, 35), (31, 38), (14, 37), (33, 17), (33, 25), (33, 32)]]","[[270.5213688605015, 96.39165456889562, 997.5127796064891, 104.38089861543844, 28.747011786637454, 134.51348032005012, 196.38747005157714, 4.876382342556676, 0.6657237425447622, 279.159440095604, 51.05520896430782, 47.960286674592886, 4.691713174129169, 122.69184657517394, 71.39620472767058, 69.00629234707792, 46.2379044870107, 14.347586146842659, 3.308044075383327, 23.32632510110711, 77.61788065809642, 32.241375858153006, 135.33541546129945, 300.9715997619645, 76.38259670277439, 109.04356056444134, 43.28849761480876, 196.0865255655016, 10.778060663680355, 84.83945994926363, 2.799845521881216]]"
760,"[[(0, 22), (0, 23), (0, 39), (11, 19), (20, 31), (20, 32), (22, 5), (10, 15), (24, 25), (2, 32), (6, 24), (17, 7), (17, 26), (17, 29), (3, 16), (16, 6), (19, 30), (26, 28), (37, 30), (4, 2), (21, 10), (7, 12), (8, 27), (27, 5), (31, 24), (31, 35), (31, 38), (14, 37), (33, 17), (33, 25), (33, 32)]]","[[190.19655530444857, 32.5879780393939, 345.3780372316627, 44.21069686434896, 25.459007680298097, 133.49163939657765, 175.69854829741263, 3.8997927594598627, 0.2279800553649054, 402.59154560803694, 55.455002408090685, 51.37557237546916, 3.7302824535477606, 91.4385060296958, 77.32911797939227, 48.012093617746686, 63.34525550181286, 8.817378961304527, 4.528131269571975, 23.262772974699956, 26.175902069342072, 31.734227614648837, 377.2387434389493, 320.1048273921866, 78.97918517427819, 72.24482282453127, 65.19165753553295, 226.91203306660745, 12.901299168176994, 77.43130810719187, 8.681395791543512]]"
761,"[[(0, 22), (0, 23), (0, 39), (11, 19), (20, 31), (20, 32), (22, 5), (10, 15), (24, 25), (2, 32), (6, 24), (17, 7), (17, 26), (17, 29), (3, 16), (16, 6), (19, 30), (26, 28), (37, 30), (4, 2), (21, 10), (7, 12), (8, 27), (27, 5), (31, 24), (31, 35), (31, 38), (14, 37), (33, 17), (33, 25), (33, 32)]]","[[94.08289539197293, 90.11492306171223, 1021.1734682119741, 39.01588537715687, 22.345260965018134, 136.57819350997931, 193.00777600132216, 2.2740076778561793, 10.44690572452187, 310.8933376209401, 50.68222418366866, 52.37842559869053, 2.385813667832118, 70.37179910578605, 43.413867812507426, 37.426209047973025, 61.725798190731894, 19.16011713124544, 4.886371958800055, 23.991942328238597, 33.31340368584019, 58.03192333118841, 77.59710327811405, 318.2465349110586, 68.80415048957511, 47.292044782433436, 161.75908287519633, 392.41314886835454, 12.843627694677078, 75.22360474122122, 2.1632605766567794]]"
762,"[[(0, 22), (0, 23), (0, 39), (11, 19), (20, 31), (20, 32), (22, 5), (10, 15), (24, 25), (2, 32), (6, 24), (17, 7), (17, 26), (17, 29), (3, 16), (16, 6), (19, 30), (26, 28), (37, 30), (4, 2), (21, 10), (7, 12), (8, 27), (27, 5), (31, 24), (31, 35), (31, 38), (14, 37), (33, 17), (33, 25), (33, 32)]]","[[331.7120612946312, 64.12648966011915, 437.72085453395164, 127.4011474422869, 25.533078401787154, 141.4680495259914, 201.5085096097971, 2.801623267571268, 0.9251001657381734, 343.663965823612, 54.29384643133885, 43.3092868118643, 4.901311173062628, 86.6790498804714, 36.3887923789439, 71.22396973394919, 48.779367894882974, 13.25902178911449, 3.3909223449993906, 23.803223725549646, 26.44077849614495, 73.5443778998269, 398.660682488596, 199.2557160799459, 75.55363629521159, 87.27144886612558, 156.23778955880945, 126.54671283147967, 10.567713089797682, 78.023593300553, 5.522472892865286]]"
763,"[[(0, 22), (0, 23), (0, 39), (11, 19), (20, 31), (20, 32), (22, 5), (10, 15), (24, 25), (2, 32), (6, 24), (17, 7), (17, 26), (17, 29), (3, 16), (16, 6), (19, 30), (26, 28), (37, 30), (4, 2), (21, 10), (7, 12), (8, 27), (27, 5), (31, 24), (31, 35), (31, 38), (14, 37), (33, 17), (33, 25), (33, 32)]]","[[145.16476666319505, 28.574633222293635, 1158.7004894387894, 113.90372648699154, 33.31678060405673, 133.36967497249128, 200.96927517570924, 1.4090074425819825, 22.046314129077604, 338.6987136165192, 50.78335225202014, 52.46237883878603, 1.1240129670251955, 133.79262095842864, 66.39665009738899, 112.49709996471027, 68.36907661571647, 3.1461938163465377, 3.4854736942485727, 23.81483436666458, 54.25140484409672, 16.062217112928334, 133.38500823948604, 330.13190386507785, 71.20377857380439, 105.50622550602783, 65.05439245704983, 90.59833286076295, 8.333917738747608, 77.24893930857571, 1.8981215629583996]]"
764,"[[(0, 22), (0, 23), (0, 39), (11, 19), (20, 31), (20, 32), (22, 5), (10, 15), (24, 25), (2, 32), (6, 24), (17, 7), (17, 26), (17, 29), (3, 16), (16, 6), (19, 30), (26, 28), (37, 30), (4, 2), (21, 10), (7, 12), (8, 27), (27, 5), (31, 24), (31, 35), (31, 38), (14, 37), (33, 17), (33, 25), (33, 32)]]","[[103.06021807687885, 111.58477235603826, 944.3337358476748, 104.70409896039831, 32.58665217149912, 133.26617796616395, 176.70500402066475, 4.009374061618564, 18.631768509650993, 369.8433227924098, 50.37268653895102, 49.82767825178728, 4.534264457586742, 85.927745772034, 47.685027734072776, 99.27463877886592, 41.85268651060494, 19.082522059179343, 4.725197973837943, 24.662140544925073, 41.03775217704149, 53.4137272653853, 301.7895870160205, 209.59542401972286, 70.93254910127163, 103.14838911140072, 43.88774049520409, 180.09389859510856, 13.508983436200452, 85.10665512909297, 2.6999028400159295]]"
765,"[[(0, 22), (0, 23), (0, 39), (11, 19), (20, 31), (20, 32), (22, 5), (10, 15), (24, 25), (2, 32), (6, 24), (17, 7), (17, 26), (17, 29), (3, 16), (16, 6), (19, 30), (26, 28), (37, 30), (4, 2), (21, 10), (7, 12), (8, 27), (27, 5), (31, 24), (31, 35), (31, 38), (14, 37), (33, 17), (33, 25), (33, 32)]]","[[109.42456555896301, 115.30121899305601, 898.4950157943547, 36.24784623019338, 29.33838796424233, 139.54990388041603, 209.03054695218094, 1.3409894182112128, 7.833842314555028, 380.16941314419284, 53.32809947946779, 52.44078055950705, 2.7365796336807016, 156.36909363604804, 75.69875456908676, 18.48888015882904, 50.31768140562823, 9.674010272987301, 3.624329522066958, 24.369816754993437, 11.421147699554535, 60.431104072670315, 158.84564980341628, 310.27129310871726, 60.89562978976849, 72.7860315127707, 131.89750566001064, 435.4138288026226, 10.36287518869564, 83.773813075927, 4.781718383547825]]"
766,"[[(0, 22), (0, 23), (0, 39), (11, 19), (20, 31), (20, 32), (22, 5), (10, 15), (24, 25), (2, 32), (6, 24), (17, 7), (17, 26), (17, 29), (3, 16), (16, 6), (19, 30), (26, 28), (37, 30), (4, 2), (21, 10), (7, 12), (8, 27), (27, 5), (31, 24), (31, 35), (31, 38), (14, 37), (33, 17), (33, 25), (33, 32)]]","[[237.4098726094804, 22.972775314487205, 798.4168474339107, 63.29607955179532, 47.10971709050359, 131.74921490918229, 196.1966258236376, 1.5706992703872027, 12.585397947564877, 349.7791438475866, 53.470798646687456, 53.54185771973438, 2.7331209302821593, 62.594975296348906, 52.412438949888255, 107.22680357388485, 50.06564158285782, 8.458275196509984, 3.102077335101429, 24.877755700698174, 78.23909306140969, 28.359213095293025, 415.2006634578773, 357.2657636430155, 59.39444386435382, 93.150441594174, 38.25900327947328, 578.022129063291, 11.504026109243489, 90.93164949756519, 4.549581298001813]]"
767,"[[(0, 22), (0, 23), (0, 39), (11, 19), (20, 31), (20, 32), (22, 5), (10, 15), (24, 25), (2, 32), (6, 24), (17, 7), (17, 26), (17, 29), (3, 16), (16, 6), (19, 30), (26, 28), (37, 30), (4, 2), (21, 10), (7, 12), (8, 27), (27, 5), (31, 24), (31, 35), (31, 38), (14, 37), (33, 17), (33, 25), (33, 32)]]","[[351.84515440977884, 59.45818149329719, 135.60011062862253, 105.32847081099261, 35.733921767290894, 132.16269534059717, 220.1853550893083, 2.7690097339949946, 2.196855039413784, 404.27740828394155, 53.624459268058885, 48.851628077633805, 2.3489074482610515, 137.7903434476247, 35.83164557496794, 52.051247393931554, 57.1637714286303, 2.1108807668512615, 4.514281749987822, 24.917646028763574, 24.391368507666915, 21.549342062009572, 317.7333198950689, 273.5761743563802, 75.55736186481715, 102.87186302655779, 20.749053742987, 84.64883635034903, 15.130417999385909, 94.22987134197929, 1.9432149421693694]]"
768,"[[(0, 22), (0, 23), (0, 39), (11, 19), (20, 31), (20, 32), (22, 5), (10, 15), (24, 25), (2, 32), (6, 24), (17, 7), (17, 26), (17, 29), (3, 16), (16, 6), (19, 30), (26, 28), (37, 30), (4, 2), (21, 10), (7, 12), (8, 27), (27, 5), (31, 24), (31, 35), (31, 38), (14, 37), (33, 17), (33, 25), (33, 32)]]","[[361.4990409889604, 30.417545708275057, 569.2014828247204, 158.89049886325145, 21.993000500313485, 143.21445033354814, 202.77911836464895, 1.8401535668521243, 18.99049003082898, 280.54227471625614, 54.27950672885423, 42.61973270256699, 1.210163378339212, 155.26016486952045, 75.86557947708222, 127.02773619931313, 61.55606205318452, 5.807015432848142, 4.1714829470940815, 24.970636554578636, 25.70213822538926, 36.67578223987047, 390.9669122445216, 400.29817172758123, 70.08604525198665, 59.01137950849872, 150.2324917096438, 280.21615018819995, 8.160272858273071, 93.27197876038423, 4.6427156932222555]]"
769,"[[(0, 22), (0, 23), (0, 39), (11, 19), (20, 31), (20, 32), (22, 5), (10, 15), (24, 25), (2, 32), (6, 24), (17, 7), (17, 26), (17, 29), (3, 16), (16, 6), (19, 30), (26, 28), (37, 30), (4, 2), (21, 10), (7, 12), (8, 27), (27, 5), (31, 24), (31, 35), (31, 38), (14, 37), (33, 17), (33, 25), (33, 32)]]","[[216.16462843507662, 91.70288634512455, 620.6605902867275, 112.91681288705462, 22.21993739231483, 139.9903887909506, 203.0318339918098, 2.7796537993068595, 1.392727420350303, 319.0974627823027, 49.2181656097494, 47.61826605568485, 2.6078926576195887, 53.23123828732037, 37.58271063314208, 66.45202153435768, 46.53465910519374, 9.970914476387923, 3.001189689327919, 23.49869908448789, 65.68290224968231, 21.02380068249323, 219.1584974061499, 201.0494459895179, 65.2595308913241, 89.00382429514423, 104.97565263840293, 269.197356835556, 14.156494535595623, 90.85136377338965, 5.475967946998271]]"
770,"[[(0, 22), (0, 23), (0, 39), (11, 19), (20, 31), (20, 32), (22, 5), (10, 15), (24, 25), (2, 32), (6, 24), (17, 7), (17, 26), (17, 29), (3, 16), (16, 6), (19, 30), (26, 28), (37, 30), (4, 2), (21, 10), (7, 12), (8, 27), (27, 5), (31, 24), (31, 35), (31, 38), (14, 37), (33, 17), (33, 25), (33, 32)]]","[[150.53828747767088, 110.51308116581811, 470.9599349455505, 98.68946218664519, 42.927800732325544, 131.60743189775377, 180.35482159895145, 2.4714337001752167, 25.236948602801732, 407.6915340081785, 50.64655131814227, 41.40745080899377, 4.242982409763693, 143.74264667824718, 77.14709325667907, 27.843202084524414, 60.32953310547276, 3.3874774044865767, 4.385161480367767, 24.99487899601355, 49.24095015901067, 18.81675571505388, 204.7148797734685, 282.2418803423478, 61.488816010765596, 37.9523389267897, 117.55606555930497, 488.32732519579315, 14.840964543700668, 81.86043457879214, 8.61330290570412]]"
771,"[[(0, 22), (0, 23), (0, 39), (11, 19), (20, 31), (20, 32), (22, 5), (10, 15), (24, 25), (2, 32), (6, 24), (17, 7), (17, 26), (17, 29), (3, 16), (16, 6), (19, 30), (26, 28), (37, 30), (4, 2), (21, 10), (7, 12), (8, 27), (27, 5), (31, 24), (31, 35), (31, 38), (14, 37), (33, 17), (33, 25), (33, 32)]]","[[148.9496842469749, 72.59758520134224, 391.0563876482567, 52.15162940620729, 35.53259691005304, 143.05776969021352, 219.21068565161048, 4.669037452320711, 3.7663394569259028, 359.0031255765787, 54.541062079040714, 47.38454086906316, 4.503928981992859, 155.5158355640144, 69.99412491800972, 22.985511036577833, 57.43062614119384, 11.553935277078896, 4.300001451802459, 23.130399012663013, 73.62281958229232, 44.660167840248, 302.13344609284707, 220.35351610984952, 81.69789807288727, 92.05754400481547, 122.98667075401447, 186.4974100285037, 12.505943920461032, 88.17561173983809, 2.61925295531423]]"
772,"[[(0, 22), (0, 23), (0, 39), (11, 19), (20, 31), (20, 32), (22, 5), (10, 15), (24, 25), (2, 32), (6, 24), (17, 7), (17, 26), (17, 29), (3, 16), (16, 6), (19, 30), (26, 28), (37, 30), (4, 2), (21, 10), (7, 12), (8, 27), (27, 5), (31, 24), (31, 35), (31, 38), (14, 37), (33, 17), (33, 25), (33, 32)]]","[[303.02488366445544, 46.86424087780817, 1050.6798900889657, 41.72422107386053, 44.76419438302805, 139.7085696361557, 186.77853904370272, 1.6787792649623805, 12.900713015464213, 270.07884245968756, 54.991649842909865, 43.90736463826482, 4.657585243315916, 62.0734702505152, 78.37799809217435, 63.17026669608806, 41.00764587993248, 11.363370436977409, 4.998969080618448, 23.13406610467974, 9.672575758900878, 75.74607820418319, 312.9523617114648, 229.03157795020073, 66.04248655419042, 102.62846060699457, 16.477824420347353, 336.9705639601856, 12.901672368478877, 79.57411314656416, 7.7566386779312575]]"
773,"[[(0, 22), (0, 23), (0, 39), (11, 19), (20, 31), (20, 32), (22, 5), (10, 15), (24, 25), (2, 32), (6, 24), (17, 7), (17, 26), (17, 29), (3, 16), (16, 6), (19, 30), (26, 28), (37, 30), (4, 2), (21, 10), (7, 12), (8, 27), (27, 5), (31, 24), (31, 35), (31, 38), (14, 37), (33, 17), (33, 25), (33, 32)]]","[[169.81246518967808, 87.14357040809638, 721.7216805997118, 36.397634984543465, 36.88915369595969, 139.20836474175854, 218.0673663050543, 2.642897087273591, 0.7420497431120014, 271.0368211667163, 54.13928101244886, 49.466396045002426, 4.025136123113579, 143.52239470303635, 43.42484870985024, 42.11861948083707, 61.07280766641686, 6.178946421304345, 4.89316017594871, 23.44911493466711, 65.54769192225976, 80.54181014656709, 146.4819341339071, 348.95875405819413, 81.20468807107055, 40.18297864874197, 82.23153597155182, 223.00330852908812, 13.104074176196068, 90.57664500755936, 2.0052869190556297]]"
774,"[[(0, 22), (0, 23), (0, 39), (11, 19), (20, 31), (20, 32), (22, 5), (10, 15), (24, 25), (2, 32), (6, 24), (17, 7), (17, 26), (17, 29), (3, 16), (16, 6), (19, 30), (26, 28), (37, 30), (4, 2), (21, 10), (7, 12), (8, 27), (27, 5), (31, 24), (31, 35), (31, 38), (14, 37), (33, 17), (33, 25), (33, 32)]]","[[194.824675302351, 80.18019193361008, 49.93124694611959, 41.18796829580844, 15.586704923310347, 136.40651368058235, 197.09744716868073, 2.9658647795869912, 0.08208666611019866, 285.3145567712996, 52.37152131404284, 52.02220702704393, 3.0389696592709896, 52.6399604061218, 63.552008529705155, 88.8900027846052, 62.277521429191985, 9.62200380603582, 4.965370335916042, 24.591912480967885, 76.5931129545237, 25.680221831492304, 244.26008279981738, 276.30452919895885, 67.80083113354024, 58.59136748704934, 47.234983637117914, 168.04582361297173, 13.69752896474122, 76.81275151151117, 3.2936205890672516]]"
775,"[[(0, 22), (0, 23), (0, 39), (11, 19), (20, 31), (20, 32), (22, 5), (10, 15), (24, 25), (2, 32), (6, 24), (17, 7), (17, 26), (17, 29), (3, 16), (16, 6), (19, 30), (26, 28), (37, 30), (4, 2), (21, 10), (7, 12), (8, 27), (27, 5), (31, 24), (31, 35), (31, 38), (14, 37), (33, 17), (33, 25), (33, 32)]]","[[346.6380918658991, 97.9894885469565, 840.3933345106003, 61.36575069345924, 16.532110505400695, 131.59324370648463, 223.43121338186322, 3.2019235815071756, 14.652994564938227, 325.6942532084096, 55.75377687379753, 43.91329360908033, 4.240884501082396, 78.83309312336367, 61.754212116345414, 115.38420432323107, 53.98946127605822, 11.928198408513385, 4.547916518597316, 24.884804575181633, 65.12084630747891, 51.02032396442598, 375.53117560774933, 352.47679663747596, 81.79053457864678, 56.255515459086, 180.15644319969368, 83.09090261042897, 13.878780290305007, 89.34308038742076, 5.10715607096366]]"
776,"[[(0, 22), (0, 23), (0, 39), (11, 19), (20, 31), (20, 32), (22, 5), (10, 15), (24, 25), (2, 32), (6, 24), (17, 7), (17, 26), (17, 29), (3, 16), (16, 6), (19, 30), (26, 28), (37, 30), (4, 2), (21, 10), (7, 12), (8, 27), (27, 5), (31, 24), (31, 35), (31, 38), (14, 37), (33, 17), (33, 25), (33, 32)]]","[[193.84839471164426, 64.8547344612642, 305.38157690216485, 82.12093314329465, 43.075044623982514, 141.55241515256415, 224.07996436102508, 4.554389669715896, 5.385303713640171, 406.4112420742895, 51.60497183342492, 44.99988532236257, 3.8634771279800915, 56.85452271538742, 48.295106035037506, 119.68375735241808, 64.76672106400818, 5.995132518535466, 3.864218971584622, 24.854386798407276, 73.54015225916109, 24.323855449300993, 84.37796580096148, 191.77286611686034, 81.79227307390452, 71.59995826524167, 113.35038084227916, 244.65776249080696, 15.932210620847869, 81.18372210195729, 1.193429023491687]]"
777,"[[(0, 22), (0, 23), (0, 39), (11, 19), (20, 31), (20, 32), (22, 5), (10, 15), (24, 25), (2, 32), (6, 24), (17, 7), (17, 26), (17, 29), (3, 16), (16, 6), (19, 30), (26, 28), (37, 30), (4, 2), (21, 10), (7, 12), (8, 27), (27, 5), (31, 24), (31, 35), (31, 38), (14, 37), (33, 17), (33, 25), (33, 32)]]","[[229.20511562196376, 27.08921385612526, 410.2398177217337, 132.62392912076263, 32.19181174508425, 142.8439312083721, 194.35580503817604, 2.8778357403360104, 13.853117830623534, 394.5952222629955, 51.97104593502907, 47.516782358380915, 2.425352454125081, 63.56168785430722, 43.57485314822847, 95.26922378581901, 48.44279063313497, 16.534210013323555, 4.580314449482231, 23.783690795873138, 86.19067106058633, 81.00136540764898, 280.4197532690009, 345.3798594794548, 62.18887893586643, 94.94415452144491, 118.55895119106968, 479.7105541292096, 13.802073764492825, 81.02898623965183, 7.599298049779782]]"
778,"[[(0, 22), (0, 23), (0, 39), (11, 19), (20, 31), (20, 32), (22, 5), (10, 15), (24, 25), (2, 32), (6, 24), (17, 7), (17, 26), (17, 29), (3, 16), (16, 6), (19, 30), (26, 28), (37, 30), (4, 2), (21, 10), (7, 12), (8, 27), (27, 5), (31, 24), (31, 35), (31, 38), (14, 37), (33, 17), (33, 25), (33, 32)]]","[[305.1745223715942, 78.62541793682537, 639.3327243006662, 58.1936813936417, 15.964470689458112, 133.060228258194, 174.00415880655626, 4.628091934715448, 13.819791409994476, 328.4344931257987, 51.098363743214875, 45.55230746254834, 4.790661286738372, 155.58910909180474, 37.455034018588066, 106.67432442738482, 41.520752117574034, 3.16789966148925, 3.724215414491372, 23.019345078423715, 76.18732684726754, 84.1121986697739, 99.60224637653226, 286.21588297464206, 75.55556737596886, 37.530958259925704, 54.854982636160116, 62.391853523979755, 11.644661013080762, 94.48665587455272, 3.21878377737952]]"
779,"[[(0, 22), (0, 23), (0, 39), (11, 19), (20, 31), (20, 32), (22, 5), (10, 15), (24, 25), (2, 32), (6, 24), (17, 7), (17, 26), (17, 29), (3, 16), (16, 6), (19, 30), (26, 28), (37, 30), (4, 2), (21, 10), (7, 12), (8, 27), (27, 5), (31, 24), (31, 35), (31, 38), (14, 37), (33, 17), (33, 25), (33, 32)]]","[[178.17050021502456, 27.080775993036006, 724.8516922217549, 137.62350228215598, 33.88141082584117, 134.1626510962586, 221.3405663473803, 3.6059400668971304, 4.4584263605778895, 268.46345708134595, 55.28931883262788, 52.80411860183358, 1.4086558212567262, 53.627199759948326, 39.08512914798213, 92.99005786574878, 42.595702309217266, 14.912527622769062, 4.606156628187657, 24.42691421738694, 13.809919038260114, 59.79896424728412, 265.49936685062687, 341.3346795053163, 72.84345890198507, 54.01614950133932, 147.98958073277765, 524.2631789681795, 15.948917482155156, 93.47931490726602, 4.681175903487983]]"
780,"[[(0, 22), (0, 23), (0, 39), (11, 19), (20, 31), (20, 32), (22, 5), (10, 15), (24, 25), (2, 32), (6, 24), (17, 7), (17, 26), (17, 29), (3, 16), (16, 6), (19, 30), (26, 28), (37, 30), (4, 2), (21, 10), (7, 12), (8, 27), (27, 5), (31, 24), (31, 35), (31, 38), (14, 37), (33, 17), (33, 25), (33, 32)]]","[[260.2334728878351, 87.97565635095842, 1133.8719020787134, 112.95408453174826, 48.71093042123055, 141.091475633068, 172.08758713866015, 2.2770166157566054, 23.033194666696925, 285.97785138532487, 50.68482289436382, 51.68943357138812, 3.964801669326358, 101.35059226168526, 27.693465404218383, 47.51086564242886, 38.74684841921902, 10.010479273130512, 4.3722918613183746, 24.1355406721245, 24.444645869484063, 52.79715399660076, 317.918010509749, 366.9444786880441, 64.67152644936098, 74.23270633110576, 167.91875885597423, 263.76276401815886, 9.72019973936239, 83.90499833483602, 7.456495737613888]]"
781,"[[(0, 22), (0, 23), (0, 39), (11, 19), (20, 31), (20, 32), (22, 5), (10, 15), (24, 25), (2, 32), (6, 24), (17, 7), (17, 26), (17, 29), (3, 16), (16, 6), (19, 30), (26, 28), (37, 30), (4, 2), (21, 10), (7, 12), (8, 27), (27, 5), (31, 24), (31, 35), (31, 38), (14, 37), (33, 17), (33, 25), (33, 32)]]","[[239.14339829777546, 46.03630970606153, 402.73704687558103, 47.63745905580228, 12.258574950035579, 142.60418705006956, 178.08056059923695, 1.4376333513239477, 13.240727211903003, 274.05104614780737, 50.70929771790808, 45.730673088488196, 4.0175106966964895, 56.85904734798769, 29.573088708297078, 30.147187693598667, 47.98474588966599, 7.891424386529083, 4.6039042520811915, 23.251406032308175, 77.66027255494714, 46.786456945844606, 378.4374873288998, 363.8943687261856, 77.19642888683308, 101.09205086247603, 108.9447783953197, 144.6328654632904, 11.88518747836413, 85.5406762238895, 1.8500465771729155]]"
782,"[[(0, 22), (0, 23), (0, 39), (11, 19), (20, 31), (20, 32), (22, 5), (10, 15), (24, 25), (2, 32), (6, 24), (17, 7), (17, 26), (17, 29), (3, 16), (16, 6), (19, 30), (26, 28), (37, 30), (4, 2), (21, 10), (7, 12), (8, 27), (27, 5), (31, 24), (31, 35), (31, 38), (14, 37), (33, 17), (33, 25), (33, 32)]]","[[364.6383212703563, 82.77108733480655, 128.23764641620056, 70.6187774102309, 48.598725775426395, 140.93894752809032, 176.20489468871583, 2.9601692166793776, 19.37594733863789, 370.7494896132964, 48.08367265288519, 43.07107027465074, 4.146436078955702, 65.95562999496369, 35.63431678467208, 42.38401103164265, 42.9878322476285, 3.5438942003497322, 3.6101645127173074, 24.481412566401666, 29.604291923091743, 62.0674018097701, 367.00576661898566, 401.98221859121963, 59.42613773825846, 65.46934108323266, 79.3603007261172, 566.7141560479661, 13.279861497855599, 83.08143553474164, 6.759430014862376]]"
783,"[[(0, 22), (0, 23), (0, 39), (11, 19), (20, 31), (20, 32), (22, 5), (10, 15), (24, 25), (2, 32), (6, 24), (17, 7), (17, 26), (17, 29), (3, 16), (16, 6), (19, 30), (26, 28), (37, 30), (4, 2), (21, 10), (7, 12), (8, 27), (27, 5), (31, 24), (31, 35), (31, 38), (14, 37), (33, 17), (33, 25), (33, 32)]]","[[176.74440908754633, 50.99555363585573, 151.67802271197039, 63.32290915766661, 10.9217113799936, 131.974457559857, 230.93547837037408, 4.363627782493426, 18.47981069630607, 347.25792582220413, 48.315671949498245, 36.91594135961647, 1.519818705073777, 120.4221491190315, 48.50577507281383, 91.76143115276457, 53.96174893273151, 2.184541564928037, 3.2485574242116666, 24.68680916224, 36.831188250332815, 64.55946973091892, 335.5185455651427, 284.7389623053245, 72.76969759006735, 102.8305047775722, 17.563459372741303, 199.54819926132262, 8.575802613289998, 86.64898039608656, 5.5989991651062985]]"
784,"[[(0, 22), (0, 23), (0, 39), (11, 19), (20, 31), (20, 32), (22, 5), (10, 15), (24, 25), (2, 32), (6, 24), (17, 7), (17, 26), (17, 29), (3, 16), (16, 6), (19, 30), (26, 28), (37, 30), (4, 2), (21, 10), (7, 12), (8, 27), (27, 5), (31, 24), (31, 35), (31, 38), (14, 37), (33, 17), (33, 25), (33, 32)]]","[[292.59210945614086, 53.38479663401886, 25.560834690367777, 153.36510604031818, 24.209598822681485, 136.34198839180948, 203.5638750242736, 4.643978524222435, 0.1462431029299791, 307.36305301075885, 52.48662317067342, 44.77680250847752, 1.2308876228570687, 150.8980988465649, 54.14823338995265, 125.3105357231496, 43.98561479830528, 12.540034693783541, 4.408879353957644, 23.35411338225142, 52.47178608082957, 56.9761250278498, 246.23628689477022, 306.9172238008139, 77.19772322051264, 45.010569006527405, 104.50948960885427, 107.068986132456, 15.461429430780385, 91.3847013864953, 3.4208310880945882]]"
785,"[[(0, 22), (0, 23), (0, 39), (11, 19), (20, 31), (20, 32), (22, 5), (10, 15), (24, 25), (2, 32), (6, 24), (17, 7), (17, 26), (17, 29), (3, 16), (16, 6), (19, 30), (26, 28), (37, 30), (4, 2), (21, 10), (7, 12), (8, 27), (27, 5), (31, 24), (31, 35), (31, 38), (14, 37), (33, 17), (33, 25), (33, 32)]]","[[193.0727789778552, 21.24587403536254, 858.8828990126865, 141.7292383614809, 45.23294333966426, 131.04061134971317, 191.87711355121704, 2.8817705616287284, 6.685516294836813, 272.8248814693233, 51.951949730944705, 39.752255148010036, 1.6659915596839907, 105.44823279032104, 65.76191815092864, 27.2224111250734, 50.886816309574435, 16.16394468070514, 4.364862419837786, 24.041657151734086, 75.99171970760104, 66.82451160463091, 260.1016490942029, 278.83908516999554, 69.25491934661156, 68.34530261720563, 18.644689863938606, 199.718113418615, 12.057911762527276, 84.49947509118623, 6.5549397537726986]]"
786,"[[(0, 22), (0, 23), (0, 39), (11, 19), (20, 31), (20, 32), (22, 5), (10, 15), (24, 25), (2, 32), (6, 24), (17, 7), (17, 26), (17, 29), (3, 16), (16, 6), (19, 30), (26, 28), (37, 30), (4, 2), (21, 10), (7, 12), (8, 27), (27, 5), (31, 24), (31, 35), (31, 38), (14, 37), (33, 17), (33, 25), (33, 32)]]","[[147.8588782694365, 99.13214484343493, 155.06821986431368, 38.36339224864412, 33.413296165189124, 130.14815844718066, 203.63112899306893, 1.5617087572663095, 12.17768092979695, 332.0530625555133, 52.59327199061488, 51.33464311258833, 2.5872231495909146, 105.23829666583768, 46.13417177793961, 83.84075724324553, 65.3959770630419, 14.656857405335835, 3.4350168812629507, 23.38151610698034, 80.67154580599444, 87.97967610316395, 171.21891067199888, 332.90727979378073, 61.53857743276674, 85.02574906958444, 33.55312502586976, 415.01502543905775, 10.417796237755223, 82.13122379706009, 8.780864506683443]]"
787,"[[(0, 22), (0, 23), (0, 39), (11, 19), (20, 31), (20, 32), (22, 5), (10, 15), (24, 25), (2, 32), (6, 24), (17, 7), (17, 26), (17, 29), (3, 16), (16, 6), (19, 30), (26, 28), (37, 30), (4, 2), (21, 10), (7, 12), (8, 27), (27, 5), (31, 24), (31, 35), (31, 38), (14, 37), (33, 17), (33, 25), (33, 32)]]","[[179.24863688850104, 45.598242049237655, 815.9008726449767, 107.30402393438419, 16.45536201137984, 140.46723059896226, 220.67444361954455, 2.2657919247959057, 8.615350964871272, 383.4216519889533, 54.46102482301396, 48.869750243823226, 2.7367117757272124, 92.88040705854135, 58.817469050732065, 24.66070828114014, 46.22846839124511, 17.752844187776468, 4.607747230934071, 23.029918403049336, 36.93101778269012, 74.71874281422696, 101.29544055736064, 273.32784713661573, 64.73224903915865, 88.15968670703607, 52.48386181677764, 181.79951279179738, 11.51663316717966, 86.22966117201393, 6.297463716654587]]"
788,"[[(0, 22), (0, 23), (0, 39), (11, 19), (20, 31), (20, 32), (22, 5), (10, 15), (24, 25), (2, 32), (6, 24), (17, 7), (17, 26), (17, 29), (3, 16), (16, 6), (19, 30), (26, 28), (37, 30), (4, 2), (21, 10), (7, 12), (8, 27), (27, 5), (31, 24), (31, 35), (31, 38), (14, 37), (33, 17), (33, 25), (33, 32)]]","[[100.83073417321704, 98.24324732064775, 961.763696710299, 53.74853835893751, 22.881508890234816, 137.9670823848743, 200.86927492597442, 1.075029402420932, 19.31317385296722, 272.5483736156035, 52.38275746071736, 50.979547770951335, 2.981855604166385, 124.31494524652129, 69.50208248773231, 40.41614715089073, 61.19428049138986, 17.189087224566055, 3.707381807610664, 24.866801685879846, 13.784621663375189, 85.30015455202721, 156.58310803920548, 269.4415852260348, 59.74644135187262, 96.36382789767926, 36.33031737472578, 336.1147104252161, 13.319930421532586, 86.37508697229222, 5.860834483698061]]"
789,"[[(0, 22), (0, 23), (0, 39), (11, 19), (20, 31), (20, 32), (22, 5), (10, 15), (24, 25), (2, 32), (6, 24), (17, 7), (17, 26), (17, 29), (3, 16), (16, 6), (19, 30), (26, 28), (37, 30), (4, 2), (21, 10), (7, 12), (8, 27), (27, 5), (31, 24), (31, 35), (31, 38), (14, 37), (33, 17), (33, 25), (33, 32)]]","[[170.4450204414627, 39.54025205488444, 939.6128767961942, 82.50796663664067, 13.536402345607456, 134.67127104620113, 199.70062334148656, 4.3911250027091295, 20.69095753049141, 409.60093672697514, 49.9604241244936, 36.340600467858344, 3.6276257826098526, 106.03797852237211, 26.450976298162594, 112.99582992903727, 55.641140832122296, 12.92127049373835, 4.280898195717892, 24.982778277209633, 73.51967053899514, 32.646958146993356, 359.44335116826903, 284.1989961090844, 77.37231492889507, 56.54787885123858, 40.140711453244066, 259.8277941755616, 11.3795942921209, 90.80897529670489, 3.4899231412120946]]"
790,"[[(0, 22), (0, 23), (0, 39), (11, 19), (20, 31), (20, 32), (22, 5), (10, 15), (24, 25), (2, 32), (6, 24), (17, 7), (17, 26), (17, 29), (3, 16), (16, 6), (19, 30), (26, 28), (37, 30), (4, 2), (21, 10), (7, 12), (8, 27), (27, 5), (31, 24), (31, 35), (31, 38), (14, 37), (33, 17), (33, 25), (33, 32)]]","[[185.671370521512, 72.27622917234739, 615.8852447310528, 157.91557855016603, 13.88035535627332, 141.45272739362957, 188.12460637470835, 2.2998814797695166, 2.0026951650201266, 343.28017128166596, 48.6681527009904, 53.31339546217488, 4.066489724746866, 74.4636401926441, 45.39525882148265, 26.564740114504545, 60.74765617591044, 8.551692438604618, 4.124398959359209, 24.928050547848805, 62.10903691133592, 65.7997333397074, 415.8538378276139, 347.84863121271803, 62.817799828970884, 71.47091990330654, 120.26171756131953, 408.23771196070885, 9.356134025564511, 85.68190014805079, 1.963700910504996]]"
791,"[[(0, 22), (0, 23), (0, 39), (11, 19), (20, 31), (20, 32), (22, 5), (10, 15), (24, 25), (2, 32), (6, 24), (17, 7), (17, 26), (17, 29), (3, 16), (16, 6), (19, 30), (26, 28), (37, 30), (4, 2), (21, 10), (7, 12), (8, 27), (27, 5), (31, 24), (31, 35), (31, 38), (14, 37), (33, 17), (33, 25), (33, 32)]]","[[146.3853333218044, 31.524294320810174, 1041.973498745811, 166.81010164693163, 11.636540056583089, 130.5682258648738, 227.2991920002789, 2.8113093003954224, 7.889913300829205, 293.4532954517796, 51.96675518159028, 42.70504053213453, 3.520625425339882, 147.19513451801373, 61.13386129768001, 63.136934575552196, 67.14916479090428, 6.888969251839367, 4.576571434818308, 23.739648376735218, 88.7863980753344, 76.31502649051683, 333.2943243514487, 220.57532623928455, 73.92033166941468, 53.005968631741226, 39.99626675722627, 466.81875357134294, 11.398391278254454, 84.8887678669765, 3.740777767662025]]"
792,"[[(0, 22), (0, 23), (0, 39), (11, 19), (20, 31), (20, 32), (22, 5), (10, 15), (24, 25), (2, 32), (6, 24), (17, 7), (17, 26), (17, 29), (3, 16), (16, 6), (19, 30), (26, 28), (37, 30), (4, 2), (21, 10), (7, 12), (8, 27), (27, 5), (31, 24), (31, 35), (31, 38), (14, 37), (33, 17), (33, 25), (33, 32)]]","[[291.52699658185054, 73.18050393078894, 142.709441606638, 158.47340860145266, 48.96896713105905, 142.28937883297982, 217.56803287404193, 4.929005701593949, 23.286690483574727, 263.1802369554672, 51.150854380980476, 40.58543660212705, 2.997035810541635, 148.58647940580119, 59.051267377007186, 111.35980516753592, 50.024468940803544, 9.820495949511942, 4.7391867331901265, 24.138932469955073, 13.799026181546605, 47.10556771739537, 173.33568684894823, 295.573453169849, 63.63580555580294, 48.620775994797214, 32.452608254696926, 355.1744155677292, 8.349757969117146, 79.00446095870251, 3.8526258974612198]]"
793,"[[(0, 22), (0, 23), (0, 39), (11, 19), (20, 31), (20, 32), (22, 5), (10, 15), (24, 25), (2, 32), (6, 24), (17, 7), (17, 26), (17, 29), (3, 16), (16, 6), (19, 30), (26, 28), (37, 30), (4, 2), (21, 10), (7, 12), (8, 27), (27, 5), (31, 24), (31, 35), (31, 38), (14, 37), (33, 17), (33, 25), (33, 32)]]","[[337.0508148252315, 83.38290078330527, 419.3271915805416, 80.00029551642317, 37.77689468310534, 130.12209796904358, 227.0430949505346, 2.031330915831444, 12.275597764906804, 342.7760394820625, 50.05566450402082, 41.092434286823135, 1.3657136768930709, 112.87591895532195, 63.686466621179854, 124.62147894579543, 68.44173147392047, 19.37536994221223, 4.169921994044973, 24.339159125804603, 46.13024549434228, 62.41618642106874, 409.1783405988098, 250.54072184442788, 63.76218041788579, 51.5986091122833, 116.57537301581291, 357.27384197297357, 12.377642254291631, 88.14776894182789, 7.5825624533204]]"
794,"[[(0, 22), (0, 23), (0, 39), (11, 19), (20, 31), (20, 32), (22, 5), (10, 15), (24, 25), (2, 32), (6, 24), (17, 7), (17, 26), (17, 29), (3, 16), (16, 6), (19, 30), (26, 28), (37, 30), (4, 2), (21, 10), (7, 12), (8, 27), (27, 5), (31, 24), (31, 35), (31, 38), (14, 37), (33, 17), (33, 25), (33, 32)]]","[[213.5265807709497, 108.6920701383222, 690.6859434884714, 95.85483519675755, 37.5487046805908, 141.47271761450614, 192.49849049223485, 3.340172226115563, 2.130088977077315, 386.8644701619555, 51.588809182704914, 52.35840854911064, 3.862925013538985, 123.99883438292176, 40.1618264653423, 42.35179715163707, 59.88185966984907, 11.246116083685251, 3.5367493580505425, 23.960436769517564, 12.029244171040805, 30.57087877946865, 329.830000519628, 351.09973575247886, 74.2742371697482, 42.27713173074892, 114.31282810064924, 30.260241213739512, 11.390650093147688, 89.19229612832856, 2.943250847038086]]"
795,"[[(0, 22), (0, 23), (0, 39), (11, 19), (20, 31), (20, 32), (22, 5), (10, 15), (24, 25), (2, 32), (6, 24), (17, 7), (17, 26), (17, 29), (3, 16), (16, 6), (19, 30), (26, 28), (37, 30), (4, 2), (21, 10), (7, 12), (8, 27), (27, 5), (31, 24), (31, 35), (31, 38), (14, 37), (33, 17), (33, 25), (33, 32)]]","[[131.5635505183863, 96.45794075894267, 509.5335533856193, 125.1566193423774, 32.22282123516828, 142.2875781218085, 196.2362435462031, 3.843243270679412, 13.463931528965558, 364.2943506893265, 49.71031134369558, 46.069517123687774, 3.462453932908954, 151.19453425029957, 64.8859710048033, 73.96803809227188, 55.170055685575456, 2.9023757276995807, 3.574860457563768, 23.749614330201037, 22.697046668621624, 78.16227866152386, 362.32120275487944, 153.26771646668826, 64.71087272134841, 85.81758950948331, 166.36687936404925, 303.51761137809615, 10.349111425525619, 88.6329060616883, 3.527883631554647]]"
796,"[[(0, 22), (0, 23), (0, 39), (11, 19), (20, 31), (20, 32), (22, 5), (10, 15), (24, 25), (2, 32), (6, 24), (17, 7), (17, 26), (17, 29), (3, 16), (16, 6), (19, 30), (26, 28), (37, 30), (4, 2), (21, 10), (7, 12), (8, 27), (27, 5), (31, 24), (31, 35), (31, 38), (14, 37), (33, 17), (33, 25), (33, 32)]]","[[372.9917840244332, 22.77390535325025, 478.0536481407054, 103.07953211936868, 14.171401713023343, 137.2588169718537, 207.01549130699536, 4.550328146378748, 16.8668583078459, 413.6410669870803, 55.28864283141904, 43.708795185799005, 3.220260617680583, 116.18296617595541, 78.03053698049399, 113.8328546584459, 59.1636744850443, 19.329062595570832, 3.423899680853872, 23.26820820076514, 63.47670762021, 25.02509072596356, 236.87903015790272, 144.44315397601582, 60.030334967079924, 76.33770627687889, 35.80487729721466, 489.66719069866247, 8.991920485608077, 77.04145677906295, 1.0406027248995189]]"
797,"[[(0, 22), (0, 23), (0, 39), (11, 19), (20, 31), (20, 32), (22, 5), (10, 15), (24, 25), (2, 32), (6, 24), (17, 7), (17, 26), (17, 29), (3, 16), (16, 6), (19, 30), (26, 28), (37, 30), (4, 2), (21, 10), (7, 12), (8, 27), (27, 5), (31, 24), (31, 35), (31, 38), (14, 37), (33, 17), (33, 25), (33, 32)]]","[[198.72392553541982, 106.00346452584125, 841.8258608608113, 150.36030450162144, 22.002956115482945, 136.3693053588108, 225.91362320852505, 2.320137928084361, 19.89979646579608, 378.4737433691812, 50.94726547496482, 36.397767019273346, 1.5345555584834396, 60.139717300415384, 67.78140065069599, 30.602367650758797, 61.743789509828915, 12.127619108684199, 3.807939122110766, 23.18541332302264, 82.31443659405662, 18.252914069365062, 268.25448416519407, 319.58212578519556, 59.91930496997644, 58.085241062398865, 102.96172898860893, 601.6483125207137, 12.152638985877779, 79.26183502352217, 1.028134345969118]]"
798,"[[(0, 22), (0, 23), (0, 39), (11, 19), (20, 31), (20, 32), (22, 5), (10, 15), (24, 25), (2, 32), (6, 24), (17, 7), (17, 26), (17, 29), (3, 16), (16, 6), (19, 30), (26, 28), (37, 30), (4, 2), (21, 10), (7, 12), (8, 27), (27, 5), (31, 24), (31, 35), (31, 38), (14, 37), (33, 17), (33, 25), (33, 32)]]","[[163.7643876811333, 87.35709760960573, 553.2800890030302, 129.80065121833005, 19.159627683346535, 133.5652683384739, 220.56143290315543, 1.2057064659297168, 10.443842949370604, 378.0342544982784, 50.69708260445898, 53.534573424322275, 4.8875987204226226, 160.29518271633418, 44.399324004605894, 68.26160733701167, 37.98881103157177, 17.42596037397569, 4.485927167535442, 24.36455118332802, 40.646070580620176, 62.52867784237886, 285.23444390242867, 261.37395560003597, 66.99773274270004, 55.061770159406066, 176.5453090694226, 584.599646096823, 12.824912964737285, 86.21525283029192, 8.86206879821292]]"
799,"[[(0, 22), (0, 23), (0, 39), (11, 19), (20, 31), (20, 32), (22, 5), (10, 15), (24, 25), (2, 32), (6, 24), (17, 7), (17, 26), (17, 29), (3, 16), (16, 6), (19, 30), (26, 28), (37, 30), (4, 2), (21, 10), (7, 12), (8, 27), (27, 5), (31, 24), (31, 35), (31, 38), (14, 37), (33, 17), (33, 25), (33, 32)]]","[[144.6309213948711, 110.28367903057864, 393.4427718569043, 108.37751063796671, 40.28107682610618, 136.5030186515479, 213.27719645113868, 2.2740060111812244, 7.787055798651664, 282.10941486644356, 50.72489982374256, 53.78479000015474, 2.1620853171922545, 140.3878527444111, 30.840105645547073, 18.646886503920207, 37.02202734816808, 14.28725293219336, 3.652454311825129, 24.06549412058528, 40.65226715937552, 21.90111402440202, 256.5858791534166, 291.1447224829223, 70.85859443156065, 83.51631132661981, 21.6827251027929, 324.37241190523923, 15.95058829022916, 87.2361192224936, 4.727746002358532]]"
800,"[[(0, 22), (0, 23), (0, 39), (11, 19), (20, 31), (20, 32), (22, 5), (10, 15), (24, 25), (2, 32), (6, 24), (17, 7), (17, 26), (17, 29), (3, 16), (16, 6), (19, 30), (26, 28), (37, 30), (4, 2), (21, 10), (7, 12), (8, 27), (27, 5), (31, 24), (31, 35), (31, 38), (14, 37), (33, 17), (33, 25), (33, 32)]]","[[269.62496909143204, 98.2178844536729, 134.69028264949014, 95.45441682876248, 9.155408292363777, 133.6266090798192, 173.01636497456252, 3.993505124352773, 15.502866189835018, 304.18054368186955, 53.56206277721688, 46.64902516295271, 2.9695976989170463, 110.57293169143524, 55.99314336439309, 23.33036848090823, 44.329860177838896, 5.377870411499799, 3.063931757476368, 23.962689993714143, 81.48534476473577, 27.200954614719777, 238.70701680403982, 180.11282192912662, 75.95633384809678, 80.89782273123532, 99.87201140019842, 71.28989634689583, 10.522084276720872, 79.30048631119669, 2.1358491493111185]]"
801,"[[(0, 22), (0, 23), (0, 39), (11, 19), (20, 31), (20, 32), (22, 5), (10, 15), (24, 25), (2, 32), (6, 24), (17, 7), (17, 26), (17, 29), (3, 16), (16, 6), (19, 30), (26, 28), (37, 30), (4, 2), (21, 10), (7, 12), (8, 27), (27, 5), (31, 24), (31, 35), (31, 38), (14, 37), (33, 17), (33, 25), (33, 32)]]","[[170.00795346100165, 21.66106982070819, 296.30130142105264, 59.900297501122765, 42.25307253481106, 137.0387647067162, 226.52859536445015, 2.9135449536466607, 9.170412766812724, 296.10706178824154, 49.9690962198435, 36.361309607923516, 3.8636668968485197, 124.59023359435281, 26.191165100005385, 101.5229533994059, 49.39285655432232, 8.596812432150681, 4.631668498000274, 24.47657162818746, 49.240340453578746, 64.83016669572382, 322.1536015449268, 348.22149955154356, 78.34417550487933, 99.15470779256836, 113.5146273236287, 275.8830128932879, 11.425168617680736, 80.37358205918784, 6.754168735831798]]"
802,"[[(0, 22), (0, 23), (0, 39), (11, 19), (20, 31), (20, 32), (22, 5), (10, 15), (24, 25), (2, 32), (6, 24), (17, 7), (17, 26), (17, 29), (3, 16), (16, 6), (19, 30), (26, 28), (37, 30), (4, 2), (21, 10), (7, 12), (8, 27), (27, 5), (31, 24), (31, 35), (31, 38), (14, 37), (33, 17), (33, 25), (33, 32)]]","[[260.2127331115148, 29.79390289740429, 341.08000274917833, 120.17428571633215, 8.045916330010602, 136.0607438445556, 191.80014986077092, 3.0078782978226184, 24.122768397662213, 349.39266221945394, 54.92461816471024, 46.09140077940791, 3.384030606702211, 109.55702542892547, 49.82817055210464, 24.725976463830165, 53.58856966091775, 7.261053590399563, 3.7731279137519373, 24.836573194171375, 13.929871466995433, 49.46645288870245, 379.2733315363097, 381.55284552572505, 70.87774268381426, 81.57546677901558, 100.94611979488822, 170.15158052720795, 11.44250597899585, 80.75389037894873, 2.8143509340043273]]"
803,"[[(0, 22), (0, 23), (0, 39), (11, 19), (20, 31), (20, 32), (22, 5), (10, 15), (24, 25), (2, 32), (6, 24), (17, 7), (17, 26), (17, 29), (3, 16), (16, 6), (19, 30), (26, 28), (37, 30), (4, 2), (21, 10), (7, 12), (8, 27), (27, 5), (31, 24), (31, 35), (31, 38), (14, 37), (33, 17), (33, 25), (33, 32)]]","[[162.0772461326498, 107.83369558331862, 222.70035169647429, 132.67944714392297, 46.238362142522725, 143.15276159501266, 174.46820420706263, 1.6606736950030276, 16.666765711936193, 384.5709563520426, 53.33822232225366, 44.39721722588597, 1.9926360228436817, 151.90975194670744, 66.35619899880503, 90.00635525751078, 70.32303078939375, 15.986314910084824, 3.326620024418883, 23.004632104080954, 52.51447451638871, 51.81910913702769, 349.272898881823, 155.72332154044625, 81.27396303561233, 46.79764689903969, 116.14272248839136, 71.92731063016058, 8.417280753358863, 75.31886418625928, 7.438967018072977]]"
804,"[[(0, 22), (0, 23), (0, 39), (11, 19), (20, 31), (20, 32), (22, 5), (10, 15), (24, 25), (2, 32), (6, 24), (17, 7), (17, 26), (17, 29), (3, 16), (16, 6), (19, 30), (26, 28), (37, 30), (4, 2), (21, 10), (7, 12), (8, 27), (27, 5), (31, 24), (31, 35), (31, 38), (14, 37), (33, 17), (33, 25), (33, 32)]]","[[334.4216858514209, 36.30964286068385, 252.57539476970868, 165.3055485402973, 23.893731710107005, 134.84297998645272, 207.40686560952852, 4.419983387486905, 17.72596806853435, 396.0076753521749, 52.48878599529692, 45.8083202139892, 2.127058649593485, 131.93074631452134, 42.13170952530669, 121.7585758243947, 68.12090027292867, 3.310306617958664, 4.213682479868286, 24.3668234492743, 76.75676419647674, 85.99449868125534, 355.05951551017176, 277.9261575976891, 74.78260173144778, 103.06480657238251, 131.003320680593, 181.69137042774307, 13.868508181915383, 78.64316939102368, 7.644422330310431]]"
805,"[[(0, 22), (0, 23), (0, 39), (11, 19), (20, 31), (20, 32), (22, 5), (10, 15), (24, 25), (2, 32), (6, 24), (17, 7), (17, 26), (17, 29), (3, 16), (16, 6), (19, 30), (26, 28), (37, 30), (4, 2), (21, 10), (7, 12), (8, 27), (27, 5), (31, 24), (31, 35), (31, 38), (14, 37), (33, 17), (33, 25), (33, 32)]]","[[375.83278893892214, 91.5640580328675, 886.8947477992244, 37.59757962457298, 20.222404056456604, 137.7826256731491, 187.78009859248192, 4.587361168192554, 22.639001043878135, 288.8762070380577, 48.17020212927779, 47.0878321090356, 3.146938824033589, 72.7574277804217, 79.6946882871627, 44.7962167537202, 60.54245179355347, 17.14688311998911, 3.3590516623353452, 24.830649260298834, 44.849131438083965, 21.533933632916977, 406.40335288797127, 337.64719359838125, 78.0428800695918, 55.43859519002619, 178.22728234513318, 554.4079596729019, 9.895566315565754, 89.37712432933209, 2.3057412504586265]]"
806,"[[(0, 22), (0, 23), (0, 39), (11, 19), (20, 31), (20, 32), (22, 5), (10, 15), (24, 25), (2, 32), (6, 24), (17, 7), (17, 26), (17, 29), (3, 16), (16, 6), (19, 30), (26, 28), (37, 30), (4, 2), (21, 10), (7, 12), (8, 27), (27, 5), (31, 24), (31, 35), (31, 38), (14, 37), (33, 17), (33, 25), (33, 32)]]","[[278.4449444107189, 48.619697952825874, 556.5022826204311, 114.18927289323702, 42.517597667526246, 143.72163643544556, 212.6319609789995, 1.6988960222507186, 5.660649430141497, 338.22489717354165, 52.43346871788063, 36.03072223427583, 2.786766396254978, 56.14890312149471, 58.203147078634096, 33.05811737298275, 65.32391829585931, 14.793208428438216, 4.706090776965306, 23.1130740354861, 79.86733593920866, 89.68373211887997, 256.4152104684202, 221.46071769613917, 71.95098764433618, 105.55712249304052, 18.375894285893736, 348.62533596531824, 13.577093259257495, 75.5725650105947, 5.168428036754595]]"
807,"[[(0, 22), (0, 23), (0, 39), (11, 19), (20, 31), (20, 32), (22, 5), (10, 15), (24, 25), (2, 32), (6, 24), (17, 7), (17, 26), (17, 29), (3, 16), (16, 6), (19, 30), (26, 28), (37, 30), (4, 2), (21, 10), (7, 12), (8, 27), (27, 5), (31, 24), (31, 35), (31, 38), (14, 37), (33, 17), (33, 25), (33, 32)]]","[[363.47946010192726, 72.34268549165711, 350.65889768202106, 66.75273908712319, 45.58580953147963, 130.3071111751569, 225.51102799044014, 1.572337859773667, 16.28597827201922, 271.0647276238777, 48.188027941575236, 37.50350806001772, 4.636502190276712, 114.17698589594816, 26.881748601687796, 105.6615345951252, 70.72465802379908, 15.69732048787828, 3.7127391886604597, 23.83512725460763, 22.81764663475343, 20.196348879224466, 332.61512906485467, 144.13467358977869, 79.1763952366737, 53.40139945043025, 46.49760488011544, 393.24839262210094, 13.468801459109194, 88.86892112559559, 2.389176001744966]]"
808,"[[(0, 22), (0, 23), (0, 39), (11, 19), (20, 31), (20, 32), (22, 5), (10, 15), (24, 25), (2, 32), (6, 24), (17, 7), (17, 26), (17, 29), (3, 16), (16, 6), (19, 30), (26, 28), (37, 30), (4, 2), (21, 10), (7, 12), (8, 27), (27, 5), (31, 24), (31, 35), (31, 38), (14, 37), (33, 17), (33, 25), (33, 32)]]","[[206.97545273282051, 40.83201804914263, 886.3394054143571, 156.31520460256343, 39.893671108168576, 134.46710474538264, 221.14926622760728, 4.123038947356582, 15.96915933656112, 402.39364507239725, 48.08659314958081, 52.69650253550876, 2.1498646406146253, 128.61448772738225, 49.5891703413601, 118.80266728479579, 43.83964146384313, 6.375513196449091, 4.741955362281331, 24.62142800224853, 21.0376412244724, 44.246564135537206, 159.85283137583667, 314.7896622361754, 61.36197921505057, 39.09623638002514, 25.159435481390695, 493.02728125031723, 11.010568331756897, 88.26495511835647, 7.117161107502015]]"
809,"[[(0, 22), (0, 23), (0, 39), (11, 19), (20, 31), (20, 32), (22, 5), (10, 15), (24, 25), (2, 32), (6, 24), (17, 7), (17, 26), (17, 29), (3, 16), (16, 6), (19, 30), (26, 28), (37, 30), (4, 2), (21, 10), (7, 12), (8, 27), (27, 5), (31, 24), (31, 35), (31, 38), (14, 37), (33, 17), (33, 25), (33, 32)]]","[[289.95367484520574, 33.509545235847156, 937.6306571508737, 40.21646423777733, 46.2903649829625, 142.03885938842217, 221.6890308074259, 3.558974879624494, 12.627133045013355, 286.1078402978113, 51.92709250922569, 39.206400258368966, 2.2828258152917256, 106.25651211746143, 79.63536450381704, 113.52863138745224, 41.443202832486335, 12.861241591990979, 3.0613165214159626, 24.044063908837398, 74.46680637300506, 23.29184105657133, 385.1447066994667, 332.35086818276613, 73.01803125321916, 91.04043848257695, 114.33609517611254, 616.8622873767156, 12.320592931359732, 84.27048605200038, 3.16133229010953]]"
810,"[[(0, 22), (0, 23), (0, 39), (11, 19), (20, 31), (20, 32), (22, 5), (10, 15), (24, 25), (2, 32), (6, 24), (17, 7), (17, 26), (17, 29), (3, 16), (16, 6), (19, 30), (26, 28), (37, 30), (4, 2), (21, 10), (7, 12), (8, 27), (27, 5), (31, 24), (31, 35), (31, 38), (14, 37), (33, 17), (33, 25), (33, 32)]]","[[93.5165073747489, 92.84628683574076, 574.5664913145652, 120.72181010265261, 6.005961363090482, 143.57391424553575, 192.54050762812227, 1.3248243495248384, 6.349278829667641, 397.4700216913159, 49.88125346060188, 52.8944744612166, 1.6619762465455734, 80.9771534394194, 63.87394235378539, 125.42643932283558, 47.75973277433126, 5.057274934300617, 3.978318169720697, 23.186967188140915, 43.220347116980115, 80.05716472573353, 179.38909407038813, 331.438428989194, 74.84055742575565, 66.52467553710412, 127.87074064921079, 99.7818364431395, 11.808650801054684, 77.17783377738358, 7.07850133729189]]"
811,"[[(0, 22), (0, 23), (0, 39), (11, 19), (20, 31), (20, 32), (22, 5), (10, 15), (24, 25), (2, 32), (6, 24), (17, 7), (17, 26), (17, 29), (3, 16), (16, 6), (19, 30), (26, 28), (37, 30), (4, 2), (21, 10), (7, 12), (8, 27), (27, 5), (31, 24), (31, 35), (31, 38), (14, 37), (33, 17), (33, 25), (33, 32)]]","[[98.65172058930858, 115.32484950270245, 47.172709844420424, 162.19673001221608, 46.91860300395785, 131.90272264109552, 172.0468485889414, 3.775678745421057, 16.536988425393684, 312.97824878154586, 50.26910608866024, 39.36262510626797, 4.549904659646813, 139.74985351248517, 38.880797627785356, 92.14061399612912, 54.06346308855199, 15.793851893621683, 4.2293540067079505, 23.081534239543, 70.30366110420961, 81.60081129580684, 328.6013333306982, 176.34278140502718, 71.886473307492, 47.75014450894652, 138.69984541337033, 404.901378576225, 13.301538673016436, 85.25841310474765, 3.34624857202237]]"
812,"[[(0, 22), (0, 23), (0, 39), (11, 19), (20, 31), (20, 32), (22, 5), (10, 15), (24, 25), (2, 32), (6, 24), (17, 7), (17, 26), (17, 29), (3, 16), (16, 6), (19, 30), (26, 28), (37, 30), (4, 2), (21, 10), (7, 12), (8, 27), (27, 5), (31, 24), (31, 35), (31, 38), (14, 37), (33, 17), (33, 25), (33, 32)]]","[[368.20878898757667, 113.49402428081973, 1020.8225553382111, 165.29213917778753, 3.8479800000122024, 141.8997343263772, 178.63438692529544, 3.1973098562628683, 9.11245270887267, 283.3434890298847, 49.78416032088725, 47.788781439269115, 3.7383283234699967, 50.83108889950233, 77.66810149999418, 83.92824755738081, 45.27307420671095, 5.159969706400371, 4.138130669002884, 23.925538756241394, 75.99440729628554, 42.81438590339968, 318.75354253069827, 174.0605025745401, 74.20941915116592, 73.16882240068662, 14.731785670503475, 87.33996247495696, 8.612081632185777, 91.38672891798794, 3.446522339746222]]"
813,"[[(0, 22), (0, 23), (0, 39), (11, 19), (20, 31), (20, 32), (22, 5), (10, 15), (24, 25), (2, 32), (6, 24), (17, 7), (17, 26), (17, 29), (3, 16), (16, 6), (19, 30), (26, 28), (37, 30), (4, 2), (21, 10), (7, 12), (8, 27), (27, 5), (31, 24), (31, 35), (31, 38), (14, 37), (33, 17), (33, 25), (33, 32)]]","[[335.7763097811945, 102.36325844837917, 324.4945723634, 72.18053215096339, 26.045365778527948, 131.8673289637643, 214.36264856400143, 4.570063981348618, 10.181808463805092, 360.29914788552435, 51.11423298404618, 36.29817876344291, 2.633606405328447, 114.43183788858603, 37.05149847070859, 75.45405040766019, 48.967732427903016, 3.9169596817345544, 4.420450832867878, 23.668891910143103, 86.82094200888994, 52.62819750749228, 148.10685455915058, 340.71441254048045, 66.98369629409619, 80.02219916752559, 46.9157817239655, 210.94147573396023, 12.466812170165026, 91.02304827142538, 6.399410626894612]]"
814,"[[(0, 22), (0, 23), (0, 39), (11, 19), (20, 31), (20, 32), (22, 5), (10, 15), (24, 25), (2, 32), (6, 24), (17, 7), (17, 26), (17, 29), (3, 16), (16, 6), (19, 30), (26, 28), (37, 30), (4, 2), (21, 10), (7, 12), (8, 27), (27, 5), (31, 24), (31, 35), (31, 38), (14, 37), (33, 17), (33, 25), (33, 32)]]","[[188.87556824478202, 30.828012947505275, 902.3722036803849, 125.29766993004316, 11.031958726877562, 139.07304801481732, 190.26308626861305, 4.81937448627995, 23.966958105414808, 291.4728880677292, 54.96876157166285, 47.824527522630255, 3.128155091783705, 57.21679818258254, 47.94239799111223, 78.3720240770362, 67.60343425659562, 3.115387101131336, 4.323312596697293, 23.4173514078193, 77.23346932662493, 33.04968773976861, 157.83920568463566, 367.10808850191245, 67.1909129143417, 55.54206124684504, 18.169026651030222, 537.8421641389778, 10.297611994957048, 79.46158842271954, 6.665401792675866]]"
815,"[[(0, 22), (0, 23), (0, 39), (11, 19), (20, 31), (20, 32), (22, 5), (10, 15), (24, 25), (2, 32), (6, 24), (17, 7), (17, 26), (17, 29), (3, 16), (16, 6), (19, 30), (26, 28), (37, 30), (4, 2), (21, 10), (7, 12), (8, 27), (27, 5), (31, 24), (31, 35), (31, 38), (14, 37), (33, 17), (33, 25), (33, 32)]]","[[310.7659260878981, 84.00294589215285, 1050.295289537898, 115.28956080589602, 14.106974596993428, 135.01765642571377, 201.07426005691678, 4.138322040018828, 16.070991612019434, 395.842674555964, 48.64633379516672, 42.167336316526196, 1.0620885490282777, 88.48739280699061, 68.2901829290752, 124.07788254917351, 46.203044735021635, 11.06231353381771, 3.2414420596243945, 23.867645557571056, 46.655962240036814, 87.76109586040752, 138.39490434538504, 244.3100630381736, 61.065490993558015, 92.74974684289103, 151.02749630712455, 114.52392489055268, 14.455791977271687, 88.21859168076521, 2.286537896579876]]"
816,"[[(0, 22), (0, 23), (0, 39), (11, 19), (20, 31), (20, 32), (22, 5), (10, 15), (24, 25), (2, 32), (6, 24), (17, 7), (17, 26), (17, 29), (3, 16), (16, 6), (19, 30), (26, 28), (37, 30), (4, 2), (21, 10), (7, 12), (8, 27), (27, 5), (31, 24), (31, 35), (31, 38), (14, 37), (33, 17), (33, 25), (33, 32)]]","[[112.57108371748322, 29.236305207529302, 152.5373494389922, 128.7206550781956, 25.29186130823156, 139.77999378631134, 227.48328307919593, 1.9064909519249302, 22.27719450180681, 325.0444131493369, 52.755287828927464, 43.89836286211923, 1.7623900342358283, 90.7522710393675, 30.599428619345325, 26.375333617156908, 38.83169807357002, 14.693649676964151, 3.735435439791676, 23.98906660732563, 29.300863076912318, 45.98373172318443, 99.54986420477086, 211.56487028621413, 59.34594090234276, 47.50031584474963, 99.4533809079283, 162.83198604105587, 15.739670466465373, 80.87090638291954, 1.106528278122484]]"
817,"[[(0, 22), (0, 23), (0, 39), (11, 19), (20, 31), (20, 32), (22, 5), (10, 15), (24, 25), (2, 32), (6, 24), (17, 7), (17, 26), (17, 29), (3, 16), (16, 6), (19, 30), (26, 28), (37, 30), (4, 2), (21, 10), (7, 12), (8, 27), (27, 5), (31, 24), (31, 35), (31, 38), (14, 37), (33, 17), (33, 25), (33, 32)]]","[[106.86669644243844, 34.70956492218384, 1107.744418978851, 50.28212129921442, 8.164226843290873, 139.10559845706874, 199.33218890348112, 1.7619116449447758, 8.013384077838632, 374.3915817113203, 51.36912552414809, 42.189661934564015, 4.245519768341038, 140.21115019148482, 32.37738930939895, 39.621540620971146, 61.3398063852923, 2.7943098765962846, 4.968572461511234, 24.533468108371004, 45.47560150939256, 64.50332504331985, 71.43399190791939, 345.1774514881693, 66.92997008743058, 94.98700663487918, 84.80694738968339, 47.501656049026806, 11.006007119153663, 81.2542778380249, 2.7595964325139954]]"
818,"[[(0, 22), (0, 23), (0, 39), (11, 19), (20, 31), (20, 32), (22, 5), (10, 15), (24, 25), (2, 32), (6, 24), (17, 7), (17, 26), (17, 29), (3, 16), (16, 6), (19, 30), (26, 28), (37, 30), (4, 2), (21, 10), (7, 12), (8, 27), (27, 5), (31, 24), (31, 35), (31, 38), (14, 37), (33, 17), (33, 25), (33, 32)]]","[[245.64977592671053, 34.129678954631274, 996.306057518813, 85.37454165746452, 41.19048292932055, 130.9735909466376, 188.07263436137308, 2.2398409079879644, 13.06097234365108, 283.8005732966681, 55.40309639256738, 43.514457377039804, 3.952528130593903, 103.80771836670235, 68.55759332826224, 39.487255748650604, 41.65590755894321, 6.7125530957154, 4.5784741613538715, 23.04130006937276, 28.313030535087034, 79.05909329124393, 214.7467435156102, 201.2530341665962, 64.20835860353806, 96.80809403106306, 113.79821631792937, 55.00636266242826, 10.320195361773479, 92.09354970865746, 1.3555470776124015]]"
819,"[[(0, 22), (0, 23), (0, 39), (11, 19), (20, 31), (20, 32), (22, 5), (10, 15), (24, 25), (2, 32), (6, 24), (17, 7), (17, 26), (17, 29), (3, 16), (16, 6), (19, 30), (26, 28), (37, 30), (4, 2), (21, 10), (7, 12), (8, 27), (27, 5), (31, 24), (31, 35), (31, 38), (14, 37), (33, 17), (33, 25), (33, 32)]]","[[188.1318699570866, 58.08646579612315, 742.9592718921724, 104.00412703613644, 31.05328674794869, 138.5277877919617, 211.57110168146528, 3.9357187754265013, 8.308650028823758, 328.12857920258693, 50.602970187773, 44.48931105835832, 1.2449413673617848, 54.2189530390597, 38.65155786372762, 60.948749178990695, 51.9328282547975, 3.5261371591565576, 3.966220420031337, 24.127888314650267, 42.30246502939706, 23.54620543618703, 340.21103285333606, 253.965472773144, 59.04769142515224, 63.795446204919365, 54.235578414772334, 369.01172718806447, 15.251463931626771, 92.76735804213743, 5.030137445496626]]"
820,"[[(0, 22), (0, 23), (0, 39), (11, 19), (20, 31), (20, 32), (22, 5), (10, 15), (24, 25), (2, 32), (6, 24), (17, 7), (17, 26), (17, 29), (3, 16), (16, 6), (19, 30), (26, 28), (37, 30), (4, 2), (21, 10), (7, 12), (8, 27), (27, 5), (31, 24), (31, 35), (31, 38), (14, 37), (33, 17), (33, 25), (33, 32)]]","[[340.33575999054483, 41.963352528591216, 665.8288984705343, 89.14873533491289, 33.327648878139215, 133.32896858449362, 212.78203262575482, 4.815547063151079, 13.381638191494616, 392.60950862521213, 55.69346397466916, 37.05878531786393, 1.0043471094222514, 133.2324843381396, 41.44400307671691, 89.35349131172805, 38.61503009583474, 2.9444613111514077, 3.9282297075732653, 24.405435503398426, 64.20440073946287, 60.7285153298848, 161.97295447628204, 206.66092003712754, 67.20062889918043, 109.50193210806837, 18.415593027572033, 155.99539367907838, 8.980637956716635, 89.2767294874404, 7.494743073846751]]"
821,"[[(0, 22), (0, 23), (0, 39), (11, 19), (20, 31), (20, 32), (22, 5), (10, 15), (24, 25), (2, 32), (6, 24), (17, 7), (17, 26), (17, 29), (3, 16), (16, 6), (19, 30), (26, 28), (37, 30), (4, 2), (21, 10), (7, 12), (8, 27), (27, 5), (31, 24), (31, 35), (31, 38), (14, 37), (33, 17), (33, 25), (33, 32)]]","[[289.24518308038625, 50.81755036009998, 491.6612953571329, 110.08104283505075, 9.920430499937524, 134.51188490796812, 222.60282907143005, 2.2374019006254193, 4.711084755734651, 275.2339853004538, 50.791274242754, 50.613112956832495, 1.0779721766747148, 94.50467012267586, 58.74275160307167, 20.792190467780802, 52.81631059072478, 19.468669668626926, 4.971714015039698, 23.73629199164323, 22.9785075161017, 25.135847766687775, 128.39496477838128, 208.66465931246356, 80.5752943149792, 91.25202888842067, 174.19389397037529, 560.7452922529615, 11.464291520413799, 81.28557696422317, 2.0219406753821234]]"
822,"[[(0, 22), (0, 23), (0, 39), (11, 19), (20, 31), (20, 32), (22, 5), (10, 15), (24, 25), (2, 32), (6, 24), (17, 7), (17, 26), (17, 29), (3, 16), (16, 6), (19, 30), (26, 28), (37, 30), (4, 2), (21, 10), (7, 12), (8, 27), (27, 5), (31, 24), (31, 35), (31, 38), (14, 37), (33, 17), (33, 25), (33, 32)]]","[[101.73566630997576, 107.41183074541382, 294.811383200492, 98.5191513174072, 17.665538964794976, 133.2046133282637, 231.00110462883185, 1.842039181393464, 23.95489785540455, 345.93907311657, 51.52763180759208, 37.4184302391612, 2.929850597870487, 97.05526279838821, 66.48512482351784, 94.24124310611163, 55.97672046078814, 11.289477345616959, 4.289251091743179, 23.456804623039762, 28.556449127251668, 25.906632147797204, 230.2957370730605, 240.5045456611283, 81.36552223501067, 54.16376249979703, 21.5050959158159, 96.403861363728, 15.455739533236802, 80.24349139931186, 1.350132413543471]]"
823,"[[(0, 22), (0, 23), (0, 39), (11, 19), (20, 31), (20, 32), (22, 5), (10, 15), (24, 25), (2, 32), (6, 24), (17, 7), (17, 26), (17, 29), (3, 16), (16, 6), (19, 30), (26, 28), (37, 30), (4, 2), (21, 10), (7, 12), (8, 27), (27, 5), (31, 24), (31, 35), (31, 38), (14, 37), (33, 17), (33, 25), (33, 32)]]","[[243.7067865391409, 64.47729621628233, 615.6533197041232, 128.57234981983402, 16.71813798585384, 135.49319029016124, 198.69233284158435, 3.6832435739812035, 1.1433102883420547, 396.63684833302216, 51.971481236326035, 37.609147483592565, 3.8948057753825402, 52.38000089820906, 40.58758225572044, 80.89593287375257, 55.360983740001814, 9.27985593619265, 3.0007125488205197, 24.888394487535315, 22.434827337189525, 72.46653865983168, 176.49887116976157, 384.312710299384, 63.72029489644608, 68.53406622859832, 82.42250409267521, 305.19430721179907, 10.380814040376652, 89.74911742825046, 3.1108506275479444]]"
824,"[[(0, 22), (0, 23), (0, 39), (11, 19), (20, 31), (20, 32), (22, 5), (10, 15), (24, 25), (2, 32), (6, 24), (17, 7), (17, 26), (17, 29), (3, 16), (16, 6), (19, 30), (26, 28), (37, 30), (4, 2), (21, 10), (7, 12), (8, 27), (27, 5), (31, 24), (31, 35), (31, 38), (14, 37), (33, 17), (33, 25), (33, 32)]]","[[351.9575357905847, 67.81594143137754, 178.8394251083706, 71.73927791421886, 46.48956356102973, 142.55018697683164, 219.6999657659836, 2.2023206295655586, 6.947806743084941, 304.0870117107553, 53.37148684888445, 36.39793917328802, 2.4470344993259294, 49.91132058147219, 67.62991804333937, 116.68894927306745, 38.18698725979333, 2.3766848623153303, 3.574739802531787, 24.21736504946898, 78.4639218977197, 16.982466829110464, 314.4974589763989, 240.85127981371784, 64.04549863590374, 84.27457551028644, 171.75033074039592, 159.87543858393738, 9.344037717816772, 93.63508617929963, 6.315825455809961]]"
825,"[[(0, 22), (0, 23), (0, 39), (11, 19), (20, 31), (20, 32), (22, 5), (10, 15), (24, 25), (2, 32), (6, 24), (17, 7), (17, 26), (17, 29), (3, 16), (16, 6), (19, 30), (26, 28), (37, 30), (4, 2), (21, 10), (7, 12), (8, 27), (27, 5), (31, 24), (31, 35), (31, 38), (14, 37), (33, 17), (33, 25), (33, 32)]]","[[108.9682824784152, 40.53227764471888, 872.9146590565028, 163.96282817761832, 43.7449101086854, 135.745426015384, 189.92723504558762, 1.171279542101621, 14.870464997444701, 387.6844871718486, 54.14287335806915, 53.23098144257212, 2.429607728553115, 152.12342529198705, 78.94081974498545, 52.7400894636675, 58.77278017891032, 14.173822333457736, 4.292362427558862, 23.524532392900518, 33.69723912163715, 81.95367627636377, 182.56766811051023, 398.08191351243613, 69.73226366852428, 40.58933475198519, 145.08496765796863, 407.42776399925907, 14.534203562476511, 91.07338788071343, 5.405158525087403]]"
826,"[[(0, 22), (0, 23), (0, 39), (11, 19), (20, 31), (20, 32), (22, 5), (10, 15), (24, 25), (2, 32), (6, 24), (17, 7), (17, 26), (17, 29), (3, 16), (16, 6), (19, 30), (26, 28), (37, 30), (4, 2), (21, 10), (7, 12), (8, 27), (27, 5), (31, 24), (31, 35), (31, 38), (14, 37), (33, 17), (33, 25), (33, 32)]]","[[349.78436343636116, 104.403628871601, 869.0335678656994, 98.92060725352954, 4.808260958066579, 139.03546660623832, 190.636261702244, 3.2940249704493385, 11.8940920489339, 320.98155233467406, 49.32500994977468, 43.203228835909954, 3.346336744098661, 61.0097104910228, 39.81591761222737, 37.13747020005851, 40.22107799522248, 15.778930540431364, 4.144646763869938, 24.209240633554735, 27.077633994223646, 53.261095989014905, 397.663222659692, 152.45244259274457, 69.05990482213852, 96.48326278771268, 118.19143354362633, 525.9871016030668, 15.819907824393024, 92.5858272857363, 3.9759959296018357]]"
827,"[[(0, 22), (0, 23), (0, 39), (11, 19), (20, 31), (20, 32), (22, 5), (10, 15), (24, 25), (2, 32), (6, 24), (17, 7), (17, 26), (17, 29), (3, 16), (16, 6), (19, 30), (26, 28), (37, 30), (4, 2), (21, 10), (7, 12), (8, 27), (27, 5), (31, 24), (31, 35), (31, 38), (14, 37), (33, 17), (33, 25), (33, 32)]]","[[278.13112304823, 53.148962717443, 866.698968316056, 162.02488400363364, 33.899726007548196, 133.29926925865004, 172.37978935038134, 3.946329916174858, 18.99618883967993, 347.16251055051407, 55.60038878611887, 44.0443657004427, 4.821040627196085, 88.11942645030942, 68.02589657686464, 105.04130956979232, 50.756256604442804, 16.21897684918244, 4.915665622340774, 23.71915509369535, 59.78477822981809, 32.22432849529673, 253.35346878484276, 296.5161226724058, 68.46988456627464, 38.97596257948125, 170.7014549202495, 490.0891755188091, 13.594513437487858, 84.29396432570395, 6.191550454916231]]"
828,"[[(0, 22), (0, 23), (0, 39), (11, 19), (20, 31), (20, 32), (22, 5), (10, 15), (24, 25), (2, 32), (6, 24), (17, 7), (17, 26), (17, 29), (3, 16), (16, 6), (19, 30), (26, 28), (37, 30), (4, 2), (21, 10), (7, 12), (8, 27), (27, 5), (31, 24), (31, 35), (31, 38), (14, 37), (33, 17), (33, 25), (33, 32)]]","[[375.7871411984589, 35.832268785492914, 856.8492970641552, 141.99754586538216, 44.814849793552064, 130.88168000291378, 193.31803939563886, 3.00409206235096, 13.668058800718022, 407.5495228790586, 55.87067073637033, 44.43009473810535, 4.397868471471571, 81.19983002535093, 53.85563683842062, 38.848432495493384, 62.14099409575129, 13.611581278214327, 4.829014020328375, 23.64492059748869, 81.04208541058357, 77.30595965832266, 348.8762996853599, 261.3210325041853, 75.13006592644444, 43.537296867610394, 110.52530880204019, 392.67369426728294, 11.114602930539036, 93.53598162636361, 6.163638451526318]]"
829,"[[(0, 22), (0, 23), (0, 39), (11, 19), (20, 31), (20, 32), (22, 5), (10, 15), (24, 25), (2, 32), (6, 24), (17, 7), (17, 26), (17, 29), (3, 16), (16, 6), (19, 30), (26, 28), (37, 30), (4, 2), (21, 10), (7, 12), (8, 27), (27, 5), (31, 24), (31, 35), (31, 38), (14, 37), (33, 17), (33, 25), (33, 32)]]","[[178.23568699021487, 68.00388743592424, 476.0876892951664, 83.17771631771731, 36.547925970245075, 139.6204571274344, 172.67209471463627, 4.631039249507531, 16.981387325676316, 283.6785733690056, 52.136259177679875, 41.04028649986434, 4.2969663809543395, 134.43339195176918, 31.127857461668288, 79.23498322043787, 67.37286726260892, 17.157750953072494, 3.6216625574160783, 24.62822196133364, 26.255266036723576, 42.12007334621984, 173.65730443496642, 315.16544345321313, 69.2524598432173, 103.73675091268677, 115.28817014159388, 373.15857939131547, 15.826652907564007, 86.2532289633783, 1.2257519656800744]]"
830,"[[(0, 22), (0, 23), (0, 39), (11, 19), (20, 31), (20, 32), (22, 5), (10, 15), (24, 25), (2, 32), (6, 24), (17, 7), (17, 26), (17, 29), (3, 16), (16, 6), (19, 30), (26, 28), (37, 30), (4, 2), (21, 10), (7, 12), (8, 27), (27, 5), (31, 24), (31, 35), (31, 38), (14, 37), (33, 17), (33, 25), (33, 32)]]","[[146.07784401153273, 29.324139810394648, 357.0784560135021, 96.11540377286292, 45.21704663470858, 133.15460131219265, 178.02947848426237, 3.067329929847436, 17.122287269836313, 286.82234979792105, 48.77456609456391, 46.35976378636077, 1.8579479098598184, 84.37957000225073, 59.35973653785549, 60.48795998598692, 65.99413187361435, 2.978265658218146, 4.9253989598114325, 24.228487797521122, 81.85396762434002, 81.93514593086084, 302.71477823705015, 259.0038172523542, 79.72937086566347, 72.09444188397151, 45.84327523659085, 612.0121090708168, 8.819557741140818, 77.23823416010137, 3.9895022363563744]]"
831,"[[(0, 22), (0, 23), (0, 39), (11, 19), (20, 31), (20, 32), (22, 5), (10, 15), (24, 25), (2, 32), (6, 24), (17, 7), (17, 26), (17, 29), (3, 16), (16, 6), (19, 30), (26, 28), (37, 30), (4, 2), (21, 10), (7, 12), (8, 27), (27, 5), (31, 24), (31, 35), (31, 38), (14, 37), (33, 17), (33, 25), (33, 32)]]","[[202.89992542779592, 90.61294665504755, 156.22792930080783, 83.71887355942008, 13.972666050547016, 136.09420210116346, 183.934133827411, 2.560965287026417, 7.440871243151527, 358.17792415489004, 53.137836075640124, 44.29906844135975, 1.3431483282617185, 138.49570879635428, 74.54465741297997, 52.73986294868297, 43.89886095552758, 6.711175029658832, 3.0140082287176777, 23.257003744017652, 45.13108551706831, 39.686365229514806, 72.19818889236457, 278.5450804566822, 82.75846909499154, 43.882280980009824, 109.75311531065661, 112.31715536893978, 10.534992067621523, 81.97022241922953, 2.7666428142898853]]"
832,"[[(0, 22), (0, 23), (0, 39), (11, 19), (20, 31), (20, 32), (22, 5), (10, 15), (24, 25), (2, 32), (6, 24), (17, 7), (17, 26), (17, 29), (3, 16), (16, 6), (19, 30), (26, 28), (37, 30), (4, 2), (21, 10), (7, 12), (8, 27), (27, 5), (31, 24), (31, 35), (31, 38), (14, 37), (33, 17), (33, 25), (33, 32)]]","[[285.0860298074464, 60.00222681601395, 218.13108658341437, 143.26489583180205, 7.6768740963308675, 139.29252355265243, 227.1304477063785, 2.0560122736261652, 4.9998027620254675, 277.1886028231306, 54.35931896475329, 42.29230596624049, 4.422292344975185, 80.16867271419672, 58.69514447193309, 24.897748661912388, 49.960401087705165, 5.772959636645029, 4.205524531794352, 24.455495581317365, 49.97977774740561, 71.37342129515368, 335.7257949559332, 152.45218453925546, 81.37218232988975, 47.59922482704554, 155.6582353943763, 179.20346663052447, 14.948151384803229, 86.40884856847322, 2.0224231109069652]]"
833,"[[(0, 22), (0, 23), (0, 39), (11, 19), (20, 31), (20, 32), (22, 5), (10, 15), (24, 25), (2, 32), (6, 24), (17, 7), (17, 26), (17, 29), (3, 16), (16, 6), (19, 30), (26, 28), (37, 30), (4, 2), (21, 10), (7, 12), (8, 27), (27, 5), (31, 24), (31, 35), (31, 38), (14, 37), (33, 17), (33, 25), (33, 32)]]","[[187.71071289776154, 39.00534198061289, 543.6850824516788, 163.12832655507322, 27.647288267014623, 135.5921948931368, 201.89361786459213, 4.273697599956873, 9.507690838078457, 310.6311788141481, 49.088047419496796, 41.68033389131262, 1.0306990251590729, 129.28428267821647, 70.31553259305743, 47.33854901279831, 44.78883305984039, 15.548912136073989, 3.6376355042950723, 23.169784819466084, 58.42643949646179, 31.405512951641363, 281.69834637281906, 233.60132122391485, 79.61150042184504, 85.54342306819275, 145.38380576849644, 31.26543691316796, 9.209698730277676, 87.23426416281535, 4.96742277587764]]"
834,"[[(0, 22), (0, 23), (0, 39), (11, 19), (20, 31), (20, 32), (22, 5), (10, 15), (24, 25), (2, 32), (6, 24), (17, 7), (17, 26), (17, 29), (3, 16), (16, 6), (19, 30), (26, 28), (37, 30), (4, 2), (21, 10), (7, 12), (8, 27), (27, 5), (31, 24), (31, 35), (31, 38), (14, 37), (33, 17), (33, 25), (33, 32)]]","[[260.26030506736265, 75.49948725464577, 1080.1653086178644, 164.95172641511795, 10.753500920660448, 139.277431329173, 194.02521282820913, 3.462119736852835, 24.786307960328006, 328.9478683305203, 50.97834221626345, 39.3205808334529, 4.7492036792880645, 118.14007647456845, 47.48994719587854, 32.85050546167164, 39.09284125072539, 17.727079041835566, 3.197936271126565, 23.405236856908164, 28.85069801831377, 90.69841684993511, 367.3043287944218, 289.8019237041161, 64.27100618540672, 93.94835059708232, 62.55020805852071, 567.5239611021749, 15.285439964044311, 91.63438774652857, 7.556385473250659]]"
835,"[[(0, 22), (0, 23), (0, 39), (11, 19), (20, 31), (20, 32), (22, 5), (10, 15), (24, 25), (2, 32), (6, 24), (17, 7), (17, 26), (17, 29), (3, 16), (16, 6), (19, 30), (26, 28), (37, 30), (4, 2), (21, 10), (7, 12), (8, 27), (27, 5), (31, 24), (31, 35), (31, 38), (14, 37), (33, 17), (33, 25), (33, 32)]]","[[265.11119289821124, 105.01549712506785, 1011.5467994021636, 103.08233763720621, 33.79593245504461, 140.03214690549757, 210.9829268189659, 1.544553257865608, 10.254688130014145, 295.4792404424778, 53.94674310893711, 44.31679725976218, 1.8224509407798428, 76.8765903940962, 78.24642864381028, 83.64792975290686, 57.94931409778691, 9.23045780264606, 4.547024499417422, 23.397795433356592, 22.152040249872687, 78.780414844841, 146.25910326189882, 281.2573459010455, 61.64396573949757, 50.643430358789104, 113.32615266221089, 555.1326128313648, 12.325323650752093, 83.98347674568365, 1.390525793471518]]"
836,"[[(0, 22), (0, 23), (0, 39), (11, 19), (20, 31), (20, 32), (22, 5), (10, 15), (24, 25), (2, 32), (6, 24), (17, 7), (17, 26), (17, 29), (3, 16), (16, 6), (19, 30), (26, 28), (37, 30), (4, 2), (21, 10), (7, 12), (8, 27), (27, 5), (31, 24), (31, 35), (31, 38), (14, 37), (33, 17), (33, 25), (33, 32)]]","[[348.72795568387363, 41.63582603538396, 934.2277933793451, 84.75570856143679, 21.23938187121099, 137.84172259010575, 227.1470783081436, 3.1542389420385235, 0.367683580081527, 299.9439412795409, 49.17263012202348, 52.258672867430136, 1.326234057350756, 140.7246358413497, 63.22190023359135, 122.33583761418424, 54.16734842455644, 2.0701960180966115, 4.241539850366486, 24.693906964826123, 52.38057756309114, 65.79458754562305, 378.8439402921552, 324.44609361329054, 60.59934294751404, 52.93282900266122, 163.24548014909863, 314.39032340449006, 11.685754093282625, 84.14188345338844, 4.181529762906616]]"
837,"[[(0, 22), (0, 23), (0, 39), (11, 19), (20, 31), (20, 32), (22, 5), (10, 15), (24, 25), (2, 32), (6, 24), (17, 7), (17, 26), (17, 29), (3, 16), (16, 6), (19, 30), (26, 28), (37, 30), (4, 2), (21, 10), (7, 12), (8, 27), (27, 5), (31, 24), (31, 35), (31, 38), (14, 37), (33, 17), (33, 25), (33, 32)]]","[[104.74555111780641, 54.11916556265477, 542.2577940225829, 72.62796396498166, 33.87204053971236, 137.57622775061492, 172.6625956126721, 2.669832195304716, 19.213738250584147, 408.99794631066294, 51.706479972369166, 47.15766674512784, 3.6435021238815994, 68.45645334703917, 54.32880641253145, 25.124329391536584, 66.39465868827192, 8.654187853233754, 3.3393839566798738, 24.11496110788014, 70.9242168732843, 37.962499579631, 90.0185481390072, 293.84299279755794, 71.80248741551753, 92.39858449490364, 29.212684391463707, 563.285098525257, 11.44049624299575, 81.40765534362521, 3.829919809670665]]"
838,"[[(0, 22), (0, 23), (0, 39), (11, 19), (20, 31), (20, 32), (22, 5), (10, 15), (24, 25), (2, 32), (6, 24), (17, 7), (17, 26), (17, 29), (3, 16), (16, 6), (19, 30), (26, 28), (37, 30), (4, 2), (21, 10), (7, 12), (8, 27), (27, 5), (31, 24), (31, 35), (31, 38), (14, 37), (33, 17), (33, 25), (33, 32)]]","[[344.64072962737976, 84.37441778140553, 811.9772007869495, 140.6548985291192, 20.693407646089316, 133.87055450716736, 205.2762210895148, 2.805378073067292, 7.5780906235108825, 380.8449934197473, 48.97040500284106, 43.32137089557316, 3.611817657632453, 62.190142271318095, 30.876679189277866, 67.8627264906071, 56.799339344282785, 12.519654166096991, 4.052777078686267, 23.282176421204635, 55.8978181495878, 67.33332619772472, 268.5119863923446, 249.09180579747917, 76.77160552054471, 50.250673845313116, 19.410323764065875, 530.2925892204092, 11.41971974542017, 86.43105426565563, 7.539093693935474]]"
839,"[[(0, 22), (0, 23), (0, 39), (11, 19), (20, 31), (20, 32), (22, 5), (10, 15), (24, 25), (2, 32), (6, 24), (17, 7), (17, 26), (17, 29), (3, 16), (16, 6), (19, 30), (26, 28), (37, 30), (4, 2), (21, 10), (7, 12), (8, 27), (27, 5), (31, 24), (31, 35), (31, 38), (14, 37), (33, 17), (33, 25), (33, 32)]]","[[361.81222653414085, 74.46315708686713, 153.0422693853256, 112.23697743414485, 15.895739016713874, 140.621838398509, 216.60795391854919, 1.606822855003942, 7.808210019321451, 275.5199975385704, 48.425841657421124, 49.81172488994395, 2.7950398760652817, 158.33657124498558, 75.2918635066573, 105.95402863021397, 37.705933598321764, 15.869180693095647, 3.36991917922076, 24.985482359525438, 21.861994185697803, 45.281928886746, 191.74424040903816, 386.87063639469335, 60.102216990834165, 79.39307966189818, 113.80645996801621, 217.27343932300224, 8.759571579785657, 88.78625647061818, 1.0025924197951035]]"
840,"[[(0, 22), (0, 23), (0, 39), (11, 19), (20, 31), (20, 32), (22, 5), (10, 15), (24, 25), (2, 32), (6, 24), (17, 7), (17, 26), (17, 29), (3, 16), (16, 6), (19, 30), (26, 28), (37, 30), (4, 2), (21, 10), (7, 12), (8, 27), (27, 5), (31, 24), (31, 35), (31, 38), (14, 37), (33, 17), (33, 25), (33, 32)]]","[[285.34609132315046, 29.853718772470664, 862.2764908779327, 48.530263177158545, 30.146256958923146, 137.1314661298628, 203.30751660130835, 1.52813540040361, 4.93453426327598, 312.6133570497109, 48.656866000423534, 40.02336336238624, 4.588229796836187, 147.03538683944242, 37.35805573242978, 104.5805927889076, 53.30087974766237, 18.620819258360346, 4.283077015816909, 24.396882930153918, 23.387246965687474, 24.44307311783124, 349.58251433201394, 146.05017362336974, 77.23606950315153, 69.02684569955036, 102.17554761611343, 529.518736866678, 13.671765004226824, 86.93618397594437, 7.871600933430586]]"
841,"[[(0, 22), (0, 23), (0, 39), (11, 19), (20, 31), (20, 32), (22, 5), (10, 15), (24, 25), (2, 32), (6, 24), (17, 7), (17, 26), (17, 29), (3, 16), (16, 6), (19, 30), (26, 28), (37, 30), (4, 2), (21, 10), (7, 12), (8, 27), (27, 5), (31, 24), (31, 35), (31, 38), (14, 37), (33, 17), (33, 25), (33, 32)]]","[[94.54679701461278, 56.27104644614238, 193.27560733725267, 155.7438376349031, 7.329851100190056, 138.79954412347286, 189.8908199305946, 1.9331324351019314, 24.687422732234108, 310.8961421848135, 48.388509619935114, 47.97941374458094, 3.9399698770938776, 94.43343568198061, 42.3644711699136, 61.224680174674226, 43.81424100493903, 9.832460223384981, 4.5411436859063965, 23.657157528921864, 24.24006413636254, 76.67627808480367, 236.41517063654288, 305.2485125049912, 59.82983860601986, 104.0086391170638, 28.98489192903172, 477.3669496115395, 12.814655662643773, 84.51864053796311, 5.623236963089522]]"
842,"[[(0, 22), (0, 23), (0, 39), (11, 19), (20, 31), (20, 32), (22, 5), (10, 15), (24, 25), (2, 32), (6, 24), (17, 7), (17, 26), (17, 29), (3, 16), (16, 6), (19, 30), (26, 28), (37, 30), (4, 2), (21, 10), (7, 12), (8, 27), (27, 5), (31, 24), (31, 35), (31, 38), (14, 37), (33, 17), (33, 25), (33, 32)]]","[[246.8797362950564, 88.62210549674202, 964.3394255581344, 149.93243976503481, 4.220073128535655, 134.75953215268657, 186.6113981791262, 1.990754169898703, 22.133809785455583, 326.85138608603444, 52.06967458200569, 45.92319702429064, 3.310197639214651, 135.06474276104285, 28.067817490345412, 106.24039524157743, 59.34738323314996, 8.306985056351166, 4.699240247201815, 24.27891098780418, 47.6431531980256, 57.506563899473825, 323.623792888651, 385.121829743219, 60.35683213360174, 66.6105934780253, 171.12545544463802, 60.46989938774174, 8.984390054287802, 82.0535196408837, 2.171137064685884]]"
843,"[[(0, 22), (0, 23), (0, 39), (11, 19), (20, 31), (20, 32), (22, 5), (10, 15), (24, 25), (2, 32), (6, 24), (17, 7), (17, 26), (17, 29), (3, 16), (16, 6), (19, 30), (26, 28), (37, 30), (4, 2), (21, 10), (7, 12), (8, 27), (27, 5), (31, 24), (31, 35), (31, 38), (14, 37), (33, 17), (33, 25), (33, 32)]]","[[334.44270249600993, 93.358976733851, 826.6041755066015, 142.6970443985036, 34.942776373072704, 141.36746852534165, 185.78778222405776, 4.802496740700711, 19.42923619166135, 370.3184481976164, 53.40022757264366, 45.72519513527614, 2.910925233450873, 153.97713228632796, 40.23247707268874, 77.47456544608536, 42.35731476745642, 3.8671862948671754, 4.993232289039596, 23.808735019519663, 44.57966200423136, 79.9361977741449, 102.17545244709365, 180.32277108756853, 71.24991303096769, 57.25038084194773, 130.72116846752886, 34.769366215681, 11.629194402807412, 76.20991155697136, 8.136146391615343]]"
844,"[[(0, 22), (0, 23), (0, 39), (11, 19), (20, 31), (20, 32), (22, 5), (10, 15), (24, 25), (2, 32), (6, 24), (17, 7), (17, 26), (17, 29), (3, 16), (16, 6), (19, 30), (26, 28), (37, 30), (4, 2), (21, 10), (7, 12), (8, 27), (27, 5), (31, 24), (31, 35), (31, 38), (14, 37), (33, 17), (33, 25), (33, 32)]]","[[365.22429956640707, 25.747579992156023, 1121.6163519138347, 125.30681629893891, 33.39711458948155, 134.24793579215807, 212.99878912950365, 1.3351762733637953, 3.6829013194951195, 278.3527886075272, 51.19152922636402, 41.686518832203205, 3.447025338444313, 58.90014531202573, 28.296012376056527, 111.18558859623576, 43.85178749656594, 4.5488081401050895, 4.612748190714473, 24.097395927051156, 13.818187202269646, 38.34591236123246, 253.46801718681365, 266.82407677331855, 67.34509830642087, 101.5984803752921, 59.64731485662786, 169.32854763265448, 13.951369139718615, 91.32696498771439, 4.512134582747592]]"
845,"[[(0, 22), (0, 23), (0, 39), (11, 19), (20, 31), (20, 32), (22, 5), (10, 15), (24, 25), (2, 32), (6, 24), (17, 7), (17, 26), (17, 29), (3, 16), (16, 6), (19, 30), (26, 28), (37, 30), (4, 2), (21, 10), (7, 12), (8, 27), (27, 5), (31, 24), (31, 35), (31, 38), (14, 37), (33, 17), (33, 25), (33, 32)]]","[[311.41415993994656, 108.74189378058925, 588.8422098935522, 41.417804303583125, 40.39365026950723, 136.2028050273935, 221.880759383231, 3.390494018610486, 8.145054165526414, 409.5173009460916, 49.177531626495266, 51.907258982020295, 2.638639113384832, 76.7746042597721, 39.287169153864944, 46.40062212795101, 49.51907826292171, 19.471395223879853, 3.146766965707709, 23.045662972560898, 82.03202252314483, 49.130542119476004, 249.69123202143376, 196.51311841926224, 79.45138997558769, 46.074867045426316, 47.50322526419847, 187.04367815197259, 13.355985346973602, 75.21014846375625, 2.4111812935307757]]"
846,"[[(0, 22), (0, 23), (0, 39), (11, 19), (20, 31), (20, 32), (22, 5), (10, 15), (24, 25), (2, 32), (6, 24), (17, 7), (17, 26), (17, 29), (3, 16), (16, 6), (19, 30), (26, 28), (37, 30), (4, 2), (21, 10), (7, 12), (8, 27), (27, 5), (31, 24), (31, 35), (31, 38), (14, 37), (33, 17), (33, 25), (33, 32)]]","[[98.7240267610748, 32.583203703330454, 854.1583039587889, 88.03495259152444, 18.062871063502556, 138.54152974564533, 225.4690894438504, 4.390769120579677, 5.877238645920615, 414.95160932061526, 54.9252325547011, 45.68879315236242, 1.8273666669280106, 99.57992032980056, 46.05614048576476, 56.02795890110255, 70.43213084815687, 19.18513550538478, 3.0417021934053774, 23.265043464961, 8.685921311363938, 29.441882151329807, 162.1167096004696, 311.5517387975423, 65.72379558041081, 64.95163503987791, 75.42872502733663, 58.38519652076139, 11.078658935062329, 92.26780196851725, 7.869890224983038]]"
847,"[[(0, 22), (0, 23), (0, 39), (11, 19), (20, 31), (20, 32), (22, 5), (10, 15), (24, 25), (2, 32), (6, 24), (17, 7), (17, 26), (17, 29), (3, 16), (16, 6), (19, 30), (26, 28), (37, 30), (4, 2), (21, 10), (7, 12), (8, 27), (27, 5), (31, 24), (31, 35), (31, 38), (14, 37), (33, 17), (33, 25), (33, 32)]]","[[150.2770367746436, 83.84062848915008, 121.83708993772709, 41.26668290727196, 23.533842827120626, 139.66752383590764, 189.5490943717331, 2.7866093329533275, 23.901017670007572, 363.98515067113135, 54.763979785360455, 51.86963479306355, 1.2203384851406471, 87.91101194800243, 76.42369072606253, 38.5330228861975, 48.480787442591016, 17.392067813820738, 3.916356549070363, 23.483758037779445, 37.57501243904527, 55.61634191667842, 303.4443233641355, 179.55670129096845, 67.18236351556257, 48.644760433701876, 34.93061579980213, 234.0725196936945, 9.074898765824631, 85.02943397846964, 7.246681243115661]]"
848,"[[(0, 22), (0, 23), (0, 39), (11, 19), (20, 31), (20, 32), (22, 5), (10, 15), (24, 25), (2, 32), (6, 24), (17, 7), (17, 26), (17, 29), (3, 16), (16, 6), (19, 30), (26, 28), (37, 30), (4, 2), (21, 10), (7, 12), (8, 27), (27, 5), (31, 24), (31, 35), (31, 38), (14, 37), (33, 17), (33, 25), (33, 32)]]","[[163.74489597422206, 25.566035238392764, 900.0873420154578, 72.76744846304443, 36.646430136956305, 133.86895218919136, 199.84090220119975, 1.9816686363224147, 9.174295356407429, 299.8533970042106, 54.992010790383304, 41.51944953129007, 2.0730056222032482, 98.48331006095214, 70.89961697764973, 117.76624462160254, 44.574772728543124, 7.926434245052376, 4.464864298567898, 24.171215378081257, 86.83864809802071, 45.75205697203818, 408.109205670702, 330.32326509829795, 63.90089536989622, 77.65654505791548, 86.16741112776486, 50.92887547322715, 15.755323361711707, 80.55549769421866, 8.850032827146471]]"
849,"[[(0, 22), (0, 23), (0, 39), (11, 19), (20, 31), (20, 32), (22, 5), (10, 15), (24, 25), (2, 32), (6, 24), (17, 7), (17, 26), (17, 29), (3, 16), (16, 6), (19, 30), (26, 28), (37, 30), (4, 2), (21, 10), (7, 12), (8, 27), (27, 5), (31, 24), (31, 35), (31, 38), (14, 37), (33, 17), (33, 25), (33, 32)]]","[[212.79567641331238, 99.58723349649917, 764.071353915573, 46.71060322531963, 28.594360476819933, 137.7248879025116, 188.17733453624777, 1.283255337030464, 11.02362572228675, 312.31503344193527, 53.897678828612484, 39.4958499617183, 1.3835926397176785, 88.33796122282776, 33.37535639020323, 28.193272347560487, 59.03392929491466, 19.90994818528617, 3.998201313174839, 23.92471954883745, 10.840837145280389, 62.994891627459076, 389.16990492374646, 290.55005214521, 77.90952719932406, 96.77449697186172, 30.632691202866862, 274.7934699288245, 9.86064221280219, 92.67115448806582, 2.752141681883482]]"
850,"[[(0, 22), (0, 23), (0, 39), (11, 19), (20, 31), (20, 32), (22, 5), (10, 15), (24, 25), (2, 32), (6, 24), (17, 7), (17, 26), (17, 29), (3, 16), (16, 6), (19, 30), (26, 28), (37, 30), (4, 2), (21, 10), (7, 12), (8, 27), (27, 5), (31, 24), (31, 35), (31, 38), (14, 37), (33, 17), (33, 25), (33, 32)]]","[[217.33151169187124, 50.7237222572527, 52.083815565607914, 100.67664455250386, 26.565734172843754, 135.0512327953382, 197.41853126911164, 1.59269603798719, 19.954364451981892, 368.78353141058386, 49.11039748647826, 48.81533983529019, 1.380760793701469, 145.79801299194725, 54.386202748610195, 87.4595065912252, 70.9668929053385, 16.153636115419758, 4.048990685111809, 23.493575313023342, 66.48978089542173, 35.71355533370685, 267.2990700719099, 174.89978331866217, 65.46381049427261, 71.87544160898604, 167.24556260393257, 570.978028287048, 15.384113843830008, 77.21896415569188, 1.9426324387571663]]"
851,"[[(0, 22), (0, 23), (0, 39), (11, 19), (20, 31), (20, 32), (22, 5), (10, 15), (24, 25), (2, 32), (6, 24), (17, 7), (17, 26), (17, 29), (3, 16), (16, 6), (19, 30), (26, 28), (37, 30), (4, 2), (21, 10), (7, 12), (8, 27), (27, 5), (31, 24), (31, 35), (31, 38), (14, 37), (33, 17), (33, 25), (33, 32)]]","[[133.23507254848244, 97.40349717299391, 603.4379636598111, 107.35147528926508, 44.23720407536522, 143.7375440981947, 176.17768983506073, 1.835411603432549, 15.726384060712093, 328.89231153166116, 48.978650434739436, 48.305987127062515, 3.977182228464056, 76.57691326937487, 55.096848906278325, 35.180045638389544, 60.485379117687394, 2.460145010436247, 4.775265783952637, 24.76867041472614, 49.94936842717489, 35.26254365494235, 163.40324250697068, 347.6983415499086, 76.09593599909982, 104.10372010214806, 42.87548605761086, 229.14187667387964, 9.774093732892563, 91.99454169235067, 7.655741105301268]]"
852,"[[(0, 22), (0, 23), (0, 39), (11, 19), (20, 31), (20, 32), (22, 5), (10, 15), (24, 25), (2, 32), (6, 24), (17, 7), (17, 26), (17, 29), (3, 16), (16, 6), (19, 30), (26, 28), (37, 30), (4, 2), (21, 10), (7, 12), (8, 27), (27, 5), (31, 24), (31, 35), (31, 38), (14, 37), (33, 17), (33, 25), (33, 32)]]","[[167.0718061067816, 103.36420175094925, 1092.3180884254375, 141.73547360490815, 43.61695054079191, 137.9699444997221, 189.6871469463776, 2.527275412382199, 21.170346542300244, 295.05850737251785, 55.227050394821504, 42.61484933494643, 3.9860584792930593, 51.420851354235275, 48.25000713135533, 100.83231366922845, 61.12051262406132, 9.661794440219111, 4.222683962521132, 23.691757192534723, 8.480501808275616, 16.155667831489946, 231.8074999662871, 252.86276181237113, 81.81242195995226, 36.66840473602152, 115.84378966928722, 142.69170730852116, 14.92575916754394, 76.64342745383877, 6.1330300367440245]]"
853,"[[(0, 22), (0, 23), (0, 39), (11, 19), (20, 31), (20, 32), (22, 5), (10, 15), (24, 25), (2, 32), (6, 24), (17, 7), (17, 26), (17, 29), (3, 16), (16, 6), (19, 30), (26, 28), (37, 30), (4, 2), (21, 10), (7, 12), (8, 27), (27, 5), (31, 24), (31, 35), (31, 38), (14, 37), (33, 17), (33, 25), (33, 32)]]","[[178.45943862007232, 97.87942536694584, 32.45530505818583, 145.28121896654056, 32.76423613151549, 141.15196756530187, 182.931760663464, 4.183631885211799, 9.694471036979962, 306.153644677455, 54.479251898609654, 47.425720516867216, 4.20391901441289, 59.43247033062771, 51.85411162281194, 117.70473193730221, 56.76579095607035, 4.621264339683458, 4.882116005907291, 24.18393838978481, 29.653783796030034, 55.563784537453145, 116.42335101079581, 212.788887824982, 64.99056750683263, 66.05706828769586, 72.6465087422238, 58.73002953713173, 13.613940232003284, 75.79484702680833, 7.6469026653515995]]"
854,"[[(0, 22), (0, 23), (0, 39), (11, 19), (20, 31), (20, 32), (22, 5), (10, 15), (24, 25), (2, 32), (6, 24), (17, 7), (17, 26), (17, 29), (3, 16), (16, 6), (19, 30), (26, 28), (37, 30), (4, 2), (21, 10), (7, 12), (8, 27), (27, 5), (31, 24), (31, 35), (31, 38), (14, 37), (33, 17), (33, 25), (33, 32)]]","[[124.71263736891987, 99.44132935771098, 776.9441374708899, 71.14894997381703, 31.484972002798393, 130.88116643049347, 221.58781103230848, 3.23294618973868, 12.61725577730298, 392.23675201993916, 50.984234874768525, 49.09882812385462, 1.2818864497669877, 121.62164540712108, 27.78675725093886, 46.211347755016675, 69.25233378614627, 14.203381056619786, 3.649170929112558, 23.959217348527513, 46.843076073333386, 16.816184131912667, 401.62790967820905, 162.0530899476501, 65.45087296528419, 99.79091610976928, 100.42973158670648, 213.72684153150703, 15.281247185596833, 78.98181388901084, 4.669150874585452]]"
855,"[[(0, 22), (0, 23), (0, 39), (11, 19), (20, 31), (20, 32), (22, 5), (10, 15), (24, 25), (2, 32), (6, 24), (17, 7), (17, 26), (17, 29), (3, 16), (16, 6), (19, 30), (26, 28), (37, 30), (4, 2), (21, 10), (7, 12), (8, 27), (27, 5), (31, 24), (31, 35), (31, 38), (14, 37), (33, 17), (33, 25), (33, 32)]]","[[173.11106052789378, 104.03748819384114, 68.24425796403065, 118.84696679575318, 30.188791786024158, 131.38999080407893, 194.75550670444068, 4.6107139432746775, 0.41536174377083857, 288.88704401997654, 50.48984614424371, 38.32312415635382, 4.533416074983736, 92.74168825758917, 77.09583852592002, 99.8668418608592, 68.69509839811822, 8.723216199219593, 3.065234483321338, 23.72364350075398, 21.20056796515516, 19.265851875459596, 194.09266360573815, 371.26894991719166, 80.4613101488854, 37.35853030940153, 112.63671960273051, 79.30470222531538, 10.391111057022474, 80.24168262913149, 6.252222457891787]]"
856,"[[(0, 22), (0, 23), (0, 39), (11, 19), (20, 31), (20, 32), (22, 5), (10, 15), (24, 25), (2, 32), (6, 24), (17, 7), (17, 26), (17, 29), (3, 16), (16, 6), (19, 30), (26, 28), (37, 30), (4, 2), (21, 10), (7, 12), (8, 27), (27, 5), (31, 24), (31, 35), (31, 38), (14, 37), (33, 17), (33, 25), (33, 32)]]","[[104.00855993010141, 83.18331212379107, 526.890000588854, 144.2753521300836, 40.95737558107891, 130.52696733985343, 221.11604998723257, 1.5502829594025198, 13.667409985169348, 371.8111122322691, 55.10481820318241, 47.881408216973725, 1.1938313806516838, 103.99560656667708, 43.03344572557892, 70.98296986154885, 40.27243570842508, 12.123180736325496, 4.92551336795128, 24.762668049141254, 42.95856645014382, 69.9003015047704, 114.09076549608292, 291.9035764357168, 80.96405578552043, 67.28327763317992, 114.83596517804237, 403.3965323563662, 9.966768511974617, 86.77836972359292, 8.26922496947589]]"
857,"[[(0, 22), (0, 23), (0, 39), (11, 19), (20, 31), (20, 32), (22, 5), (10, 15), (24, 25), (2, 32), (6, 24), (17, 7), (17, 26), (17, 29), (3, 16), (16, 6), (19, 30), (26, 28), (37, 30), (4, 2), (21, 10), (7, 12), (8, 27), (27, 5), (31, 24), (31, 35), (31, 38), (14, 37), (33, 17), (33, 25), (33, 32)]]","[[364.87925148918634, 108.40311187631086, 793.2486683123726, 100.94867671803861, 40.99656541736391, 132.99927622094407, 190.77767992010976, 2.180577217737926, 3.8529082954326324, 392.23038746174757, 48.79008583333706, 50.19401826685558, 4.912752094690055, 63.900702943323594, 36.38001198985797, 84.96059384211486, 47.81577023826796, 6.836735123048001, 4.2520499681232815, 24.957854596754522, 26.62292823998127, 79.58190964793502, 190.30396016472145, 279.02114432419114, 82.9611170268519, 62.84802098917331, 95.34021038305684, 155.37260237315616, 15.094001008173823, 89.81537989748924, 6.514803765982167]]"
858,"[[(0, 22), (0, 23), (0, 39), (11, 19), (20, 31), (20, 32), (22, 5), (10, 15), (24, 25), (2, 32), (6, 24), (17, 7), (17, 26), (17, 29), (3, 16), (16, 6), (19, 30), (26, 28), (37, 30), (4, 2), (21, 10), (7, 12), (8, 27), (27, 5), (31, 24), (31, 35), (31, 38), (14, 37), (33, 17), (33, 25), (33, 32)]]","[[231.15543358321915, 29.357291193151312, 817.1166841318808, 87.03258596521113, 6.509835585390045, 130.15947028890778, 199.5034695122941, 1.9931458675691323, 18.78835173866213, 325.96156093158885, 51.75994110377609, 36.04482030694862, 1.714099433678523, 137.74088100033003, 57.603100018394954, 61.15486916719922, 38.38705423881992, 10.619093660368806, 4.990408709570648, 24.43979085034964, 47.430214700265964, 77.86793296375845, 204.89783096441113, 267.0294038227344, 80.99639949616767, 84.31706731021828, 156.90498859076587, 441.03197455260806, 12.65325957973296, 94.77686882132042, 1.8217429091816566]]"
859,"[[(0, 22), (0, 23), (0, 39), (11, 19), (20, 31), (20, 32), (22, 5), (10, 15), (24, 25), (2, 32), (6, 24), (17, 7), (17, 26), (17, 29), (3, 16), (16, 6), (19, 30), (26, 28), (37, 30), (4, 2), (21, 10), (7, 12), (8, 27), (27, 5), (31, 24), (31, 35), (31, 38), (14, 37), (33, 17), (33, 25), (33, 32)]]","[[186.31668954773295, 68.13060485733713, 19.475500140694706, 81.16326664331791, 10.73087289268156, 136.64931367182962, 213.91136329020713, 4.0128343650335205, 5.29035742498438, 269.8531669596267, 54.05444489635557, 53.49110893552454, 4.888525643585437, 60.21977214775215, 61.400447491366336, 75.0871000703869, 39.48147092162438, 3.919438188354799, 3.8354681275229936, 23.72636137915068, 44.28487001845785, 58.75417597052246, 304.0867125616634, 344.70873826594277, 64.68426762046741, 106.98077527600269, 65.04118382632086, 525.6980639102424, 10.488762705909082, 75.99199478207657, 2.2858989460094747]]"
860,"[[(0, 22), (0, 23), (0, 39), (11, 19), (20, 31), (20, 32), (22, 5), (10, 15), (24, 25), (2, 32), (6, 24), (17, 7), (17, 26), (17, 29), (3, 16), (16, 6), (19, 30), (26, 28), (37, 30), (4, 2), (21, 10), (7, 12), (8, 27), (27, 5), (31, 24), (31, 35), (31, 38), (14, 37), (33, 17), (33, 25), (33, 32)]]","[[196.71597288492404, 57.39972353623263, 483.0864825943987, 60.82986425958025, 32.46721074078279, 140.5058353713847, 224.86852294717977, 3.4827154577457833, 16.33631937668428, 370.84674498381725, 53.96051019488811, 48.65566910860291, 1.3831998609289307, 157.28946955060604, 41.66815542939464, 101.67846642430148, 44.253214729465164, 13.912464319003043, 4.552553865679412, 23.906126479067918, 67.03519971503455, 86.84332968436708, 280.2628101973314, 239.51869685350175, 73.83007616309914, 84.07957875118831, 155.47134972542898, 195.21936333452953, 15.28689721736247, 86.31535407795668, 1.4208240537671433]]"
861,"[[(0, 22), (0, 23), (0, 39), (11, 19), (20, 31), (20, 32), (22, 5), (10, 15), (24, 25), (2, 32), (6, 24), (17, 7), (17, 26), (17, 29), (3, 16), (16, 6), (19, 30), (26, 28), (37, 30), (4, 2), (21, 10), (7, 12), (8, 27), (27, 5), (31, 24), (31, 35), (31, 38), (14, 37), (33, 17), (33, 25), (33, 32)]]","[[274.96771567226, 69.23873006150421, 181.8376918845999, 97.58565120569942, 24.685733319348426, 143.68239232481216, 193.64961813863894, 2.6973288144483822, 4.788106417406814, 381.6793893681741, 55.601759096466, 53.024995885446856, 3.5178242125178385, 122.98930538835951, 36.696458147207714, 31.255940137687972, 63.69642386538287, 13.780668749849175, 4.855083613603048, 23.36915783425183, 85.12725803295531, 90.85835866158948, 133.06382104255266, 309.1971834016847, 82.68441819806343, 45.13657524877652, 108.32852465658175, 554.8496518077534, 14.899337346553718, 91.78864188214263, 5.347657180328923]]"
862,"[[(0, 22), (0, 23), (0, 39), (11, 19), (20, 31), (20, 32), (22, 5), (10, 15), (24, 25), (2, 32), (6, 24), (17, 7), (17, 26), (17, 29), (3, 16), (16, 6), (19, 30), (26, 28), (37, 30), (4, 2), (21, 10), (7, 12), (8, 27), (27, 5), (31, 24), (31, 35), (31, 38), (14, 37), (33, 17), (33, 25), (33, 32)]]","[[298.4051515314633, 73.29756310053631, 1139.1195235116395, 138.98572390492706, 45.76193567419895, 131.4858037965047, 178.74500368096588, 3.231282578678789, 15.892582311399028, 300.80239136866146, 51.00453113493707, 37.251948346318464, 3.760448709916779, 51.51916720722776, 41.89163797145077, 112.95939690489168, 50.43305667903559, 11.1050558000144, 3.885177399105726, 24.037398864498215, 66.63188772230951, 28.58395337488178, 194.6142843546866, 210.92555336861096, 77.62743292934087, 76.3528474271128, 56.62039741537824, 262.40533126949344, 10.200655204293868, 80.84499917586639, 1.5867558916181483]]"
863,"[[(0, 22), (0, 23), (0, 39), (11, 19), (20, 31), (20, 32), (22, 5), (10, 15), (24, 25), (2, 32), (6, 24), (17, 7), (17, 26), (17, 29), (3, 16), (16, 6), (19, 30), (26, 28), (37, 30), (4, 2), (21, 10), (7, 12), (8, 27), (27, 5), (31, 24), (31, 35), (31, 38), (14, 37), (33, 17), (33, 25), (33, 32)]]","[[362.66425815983854, 54.59117166908047, 1011.2416753129181, 66.80957710826291, 32.31282256957197, 143.69657532407112, 206.1422328594399, 4.596140443876584, 3.730965314041266, 352.0805199128421, 48.85617161183701, 50.13701440254973, 1.1514164706718213, 58.374650943236716, 67.11412813783988, 122.88033204561165, 67.91047911599603, 18.523560866935888, 4.186422289232903, 23.31066531081074, 72.30191819209112, 71.37736223780304, 392.6146273198262, 331.20243426524064, 74.73443496509516, 105.79375652759717, 90.40204484898125, 35.601136733329405, 9.996776389819487, 91.35872714291294, 8.801351878037622]]"
864,"[[(0, 22), (0, 23), (0, 39), (11, 19), (20, 31), (20, 32), (22, 5), (10, 15), (24, 25), (2, 32), (6, 24), (17, 7), (17, 26), (17, 29), (3, 16), (16, 6), (19, 30), (26, 28), (37, 30), (4, 2), (21, 10), (7, 12), (8, 27), (27, 5), (31, 24), (31, 35), (31, 38), (14, 37), (33, 17), (33, 25), (33, 32)]]","[[158.77340380572528, 51.42780304657144, 555.2262049834221, 125.10593550131465, 19.044818826456158, 136.7908417860188, 186.09423133204098, 1.190141195920516, 14.957488857622247, 281.3041008124758, 54.96459068994537, 49.6739506209293, 4.907741876687208, 67.48138017478848, 27.348709682594414, 123.2553910936348, 64.58590881790225, 10.873858668616407, 3.572783864940723, 24.324588933079358, 88.79259803667297, 42.40413915115718, 283.4512568118822, 169.7030130176752, 65.72706385957923, 69.97865533417324, 12.33142745492356, 299.24985293754474, 12.925660697180035, 91.01795328125314, 3.4053568599195527]]"
865,"[[(0, 22), (0, 23), (0, 39), (11, 19), (20, 31), (20, 32), (22, 5), (10, 15), (24, 25), (2, 32), (6, 24), (17, 7), (17, 26), (17, 29), (3, 16), (16, 6), (19, 30), (26, 28), (37, 30), (4, 2), (21, 10), (7, 12), (8, 27), (27, 5), (31, 24), (31, 35), (31, 38), (14, 37), (33, 17), (33, 25), (33, 32)]]","[[226.95618869590953, 109.40588577959754, 1009.0419988091226, 87.27826697156868, 18.477984952810502, 131.07259252294503, 227.20535585640505, 3.4466199087679508, 22.085917804723223, 338.9732534421746, 51.42248985481353, 40.22181475813573, 1.7345768795034742, 103.47554879123486, 41.45823403366661, 125.34247543219054, 43.4203982955556, 9.711077089587942, 4.670854742733145, 24.114847858748337, 30.123149650807058, 58.693968318550986, 414.579228107386, 332.70346081879774, 67.00746471416248, 70.40410549083538, 98.51661252083501, 420.2057208158906, 14.598471398683806, 80.70692232624828, 8.19110033565007]]"
866,"[[(0, 22), (0, 23), (0, 39), (11, 19), (20, 31), (20, 32), (22, 5), (10, 15), (24, 25), (2, 32), (6, 24), (17, 7), (17, 26), (17, 29), (3, 16), (16, 6), (19, 30), (26, 28), (37, 30), (4, 2), (21, 10), (7, 12), (8, 27), (27, 5), (31, 24), (31, 35), (31, 38), (14, 37), (33, 17), (33, 25), (33, 32)]]","[[184.1205942858918, 48.342863340319674, 949.4081982928292, 73.50786103818649, 33.8936823087781, 141.1059305496558, 185.12186982857284, 3.8196123320963333, 6.088303483590284, 336.6657321527346, 52.85070355851088, 53.889979780069204, 3.1476709057671757, 80.37858609256861, 73.7020845361168, 47.233819255773014, 50.53141792927942, 11.31903542613882, 4.093439015540783, 24.801150462678784, 18.505815271350144, 69.55306390077726, 351.84014267941666, 263.1903458894547, 68.70459104683911, 109.82302647250594, 140.24641152491992, 448.5602638528553, 12.893444976659122, 84.1427503506044, 6.168006718383725]]"
867,"[[(0, 22), (0, 23), (0, 39), (11, 19), (20, 31), (20, 32), (22, 5), (10, 15), (24, 25), (2, 32), (6, 24), (17, 7), (17, 26), (17, 29), (3, 16), (16, 6), (19, 30), (26, 28), (37, 30), (4, 2), (21, 10), (7, 12), (8, 27), (27, 5), (31, 24), (31, 35), (31, 38), (14, 37), (33, 17), (33, 25), (33, 32)]]","[[293.6378855551427, 63.46834409317635, 1003.7771614200907, 106.11148873310134, 31.00083402388328, 132.0980260924945, 183.25374860279152, 4.082034646810224, 21.891391879014108, 302.3909858528135, 55.44181324842207, 42.50056006202742, 1.9971533617462507, 147.31822982247365, 48.85292692408881, 18.21134039496213, 48.32469621258288, 12.601702377889962, 3.2282289712827184, 23.045298946242383, 85.81260391016698, 86.4574575470902, 183.12913349275513, 173.11840299081442, 82.03133605151055, 62.97805322153184, 137.31494076545772, 471.0136209231821, 14.772260236258333, 90.54704905461973, 2.272370223920137]]"
868,"[[(0, 22), (0, 23), (0, 39), (11, 19), (20, 31), (20, 32), (22, 5), (10, 15), (24, 25), (2, 32), (6, 24), (17, 7), (17, 26), (17, 29), (3, 16), (16, 6), (19, 30), (26, 28), (37, 30), (4, 2), (21, 10), (7, 12), (8, 27), (27, 5), (31, 24), (31, 35), (31, 38), (14, 37), (33, 17), (33, 25), (33, 32)]]","[[333.15013394038954, 113.26796584317532, 951.8021186542925, 146.7593611174089, 7.405476650471763, 141.09688535689037, 189.1054404661826, 2.622191510221493, 11.84808950994752, 414.59685410874096, 49.59948423610841, 41.63594715588498, 1.5509501701873014, 62.42184141788958, 41.64551365762588, 106.9206038124667, 59.52900040189358, 11.333511301166094, 4.590179072797584, 23.0278285862176, 67.16006303019412, 75.91385436681958, 73.95066751884147, 321.2084754736891, 76.55094565641338, 55.20249881127055, 114.28261284088852, 388.8947289445554, 13.852932057399572, 82.75818913318166, 8.994023454392654]]"
869,"[[(0, 22), (0, 23), (0, 39), (11, 19), (20, 31), (20, 32), (22, 5), (10, 15), (24, 25), (2, 32), (6, 24), (17, 7), (17, 26), (17, 29), (3, 16), (16, 6), (19, 30), (26, 28), (37, 30), (4, 2), (21, 10), (7, 12), (8, 27), (27, 5), (31, 24), (31, 35), (31, 38), (14, 37), (33, 17), (33, 25), (33, 32)]]","[[177.63502668469647, 106.84797326349755, 234.36514469573234, 117.07490281497473, 13.503354949681803, 141.29732975212397, 204.54779861421693, 3.088090234136816, 4.224245709678603, 266.228203217974, 48.54225421060466, 52.181792387233386, 1.2577502621361232, 109.21520116689703, 61.20278191083627, 30.159660754348742, 42.38040082241329, 16.045211281868568, 3.6917323065461467, 23.62024181384998, 83.46250334498163, 64.0271387856429, 124.26220566175641, 368.64538339396665, 71.45025152997052, 95.31904846171028, 102.85740205642855, 503.95433695927517, 15.967739341397717, 90.58656347583438, 2.8730813226168284]]"
870,"[[(0, 22), (0, 23), (0, 39), (11, 19), (20, 31), (20, 32), (22, 5), (10, 15), (24, 25), (2, 32), (6, 24), (17, 7), (17, 26), (17, 29), (3, 16), (16, 6), (19, 30), (26, 28), (37, 30), (4, 2), (21, 10), (7, 12), (8, 27), (27, 5), (31, 24), (31, 35), (31, 38), (14, 37), (33, 17), (33, 25), (33, 32)]]","[[242.48106644015354, 62.63973018945498, 844.63174793687, 166.97901269435678, 9.953665569648738, 143.3761008925067, 196.49529789213435, 2.3235627783366524, 22.115734414984356, 348.2708605569843, 50.64626807552962, 47.71261578253903, 3.030921020152577, 133.03080593673172, 73.82899737604683, 41.12204654602617, 45.24007721200048, 12.246642563646109, 3.873238372384245, 23.273628999963375, 62.35526383555217, 90.5158005032523, 137.35362720986893, 288.5317799614242, 82.67077201081133, 48.04362240034765, 112.32046984847483, 90.97804128866343, 10.137831550099797, 82.2452608104786, 2.4006451971824987]]"
871,"[[(0, 22), (0, 23), (0, 39), (11, 19), (20, 31), (20, 32), (22, 5), (10, 15), (24, 25), (2, 32), (6, 24), (17, 7), (17, 26), (17, 29), (3, 16), (16, 6), (19, 30), (26, 28), (37, 30), (4, 2), (21, 10), (7, 12), (8, 27), (27, 5), (31, 24), (31, 35), (31, 38), (14, 37), (33, 17), (33, 25), (33, 32)]]","[[334.2485088167831, 63.676181281428434, 870.7819925591616, 77.87077283438981, 30.903138114446524, 135.59718168458576, 190.739294003293, 3.3545474996918196, 17.76588237997162, 312.77951259965687, 53.37175090504835, 46.26244562669284, 1.3764073572243722, 154.7288498335231, 75.94860586082828, 21.632767552801624, 59.667498262657006, 10.23536601491632, 3.663975761618473, 23.951484237268467, 36.67920275871277, 50.07519057564701, 318.5409716164785, 319.4798455262851, 71.28946603819881, 73.90643588338857, 39.917434466745284, 504.5776811800854, 11.37754242651733, 86.92693287610007, 7.4747649476762135]]"
872,"[[(0, 22), (0, 23), (0, 39), (11, 19), (20, 31), (20, 32), (22, 5), (10, 15), (24, 25), (2, 32), (6, 24), (17, 7), (17, 26), (17, 29), (3, 16), (16, 6), (19, 30), (26, 28), (37, 30), (4, 2), (21, 10), (7, 12), (8, 27), (27, 5), (31, 24), (31, 35), (31, 38), (14, 37), (33, 17), (33, 25), (33, 32)]]","[[336.3060140463268, 97.42330280372533, 118.09675901523784, 102.06153731533327, 38.571453965507224, 140.9927624128177, 193.08311255356193, 2.756440484881748, 9.225492923206682, 280.4094591708914, 48.04658666289552, 39.186868814471644, 3.3195908478009546, 97.50074219646854, 36.36887629856432, 49.35408949068881, 68.66923711355406, 15.745882638711663, 3.874323818974694, 23.55373716339639, 78.66628329126812, 62.129360281523525, 235.41876457350338, 167.82429983392214, 62.71849224193804, 35.81839063334142, 173.65688818573736, 432.9518186805438, 11.28089035342698, 78.96164086808894, 4.825594884219963]]"
873,"[[(0, 22), (0, 23), (0, 39), (11, 19), (20, 31), (20, 32), (22, 5), (10, 15), (24, 25), (2, 32), (6, 24), (17, 7), (17, 26), (17, 29), (3, 16), (16, 6), (19, 30), (26, 28), (37, 30), (4, 2), (21, 10), (7, 12), (8, 27), (27, 5), (31, 24), (31, 35), (31, 38), (14, 37), (33, 17), (33, 25), (33, 32)]]","[[169.54672219981933, 25.435969698057527, 61.110390144517844, 76.1317435808161, 36.0870255586485, 133.42155557688136, 198.42422046670902, 3.7715605301395545, 22.510249561213374, 278.76827309135456, 49.22743645532596, 40.20414122903317, 4.511691786608729, 78.26930288433313, 70.81597177325493, 36.267563466441516, 60.041946064081955, 9.865739937612174, 4.556260855330872, 23.687761501504244, 25.221842519602173, 21.127306920478212, 170.98329347886158, 188.62586378674226, 79.92841664463403, 105.87285025578913, 88.51486505826385, 341.6217190411303, 11.450142051653437, 85.02703612197419, 3.309183481500841]]"
874,"[[(0, 22), (0, 23), (0, 39), (11, 19), (20, 31), (20, 32), (22, 5), (10, 15), (24, 25), (2, 32), (6, 24), (17, 7), (17, 26), (17, 29), (3, 16), (16, 6), (19, 30), (26, 28), (37, 30), (4, 2), (21, 10), (7, 12), (8, 27), (27, 5), (31, 24), (31, 35), (31, 38), (14, 37), (33, 17), (33, 25), (33, 32)]]","[[261.87479161075, 35.28680723422471, 624.4190068222204, 57.8052667112988, 37.36699781934962, 134.1155736619586, 185.27462386520838, 1.7376398588852782, 5.316616467977396, 380.47147894973415, 53.46108087984315, 48.44261251029163, 1.7347984182399312, 68.64281209202666, 26.986441451598058, 112.42950176853816, 47.27928740299935, 9.265914634537673, 3.6319682850083135, 24.089920508846326, 46.468617480563886, 84.85394761492857, 80.56036220628081, 273.94624994921065, 73.46728527413856, 53.014602954922935, 54.80903083212223, 32.01107259337752, 11.039855199982895, 92.28520175542599, 5.375801710030923]]"
875,"[[(0, 22), (0, 23), (0, 39), (11, 19), (20, 31), (20, 32), (22, 5), (10, 15), (24, 25), (2, 32), (6, 24), (17, 7), (17, 26), (17, 29), (3, 16), (16, 6), (19, 30), (26, 28), (37, 30), (4, 2), (21, 10), (7, 12), (8, 27), (27, 5), (31, 24), (31, 35), (31, 38), (14, 37), (33, 17), (33, 25), (33, 32)]]","[[349.88941448543693, 90.58064615143647, 236.58840039621091, 65.9952376085486, 42.95721443591218, 139.1582001229791, 216.17555919819938, 3.9322316101934134, 23.992257307612448, 405.4505449323892, 53.50905926092407, 39.000817904700526, 4.60096035023011, 76.17021074638612, 47.18405793828277, 97.09617997400328, 48.130126386159006, 15.170430042901828, 3.77659976719613, 24.8135360435459, 34.46082555780593, 51.40704549305742, 369.342316207499, 387.1957726085868, 73.9828196802048, 50.08526743968956, 97.98454682365998, 201.28425392800074, 15.29428154616069, 75.43720973788393, 2.3387240927906943]]"
876,"[[(0, 22), (0, 23), (0, 39), (11, 19), (20, 31), (20, 32), (22, 5), (10, 15), (24, 25), (2, 32), (6, 24), (17, 7), (17, 26), (17, 29), (3, 16), (16, 6), (19, 30), (26, 28), (37, 30), (4, 2), (21, 10), (7, 12), (8, 27), (27, 5), (31, 24), (31, 35), (31, 38), (14, 37), (33, 17), (33, 25), (33, 32)]]","[[351.0500123050461, 78.48719483883451, 1042.3284640647103, 144.0255531567043, 28.71294214066382, 133.18978178900858, 189.23789094454435, 3.6471028387520956, 22.57317914917049, 361.5485974288553, 53.134733310322204, 53.959890540631555, 2.512635155164811, 88.23937830174066, 36.83086773937902, 33.8726084814829, 51.45312563380715, 7.0961652324146725, 3.627680370099563, 23.71783920965034, 70.78593995194643, 21.53589603934995, 129.48514683392474, 366.1046077569707, 69.12272256797829, 95.742634675487, 108.09977962956899, 422.116837418964, 12.869812615360651, 79.59485963841772, 5.340942496823086]]"
877,"[[(0, 22), (0, 23), (0, 39), (11, 19), (20, 31), (20, 32), (22, 5), (10, 15), (24, 25), (2, 32), (6, 24), (17, 7), (17, 26), (17, 29), (3, 16), (16, 6), (19, 30), (26, 28), (37, 30), (4, 2), (21, 10), (7, 12), (8, 27), (27, 5), (31, 24), (31, 35), (31, 38), (14, 37), (33, 17), (33, 25), (33, 32)]]","[[275.35197257532366, 34.53173059975502, 1101.2072824052207, 40.21068309282298, 43.98737301481712, 130.79221862936922, 211.57172977608772, 1.952650065342222, 10.276304874417947, 401.20066568037805, 53.492327385732736, 39.593298575000176, 2.913353188651661, 158.68534775762043, 41.496216602656304, 49.24465061479883, 62.260501091116375, 3.7605937133918412, 4.679834965781988, 24.347878958093066, 85.87786126619794, 32.22927860595641, 409.735523611336, 389.3959954927403, 81.3814861442657, 67.51807398365338, 82.85434242227245, 322.13480071093875, 8.757789837245529, 88.8162088846729, 4.379701382608791]]"
878,"[[(0, 22), (0, 23), (0, 39), (11, 19), (20, 31), (20, 32), (22, 5), (10, 15), (24, 25), (2, 32), (6, 24), (17, 7), (17, 26), (17, 29), (3, 16), (16, 6), (19, 30), (26, 28), (37, 30), (4, 2), (21, 10), (7, 12), (8, 27), (27, 5), (31, 24), (31, 35), (31, 38), (14, 37), (33, 17), (33, 25), (33, 32)]]","[[220.11201566655706, 85.74325976549358, 873.1642468899805, 106.86628560727661, 20.512722207255056, 133.1903565632635, 180.28907029166442, 1.024489938128955, 5.020597051420781, 292.7778681550093, 49.152351163773936, 41.96398329877088, 2.05153448954686, 120.24753248398886, 61.39252398227309, 72.24417402776406, 59.23042230367338, 2.469740911017601, 4.536720645184242, 23.691720339423266, 34.47556135485098, 86.04005499712078, 400.16126476801634, 293.48681051638437, 59.200075592833855, 63.013873230885444, 133.26661530937503, 587.1815805301611, 12.982405168789079, 79.96426967100722, 7.69240918903951]]"
879,"[[(0, 22), (0, 23), (0, 39), (11, 19), (20, 31), (20, 32), (22, 5), (10, 15), (24, 25), (2, 32), (6, 24), (17, 7), (17, 26), (17, 29), (3, 16), (16, 6), (19, 30), (26, 28), (37, 30), (4, 2), (21, 10), (7, 12), (8, 27), (27, 5), (31, 24), (31, 35), (31, 38), (14, 37), (33, 17), (33, 25), (33, 32)]]","[[273.41929964494926, 63.92040042514027, 185.14751561610962, 164.1092250445497, 43.42434468611733, 131.65769647270892, 207.24708501732624, 4.5880366850422645, 14.844622980662791, 412.404973733734, 52.16858597740193, 46.471274633412165, 1.984283834205661, 127.51556869300333, 75.2440318787048, 51.73028078771978, 42.41871988714546, 19.222504089088545, 4.358214391742319, 24.30841708215936, 71.16280098658629, 34.104867105733774, 203.61488291948757, 262.3130064576876, 65.77582254011857, 105.55968525442343, 29.82445932702967, 264.29621108382344, 11.530499231710998, 75.39017460673583, 3.518112531218292]]"
880,"[[(0, 22), (0, 23), (0, 39), (11, 19), (20, 31), (20, 32), (22, 5), (10, 15), (24, 25), (2, 32), (6, 24), (17, 7), (17, 26), (17, 29), (3, 16), (16, 6), (19, 30), (26, 28), (37, 30), (4, 2), (21, 10), (7, 12), (8, 27), (27, 5), (31, 24), (31, 35), (31, 38), (14, 37), (33, 17), (33, 25), (33, 32)]]","[[119.91862966206133, 76.65222088633232, 362.9024166132727, 144.64997540173178, 12.252002769753014, 142.85493569399134, 206.40408971539304, 1.0184279559821339, 5.19172810519071, 351.25826374804535, 53.788787569003844, 44.77043795613838, 1.463727421610813, 130.96871633749745, 33.582078927850304, 44.567591028044916, 53.28529339485654, 7.612092290203872, 4.196327419972249, 24.57577445786023, 76.94008480905573, 25.958856542605236, 250.28747289900474, 245.55196762186773, 67.05721120752881, 101.35388658073052, 138.35280680126323, 349.42040509363983, 8.069185828107152, 88.94315869914892, 2.598483474047465]]"
881,"[[(0, 22), (0, 23), (0, 39), (11, 19), (20, 31), (20, 32), (22, 5), (10, 15), (24, 25), (2, 32), (6, 24), (17, 7), (17, 26), (17, 29), (3, 16), (16, 6), (19, 30), (26, 28), (37, 30), (4, 2), (21, 10), (7, 12), (8, 27), (27, 5), (31, 24), (31, 35), (31, 38), (14, 37), (33, 17), (33, 25), (33, 32)]]","[[112.33503561601651, 90.71367941625158, 829.9088522204378, 55.62805241804733, 16.446550250710608, 143.52523074047048, 214.34459156443853, 2.476868615512323, 3.4844376126274965, 295.2313227263867, 52.42984691114646, 44.134412962894615, 2.16202898328796, 48.52082625780027, 31.590457269382746, 91.66127600275445, 53.57847662339542, 5.409878854813713, 4.627858115004033, 24.667875762630842, 14.779549159803969, 61.00382877683546, 211.8321925349838, 368.4813858758491, 60.10413588918202, 55.53371416938553, 20.948148792534333, 357.7515594313058, 11.485007936542189, 77.8802340831491, 7.027131628115883]]"
882,"[[(0, 22), (0, 23), (0, 39), (11, 19), (20, 31), (20, 32), (22, 5), (10, 15), (24, 25), (2, 32), (6, 24), (17, 7), (17, 26), (17, 29), (3, 16), (16, 6), (19, 30), (26, 28), (37, 30), (4, 2), (21, 10), (7, 12), (8, 27), (27, 5), (31, 24), (31, 35), (31, 38), (14, 37), (33, 17), (33, 25), (33, 32)]]","[[92.47354895644777, 63.53927655516894, 394.4429405582192, 129.51924137713593, 46.62966660818439, 143.85167724387435, 190.72049195583156, 3.7366019310314265, 11.478979806908093, 356.1095991320744, 50.05069616443747, 48.05302763580506, 2.2382760152290935, 117.2205983870856, 69.48811712739766, 21.338244865373053, 45.828651340195684, 6.459794835664743, 4.26652015438628, 23.248579604111036, 54.983915943922845, 84.86880393984758, 334.74868450154133, 152.7833689454623, 76.61801540437963, 90.43640902888639, 153.05837952550286, 132.1235870684411, 11.823052550283723, 87.3613407262311, 5.748063707508925]]"
883,"[[(0, 22), (0, 23), (0, 39), (11, 19), (20, 31), (20, 32), (22, 5), (10, 15), (24, 25), (2, 32), (6, 24), (17, 7), (17, 26), (17, 29), (3, 16), (16, 6), (19, 30), (26, 28), (37, 30), (4, 2), (21, 10), (7, 12), (8, 27), (27, 5), (31, 24), (31, 35), (31, 38), (14, 37), (33, 17), (33, 25), (33, 32)]]","[[343.82201177909593, 110.10338926522851, 538.2385849570678, 71.89644510242545, 25.049544604456454, 135.4098353696307, 205.22860341103274, 1.8025728720395242, 23.855153990263126, 412.8390994629077, 52.044638391749956, 43.47637397211, 1.704870272374511, 114.24109997588943, 47.63649438339327, 126.32381763855813, 68.10161702190543, 15.654085866014523, 4.109834047997429, 24.152001845184888, 74.39419776494923, 15.412314804984147, 375.01382198708995, 245.23238018884223, 59.42775677987281, 90.60991471532627, 69.66816506558305, 467.9184718310647, 12.923190038559415, 85.05440042710802, 5.488991197688472]]"
884,"[[(0, 22), (0, 23), (0, 39), (11, 19), (20, 31), (20, 32), (22, 5), (10, 15), (24, 25), (2, 32), (6, 24), (17, 7), (17, 26), (17, 29), (3, 16), (16, 6), (19, 30), (26, 28), (37, 30), (4, 2), (21, 10), (7, 12), (8, 27), (27, 5), (31, 24), (31, 35), (31, 38), (14, 37), (33, 17), (33, 25), (33, 32)]]","[[345.7999454030918, 78.58879952660925, 90.23248237836042, 130.43699124423068, 25.341466779359468, 130.27810379427407, 180.3031309406003, 3.4544270698512003, 12.646409952557992, 303.02929436032537, 53.34201327761097, 53.17961305411882, 4.242683239346913, 99.146088236119, 50.43181350396932, 102.40033808992476, 61.603303821271346, 13.217841879768692, 4.821169378333224, 24.241676104648658, 31.091554985418064, 76.03331819704795, 369.9870234720033, 238.7458723921347, 67.65887144233018, 57.014911304075255, 82.12798095058524, 467.0381513651836, 13.520541874424207, 92.72243868852368, 7.58434739782322]]"
885,"[[(0, 22), (0, 23), (0, 39), (11, 19), (20, 31), (20, 32), (22, 5), (10, 15), (24, 25), (2, 32), (6, 24), (17, 7), (17, 26), (17, 29), (3, 16), (16, 6), (19, 30), (26, 28), (37, 30), (4, 2), (21, 10), (7, 12), (8, 27), (27, 5), (31, 24), (31, 35), (31, 38), (14, 37), (33, 17), (33, 25), (33, 32)]]","[[319.8777426959841, 34.9111350909942, 223.5815624285753, 87.84070268165235, 23.220138090238063, 140.5090786416698, 218.25561132456104, 2.9438692136120213, 7.396740223356868, 405.49509525890596, 54.90526070070276, 43.41922927201436, 3.421039535644214, 152.77153089800004, 39.699400190228275, 96.39626998336396, 49.55668280986837, 16.193537690181046, 3.7606170332375695, 23.610197390260424, 53.42047272120812, 67.84859019030718, 399.00327030920226, 233.71855614132573, 67.5324729792287, 106.57176433120955, 63.57018803154972, 257.1278467388171, 10.918998283621075, 92.15417945596946, 3.260946513424063]]"
886,"[[(0, 22), (0, 23), (0, 39), (11, 19), (20, 31), (20, 32), (22, 5), (10, 15), (24, 25), (2, 32), (6, 24), (17, 7), (17, 26), (17, 29), (3, 16), (16, 6), (19, 30), (26, 28), (37, 30), (4, 2), (21, 10), (7, 12), (8, 27), (27, 5), (31, 24), (31, 35), (31, 38), (14, 37), (33, 17), (33, 25), (33, 32)]]","[[297.847753621166, 56.00843859897287, 813.6871767740389, 77.05159065272562, 20.61892934831062, 143.26056490656936, 176.15729853836348, 4.581504831231715, 3.395555281483542, 273.86295165793916, 50.784959561980536, 36.64200560944575, 1.7435616087576902, 120.18474359774211, 39.6123495341602, 92.59429816787923, 51.06801897705176, 15.273886438317145, 3.8162961519501475, 24.3907529008124, 82.93587252093128, 21.747271903410947, 221.89743301390914, 324.2408481387342, 69.44390403246251, 55.5131335632284, 114.57912864866282, 261.4339779514387, 12.705277879907122, 88.78831182256816, 5.960780054584532]]"
887,"[[(0, 22), (0, 23), (0, 39), (11, 19), (20, 31), (20, 32), (22, 5), (10, 15), (24, 25), (2, 32), (6, 24), (17, 7), (17, 26), (17, 29), (3, 16), (16, 6), (19, 30), (26, 28), (37, 30), (4, 2), (21, 10), (7, 12), (8, 27), (27, 5), (31, 24), (31, 35), (31, 38), (14, 37), (33, 17), (33, 25), (33, 32)]]","[[93.56405886390006, 42.09779319106511, 45.84350043619749, 143.488225888456, 9.870565084694832, 136.97355998577987, 183.5304924377291, 4.266988785590083, 2.6954567125036233, 290.44013436825895, 53.81285211329926, 52.57992229100693, 3.928952417409782, 98.83692070712296, 29.407236297922523, 124.10198641217556, 49.75177573674821, 19.56697355684845, 3.2127089769917347, 24.29159096548061, 84.59202986472984, 85.10125977791238, 237.8251743947765, 243.23502181179677, 72.583128755041, 70.06600993326516, 68.7431090593755, 474.8432197373195, 11.026555502805223, 88.4496933750836, 4.6519507527307615]]"
888,"[[(0, 22), (0, 23), (0, 39), (11, 19), (20, 31), (20, 32), (22, 5), (10, 15), (24, 25), (2, 32), (6, 24), (17, 7), (17, 26), (17, 29), (3, 16), (16, 6), (19, 30), (26, 28), (37, 30), (4, 2), (21, 10), (7, 12), (8, 27), (27, 5), (31, 24), (31, 35), (31, 38), (14, 37), (33, 17), (33, 25), (33, 32)]]","[[111.95233656438835, 69.90985717395276, 719.0338895582245, 99.89797184486184, 4.691543909358337, 136.119845011694, 220.13010097739107, 2.9307324323871047, 5.225508161495817, 323.9726249782581, 54.55221238984313, 42.72284303534225, 1.2712952512951938, 138.024210639058, 45.941002258467485, 50.41025791838699, 48.411990815832176, 15.015432408507696, 3.5442249412710387, 23.91329025488852, 80.96786897391257, 49.66868812617857, 281.2412635640178, 260.71759813405066, 75.55362877934873, 60.677379448824816, 37.85758575578616, 213.69230634031123, 13.474984599276425, 83.26506748561793, 7.6799972474716345]]"
889,"[[(0, 22), (0, 23), (0, 39), (11, 19), (20, 31), (20, 32), (22, 5), (10, 15), (24, 25), (2, 32), (6, 24), (17, 7), (17, 26), (17, 29), (3, 16), (16, 6), (19, 30), (26, 28), (37, 30), (4, 2), (21, 10), (7, 12), (8, 27), (27, 5), (31, 24), (31, 35), (31, 38), (14, 37), (33, 17), (33, 25), (33, 32)]]","[[227.19140549023322, 83.10888339424159, 1118.6400870405046, 55.49439197382782, 14.440919065422994, 142.17535927754165, 200.74189610478746, 3.051296260383565, 10.97046034080354, 347.4199249673575, 51.52341316576309, 41.44418465725915, 1.3836610583141464, 121.8990695933411, 32.52118811400118, 27.464198296714503, 61.06295274904105, 17.90997255222262, 3.842556582552337, 24.752746505410038, 26.85497921241454, 40.533202402771266, 221.5878697840052, 329.80628199428025, 78.09199144702123, 62.299798980046916, 50.88273282828956, 103.78108856109296, 14.058564917331534, 94.77611548620018, 5.153250392460648]]"
890,"[[(0, 22), (0, 23), (0, 39), (11, 19), (20, 31), (20, 32), (22, 5), (10, 15), (24, 25), (2, 32), (6, 24), (17, 7), (17, 26), (17, 29), (3, 16), (16, 6), (19, 30), (26, 28), (37, 30), (4, 2), (21, 10), (7, 12), (8, 27), (27, 5), (31, 24), (31, 35), (31, 38), (14, 37), (33, 17), (33, 25), (33, 32)]]","[[353.574658991784, 83.83864777256576, 842.5573550093766, 85.55834929674864, 19.276565906264985, 141.71910465159897, 202.906744329422, 1.8043184318373298, 16.370134612200417, 307.1786509830546, 55.888938664622806, 50.511839003578174, 3.319298888718691, 129.3192591375223, 37.86247902873019, 45.72075298650091, 46.64992049198076, 11.020152346484856, 3.7575211745927564, 23.38609860465106, 66.12909770319555, 50.54185104440158, 320.62025314559094, 279.2238990244345, 76.4171959937576, 83.66534296532525, 115.78036341570325, 164.79026124783852, 14.771879338224672, 76.30886683661667, 5.038034827908707]]"
891,"[[(0, 22), (0, 23), (0, 39), (11, 19), (20, 31), (20, 32), (22, 5), (10, 15), (24, 25), (2, 32), (6, 24), (17, 7), (17, 26), (17, 29), (3, 16), (16, 6), (19, 30), (26, 28), (37, 30), (4, 2), (21, 10), (7, 12), (8, 27), (27, 5), (31, 24), (31, 35), (31, 38), (14, 37), (33, 17), (33, 25), (33, 32)]]","[[184.0585856099648, 116.80720916136414, 926.9646044687854, 116.06467397831395, 8.917067379632641, 139.5090950696553, 212.64822072755476, 1.2267670034498277, 20.54807247667505, 277.8659506799728, 48.67469118591849, 49.8164300939551, 4.338740969864284, 113.5579945217081, 35.263895550564534, 72.64820345534591, 67.19868813066941, 14.958891068614637, 3.176588854524323, 24.014094779451558, 35.30083773978804, 38.4965580644489, 96.90798224466144, 350.2271055136822, 76.98393144505135, 76.85422589821513, 165.91318105445856, 470.8383677877698, 15.305262612525464, 89.62572173270428, 1.1799756871028109]]"
892,"[[(0, 22), (0, 23), (0, 39), (11, 19), (20, 31), (20, 32), (22, 5), (10, 15), (24, 25), (2, 32), (6, 24), (17, 7), (17, 26), (17, 29), (3, 16), (16, 6), (19, 30), (26, 28), (37, 30), (4, 2), (21, 10), (7, 12), (8, 27), (27, 5), (31, 24), (31, 35), (31, 38), (14, 37), (33, 17), (33, 25), (33, 32)]]","[[204.21362708398306, 36.293775818304816, 503.2731064311931, 153.98768629166744, 42.27754926400844, 143.66522390913656, 229.28611028067456, 3.988813458606793, 9.59685544533764, 313.5819788471023, 49.300995885698555, 50.63468958961403, 2.5019294734986985, 122.21268891014005, 69.05597485458594, 38.13454648379299, 65.03570968711107, 9.808982072314322, 4.550208517540315, 23.337301373828165, 12.339182004931537, 20.98907302320343, 405.5676531303363, 265.18276166641, 67.90332508737308, 77.41104056669765, 106.80049721732178, 86.79136319949964, 10.570669477646213, 76.51438479709422, 5.1460095334400995]]"
893,"[[(0, 22), (0, 23), (0, 39), (11, 19), (20, 31), (20, 32), (22, 5), (10, 15), (24, 25), (2, 32), (6, 24), (17, 7), (17, 26), (17, 29), (3, 16), (16, 6), (19, 30), (26, 28), (37, 30), (4, 2), (21, 10), (7, 12), (8, 27), (27, 5), (31, 24), (31, 35), (31, 38), (14, 37), (33, 17), (33, 25), (33, 32)]]","[[113.31369653068136, 69.03349739927116, 1128.5810482276343, 154.82714470174767, 12.099780251102581, 130.1605093885241, 211.5439313030733, 4.94009865998027, 10.5326962914821, 385.66808572419376, 55.972592518007495, 50.341500664671784, 2.518381047512817, 132.47120343370366, 43.503825393806004, 81.90238417174193, 38.995086111960426, 19.211731742974262, 4.923780041412212, 23.86415115065814, 53.51674011033031, 67.39915062333993, 185.02306063520786, 291.1418838275006, 64.27878767777338, 85.75815022143054, 46.76392930779004, 211.10560157373433, 13.570254680010535, 94.3414949950333, 2.8661995810858887]]"
894,"[[(0, 22), (0, 23), (0, 39), (11, 19), (20, 31), (20, 32), (22, 5), (10, 15), (24, 25), (2, 32), (6, 24), (17, 7), (17, 26), (17, 29), (3, 16), (16, 6), (19, 30), (26, 28), (37, 30), (4, 2), (21, 10), (7, 12), (8, 27), (27, 5), (31, 24), (31, 35), (31, 38), (14, 37), (33, 17), (33, 25), (33, 32)]]","[[154.7519575409944, 110.54370911138359, 804.925541789144, 56.827545958814795, 16.895449519710873, 136.18997337386418, 204.40610674049717, 2.932342237735895, 3.7497416702662063, 323.55721719944205, 48.62309759675439, 39.531905754778606, 4.639419932051771, 126.81251561234723, 64.90890995903935, 126.42613908444804, 66.881418111759, 5.3481067307491355, 4.8455686358471635, 24.119602907797223, 15.24049670088557, 38.23181614117404, 299.7623838196889, 322.05111337181984, 62.37595847569352, 47.4703014253185, 181.81159408814162, 228.17493004200867, 10.268605098320798, 90.23550479659167, 2.991929159933191]]"
895,"[[(0, 22), (0, 23), (0, 39), (11, 19), (20, 31), (20, 32), (22, 5), (10, 15), (24, 25), (2, 32), (6, 24), (17, 7), (17, 26), (17, 29), (3, 16), (16, 6), (19, 30), (26, 28), (37, 30), (4, 2), (21, 10), (7, 12), (8, 27), (27, 5), (31, 24), (31, 35), (31, 38), (14, 37), (33, 17), (33, 25), (33, 32)]]","[[203.2850681178162, 22.694164611863908, 1054.8522621246286, 94.53040830259323, 11.515377607555719, 138.40764408820058, 203.29300938624039, 2.056671845228261, 9.296354155281305, 293.3355669580199, 53.617204276943326, 47.27859254079493, 4.969383803604654, 136.46819437912853, 31.203572226896565, 24.4046057185162, 52.0397877508138, 5.6419006417151945, 4.85497228864953, 24.233330135193263, 47.214910213846586, 74.64075568215603, 161.86056019175757, 272.6022780768364, 79.52400561766416, 41.49010769196182, 98.12394433130312, 182.06053049335264, 13.938256767425422, 79.41008534732778, 1.0739633548145484]]"
896,"[[(0, 22), (0, 23), (0, 39), (11, 19), (20, 31), (20, 32), (22, 5), (10, 15), (24, 25), (2, 32), (6, 24), (17, 7), (17, 26), (17, 29), (3, 16), (16, 6), (19, 30), (26, 28), (37, 30), (4, 2), (21, 10), (7, 12), (8, 27), (27, 5), (31, 24), (31, 35), (31, 38), (14, 37), (33, 17), (33, 25), (33, 32)]]","[[129.31918875155023, 60.01361117798096, 883.5956006384561, 166.39389487560905, 36.30719562516494, 132.66303761022544, 227.3582777303685, 4.797770634850385, 7.029459838912531, 364.5916894730215, 49.81583421819953, 47.59857711777286, 2.711602789417978, 143.55397388961228, 74.2985415699232, 18.061072400991947, 42.222921531796786, 4.53179038603716, 4.594791889830059, 24.71513688994039, 36.836804617070314, 77.85972531385409, 329.31663663928856, 240.12824300935029, 71.1857432782795, 106.8255230613468, 159.88564437236064, 207.26442531849386, 10.196849755129806, 82.67540092987493, 7.5458327467088395]]"
897,"[[(0, 22), (0, 23), (0, 39), (11, 19), (20, 31), (20, 32), (22, 5), (10, 15), (24, 25), (2, 32), (6, 24), (17, 7), (17, 26), (17, 29), (3, 16), (16, 6), (19, 30), (26, 28), (37, 30), (4, 2), (21, 10), (7, 12), (8, 27), (27, 5), (31, 24), (31, 35), (31, 38), (14, 37), (33, 17), (33, 25), (33, 32)]]","[[229.24512595532966, 78.53366091600672, 1145.2771398133987, 66.20200052880763, 12.732296659741154, 132.0294941574537, 225.39160986576533, 1.0037791536031917, 4.122655672136307, 269.62687753597896, 52.383499322422445, 52.36928257438058, 2.1949953164632925, 121.12963478992957, 26.76552066842366, 64.28365709935437, 60.98168494432397, 7.827549341236632, 3.2144524628585396, 23.495253834412985, 30.641776919629994, 27.17667101471743, 274.25232958107404, 283.94692767072553, 59.656321751107335, 81.13953730219339, 150.29311090640317, 422.54897027358, 14.954426913853135, 75.94195640436168, 5.72652180170478]]"
898,"[[(0, 22), (0, 23), (0, 39), (11, 19), (20, 31), (20, 32), (22, 5), (10, 15), (24, 25), (2, 32), (6, 24), (17, 7), (17, 26), (17, 29), (3, 16), (16, 6), (19, 30), (26, 28), (37, 30), (4, 2), (21, 10), (7, 12), (8, 27), (27, 5), (31, 24), (31, 35), (31, 38), (14, 37), (33, 17), (33, 25), (33, 32)]]","[[140.84696481932224, 57.647509508253236, 992.0062134125993, 81.4656341754015, 21.3490379291319, 137.57162182824533, 222.24952622988326, 4.649135365113121, 16.484909218562947, 387.8377427350115, 54.783512800410755, 48.64030374808054, 2.6183913540263273, 95.88438244720336, 65.61282738449621, 26.300857617092873, 37.672702212943804, 15.651493803635187, 4.179137024883242, 23.78772478103776, 65.37704417421428, 31.882567008630275, 347.8822826391655, 225.11374408601333, 63.39443865725386, 82.23240475044358, 132.89685645481563, 255.96292658322614, 8.518969961893994, 83.43199523334157, 1.7177194808637903]]"
899,"[[(0, 22), (0, 23), (0, 39), (11, 19), (20, 31), (20, 32), (22, 5), (10, 15), (24, 25), (2, 32), (6, 24), (17, 7), (17, 26), (17, 29), (3, 16), (16, 6), (19, 30), (26, 28), (37, 30), (4, 2), (21, 10), (7, 12), (8, 27), (27, 5), (31, 24), (31, 35), (31, 38), (14, 37), (33, 17), (33, 25), (33, 32)]]","[[248.41810062849876, 95.5403381249138, 941.8333151738555, 119.49617913202322, 18.269085331103334, 134.27955151589276, 223.79314320649888, 3.669919473891655, 0.954666010733757, 391.05340415069423, 51.83890086665684, 47.755912390136025, 4.391487162637899, 92.976327119166, 44.98300414093495, 24.8345589571826, 50.67492941726861, 12.984727253110893, 4.3980923083390095, 24.78701150309037, 54.44762792182863, 53.796966854602175, 119.29028621188675, 259.90303835953546, 81.67934532266074, 89.9074093658835, 13.276085417662838, 106.3320655360694, 8.842443063536011, 93.83168905511718, 1.2951164568837124]]"
900,"[[(0, 22), (0, 23), (0, 39), (11, 19), (20, 31), (20, 32), (22, 5), (10, 15), (24, 25), (2, 32), (6, 24), (17, 7), (17, 26), (17, 29), (3, 16), (16, 6), (19, 30), (26, 28), (37, 30), (4, 2), (21, 10), (7, 12), (8, 27), (27, 5), (31, 24), (31, 35), (31, 38), (14, 37), (33, 17), (33, 25), (33, 32)]]","[[234.75128573963383, 88.32473919380621, 672.1456229742101, 70.90714771068559, 12.989361963265205, 141.331371153159, 180.72502758978163, 3.994187217102003, 22.14902708255964, 269.9328498974417, 50.54310733857421, 45.18974289316544, 3.5152057214770536, 49.71255393158657, 72.50056702292162, 66.60073322273581, 68.2528198264196, 7.76681120814705, 4.576449782798459, 24.639676504723226, 26.78838444140648, 56.86621863579689, 75.52097755367205, 226.4164950922908, 61.33336494065446, 80.64968513877582, 169.78786089165362, 496.7994004079366, 14.746132858172292, 79.60070157015763, 4.531326198258018]]"
901,"[[(0, 22), (0, 23), (0, 39), (11, 19), (20, 31), (20, 32), (22, 5), (10, 15), (24, 25), (2, 32), (6, 24), (17, 7), (17, 26), (17, 29), (3, 16), (16, 6), (19, 30), (26, 28), (37, 30), (4, 2), (21, 10), (7, 12), (8, 27), (27, 5), (31, 24), (31, 35), (31, 38), (14, 37), (33, 17), (33, 25), (33, 32)]]","[[362.3337841834712, 46.604825683180906, 117.77897000231185, 105.60206851828478, 14.9187820880083, 142.84713248359574, 198.30323413713793, 4.624924085084766, 4.232484184856331, 402.155634058593, 49.35869672387496, 38.02083923658189, 2.80219353896053, 97.97679889164405, 60.206331644783035, 59.649798271993966, 39.170377567125094, 18.89288857058392, 3.4300420634166495, 24.751989905144395, 61.217645420790824, 78.54137432252136, 328.3949050164992, 220.10889637273917, 70.24492258633963, 58.86966899156834, 104.88759702565555, 488.9542086636455, 12.4638190764808, 76.87796226877596, 2.230336981647631]]"
902,"[[(0, 22), (0, 23), (0, 39), (11, 19), (20, 31), (20, 32), (22, 5), (10, 15), (24, 25), (2, 32), (6, 24), (17, 7), (17, 26), (17, 29), (3, 16), (16, 6), (19, 30), (26, 28), (37, 30), (4, 2), (21, 10), (7, 12), (8, 27), (27, 5), (31, 24), (31, 35), (31, 38), (14, 37), (33, 17), (33, 25), (33, 32)]]","[[190.89139049786547, 54.933142098467584, 284.21354681767036, 91.7904630538807, 21.357212642825942, 131.68395497515678, 186.10136789777448, 1.3210211258521096, 21.454013970700036, 271.4179360197401, 51.31227180573093, 42.92880825501047, 1.5283251532826512, 61.8147857250499, 60.02389696300075, 62.58159990297669, 41.3278066917586, 2.9839177703335356, 3.5021521204354515, 24.13292732253746, 29.420309297312897, 20.848084936163204, 273.3511008540852, 176.15082491958512, 73.28838160644302, 84.74612466532028, 36.74502932098993, 265.14009870801, 12.086563655914581, 90.7848998059167, 6.76764782075036]]"
903,"[[(0, 22), (0, 23), (0, 39), (11, 19), (20, 31), (20, 32), (22, 5), (10, 15), (24, 25), (2, 32), (6, 24), (17, 7), (17, 26), (17, 29), (3, 16), (16, 6), (19, 30), (26, 28), (37, 30), (4, 2), (21, 10), (7, 12), (8, 27), (27, 5), (31, 24), (31, 35), (31, 38), (14, 37), (33, 17), (33, 25), (33, 32)]]","[[132.5640697244902, 111.73486448108618, 142.0986144152009, 64.56319264682608, 34.84394998167921, 132.43497557262572, 178.61228706963553, 2.513802420479117, 10.656577156368101, 350.2739961320056, 50.47827979810419, 40.8620114327083, 1.7731748558752, 132.72227941693632, 26.778280552025983, 62.77256379126625, 58.52017058986104, 13.519309254015308, 4.718736398695331, 23.95976498599755, 12.866731356882365, 38.16049873179382, 291.7751042047134, 195.33562288999036, 63.03536611666313, 70.90876913899433, 90.86471966223064, 353.1810468575225, 15.688090544340485, 79.2398062525841, 8.894331537450373]]"
904,"[[(0, 22), (0, 23), (0, 39), (11, 19), (20, 31), (20, 32), (22, 5), (10, 15), (24, 25), (2, 32), (6, 24), (17, 7), (17, 26), (17, 29), (3, 16), (16, 6), (19, 30), (26, 28), (37, 30), (4, 2), (21, 10), (7, 12), (8, 27), (27, 5), (31, 24), (31, 35), (31, 38), (14, 37), (33, 17), (33, 25), (33, 32)]]","[[87.51583797973029, 89.20716452808675, 976.5145950756195, 70.14858585605148, 19.963790123908943, 138.4152099612653, 205.7033041814155, 2.1862537447991914, 21.521822466357595, 405.55824377676277, 49.46970749686662, 38.6029411037319, 1.3563602672509414, 89.05052363979769, 46.839546679129484, 47.42696100202246, 38.42590020593299, 13.759178979579513, 3.2093239081737135, 23.447637563696727, 63.431320554738235, 59.732481330988136, 189.60925090933478, 300.89527284868257, 73.05738020358625, 92.87474003880743, 122.09269610897778, 386.70629878103483, 8.170970289336424, 83.89308434539906, 4.5181650615586095]]"
905,"[[(0, 22), (0, 23), (0, 39), (11, 19), (20, 31), (20, 32), (22, 5), (10, 15), (24, 25), (2, 32), (6, 24), (17, 7), (17, 26), (17, 29), (3, 16), (16, 6), (19, 30), (26, 28), (37, 30), (4, 2), (21, 10), (7, 12), (8, 27), (27, 5), (31, 24), (31, 35), (31, 38), (14, 37), (33, 17), (33, 25), (33, 32)]]","[[352.12076559980966, 86.75034954485577, 213.24849206732782, 152.01861397192877, 16.903440212208757, 132.40008455744575, 222.78796696948052, 1.0131567756776123, 25.629180984367853, 380.0068712002185, 51.159391890337375, 47.85301851066096, 1.1981594161317575, 92.46762835183904, 27.253023828991402, 33.038493723553366, 53.09794672674887, 12.40170170364305, 4.450016063148918, 23.885890058750174, 43.39812188984729, 30.39853688261108, 108.69051913887465, 176.27252391386986, 66.59918583031786, 96.06315755990381, 43.48127997541451, 347.3870369879009, 12.418325823302013, 75.68419114189963, 5.889165110516337]]"
906,"[[(0, 22), (0, 23), (0, 39), (11, 19), (20, 31), (20, 32), (22, 5), (10, 15), (24, 25), (2, 32), (6, 24), (17, 7), (17, 26), (17, 29), (3, 16), (16, 6), (19, 30), (26, 28), (37, 30), (4, 2), (21, 10), (7, 12), (8, 27), (27, 5), (31, 24), (31, 35), (31, 38), (14, 37), (33, 17), (33, 25), (33, 32)]]","[[233.68976946664517, 99.54652681737176, 932.9939869992924, 118.68649030782919, 7.658958809457424, 135.82942234745371, 229.68619793461852, 1.9145937578461298, 1.0526678994509555, 344.3169782001799, 49.41832399216125, 53.3389795291923, 2.934911203967448, 127.49721153633517, 37.19235730056496, 27.005935799662993, 55.333715834710574, 15.58219085415877, 3.9410154234099686, 24.366949354714006, 55.00642608307116, 39.17595934158327, 88.53291726665158, 284.08212524114845, 68.68925636073445, 90.40036558296217, 14.335847391526862, 467.4360126709349, 12.638776326610323, 92.51703482657888, 8.462274333890107]]"
907,"[[(0, 22), (0, 23), (0, 39), (11, 19), (20, 31), (20, 32), (22, 5), (10, 15), (24, 25), (2, 32), (6, 24), (17, 7), (17, 26), (17, 29), (3, 16), (16, 6), (19, 30), (26, 28), (37, 30), (4, 2), (21, 10), (7, 12), (8, 27), (27, 5), (31, 24), (31, 35), (31, 38), (14, 37), (33, 17), (33, 25), (33, 32)]]","[[346.6307635773333, 42.05964079469242, 1023.8092372691646, 143.00752301957212, 3.1283194254333377, 137.26535062300724, 203.22366072197255, 2.308998644849056, 24.328456322343616, 339.3938522722583, 49.379496199771275, 36.38611242578014, 4.046793335772417, 91.07902852805049, 71.62219438550709, 59.47009299725212, 64.84162110759044, 13.06926412797607, 4.699801456052799, 24.37251586466092, 58.53459324043431, 87.85479502759205, 109.06654823413893, 220.64252624024613, 82.51944142932471, 50.32105625336252, 120.17426734835306, 253.9342781573075, 11.986084098843433, 87.70116155011728, 6.414373521017454]]"
908,"[[(0, 22), (0, 23), (0, 39), (11, 19), (20, 31), (20, 32), (22, 5), (10, 15), (24, 25), (2, 32), (6, 24), (17, 7), (17, 26), (17, 29), (3, 16), (16, 6), (19, 30), (26, 28), (37, 30), (4, 2), (21, 10), (7, 12), (8, 27), (27, 5), (31, 24), (31, 35), (31, 38), (14, 37), (33, 17), (33, 25), (33, 32)]]","[[180.2328076408178, 68.23692984941736, 879.1125131948572, 48.57078193767896, 17.623577915622988, 132.28926954481713, 212.7783719178193, 1.4727993846581713, 3.496929963569114, 319.22763630410714, 52.77105623962622, 42.549913111905845, 1.7396460589823621, 96.4948711739859, 32.68820043563457, 86.21616840130564, 39.45035306678244, 18.148440623429916, 4.077895944576321, 24.731211623275172, 32.64882664590097, 64.45291793102612, 326.81180453664984, 349.37331342404013, 60.70606128608132, 39.87337854396652, 109.710783090395, 244.03559865392518, 11.641499177386052, 87.48190186728836, 7.918553560110658]]"
909,"[[(0, 22), (0, 23), (0, 39), (11, 19), (20, 31), (20, 32), (22, 5), (10, 15), (24, 25), (2, 32), (6, 24), (17, 7), (17, 26), (17, 29), (3, 16), (16, 6), (19, 30), (26, 28), (37, 30), (4, 2), (21, 10), (7, 12), (8, 27), (27, 5), (31, 24), (31, 35), (31, 38), (14, 37), (33, 17), (33, 25), (33, 32)]]","[[188.00081265496206, 31.486977931987116, 422.8083360246981, 74.5140997596935, 15.372853723834023, 133.24224534452853, 215.83451572218328, 1.0466503445680644, 3.527465034307539, 395.8206205461803, 54.484527872576976, 48.83282655367453, 1.9247342802701777, 122.60782200249074, 40.24049459622543, 110.19924436428416, 37.78244890320879, 4.425545810353066, 4.05888070672115, 23.766642804694012, 24.274082040281872, 75.9092362653498, 106.56986038074305, 184.66989998414297, 73.74632676990444, 42.49524100132814, 95.91324798542533, 567.3163300100648, 13.279306615675246, 77.66782320778024, 8.051685845231578]]"
910,"[[(0, 22), (0, 23), (0, 39), (11, 19), (20, 31), (20, 32), (22, 5), (10, 15), (24, 25), (2, 32), (6, 24), (17, 7), (17, 26), (17, 29), (3, 16), (16, 6), (19, 30), (26, 28), (37, 30), (4, 2), (21, 10), (7, 12), (8, 27), (27, 5), (31, 24), (31, 35), (31, 38), (14, 37), (33, 17), (33, 25), (33, 32)]]","[[231.58132903812893, 40.51529330917316, 313.18600524418355, 47.30937919272192, 46.83348505343426, 141.24884292657032, 217.80022981365434, 2.611204408044207, 9.904922302109036, 311.43340700420805, 50.80932624189667, 49.6824013887948, 4.817469550383489, 140.9046032261789, 79.75633326725338, 92.58699076067136, 65.10973697622397, 9.405546249180176, 3.039237438906744, 23.94294672542283, 80.06521749289803, 27.85120711911795, 371.62426670821617, 350.52411959340293, 79.09595709927531, 37.891970306051626, 136.37528410667574, 588.6904152640649, 14.917221566613076, 88.58185428405358, 3.2356361105093594]]"
911,"[[(0, 22), (0, 23), (0, 39), (11, 19), (20, 31), (20, 32), (22, 5), (10, 15), (24, 25), (2, 32), (6, 24), (17, 7), (17, 26), (17, 29), (3, 16), (16, 6), (19, 30), (26, 28), (37, 30), (4, 2), (21, 10), (7, 12), (8, 27), (27, 5), (31, 24), (31, 35), (31, 38), (14, 37), (33, 17), (33, 25), (33, 32)]]","[[355.35709299627206, 97.54847933818556, 213.18212735120977, 100.51623547519267, 42.65941831832846, 142.7819747014641, 223.55993882159908, 4.4864860973461695, 15.257000909677508, 393.31487120790234, 50.98844550630672, 50.35935443733844, 1.7581721823970993, 149.99421471020298, 32.68560302130197, 27.378571464461267, 53.26632688807476, 3.052187829219597, 3.7386843945771107, 24.05853215058468, 39.70668068239138, 28.88226428994372, 347.615547982775, 303.0454632099304, 78.50127994850067, 35.54314722117683, 80.88308286381584, 493.1353555379168, 10.702155458125159, 92.6638154511246, 2.810201489861667]]"
912,"[[(0, 22), (0, 23), (0, 39), (11, 19), (20, 31), (20, 32), (22, 5), (10, 15), (24, 25), (2, 32), (6, 24), (17, 7), (17, 26), (17, 29), (3, 16), (16, 6), (19, 30), (26, 28), (37, 30), (4, 2), (21, 10), (7, 12), (8, 27), (27, 5), (31, 24), (31, 35), (31, 38), (14, 37), (33, 17), (33, 25), (33, 32)]]","[[253.8930748454949, 53.10579578998107, 595.3230973550728, 49.76885496060154, 28.267913098543218, 130.73399614395555, 192.23309639027843, 4.177235601954262, 14.545260282699259, 377.0556229851236, 54.03574770442415, 42.88166575711835, 1.6344764303772612, 91.84313469955393, 29.05562954304797, 91.63504977361181, 57.56888152699956, 5.6427687230881975, 4.357542579715231, 24.792693138015192, 12.73118501849349, 48.032038758537, 87.58839987924758, 386.87710885816796, 62.21544714419464, 80.6744212719824, 64.06623000583852, 347.66816429965104, 12.4261456187131, 87.44067389762085, 2.9276846996038666]]"
913,"[[(0, 22), (0, 23), (0, 39), (11, 19), (20, 31), (20, 32), (22, 5), (10, 15), (24, 25), (2, 32), (6, 24), (17, 7), (17, 26), (17, 29), (3, 16), (16, 6), (19, 30), (26, 28), (37, 30), (4, 2), (21, 10), (7, 12), (8, 27), (27, 5), (31, 24), (31, 35), (31, 38), (14, 37), (33, 17), (33, 25), (33, 32)]]","[[194.33133982451767, 23.635730761454166, 454.13055773188256, 65.63278278539349, 44.368889875665914, 131.3883084626017, 182.1743918495755, 2.628423187245017, 7.952609113176241, 360.3704119830753, 49.253401219334734, 50.45871271534668, 4.893612767409008, 152.65566426793947, 30.998324780248435, 108.45113346953684, 38.83907362322316, 11.831243675407922, 4.630062387430687, 24.20978474322748, 18.120494236418388, 36.29725318449039, 189.67424789270217, 156.46434587552076, 66.17997906384879, 50.52959133496592, 84.48696902501773, 263.25910222266486, 8.917517505740943, 84.87614318038632, 4.280739285738891]]"
914,"[[(0, 22), (0, 23), (0, 39), (11, 19), (20, 31), (20, 32), (22, 5), (10, 15), (24, 25), (2, 32), (6, 24), (17, 7), (17, 26), (17, 29), (3, 16), (16, 6), (19, 30), (26, 28), (37, 30), (4, 2), (21, 10), (7, 12), (8, 27), (27, 5), (31, 24), (31, 35), (31, 38), (14, 37), (33, 17), (33, 25), (33, 32)]]","[[280.62472892103267, 43.76399875804316, 382.61963107586473, 157.736247686818, 5.74842067483796, 137.95537629862855, 192.7700387339845, 3.477096154085236, 22.147742292355506, 278.63285185564337, 55.402976875753346, 46.36703254650818, 3.031585521727883, 109.18413649415949, 38.99425955151306, 75.99333390275586, 56.38971220321425, 6.538720799866145, 4.186362876208755, 24.374592982765446, 74.4348689505409, 50.59417890124554, 369.9507201044512, 350.3081350146339, 76.29667622746085, 59.06530326963755, 17.182544809448444, 125.40822636535628, 10.635003519684343, 75.4804424761369, 7.251133399680489]]"
915,"[[(0, 22), (0, 23), (0, 39), (11, 19), (20, 31), (20, 32), (22, 5), (10, 15), (24, 25), (2, 32), (6, 24), (17, 7), (17, 26), (17, 29), (3, 16), (16, 6), (19, 30), (26, 28), (37, 30), (4, 2), (21, 10), (7, 12), (8, 27), (27, 5), (31, 24), (31, 35), (31, 38), (14, 37), (33, 17), (33, 25), (33, 32)]]","[[166.4784137606111, 30.133042377537738, 311.87679426305806, 145.95139032420127, 38.99584394255569, 136.4421435953695, 229.44620767727622, 3.284623420266262, 18.33853895921413, 330.48126285745775, 48.992638206485076, 47.35638195807245, 2.2754153630512066, 157.70917022930212, 32.076533473150036, 55.49718278384847, 60.875357828662985, 12.67276245598762, 3.9955130472759506, 24.466356313689914, 32.49768735699142, 58.239210134969944, 321.52965896293586, 230.71200619804137, 73.7543372867437, 78.42928988598774, 29.43839070096349, 419.60595912657175, 9.072509609229293, 93.60135417871976, 6.224163652143727]]"
916,"[[(0, 22), (0, 23), (0, 39), (11, 19), (20, 31), (20, 32), (22, 5), (10, 15), (24, 25), (2, 32), (6, 24), (17, 7), (17, 26), (17, 29), (3, 16), (16, 6), (19, 30), (26, 28), (37, 30), (4, 2), (21, 10), (7, 12), (8, 27), (27, 5), (31, 24), (31, 35), (31, 38), (14, 37), (33, 17), (33, 25), (33, 32)]]","[[337.1635902475057, 44.2745570478358, 563.8913282151829, 105.96723471824369, 43.35360880236647, 139.67925707521724, 230.49923263759553, 4.526559632720373, 18.838061276008506, 410.9116744957323, 52.90277309403868, 38.146042444376306, 1.125467453650956, 86.61085304737176, 66.55652345904507, 62.17039089886973, 46.61713076528017, 9.767525402859986, 3.860982152813687, 24.984212212050384, 76.50580965725645, 30.61611985373467, 231.5870498563323, 169.87464589537822, 74.49981855473621, 50.97598768529646, 78.05410419137844, 623.8939477561969, 9.058180374824282, 82.18357393436091, 3.8356156548967366]]"
917,"[[(0, 22), (0, 23), (0, 39), (11, 19), (20, 31), (20, 32), (22, 5), (10, 15), (24, 25), (2, 32), (6, 24), (17, 7), (17, 26), (17, 29), (3, 16), (16, 6), (19, 30), (26, 28), (37, 30), (4, 2), (21, 10), (7, 12), (8, 27), (27, 5), (31, 24), (31, 35), (31, 38), (14, 37), (33, 17), (33, 25), (33, 32)]]","[[316.7900648009155, 86.78475781100138, 653.6266099525717, 135.71744640412174, 8.954447494193193, 135.04316258058026, 181.47859754188838, 1.8368160528461215, 14.122652758938015, 367.21951722302197, 55.78118294685016, 50.092380616839606, 3.2488004467137417, 124.19028562452321, 64.5974299374241, 117.55444737310037, 45.2852365984852, 15.452752428181352, 3.939463556664731, 23.979948660969875, 8.809771191086739, 63.90215802755796, 402.0225702044838, 251.61329715221254, 59.96102339370812, 34.541333925802306, 146.13249066432456, 31.025039614209923, 15.583116768823515, 93.74021090185995, 7.539252311139021]]"
918,"[[(0, 22), (0, 23), (0, 39), (11, 19), (20, 31), (20, 32), (22, 5), (10, 15), (24, 25), (2, 32), (6, 24), (17, 7), (17, 26), (17, 29), (3, 16), (16, 6), (19, 30), (26, 28), (37, 30), (4, 2), (21, 10), (7, 12), (8, 27), (27, 5), (31, 24), (31, 35), (31, 38), (14, 37), (33, 17), (33, 25), (33, 32)]]","[[155.66146329301876, 99.30585752717002, 997.5829360033167, 142.94842335546696, 20.614082415498338, 140.8870349093317, 195.01083921706464, 1.8088064280587175, 17.556083066142794, 413.2713559519418, 55.34777021821368, 53.685136827091846, 4.301049678675021, 116.70014223739658, 77.03337665720201, 50.22611453889824, 46.450759017067696, 14.29950549462432, 3.5433091273542114, 23.64952793036033, 18.878462976259772, 51.08554385101411, 390.72114462329523, 272.10479844192105, 77.55277843853952, 48.75347691572305, 132.4713523160563, 477.6037196509414, 8.048744225379437, 92.20628139931576, 2.4636014305891605]]"
919,"[[(0, 22), (0, 23), (0, 39), (11, 19), (20, 31), (20, 32), (22, 5), (10, 15), (24, 25), (2, 32), (6, 24), (17, 7), (17, 26), (17, 29), (3, 16), (16, 6), (19, 30), (26, 28), (37, 30), (4, 2), (21, 10), (7, 12), (8, 27), (27, 5), (31, 24), (31, 35), (31, 38), (14, 37), (33, 17), (33, 25), (33, 32)]]","[[293.6570781246319, 90.4762871113923, 834.7424592860554, 92.67733125915669, 31.059549980903952, 132.63355105153053, 221.880603644253, 4.7202061873238055, 17.22466877704162, 347.68036085586186, 50.13122922403653, 41.33583689571398, 3.6464092900878358, 56.309751533701764, 66.84811490797217, 76.98814857960662, 63.035512403145475, 7.025705969679052, 3.3385037883235213, 24.31365855395046, 49.25251603088255, 81.06690355207056, 269.0443122865021, 151.60279241320907, 80.75610918511025, 50.19859588407218, 21.745590810032045, 42.19060547048729, 12.89489303215686, 91.35607076476083, 6.459774036302954]]"
920,"[[(0, 22), (0, 23), (0, 39), (11, 19), (20, 31), (20, 32), (22, 5), (10, 15), (24, 25), (2, 32), (6, 24), (17, 7), (17, 26), (17, 29), (3, 16), (16, 6), (19, 30), (26, 28), (37, 30), (4, 2), (21, 10), (7, 12), (8, 27), (27, 5), (31, 24), (31, 35), (31, 38), (14, 37), (33, 17), (33, 25), (33, 32)]]","[[168.86450674180873, 75.18145723491057, 542.9866932172796, 136.101839382332, 4.0773645316325275, 133.48356338062297, 228.34041388447747, 4.328424107345916, 8.041580441130964, 336.42725531871815, 48.23562819639256, 52.114145670677374, 2.2873966178840535, 74.32058867049548, 48.759836875354324, 91.93816208330996, 70.77725436036366, 11.275227136286976, 3.4033076291785105, 24.290376049516485, 14.191329940279957, 44.19954019465224, 72.22970540189532, 164.12633064669092, 60.13737454270448, 94.55706639204189, 118.91050160647606, 616.9148121860521, 15.709159400875814, 87.72859503677336, 2.1069682233357803]]"
921,"[[(0, 22), (0, 23), (0, 39), (11, 19), (20, 31), (20, 32), (22, 5), (10, 15), (24, 25), (2, 32), (6, 24), (17, 7), (17, 26), (17, 29), (3, 16), (16, 6), (19, 30), (26, 28), (37, 30), (4, 2), (21, 10), (7, 12), (8, 27), (27, 5), (31, 24), (31, 35), (31, 38), (14, 37), (33, 17), (33, 25), (33, 32)]]","[[364.435631572904, 29.884966217969502, 875.7843506121238, 146.73546755783747, 27.601478321220334, 138.8944225133752, 218.7308767704846, 4.061134358652454, 10.567688776749609, 380.01713279295785, 54.28883714880753, 38.2994204400061, 3.8462803266048646, 144.2805655182516, 45.249119581548314, 47.73583605880245, 37.55938190816418, 3.7515834763319784, 3.4356295867092226, 24.381894060205546, 67.02438544311732, 21.55689926544012, 388.38453671810333, 211.93603798541432, 66.95895767825449, 82.61657952316806, 99.2806471411202, 158.91578636212168, 9.837836019666423, 86.47017968245964, 4.055519415777977]]"
922,"[[(0, 22), (0, 23), (0, 39), (11, 19), (20, 31), (20, 32), (22, 5), (10, 15), (24, 25), (2, 32), (6, 24), (17, 7), (17, 26), (17, 29), (3, 16), (16, 6), (19, 30), (26, 28), (37, 30), (4, 2), (21, 10), (7, 12), (8, 27), (27, 5), (31, 24), (31, 35), (31, 38), (14, 37), (33, 17), (33, 25), (33, 32)]]","[[90.78455144847665, 67.02672800402627, 489.7329508881075, 97.68279296333284, 16.11054390725603, 133.26640433740786, 214.21427639919852, 4.928397221862312, 15.095665168371294, 272.8768410137289, 52.184976360383104, 44.063416135294545, 4.118704851475325, 116.89332546468111, 48.58621271850869, 60.735902666517156, 61.71630036871938, 8.573765924396458, 3.782644363342276, 23.86922306675512, 7.367801600325661, 59.807865885731175, 216.3343763750334, 311.37076365095504, 60.92294643825138, 42.086855197043704, 56.43560033477122, 466.868072612333, 9.991078387098163, 81.93111829522175, 3.7836867200990714]]"
923,"[[(0, 22), (0, 23), (0, 39), (11, 19), (20, 31), (20, 32), (22, 5), (10, 15), (24, 25), (2, 32), (6, 24), (17, 7), (17, 26), (17, 29), (3, 16), (16, 6), (19, 30), (26, 28), (37, 30), (4, 2), (21, 10), (7, 12), (8, 27), (27, 5), (31, 24), (31, 35), (31, 38), (14, 37), (33, 17), (33, 25), (33, 32)]]","[[107.19116737688029, 63.26098673668227, 813.1595417814809, 59.18976117135075, 47.00889348283802, 133.27250710755902, 212.15089989794905, 3.767075149514924, 21.179706549786953, 385.254017262268, 50.10024377573986, 38.85175353512011, 3.633186850608311, 64.59232274498858, 76.87393724777812, 108.11133360923057, 60.39259693519375, 2.286560792859267, 3.711428967595497, 23.65533397002979, 30.348716370548765, 65.91893163258425, 328.47938041821425, 373.93033939609023, 66.91118154030994, 60.468629425590564, 84.30286839974431, 331.97316601477166, 13.768324890944669, 78.63084236530757, 6.8186922866953985]]"
924,"[[(0, 22), (0, 23), (0, 39), (11, 19), (20, 31), (20, 32), (22, 5), (10, 15), (24, 25), (2, 32), (6, 24), (17, 7), (17, 26), (17, 29), (3, 16), (16, 6), (19, 30), (26, 28), (37, 30), (4, 2), (21, 10), (7, 12), (8, 27), (27, 5), (31, 24), (31, 35), (31, 38), (14, 37), (33, 17), (33, 25), (33, 32)]]","[[365.7195296936208, 62.42332921058123, 692.3954826477593, 117.65852941895298, 17.213305450413475, 141.55963794746987, 218.63027773630813, 3.037948520125358, 22.821826833907096, 387.96059021930097, 55.66386327825332, 43.71488212795371, 1.397207271022043, 110.02566850653102, 28.986307755120656, 46.02834993413077, 55.74108960330508, 15.96018693514263, 3.4104503295127753, 23.113287903162984, 70.25928403219838, 59.90759622896776, 134.0998454333219, 304.8644364100327, 63.354902256289435, 50.105718838649594, 93.59231497201465, 561.7945243663517, 14.755564457014332, 80.99187235588727, 4.237997189164858]]"
925,"[[(0, 22), (0, 23), (0, 39), (11, 19), (20, 31), (20, 32), (22, 5), (10, 15), (24, 25), (2, 32), (6, 24), (17, 7), (17, 26), (17, 29), (3, 16), (16, 6), (19, 30), (26, 28), (37, 30), (4, 2), (21, 10), (7, 12), (8, 27), (27, 5), (31, 24), (31, 35), (31, 38), (14, 37), (33, 17), (33, 25), (33, 32)]]","[[378.5319920212783, 30.680818462418873, 77.04040020559292, 159.00405452407063, 7.087087220503605, 140.97407893874342, 196.50485765332274, 2.083352193656768, 4.328700851321116, 307.10222313237267, 51.23145714268836, 41.83865222981217, 4.366875394411052, 105.04466582067829, 26.826568650757455, 125.7501808469289, 69.91231100821071, 2.303319402624761, 4.365333355459485, 23.36133622756711, 29.868154545950148, 53.94144968541553, 263.8380781536546, 257.8778034774114, 67.59565227581295, 72.2000151984137, 35.57491198465234, 332.4867577488535, 10.092607953097128, 85.46857819219765, 7.110950330582249]]"
926,"[[(0, 22), (0, 23), (0, 39), (11, 19), (20, 31), (20, 32), (22, 5), (10, 15), (24, 25), (2, 32), (6, 24), (17, 7), (17, 26), (17, 29), (3, 16), (16, 6), (19, 30), (26, 28), (37, 30), (4, 2), (21, 10), (7, 12), (8, 27), (27, 5), (31, 24), (31, 35), (31, 38), (14, 37), (33, 17), (33, 25), (33, 32)]]","[[153.44028654510697, 90.57340460022492, 667.4205710127189, 152.31484479132666, 18.072310552156104, 131.94035523344982, 178.65971277723435, 4.371572723254992, 25.51541830746266, 305.30816364952744, 51.18644853771603, 38.64194025552409, 2.0750143084538766, 77.86085811834332, 72.67983374021725, 36.5958749619306, 58.26532229295283, 18.31054853440331, 4.606373658898422, 23.286082253349694, 65.74081040925165, 67.24446609344977, 77.03029454437802, 147.691794721093, 74.1516180297497, 103.26152079118198, 132.76391264487052, 586.549766179746, 8.966289107298984, 90.75549356048776, 2.0470047629300074]]"
927,"[[(0, 22), (0, 23), (0, 39), (11, 19), (20, 31), (20, 32), (22, 5), (10, 15), (24, 25), (2, 32), (6, 24), (17, 7), (17, 26), (17, 29), (3, 16), (16, 6), (19, 30), (26, 28), (37, 30), (4, 2), (21, 10), (7, 12), (8, 27), (27, 5), (31, 24), (31, 35), (31, 38), (14, 37), (33, 17), (33, 25), (33, 32)]]","[[222.00665797573728, 98.62020248290345, 35.26254279056357, 131.03479654502848, 12.438836565758784, 131.76656251832557, 186.5454949496028, 1.0322119868034076, 18.01609185020248, 351.72121563873185, 52.57505428206192, 37.00001095432531, 1.2197874704155698, 87.56143255466031, 26.534128485583523, 113.85558264646652, 42.2186752095108, 5.686938953914227, 4.828544551902159, 23.185623015548792, 37.34862922819518, 75.72632632864118, 259.5220361149371, 182.59080443150842, 81.2422527309121, 51.023755105558976, 67.7536069167317, 346.01685404355266, 10.908125163501971, 91.25036489136134, 7.867155758369497]]"
928,"[[(0, 22), (0, 23), (0, 39), (11, 19), (20, 31), (20, 32), (22, 5), (10, 15), (24, 25), (2, 32), (6, 24), (17, 7), (17, 26), (17, 29), (3, 16), (16, 6), (19, 30), (26, 28), (37, 30), (4, 2), (21, 10), (7, 12), (8, 27), (27, 5), (31, 24), (31, 35), (31, 38), (14, 37), (33, 17), (33, 25), (33, 32)]]","[[246.86939682615255, 37.00396769276365, 638.1152080069544, 76.85565664882512, 22.61972990619671, 138.40502762004257, 182.18633385852343, 4.3614271485104315, 25.121228874550003, 365.49749619662964, 49.05843302982483, 41.16679979769439, 1.3796605577613419, 66.05151487864877, 53.62440468086908, 116.40631309795089, 39.11687318958368, 2.785078532474786, 3.2087444511983714, 23.942103846314787, 38.94123416815041, 49.01242384737167, 88.08026622373603, 231.0165580380018, 81.89989754121177, 92.35439791703118, 98.58746111276116, 74.7100709976637, 8.001377894180507, 94.48846995149263, 4.139045281326701]]"
929,"[[(0, 22), (0, 23), (0, 39), (11, 19), (20, 31), (20, 32), (22, 5), (10, 15), (24, 25), (2, 32), (6, 24), (17, 7), (17, 26), (17, 29), (3, 16), (16, 6), (19, 30), (26, 28), (37, 30), (4, 2), (21, 10), (7, 12), (8, 27), (27, 5), (31, 24), (31, 35), (31, 38), (14, 37), (33, 17), (33, 25), (33, 32)]]","[[232.29255263809577, 23.843881952491444, 785.5990093477526, 112.39275253258006, 37.06890119199617, 139.43547688058732, 192.01600013426415, 2.872754535068295, 23.55830946447529, 271.38797742787307, 52.236965455980055, 38.69459321228112, 2.4217308715812598, 149.24400770185287, 64.29784715069437, 44.881808755743045, 56.50532698080593, 13.883689982448939, 4.331698257199145, 23.738774477625437, 32.320869644009264, 64.98517504177084, 193.33344454311265, 391.3622810407625, 59.30648363870587, 87.49010803981372, 171.48016588423053, 223.6806561014545, 11.559488788469675, 94.46191798586743, 1.564200917025624]]"
930,"[[(0, 22), (0, 23), (0, 39), (11, 19), (20, 31), (20, 32), (22, 5), (10, 15), (24, 25), (2, 32), (6, 24), (17, 7), (17, 26), (17, 29), (3, 16), (16, 6), (19, 30), (26, 28), (37, 30), (4, 2), (21, 10), (7, 12), (8, 27), (27, 5), (31, 24), (31, 35), (31, 38), (14, 37), (33, 17), (33, 25), (33, 32)]]","[[253.14212426856952, 54.60924588615987, 608.5604713008956, 62.79917254674095, 28.150863086245412, 130.89543884428883, 181.17560739231982, 1.8112245811161674, 20.71845097044275, 349.34557557971965, 48.90567781258874, 46.088559055790846, 3.0827721592138695, 157.17517295571946, 57.99279121558661, 36.15712273251309, 58.23825617828301, 9.794220298305266, 3.231596248628126, 23.636625927546618, 65.96358191780377, 72.99274110133291, 147.576872750291, 205.98231045117132, 59.083096420640544, 102.56525177555044, 117.18779221230673, 460.4050945032116, 9.938972538613882, 86.49818145696943, 8.654825536588584]]"
931,"[[(0, 22), (0, 23), (0, 39), (11, 19), (20, 31), (20, 32), (22, 5), (10, 15), (24, 25), (2, 32), (6, 24), (17, 7), (17, 26), (17, 29), (3, 16), (16, 6), (19, 30), (26, 28), (37, 30), (4, 2), (21, 10), (7, 12), (8, 27), (27, 5), (31, 24), (31, 35), (31, 38), (14, 37), (33, 17), (33, 25), (33, 32)]]","[[170.34054781540408, 53.07468227546889, 966.189375764638, 128.71479535966728, 20.611947486891523, 143.01168701903785, 173.01262734089363, 1.4490180864280409, 3.9726178000907275, 325.0899751441784, 48.73251710908391, 52.116293855559576, 4.162434206220029, 160.87982274655053, 73.60857396679415, 105.43070841884735, 37.52919010647314, 14.818690076187046, 4.789008130727076, 24.86791504607293, 83.4772655690852, 38.121102865090734, 402.1813473726715, 227.27486198513793, 79.49250454350349, 107.31940520030412, 117.1050984425759, 79.35683331278587, 8.864323188093373, 80.10224330453538, 7.583528449224804]]"
932,"[[(0, 22), (0, 23), (0, 39), (11, 19), (20, 31), (20, 32), (22, 5), (10, 15), (24, 25), (2, 32), (6, 24), (17, 7), (17, 26), (17, 29), (3, 16), (16, 6), (19, 30), (26, 28), (37, 30), (4, 2), (21, 10), (7, 12), (8, 27), (27, 5), (31, 24), (31, 35), (31, 38), (14, 37), (33, 17), (33, 25), (33, 32)]]","[[165.88062284276836, 91.57430592870038, 892.3942550393398, 60.49422611222686, 35.68013863058684, 139.24611275633248, 224.29710677239962, 3.1285408302486957, 1.285605480101421, 317.92898645767843, 55.46679853222014, 49.52963001062542, 4.2042543030061506, 99.86321040696501, 73.64922095485679, 122.58057763451933, 57.686060765366484, 8.871532438234318, 4.232159263771244, 24.063862369403633, 35.951110565717485, 87.01354670265586, 169.78779900864032, 313.4586845839426, 82.6939400795542, 80.6936166255853, 74.04372142332122, 144.80820858579793, 11.896173117554628, 91.88673239507128, 6.122085317312712]]"
933,"[[(0, 22), (0, 23), (0, 39), (11, 19), (20, 31), (20, 32), (22, 5), (10, 15), (24, 25), (2, 32), (6, 24), (17, 7), (17, 26), (17, 29), (3, 16), (16, 6), (19, 30), (26, 28), (37, 30), (4, 2), (21, 10), (7, 12), (8, 27), (27, 5), (31, 24), (31, 35), (31, 38), (14, 37), (33, 17), (33, 25), (33, 32)]]","[[153.0568304983114, 110.81675437182395, 413.2505907257016, 44.97589029261898, 24.599251212328333, 133.3389312512056, 223.51921247238965, 1.94988203149116, 5.610871517138128, 352.1510382023636, 48.88567751517533, 48.3883129672552, 2.807210594774733, 113.60711229350999, 40.874715955438475, 27.96197424410821, 56.113040228514706, 17.111339685429066, 4.683390730682012, 24.01494664013217, 17.31234983904698, 19.928703535004985, 410.7776344627269, 320.5418513472579, 60.160235980375276, 104.04497172964017, 124.29137389062939, 564.7567032317301, 14.023726141467291, 81.9391674790312, 3.2490519782042036]]"
934,"[[(0, 22), (0, 23), (0, 39), (11, 19), (20, 31), (20, 32), (22, 5), (10, 15), (24, 25), (2, 32), (6, 24), (17, 7), (17, 26), (17, 29), (3, 16), (16, 6), (19, 30), (26, 28), (37, 30), (4, 2), (21, 10), (7, 12), (8, 27), (27, 5), (31, 24), (31, 35), (31, 38), (14, 37), (33, 17), (33, 25), (33, 32)]]","[[209.46700497658588, 74.45991759556685, 577.0753686844681, 63.301485452841035, 42.2881695382907, 142.4538235680637, 201.30617988749032, 2.222433851773958, 7.794638093736827, 353.67375433861173, 48.638977028719246, 38.71372936235129, 4.830133504429648, 103.810126264936, 62.61958934341383, 79.54072895880617, 58.6159738138534, 16.53191675119755, 4.758566489628334, 23.415465798291628, 29.569873276834638, 45.0007710980953, 405.8523648470725, 198.61024564518647, 69.56913674163836, 83.61806817781422, 26.03743613537656, 61.41121562283815, 11.850378020421028, 81.07193696883256, 8.039661573007173]]"
935,"[[(0, 22), (0, 23), (0, 39), (11, 19), (20, 31), (20, 32), (22, 5), (10, 15), (24, 25), (2, 32), (6, 24), (17, 7), (17, 26), (17, 29), (3, 16), (16, 6), (19, 30), (26, 28), (37, 30), (4, 2), (21, 10), (7, 12), (8, 27), (27, 5), (31, 24), (31, 35), (31, 38), (14, 37), (33, 17), (33, 25), (33, 32)]]","[[134.71397656861382, 95.87818910320058, 109.55455731570908, 59.04476386775287, 36.02178812177125, 130.3945740155632, 225.77386037843036, 4.241846063062463, 14.328405134753954, 290.4349057368194, 54.55407486055715, 40.97835218704306, 4.998567992346415, 59.42785736621778, 35.4163527231644, 88.6371966886008, 57.976443299849116, 8.722033603398968, 3.338870792249187, 23.048278977516524, 25.89858613970475, 58.101814695099414, 163.3799347836353, 311.37133609519447, 74.90758622869201, 67.85349518700988, 126.65329933755297, 493.18324661719885, 13.752262588543259, 76.48496074345674, 6.172405857336738]]"
936,"[[(0, 22), (0, 23), (0, 39), (11, 19), (20, 31), (20, 32), (22, 5), (10, 15), (24, 25), (2, 32), (6, 24), (17, 7), (17, 26), (17, 29), (3, 16), (16, 6), (19, 30), (26, 28), (37, 30), (4, 2), (21, 10), (7, 12), (8, 27), (27, 5), (31, 24), (31, 35), (31, 38), (14, 37), (33, 17), (33, 25), (33, 32)]]","[[128.47757969802024, 93.00322862350832, 272.71851881723506, 134.92089702626777, 25.173137788150242, 143.77616893527397, 214.99632362506753, 2.990476833418702, 18.260949175046765, 367.9187320862707, 53.16200787305046, 51.283182365486795, 2.271431074232474, 120.0466760002734, 72.65745245584829, 31.916080514670384, 48.76137978784519, 6.904081780077487, 3.982295924268122, 24.07392815907014, 74.02621786651001, 42.42733831991913, 171.18168818093244, 232.5443228817112, 77.09688234352053, 100.4459742864308, 83.71799442204795, 563.9127399464944, 15.49033859705515, 89.72155832767058, 3.053766005953576]]"
937,"[[(0, 22), (0, 23), (0, 39), (11, 19), (20, 31), (20, 32), (22, 5), (10, 15), (24, 25), (2, 32), (6, 24), (17, 7), (17, 26), (17, 29), (3, 16), (16, 6), (19, 30), (26, 28), (37, 30), (4, 2), (21, 10), (7, 12), (8, 27), (27, 5), (31, 24), (31, 35), (31, 38), (14, 37), (33, 17), (33, 25), (33, 32)]]","[[133.578883067204, 82.94978296804672, 139.92654392568505, 139.21027145689263, 45.91026146385073, 130.2144833521168, 188.23152821839585, 1.159791034397979, 22.37725971551165, 266.56594791238035, 54.55148406990092, 37.16692115051121, 1.2384645388627202, 87.81258841919058, 59.74622834269837, 87.08088933718366, 57.91676875220715, 4.20572214870467, 3.250787962466, 23.335028071377437, 65.22305468852599, 47.39454133665912, 172.33331926072384, 374.81842680705796, 70.61143543031002, 107.56403774583657, 69.03060093957711, 89.07820248626632, 9.702548905166541, 91.09175098577124, 4.482881425407879]]"
938,"[[(0, 22), (0, 23), (0, 39), (11, 19), (20, 31), (20, 32), (22, 5), (10, 15), (24, 25), (2, 32), (6, 24), (17, 7), (17, 26), (17, 29), (3, 16), (16, 6), (19, 30), (26, 28), (37, 30), (4, 2), (21, 10), (7, 12), (8, 27), (27, 5), (31, 24), (31, 35), (31, 38), (14, 37), (33, 17), (33, 25), (33, 32)]]","[[333.7307041323641, 23.652889374042147, 1163.828850024359, 86.67512574849117, 13.003058358417773, 141.6116056921421, 213.86784058589942, 1.8073890566541118, 23.916708297746855, 267.77816562612725, 54.82872749552153, 38.870557152181796, 3.674332284300538, 109.28176238019094, 34.354204465068904, 99.55363741735079, 57.74087631649607, 8.594417660015221, 3.7396334120626413, 24.294485204487398, 38.54009648305656, 80.95288472525094, 106.05299582327231, 345.018824223028, 67.51976408893375, 100.5633822310186, 133.6671746131121, 475.4144731287977, 15.442051537792794, 87.74724495875705, 4.7377168975216595]]"
939,"[[(0, 22), (0, 23), (0, 39), (11, 19), (20, 31), (20, 32), (22, 5), (10, 15), (24, 25), (2, 32), (6, 24), (17, 7), (17, 26), (17, 29), (3, 16), (16, 6), (19, 30), (26, 28), (37, 30), (4, 2), (21, 10), (7, 12), (8, 27), (27, 5), (31, 24), (31, 35), (31, 38), (14, 37), (33, 17), (33, 25), (33, 32)]]","[[102.00175040602899, 85.02701439480431, 912.6544362171309, 123.67580151670508, 8.93690859568106, 138.18412031510425, 176.33720130818548, 4.773131256204641, 10.471860146905861, 343.86237187000063, 48.83473362766054, 47.56533273922107, 2.96828675767048, 153.52744008260441, 45.0806534966306, 57.21014977864386, 49.67635368833204, 4.344087749196765, 3.5531961528797145, 23.381737031100066, 14.084570225029989, 60.86476445994896, 284.55173084861167, 390.46561151637127, 67.27365228404061, 51.466642330997345, 164.38926099515513, 102.9528401979913, 8.033979919717826, 88.16585151478259, 2.0155899723878585]]"
940,"[[(0, 22), (0, 23), (0, 39), (11, 19), (20, 31), (20, 32), (22, 5), (10, 15), (24, 25), (2, 32), (6, 24), (17, 7), (17, 26), (17, 29), (3, 16), (16, 6), (19, 30), (26, 28), (37, 30), (4, 2), (21, 10), (7, 12), (8, 27), (27, 5), (31, 24), (31, 35), (31, 38), (14, 37), (33, 17), (33, 25), (33, 32)]]","[[135.53502066621843, 41.97921123295794, 458.9809125407606, 81.05785367177279, 18.26517856072937, 141.69325322208147, 193.01060217685927, 3.4388762554362673, 20.943109010539754, 275.7636323961514, 55.50082089851128, 51.36073257116283, 1.9893465995019866, 59.63109060801608, 72.25104858790803, 94.83759804375563, 37.30013109813349, 2.7072734029243595, 4.825757675510645, 24.60806545562368, 54.41845158801376, 83.34505684163781, 258.0570478170347, 221.05252912877035, 63.78235355612475, 45.088116782966885, 78.2437679455191, 58.05881751251993, 11.50655751261958, 80.65878246750083, 6.36543118861419]]"
941,"[[(0, 22), (0, 23), (0, 39), (11, 19), (20, 31), (20, 32), (22, 5), (10, 15), (24, 25), (2, 32), (6, 24), (17, 7), (17, 26), (17, 29), (3, 16), (16, 6), (19, 30), (26, 28), (37, 30), (4, 2), (21, 10), (7, 12), (8, 27), (27, 5), (31, 24), (31, 35), (31, 38), (14, 37), (33, 17), (33, 25), (33, 32)]]","[[247.4956535391596, 102.38367101896895, 180.17047690863126, 93.6484982937422, 5.532934249380557, 133.97485900784955, 227.23856915432876, 4.803516220223442, 8.982945191118052, 376.72870172743126, 49.34265678855259, 42.40586961659962, 3.12881817970338, 98.3838982210911, 65.27879503534112, 96.54593839940081, 62.09307802595933, 9.838028676054591, 3.652336169942169, 24.760782692196543, 57.02112946484022, 29.43800214613137, 353.32165483048516, 383.523403213009, 67.90668589728182, 103.3191668522635, 183.61017378096292, 558.7704047688609, 12.20214452726805, 80.4517333777944, 8.106853830846298]]"
942,"[[(0, 22), (0, 23), (0, 39), (11, 19), (20, 31), (20, 32), (22, 5), (10, 15), (24, 25), (2, 32), (6, 24), (17, 7), (17, 26), (17, 29), (3, 16), (16, 6), (19, 30), (26, 28), (37, 30), (4, 2), (21, 10), (7, 12), (8, 27), (27, 5), (31, 24), (31, 35), (31, 38), (14, 37), (33, 17), (33, 25), (33, 32)]]","[[193.47259196264014, 71.94940685111436, 970.0648500896256, 50.98457299928136, 27.573683121012994, 137.1319770288683, 230.38728563378615, 1.2927143600226563, 7.947424166319873, 387.56409469545434, 53.28525278328451, 50.74167717622567, 1.9804783016561842, 105.31763184564538, 39.134640322766316, 69.92391390999605, 54.06049773069597, 9.211103681508703, 4.882161518865608, 23.051748878888688, 12.857427914989008, 38.35254807728821, 200.65953985785097, 285.08546808509357, 74.5507324569873, 56.07468715441429, 141.3335811345877, 609.4303000184639, 11.143369318382168, 93.20293415452123, 4.371821927935991]]"
943,"[[(0, 22), (0, 23), (0, 39), (11, 19), (20, 31), (20, 32), (22, 5), (10, 15), (24, 25), (2, 32), (6, 24), (17, 7), (17, 26), (17, 29), (3, 16), (16, 6), (19, 30), (26, 28), (37, 30), (4, 2), (21, 10), (7, 12), (8, 27), (27, 5), (31, 24), (31, 35), (31, 38), (14, 37), (33, 17), (33, 25), (33, 32)]]","[[291.5315925515574, 69.75946896717537, 60.25792544290449, 93.65670628248981, 41.930405849739536, 140.38889714378115, 217.21546209971527, 3.7075862216004665, 6.183925530161474, 281.80772843519077, 48.15258090649908, 38.37075216553809, 2.0006974109245204, 155.80359999235833, 66.89551370264354, 122.26450630627821, 45.42464169532445, 7.315920965321163, 3.7830004375856796, 23.67069268569119, 18.234521882353587, 85.83854365468922, 283.53896530332787, 218.8851273037825, 65.76757519294935, 87.74182304324043, 69.81180571725434, 359.6126545903297, 11.14698318870991, 94.96393643550554, 8.128747469670023]]"
944,"[[(0, 22), (0, 23), (0, 39), (11, 19), (20, 31), (20, 32), (22, 5), (10, 15), (24, 25), (2, 32), (6, 24), (17, 7), (17, 26), (17, 29), (3, 16), (16, 6), (19, 30), (26, 28), (37, 30), (4, 2), (21, 10), (7, 12), (8, 27), (27, 5), (31, 24), (31, 35), (31, 38), (14, 37), (33, 17), (33, 25), (33, 32)]]","[[201.37933559348974, 71.88570596242882, 124.84679062478665, 135.52660772476122, 39.17897590497315, 139.85446557781682, 213.19713737255282, 3.9485025783750323, 9.83207341341287, 409.3288453605322, 50.197255639077035, 48.150312620541214, 4.3652507913218646, 93.8744234284018, 57.647976500967445, 80.64468593479546, 56.90590950530465, 2.364572779616675, 3.176601999625453, 23.340736402593603, 48.183096082933496, 17.823757797532725, 350.1818755315643, 152.84025823301744, 70.19220828661737, 69.0128793457345, 52.365392544340786, 566.2128034037733, 15.07768334191294, 83.07770634130694, 1.126887266436884]]"
945,"[[(0, 22), (0, 23), (0, 39), (11, 19), (20, 31), (20, 32), (22, 5), (10, 15), (24, 25), (2, 32), (6, 24), (17, 7), (17, 26), (17, 29), (3, 16), (16, 6), (19, 30), (26, 28), (37, 30), (4, 2), (21, 10), (7, 12), (8, 27), (27, 5), (31, 24), (31, 35), (31, 38), (14, 37), (33, 17), (33, 25), (33, 32)]]","[[98.4041974982241, 30.21044832791039, 48.85581272581804, 165.5946253122434, 3.2543406452153283, 133.2109164107712, 208.22009695182976, 2.1712045207678723, 7.5067101430702, 374.200139340208, 54.52135185787617, 50.172413062343956, 4.515098775876572, 141.600225807786, 64.24270645443744, 34.7216196682944, 68.39344485779353, 5.035024913856633, 4.233344342261201, 24.570955365049542, 24.397758332894576, 35.75111498799378, 298.44433277218945, 384.9323322470534, 82.22850209012509, 70.21660071218565, 28.457480313976383, 449.4045107573451, 9.100309871253348, 82.55471609566177, 7.342611618136326]]"
946,"[[(0, 22), (0, 23), (0, 39), (11, 19), (20, 31), (20, 32), (22, 5), (10, 15), (24, 25), (2, 32), (6, 24), (17, 7), (17, 26), (17, 29), (3, 16), (16, 6), (19, 30), (26, 28), (37, 30), (4, 2), (21, 10), (7, 12), (8, 27), (27, 5), (31, 24), (31, 35), (31, 38), (14, 37), (33, 17), (33, 25), (33, 32)]]","[[197.43577242399883, 50.2285028088981, 986.6640315151024, 145.5169833580469, 29.59054072449655, 133.14458843269506, 211.16047701464862, 4.436338308093063, 22.976677201880182, 278.0036394547667, 49.299703790931375, 38.8483343168031, 1.4782873203994327, 97.04675640829791, 43.41126963134106, 29.409810995922673, 67.49772253725702, 11.968491642181458, 4.544195988778741, 23.000665799411536, 41.10310232564515, 32.215641438468424, 345.12020332531085, 347.1691798190519, 80.11202134851015, 39.83792463655402, 72.97820629663775, 405.2413475906009, 10.334813293745857, 93.33244237516257, 8.862410413820536]]"
947,"[[(0, 22), (0, 23), (0, 39), (11, 19), (20, 31), (20, 32), (22, 5), (10, 15), (24, 25), (2, 32), (6, 24), (17, 7), (17, 26), (17, 29), (3, 16), (16, 6), (19, 30), (26, 28), (37, 30), (4, 2), (21, 10), (7, 12), (8, 27), (27, 5), (31, 24), (31, 35), (31, 38), (14, 37), (33, 17), (33, 25), (33, 32)]]","[[332.7349608463553, 65.53863887942008, 811.3548871294195, 73.34377469825316, 4.3856952881299005, 136.30859677792222, 208.2953622474423, 3.448416709672641, 24.819270123667238, 380.6041992985819, 53.03659391236643, 48.096983483148875, 3.1590141637256597, 130.8291779689568, 76.48669490947586, 91.43687053388433, 62.59648725709812, 4.1274644285157365, 4.515533034103086, 23.779165215406785, 7.595118243127947, 29.681138329908507, 150.72067596291407, 345.0730094400985, 69.06897477458, 72.69203326109366, 47.00711557040327, 428.64638031834585, 14.43803077010844, 84.99997404138449, 5.484097197710221]]"
948,"[[(0, 22), (0, 23), (0, 39), (11, 19), (20, 31), (20, 32), (22, 5), (10, 15), (24, 25), (2, 32), (6, 24), (17, 7), (17, 26), (17, 29), (3, 16), (16, 6), (19, 30), (26, 28), (37, 30), (4, 2), (21, 10), (7, 12), (8, 27), (27, 5), (31, 24), (31, 35), (31, 38), (14, 37), (33, 17), (33, 25), (33, 32)]]","[[124.98569553948849, 57.967319414606145, 919.7238606461256, 98.27698507067325, 22.31183271293586, 130.32025216081738, 231.0016599365025, 1.3292056675205388, 18.00854684121048, 275.93332984489894, 48.3493340168082, 51.91867567093246, 3.426550230235888, 118.63196837357351, 61.5001286791812, 82.97924344456355, 65.65209748007648, 15.578669343962165, 4.906306384457794, 23.0385091933995, 87.85978989984298, 50.305040647249335, 150.98888239392375, 184.12161390058506, 61.84619551969359, 91.11601298278332, 22.070671510674032, 535.5592404187512, 13.993562385536947, 83.38183322393884, 1.5973651411984315]]"
949,"[[(0, 22), (0, 23), (0, 39), (11, 19), (20, 31), (20, 32), (22, 5), (10, 15), (24, 25), (2, 32), (6, 24), (17, 7), (17, 26), (17, 29), (3, 16), (16, 6), (19, 30), (26, 28), (37, 30), (4, 2), (21, 10), (7, 12), (8, 27), (27, 5), (31, 24), (31, 35), (31, 38), (14, 37), (33, 17), (33, 25), (33, 32)]]","[[335.44734893920855, 97.75549306115533, 998.8767204538167, 142.49758551460343, 22.9072864450012, 139.7689809529837, 226.73030937986766, 3.8061783899170822, 14.431630712879443, 356.28754699923223, 50.626969491310945, 38.75838692415595, 4.0367062584743305, 89.56996185047454, 74.16744902095999, 71.91405157978784, 49.83606698040131, 6.146845353057762, 3.209075770483235, 24.254751124001373, 44.594162675847755, 19.698757753985465, 256.279828621992, 353.23874740288, 71.50653447979312, 103.83927487568575, 100.98135702955531, 377.74222410472447, 10.89766099842943, 87.79837348174506, 2.8357792664072665]]"
950,"[[(0, 22), (0, 23), (0, 39), (11, 19), (20, 31), (20, 32), (22, 5), (10, 15), (24, 25), (2, 32), (6, 24), (17, 7), (17, 26), (17, 29), (3, 16), (16, 6), (19, 30), (26, 28), (37, 30), (4, 2), (21, 10), (7, 12), (8, 27), (27, 5), (31, 24), (31, 35), (31, 38), (14, 37), (33, 17), (33, 25), (33, 32)]]","[[130.08727646555232, 48.892840576300074, 335.4599864078498, 50.12266658938385, 37.04472260022666, 138.5152869991612, 203.9732845637596, 2.4429122170456434, 22.17246022409732, 388.1601593610359, 48.850098255727666, 38.93255281806899, 3.0692687828338125, 104.97308780310686, 75.80461689763175, 55.795762737817064, 42.55324338495339, 15.45970255120893, 4.049477809799946, 24.584342204614472, 69.92143517278723, 44.91841995322366, 109.85423663300583, 340.34261174075846, 75.38925561811328, 64.879966979977, 140.07131464606596, 363.2795088217715, 11.587189513369673, 86.4720069365404, 1.7607267181243325]]"
951,"[[(0, 22), (0, 23), (0, 39), (11, 19), (20, 31), (20, 32), (22, 5), (10, 15), (24, 25), (2, 32), (6, 24), (17, 7), (17, 26), (17, 29), (3, 16), (16, 6), (19, 30), (26, 28), (37, 30), (4, 2), (21, 10), (7, 12), (8, 27), (27, 5), (31, 24), (31, 35), (31, 38), (14, 37), (33, 17), (33, 25), (33, 32)]]","[[252.97521084278924, 95.46753446289723, 805.4752867458966, 128.60861567193422, 25.86397701777571, 141.3543457283034, 187.84094339024716, 2.856593865562955, 25.422097101024125, 389.08475033861123, 50.880901626608406, 51.97422011058166, 4.012880574914427, 154.25136484691996, 44.60219831373569, 26.434186653660994, 60.2267981087859, 12.385247840718904, 3.5921909322381462, 23.941073898091414, 51.09002999039581, 17.038029065353584, 169.92900505656002, 314.3123029034599, 77.1229974529366, 71.4980018485287, 124.44970418225117, 391.3894907704499, 10.907780000862457, 78.20423434123252, 1.097631293889564]]"
952,"[[(0, 22), (0, 23), (0, 39), (11, 19), (20, 31), (20, 32), (22, 5), (10, 15), (24, 25), (2, 32), (6, 24), (17, 7), (17, 26), (17, 29), (3, 16), (16, 6), (19, 30), (26, 28), (37, 30), (4, 2), (21, 10), (7, 12), (8, 27), (27, 5), (31, 24), (31, 35), (31, 38), (14, 37), (33, 17), (33, 25), (33, 32)]]","[[132.30638340685357, 34.492959636016664, 687.428213526604, 77.67248792618194, 7.328491028306518, 131.67759886105478, 192.01101447819806, 2.398080878431454, 10.74185834664863, 309.47442776731964, 51.0209420226876, 36.29289501347701, 3.833673849868958, 70.39734805621143, 33.754838883116676, 95.68528996005436, 48.94062905299786, 17.369509069568025, 3.531011541368933, 23.136376794439453, 49.06268730010356, 24.34396152353332, 381.0978421315114, 262.6673845472647, 71.1784286588456, 81.55220957044455, 47.843821557264825, 106.70201767306253, 9.986668770090596, 89.71100618546762, 6.9121161907714495]]"
953,"[[(0, 22), (0, 23), (0, 39), (11, 19), (20, 31), (20, 32), (22, 5), (10, 15), (24, 25), (2, 32), (6, 24), (17, 7), (17, 26), (17, 29), (3, 16), (16, 6), (19, 30), (26, 28), (37, 30), (4, 2), (21, 10), (7, 12), (8, 27), (27, 5), (31, 24), (31, 35), (31, 38), (14, 37), (33, 17), (33, 25), (33, 32)]]","[[143.56105782456945, 67.70745117841356, 660.9870405531034, 120.91207715546116, 29.716986577681467, 140.05138031377328, 230.48429371757976, 2.9941583604246964, 9.610629541458433, 344.9867086423369, 54.3969105402325, 43.292660340962414, 3.265598040540409, 115.90232372871395, 72.77708368965881, 23.944035723341617, 40.4669018672597, 17.600334298987256, 3.236341227932254, 24.778107814875348, 78.7824726666588, 75.66635384129876, 295.84247389938355, 342.9008340918879, 81.56794813711664, 104.94100114668393, 139.26776269115925, 627.4240081422482, 8.577578609812203, 89.30189308206121, 2.3533303800974776]]"
954,"[[(0, 22), (0, 23), (0, 39), (11, 19), (20, 31), (20, 32), (22, 5), (10, 15), (24, 25), (2, 32), (6, 24), (17, 7), (17, 26), (17, 29), (3, 16), (16, 6), (19, 30), (26, 28), (37, 30), (4, 2), (21, 10), (7, 12), (8, 27), (27, 5), (31, 24), (31, 35), (31, 38), (14, 37), (33, 17), (33, 25), (33, 32)]]","[[154.7050165372695, 49.840321797950864, 1122.8691285342943, 72.11776117313433, 27.99493399283325, 138.3925267153448, 194.36398453558243, 3.323861935555545, 0.5550400556336623, 326.5300475714888, 49.69439826311164, 40.75973988891256, 3.4080110595378743, 116.32591442712246, 33.60839150739305, 90.02266496341167, 37.806309562710666, 5.5862842011733, 3.893059610857552, 23.43511798220171, 41.28866858641274, 82.40993249325159, 158.2074574203261, 261.633466021949, 62.60785896701175, 42.282670124785156, 146.33861309801432, 480.6648491176833, 9.28442740297952, 75.99680255698749, 5.112039879387505]]"
955,"[[(0, 22), (0, 23), (0, 39), (11, 19), (20, 31), (20, 32), (22, 5), (10, 15), (24, 25), (2, 32), (6, 24), (17, 7), (17, 26), (17, 29), (3, 16), (16, 6), (19, 30), (26, 28), (37, 30), (4, 2), (21, 10), (7, 12), (8, 27), (27, 5), (31, 24), (31, 35), (31, 38), (14, 37), (33, 17), (33, 25), (33, 32)]]","[[375.00359523916796, 111.08762311298847, 1027.601970544295, 79.61489732184735, 21.667367624817977, 140.11050158680976, 203.33129017084403, 2.7019567119944186, 18.316128232788373, 383.22395508574135, 52.72895938596095, 41.52183516021437, 1.0929289476741983, 151.95813645969451, 27.710707389953203, 127.53642978266726, 58.965953921254155, 13.30074614513098, 3.1946596788999377, 24.976143488938153, 28.556991155744974, 36.91715175076413, 313.388559330779, 359.6364127429042, 69.2164596174337, 69.9238885592372, 176.66069100075626, 453.38751944134503, 15.39603851602854, 81.1885976396439, 1.5319135451305002]]"
956,"[[(0, 22), (0, 23), (0, 39), (11, 19), (20, 31), (20, 32), (22, 5), (10, 15), (24, 25), (2, 32), (6, 24), (17, 7), (17, 26), (17, 29), (3, 16), (16, 6), (19, 30), (26, 28), (37, 30), (4, 2), (21, 10), (7, 12), (8, 27), (27, 5), (31, 24), (31, 35), (31, 38), (14, 37), (33, 17), (33, 25), (33, 32)]]","[[215.46739422359587, 39.03272642425782, 468.0150133863547, 118.9431217034314, 15.09433613378141, 141.09510785966407, 197.40153639638817, 3.4412104325550117, 7.796167858848819, 384.22407192953165, 53.64903845498969, 45.782681611100166, 2.0136750732320787, 160.96580469355183, 40.949266631905495, 28.342590535655283, 63.821756652583524, 17.196344415067397, 3.492342514116376, 24.43693452279409, 41.656155542817906, 44.84516876742339, 91.31330192313531, 320.26338469713494, 68.169244793324, 66.99413603508562, 176.3075213629484, 207.52519623506282, 8.215191650888212, 85.78642822987588, 2.2018340558274767]]"
957,"[[(0, 22), (0, 23), (0, 39), (11, 19), (20, 31), (20, 32), (22, 5), (10, 15), (24, 25), (2, 32), (6, 24), (17, 7), (17, 26), (17, 29), (3, 16), (16, 6), (19, 30), (26, 28), (37, 30), (4, 2), (21, 10), (7, 12), (8, 27), (27, 5), (31, 24), (31, 35), (31, 38), (14, 37), (33, 17), (33, 25), (33, 32)]]","[[241.17103105849566, 63.571773034839154, 731.1090086188474, 140.81362129637637, 9.072541752240562, 143.80785235061745, 189.01670580038078, 3.738081956144135, 5.563625585567655, 408.09038597980106, 54.84097963479488, 42.39456807297203, 2.2891748006039427, 153.80082336337563, 47.512151418320755, 103.5230855603784, 69.55333237730694, 13.57522805670353, 3.9723014287992373, 23.966084557659222, 59.05739536352945, 62.859134236423465, 202.93703937820578, 195.20550497701748, 65.7408214982362, 72.39655114407529, 35.807402399828504, 246.949403057656, 9.305857231456837, 94.17603477384071, 7.284226750110364]]"
958,"[[(0, 22), (0, 23), (0, 39), (11, 19), (20, 31), (20, 32), (22, 5), (10, 15), (24, 25), (2, 32), (6, 24), (17, 7), (17, 26), (17, 29), (3, 16), (16, 6), (19, 30), (26, 28), (37, 30), (4, 2), (21, 10), (7, 12), (8, 27), (27, 5), (31, 24), (31, 35), (31, 38), (14, 37), (33, 17), (33, 25), (33, 32)]]","[[347.6828884454848, 75.56115057763131, 800.2203831385114, 62.62591387783981, 37.47741992047242, 143.89337331662924, 222.44178784020752, 1.2697936858365404, 7.7282170759147135, 318.58294163747036, 53.804273344485864, 36.398281067632766, 2.5485387703272573, 123.00606232377753, 43.82042178430625, 70.18091282561856, 43.17492140500752, 5.401419494012192, 3.3923752062089405, 24.399339822836364, 54.913083878856796, 23.537360876780262, 88.72743528056151, 225.76802405783985, 60.718089245882965, 86.15975294432307, 94.6187976254975, 395.0685613850272, 8.490560393677441, 77.75214510918948, 3.2106657223824646]]"
959,"[[(0, 22), (0, 23), (0, 39), (11, 19), (20, 31), (20, 32), (22, 5), (10, 15), (24, 25), (2, 32), (6, 24), (17, 7), (17, 26), (17, 29), (3, 16), (16, 6), (19, 30), (26, 28), (37, 30), (4, 2), (21, 10), (7, 12), (8, 27), (27, 5), (31, 24), (31, 35), (31, 38), (14, 37), (33, 17), (33, 25), (33, 32)]]","[[266.163798932772, 63.20286287265507, 910.6603929925359, 121.17753395232904, 36.25464493570255, 138.27727860733995, 207.75917193344702, 4.44253346869608, 20.382263660627427, 409.73730996238373, 52.49041642097146, 51.65568011541471, 4.49198840474744, 154.41951279173162, 76.8657361862618, 51.42297802358779, 57.27548424635427, 2.1480021725656697, 4.476416191785702, 24.842981439214693, 70.96361193930692, 18.00588239211802, 363.9873908232292, 315.89148198981627, 64.89759658587363, 41.352191273378764, 31.52541336153638, 560.0749292069613, 10.847422480540182, 82.85782363574175, 5.259557335160568]]"
960,"[[(0, 22), (0, 23), (0, 39), (11, 19), (20, 31), (20, 32), (22, 5), (10, 15), (24, 25), (2, 32), (6, 24), (17, 7), (17, 26), (17, 29), (3, 16), (16, 6), (19, 30), (26, 28), (37, 30), (4, 2), (21, 10), (7, 12), (8, 27), (27, 5), (31, 24), (31, 35), (31, 38), (14, 37), (33, 17), (33, 25), (33, 32)]]","[[99.96814333529268, 21.868283383232374, 346.49239798625774, 59.80152018853284, 39.60195480576571, 131.5146645511871, 228.8219170510767, 1.8756484377110336, 24.620101668072135, 377.2930722610355, 52.42343174450372, 46.197868208629075, 1.7723171253400811, 50.052136988948206, 26.934035782629877, 93.33866118938988, 39.73988889663062, 12.84552295980778, 3.752728629438324, 23.717647355082253, 42.5190059400061, 64.3982638433225, 158.73602063535475, 278.6323123414778, 75.92212756253403, 52.281740623606616, 130.98042422322845, 493.60756142305553, 9.290573441298758, 78.95636345320932, 6.636996591712846]]"
961,"[[(0, 22), (0, 23), (0, 39), (11, 19), (20, 31), (20, 32), (22, 5), (10, 15), (24, 25), (2, 32), (6, 24), (17, 7), (17, 26), (17, 29), (3, 16), (16, 6), (19, 30), (26, 28), (37, 30), (4, 2), (21, 10), (7, 12), (8, 27), (27, 5), (31, 24), (31, 35), (31, 38), (14, 37), (33, 17), (33, 25), (33, 32)]]","[[223.1111906890335, 36.41603612974282, 882.9039519894718, 57.83720934801818, 35.44643253011066, 135.99093151243773, 199.63886117283428, 1.3135532465612494, 19.90078939758177, 368.96682656815756, 54.451356333101685, 47.905152596672636, 3.6699089312805797, 139.5299326203524, 56.44476003377774, 24.805844450619823, 45.67334925912233, 18.67811383056032, 4.234481786429225, 24.520840201961516, 78.07215179014047, 23.231916790449276, 93.75132621828202, 187.36582212593862, 74.7797373622131, 52.86872907949866, 64.87574451497883, 102.51353517247658, 11.6066180729132, 82.89193024345764, 2.5296000301691013]]"
962,"[[(0, 22), (0, 23), (0, 39), (11, 19), (20, 31), (20, 32), (22, 5), (10, 15), (24, 25), (2, 32), (6, 24), (17, 7), (17, 26), (17, 29), (3, 16), (16, 6), (19, 30), (26, 28), (37, 30), (4, 2), (21, 10), (7, 12), (8, 27), (27, 5), (31, 24), (31, 35), (31, 38), (14, 37), (33, 17), (33, 25), (33, 32)]]","[[98.30669248681497, 108.2458135337634, 1079.3676546135798, 35.8991792446901, 42.17741888528831, 135.14184949782572, 221.67131996760452, 4.893231059790345, 15.963019378044528, 381.84605721140144, 50.7034892543494, 49.293975972437906, 2.88214994373428, 158.0587527850635, 41.076505527248905, 65.10962113375304, 63.92791533546401, 3.380847931768513, 3.1404773563571715, 24.516726341392967, 34.540881025072366, 64.75441507564561, 298.95355914704845, 366.3864092457656, 76.73872631950037, 59.13080376644436, 87.15510066872292, 387.8597865823373, 13.09925431206324, 84.76831970956277, 2.3154562200308417]]"
963,"[[(0, 22), (0, 23), (0, 39), (11, 19), (20, 31), (20, 32), (22, 5), (10, 15), (24, 25), (2, 32), (6, 24), (17, 7), (17, 26), (17, 29), (3, 16), (16, 6), (19, 30), (26, 28), (37, 30), (4, 2), (21, 10), (7, 12), (8, 27), (27, 5), (31, 24), (31, 35), (31, 38), (14, 37), (33, 17), (33, 25), (33, 32)]]","[[141.68446343173463, 28.822039843029707, 856.979160911795, 94.47966391935958, 23.03747797417485, 136.31496193290135, 199.26361435356378, 1.3782559978094788, 9.694597002757707, 384.5736974073317, 53.88767000781839, 52.62903908364555, 2.4895220560114417, 86.71557489727138, 43.937940911591944, 86.93474696762927, 65.70871933831305, 3.213194678223395, 3.861888410285291, 24.297305048526184, 30.396110709950584, 86.27878022511614, 232.7755742501134, 351.0742270130121, 74.26803606724121, 48.94968834209749, 74.25460851816165, 603.2928059690927, 10.092788451706152, 81.2407635334423, 6.121335631822791]]"
964,"[[(0, 22), (0, 23), (0, 39), (11, 19), (20, 31), (20, 32), (22, 5), (10, 15), (24, 25), (2, 32), (6, 24), (17, 7), (17, 26), (17, 29), (3, 16), (16, 6), (19, 30), (26, 28), (37, 30), (4, 2), (21, 10), (7, 12), (8, 27), (27, 5), (31, 24), (31, 35), (31, 38), (14, 37), (33, 17), (33, 25), (33, 32)]]","[[247.56424968313362, 54.11705527271914, 249.89887367635183, 72.46476686018616, 17.447116311842763, 132.25674321399794, 211.84833565370894, 1.5186851273630295, 20.852353133221754, 267.2218636775552, 49.194350140325454, 42.027005568538705, 2.47455812736397, 131.8200234704682, 32.8951690686331, 109.50998583116754, 37.40572695382203, 14.82799865371501, 3.0374685383546662, 24.570651331763763, 27.32151812937507, 65.45990379413973, 281.082182049366, 400.46601626987473, 70.03863193886323, 76.59643037704606, 62.25717296173785, 107.64560445136293, 9.03721955028964, 91.78194527062999, 5.795174009407391]]"
965,"[[(0, 22), (0, 23), (0, 39), (11, 19), (20, 31), (20, 32), (22, 5), (10, 15), (24, 25), (2, 32), (6, 24), (17, 7), (17, 26), (17, 29), (3, 16), (16, 6), (19, 30), (26, 28), (37, 30), (4, 2), (21, 10), (7, 12), (8, 27), (27, 5), (31, 24), (31, 35), (31, 38), (14, 37), (33, 17), (33, 25), (33, 32)]]","[[106.76934794571923, 84.05412464010519, 154.17766608047765, 110.06306115833162, 47.44923570626355, 135.92982971351248, 194.10337992457562, 3.0833264234961644, 24.948247192297494, 403.353104419356, 48.788405771808584, 39.024579431302826, 3.4000419800314616, 135.08924631186045, 62.82749847342101, 42.30282278269356, 55.47025475052722, 3.537153342967313, 3.565915347553032, 23.15223634901701, 57.17987705766331, 84.46521895667354, 160.0025028833914, 146.82675668834415, 79.11314770260935, 42.84340266641564, 121.20422244727142, 299.5329969509137, 8.342394193123546, 87.73925062335948, 7.874075560418576]]"
966,"[[(0, 22), (0, 23), (0, 39), (11, 19), (20, 31), (20, 32), (22, 5), (10, 15), (24, 25), (2, 32), (6, 24), (17, 7), (17, 26), (17, 29), (3, 16), (16, 6), (19, 30), (26, 28), (37, 30), (4, 2), (21, 10), (7, 12), (8, 27), (27, 5), (31, 24), (31, 35), (31, 38), (14, 37), (33, 17), (33, 25), (33, 32)]]","[[186.83946194279144, 58.44887193481414, 63.63055311249972, 107.99049277423309, 22.091032273850722, 135.60472071800422, 218.38276921367046, 2.249560655129402, 11.211938950903841, 291.2251740477898, 51.32473886918205, 46.563549657293386, 1.3471793645885768, 136.87931500932098, 46.94794326439626, 125.78596132404645, 53.86896348392861, 4.412376468973285, 4.225262797745437, 23.615296884743422, 9.137724153975961, 30.657577303382645, 215.86710129981495, 381.0543112184781, 71.16470560225513, 44.150390905780604, 34.34232572078025, 337.52362827301994, 10.229399937882206, 78.75525372876285, 3.0300200144479463]]"
967,"[[(0, 22), (0, 23), (0, 39), (11, 19), (20, 31), (20, 32), (22, 5), (10, 15), (24, 25), (2, 32), (6, 24), (17, 7), (17, 26), (17, 29), (3, 16), (16, 6), (19, 30), (26, 28), (37, 30), (4, 2), (21, 10), (7, 12), (8, 27), (27, 5), (31, 24), (31, 35), (31, 38), (14, 37), (33, 17), (33, 25), (33, 32)]]","[[247.67011774591722, 64.36514626540047, 1114.1627486059085, 103.52798348265382, 28.754401883595328, 130.76406758011004, 177.09411751792467, 3.4541525736170553, 20.408255573503137, 302.671580744669, 55.43671137646845, 39.392835056266165, 2.1992548015302087, 148.40951442193028, 38.34759463833988, 42.73130285102268, 44.24271133561931, 12.871360364465145, 4.6004907345759305, 24.310860336895388, 56.111941421654805, 18.370269098913283, 301.65825352982023, 300.4967013098284, 82.9674592935084, 66.77793633711786, 53.11568019296763, 565.0135366954188, 15.410125853897416, 85.28759573396056, 8.906559081028314]]"
968,"[[(0, 22), (0, 23), (0, 39), (11, 19), (20, 31), (20, 32), (22, 5), (10, 15), (24, 25), (2, 32), (6, 24), (17, 7), (17, 26), (17, 29), (3, 16), (16, 6), (19, 30), (26, 28), (37, 30), (4, 2), (21, 10), (7, 12), (8, 27), (27, 5), (31, 24), (31, 35), (31, 38), (14, 37), (33, 17), (33, 25), (33, 32)]]","[[276.0396660261815, 32.52939612490461, 1070.7055310030512, 112.29879097273954, 28.402528287257386, 135.9094363715223, 172.82901530612227, 1.6478548415931726, 15.71749099375148, 350.5917112981283, 48.87603364182995, 40.00323987780025, 4.710170857810827, 148.14561987966493, 62.03700639293199, 68.85724637602519, 52.547361572300034, 10.493575625917481, 4.679593006052704, 23.35147846033494, 34.1506168990444, 89.52702925176352, 359.33808568746844, 315.5300362554991, 78.07893063250162, 93.31860788339222, 76.10667539793104, 37.886269470254035, 10.032148393472822, 83.31721277093762, 5.4797075346147865]]"
969,"[[(0, 22), (0, 23), (0, 39), (11, 19), (20, 31), (20, 32), (22, 5), (10, 15), (24, 25), (2, 32), (6, 24), (17, 7), (17, 26), (17, 29), (3, 16), (16, 6), (19, 30), (26, 28), (37, 30), (4, 2), (21, 10), (7, 12), (8, 27), (27, 5), (31, 24), (31, 35), (31, 38), (14, 37), (33, 17), (33, 25), (33, 32)]]","[[378.7594305122187, 75.88047424473163, 330.65230114893666, 132.63294984782578, 7.4369351790651335, 141.42073043684937, 227.41010100724404, 1.5761003429674858, 14.769005500081207, 277.4006340726468, 54.81256071783884, 45.15693785896826, 1.025200985863047, 120.9589999751747, 41.74814563131039, 128.0379872548664, 54.1354434717193, 13.994646173040184, 4.2396222845663125, 24.901848310097588, 22.77306158023498, 73.00640540790229, 265.37510135063906, 367.6877327900341, 81.19296883197309, 80.94065044923555, 152.55176429349618, 78.6083447437135, 8.938093146623533, 89.91340222410241, 8.447053787714871]]"
970,"[[(0, 22), (0, 23), (0, 39), (11, 19), (20, 31), (20, 32), (22, 5), (10, 15), (24, 25), (2, 32), (6, 24), (17, 7), (17, 26), (17, 29), (3, 16), (16, 6), (19, 30), (26, 28), (37, 30), (4, 2), (21, 10), (7, 12), (8, 27), (27, 5), (31, 24), (31, 35), (31, 38), (14, 37), (33, 17), (33, 25), (33, 32)]]","[[94.45974538764897, 90.4629447822781, 674.3484852154414, 140.0461980541891, 7.794939443751808, 136.0283323896151, 183.09235885166405, 1.0717581542656305, 18.05411301917702, 370.8911527709109, 48.03246305047468, 50.65793991973704, 4.022751084490608, 101.05195837109898, 47.90208303899209, 39.626708364686145, 52.90052873306469, 14.63790493316446, 3.149532038250546, 23.69736205542045, 25.915970345456252, 83.40259132282704, 117.5604153437001, 162.48249397747603, 64.36169441057709, 103.29872340219649, 96.46735790543157, 451.71099809457723, 14.330854877179307, 79.71962920614001, 5.980871402583859]]"
971,"[[(0, 22), (0, 23), (0, 39), (11, 19), (20, 31), (20, 32), (22, 5), (10, 15), (24, 25), (2, 32), (6, 24), (17, 7), (17, 26), (17, 29), (3, 16), (16, 6), (19, 30), (26, 28), (37, 30), (4, 2), (21, 10), (7, 12), (8, 27), (27, 5), (31, 24), (31, 35), (31, 38), (14, 37), (33, 17), (33, 25), (33, 32)]]","[[97.2785812255479, 47.370448147178074, 1037.988493876163, 59.29512415025098, 15.383181275790127, 137.28980764281405, 188.43115271027247, 1.3529884673182102, 6.645358344463524, 351.10564728900056, 51.23727475104358, 37.2732304207959, 3.795993588427509, 99.47248410372427, 44.67132220552454, 82.7911813000039, 48.81473626364689, 16.09901487058125, 3.0307689241180737, 23.841597935443026, 88.79562891851143, 37.31692262819008, 331.5644283988818, 244.57008058693697, 64.31459310514543, 71.26101805924209, 161.12330033648874, 424.60048159077354, 11.873029250929866, 90.07219049068978, 3.4207181752557796]]"
972,"[[(0, 22), (0, 23), (0, 39), (11, 19), (20, 31), (20, 32), (22, 5), (10, 15), (24, 25), (2, 32), (6, 24), (17, 7), (17, 26), (17, 29), (3, 16), (16, 6), (19, 30), (26, 28), (37, 30), (4, 2), (21, 10), (7, 12), (8, 27), (27, 5), (31, 24), (31, 35), (31, 38), (14, 37), (33, 17), (33, 25), (33, 32)]]","[[121.70347866174147, 102.159216032566, 198.83756848309855, 146.11723805628782, 39.91390944069873, 142.70178266503368, 188.690169348022, 3.301727504265117, 16.088750694848972, 389.92382523759807, 48.53525027169358, 41.543202130393844, 3.6912089194924786, 143.38116249585732, 78.15476787401457, 67.62850236652628, 51.09349618334258, 14.255045283146153, 3.338132617473719, 23.006919708585293, 28.22070646926596, 61.14812342334501, 114.19562936401215, 223.3041163962304, 69.22318391849261, 41.75167359890337, 85.83083228221295, 515.3111529957823, 12.232461623615105, 90.18030580366474, 8.26405070427668]]"
973,"[[(0, 22), (0, 23), (0, 39), (11, 19), (20, 31), (20, 32), (22, 5), (10, 15), (24, 25), (2, 32), (6, 24), (17, 7), (17, 26), (17, 29), (3, 16), (16, 6), (19, 30), (26, 28), (37, 30), (4, 2), (21, 10), (7, 12), (8, 27), (27, 5), (31, 24), (31, 35), (31, 38), (14, 37), (33, 17), (33, 25), (33, 32)]]","[[114.40796059691439, 33.217000739118774, 529.2890353039521, 157.3367067452404, 15.776315089239858, 132.3246813832693, 191.59990494001883, 1.0329257559204326, 3.6113970542023983, 270.1652978590414, 49.75631227344653, 40.03307341875577, 3.825061191735939, 71.99329987261703, 70.86289576474181, 62.86458273684374, 51.536056538891906, 10.10424930469674, 3.114757984612735, 24.406208492762968, 27.733871066463607, 47.28847232106843, 161.16825208114614, 160.43234028169314, 66.21909151556727, 101.95857995309423, 103.33682845373487, 295.5689381370668, 13.513196472173234, 86.8090512570118, 6.522398905571424]]"
974,"[[(0, 22), (0, 23), (0, 39), (11, 19), (20, 31), (20, 32), (22, 5), (10, 15), (24, 25), (2, 32), (6, 24), (17, 7), (17, 26), (17, 29), (3, 16), (16, 6), (19, 30), (26, 28), (37, 30), (4, 2), (21, 10), (7, 12), (8, 27), (27, 5), (31, 24), (31, 35), (31, 38), (14, 37), (33, 17), (33, 25), (33, 32)]]","[[109.25453575285627, 63.60513825730804, 628.9807989087278, 91.95781552620406, 18.178267647586182, 141.53037103394692, 207.84603882162833, 3.3545294200646043, 16.38807791507639, 393.23482221908444, 48.089286402656356, 42.687461024950444, 2.9233241906110154, 78.6595385907394, 41.1837402222334, 126.70774613237637, 38.88454544160051, 18.192139079221594, 3.115495442101798, 24.298826144078582, 7.3640007471741935, 17.174167412053325, 273.5228170837486, 370.9218670506726, 66.50026043913614, 89.3277066565538, 14.879288131775754, 308.32441412952744, 13.098549952743177, 87.51900826450837, 7.64544908547956]]"
975,"[[(0, 22), (0, 23), (0, 39), (11, 19), (20, 31), (20, 32), (22, 5), (10, 15), (24, 25), (2, 32), (6, 24), (17, 7), (17, 26), (17, 29), (3, 16), (16, 6), (19, 30), (26, 28), (37, 30), (4, 2), (21, 10), (7, 12), (8, 27), (27, 5), (31, 24), (31, 35), (31, 38), (14, 37), (33, 17), (33, 25), (33, 32)]]","[[229.4161753548099, 82.02793329922959, 1016.8651572738925, 111.81376023083168, 42.627078770344056, 141.4808170944253, 211.27061810860675, 1.777826240289345, 5.467187900066687, 347.6093254940087, 50.61737171567321, 48.72251685089097, 4.193399008851255, 106.97525486297133, 53.710806777143304, 96.31107599315939, 60.78601353163806, 12.569178838476478, 3.9605377544579667, 23.676537589739382, 59.31546875412633, 85.69725076281014, 357.6980874643523, 334.69899134606055, 61.56010622252629, 78.97667766344625, 24.685476050752545, 598.566462034225, 15.965942733222516, 75.96694361863817, 3.8852427604193567]]"
976,"[[(0, 22), (0, 23), (0, 39), (11, 19), (20, 31), (20, 32), (22, 5), (10, 15), (24, 25), (2, 32), (6, 24), (17, 7), (17, 26), (17, 29), (3, 16), (16, 6), (19, 30), (26, 28), (37, 30), (4, 2), (21, 10), (7, 12), (8, 27), (27, 5), (31, 24), (31, 35), (31, 38), (14, 37), (33, 17), (33, 25), (33, 32)]]","[[221.76163022460582, 86.66856674946851, 1112.2371131210025, 152.78819878102925, 21.5911352303162, 136.55210856379756, 187.39847209187337, 4.005616280636715, 24.458023610135577, 336.1873465069969, 52.00015642581686, 45.25352920259403, 1.8116827217284581, 50.49800559961273, 70.73095184530317, 124.68781221557438, 40.12190548562333, 10.543751302633096, 4.702680629376552, 23.44212008674909, 18.737542139325292, 20.4004528779207, 126.28005641949699, 175.55373192019727, 79.61741064285923, 107.06134805335714, 70.50557840719097, 220.60983684480527, 12.83827278121153, 87.17307836607704, 6.1016940829787405]]"
977,"[[(0, 22), (0, 23), (0, 39), (11, 19), (20, 31), (20, 32), (22, 5), (10, 15), (24, 25), (2, 32), (6, 24), (17, 7), (17, 26), (17, 29), (3, 16), (16, 6), (19, 30), (26, 28), (37, 30), (4, 2), (21, 10), (7, 12), (8, 27), (27, 5), (31, 24), (31, 35), (31, 38), (14, 37), (33, 17), (33, 25), (33, 32)]]","[[312.10058573106346, 62.54310137808537, 810.2983367455403, 69.96008590088945, 40.82715992919747, 141.113985150447, 182.7107132693601, 1.5249331599661122, 23.121416148065375, 357.21639270962055, 54.92541597553168, 53.92621172396879, 1.354855482296168, 148.04427844199068, 72.64238922897694, 68.79155599461586, 67.67741495054803, 13.684623704249873, 4.184982502546657, 24.402793325191556, 22.479337242034838, 47.453042902213184, 298.12186177607066, 372.3837277187462, 74.70175395680764, 72.0452550764933, 103.24673343058112, 227.6338424570314, 15.546648551372847, 88.48309840468752, 4.181429535147725]]"
978,"[[(0, 22), (0, 23), (0, 39), (11, 19), (20, 31), (20, 32), (22, 5), (10, 15), (24, 25), (2, 32), (6, 24), (17, 7), (17, 26), (17, 29), (3, 16), (16, 6), (19, 30), (26, 28), (37, 30), (4, 2), (21, 10), (7, 12), (8, 27), (27, 5), (31, 24), (31, 35), (31, 38), (14, 37), (33, 17), (33, 25), (33, 32)]]","[[270.3009545087714, 35.56123904867874, 169.62274192429072, 162.41010758793013, 14.52706444682458, 140.12503806932062, 230.6745958096985, 3.3360607640504907, 2.766802337398377, 270.8226020483687, 48.081227373936564, 48.975157482176755, 3.1254350972927294, 129.4169492555671, 79.73880654337556, 33.77197696631488, 52.73139631561719, 10.654422881006424, 4.456700126895665, 23.726350907877325, 84.67499873085262, 72.32467979185205, 277.8738993475196, 203.75226230110525, 81.27831021497826, 80.4811347486785, 78.24618040971015, 311.1410310757346, 14.244498927170792, 88.3755386663656, 7.545367530994817]]"
979,"[[(0, 22), (0, 23), (0, 39), (11, 19), (20, 31), (20, 32), (22, 5), (10, 15), (24, 25), (2, 32), (6, 24), (17, 7), (17, 26), (17, 29), (3, 16), (16, 6), (19, 30), (26, 28), (37, 30), (4, 2), (21, 10), (7, 12), (8, 27), (27, 5), (31, 24), (31, 35), (31, 38), (14, 37), (33, 17), (33, 25), (33, 32)]]","[[280.4032603665887, 79.47405264157152, 325.44663501237, 57.58594149640381, 19.05953873223912, 133.8141106943876, 180.5976278783447, 4.12674474855005, 3.9492995283766428, 380.5070879437821, 50.893338541341336, 42.4222923592635, 2.2944667867794717, 88.26472286847931, 38.037353014824426, 26.827086551911947, 38.886674618324356, 12.900747210057961, 3.7554365417592415, 24.69934040949539, 80.82273223304571, 35.403775532302326, 370.003483816364, 168.18830861979873, 78.9915266918669, 49.66819626019628, 89.69604667386443, 577.5924193388743, 10.76357809404125, 75.35174018974924, 5.39063095681027]]"
980,"[[(0, 22), (0, 23), (0, 39), (11, 19), (20, 31), (20, 32), (22, 5), (10, 15), (24, 25), (2, 32), (6, 24), (17, 7), (17, 26), (17, 29), (3, 16), (16, 6), (19, 30), (26, 28), (37, 30), (4, 2), (21, 10), (7, 12), (8, 27), (27, 5), (31, 24), (31, 35), (31, 38), (14, 37), (33, 17), (33, 25), (33, 32)]]","[[149.93474603845743, 111.76915462564723, 71.07956617981398, 151.84303515954383, 40.98063937928032, 141.30590223505635, 176.36890340301102, 1.5367174074687906, 4.618319133259289, 294.7975406626728, 49.927911103446, 43.977176236890166, 1.781919219723044, 140.38677241527387, 65.36818819582149, 37.14158354397534, 65.73472824041339, 3.1075159347056003, 4.6779862241238135, 23.99117949093811, 55.11851412538611, 88.7874963953195, 111.91126491677834, 185.21337965905389, 78.66441543757342, 41.549455936190206, 73.33330020072677, 355.10028709123486, 15.183445471911346, 94.26494511893564, 6.503435934488889]]"
981,"[[(0, 22), (0, 23), (0, 39), (11, 19), (20, 31), (20, 32), (22, 5), (10, 15), (24, 25), (2, 32), (6, 24), (17, 7), (17, 26), (17, 29), (3, 16), (16, 6), (19, 30), (26, 28), (37, 30), (4, 2), (21, 10), (7, 12), (8, 27), (27, 5), (31, 24), (31, 35), (31, 38), (14, 37), (33, 17), (33, 25), (33, 32)]]","[[113.04272228287951, 32.76987210611398, 656.867397464847, 45.282017229555834, 38.74354440132733, 136.64477845342577, 179.30382856803845, 1.190116670798126, 15.086549662275894, 284.5548550478015, 49.91164523146729, 50.727432081115616, 3.089510066690966, 54.49343819032609, 79.53886632514988, 114.18750817120099, 59.13303964989667, 14.210566775315902, 4.414804768226411, 24.87734209491058, 54.99409584582704, 67.57804490407109, 256.76946407626326, 371.2666388281815, 63.319769325039786, 75.34470357657395, 42.87709514747042, 74.85275337869498, 10.938584119945517, 84.97716193726627, 5.341160135430951]]"
982,"[[(0, 22), (0, 23), (0, 39), (11, 19), (20, 31), (20, 32), (22, 5), (10, 15), (24, 25), (2, 32), (6, 24), (17, 7), (17, 26), (17, 29), (3, 16), (16, 6), (19, 30), (26, 28), (37, 30), (4, 2), (21, 10), (7, 12), (8, 27), (27, 5), (31, 24), (31, 35), (31, 38), (14, 37), (33, 17), (33, 25), (33, 32)]]","[[248.91874556838778, 51.540126274706665, 457.85320561600207, 86.63258764129553, 37.050557220798936, 130.79517274671718, 196.70292773954742, 2.3253180989967537, 0.5169465972982055, 283.12065281537633, 53.39202976723303, 37.71412085629036, 3.150049898443896, 60.65199925201062, 68.41139201536993, 118.41934310307181, 38.93281825254207, 10.236338517952658, 4.133040821339665, 24.958616428196507, 47.25340125542644, 84.62434644215493, 366.6962818565671, 250.11026844723767, 68.40999642902251, 72.17696551154597, 121.80122231933069, 544.4174163808628, 9.125362744748642, 92.34042131033888, 2.9663973873264142]]"
983,"[[(0, 22), (0, 23), (0, 39), (11, 19), (20, 31), (20, 32), (22, 5), (10, 15), (24, 25), (2, 32), (6, 24), (17, 7), (17, 26), (17, 29), (3, 16), (16, 6), (19, 30), (26, 28), (37, 30), (4, 2), (21, 10), (7, 12), (8, 27), (27, 5), (31, 24), (31, 35), (31, 38), (14, 37), (33, 17), (33, 25), (33, 32)]]","[[260.4902618291248, 71.07238909221309, 365.0473306858766, 45.72560226680895, 15.395806597410923, 137.29536331630266, 180.91758009371222, 2.33627978010812, 11.433576389314576, 348.91405552931707, 52.06299640212846, 50.36930032444397, 3.973071568483469, 153.3060787798598, 32.77814669209275, 125.97580094354043, 59.14650783534281, 4.430654034452095, 4.86168254780714, 24.006884952259387, 88.8199902230948, 82.77535717547569, 256.50803129476407, 353.91914338179504, 80.86948783443262, 94.37736527647496, 38.570201730408186, 483.1694408236651, 13.735174472106358, 82.9042914512902, 6.006778029673143]]"
984,"[[(0, 22), (0, 23), (0, 39), (11, 19), (20, 31), (20, 32), (22, 5), (10, 15), (24, 25), (2, 32), (6, 24), (17, 7), (17, 26), (17, 29), (3, 16), (16, 6), (19, 30), (26, 28), (37, 30), (4, 2), (21, 10), (7, 12), (8, 27), (27, 5), (31, 24), (31, 35), (31, 38), (14, 37), (33, 17), (33, 25), (33, 32)]]","[[185.2128102661604, 29.296736053670987, 856.0213195099772, 125.88734327936815, 31.947109452732427, 139.8941432377706, 195.76671100239048, 3.13030880589423, 7.2405669333311335, 356.97963425335314, 54.14485666487058, 41.73636683020633, 2.8310556770781243, 144.05647771776992, 27.62832105926678, 34.11351915721205, 37.67717449693892, 8.47070396609149, 3.4381622669478737, 24.051212499512705, 25.256804233472494, 53.47360679020269, 93.480292669516, 170.51233755841446, 74.57141155607505, 37.16971360405338, 178.5312225988475, 153.62602413365886, 15.104792703824746, 78.24392055663075, 6.8167925908510005]]"
985,"[[(0, 22), (0, 23), (0, 39), (11, 19), (20, 31), (20, 32), (22, 5), (10, 15), (24, 25), (2, 32), (6, 24), (17, 7), (17, 26), (17, 29), (3, 16), (16, 6), (19, 30), (26, 28), (37, 30), (4, 2), (21, 10), (7, 12), (8, 27), (27, 5), (31, 24), (31, 35), (31, 38), (14, 37), (33, 17), (33, 25), (33, 32)]]","[[209.78661203416584, 104.646226813459, 278.7246438436716, 96.13492234515007, 33.26634108346193, 131.010968248982, 184.9172406298398, 4.310470174129438, 6.007488537575049, 343.01411496605436, 50.14062810419497, 49.78639450528563, 2.9243106077337604, 87.25354568243567, 55.216813597814635, 124.79785200640875, 40.636050815517336, 14.860118926354508, 3.2392045011735604, 24.16266138495641, 35.84245471455881, 21.339111463894696, 331.01493419908417, 183.18961137303447, 81.60252011097371, 97.69327413713813, 63.99178002200804, 618.848076136497, 15.515241407667366, 77.48563170245582, 1.3527614871024447]]"
986,"[[(0, 22), (0, 23), (0, 39), (11, 19), (20, 31), (20, 32), (22, 5), (10, 15), (24, 25), (2, 32), (6, 24), (17, 7), (17, 26), (17, 29), (3, 16), (16, 6), (19, 30), (26, 28), (37, 30), (4, 2), (21, 10), (7, 12), (8, 27), (27, 5), (31, 24), (31, 35), (31, 38), (14, 37), (33, 17), (33, 25), (33, 32)]]","[[261.537478394646, 99.29545231790435, 700.7375266211405, 121.01648587366591, 34.70412126270299, 132.11960983485181, 197.22273559575981, 2.5665226949320954, 5.6713934699688995, 327.55766846635515, 49.79324256631455, 48.80331259036261, 3.0729617234597395, 73.02008444829806, 41.65306324761545, 41.78942777760939, 39.28054623557201, 14.31731564725379, 4.377193260741559, 24.402491849202708, 30.312191528794074, 19.91691306841974, 148.56552875250466, 212.23666476916958, 78.59814817413964, 58.29620538763261, 37.28975636247236, 430.03632904757796, 8.037635438684259, 93.75792748249104, 4.0036200516364575]]"
987,"[[(0, 22), (0, 23), (0, 39), (11, 19), (20, 31), (20, 32), (22, 5), (10, 15), (24, 25), (2, 32), (6, 24), (17, 7), (17, 26), (17, 29), (3, 16), (16, 6), (19, 30), (26, 28), (37, 30), (4, 2), (21, 10), (7, 12), (8, 27), (27, 5), (31, 24), (31, 35), (31, 38), (14, 37), (33, 17), (33, 25), (33, 32)]]","[[268.5856345303198, 40.927544319783436, 645.5101604397312, 83.85650478215545, 10.18278537204046, 132.61087725645604, 205.31470120578336, 2.163442897479641, 24.10858629931032, 413.8658066622645, 48.843516255385985, 49.842469062633874, 3.062982558800626, 101.94061503286801, 74.77609176773228, 119.70334736499342, 56.586959520812606, 16.263221114371586, 3.3153864896523135, 24.46607295857071, 63.39284208912734, 16.956096147613753, 248.80870367203875, 152.11123655372504, 71.46938844919929, 106.71470612653742, 44.33705213953078, 556.0406621004067, 12.359212284479234, 77.43328916761409, 7.663214398712032]]"
988,"[[(0, 22), (0, 23), (0, 39), (11, 19), (20, 31), (20, 32), (22, 5), (10, 15), (24, 25), (2, 32), (6, 24), (17, 7), (17, 26), (17, 29), (3, 16), (16, 6), (19, 30), (26, 28), (37, 30), (4, 2), (21, 10), (7, 12), (8, 27), (27, 5), (31, 24), (31, 35), (31, 38), (14, 37), (33, 17), (33, 25), (33, 32)]]","[[220.32503147146105, 73.49537355692763, 457.6628419705347, 37.51022479473784, 31.644775470797363, 131.9403416713663, 180.23931168411275, 2.0210686364282595, 6.1444934415245, 398.2728171938795, 50.84063651411275, 52.23924278417256, 3.197645616421607, 99.5707667694546, 64.22679325701858, 107.58693678318556, 53.7783184713488, 4.53552747260783, 3.554919187094283, 23.281992874675737, 69.78806424026982, 33.28284744861193, 393.9682204800922, 317.26068770241307, 60.786889897501794, 55.89173518379562, 68.15515727426407, 465.5413421568649, 14.467347223042339, 84.95348588235314, 6.947046397499627]]"
989,"[[(0, 22), (0, 23), (0, 39), (11, 19), (20, 31), (20, 32), (22, 5), (10, 15), (24, 25), (2, 32), (6, 24), (17, 7), (17, 26), (17, 29), (3, 16), (16, 6), (19, 30), (26, 28), (37, 30), (4, 2), (21, 10), (7, 12), (8, 27), (27, 5), (31, 24), (31, 35), (31, 38), (14, 37), (33, 17), (33, 25), (33, 32)]]","[[287.1051387545933, 108.14536460817496, 479.75205194918686, 120.09464187077057, 42.14175777750278, 136.95442337973472, 190.9271890148007, 3.012678192902831, 15.303322626917202, 393.9108643502719, 52.69366163231953, 44.680015169920836, 1.7737580215187108, 117.17472779907422, 56.48910386801194, 66.9885146722913, 43.452253453736574, 9.330816859949548, 4.173595546848238, 24.38643968301977, 85.086085089623, 74.58537328454767, 225.63966965994325, 360.4157287564456, 60.90744691314665, 56.20637345199289, 157.96462413295956, 275.6275148500266, 11.980425044230397, 85.06280145617045, 8.633363738779934]]"
990,"[[(0, 22), (0, 23), (0, 39), (11, 19), (20, 31), (20, 32), (22, 5), (10, 15), (24, 25), (2, 32), (6, 24), (17, 7), (17, 26), (17, 29), (3, 16), (16, 6), (19, 30), (26, 28), (37, 30), (4, 2), (21, 10), (7, 12), (8, 27), (27, 5), (31, 24), (31, 35), (31, 38), (14, 37), (33, 17), (33, 25), (33, 32)]]","[[292.37316814499627, 115.78507398903366, 896.9388730935817, 83.65009306487602, 41.37329472950756, 140.6191879762638, 213.91153297331692, 2.428678169043667, 22.549465625434667, 283.4314555462181, 55.256979496356266, 41.12249156077633, 2.9675841669909784, 85.03453037620847, 59.45139339558435, 111.9554249275757, 41.47810382551252, 16.172594932054196, 3.533717810414615, 24.276160335972424, 59.108311636744936, 44.00787563913392, 351.2279192835178, 186.62980862854926, 67.5219712990206, 78.12486575687879, 100.5903975289612, 152.3037217381776, 9.454929343473477, 83.63505418993664, 6.888613931667664]]"
991,"[[(0, 22), (0, 23), (0, 39), (11, 19), (20, 31), (20, 32), (22, 5), (10, 15), (24, 25), (2, 32), (6, 24), (17, 7), (17, 26), (17, 29), (3, 16), (16, 6), (19, 30), (26, 28), (37, 30), (4, 2), (21, 10), (7, 12), (8, 27), (27, 5), (31, 24), (31, 35), (31, 38), (14, 37), (33, 17), (33, 25), (33, 32)]]","[[191.8691059886464, 57.430277982774264, 46.96802330666689, 63.95257090798559, 42.92816185658269, 140.0363220727554, 203.66590311642128, 3.6741384623514484, 17.312532938435428, 410.2791750370272, 48.04297749199326, 42.263860111658715, 3.570964414388288, 118.1338636188222, 29.185572275000688, 51.27365482567226, 42.43979237984104, 3.304251533760392, 4.804079220804048, 24.298812213949844, 40.60710712448937, 50.57830087230479, 314.0162872836549, 330.3655494991085, 59.40683521584097, 78.18900910943307, 100.55021475428961, 577.7640135301361, 10.998834204143597, 82.83250454576915, 1.6277281535379737]]"
992,"[[(0, 22), (0, 23), (0, 39), (11, 19), (20, 31), (20, 32), (22, 5), (10, 15), (24, 25), (2, 32), (6, 24), (17, 7), (17, 26), (17, 29), (3, 16), (16, 6), (19, 30), (26, 28), (37, 30), (4, 2), (21, 10), (7, 12), (8, 27), (27, 5), (31, 24), (31, 35), (31, 38), (14, 37), (33, 17), (33, 25), (33, 32)]]","[[293.58150922827906, 61.19539670898804, 502.44334264747687, 121.58416472646967, 21.985781331165075, 140.36682043707341, 176.8654345450409, 2.3097321836014135, 8.388307908879613, 307.1529046242283, 50.551772785678516, 42.42610626341634, 4.681496751350535, 84.00155578006843, 38.137253206323834, 91.01206254567516, 58.15035577884536, 9.037913294898079, 4.637794910861326, 23.95875737117729, 24.06397308523416, 55.210193471275204, 96.2138164428834, 214.43158186437537, 70.1965492921887, 109.39236582627653, 83.96160070308954, 405.747710169382, 15.81430938755392, 90.74701112553359, 3.726572117168808]]"
993,"[[(0, 22), (0, 23), (0, 39), (11, 19), (20, 31), (20, 32), (22, 5), (10, 15), (24, 25), (2, 32), (6, 24), (17, 7), (17, 26), (17, 29), (3, 16), (16, 6), (19, 30), (26, 28), (37, 30), (4, 2), (21, 10), (7, 12), (8, 27), (27, 5), (31, 24), (31, 35), (31, 38), (14, 37), (33, 17), (33, 25), (33, 32)]]","[[297.35259146576715, 46.16903683010975, 1036.893095466481, 128.53262449678772, 47.38090702577468, 137.86884793273254, 201.95380279383247, 1.6964233526305712, 13.258555881894557, 291.04320140189697, 49.16675898942833, 38.10949567902674, 3.212683030998149, 88.95189555577784, 71.50519914235032, 52.06065802082183, 60.24710193408286, 8.29290411593275, 3.3223217203907556, 24.84286654083433, 68.98397110212795, 63.85383906095284, 110.21403171669951, 311.1573545653024, 61.458455552525194, 77.16741403011801, 139.65386726719362, 139.2521809758003, 11.001802637754983, 82.74419700269814, 8.52037627001257]]"
994,"[[(0, 22), (0, 23), (0, 39), (11, 19), (20, 31), (20, 32), (22, 5), (10, 15), (24, 25), (2, 32), (6, 24), (17, 7), (17, 26), (17, 29), (3, 16), (16, 6), (19, 30), (26, 28), (37, 30), (4, 2), (21, 10), (7, 12), (8, 27), (27, 5), (31, 24), (31, 35), (31, 38), (14, 37), (33, 17), (33, 25), (33, 32)]]","[[264.69730076305444, 21.09652180777004, 163.8466287754178, 165.33726521491164, 34.09010524478998, 132.9728402176136, 201.2600119297628, 1.1336296126737997, 7.999502416812463, 303.667679896187, 54.9996885944099, 36.45127121589169, 1.9148352779452709, 157.25856833775566, 29.838900501616138, 105.69979159352442, 51.49324843148276, 7.8375035716865336, 4.917916355211521, 23.583375191812344, 9.884129349027537, 85.12548768757831, 79.80777038085695, 359.740701743443, 65.06765391340561, 91.90706109037816, 151.38213912731413, 426.1778934556314, 9.018968917228769, 91.08598054198907, 1.5087988577208504]]"
995,"[[(0, 22), (0, 23), (0, 39), (11, 19), (20, 31), (20, 32), (22, 5), (10, 15), (24, 25), (2, 32), (6, 24), (17, 7), (17, 26), (17, 29), (3, 16), (16, 6), (19, 30), (26, 28), (37, 30), (4, 2), (21, 10), (7, 12), (8, 27), (27, 5), (31, 24), (31, 35), (31, 38), (14, 37), (33, 17), (33, 25), (33, 32)]]","[[199.15118194897101, 85.60374357610628, 879.7933467085513, 85.5682881930156, 42.14083304208614, 135.14954925610175, 186.54780019026504, 1.8304164785055916, 5.309136406678375, 363.73600838888973, 51.22309136346921, 52.23421326291699, 2.499176351192212, 123.34316076074384, 49.301529322766775, 110.42941833092655, 46.105033779915225, 5.551180643054731, 3.2237100749985315, 23.933924337094602, 20.43431873022041, 37.10586731338022, 361.96185687581675, 278.6180518560267, 70.68390966398059, 61.8476245127814, 97.3715055149775, 235.40472186004502, 8.86496973030607, 83.44130443676102, 6.9526880180357296]]"
996,"[[(0, 22), (0, 23), (0, 39), (11, 19), (20, 31), (20, 32), (22, 5), (10, 15), (24, 25), (2, 32), (6, 24), (17, 7), (17, 26), (17, 29), (3, 16), (16, 6), (19, 30), (26, 28), (37, 30), (4, 2), (21, 10), (7, 12), (8, 27), (27, 5), (31, 24), (31, 35), (31, 38), (14, 37), (33, 17), (33, 25), (33, 32)]]","[[130.2514931415255, 50.63385800462778, 241.55497558567325, 153.88075530733732, 38.683673507703105, 138.84840608013707, 230.82605651432624, 3.6914409635641667, 5.706315918783446, 272.48002613295057, 48.1133802738394, 45.69324036884639, 3.363873919774434, 76.50575096080799, 31.74222236297196, 52.677958430740176, 65.66422627537122, 14.915751699091311, 3.0583786819176777, 24.888907139125692, 8.72097650726427, 51.51941786913322, 384.00110622185633, 223.16839656921877, 63.51397955601145, 88.51527584852406, 128.73319383336099, 536.979718650955, 9.086932954162712, 81.04665314220205, 1.0850975824326996]]"
997,"[[(0, 22), (0, 23), (0, 39), (11, 19), (20, 31), (20, 32), (22, 5), (10, 15), (24, 25), (2, 32), (6, 24), (17, 7), (17, 26), (17, 29), (3, 16), (16, 6), (19, 30), (26, 28), (37, 30), (4, 2), (21, 10), (7, 12), (8, 27), (27, 5), (31, 24), (31, 35), (31, 38), (14, 37), (33, 17), (33, 25), (33, 32)]]","[[103.73432858639632, 101.28242613721527, 358.7087975619053, 74.77363736718127, 35.41822390003302, 140.8822736374104, 194.93661225543525, 3.2558289410010537, 4.734648288531194, 394.9249223846424, 55.96514759652624, 50.182747582570045, 2.5982146362277287, 93.80878301371143, 56.02652111871794, 20.25160334718528, 55.242183581386854, 7.355913210875987, 4.327313748765507, 24.82138223137738, 26.744223720808023, 68.46036389108234, 292.3756628229595, 197.83796243465864, 60.54208472457138, 71.9982899529853, 128.55807390499214, 257.390647045538, 11.003726985795172, 83.30929661540671, 8.291552011890358]]"
998,"[[(0, 22), (0, 23), (0, 39), (11, 19), (20, 31), (20, 32), (22, 5), (10, 15), (24, 25), (2, 32), (6, 24), (17, 7), (17, 26), (17, 29), (3, 16), (16, 6), (19, 30), (26, 28), (37, 30), (4, 2), (21, 10), (7, 12), (8, 27), (27, 5), (31, 24), (31, 35), (31, 38), (14, 37), (33, 17), (33, 25), (33, 32)]]","[[299.2793397925194, 50.664616832047365, 363.43499332379315, 95.28377980316664, 3.332824661443614, 132.61522732624448, 189.57160220848075, 3.021868655799324, 0.3209829076157651, 413.47737933928056, 49.80424396556629, 48.63539493721281, 2.9555072707687113, 122.78904769166591, 70.46630971848234, 104.62820733980124, 63.32295208817962, 18.70457990160458, 3.597248755028856, 24.57720878993972, 25.006660116517818, 81.06946725257468, 231.10329105643328, 332.0347044873047, 61.653916966675624, 40.88787532121049, 73.36742893930528, 264.4317736284821, 12.731179850702949, 91.53850100017289, 5.618243343578098]]"
999,"[[(0, 22), (0, 23), (0, 39), (11, 19), (20, 31), (20, 32), (22, 5), (10, 15), (24, 25), (2, 32), (6, 24), (17, 7), (17, 26), (17, 29), (3, 16), (16, 6), (19, 30), (26, 28), (37, 30), (4, 2), (21, 10), (7, 12), (8, 27), (27, 5), (31, 24), (31, 35), (31, 38), (14, 37), (33, 17), (33, 25), (33, 32)]]","[[352.42540493383956, 65.83067478470058, 459.76685152056615, 45.14987015668949, 39.15094861446208, 139.64178129273176, 176.6765354233093, 4.330163233163978, 2.350072475902505, 358.02618594281597, 49.279481546870464, 36.66677568666753, 4.18535892290397, 82.21059534948772, 47.61935603816874, 123.2142123189662, 38.889588262943704, 19.601394711281532, 4.583381876084729, 24.64906585606729, 89.14603680849434, 23.368758663162374, 300.14050810084797, 308.0751474266602, 61.726301074217005, 101.53782912325734, 174.36741602164128, 94.72176388579831, 15.087103198449242, 90.16247666199946, 2.2348360567756345]]"
