scene,edge,cost
0,"[[(11, 13), (21, 13), (21, 43), (25, 31), (36, 32), (18, 36), (29, 22), (29, 45), (29, 49), (31, 1), (31, 15), (31, 28), (31, 48), (41, 3), (24, 17), (24, 41), (27, 16), (33, 24), (33, 38), (42, 14), (43, 39), (3, 1), (12, 3), (12, 20), (12, 30), (16, 9), (28, 26), (35, 25), (45, 7), (4, 7), (4, 30), (10, 28), (30, 40), (30, 44), (46, 3), (46, 47), (5, 47), (14, 29), (14, 32), (14, 40), (44, 26), (6, 9), (8, 27), (9, 10), (9, 34), (19, 13), (23, 13), (22, 5), (22, 7), (26, 2), (26, 24), (26, 29), (26, 36), (34, 35), (34, 38), (40, 2), (40, 4), (40, 23), (40, 26), (40, 47)]]","[[44.50517395052526, 8.57164598597713, 271.9605911553503, 8.55454944209931, 39.03295692552029, 320.39067871144624, 127.17583200242073, 219.62813573654694, 5.62561152193995, 116.24479656413689, 15.67428827196159, 46.611438396760065, 246.0203471732317, 38.12843890805267, 25.43924277763555, 284.70103742723035, 8.84617035800316, 6.603975999418344, 15.947456811182677, 363.17131691718237, 20.418229550882813, 1.4701650710263547, 67.81691320631568, 42.42983007602896, 376.59803432968965, 42.283872220598056, 4.460548383173679, 255.79515989243313, 457.2945159453391, 60.163917365486334, 332.1884358333671, 11.024052108615503, 12.634411054289751, 203.20183855647295, 681.1746978745318, 13.480340836428285, 396.70864281101757, 201.515514387391, 211.4380028984753, 242.04306335757084, 134.20460230412024, 8.581807183267674, 375.9886784274184, 6.531784013199261, 50.606407664787994, 36.65664509152256, 23.099808801494472, 180.3728070054331, 162.0348626728105, 10.381150657304826, 17.671044660190425, 31.42669360669386, 26.39163281655866, 14.335987630405631, 17.706891979703535, 535.2004886028897, 457.01476784054427, 99.95932216131848, 97.29938268417327, 94.38726568046462]]"
1,"[[(11, 13), (21, 13), (21, 43), (25, 31), (36, 32), (18, 36), (29, 22), (29, 45), (29, 49), (31, 1), (31, 15), (31, 28), (31, 48), (41, 3), (24, 17), (24, 41), (27, 16), (33, 24), (33, 38), (42, 14), (43, 39), (3, 1), (12, 3), (12, 20), (12, 30), (16, 9), (28, 26), (35, 25), (45, 7), (4, 7), (4, 30), (10, 28), (30, 40), (30, 44), (46, 3), (46, 47), (5, 47), (14, 29), (14, 32), (14, 40), (44, 26), (6, 9), (8, 27), (9, 10), (9, 34), (19, 13), (23, 13), (22, 5), (22, 7), (26, 2), (26, 24), (26, 29), (26, 36), (34, 35), (34, 38), (40, 2), (40, 4), (40, 23), (40, 26), (40, 47)]]","[[46.51966153607122, 14.304143876778163, 275.05223839233236, 15.529240195569736, 54.604773457726424, 309.83257635242785, 174.10432676520904, 212.2909734868459, 326.3734693034051, 125.13533133860437, 25.50323197818195, 8.629801763228372, 290.60793538502315, 34.62840437123416, 12.97346820050117, 222.55193750057092, 13.419362842100487, 49.22941887057569, 9.40838161493967, 300.43616583583855, 41.36279343587554, 1.7770453104942456, 117.364003491, 48.86510307340822, 234.4364151344546, 13.191802762030576, 2.8491336791874637, 145.13672507747714, 576.5829949294848, 58.62656266492198, 76.08480755178866, 44.18412985752868, 5.1425791634475315, 225.53851086466065, 711.4481488353251, 10.94705587639367, 383.67017939178487, 217.2078083113059, 381.72223345866723, 356.8074429310423, 97.55411991254633, 11.202101404298542, 373.65484208337693, 6.440619698868687, 67.82312501798569, 45.14641105158796, 25.721176742076757, 179.83712099776344, 150.74403463994577, 10.290046754490897, 59.04785123144854, 31.94965190420191, 29.42414572446617, 14.071535429636981, 21.65960413275619, 442.5069414541086, 424.7861600479323, 138.71991965428685, 44.931127171253515, 96.1594450553084]]"
2,"[[(11, 13), (21, 13), (21, 43), (25, 31), (36, 32), (18, 36), (29, 22), (29, 45), (29, 49), (31, 1), (31, 15), (31, 28), (31, 48), (41, 3), (24, 17), (24, 41), (27, 16), (33, 24), (33, 38), (42, 14), (43, 39), (3, 1), (12, 3), (12, 20), (12, 30), (16, 9), (28, 26), (35, 25), (45, 7), (4, 7), (4, 30), (10, 28), (30, 40), (30, 44), (46, 3), (46, 47), (5, 47), (14, 29), (14, 32), (14, 40), (44, 26), (6, 9), (8, 27), (9, 10), (9, 34), (19, 13), (23, 13), (22, 5), (22, 7), (26, 2), (26, 24), (26, 29), (26, 36), (34, 35), (34, 38), (40, 2), (40, 4), (40, 23), (40, 26), (40, 47)]]","[[30.935075709180584, 16.708959725188617, 275.3703222158293, 16.98775241416151, 48.83239688220067, 409.30617469850085, 41.91477243121537, 214.73808314457062, 354.3032389120384, 567.1251367651596, 18.83204302160725, 34.09100795224283, 315.7886692289555, 30.25940198721391, 11.585634253490761, 166.87370165053, 22.826352747009608, 8.38506530754372, 12.276196012368224, 404.9204022049589, 32.12202383881379, 0.08785107319222507, 66.45695845775589, 63.98943752212532, 380.7026634747117, 83.83344765351514, 3.754622096977588, 303.1807298458373, 742.1308901907236, 42.106572959678175, 158.05692129295096, 48.57650981839365, 7.9322171833167445, 139.8611938410072, 631.2733574936145, 11.321272496850108, 372.25692388309255, 74.00688381745911, 229.33238168810573, 386.9257879180635, 126.70327426808986, 8.46397153298254, 344.32761400508696, 7.519820965988464, 52.28993868063746, 30.60931928595216, 23.83305071146371, 179.5123140577477, 111.90780968834095, 9.55459983871302, 50.74708437439438, 31.561756421426086, 56.61412337701473, 16.283028265226463, 36.092422811062555, 252.95082930446415, 470.13482278329946, 108.21552708306487, 85.16245677929953, 96.27602055507273]]"
3,"[[(11, 13), (21, 13), (21, 43), (25, 31), (36, 32), (18, 36), (29, 22), (29, 45), (29, 49), (31, 1), (31, 15), (31, 28), (31, 48), (41, 3), (24, 17), (24, 41), (27, 16), (33, 24), (33, 38), (42, 14), (43, 39), (3, 1), (12, 3), (12, 20), (12, 30), (16, 9), (28, 26), (35, 25), (45, 7), (4, 7), (4, 30), (10, 28), (30, 40), (30, 44), (46, 3), (46, 47), (5, 47), (14, 29), (14, 32), (14, 40), (44, 26), (6, 9), (8, 27), (9, 10), (9, 34), (19, 13), (23, 13), (22, 5), (22, 7), (26, 2), (26, 24), (26, 29), (26, 36), (34, 35), (34, 38), (40, 2), (40, 4), (40, 23), (40, 26), (40, 47)]]","[[46.11438129035247, 10.337740326178407, 267.902774004195, 16.19655231915823, 35.64953052356483, 415.9685321863915, 183.5912404752006, 221.6794369134342, 329.13784915922037, 593.7579748991791, 13.106824446854413, 12.883895925874786, 296.18227390346743, 35.802139369066566, 13.158900961057073, 231.21580512671838, 11.103980204884031, 45.323727016590915, 11.35199779916588, 221.15381195601293, 54.8036382675415, 1.9587539660170952, 146.7969694426818, 50.94932132164665, 464.46195964088554, 30.682359094687726, 5.286839079253772, 278.1869056937365, 641.682152809978, 34.82733111063054, 343.64205977138437, 28.958324458943903, 11.827131440899489, 218.3537808671398, 730.9808710138013, 14.959899905161631, 382.5381825508457, 150.38877807090856, 348.3356010889381, 261.252095403385, 101.78265806802644, 9.884592057617422, 385.9736624924164, 10.674880752541883, 44.36088899366643, 35.16690268912981, 22.184026068815644, 175.4155227761429, 243.37734564930335, 10.951561725220156, 49.071082464463004, 31.887709534593974, 34.25932233864096, 14.173980870854804, 32.19902015057436, 542.080217493017, 609.3392570271699, 44.35364916753796, 69.63026325219083, 95.1495337239136]]"
4,"[[(11, 13), (21, 13), (21, 43), (25, 31), (36, 32), (18, 36), (29, 22), (29, 45), (29, 49), (31, 1), (31, 15), (31, 28), (31, 48), (41, 3), (24, 17), (24, 41), (27, 16), (33, 24), (33, 38), (42, 14), (43, 39), (3, 1), (12, 3), (12, 20), (12, 30), (16, 9), (28, 26), (35, 25), (45, 7), (4, 7), (4, 30), (10, 28), (30, 40), (30, 44), (46, 3), (46, 47), (5, 47), (14, 29), (14, 32), (14, 40), (44, 26), (6, 9), (8, 27), (9, 10), (9, 34), (19, 13), (23, 13), (22, 5), (22, 7), (26, 2), (26, 24), (26, 29), (26, 36), (34, 35), (34, 38), (40, 2), (40, 4), (40, 23), (40, 26), (40, 47)]]","[[34.74124747731922, 15.76943009131826, 272.3389810136061, 15.198582523603385, 34.80667961506033, 381.7389859743187, 110.69725906252019, 200.43502135387772, 7.395259012835183, 102.66451380669183, 12.284047979421093, 41.22887235995735, 284.48640529663925, 32.93604951486665, 25.354641725525788, 241.2766328104291, 9.465730850132854, 57.77789655557019, 10.18453148356144, 371.40226180877517, 40.48097424710184, 1.0660516130389348, 34.85202985960076, 48.18523798975843, 288.72692392002995, 70.89132532366065, 8.95562095042973, 120.61869105865718, 643.8172767520156, 19.11295436690354, 331.28643051922774, 30.784896759498462, 9.526051798400637, 155.10099317206445, 713.7983931462858, 15.589341659972538, 390.43937102613774, 78.04808323375346, 399.9457170652258, 366.6063738401902, 78.87097024671087, 9.91979984195353, 369.424609104433, 2.929478944064047, 53.67976117229368, 34.41142670838398, 25.015498829339904, 178.30274430257768, 119.94524703340655, 8.471215727032426, 22.198243704110748, 30.85662329072213, 29.20628586758317, 15.338764391359527, 17.77613079919138, 134.5083425262634, 510.2712530148019, 68.89410995569474, 75.34731637230857, 96.35901008981462]]"
5,"[[(11, 13), (21, 13), (21, 43), (25, 31), (36, 32), (18, 36), (29, 22), (29, 45), (29, 49), (31, 1), (31, 15), (31, 28), (31, 48), (41, 3), (24, 17), (24, 41), (27, 16), (33, 24), (33, 38), (42, 14), (43, 39), (3, 1), (12, 3), (12, 20), (12, 30), (16, 9), (28, 26), (35, 25), (45, 7), (4, 7), (4, 30), (10, 28), (30, 40), (30, 44), (46, 3), (46, 47), (5, 47), (14, 29), (14, 32), (14, 40), (44, 26), (6, 9), (8, 27), (9, 10), (9, 34), (19, 13), (23, 13), (22, 5), (22, 7), (26, 2), (26, 24), (26, 29), (26, 36), (34, 35), (34, 38), (40, 2), (40, 4), (40, 23), (40, 26), (40, 47)]]","[[37.84337064673889, 9.319020893685005, 274.38632360096415, 10.14787917298169, 29.25768235218245, 392.65043324291986, 8.202630369028665, 190.03388904906825, 74.48172244687882, 650.7021164326261, 23.639868812185007, 32.1032804222705, 279.18773801508235, 37.285072593671956, 15.89272001755231, 281.93322901431293, 14.500209841427008, 14.091694629480887, 11.609682518046743, 304.62187826935804, 34.16592559632426, 1.489200161503079, 68.37041143590832, 48.418772120803396, 473.8622095220217, 51.82169431040878, 7.895687781079873, 297.9550706657059, 540.0807704733305, 16.483240681930837, 245.78662729312106, 18.70949306037815, 6.215242540087848, 202.28767732538213, 640.6804514784868, 13.365292202987284, 376.62371836581104, 179.60416630832037, 389.32874423088634, 298.7497698554929, 102.01219387623762, 11.484687648926503, 326.9867319663242, 5.750235667632657, 71.45555269899418, 41.89081879502018, 23.114233866916774, 177.58703968784073, 311.68979126105023, 9.108332371575722, 55.06521282238625, 30.202641794370084, 43.46674921207452, 13.363385651193566, 19.48010125791213, 644.6845392657276, 404.7964361724535, 77.76517560056936, 140.117961514491, 94.04302950234248]]"
6,"[[(11, 13), (21, 13), (21, 43), (25, 31), (36, 32), (18, 36), (29, 22), (29, 45), (29, 49), (31, 1), (31, 15), (31, 28), (31, 48), (41, 3), (24, 17), (24, 41), (27, 16), (33, 24), (33, 38), (42, 14), (43, 39), (3, 1), (12, 3), (12, 20), (12, 30), (16, 9), (28, 26), (35, 25), (45, 7), (4, 7), (4, 30), (10, 28), (30, 40), (30, 44), (46, 3), (46, 47), (5, 47), (14, 29), (14, 32), (14, 40), (44, 26), (6, 9), (8, 27), (9, 10), (9, 34), (19, 13), (23, 13), (22, 5), (22, 7), (26, 2), (26, 24), (26, 29), (26, 36), (34, 35), (34, 38), (40, 2), (40, 4), (40, 23), (40, 26), (40, 47)]]","[[39.90126218422943, 8.853325653504651, 273.9552555954582, 8.323812589645302, 33.22068707494667, 232.62089505066274, 131.5072032047919, 235.80386556688373, 381.332373735947, 293.0332695385261, 19.265828576434668, 42.27540038136475, 250.7734891456512, 33.770976248567976, 14.076396466577865, 138.9290380286283, 10.636750033497417, 28.088333384891083, 16.942123141584986, 402.84197263281175, 40.66317285749602, 0.8071550047579743, 44.138974130108394, 58.148074283653735, 185.4873226172951, 78.264717029626, 9.163922095350685, 144.43984625703618, 470.78414794942506, 34.44461383442629, 77.94460447221057, 10.824409613618508, 5.50387007926309, 56.019459560203984, 729.8820767026322, 7.6347075923591845, 382.6857189798212, 85.2988489027239, 355.68152547284313, 348.0129754571559, 93.81366362723267, 8.844013876986088, 398.6833409142698, 5.764861141635717, 75.19532107517097, 40.38700779220561, 22.80369882567142, 177.9567658411294, 202.8734829871782, 7.905741256986101, 21.88577893202865, 30.864269035280078, 93.10092097577031, 15.8515505471467, 38.65196671865582, 611.2551553411997, 532.7183930044305, 62.528816804689235, 91.70738239045822, 94.93725051060191]]"
7,"[[(11, 13), (21, 13), (21, 43), (25, 31), (36, 32), (18, 36), (29, 22), (29, 45), (29, 49), (31, 1), (31, 15), (31, 28), (31, 48), (41, 3), (24, 17), (24, 41), (27, 16), (33, 24), (33, 38), (42, 14), (43, 39), (3, 1), (12, 3), (12, 20), (12, 30), (16, 9), (28, 26), (35, 25), (45, 7), (4, 7), (4, 30), (10, 28), (30, 40), (30, 44), (46, 3), (46, 47), (5, 47), (14, 29), (14, 32), (14, 40), (44, 26), (6, 9), (8, 27), (9, 10), (9, 34), (19, 13), (23, 13), (22, 5), (22, 7), (26, 2), (26, 24), (26, 29), (26, 36), (34, 35), (34, 38), (40, 2), (40, 4), (40, 23), (40, 26), (40, 47)]]","[[46.1976642068837, 2.629014356380811, 270.8671762070217, 8.949253581168009, 34.589647082676294, 395.28570488179435, 58.15654722263246, 178.79933048922726, 4.2997188562016895, 400.81926505571994, 16.860493914050295, 31.847615552611273, 264.77291770182956, 34.916936874479056, 23.73893376365551, 149.72722879760397, 12.681520022550988, 7.926394947963617, 14.050176742456552, 159.5400180368128, 28.173332201432288, 0.3004889454690651, 50.51633131206905, 66.05640648024774, 482.79709143647517, 101.01426391548189, 5.789470591348328, 112.58133667053606, 474.02659766595167, 73.99003517426117, 324.24202887726614, 13.778242836204615, 7.264294696596899, 79.88619026987348, 726.9921313797784, 15.152711920633461, 392.4895461453645, 120.7856077931959, 331.2646488373791, 361.77238431109953, 113.57808677296678, 10.007347946444746, 355.36857327145646, 4.098991115417379, 62.255908793379945, 28.728422409922914, 23.515571292366236, 177.51366252936702, 168.7565449615861, 11.297567906133072, 21.348163555255795, 30.092678441893593, 87.46575194556497, 16.48994594292327, 36.3130528105817, 225.37572890164992, 393.5334087264215, 99.38678213792369, 65.3931903721081, 95.5358519244363]]"
8,"[[(11, 13), (21, 13), (21, 43), (25, 31), (36, 32), (18, 36), (29, 22), (29, 45), (29, 49), (31, 1), (31, 15), (31, 28), (31, 48), (41, 3), (24, 17), (24, 41), (27, 16), (33, 24), (33, 38), (42, 14), (43, 39), (3, 1), (12, 3), (12, 20), (12, 30), (16, 9), (28, 26), (35, 25), (45, 7), (4, 7), (4, 30), (10, 28), (30, 40), (30, 44), (46, 3), (46, 47), (5, 47), (14, 29), (14, 32), (14, 40), (44, 26), (6, 9), (8, 27), (9, 10), (9, 34), (19, 13), (23, 13), (22, 5), (22, 7), (26, 2), (26, 24), (26, 29), (26, 36), (34, 35), (34, 38), (40, 2), (40, 4), (40, 23), (40, 26), (40, 47)]]","[[20.557419968304565, 12.387882490561939, 271.97228072976924, 7.2166739619597715, 43.16737573191352, 265.3046621352928, 168.62170574999584, 234.0175671096409, 24.715402752846977, 137.36102451031118, 15.979202457115319, 30.842314235371028, 310.94592325341046, 41.86762867945387, 24.755158431773268, 195.25199468801992, 37.283948599333186, 7.79228040424036, 9.608970337362376, 395.8243800394778, 38.26110024329712, 1.4357565429598238, 85.38335969970595, 62.64970120349084, 450.9902502409899, 53.80755238679751, 7.179505440697104, 181.61998916579705, 530.1840002794237, 25.76843923395696, 229.71229056095632, 7.705711012838808, 8.27626376500547, 194.6646876143183, 688.7359380087966, 19.59371113438488, 381.4169371786524, 207.13482655700054, 344.3189340275029, 251.94402619952672, 102.64331087969819, 10.96362102716152, 430.6650308320025, 7.574956369810897, 55.02329127559857, 44.732923470907686, 23.981566816789282, 180.75922145777037, 279.49977090510663, 11.977330637235255, 46.41209048840328, 31.098407580919577, 78.82274492924593, 15.359691854442405, 19.84852328376475, 530.5512946217226, 460.4656947620822, 115.5952733280644, 62.263489378716045, 93.6195864909318]]"
9,"[[(11, 13), (21, 13), (21, 43), (25, 31), (36, 32), (18, 36), (29, 22), (29, 45), (29, 49), (31, 1), (31, 15), (31, 28), (31, 48), (41, 3), (24, 17), (24, 41), (27, 16), (33, 24), (33, 38), (42, 14), (43, 39), (3, 1), (12, 3), (12, 20), (12, 30), (16, 9), (28, 26), (35, 25), (45, 7), (4, 7), (4, 30), (10, 28), (30, 40), (30, 44), (46, 3), (46, 47), (5, 47), (14, 29), (14, 32), (14, 40), (44, 26), (6, 9), (8, 27), (9, 10), (9, 34), (19, 13), (23, 13), (22, 5), (22, 7), (26, 2), (26, 24), (26, 29), (26, 36), (34, 35), (34, 38), (40, 2), (40, 4), (40, 23), (40, 26), (40, 47)]]","[[41.75864615873151, 13.231781133154646, 274.81924193603726, 11.88430389893638, 52.74680026909528, 235.68908950683894, 131.16881181728178, 203.93431428767548, 423.4084984955426, 271.72029817130687, 14.384328424266524, 9.07021912650227, 245.4221056834788, 31.910091716828532, 19.43790725181328, 113.7063841305297, 20.109074029595426, 48.2131446957121, 9.700401365798136, 251.77504147656236, 19.71434086964055, 1.6236508678977901, 112.77980256471417, 59.102423440850764, 145.05312112219244, 52.17307113791623, 2.4107302818420013, 158.0540363428386, 783.6527245505697, 36.51269531482265, 239.9487645517361, 6.303061275395532, 8.635518980809112, 64.07811043948212, 641.9938969529637, 20.758222692858766, 375.3119645158377, 253.99634159363, 400.4694121060978, 330.8024182393119, 115.15010721550783, 9.75643845134346, 265.3661286091128, 8.792513851969119, 51.823188665894754, 29.57854742952979, 24.74287132361577, 179.57565834393554, 79.97401360232426, 10.179543544923245, 46.17446974474381, 30.122546350500787, 100.47512118201368, 16.57042480160138, 20.744745401543657, 678.5957301794676, 562.2275587713067, 39.885617750227425, 100.82277044361479, 96.4999288212872]]"
10,"[[(11, 13), (21, 13), (21, 43), (25, 31), (36, 32), (18, 36), (29, 22), (29, 45), (29, 49), (31, 1), (31, 15), (31, 28), (31, 48), (41, 3), (24, 17), (24, 41), (27, 16), (33, 24), (33, 38), (42, 14), (43, 39), (3, 1), (12, 3), (12, 20), (12, 30), (16, 9), (28, 26), (35, 25), (45, 7), (4, 7), (4, 30), (10, 28), (30, 40), (30, 44), (46, 3), (46, 47), (5, 47), (14, 29), (14, 32), (14, 40), (44, 26), (6, 9), (8, 27), (9, 10), (9, 34), (19, 13), (23, 13), (22, 5), (22, 7), (26, 2), (26, 24), (26, 29), (26, 36), (34, 35), (34, 38), (40, 2), (40, 4), (40, 23), (40, 26), (40, 47)]]","[[21.366123110182933, 6.120389375624688, 270.0993810982125, 12.538775859065842, 44.72316703467505, 281.2717914685124, 122.24047968571718, 230.18781443539805, 43.80355691856831, 144.96081146823306, 24.825726115697186, 50.67999656757865, 248.94645688050232, 42.90588465672429, 22.686067766713087, 279.5976131645672, 17.93678311017708, 43.99488203647078, 8.77336752497211, 239.04002219398913, 55.43333374221482, 1.2457951680895756, 25.2349650079521, 49.64448642317802, 366.7494931899669, 60.1005499756767, 4.066993420229121, 287.509392460486, 686.2322031552404, 60.640268375937005, 124.62971355091885, 26.82699810904886, 10.149317523501235, 177.0792366107234, 763.7032810821103, 2.947993825251192, 395.23066174128405, 53.31771317165067, 267.2484855743235, 366.2606944910467, 86.99780258326818, 11.467254156240008, 395.9169141469887, 2.724578071876177, 84.72065387272792, 45.129479152117135, 25.292734488408097, 176.9495007988444, 214.67277188347913, 9.207947769566381, 41.98680031326641, 30.17304607098165, 64.47525816530974, 16.581266904387043, 24.48401019501968, 297.4070466337677, 545.8639669843157, 59.978181341795505, 131.11139264697476, 95.56688239797114]]"
11,"[[(11, 13), (21, 13), (21, 43), (25, 31), (36, 32), (18, 36), (29, 22), (29, 45), (29, 49), (31, 1), (31, 15), (31, 28), (31, 48), (41, 3), (24, 17), (24, 41), (27, 16), (33, 24), (33, 38), (42, 14), (43, 39), (3, 1), (12, 3), (12, 20), (12, 30), (16, 9), (28, 26), (35, 25), (45, 7), (4, 7), (4, 30), (10, 28), (30, 40), (30, 44), (46, 3), (46, 47), (5, 47), (14, 29), (14, 32), (14, 40), (44, 26), (6, 9), (8, 27), (9, 10), (9, 34), (19, 13), (23, 13), (22, 5), (22, 7), (26, 2), (26, 24), (26, 29), (26, 36), (34, 35), (34, 38), (40, 2), (40, 4), (40, 23), (40, 26), (40, 47)]]","[[34.12257008107953, 7.85113826588538, 270.6405452825781, 9.224321966113497, 52.30222674688581, 380.84472239080594, 213.6554720210022, 178.61402563646317, 372.1523458809683, 624.5830151635172, 14.820309966261794, 33.345245434222775, 265.81643953935173, 34.75829929273911, 20.40252685102967, 154.02133718506656, 37.8301465268183, 57.76655646853199, 14.186294993057675, 203.59657080536806, 37.709518993410484, 1.8409369059183176, 127.94304791543486, 46.51390898209078, 380.9859676969885, 40.28700523561818, 9.749099173639712, 229.67320605818128, 715.0983000040615, 34.45920041471283, 248.70821476772687, 31.221765053452973, 3.2070626175845365, 163.12856339211905, 701.5632669244907, 21.59140974988353, 388.01735684508577, 140.3692859519796, 341.35757675761914, 251.62727966572916, 86.99365918351283, 9.645543103044009, 328.0225257152891, 2.333767767570703, 78.13010529490808, 26.626050450748423, 23.356467671622703, 175.10336408078888, 181.9320090754749, 11.311492101156883, 14.300770442005586, 31.05454987396895, 98.44887138326543, 15.161366674498144, 29.275578089427242, 358.1187796613079, 627.1188819325469, 93.68164132286967, 113.0170744410711, 95.93850922076051]]"
12,"[[(11, 13), (21, 13), (21, 43), (25, 31), (36, 32), (18, 36), (29, 22), (29, 45), (29, 49), (31, 1), (31, 15), (31, 28), (31, 48), (41, 3), (24, 17), (24, 41), (27, 16), (33, 24), (33, 38), (42, 14), (43, 39), (3, 1), (12, 3), (12, 20), (12, 30), (16, 9), (28, 26), (35, 25), (45, 7), (4, 7), (4, 30), (10, 28), (30, 40), (30, 44), (46, 3), (46, 47), (5, 47), (14, 29), (14, 32), (14, 40), (44, 26), (6, 9), (8, 27), (9, 10), (9, 34), (19, 13), (23, 13), (22, 5), (22, 7), (26, 2), (26, 24), (26, 29), (26, 36), (34, 35), (34, 38), (40, 2), (40, 4), (40, 23), (40, 26), (40, 47)]]","[[49.68708535002888, 12.716685844492128, 275.77977725271836, 11.029576786955175, 40.674907764407706, 315.4699763814011, 179.45029311040102, 182.20673706886518, 438.14819317408296, 375.7395140581113, 25.535799401725676, 13.401162451488613, 277.4705134903663, 27.5762122992192, 17.542302755057285, 198.16868037345665, 36.19355765294456, 24.37120862145922, 12.147567471710765, 148.83154395965525, 37.64533706999808, 0.5194160013279856, 106.15898972678593, 44.96087127785692, 325.35594743013854, 92.18942548516524, 4.810887440597631, 274.1443235878127, 749.7836919836975, 66.86220342249902, 292.79699868535806, 10.443164198639241, 8.201613928476517, 54.56689975137059, 626.7663253962182, 19.42000955898072, 379.0972987470318, 243.27492000965282, 293.63689879850045, 284.72343888324815, 80.26462602601396, 8.914539788474132, 264.6166054240958, 8.187531326968811, 42.332042489937415, 41.88159373292421, 22.068851456358573, 180.38729131047532, 63.910569420847644, 10.299475500606594, 18.94557549454433, 31.41562708748275, 36.16920009775986, 15.656146090652012, 32.41203250944988, 145.70101269771757, 634.8874023225113, 35.3732772758089, 126.98022637594255, 96.70093980015677]]"
13,"[[(11, 13), (21, 13), (21, 43), (25, 31), (36, 32), (18, 36), (29, 22), (29, 45), (29, 49), (31, 1), (31, 15), (31, 28), (31, 48), (41, 3), (24, 17), (24, 41), (27, 16), (33, 24), (33, 38), (42, 14), (43, 39), (3, 1), (12, 3), (12, 20), (12, 30), (16, 9), (28, 26), (35, 25), (45, 7), (4, 7), (4, 30), (10, 28), (30, 40), (30, 44), (46, 3), (46, 47), (5, 47), (14, 29), (14, 32), (14, 40), (44, 26), (6, 9), (8, 27), (9, 10), (9, 34), (19, 13), (23, 13), (22, 5), (22, 7), (26, 2), (26, 24), (26, 29), (26, 36), (34, 35), (34, 38), (40, 2), (40, 4), (40, 23), (40, 26), (40, 47)]]","[[26.01760988735742, 11.137029885615204, 267.58650603729166, 16.265875750154592, 31.16769715923984, 280.50504965344805, 16.29681090723065, 255.15654221851338, 105.15247436487846, 201.0139596491875, 18.411060799128187, 35.45013466226395, 278.62032745565165, 33.91321963684854, 20.4959108500616, 108.74383893307339, 11.111886863763466, 45.95080509940049, 9.393983568068123, 384.7179248218948, 20.94529547706268, 1.4129897658451294, 70.09872653661043, 44.96765806764018, 416.22542968743244, 83.60655210507346, 9.221007841129119, 20.36101870237801, 711.5925532304996, 33.63879866724119, 187.38947448195484, 18.711754756001632, 9.665289430296276, 204.4092880962074, 672.7561348970441, 2.880455339398174, 383.3193794983778, 156.18744793331336, 404.20955550114184, 370.14018538593325, 95.78307619167194, 8.8828296750019, 424.3532498488355, 10.2064055683501, 53.953541449966494, 38.34161685095596, 22.01770895538147, 178.98153798396802, 276.1063564442279, 12.948446944181947, 16.06023710866238, 31.651679955688905, 84.71498906792765, 16.41267479932613, 26.859379686914842, 235.21284216441458, 419.6674643488796, 50.747306883288054, 86.51820592076231, 94.47864994856462]]"
14,"[[(11, 13), (21, 13), (21, 43), (25, 31), (36, 32), (18, 36), (29, 22), (29, 45), (29, 49), (31, 1), (31, 15), (31, 28), (31, 48), (41, 3), (24, 17), (24, 41), (27, 16), (33, 24), (33, 38), (42, 14), (43, 39), (3, 1), (12, 3), (12, 20), (12, 30), (16, 9), (28, 26), (35, 25), (45, 7), (4, 7), (4, 30), (10, 28), (30, 40), (30, 44), (46, 3), (46, 47), (5, 47), (14, 29), (14, 32), (14, 40), (44, 26), (6, 9), (8, 27), (9, 10), (9, 34), (19, 13), (23, 13), (22, 5), (22, 7), (26, 2), (26, 24), (26, 29), (26, 36), (34, 35), (34, 38), (40, 2), (40, 4), (40, 23), (40, 26), (40, 47)]]","[[50.38269637340446, 8.373184585679212, 272.29308792551285, 8.706523534016638, 51.61692577698412, 324.21193192391684, 197.74250768688898, 201.69038665945345, 291.8932733551436, 88.58013784278921, 23.3787251259527, 38.975863787366926, 304.77559680097033, 38.86873972570386, 15.520836024274853, 145.9322323295005, 24.36489843953458, 13.387596991489767, 13.202573091273557, 152.76092374448157, 22.429263535488964, 0.15042784933802555, 46.9286739304142, 49.972843342857445, 446.03764499370635, 20.561657168221867, 3.6904896930217204, 163.3883458287205, 664.8573382735765, 65.61644490668004, 395.53585886779734, 48.15475552232583, 10.689451139088678, 223.01247795975996, 766.577489179228, 8.882638871692297, 387.51203034472434, 174.43272061503194, 430.8577042583254, 229.8771503187032, 92.10653641058182, 10.046060667933073, 351.87944053138494, 11.318198242477912, 45.78270513962122, 31.38484420125466, 22.13395658116725, 175.7136035684575, 314.24342721601244, 12.575718889604474, 43.62540244592035, 31.170729311301752, 26.307195381703036, 15.809952201142028, 20.315331089737743, 277.0794360104359, 457.4073500576032, 140.17681943482972, 107.46302585940218, 96.59849608271769]]"
15,"[[(11, 13), (21, 13), (21, 43), (25, 31), (36, 32), (18, 36), (29, 22), (29, 45), (29, 49), (31, 1), (31, 15), (31, 28), (31, 48), (41, 3), (24, 17), (24, 41), (27, 16), (33, 24), (33, 38), (42, 14), (43, 39), (3, 1), (12, 3), (12, 20), (12, 30), (16, 9), (28, 26), (35, 25), (45, 7), (4, 7), (4, 30), (10, 28), (30, 40), (30, 44), (46, 3), (46, 47), (5, 47), (14, 29), (14, 32), (14, 40), (44, 26), (6, 9), (8, 27), (9, 10), (9, 34), (19, 13), (23, 13), (22, 5), (22, 7), (26, 2), (26, 24), (26, 29), (26, 36), (34, 35), (34, 38), (40, 2), (40, 4), (40, 23), (40, 26), (40, 47)]]","[[38.08800593817641, 13.120169283269421, 269.3587302786181, 12.798086707970786, 37.40770847733363, 254.73201992445004, 170.7723177935222, 215.71056612753534, 476.700244442381, 540.0881796234202, 18.31054918314485, 42.004062717366935, 245.57957337194998, 38.00397357683309, 22.101299057541354, 173.16640999680794, 35.75989357667011, 18.902945704444065, 12.2732678547666, 411.2447874320558, 36.54758105299144, 1.753079058830182, 66.8711769285814, 33.990063911461675, 200.1987968527963, 30.853971239378748, 5.491900132137795, 203.97950262220044, 759.199139499927, 65.47611593817922, 154.63093726874854, 35.12867433929296, 13.623656471095565, 123.59435478868808, 667.4559239605095, 12.670770963142166, 394.9766674848148, 252.0297056312313, 358.6906560437146, 291.14490497985776, 111.3126683975444, 8.356472962601762, 444.33268093727736, 6.35642723074975, 55.680458585382056, 36.41613006707954, 22.017402779549315, 180.8645748311296, 302.01097364364557, 12.92474821516016, 46.7559738636541, 31.810495463039942, 59.14322691856555, 13.523677806535726, 32.20335012711098, 105.5326673199371, 564.9385335343188, 46.72115055353359, 102.34357696910337, 93.45685423376611]]"
16,"[[(11, 13), (21, 13), (21, 43), (25, 31), (36, 32), (18, 36), (29, 22), (29, 45), (29, 49), (31, 1), (31, 15), (31, 28), (31, 48), (41, 3), (24, 17), (24, 41), (27, 16), (33, 24), (33, 38), (42, 14), (43, 39), (3, 1), (12, 3), (12, 20), (12, 30), (16, 9), (28, 26), (35, 25), (45, 7), (4, 7), (4, 30), (10, 28), (30, 40), (30, 44), (46, 3), (46, 47), (5, 47), (14, 29), (14, 32), (14, 40), (44, 26), (6, 9), (8, 27), (9, 10), (9, 34), (19, 13), (23, 13), (22, 5), (22, 7), (26, 2), (26, 24), (26, 29), (26, 36), (34, 35), (34, 38), (40, 2), (40, 4), (40, 23), (40, 26), (40, 47)]]","[[20.415995567037314, 12.307534967893782, 268.0784811309389, 17.03012867840125, 52.57034657777949, 362.57751473646533, 204.88863940396215, 220.79802858332144, 252.10547600076072, 549.0872628951918, 22.4408236479628, 22.2048993664783, 279.857864048554, 34.22200041129684, 14.516896237470887, 188.08776036045583, 14.677547293541814, 20.19459810276372, 11.563134926859455, 324.3789527902501, 37.701555639253044, 1.3798956704725065, 121.19920039251824, 61.52168806911833, 166.8412644791012, 72.5790937131142, 4.983512182269431, 53.929821530728034, 462.59707695600093, 67.18888461432633, 410.27971335264186, 22.14845210818205, 6.704472482199442, 225.89033046333375, 733.637030065499, 10.047023305555026, 382.65237052498765, 232.06594095656178, 265.25187042512647, 340.70312793912717, 91.39547067382419, 11.14357232679221, 422.9426110422138, 5.068733452049218, 79.10328971993232, 40.504132899628225, 22.538809564622383, 179.01536404076708, 218.5637160263628, 7.135142256495568, 57.699760991740185, 31.49899654950047, 69.14962818824769, 16.864493698957652, 39.21123861763307, 385.02812268633284, 465.4585386713667, 101.67516802419986, 46.52626838024479, 95.09782853883317]]"
17,"[[(11, 13), (21, 13), (21, 43), (25, 31), (36, 32), (18, 36), (29, 22), (29, 45), (29, 49), (31, 1), (31, 15), (31, 28), (31, 48), (41, 3), (24, 17), (24, 41), (27, 16), (33, 24), (33, 38), (42, 14), (43, 39), (3, 1), (12, 3), (12, 20), (12, 30), (16, 9), (28, 26), (35, 25), (45, 7), (4, 7), (4, 30), (10, 28), (30, 40), (30, 44), (46, 3), (46, 47), (5, 47), (14, 29), (14, 32), (14, 40), (44, 26), (6, 9), (8, 27), (9, 10), (9, 34), (19, 13), (23, 13), (22, 5), (22, 7), (26, 2), (26, 24), (26, 29), (26, 36), (34, 35), (34, 38), (40, 2), (40, 4), (40, 23), (40, 26), (40, 47)]]","[[23.239039361813308, 6.515363754603387, 267.18877310808267, 7.054920713239339, 44.490733407003944, 272.45341405681575, 138.88671879055028, 250.4149980838418, 341.8125339833362, 429.5294061125933, 19.815126141921034, 45.083126109234655, 312.1117402970392, 28.324150365953443, 13.838745946580199, 113.42402708574085, 34.45659767369047, 53.660137354828926, 13.774402589723138, 174.0982395486481, 26.8679897526129, 0.8533223811059669, 90.20403536742555, 32.70144026518975, 323.1585671089727, 73.4474660076323, 7.233243345761957, 250.96061768894162, 719.403957563643, 58.676469130888854, 429.2168545091587, 12.082248616033134, 3.938710308536779, 33.54800405766946, 704.9290762583246, 12.334856047340836, 380.33246289974113, 126.58827225074326, 431.9644883315292, 317.41494495879533, 77.60009875177158, 11.690509670539054, 410.5118945033421, 8.945263678336751, 51.64318485829327, 45.827436819186914, 25.48713314982684, 178.49029705173444, 101.70659668799328, 12.896773609113165, 63.960536658428545, 31.52505770898224, 52.08397918326956, 16.696739144214146, 28.32983429130303, 602.4456901519014, 449.2133295752289, 52.71573515784826, 88.7062012815434, 94.86002434516368]]"
18,"[[(11, 13), (21, 13), (21, 43), (25, 31), (36, 32), (18, 36), (29, 22), (29, 45), (29, 49), (31, 1), (31, 15), (31, 28), (31, 48), (41, 3), (24, 17), (24, 41), (27, 16), (33, 24), (33, 38), (42, 14), (43, 39), (3, 1), (12, 3), (12, 20), (12, 30), (16, 9), (28, 26), (35, 25), (45, 7), (4, 7), (4, 30), (10, 28), (30, 40), (30, 44), (46, 3), (46, 47), (5, 47), (14, 29), (14, 32), (14, 40), (44, 26), (6, 9), (8, 27), (9, 10), (9, 34), (19, 13), (23, 13), (22, 5), (22, 7), (26, 2), (26, 24), (26, 29), (26, 36), (34, 35), (34, 38), (40, 2), (40, 4), (40, 23), (40, 26), (40, 47)]]","[[28.356640064222773, 9.147715787214878, 267.84849351856207, 15.018907453681145, 35.742088965132524, 382.167198412316, 76.11213592357021, 245.1366307195019, 529.5872726419532, 691.1819124908454, 22.190918740581004, 34.64752015200926, 284.75838008059856, 38.59727579737489, 14.128245315067934, 240.68689745990704, 31.019314892908984, 47.584945368834326, 14.033705930839055, 271.53234821489815, 22.166502191287336, 0.4077256056210379, 149.39866213553097, 50.58746570241656, 482.5585774772302, 30.452552694205803, 8.86938665003705, 232.09351873761594, 794.2848501506479, 12.659878190618393, 231.2193040339533, 13.917791054307646, 3.323973093663318, 212.65817179054594, 676.6285326254192, 12.411744413956256, 379.56384424394673, 179.07743149176233, 353.1195504774772, 375.94047450480696, 90.571933436198, 10.137106279467329, 417.6252353482248, 4.293972718256009, 61.38142499733616, 41.6787850261965, 23.244617763580756, 182.64903739486383, 202.65504319781638, 10.64353546947422, 48.472734779996486, 30.278816669328343, 29.54867654042255, 16.414342459517258, 26.537216212806037, 159.62489066580014, 601.4275438601875, 56.18285670057847, 54.472753569532124, 94.11141672807483]]"
19,"[[(11, 13), (21, 13), (21, 43), (25, 31), (36, 32), (18, 36), (29, 22), (29, 45), (29, 49), (31, 1), (31, 15), (31, 28), (31, 48), (41, 3), (24, 17), (24, 41), (27, 16), (33, 24), (33, 38), (42, 14), (43, 39), (3, 1), (12, 3), (12, 20), (12, 30), (16, 9), (28, 26), (35, 25), (45, 7), (4, 7), (4, 30), (10, 28), (30, 40), (30, 44), (46, 3), (46, 47), (5, 47), (14, 29), (14, 32), (14, 40), (44, 26), (6, 9), (8, 27), (9, 10), (9, 34), (19, 13), (23, 13), (22, 5), (22, 7), (26, 2), (26, 24), (26, 29), (26, 36), (34, 35), (34, 38), (40, 2), (40, 4), (40, 23), (40, 26), (40, 47)]]","[[33.45163925225624, 8.6911169383853, 271.09840323246976, 8.107969551080517, 46.873874382674344, 308.1285244552482, 26.783897683620072, 210.32774572253993, 358.50056457135383, 108.89996356960054, 11.90466257820286, 26.928550961825636, 258.3801702766525, 36.03815530197894, 13.748467854221444, 250.7017715921233, 8.299627683930318, 30.558534301555405, 14.530639189318634, 312.6085149233081, 17.0516064418834, 0.08611880592480903, 130.98506387207354, 44.65230148610527, 280.8036503506603, 94.80345020837066, 7.717155743446977, 44.98255341716293, 552.4672237253435, 67.98353934257176, 334.70994172545613, 34.23916216844836, 12.194326836090562, 163.92287471658972, 718.6677401566882, 18.23194431644903, 390.1152203300895, 198.03960026904596, 392.76968545108764, 282.3189326413571, 128.3077469619079, 9.765265028641782, 294.42702993203966, 11.901718245980234, 43.90517463217555, 41.69975044578728, 22.06506608212833, 176.17549187480262, 297.84822320394403, 9.753765732657168, 35.39030269875281, 30.60711117332519, 88.04703535724097, 13.919239328024753, 28.6650909390665, 537.9134692651095, 530.0658349263826, 136.4162033918443, 93.27825429983858, 96.87881574854578]]"
20,"[[(11, 13), (21, 13), (21, 43), (25, 31), (36, 32), (18, 36), (29, 22), (29, 45), (29, 49), (31, 1), (31, 15), (31, 28), (31, 48), (41, 3), (24, 17), (24, 41), (27, 16), (33, 24), (33, 38), (42, 14), (43, 39), (3, 1), (12, 3), (12, 20), (12, 30), (16, 9), (28, 26), (35, 25), (45, 7), (4, 7), (4, 30), (10, 28), (30, 40), (30, 44), (46, 3), (46, 47), (5, 47), (14, 29), (14, 32), (14, 40), (44, 26), (6, 9), (8, 27), (9, 10), (9, 34), (19, 13), (23, 13), (22, 5), (22, 7), (26, 2), (26, 24), (26, 29), (26, 36), (34, 35), (34, 38), (40, 2), (40, 4), (40, 23), (40, 26), (40, 47)]]","[[27.460896465166858, 1.4835940738233155, 269.949239143059, 16.32224878709933, 49.91254688544393, 267.88899689957873, 135.7383244053997, 193.4998082409448, 249.58350144934505, 334.8252144242126, 26.448082884642844, 26.832919323701574, 295.05611121144227, 36.66824170833005, 18.090586934253636, 107.37071614987559, 34.34205664285135, 9.378364686055889, 12.849837303769366, 165.8460476762799, 20.39828750257477, 1.604183942984518, 63.40915710363985, 39.27798248277932, 185.47611039733, 66.11529594916205, 2.826692610670939, 123.93386666852597, 467.60508719004764, 24.682174064098284, 407.13655477792037, 20.272727477885763, 4.654619020063997, 181.18517417954354, 681.2233847000798, 19.28909377094398, 378.89628514115054, 98.70707839480721, 328.20143488566265, 338.9737665927447, 94.75746223475778, 10.718162436315264, 437.5361656993626, 2.164008485054522, 81.49875829278437, 30.204399278064606, 24.14571450310156, 178.3159593161043, 217.23824443360303, 12.57284527148733, 19.651481412442298, 30.99741061304219, 63.71485166097348, 14.185002671925151, 18.927433143491218, 601.7715049284166, 567.626711934522, 92.91848529325591, 69.54702429423196, 95.9887405181771]]"
21,"[[(11, 13), (21, 13), (21, 43), (25, 31), (36, 32), (18, 36), (29, 22), (29, 45), (29, 49), (31, 1), (31, 15), (31, 28), (31, 48), (41, 3), (24, 17), (24, 41), (27, 16), (33, 24), (33, 38), (42, 14), (43, 39), (3, 1), (12, 3), (12, 20), (12, 30), (16, 9), (28, 26), (35, 25), (45, 7), (4, 7), (4, 30), (10, 28), (30, 40), (30, 44), (46, 3), (46, 47), (5, 47), (14, 29), (14, 32), (14, 40), (44, 26), (6, 9), (8, 27), (9, 10), (9, 34), (19, 13), (23, 13), (22, 5), (22, 7), (26, 2), (26, 24), (26, 29), (26, 36), (34, 35), (34, 38), (40, 2), (40, 4), (40, 23), (40, 26), (40, 47)]]","[[21.347914039851037, 10.247033438979368, 269.6397718324149, 13.603246864190481, 39.326246789486525, 343.4364378794073, 195.9881903399678, 210.86753978111523, 289.1718620750142, 277.9793443604152, 16.371705033886585, 26.17766053873045, 250.23261270900457, 40.82580530587043, 24.643969214530056, 237.51334080089555, 25.461121742041154, 53.69399068716851, 12.268450966612104, 313.034103216582, 61.181631166566575, 1.6108486244610096, 120.47346742234836, 63.2734519270167, 425.6284017850848, 91.70893939400683, 8.898183365610315, 100.83529980104308, 685.4663983026654, 5.270821400754497, 268.27684151945624, 20.86603950314582, 6.81713666965458, 27.129826312608735, 680.6896331875539, 13.485070952059218, 377.4844334047585, 84.00194699667853, 396.51348235647595, 282.3544543182826, 98.37241938514899, 8.049484145040939, 467.1588855661239, 5.041361630778359, 83.66871983128428, 34.95460520420241, 24.84082712674274, 179.40622309784027, 91.75267144663593, 11.849970339241716, 27.532347797774385, 30.643592139162813, 41.27214589336634, 13.025111854741967, 30.75063743077937, 9.403457943256019, 504.11480563081847, 57.39349997267053, 139.00411758078883, 93.42812704730105]]"
22,"[[(11, 13), (21, 13), (21, 43), (25, 31), (36, 32), (18, 36), (29, 22), (29, 45), (29, 49), (31, 1), (31, 15), (31, 28), (31, 48), (41, 3), (24, 17), (24, 41), (27, 16), (33, 24), (33, 38), (42, 14), (43, 39), (3, 1), (12, 3), (12, 20), (12, 30), (16, 9), (28, 26), (35, 25), (45, 7), (4, 7), (4, 30), (10, 28), (30, 40), (30, 44), (46, 3), (46, 47), (5, 47), (14, 29), (14, 32), (14, 40), (44, 26), (6, 9), (8, 27), (9, 10), (9, 34), (19, 13), (23, 13), (22, 5), (22, 7), (26, 2), (26, 24), (26, 29), (26, 36), (34, 35), (34, 38), (40, 2), (40, 4), (40, 23), (40, 26), (40, 47)]]","[[21.638343584169284, 3.7662127052235643, 272.1688091578117, 15.267486857335731, 44.1921065850935, 317.14162855638165, 124.1963000124498, 245.21532444370766, 93.75817504779071, 469.13886420172486, 15.740544362997621, 34.587832380775865, 270.509209482257, 40.03380917325569, 19.64725077628232, 207.10797262411506, 8.18456640458448, 12.491974722527974, 8.781008161850716, 305.3318850001335, 33.367805360633, 0.8039407148258075, 92.60183639164408, 32.35814614052177, 258.6442864763582, 38.79580522891005, 5.829504902519091, 180.58516218162575, 807.559199594273, 71.1041914991391, 179.44761284680783, 51.18889127167634, 4.577372918234426, 111.52561539870632, 768.7607890359359, 17.30715958500949, 385.358302047384, 93.46708579645002, 423.75918540212047, 350.30221093799844, 104.20030329851261, 8.2641696988095, 262.35914683921925, 10.279389562721873, 43.2229775541726, 42.43296260381075, 24.404767080673587, 182.09332561935702, 185.20634914173053, 12.915473805324241, 48.832222016762174, 31.555356543247285, 79.34746123230516, 14.579799720290051, 17.80425362916212, 724.6227530606458, 577.5972400432898, 85.56010630154795, 147.8273301569659, 96.71763677022763]]"
23,"[[(11, 13), (21, 13), (21, 43), (25, 31), (36, 32), (18, 36), (29, 22), (29, 45), (29, 49), (31, 1), (31, 15), (31, 28), (31, 48), (41, 3), (24, 17), (24, 41), (27, 16), (33, 24), (33, 38), (42, 14), (43, 39), (3, 1), (12, 3), (12, 20), (12, 30), (16, 9), (28, 26), (35, 25), (45, 7), (4, 7), (4, 30), (10, 28), (30, 40), (30, 44), (46, 3), (46, 47), (5, 47), (14, 29), (14, 32), (14, 40), (44, 26), (6, 9), (8, 27), (9, 10), (9, 34), (19, 13), (23, 13), (22, 5), (22, 7), (26, 2), (26, 24), (26, 29), (26, 36), (34, 35), (34, 38), (40, 2), (40, 4), (40, 23), (40, 26), (40, 47)]]","[[26.376569104849985, 5.154559640330094, 273.1979562992267, 7.447884890851295, 33.25028349677539, 351.88401071987346, 61.02274264664878, 219.30094265586135, 177.34923479257247, 124.87778220390283, 22.901977414842825, 25.519453163468697, 259.65683555496855, 38.50507013247122, 21.637047776191018, 232.35853685151724, 25.058905419486337, 18.50747139459804, 8.399281809073756, 241.5984310603552, 43.75898573417156, 0.38683985327944903, 100.24044226761193, 61.01261911526032, 362.8173270791962, 10.428476641959836, 5.376550874134581, 121.43859259075977, 757.2566584434626, 31.89800666216034, 211.3157057011861, 39.58608995074666, 12.792080641831745, 158.94235863562284, 657.2810295345702, 8.883766660141733, 377.5852326933342, 52.420352362720436, 353.4456536786788, 387.1908843454716, 96.78004479949045, 8.72967361845669, 385.58614365016297, 8.206534371065688, 68.72523106137761, 30.166993890630167, 25.551090044886916, 181.41455000969384, 129.43058170795499, 10.988666093076358, 38.71567132306055, 30.63326732027786, 89.09644648852718, 14.965485799912978, 20.673037315579393, 668.287465133767, 484.5986993997508, 68.22086597934275, 103.10796590428927, 95.19758970707538]]"
24,"[[(11, 13), (21, 13), (21, 43), (25, 31), (36, 32), (18, 36), (29, 22), (29, 45), (29, 49), (31, 1), (31, 15), (31, 28), (31, 48), (41, 3), (24, 17), (24, 41), (27, 16), (33, 24), (33, 38), (42, 14), (43, 39), (3, 1), (12, 3), (12, 20), (12, 30), (16, 9), (28, 26), (35, 25), (45, 7), (4, 7), (4, 30), (10, 28), (30, 40), (30, 44), (46, 3), (46, 47), (5, 47), (14, 29), (14, 32), (14, 40), (44, 26), (6, 9), (8, 27), (9, 10), (9, 34), (19, 13), (23, 13), (22, 5), (22, 7), (26, 2), (26, 24), (26, 29), (26, 36), (34, 35), (34, 38), (40, 2), (40, 4), (40, 23), (40, 26), (40, 47)]]","[[25.079738704734805, 8.031227960731808, 275.0906634016871, 7.461491873191555, 45.30155391974598, 388.83607427800075, 120.83623027543992, 184.70941283767402, 142.99544479522564, 184.75823980361855, 16.865649670953935, 32.35996641898541, 309.9842176867154, 34.77386202094915, 20.813278347467172, 218.3061143406482, 34.809671485344325, 47.77776717666141, 9.366692280523127, 247.3964871763756, 35.20483299649524, 0.5404328571320622, 42.91314259876951, 69.51021627561781, 273.0519727297022, 30.852897385302025, 7.857006802523764, 32.80468573220179, 799.0564290808309, 8.385241139257548, 222.69291380888382, 37.6806971228401, 2.6578472833012565, 43.86032808849981, 743.7095539724083, 11.571314049492518, 393.7558074448337, 84.27053968019636, 422.86197660832454, 257.3067293397263, 103.245806857714, 9.378959448035104, 362.73912606401944, 3.7652657955832862, 44.00330144529612, 42.735658023444586, 24.639674475371056, 176.83426544463407, 219.14242385474506, 7.710606031622508, 52.827760410417866, 31.390463406294444, 93.21062101887003, 15.895720704809907, 30.11472042969012, 79.06780886406004, 531.1168778566013, 136.27286188102687, 128.5267900333753, 96.84458965705305]]"
25,"[[(11, 13), (21, 13), (21, 43), (25, 31), (36, 32), (18, 36), (29, 22), (29, 45), (29, 49), (31, 1), (31, 15), (31, 28), (31, 48), (41, 3), (24, 17), (24, 41), (27, 16), (33, 24), (33, 38), (42, 14), (43, 39), (3, 1), (12, 3), (12, 20), (12, 30), (16, 9), (28, 26), (35, 25), (45, 7), (4, 7), (4, 30), (10, 28), (30, 40), (30, 44), (46, 3), (46, 47), (5, 47), (14, 29), (14, 32), (14, 40), (44, 26), (6, 9), (8, 27), (9, 10), (9, 34), (19, 13), (23, 13), (22, 5), (22, 7), (26, 2), (26, 24), (26, 29), (26, 36), (34, 35), (34, 38), (40, 2), (40, 4), (40, 23), (40, 26), (40, 47)]]","[[30.730681187056238, 4.318622739594275, 270.6283149324778, 14.405356927995552, 52.95503474161914, 267.4642648522169, 209.1039700233375, 230.6467112657201, 55.36334394431356, 338.41429018606294, 20.47874203230174, 5.274645720639226, 286.50551787249196, 33.20285088177606, 24.05017291466046, 105.27751835893545, 21.70191977411193, 9.995272948260716, 16.85599277283228, 160.2907305919145, 17.019842243203314, 1.8993585004239348, 146.15811560823443, 68.86701757524108, 360.66777423200267, 58.70242341689471, 6.554447403322153, 107.89491645149371, 802.9349345623123, 61.70240768959356, 85.16766362942273, 23.66331806600795, 7.048550261907204, 161.96281484131038, 722.0622850499219, 5.945702249456307, 382.6532220585693, 92.28632937189948, 236.57094934664116, 289.1132501252731, 117.60545412765569, 8.757452148084024, 308.71673464291837, 2.868479360786092, 43.453637905753595, 43.98000710228257, 23.307952437705413, 181.23959166438937, 273.04656902482657, 10.185901456084697, 15.876897344007704, 31.510289598371266, 42.9773232763731, 16.098270040908655, 20.438834332795178, 55.19285298863657, 472.946753855569, 122.14421315749064, 90.30363478139542, 95.49396999305961]]"
26,"[[(11, 13), (21, 13), (21, 43), (25, 31), (36, 32), (18, 36), (29, 22), (29, 45), (29, 49), (31, 1), (31, 15), (31, 28), (31, 48), (41, 3), (24, 17), (24, 41), (27, 16), (33, 24), (33, 38), (42, 14), (43, 39), (3, 1), (12, 3), (12, 20), (12, 30), (16, 9), (28, 26), (35, 25), (45, 7), (4, 7), (4, 30), (10, 28), (30, 40), (30, 44), (46, 3), (46, 47), (5, 47), (14, 29), (14, 32), (14, 40), (44, 26), (6, 9), (8, 27), (9, 10), (9, 34), (19, 13), (23, 13), (22, 5), (22, 7), (26, 2), (26, 24), (26, 29), (26, 36), (34, 35), (34, 38), (40, 2), (40, 4), (40, 23), (40, 26), (40, 47)]]","[[26.91850958960175, 1.3372313162855267, 271.6104541284857, 10.281316451501956, 32.72014648948299, 400.0806107765329, 60.67548325922905, 235.32436437955482, 558.8028813430406, 422.8273504339155, 25.6192445479874, 24.09835512052756, 277.4646965683689, 28.04753294587809, 20.49509710158779, 281.1307279047001, 30.896473585391117, 25.448415693024153, 16.207801185283103, 324.1953435914448, 46.924785039838454, 0.41376053348111186, 79.90995725599964, 52.590330685851285, 421.3536436979066, 93.10167493491736, 6.5602396507126866, 146.67102360092878, 625.5081179824406, 70.52474910946752, 185.82015212537368, 46.94935452158831, 10.399267925947132, 220.47352351724874, 662.5667546581618, 4.101828325817583, 378.081463636954, 226.14374943439745, 227.93281921301045, 389.0982771634095, 116.91956063994851, 8.454002689448826, 299.6373631983476, 4.1845020058342755, 45.18442621730863, 29.28996753933984, 25.779424000809435, 181.32390070041473, 122.14001389004048, 8.483580794285043, 57.66645035794852, 30.54893538216861, 72.75497659256393, 15.906057276220425, 22.237750991617215, 598.2654239199578, 637.2492781583346, 42.32731073105364, 114.2531407974393, 93.6318002444827]]"
27,"[[(11, 13), (21, 13), (21, 43), (25, 31), (36, 32), (18, 36), (29, 22), (29, 45), (29, 49), (31, 1), (31, 15), (31, 28), (31, 48), (41, 3), (24, 17), (24, 41), (27, 16), (33, 24), (33, 38), (42, 14), (43, 39), (3, 1), (12, 3), (12, 20), (12, 30), (16, 9), (28, 26), (35, 25), (45, 7), (4, 7), (4, 30), (10, 28), (30, 40), (30, 44), (46, 3), (46, 47), (5, 47), (14, 29), (14, 32), (14, 40), (44, 26), (6, 9), (8, 27), (9, 10), (9, 34), (19, 13), (23, 13), (22, 5), (22, 7), (26, 2), (26, 24), (26, 29), (26, 36), (34, 35), (34, 38), (40, 2), (40, 4), (40, 23), (40, 26), (40, 47)]]","[[38.54548085290169, 2.5632887405686127, 271.8257679118078, 12.356385776019925, 50.78703972419166, 416.51471408747193, 56.00630334855611, 180.38810501889404, 129.01183217972675, 118.50033900640815, 16.25372322365469, 50.59813532882469, 270.01951077669344, 31.67622006711816, 19.76984250250107, 211.13170679438736, 8.404485738585006, 57.295763954593625, 11.136863056918317, 271.97072709357576, 43.375933824943644, 1.3899644872339054, 118.4625157381768, 52.12482587764513, 148.18777245038072, 91.93318386957006, 9.122398843151586, 287.7823040673687, 605.255337982737, 36.86314375192838, 392.54543682830507, 49.87665577917472, 6.048774379945435, 150.41467273307023, 663.7402787302661, 8.396519973140366, 379.6112351303147, 255.9305526554012, 437.7005051878225, 358.5096747565444, 113.34796343088883, 8.92740787397641, 423.22596736098535, 6.693476549318407, 69.09456828723208, 39.49991683950741, 23.402958057017695, 177.6290111089269, 284.68363176629066, 10.758919046842731, 25.949699338142555, 31.293817176276388, 67.97279110656959, 15.373249306607605, 39.884932162636886, 390.1705077806054, 638.0304436074698, 67.0350409525773, 45.11639303977686, 93.54119360150675]]"
28,"[[(11, 13), (21, 13), (21, 43), (25, 31), (36, 32), (18, 36), (29, 22), (29, 45), (29, 49), (31, 1), (31, 15), (31, 28), (31, 48), (41, 3), (24, 17), (24, 41), (27, 16), (33, 24), (33, 38), (42, 14), (43, 39), (3, 1), (12, 3), (12, 20), (12, 30), (16, 9), (28, 26), (35, 25), (45, 7), (4, 7), (4, 30), (10, 28), (30, 40), (30, 44), (46, 3), (46, 47), (5, 47), (14, 29), (14, 32), (14, 40), (44, 26), (6, 9), (8, 27), (9, 10), (9, 34), (19, 13), (23, 13), (22, 5), (22, 7), (26, 2), (26, 24), (26, 29), (26, 36), (34, 35), (34, 38), (40, 2), (40, 4), (40, 23), (40, 26), (40, 47)]]","[[32.5705016628216, 1.3462219393652202, 274.16818069010014, 8.874031686196886, 29.373198287071645, 372.5740038145438, 70.95914035024424, 179.8539839010477, 308.1602574703834, 471.15817255222777, 15.825746724282823, 27.811797853098923, 287.0273892753499, 29.198834138094764, 11.811221473888738, 157.52045380938938, 24.967857579635197, 21.119075999655955, 12.671857409263733, 151.12265407076305, 53.32058433049994, 1.2779991567852234, 83.48599738967016, 37.77521600433352, 209.709262431389, 71.44461234153965, 8.5840848034589, 322.8760984345197, 474.59675306635444, 37.484712660287414, 363.5152494759916, 47.4949719594317, 10.260598365006416, 178.648588262689, 737.6670888383264, 15.75186703270302, 387.16066009930165, 60.152474794119655, 206.8357235953959, 369.9122309149074, 133.51202392558332, 11.500208746227267, 381.6450423159837, 11.04535223620373, 67.47987856980629, 35.30570688151565, 22.309785009983905, 178.10573665880963, 235.08862807627378, 12.41488424055466, 15.842823036406811, 30.926919777434772, 55.32760120019335, 13.302611125662466, 20.7347360801513, 613.2272228446953, 621.5868362138592, 69.99959545367281, 132.17177831035318, 95.88359885867246]]"
29,"[[(11, 13), (21, 13), (21, 43), (25, 31), (36, 32), (18, 36), (29, 22), (29, 45), (29, 49), (31, 1), (31, 15), (31, 28), (31, 48), (41, 3), (24, 17), (24, 41), (27, 16), (33, 24), (33, 38), (42, 14), (43, 39), (3, 1), (12, 3), (12, 20), (12, 30), (16, 9), (28, 26), (35, 25), (45, 7), (4, 7), (4, 30), (10, 28), (30, 40), (30, 44), (46, 3), (46, 47), (5, 47), (14, 29), (14, 32), (14, 40), (44, 26), (6, 9), (8, 27), (9, 10), (9, 34), (19, 13), (23, 13), (22, 5), (22, 7), (26, 2), (26, 24), (26, 29), (26, 36), (34, 35), (34, 38), (40, 2), (40, 4), (40, 23), (40, 26), (40, 47)]]","[[39.88233310583857, 6.175117544964177, 270.7953517742786, 13.517717836472034, 47.41044121108748, 228.64379680497265, 60.51279350795196, 253.7938017832602, 563.8969759892473, 90.77253657061985, 17.740260489592387, 51.748169875999245, 262.6197918163449, 28.293593369375188, 22.979413954017357, 181.07799630558924, 30.28328483536303, 41.781997887589974, 9.98366880425099, 325.04910084099765, 37.91014638760893, 0.7294758918761064, 116.91574700630343, 50.10782461673409, 171.63143180289728, 29.409629088836457, 7.288167550953556, 52.85146762474666, 821.3264463545768, 26.990942151679192, 140.21329630562553, 35.1793943968048, 3.265110155160751, 185.07213953135425, 642.8821286637635, 8.431492222694512, 390.28284387074063, 227.8900038239492, 323.9503678392859, 385.0591323803693, 88.29010888697715, 8.282130929303237, 470.3844678630528, 11.554260065211318, 41.72898752884435, 39.180351886192724, 24.124198905815227, 182.59612223964257, 101.20529592012304, 11.906148325700876, 19.904227023598246, 30.158264577060944, 85.25435893127282, 13.268905910245245, 31.698264015337728, 732.1954019190576, 645.9368531883379, 113.86089071938002, 85.10554225562342, 94.81817598890945]]"
30,"[[(11, 13), (21, 13), (21, 43), (25, 31), (36, 32), (18, 36), (29, 22), (29, 45), (29, 49), (31, 1), (31, 15), (31, 28), (31, 48), (41, 3), (24, 17), (24, 41), (27, 16), (33, 24), (33, 38), (42, 14), (43, 39), (3, 1), (12, 3), (12, 20), (12, 30), (16, 9), (28, 26), (35, 25), (45, 7), (4, 7), (4, 30), (10, 28), (30, 40), (30, 44), (46, 3), (46, 47), (5, 47), (14, 29), (14, 32), (14, 40), (44, 26), (6, 9), (8, 27), (9, 10), (9, 34), (19, 13), (23, 13), (22, 5), (22, 7), (26, 2), (26, 24), (26, 29), (26, 36), (34, 35), (34, 38), (40, 2), (40, 4), (40, 23), (40, 26), (40, 47)]]","[[48.18629043952963, 12.423800226871156, 271.0438704231404, 16.17434146707471, 30.72362489130666, 370.6060503205092, 19.33451505234914, 234.0527099446926, 294.13976715090934, 274.74692115216953, 19.578072496859246, 27.076709887509303, 292.57097241119465, 34.50031313702131, 15.600269212089895, 248.54315682519234, 30.580667216523505, 30.581226398585006, 11.482408909598789, 187.29770021928837, 43.97206296899468, 1.5107146310410995, 58.6156289948868, 53.53946235782328, 432.56306268334066, 28.016464492271837, 4.9244822124321335, 239.3892989353057, 613.758990272363, 53.029905092376005, 301.41419098684446, 22.15836593872265, 11.693304201106335, 62.73021071498521, 749.1318751955836, 17.852434558097283, 385.65645572585447, 160.84636369592158, 386.8228236567792, 233.6130332033045, 131.17345959327312, 8.22551307423527, 340.81692451333936, 10.501816995835846, 64.6379352032339, 44.91934040670703, 23.28160251758324, 180.43362024256967, 231.93151633334023, 12.754737293254607, 34.24379150778333, 31.70311201365241, 55.17871435791271, 16.5926510058987, 31.22770846460731, 273.66293014892614, 462.5024998351297, 115.29245713321752, 64.27197336803114, 94.86612751758838]]"
31,"[[(11, 13), (21, 13), (21, 43), (25, 31), (36, 32), (18, 36), (29, 22), (29, 45), (29, 49), (31, 1), (31, 15), (31, 28), (31, 48), (41, 3), (24, 17), (24, 41), (27, 16), (33, 24), (33, 38), (42, 14), (43, 39), (3, 1), (12, 3), (12, 20), (12, 30), (16, 9), (28, 26), (35, 25), (45, 7), (4, 7), (4, 30), (10, 28), (30, 40), (30, 44), (46, 3), (46, 47), (5, 47), (14, 29), (14, 32), (14, 40), (44, 26), (6, 9), (8, 27), (9, 10), (9, 34), (19, 13), (23, 13), (22, 5), (22, 7), (26, 2), (26, 24), (26, 29), (26, 36), (34, 35), (34, 38), (40, 2), (40, 4), (40, 23), (40, 26), (40, 47)]]","[[39.297064804661076, 11.217337336399483, 267.69358036217443, 16.16237781742702, 54.121892422311085, 242.37050311735945, 145.606699352511, 182.17396490249698, 107.96319329711532, 278.07803763571326, 14.837214441850774, 36.117537559515696, 270.28001714102277, 40.820743179012545, 23.21060060512432, 185.0548965709782, 37.19711229795913, 43.55362304459565, 12.384277685425158, 244.2676469093502, 48.003911396661394, 1.0495519691921258, 75.39645316888785, 37.25371118966859, 406.8389881492172, 90.60844896446832, 5.210900721018192, 29.46093920988311, 577.7542961241677, 65.06792864603025, 325.7851919166501, 38.1394094023376, 10.23233944313862, 85.18172957265507, 693.4114634769977, 13.121289491513508, 375.92465948515337, 87.63701041356656, 308.638914401949, 254.23525929967136, 110.42276157350885, 9.97616680801545, 354.6948076771948, 5.368119395061608, 54.34075120419333, 38.404024383498495, 23.39233665823891, 180.93447788254565, 178.6294825977373, 10.14417427289326, 19.815985323248846, 30.976431044774408, 83.2049281287261, 16.660615926335158, 31.552660725498065, 723.7094940390331, 580.8057568953341, 86.73929640153514, 107.02253298863465, 95.73872625882345]]"
32,"[[(11, 13), (21, 13), (21, 43), (25, 31), (36, 32), (18, 36), (29, 22), (29, 45), (29, 49), (31, 1), (31, 15), (31, 28), (31, 48), (41, 3), (24, 17), (24, 41), (27, 16), (33, 24), (33, 38), (42, 14), (43, 39), (3, 1), (12, 3), (12, 20), (12, 30), (16, 9), (28, 26), (35, 25), (45, 7), (4, 7), (4, 30), (10, 28), (30, 40), (30, 44), (46, 3), (46, 47), (5, 47), (14, 29), (14, 32), (14, 40), (44, 26), (6, 9), (8, 27), (9, 10), (9, 34), (19, 13), (23, 13), (22, 5), (22, 7), (26, 2), (26, 24), (26, 29), (26, 36), (34, 35), (34, 38), (40, 2), (40, 4), (40, 23), (40, 26), (40, 47)]]","[[43.63455318718027, 5.21561379627005, 266.8468593620981, 17.13546175280268, 36.15360247357151, 378.13545025287954, 91.30623501516109, 212.5576708432966, 93.09680997185222, 103.10568834815301, 12.953500748337355, 9.157911179907071, 308.4380746753893, 39.98523097947296, 17.547720324406043, 249.62051231769917, 25.589540408746064, 52.178137023059335, 9.107801774830124, 195.26007058342242, 28.73853756817237, 1.6600056302564619, 38.9387851537221, 58.09747820353027, 324.0597687692009, 101.406904266607, 5.165478397784163, 96.74295126151571, 688.4988597870494, 55.99406890155189, 258.7895778317113, 13.401879869219648, 12.636521446852507, 214.32950473833276, 697.9904901973443, 13.518466292968332, 373.3129769849554, 69.29072762679155, 247.15545429286874, 363.696225491685, 82.03073124977399, 9.791383679871945, 461.6902567019332, 7.699765549648534, 82.18752268443295, 26.568307118013994, 24.070932076758776, 178.35058701318178, 180.51669908814438, 12.117528551385353, 52.915902427724845, 30.688937013595904, 61.312423726325264, 15.67115639181209, 33.382114902309375, 557.5761196308841, 608.0793802708498, 54.90430072416643, 126.30387997369463, 93.12628103927534]]"
33,"[[(11, 13), (21, 13), (21, 43), (25, 31), (36, 32), (18, 36), (29, 22), (29, 45), (29, 49), (31, 1), (31, 15), (31, 28), (31, 48), (41, 3), (24, 17), (24, 41), (27, 16), (33, 24), (33, 38), (42, 14), (43, 39), (3, 1), (12, 3), (12, 20), (12, 30), (16, 9), (28, 26), (35, 25), (45, 7), (4, 7), (4, 30), (10, 28), (30, 40), (30, 44), (46, 3), (46, 47), (5, 47), (14, 29), (14, 32), (14, 40), (44, 26), (6, 9), (8, 27), (9, 10), (9, 34), (19, 13), (23, 13), (22, 5), (22, 7), (26, 2), (26, 24), (26, 29), (26, 36), (34, 35), (34, 38), (40, 2), (40, 4), (40, 23), (40, 26), (40, 47)]]","[[48.73969409042074, 3.232658479639305, 268.7052378574165, 10.526694357415522, 39.421921650696234, 404.8973262962132, 113.59593146697964, 204.0242981594925, 55.61311484066821, 300.8629726357442, 16.257502548096664, 11.410492082611375, 256.6084251138298, 38.87410812777556, 20.344362087963308, 98.57679127615121, 11.610524981483572, 31.532753273760814, 15.378826441468712, 423.6452564287635, 45.23071809722664, 0.847883652739472, 82.64434457851127, 36.20840265478779, 241.39275826544076, 57.988750154617875, 5.103330686839996, 107.49357618010875, 476.97995830450117, 6.758093203880217, 99.62980256391262, 12.084306136698519, 4.2919543338682065, 209.92290237425584, 765.4782605463429, 14.161870526818673, 372.3478361398267, 204.8675939551988, 393.64660463892574, 305.33542024734965, 116.65923819992047, 8.573517543996566, 323.3064040708184, 2.7623597684387065, 52.42108997375895, 32.633873654241434, 22.75445490259682, 179.7034550514791, 64.76855276655112, 8.27954838895392, 31.579446724123663, 31.17578270622159, 86.622195257692, 13.025505399323487, 29.921870072273233, 582.3322487023528, 594.1895404366759, 133.8235654008045, 138.5822338725271, 95.16645776196685]]"
34,"[[(11, 13), (21, 13), (21, 43), (25, 31), (36, 32), (18, 36), (29, 22), (29, 45), (29, 49), (31, 1), (31, 15), (31, 28), (31, 48), (41, 3), (24, 17), (24, 41), (27, 16), (33, 24), (33, 38), (42, 14), (43, 39), (3, 1), (12, 3), (12, 20), (12, 30), (16, 9), (28, 26), (35, 25), (45, 7), (4, 7), (4, 30), (10, 28), (30, 40), (30, 44), (46, 3), (46, 47), (5, 47), (14, 29), (14, 32), (14, 40), (44, 26), (6, 9), (8, 27), (9, 10), (9, 34), (19, 13), (23, 13), (22, 5), (22, 7), (26, 2), (26, 24), (26, 29), (26, 36), (34, 35), (34, 38), (40, 2), (40, 4), (40, 23), (40, 26), (40, 47)]]","[[25.498415134459652, 13.09532806796846, 275.0596997323592, 13.587162205872321, 49.727795838473796, 308.94868750970124, 217.35392593752, 220.84469857432032, 306.27561453899506, 247.11124524351587, 25.43319383070276, 49.33437076574211, 293.9867562373431, 29.841212996248014, 14.707566313817242, 146.74495156093602, 17.53719455616151, 58.13294086290831, 10.307159586911112, 229.46602062216095, 45.87633575923341, 1.641159995462464, 51.72177278475766, 61.43521180480472, 376.92904736739945, 73.70074805899088, 7.461997424446614, 191.16436378516062, 564.0600131807889, 53.61149174838335, 299.7810070036958, 6.763693400888024, 5.858388791820734, 40.58769896672317, 680.6067503583722, 14.758513107339706, 396.8993754695272, 172.76832632261522, 387.4736725582775, 268.15489692608594, 122.97609565517816, 11.778536676502736, 320.1662005676782, 5.172416141483789, 56.76306881659977, 29.09776726192142, 25.631653169727105, 178.06461173512096, 237.24643843349943, 9.06963770047194, 47.7850349482448, 30.655716571033146, 99.74108604598607, 13.971773538605012, 20.99711072688916, 761.1711457122522, 534.3999237473525, 111.38846923329183, 149.92459059032507, 96.96931463839735]]"
35,"[[(11, 13), (21, 13), (21, 43), (25, 31), (36, 32), (18, 36), (29, 22), (29, 45), (29, 49), (31, 1), (31, 15), (31, 28), (31, 48), (41, 3), (24, 17), (24, 41), (27, 16), (33, 24), (33, 38), (42, 14), (43, 39), (3, 1), (12, 3), (12, 20), (12, 30), (16, 9), (28, 26), (35, 25), (45, 7), (4, 7), (4, 30), (10, 28), (30, 40), (30, 44), (46, 3), (46, 47), (5, 47), (14, 29), (14, 32), (14, 40), (44, 26), (6, 9), (8, 27), (9, 10), (9, 34), (19, 13), (23, 13), (22, 5), (22, 7), (26, 2), (26, 24), (26, 29), (26, 36), (34, 35), (34, 38), (40, 2), (40, 4), (40, 23), (40, 26), (40, 47)]]","[[21.866327349850966, 13.290678935183221, 275.6523649910205, 10.464467183181943, 41.9097608731165, 240.7188222918245, 159.6363976064747, 194.42843669305893, 304.4607696561069, 704.9180549281405, 14.157619859454766, 44.89119107806118, 255.77065853681387, 28.068438751130937, 13.402182159945674, 118.29302303667586, 22.37644248769534, 35.748953029744754, 13.262664675111381, 151.37370209537585, 16.157188674287696, 0.08779650330206201, 40.132095755629464, 54.80618088605842, 267.21407205395246, 16.965723247316014, 6.284783128947341, 70.21406339430865, 822.720010175041, 4.534591494123785, 198.75170306627348, 30.61575237099823, 13.866605789687442, 64.8631372142188, 743.4411042909338, 3.667779164125094, 373.57733378277976, 97.46999618883663, 427.7833096825362, 388.299932279176, 92.86071738389764, 10.432667910752123, 293.13092651223866, 9.770565783694252, 83.59685414861647, 32.185846039999056, 24.45659826639958, 176.5073040086295, 217.74705890704058, 11.402235032604636, 36.75954141282172, 30.201133277621384, 42.57678678889548, 16.066965105303716, 19.034104942236862, 65.02688648096557, 476.80631579619956, 119.96755128972936, 52.10966577217086, 94.11879401945708]]"
36,"[[(11, 13), (21, 13), (21, 43), (25, 31), (36, 32), (18, 36), (29, 22), (29, 45), (29, 49), (31, 1), (31, 15), (31, 28), (31, 48), (41, 3), (24, 17), (24, 41), (27, 16), (33, 24), (33, 38), (42, 14), (43, 39), (3, 1), (12, 3), (12, 20), (12, 30), (16, 9), (28, 26), (35, 25), (45, 7), (4, 7), (4, 30), (10, 28), (30, 40), (30, 44), (46, 3), (46, 47), (5, 47), (14, 29), (14, 32), (14, 40), (44, 26), (6, 9), (8, 27), (9, 10), (9, 34), (19, 13), (23, 13), (22, 5), (22, 7), (26, 2), (26, 24), (26, 29), (26, 36), (34, 35), (34, 38), (40, 2), (40, 4), (40, 23), (40, 26), (40, 47)]]","[[36.707525903769174, 6.598292698659911, 272.14029819430317, 9.34390136483384, 30.91530317369042, 320.2970209229458, 120.16460723929123, 248.28674077903668, 516.9443781366894, 684.3905534301924, 12.878765451668063, 13.539828753419883, 271.32226334205774, 35.86032956916009, 13.487862738263939, 169.97809134818337, 27.65719874068129, 55.09638132562795, 12.36473492411972, 187.9967593338003, 58.67349208968751, 0.4791817888827299, 131.94766303966307, 54.76856172848878, 209.55905425664372, 33.7600096342576, 9.964029418349831, 101.78659187700372, 496.1945497840386, 71.86279312274443, 178.00878106276735, 14.08586096419795, 12.692830214070318, 179.12560942532903, 729.5711158141072, 14.948109121717906, 391.3106245965121, 55.41949094021386, 254.4146429891907, 219.0225895506188, 120.98192159771233, 8.309970230425378, 459.22289417973604, 6.433979973160287, 49.23575813552966, 26.5600168711987, 23.686930247464968, 175.28736281020198, 79.76457620286367, 12.974376975867656, 57.824490293450225, 30.76158575242706, 32.972369400647636, 16.747153721714284, 32.236407880755145, 364.54584253915516, 393.71049372909755, 90.06410376643376, 145.2927014942789, 95.93705020458664]]"
37,"[[(11, 13), (21, 13), (21, 43), (25, 31), (36, 32), (18, 36), (29, 22), (29, 45), (29, 49), (31, 1), (31, 15), (31, 28), (31, 48), (41, 3), (24, 17), (24, 41), (27, 16), (33, 24), (33, 38), (42, 14), (43, 39), (3, 1), (12, 3), (12, 20), (12, 30), (16, 9), (28, 26), (35, 25), (45, 7), (4, 7), (4, 30), (10, 28), (30, 40), (30, 44), (46, 3), (46, 47), (5, 47), (14, 29), (14, 32), (14, 40), (44, 26), (6, 9), (8, 27), (9, 10), (9, 34), (19, 13), (23, 13), (22, 5), (22, 7), (26, 2), (26, 24), (26, 29), (26, 36), (34, 35), (34, 38), (40, 2), (40, 4), (40, 23), (40, 26), (40, 47)]]","[[34.901822514140065, 5.356451468893049, 271.4203009497614, 12.825020039907143, 39.75015289735063, 287.20058506480876, 38.37723689092454, 226.26647385489997, 297.50251026230137, 166.56280675979886, 16.794143312174864, 33.17532973310935, 249.49583253613426, 30.897334156600188, 12.936292511440408, 209.30425409691634, 12.961112756849165, 29.849448434389142, 17.886978934729925, 306.7135807271822, 20.45319653921355, 0.4517608634914916, 135.4292742099163, 69.46958149637074, 365.8755196790714, 99.72318751183809, 9.085446807371932, 205.099558249347, 595.2155408847931, 71.15394850459421, 161.038261053089, 43.867472789627, 9.11988590391202, 112.76285962760394, 714.9658272844093, 9.485997938093156, 374.66833629470386, 189.04360756626428, 342.9654566703245, 344.69517759026246, 120.02057392304829, 9.308380451416472, 382.5400520938411, 11.064914826826316, 82.26403535683357, 42.549783545338975, 25.855432831010738, 177.90900708353013, 98.6338198364773, 8.538776997391533, 26.63572418860359, 30.844221591111047, 79.17099388059893, 13.697835725248295, 18.05826867281697, 310.7244285718884, 582.0388234158648, 64.3378629552991, 65.32118275352035, 93.63978965881059]]"
38,"[[(11, 13), (21, 13), (21, 43), (25, 31), (36, 32), (18, 36), (29, 22), (29, 45), (29, 49), (31, 1), (31, 15), (31, 28), (31, 48), (41, 3), (24, 17), (24, 41), (27, 16), (33, 24), (33, 38), (42, 14), (43, 39), (3, 1), (12, 3), (12, 20), (12, 30), (16, 9), (28, 26), (35, 25), (45, 7), (4, 7), (4, 30), (10, 28), (30, 40), (30, 44), (46, 3), (46, 47), (5, 47), (14, 29), (14, 32), (14, 40), (44, 26), (6, 9), (8, 27), (9, 10), (9, 34), (19, 13), (23, 13), (22, 5), (22, 7), (26, 2), (26, 24), (26, 29), (26, 36), (34, 35), (34, 38), (40, 2), (40, 4), (40, 23), (40, 26), (40, 47)]]","[[20.789943471923756, 3.759101061621976, 275.28807952506344, 17.906226744609178, 49.25682209874047, 418.203386338343, 192.9487842066553, 227.33846953867595, 208.66058612660112, 435.6093225334612, 17.274076240173468, 45.73500499658684, 263.9452337678811, 31.84398966811922, 25.220290009811393, 291.50364440387614, 18.4643830755858, 36.38414067373195, 10.51423649907375, 286.38086855883995, 50.60295066430872, 0.29337079777375097, 137.70831057298756, 34.74677156497239, 399.56504294330864, 82.69810363369676, 3.646541529162567, 38.66563277243983, 742.1743769380773, 13.267824463873069, 288.4200516473985, 14.435219839510399, 11.674581794155362, 56.43289796758996, 703.1758440640727, 19.410743750266906, 388.7763885236166, 69.89373093563323, 232.27355156289437, 353.5418751358286, 93.56825057744562, 10.459718932749645, 386.56534254971615, 9.349865588467475, 78.61626868901742, 26.861076050098557, 23.092142313885063, 180.32397510675506, 186.3145526946692, 10.048139994660309, 62.041753831117546, 30.77892743039425, 43.710806855815285, 14.75015519744881, 19.44383023423674, 624.1418469099877, 550.4569777955944, 119.27364768878067, 96.86515666984067, 94.66717500343208]]"
39,"[[(11, 13), (21, 13), (21, 43), (25, 31), (36, 32), (18, 36), (29, 22), (29, 45), (29, 49), (31, 1), (31, 15), (31, 28), (31, 48), (41, 3), (24, 17), (24, 41), (27, 16), (33, 24), (33, 38), (42, 14), (43, 39), (3, 1), (12, 3), (12, 20), (12, 30), (16, 9), (28, 26), (35, 25), (45, 7), (4, 7), (4, 30), (10, 28), (30, 40), (30, 44), (46, 3), (46, 47), (5, 47), (14, 29), (14, 32), (14, 40), (44, 26), (6, 9), (8, 27), (9, 10), (9, 34), (19, 13), (23, 13), (22, 5), (22, 7), (26, 2), (26, 24), (26, 29), (26, 36), (34, 35), (34, 38), (40, 2), (40, 4), (40, 23), (40, 26), (40, 47)]]","[[41.61213216604139, 1.9101524983827716, 271.4491147022337, 18.66660704727075, 30.27320927646448, 417.6366117451027, 9.916259690005512, 203.88806879289248, 73.31486116675423, 258.4488269863742, 24.867455031103965, 20.546498823204956, 279.8243916840034, 39.496708405842675, 16.18285031884293, 130.53615636429242, 10.265583158555778, 33.73046398815805, 12.747614424485338, 308.1600489897593, 26.871095065550826, 1.4562613820340822, 127.21309688434637, 67.96779522702326, 221.50067972675825, 94.67086185327553, 4.506720657770568, 186.56494449667295, 760.8591860094925, 9.479865136426799, 200.13200521243567, 14.604742596362017, 3.138238099780966, 234.0916446025478, 709.6505820206727, 6.800617279868145, 392.85181065542366, 201.15808490888145, 417.64665647219385, 359.0814624595249, 92.22320817381899, 8.529871036305197, 350.69171784792644, 3.574805674583976, 78.09366210984174, 36.838203620485245, 24.622065606464297, 182.36855703868224, 211.10975610822769, 10.05859024440739, 38.33341276577308, 31.006550407328533, 29.994773831127276, 15.026444726375438, 40.47533248742233, 795.1051896073737, 462.00430769155673, 99.39572817410809, 62.18262960614054, 96.17391729140137]]"
40,"[[(11, 13), (21, 13), (21, 43), (25, 31), (36, 32), (18, 36), (29, 22), (29, 45), (29, 49), (31, 1), (31, 15), (31, 28), (31, 48), (41, 3), (24, 17), (24, 41), (27, 16), (33, 24), (33, 38), (42, 14), (43, 39), (3, 1), (12, 3), (12, 20), (12, 30), (16, 9), (28, 26), (35, 25), (45, 7), (4, 7), (4, 30), (10, 28), (30, 40), (30, 44), (46, 3), (46, 47), (5, 47), (14, 29), (14, 32), (14, 40), (44, 26), (6, 9), (8, 27), (9, 10), (9, 34), (19, 13), (23, 13), (22, 5), (22, 7), (26, 2), (26, 24), (26, 29), (26, 36), (34, 35), (34, 38), (40, 2), (40, 4), (40, 23), (40, 26), (40, 47)]]","[[37.87848412960301, 1.4128465250832924, 272.19778160406366, 18.40057850140523, 50.62730634200018, 421.13959792799153, 20.96640051223645, 225.8944021138747, 81.3576481657801, 677.6746432647906, 24.065287090936085, 22.539681213580778, 268.3620028322123, 27.009658859448642, 22.26398636083386, 166.90876564497927, 26.075004639095383, 18.525246038279395, 9.120697510155594, 183.51642822558756, 15.170582034369863, 1.8132057464618019, 83.81989873534084, 47.73173516592186, 478.84517797048034, 84.5607894065847, 5.97787982553894, 261.6996152395309, 782.424464308154, 84.5221348326794, 344.97390906420014, 11.57082484533049, 12.897541722375893, 232.0381069289644, 700.0555636790125, 18.160074920313654, 395.64179625048035, 96.94868317296712, 356.0164068995929, 360.9161218334333, 95.47566298987132, 9.57931878672141, 423.06669590897855, 11.42198517750889, 57.10198861601101, 37.662501116301314, 25.0699401463812, 179.80720970726017, 100.19130784693354, 7.814052861797981, 47.175054607876746, 30.027256728645934, 27.093224965321216, 15.155664757233893, 33.60179893296805, 726.3611861550115, 604.4763943556172, 98.85805620424851, 140.30609129695236, 94.99899618213712]]"
41,"[[(11, 13), (21, 13), (21, 43), (25, 31), (36, 32), (18, 36), (29, 22), (29, 45), (29, 49), (31, 1), (31, 15), (31, 28), (31, 48), (41, 3), (24, 17), (24, 41), (27, 16), (33, 24), (33, 38), (42, 14), (43, 39), (3, 1), (12, 3), (12, 20), (12, 30), (16, 9), (28, 26), (35, 25), (45, 7), (4, 7), (4, 30), (10, 28), (30, 40), (30, 44), (46, 3), (46, 47), (5, 47), (14, 29), (14, 32), (14, 40), (44, 26), (6, 9), (8, 27), (9, 10), (9, 34), (19, 13), (23, 13), (22, 5), (22, 7), (26, 2), (26, 24), (26, 29), (26, 36), (34, 35), (34, 38), (40, 2), (40, 4), (40, 23), (40, 26), (40, 47)]]","[[46.96686525447107, 16.43706144342888, 273.6458069840998, 9.019812647463606, 52.15856282983848, 333.6320273821713, 113.81348939821694, 221.19982476703376, 127.96116923901783, 378.7638011838309, 25.418425730812288, 41.01885304475759, 285.472469902621, 28.480621639228215, 22.070439491761093, 200.2379691151588, 20.42510552265144, 59.89342385279108, 9.489993930242514, 165.45994401155397, 32.28533160335438, 0.609023776812686, 45.15017312275265, 31.89449083538799, 290.11126060194056, 90.52078926677966, 6.062792817846903, 307.5237383673815, 781.3120728417086, 43.753603297156594, 203.9897113877477, 45.433754214862915, 2.582369504635289, 150.68048022628818, 657.3364798030634, 5.5298274586783895, 378.8162284947894, 130.64527694088662, 215.33603656540137, 240.83287046561458, 134.07110838689928, 11.210452893124396, 458.809543789426, 7.371944959884015, 83.29819319061681, 38.12218062895989, 25.192391454145234, 180.2754440695397, 107.93743235729791, 9.060304526005218, 52.52408640147363, 30.943656610669557, 31.022033494495922, 14.746819619996433, 29.922774373764792, 739.1721359048317, 511.9771975489248, 80.24264817204231, 80.53457920287326, 95.39643402974819]]"
42,"[[(11, 13), (21, 13), (21, 43), (25, 31), (36, 32), (18, 36), (29, 22), (29, 45), (29, 49), (31, 1), (31, 15), (31, 28), (31, 48), (41, 3), (24, 17), (24, 41), (27, 16), (33, 24), (33, 38), (42, 14), (43, 39), (3, 1), (12, 3), (12, 20), (12, 30), (16, 9), (28, 26), (35, 25), (45, 7), (4, 7), (4, 30), (10, 28), (30, 40), (30, 44), (46, 3), (46, 47), (5, 47), (14, 29), (14, 32), (14, 40), (44, 26), (6, 9), (8, 27), (9, 10), (9, 34), (19, 13), (23, 13), (22, 5), (22, 7), (26, 2), (26, 24), (26, 29), (26, 36), (34, 35), (34, 38), (40, 2), (40, 4), (40, 23), (40, 26), (40, 47)]]","[[27.03459060023716, 3.76125719649856, 274.52449314693445, 11.913778552302858, 35.40007528164776, 394.20405202095884, 170.22150317539234, 218.73579937126465, 75.98510617574583, 669.5665875141427, 17.38384834267462, 51.64334669345145, 306.39164354369854, 32.529258149237435, 27.943656216092293, 98.70559535232992, 34.374978228295454, 51.845637076659806, 9.861075623470398, 232.25794985765202, 46.22087709628685, 0.18041454466751694, 65.64131086196538, 63.33758258160861, 243.36209380145556, 101.55370614760392, 6.586442868388477, 221.50566971814018, 702.1130303446287, 62.527233431526334, 458.32343780449884, 6.444248863689515, 8.723757373244212, 129.48405378424195, 736.3339941126303, 13.842810242084685, 373.6478064070881, 66.24997877886081, 235.04716742731188, 376.66352289886106, 128.76274161044165, 10.636232416637318, 368.32800539764736, 2.2049166438158947, 83.23096525044585, 40.622549536818305, 22.281591723813527, 178.82085650641451, 67.30925820096422, 8.44938813963527, 27.897049484941476, 31.998717822623952, 77.94845622560251, 15.374081906757523, 40.79883355774287, 351.4010880293407, 652.5917644788781, 105.95418778487038, 120.74516615577218, 95.26266137811906]]"
43,"[[(11, 13), (21, 13), (21, 43), (25, 31), (36, 32), (18, 36), (29, 22), (29, 45), (29, 49), (31, 1), (31, 15), (31, 28), (31, 48), (41, 3), (24, 17), (24, 41), (27, 16), (33, 24), (33, 38), (42, 14), (43, 39), (3, 1), (12, 3), (12, 20), (12, 30), (16, 9), (28, 26), (35, 25), (45, 7), (4, 7), (4, 30), (10, 28), (30, 40), (30, 44), (46, 3), (46, 47), (5, 47), (14, 29), (14, 32), (14, 40), (44, 26), (6, 9), (8, 27), (9, 10), (9, 34), (19, 13), (23, 13), (22, 5), (22, 7), (26, 2), (26, 24), (26, 29), (26, 36), (34, 35), (34, 38), (40, 2), (40, 4), (40, 23), (40, 26), (40, 47)]]","[[27.633505584330315, 2.669409513004611, 269.8814847828529, 15.372058540118967, 50.28635265680337, 332.6952267924427, 136.6099275033318, 242.46646896547455, 119.35974857962688, 680.326670601827, 11.842343590805761, 21.342698398499323, 253.31199538297412, 41.10564040242405, 11.908547144429189, 205.30245234968626, 29.970400929027317, 23.86329558926021, 8.816175170564978, 317.58888971207034, 56.35494697122904, 1.377015832994469, 74.82126973041562, 58.806902625961335, 232.2190179931266, 81.91289206601564, 7.129891122902849, 52.49983104150463, 527.790971115426, 68.75783544682561, 90.53853489319752, 42.35277553068856, 4.130305629551342, 193.9577978150562, 665.422328526402, 17.803681365094228, 387.17879381730427, 206.79964065540565, 379.59580443776713, 227.7651088712726, 119.45594359704737, 8.95217277378553, 377.9441892536798, 2.8751256091445905, 66.60747756294751, 37.60213096050283, 22.424447950480225, 182.25371294477938, 104.90321842551839, 12.87555180174634, 35.679538669785615, 30.74620719391603, 20.995689150213412, 13.547874385816453, 27.140235012439838, 397.3183746150794, 401.5220228217308, 37.17568917128422, 48.69056099359547, 95.25843990634633]]"
44,"[[(11, 13), (21, 13), (21, 43), (25, 31), (36, 32), (18, 36), (29, 22), (29, 45), (29, 49), (31, 1), (31, 15), (31, 28), (31, 48), (41, 3), (24, 17), (24, 41), (27, 16), (33, 24), (33, 38), (42, 14), (43, 39), (3, 1), (12, 3), (12, 20), (12, 30), (16, 9), (28, 26), (35, 25), (45, 7), (4, 7), (4, 30), (10, 28), (30, 40), (30, 44), (46, 3), (46, 47), (5, 47), (14, 29), (14, 32), (14, 40), (44, 26), (6, 9), (8, 27), (9, 10), (9, 34), (19, 13), (23, 13), (22, 5), (22, 7), (26, 2), (26, 24), (26, 29), (26, 36), (34, 35), (34, 38), (40, 2), (40, 4), (40, 23), (40, 26), (40, 47)]]","[[31.85336990430471, 8.071519707937266, 271.7698981287139, 11.786166698433583, 36.86157176082228, 233.25298990875058, 93.03580684509484, 194.45785595870885, 428.98321572583734, 452.04170519712005, 15.057353059833288, 21.37987391162727, 316.23792903808203, 31.53017036194735, 14.382014704637008, 230.9378853615761, 21.734296205479456, 32.0410253352121, 14.382281762752323, 419.32730615614247, 23.30108199556157, 1.9291110239892602, 122.0724646641997, 50.05287440524911, 321.5605545571633, 57.41107773597325, 6.404512419754569, 159.67426515740823, 812.2858781796688, 29.8481600533748, 258.55476492674813, 42.32709192243881, 7.409578532975131, 212.8526820667663, 655.6651097271215, 2.006884599156445, 396.7144416512853, 86.95088349870403, 342.9580769935079, 335.0968246252885, 103.96951104829489, 11.757643707486709, 261.7681427174625, 8.274915873422886, 64.14154284494593, 33.60803045615648, 23.380141617004096, 179.69736143049255, 75.27129489570362, 12.419890582478754, 24.257398618234014, 30.462879814202488, 70.4066568417687, 16.06533943273036, 35.26790355887234, 209.54404741142895, 649.5733118943406, 123.6633004598362, 83.52460874465987, 96.08421924306101]]"
45,"[[(11, 13), (21, 13), (21, 43), (25, 31), (36, 32), (18, 36), (29, 22), (29, 45), (29, 49), (31, 1), (31, 15), (31, 28), (31, 48), (41, 3), (24, 17), (24, 41), (27, 16), (33, 24), (33, 38), (42, 14), (43, 39), (3, 1), (12, 3), (12, 20), (12, 30), (16, 9), (28, 26), (35, 25), (45, 7), (4, 7), (4, 30), (10, 28), (30, 40), (30, 44), (46, 3), (46, 47), (5, 47), (14, 29), (14, 32), (14, 40), (44, 26), (6, 9), (8, 27), (9, 10), (9, 34), (19, 13), (23, 13), (22, 5), (22, 7), (26, 2), (26, 24), (26, 29), (26, 36), (34, 35), (34, 38), (40, 2), (40, 4), (40, 23), (40, 26), (40, 47)]]","[[38.182416777935956, 5.244592016604761, 275.9994841142785, 14.528080244302858, 50.12212255181892, 421.4555094953522, 208.9108896851303, 222.20895690028686, 147.67198245162615, 569.406039862876, 12.343709007044966, 49.71817115325269, 300.22104637863555, 39.541105440659734, 11.580423673337798, 271.84252645121046, 37.75708612480486, 24.250651959850597, 16.037223259365092, 231.46344673487434, 49.825592813580016, 1.2182310794793827, 57.66383860205452, 61.300527625437155, 431.4373339160908, 14.750849780015706, 3.4641952505529794, 309.58413071580077, 654.9819721669771, 40.030757300189876, 337.2931373240846, 13.58526328863351, 8.148780393057493, 183.6225990787301, 641.4895600433096, 16.159101681707103, 393.8100240040913, 254.37079300583935, 304.27661259802295, 245.4293950121971, 109.15355371167928, 10.48430054431416, 418.9571221841089, 8.471909960539694, 62.04060241966552, 44.631048057810446, 24.987541343058357, 175.59869801104435, 74.69642521401651, 12.634719414275745, 52.364939130163776, 31.738630027700644, 39.28873116788073, 14.250265231115325, 25.607492285668005, 91.82021918466303, 637.7406827186035, 59.574451195247455, 123.45724002300247, 93.39591753375792]]"
46,"[[(11, 13), (21, 13), (21, 43), (25, 31), (36, 32), (18, 36), (29, 22), (29, 45), (29, 49), (31, 1), (31, 15), (31, 28), (31, 48), (41, 3), (24, 17), (24, 41), (27, 16), (33, 24), (33, 38), (42, 14), (43, 39), (3, 1), (12, 3), (12, 20), (12, 30), (16, 9), (28, 26), (35, 25), (45, 7), (4, 7), (4, 30), (10, 28), (30, 40), (30, 44), (46, 3), (46, 47), (5, 47), (14, 29), (14, 32), (14, 40), (44, 26), (6, 9), (8, 27), (9, 10), (9, 34), (19, 13), (23, 13), (22, 5), (22, 7), (26, 2), (26, 24), (26, 29), (26, 36), (34, 35), (34, 38), (40, 2), (40, 4), (40, 23), (40, 26), (40, 47)]]","[[27.451019892457847, 1.7000590304565453, 274.89673075631157, 7.623984628877151, 35.228245763484956, 276.74896394701926, 35.65490099361694, 198.8235815192057, 5.216069805959077, 649.2133182053788, 21.565799928576197, 27.639380520885936, 253.5927405382042, 28.588997069976013, 23.773302921955057, 208.09785880903274, 36.762901850601054, 36.64624813708326, 14.952571506952792, 409.9710632183086, 18.2389710749761, 0.5365500132038155, 26.665761958004637, 46.983300928068985, 160.93344282264408, 89.9396313904446, 3.6242634689037647, 231.48070263030112, 473.31262160138095, 33.069587630328655, 461.16568060342235, 38.12089406054246, 3.150077364139079, 73.38966457011512, 674.1619510994069, 5.431119071263389, 386.50946737568194, 86.50974573172843, 323.0140173718398, 243.2266517022069, 103.4917046736774, 9.374819054973452, 285.2600728156581, 5.300628753497207, 47.881684262316156, 28.620798122958398, 22.109905736149912, 177.26189190114746, 278.0073737161419, 9.836213320879079, 17.052587648457788, 31.47378759676493, 85.8907524088843, 15.894610829498173, 27.634581855236657, 720.0877940061858, 424.75440520450337, 72.03906555488936, 140.83727042589985, 96.05809098330673]]"
47,"[[(11, 13), (21, 13), (21, 43), (25, 31), (36, 32), (18, 36), (29, 22), (29, 45), (29, 49), (31, 1), (31, 15), (31, 28), (31, 48), (41, 3), (24, 17), (24, 41), (27, 16), (33, 24), (33, 38), (42, 14), (43, 39), (3, 1), (12, 3), (12, 20), (12, 30), (16, 9), (28, 26), (35, 25), (45, 7), (4, 7), (4, 30), (10, 28), (30, 40), (30, 44), (46, 3), (46, 47), (5, 47), (14, 29), (14, 32), (14, 40), (44, 26), (6, 9), (8, 27), (9, 10), (9, 34), (19, 13), (23, 13), (22, 5), (22, 7), (26, 2), (26, 24), (26, 29), (26, 36), (34, 35), (34, 38), (40, 2), (40, 4), (40, 23), (40, 26), (40, 47)]]","[[49.43415371387064, 14.324904808713143, 270.77910931245026, 14.618969080410515, 40.666444890845085, 333.26870593872917, 146.2778841431975, 186.0653616666369, 365.66719398922504, 516.6361678818614, 25.066499967505088, 32.736724510492735, 298.5627133118011, 28.86794304294112, 23.282538761551407, 145.6767596302825, 38.30706478694702, 54.987682783858965, 14.571247970442293, 206.38149214121353, 50.15410683381266, 0.3740016085676148, 37.251474484156304, 54.703098818409124, 255.3320259861551, 13.606283800224068, 6.970924304388838, 183.30985441176796, 455.1610123803549, 1.0496402365057353, 337.34954345804914, 40.2807165695714, 3.8484570899270367, 44.24936675962219, 660.7590095941503, 16.940376615231674, 384.89175580221485, 72.8008342573063, 310.9243115306479, 223.30949201753145, 82.73969718478062, 10.804872776463599, 330.60636351171195, 7.923075246781387, 55.15513266448926, 44.327838409023286, 25.135662490703776, 179.15763577140368, 274.8253502092782, 10.596903641709712, 56.00025532912667, 30.15379413302131, 32.481594721124836, 16.849903448584097, 28.601527670692946, 82.16121431543131, 458.50849355267064, 119.4285400264591, 65.52752401099212, 96.62237125871174]]"
48,"[[(11, 13), (21, 13), (21, 43), (25, 31), (36, 32), (18, 36), (29, 22), (29, 45), (29, 49), (31, 1), (31, 15), (31, 28), (31, 48), (41, 3), (24, 17), (24, 41), (27, 16), (33, 24), (33, 38), (42, 14), (43, 39), (3, 1), (12, 3), (12, 20), (12, 30), (16, 9), (28, 26), (35, 25), (45, 7), (4, 7), (4, 30), (10, 28), (30, 40), (30, 44), (46, 3), (46, 47), (5, 47), (14, 29), (14, 32), (14, 40), (44, 26), (6, 9), (8, 27), (9, 10), (9, 34), (19, 13), (23, 13), (22, 5), (22, 7), (26, 2), (26, 24), (26, 29), (26, 36), (34, 35), (34, 38), (40, 2), (40, 4), (40, 23), (40, 26), (40, 47)]]","[[37.14391020757937, 4.536359832034297, 272.5181758317284, 9.792209070737266, 32.99208719627633, 299.8174888989468, 32.140396040664065, 214.2002441506682, 153.23695501157962, 229.67061869981853, 25.49065305410746, 39.82942217319632, 293.97804814848905, 34.60108029674572, 25.92400463908197, 112.63227966580695, 15.628174657999594, 46.69332631639372, 14.147897330743763, 358.19651241784305, 33.24176756093604, 0.6880031416535619, 74.60168091011795, 61.34230552844956, 206.11681700650746, 63.618798670767575, 7.44821815395161, 280.35656310665155, 609.3833507050101, 38.670494229148204, 310.8022634066649, 43.20505249674898, 6.6403855597504435, 28.792757716149122, 763.7221437092056, 2.3013628798682966, 381.34050737244854, 248.52668421303488, 292.5094555128585, 384.2840926049858, 80.95518110296497, 8.685290181216484, 362.823924297013, 11.159482437285174, 62.985654581635664, 31.457077185582232, 23.60682500492152, 175.61021985012894, 257.278996941796, 8.686006399977096, 22.99748635290893, 30.94187021080454, 43.962141992465845, 13.086313215264267, 22.69342694802171, 254.1086284506452, 658.1919846357836, 54.434812840552425, 72.19639721532678, 95.90145960159113]]"
49,"[[(11, 13), (21, 13), (21, 43), (25, 31), (36, 32), (18, 36), (29, 22), (29, 45), (29, 49), (31, 1), (31, 15), (31, 28), (31, 48), (41, 3), (24, 17), (24, 41), (27, 16), (33, 24), (33, 38), (42, 14), (43, 39), (3, 1), (12, 3), (12, 20), (12, 30), (16, 9), (28, 26), (35, 25), (45, 7), (4, 7), (4, 30), (10, 28), (30, 40), (30, 44), (46, 3), (46, 47), (5, 47), (14, 29), (14, 32), (14, 40), (44, 26), (6, 9), (8, 27), (9, 10), (9, 34), (19, 13), (23, 13), (22, 5), (22, 7), (26, 2), (26, 24), (26, 29), (26, 36), (34, 35), (34, 38), (40, 2), (40, 4), (40, 23), (40, 26), (40, 47)]]","[[37.08971741508167, 3.934836851659039, 271.0678292835754, 9.622274138666477, 38.6379143608753, 403.8947280852084, 34.242645089212, 216.22452357768526, 96.42411788033134, 382.3554462016493, 23.092479663945085, 21.178290880851193, 317.25778627522476, 39.73124335368015, 13.769576976587846, 111.01919226601781, 26.665816499246205, 17.380753417626288, 17.730023749795564, 402.0349204235397, 16.37688962162302, 1.041909117057522, 139.37784201704233, 46.33746207341787, 226.65746850980688, 12.87630933455933, 5.047386019002203, 308.0340971792031, 663.0066682110588, 65.94206131743981, 220.46654233719752, 23.77031848002009, 4.026294001347342, 185.90420365678003, 711.2964790942043, 13.827219185288268, 388.42509533118334, 127.38819548334271, 389.72579695480135, 331.202012177754, 110.83309302835102, 9.89134308432172, 360.9867150720532, 8.766930884371266, 67.67643572915802, 42.0467832262962, 25.209268412940332, 182.88058112110943, 88.3986564047729, 7.428203350214927, 45.41984990395128, 31.64439950708638, 69.75040788408742, 13.978674676842587, 24.021924614872482, 454.5865250296874, 584.7065571817759, 124.44925684391515, 84.67623677782527, 95.80642891423494]]"
50,"[[(11, 13), (21, 13), (21, 43), (25, 31), (36, 32), (18, 36), (29, 22), (29, 45), (29, 49), (31, 1), (31, 15), (31, 28), (31, 48), (41, 3), (24, 17), (24, 41), (27, 16), (33, 24), (33, 38), (42, 14), (43, 39), (3, 1), (12, 3), (12, 20), (12, 30), (16, 9), (28, 26), (35, 25), (45, 7), (4, 7), (4, 30), (10, 28), (30, 40), (30, 44), (46, 3), (46, 47), (5, 47), (14, 29), (14, 32), (14, 40), (44, 26), (6, 9), (8, 27), (9, 10), (9, 34), (19, 13), (23, 13), (22, 5), (22, 7), (26, 2), (26, 24), (26, 29), (26, 36), (34, 35), (34, 38), (40, 2), (40, 4), (40, 23), (40, 26), (40, 47)]]","[[45.701323345470186, 12.373962868113473, 273.3686749011597, 17.416068913018215, 38.634858028868116, 420.9705229868706, 52.74022483241744, 212.73029560439198, 228.6514731513006, 275.64538283945535, 26.296835658293006, 31.984463936569053, 256.3291394388556, 42.76533063430398, 22.65935097284538, 163.83760885642687, 12.26881243663765, 35.461652070767265, 9.191362269604346, 327.22348215223803, 52.325133087405554, 1.7010864553248222, 96.86188787905476, 53.858049891781754, 460.9763674140443, 21.124637817477822, 9.081893515075063, 159.17530132787869, 794.9710970501296, 52.26533919798244, 372.5217458632723, 40.06622352593344, 9.43005177300287, 63.2077625246351, 675.1951268645286, 21.53234687670322, 394.6308044297946, 259.385318597601, 224.91693373671734, 242.20038319352403, 115.08710151199774, 9.053920469709391, 283.895720349038, 2.2413908036930588, 82.50488957386062, 27.39901908471113, 25.9707147164587, 182.34132552421613, 99.71979703532301, 7.713703162596863, 52.17794299633385, 30.127851202122457, 86.46984437374118, 14.14461877978075, 19.311401057528503, 605.7438708439585, 537.6652291632851, 80.22499289593068, 53.781397038327476, 94.6784724632681]]"
51,"[[(11, 13), (21, 13), (21, 43), (25, 31), (36, 32), (18, 36), (29, 22), (29, 45), (29, 49), (31, 1), (31, 15), (31, 28), (31, 48), (41, 3), (24, 17), (24, 41), (27, 16), (33, 24), (33, 38), (42, 14), (43, 39), (3, 1), (12, 3), (12, 20), (12, 30), (16, 9), (28, 26), (35, 25), (45, 7), (4, 7), (4, 30), (10, 28), (30, 40), (30, 44), (46, 3), (46, 47), (5, 47), (14, 29), (14, 32), (14, 40), (44, 26), (6, 9), (8, 27), (9, 10), (9, 34), (19, 13), (23, 13), (22, 5), (22, 7), (26, 2), (26, 24), (26, 29), (26, 36), (34, 35), (34, 38), (40, 2), (40, 4), (40, 23), (40, 26), (40, 47)]]","[[33.81271756480078, 6.867979714346259, 272.5905475579331, 18.237173590618603, 52.476125517636675, 319.9463028934039, 84.9239010376917, 255.91687547935396, 20.29892235869515, 293.5957795937868, 25.08968974481087, 45.116585503051695, 306.55309282861697, 32.5869411599956, 15.799003197446122, 231.28038213269022, 30.635384162650105, 32.19369384538918, 15.775062986932149, 373.70529442010786, 17.66465623236752, 1.9842795338960375, 95.11425094269119, 49.45503160341816, 196.41658811201322, 17.625120795069172, 5.423149006626602, 147.32724857564097, 823.4029904554548, 50.100817448607, 274.08955005204456, 23.029136502353342, 13.301247510576848, 47.49598734633943, 677.0150024486404, 15.378093251843877, 378.76067034806937, 241.98884794693504, 296.9562263089306, 370.9908326140775, 81.68966525211471, 11.47532119394581, 402.4003712686283, 6.187070867900799, 59.30909945254493, 36.279260151508225, 22.733349205799286, 180.12092835782826, 165.1886449366425, 11.159408589562414, 32.68313027258854, 30.626220251266023, 65.97272706753596, 16.602731248521273, 23.801665759552417, 472.93631743016766, 537.7117574448635, 82.51532365793696, 94.03528536897525, 95.25853840586215]]"
52,"[[(11, 13), (21, 13), (21, 43), (25, 31), (36, 32), (18, 36), (29, 22), (29, 45), (29, 49), (31, 1), (31, 15), (31, 28), (31, 48), (41, 3), (24, 17), (24, 41), (27, 16), (33, 24), (33, 38), (42, 14), (43, 39), (3, 1), (12, 3), (12, 20), (12, 30), (16, 9), (28, 26), (35, 25), (45, 7), (4, 7), (4, 30), (10, 28), (30, 40), (30, 44), (46, 3), (46, 47), (5, 47), (14, 29), (14, 32), (14, 40), (44, 26), (6, 9), (8, 27), (9, 10), (9, 34), (19, 13), (23, 13), (22, 5), (22, 7), (26, 2), (26, 24), (26, 29), (26, 36), (34, 35), (34, 38), (40, 2), (40, 4), (40, 23), (40, 26), (40, 47)]]","[[23.969384184816846, 11.905493784786097, 273.622435320634, 9.114259578287378, 48.90533296060777, 310.7225700994736, 94.68170707115814, 243.77072350994183, 25.493224549578155, 154.82739396703016, 16.904057852313255, 50.765501656540586, 250.1692966628172, 33.87914929076928, 16.54788042001683, 285.60144544892137, 28.353885509711787, 16.580211732583233, 8.76123197589046, 238.0584119342821, 59.64640237428516, 1.2080805265504189, 112.04764233740245, 41.35760048995241, 360.38053348444663, 36.444449162665634, 6.283261601439025, 216.68116522005099, 588.5786970151147, 83.80080657519215, 158.94897790672348, 17.291916468565567, 13.86454019595294, 99.24095056382136, 693.5113333142996, 15.071948205585384, 385.315925659287, 162.17253257984328, 391.14069570307953, 389.23256414520085, 95.74023551632628, 10.020664761958272, 336.7679556672964, 2.033460625551993, 65.57342616127197, 41.725849429656066, 22.939980676451437, 176.12006235185171, 122.74213348572951, 9.367992220282476, 15.231295210755642, 31.20202047615026, 70.20939847702803, 15.256120038452885, 39.27993496531259, 191.35029475027008, 534.3816315039912, 107.67220511019876, 144.8183282666467, 93.72654138675851]]"
53,"[[(11, 13), (21, 13), (21, 43), (25, 31), (36, 32), (18, 36), (29, 22), (29, 45), (29, 49), (31, 1), (31, 15), (31, 28), (31, 48), (41, 3), (24, 17), (24, 41), (27, 16), (33, 24), (33, 38), (42, 14), (43, 39), (3, 1), (12, 3), (12, 20), (12, 30), (16, 9), (28, 26), (35, 25), (45, 7), (4, 7), (4, 30), (10, 28), (30, 40), (30, 44), (46, 3), (46, 47), (5, 47), (14, 29), (14, 32), (14, 40), (44, 26), (6, 9), (8, 27), (9, 10), (9, 34), (19, 13), (23, 13), (22, 5), (22, 7), (26, 2), (26, 24), (26, 29), (26, 36), (34, 35), (34, 38), (40, 2), (40, 4), (40, 23), (40, 26), (40, 47)]]","[[35.56494821270801, 2.8089057263742383, 269.0023938639099, 16.33131929371082, 37.192740559933455, 379.78034265304893, 135.25786213049423, 229.03603153561235, 507.49625271432046, 214.83822872423696, 11.731237389202054, 14.209620073226057, 285.15827061940365, 41.73087594689734, 26.163170605029613, 269.86670049423105, 20.011540110955387, 7.9882422717929975, 15.405163981180738, 266.4960077891898, 38.27498379531095, 1.26060353315078, 143.14966752247844, 70.08898654964, 312.94366273284277, 74.00774808507738, 9.35664591145979, 253.61996611110484, 451.2910811030905, 78.78908373839616, 88.90329529815885, 35.26067699491516, 13.289389871703623, 25.94313809500455, 723.7189331308583, 9.442294651425446, 380.4098001636834, 52.21939821922666, 337.40001416125835, 346.45172128793956, 130.11303898992378, 9.084024766710218, 350.75032613574933, 4.896145815818263, 61.31927924916302, 39.478611873870854, 24.32930825331236, 178.41325723841055, 288.13070526702666, 11.177314629733935, 19.65167004339402, 30.11786928551058, 63.9954259669751, 13.472365155116705, 21.506162767380946, 112.56105638183931, 529.7243830931787, 44.42848365240752, 138.21730688366065, 94.50627521720752]]"
54,"[[(11, 13), (21, 13), (21, 43), (25, 31), (36, 32), (18, 36), (29, 22), (29, 45), (29, 49), (31, 1), (31, 15), (31, 28), (31, 48), (41, 3), (24, 17), (24, 41), (27, 16), (33, 24), (33, 38), (42, 14), (43, 39), (3, 1), (12, 3), (12, 20), (12, 30), (16, 9), (28, 26), (35, 25), (45, 7), (4, 7), (4, 30), (10, 28), (30, 40), (30, 44), (46, 3), (46, 47), (5, 47), (14, 29), (14, 32), (14, 40), (44, 26), (6, 9), (8, 27), (9, 10), (9, 34), (19, 13), (23, 13), (22, 5), (22, 7), (26, 2), (26, 24), (26, 29), (26, 36), (34, 35), (34, 38), (40, 2), (40, 4), (40, 23), (40, 26), (40, 47)]]","[[51.50308202483543, 7.574822270481544, 269.59206493538755, 15.662572085942667, 50.57850894753564, 270.580751004323, 105.84833900177965, 246.3952533277684, 128.28747945510156, 432.1335995296244, 11.870452004940162, 29.332331167799197, 249.48170317292437, 38.31238973824611, 17.678304854563372, 216.6530246786006, 22.11383640643446, 26.772131916825437, 12.52050720134471, 347.32950339203853, 46.701638832660954, 0.3307007997079132, 116.09736035111102, 64.64119522612677, 364.6350123325449, 95.66277359197464, 3.6663114142944675, 276.30892501861285, 681.1520740162148, 43.300575464050276, 188.24178269623366, 20.121782342185494, 8.004232595533157, 189.18130903141392, 767.7229569166936, 13.167182930556542, 396.7172611013836, 126.78229430276716, 298.11257498470394, 357.11449627541515, 119.9425905813793, 8.871525513642336, 344.3768686674184, 7.424511344464326, 53.11941576091117, 32.88182698233794, 25.52739962936228, 178.01832016076256, 308.3529805656657, 8.072807272075389, 43.339086220376196, 31.336678773718337, 29.4513539140556, 16.32492273689982, 40.942588532221194, 713.3488279109561, 588.8442991101945, 42.81764237531879, 79.7642954528377, 96.86597482099116]]"
55,"[[(11, 13), (21, 13), (21, 43), (25, 31), (36, 32), (18, 36), (29, 22), (29, 45), (29, 49), (31, 1), (31, 15), (31, 28), (31, 48), (41, 3), (24, 17), (24, 41), (27, 16), (33, 24), (33, 38), (42, 14), (43, 39), (3, 1), (12, 3), (12, 20), (12, 30), (16, 9), (28, 26), (35, 25), (45, 7), (4, 7), (4, 30), (10, 28), (30, 40), (30, 44), (46, 3), (46, 47), (5, 47), (14, 29), (14, 32), (14, 40), (44, 26), (6, 9), (8, 27), (9, 10), (9, 34), (19, 13), (23, 13), (22, 5), (22, 7), (26, 2), (26, 24), (26, 29), (26, 36), (34, 35), (34, 38), (40, 2), (40, 4), (40, 23), (40, 26), (40, 47)]]","[[26.3203942054514, 6.572277903443611, 272.97818232556403, 12.1052633773663, 30.811195849960303, 261.1774962788022, 97.97396425448235, 185.893472380823, 127.22512923526679, 347.0854070560696, 20.971018964113828, 21.71488783604221, 283.7549188303239, 41.103858694634084, 20.61868220877642, 247.63988709287952, 29.220979065262842, 51.987155306278936, 12.888623273012946, 189.37448281378192, 19.680449456313532, 1.545601508955236, 56.72032718543525, 52.494215712712304, 323.73004158065044, 100.47412147296396, 9.447945296054908, 20.17586264372272, 626.7757170213763, 26.33539471861903, 302.1584827436867, 30.850595967312927, 13.138610021530193, 28.165829684356222, 730.0545681905405, 15.296795545027862, 374.9038579358609, 206.51156798069465, 411.3629400405858, 383.9002101249264, 102.70605066155778, 11.654353124837078, 274.91178908145156, 2.7984548694236215, 53.307822290635684, 33.51437313657304, 25.577721470953556, 182.20119531185335, 244.92612592647728, 12.822879899178862, 21.072575405516083, 30.79016083161794, 90.98277704371435, 14.080351323564168, 25.553457361150123, 101.26657181768901, 509.2782418312746, 88.31658805098402, 104.71596231928086, 96.07393446312292]]"
56,"[[(11, 13), (21, 13), (21, 43), (25, 31), (36, 32), (18, 36), (29, 22), (29, 45), (29, 49), (31, 1), (31, 15), (31, 28), (31, 48), (41, 3), (24, 17), (24, 41), (27, 16), (33, 24), (33, 38), (42, 14), (43, 39), (3, 1), (12, 3), (12, 20), (12, 30), (16, 9), (28, 26), (35, 25), (45, 7), (4, 7), (4, 30), (10, 28), (30, 40), (30, 44), (46, 3), (46, 47), (5, 47), (14, 29), (14, 32), (14, 40), (44, 26), (6, 9), (8, 27), (9, 10), (9, 34), (19, 13), (23, 13), (22, 5), (22, 7), (26, 2), (26, 24), (26, 29), (26, 36), (34, 35), (34, 38), (40, 2), (40, 4), (40, 23), (40, 26), (40, 47)]]","[[30.956882073010505, 14.377203622333774, 275.3850247069126, 12.31650547146443, 30.363741237733432, 365.7998825651896, 156.71676363905348, 239.66246905590128, 398.9288795281724, 605.6480920572604, 18.357449680231838, 34.719880194801135, 250.58792593638873, 41.602912241496085, 22.922154943464438, 188.19711869498005, 9.227915310770104, 22.901373084535106, 12.447140337938734, 194.94556660855085, 36.35703504745686, 1.0278317006554156, 24.970382964379848, 53.39875080087121, 279.571212381709, 31.3924916400888, 6.465775275962019, 147.36713878737655, 455.376392435774, 28.59027322556877, 107.91340274509166, 26.257635057505745, 8.722598331367973, 69.47956647614879, 741.5220995708532, 17.03923157422537, 390.486863942319, 132.6349497142456, 342.1570738720456, 259.70364438642304, 113.08371829422876, 10.0668212340817, 422.31465751289676, 11.594201102728707, 46.806271468062825, 42.94089879090072, 22.012076890506062, 179.03650707660495, 236.4014125125794, 8.713526449839753, 39.85730519574179, 31.957033034573264, 50.52561521796494, 16.831789116024495, 35.1583717664654, 135.75669142479475, 502.7379107993805, 105.40805384328434, 122.07090027258859, 94.74999424364069]]"
57,"[[(11, 13), (21, 13), (21, 43), (25, 31), (36, 32), (18, 36), (29, 22), (29, 45), (29, 49), (31, 1), (31, 15), (31, 28), (31, 48), (41, 3), (24, 17), (24, 41), (27, 16), (33, 24), (33, 38), (42, 14), (43, 39), (3, 1), (12, 3), (12, 20), (12, 30), (16, 9), (28, 26), (35, 25), (45, 7), (4, 7), (4, 30), (10, 28), (30, 40), (30, 44), (46, 3), (46, 47), (5, 47), (14, 29), (14, 32), (14, 40), (44, 26), (6, 9), (8, 27), (9, 10), (9, 34), (19, 13), (23, 13), (22, 5), (22, 7), (26, 2), (26, 24), (26, 29), (26, 36), (34, 35), (34, 38), (40, 2), (40, 4), (40, 23), (40, 26), (40, 47)]]","[[39.34602416965195, 13.290695102513656, 275.1388572686559, 8.91420232781657, 31.28793098382292, 410.6281644760778, 116.62574952966659, 244.06793003367568, 442.3909967241661, 312.9880100962546, 25.131891086624755, 45.54740886302007, 300.3680202997805, 40.43046002325184, 13.803529269210255, 277.67879402895494, 17.704768704899134, 22.621484083885733, 15.544368599514353, 349.47402708061713, 17.128714882983573, 1.73325224116678, 49.476674909868194, 67.26948254927723, 179.57623976311106, 99.80120549787472, 7.04672892727978, 45.74121298777996, 678.0313276833238, 63.614832407733026, 74.74163318384431, 7.688270998034084, 5.278042063494102, 114.6564150441535, 729.4212122376135, 11.543097329177765, 390.3678411962158, 153.31273512092162, 388.55882616052, 215.1112761179242, 102.6483237081504, 11.673488728958155, 285.79557226463754, 6.477206226224176, 65.63367274342167, 26.276251088597302, 24.176731818368633, 181.96978950744415, 142.63600647055551, 11.604748870672918, 45.67061262807864, 31.13030333856553, 51.930624163213835, 14.606493776445825, 34.95570619614752, 670.1324137718699, 457.2198503741621, 103.77086427859554, 66.49426152396325, 95.86381615065652]]"
58,"[[(11, 13), (21, 13), (21, 43), (25, 31), (36, 32), (18, 36), (29, 22), (29, 45), (29, 49), (31, 1), (31, 15), (31, 28), (31, 48), (41, 3), (24, 17), (24, 41), (27, 16), (33, 24), (33, 38), (42, 14), (43, 39), (3, 1), (12, 3), (12, 20), (12, 30), (16, 9), (28, 26), (35, 25), (45, 7), (4, 7), (4, 30), (10, 28), (30, 40), (30, 44), (46, 3), (46, 47), (5, 47), (14, 29), (14, 32), (14, 40), (44, 26), (6, 9), (8, 27), (9, 10), (9, 34), (19, 13), (23, 13), (22, 5), (22, 7), (26, 2), (26, 24), (26, 29), (26, 36), (34, 35), (34, 38), (40, 2), (40, 4), (40, 23), (40, 26), (40, 47)]]","[[51.66883315135614, 13.277554366615433, 267.8750810839925, 9.529565342312159, 53.57718000911948, 238.54269821392492, 39.29514001193397, 196.64108759968627, 330.09373229409186, 602.4992585066901, 19.913466133748994, 9.896130885543167, 269.32487581343025, 37.43538857217871, 11.79397423912183, 228.20110444124677, 37.75863701819034, 54.971073308731334, 10.081745330700898, 154.90033511726824, 54.91122739450552, 0.7127572494119694, 52.638024078654055, 42.4832848111789, 174.8752562104133, 92.63491517083979, 7.088174404258028, 275.03026340911805, 540.333718407186, 15.418259490769193, 126.02161495344589, 26.978465031622633, 9.014198653150848, 42.81309491266936, 754.8397074506945, 10.698420669188891, 395.7466769755718, 228.5510221238961, 321.75663767589003, 230.64597195487048, 117.40654698624549, 10.199674716647877, 463.1861852079626, 9.837735391508339, 43.17408314827157, 31.783571042792456, 25.93694832122194, 182.2525485766366, 150.93790639333935, 10.108303784431275, 57.355881301532634, 31.76128677618036, 72.58506907251208, 14.328091530470505, 25.812661403301835, 539.9445775881338, 561.5557476872423, 100.78236601015814, 48.413266330676414, 95.42845422366555]]"
59,"[[(11, 13), (21, 13), (21, 43), (25, 31), (36, 32), (18, 36), (29, 22), (29, 45), (29, 49), (31, 1), (31, 15), (31, 28), (31, 48), (41, 3), (24, 17), (24, 41), (27, 16), (33, 24), (33, 38), (42, 14), (43, 39), (3, 1), (12, 3), (12, 20), (12, 30), (16, 9), (28, 26), (35, 25), (45, 7), (4, 7), (4, 30), (10, 28), (30, 40), (30, 44), (46, 3), (46, 47), (5, 47), (14, 29), (14, 32), (14, 40), (44, 26), (6, 9), (8, 27), (9, 10), (9, 34), (19, 13), (23, 13), (22, 5), (22, 7), (26, 2), (26, 24), (26, 29), (26, 36), (34, 35), (34, 38), (40, 2), (40, 4), (40, 23), (40, 26), (40, 47)]]","[[37.47822327806472, 1.15015338231796, 268.15192861066953, 8.88276175725565, 40.18838484965565, 370.08717028989935, 75.69693041826271, 190.86755708476258, 370.5618970412528, 388.82720458114, 17.78834606287581, 10.669674691881086, 305.6270631566115, 34.207961413411546, 23.346824415072376, 204.75766927065337, 26.471905308210136, 24.04007378468017, 9.591433724682545, 419.9133496575571, 40.20070920715637, 1.1265879140052644, 47.45153545701756, 66.54826817010245, 435.23158621750304, 91.90878805689019, 6.708764662028581, 135.0612314759563, 675.8561706893553, 10.10539567903876, 327.31001160292567, 44.8942947620833, 11.961234145264399, 113.06292133200765, 648.4370299563824, 9.818546071700519, 380.9484698543894, 166.25869564111434, 328.0487625998672, 266.318614810037, 103.03765909756649, 8.461693435394606, 306.1768031673258, 5.180970433607455, 41.50533822003186, 26.986394586316752, 22.546006354495677, 177.28707705258518, 200.06716781609944, 10.442482950243035, 14.696424148971728, 30.49262941431593, 29.511359526595058, 13.688109272245894, 21.233790697084913, 430.349652813135, 587.9942661098618, 77.97168420420022, 95.23194144533457, 94.35683289555108]]"
60,"[[(11, 13), (21, 13), (21, 43), (25, 31), (36, 32), (18, 36), (29, 22), (29, 45), (29, 49), (31, 1), (31, 15), (31, 28), (31, 48), (41, 3), (24, 17), (24, 41), (27, 16), (33, 24), (33, 38), (42, 14), (43, 39), (3, 1), (12, 3), (12, 20), (12, 30), (16, 9), (28, 26), (35, 25), (45, 7), (4, 7), (4, 30), (10, 28), (30, 40), (30, 44), (46, 3), (46, 47), (5, 47), (14, 29), (14, 32), (14, 40), (44, 26), (6, 9), (8, 27), (9, 10), (9, 34), (19, 13), (23, 13), (22, 5), (22, 7), (26, 2), (26, 24), (26, 29), (26, 36), (34, 35), (34, 38), (40, 2), (40, 4), (40, 23), (40, 26), (40, 47)]]","[[40.370141948607944, 8.504534093772353, 269.4521667012505, 9.004106823620674, 36.40455153588115, 359.02423157415456, 137.34220937873434, 213.12212308310734, 407.9466129267969, 442.38417959055755, 21.783188327927782, 7.888474732623509, 259.26648459909643, 32.19937564622263, 20.78432350903264, 252.42673126292422, 14.441152725714076, 23.468981970681842, 11.391428315024196, 341.51952967356164, 44.633196088752406, 1.6624202460709474, 33.23837835435026, 47.59323121166439, 367.13993860127806, 33.841517679604536, 9.82738323796993, 82.76335403912977, 612.019838691134, 22.93975198518135, 154.32561967713076, 19.831658966887012, 12.212227040312687, 141.22053610436447, 706.4703180154639, 16.518659006087454, 378.90769612493034, 109.304817123574, 226.50128641586994, 360.3109408576599, 126.31803684615781, 9.36820586107116, 329.04843618757127, 11.166283833687766, 66.01315238120422, 42.574247263336225, 25.79866718918382, 182.9632917715387, 97.78972523897887, 10.265320880510476, 44.85689343033335, 31.7810494257059, 49.47190265990301, 15.528518972782734, 34.538609140191795, 727.6580069559014, 394.0303786335343, 108.00396138932376, 126.3029955164926, 94.42976242824847]]"
61,"[[(11, 13), (21, 13), (21, 43), (25, 31), (36, 32), (18, 36), (29, 22), (29, 45), (29, 49), (31, 1), (31, 15), (31, 28), (31, 48), (41, 3), (24, 17), (24, 41), (27, 16), (33, 24), (33, 38), (42, 14), (43, 39), (3, 1), (12, 3), (12, 20), (12, 30), (16, 9), (28, 26), (35, 25), (45, 7), (4, 7), (4, 30), (10, 28), (30, 40), (30, 44), (46, 3), (46, 47), (5, 47), (14, 29), (14, 32), (14, 40), (44, 26), (6, 9), (8, 27), (9, 10), (9, 34), (19, 13), (23, 13), (22, 5), (22, 7), (26, 2), (26, 24), (26, 29), (26, 36), (34, 35), (34, 38), (40, 2), (40, 4), (40, 23), (40, 26), (40, 47)]]","[[44.73129584892371, 3.056153887193039, 267.97611705872487, 9.325926273922887, 37.48877185905878, 330.9449078366148, 126.52756864654525, 215.74608507744844, 571.568938800112, 661.0508923536962, 24.10181274534779, 20.90002287078653, 272.607477865738, 41.32899643833272, 14.487519899015187, 124.23391934803739, 26.087498809644405, 10.795808172381237, 10.317609884936392, 255.01468479339016, 60.33664723421579, 1.051189563453329, 53.06270841023881, 39.5325890174349, 448.17782986438004, 13.231819268723504, 8.367887802885253, 200.70843010720947, 794.6605265651641, 15.961988721577931, 156.18586714333406, 20.979834035858758, 13.695942245417696, 236.50782847995632, 693.1557462742738, 13.924501749360179, 384.4367398521216, 241.42228034866662, 282.1739230873502, 217.37879573795095, 89.9501675930698, 10.499898473561034, 363.2430112214391, 11.837313128174651, 81.5759280139221, 29.697384651550085, 23.84734694290659, 177.46227426384405, 158.3830259526976, 9.531644232050834, 47.52136117995975, 31.358445979620996, 64.09554689852848, 16.305749803233347, 28.691472541048583, 615.4421908658601, 631.4321829258181, 41.979560367202055, 142.6734199448369, 93.63672179456195]]"
62,"[[(11, 13), (21, 13), (21, 43), (25, 31), (36, 32), (18, 36), (29, 22), (29, 45), (29, 49), (31, 1), (31, 15), (31, 28), (31, 48), (41, 3), (24, 17), (24, 41), (27, 16), (33, 24), (33, 38), (42, 14), (43, 39), (3, 1), (12, 3), (12, 20), (12, 30), (16, 9), (28, 26), (35, 25), (45, 7), (4, 7), (4, 30), (10, 28), (30, 40), (30, 44), (46, 3), (46, 47), (5, 47), (14, 29), (14, 32), (14, 40), (44, 26), (6, 9), (8, 27), (9, 10), (9, 34), (19, 13), (23, 13), (22, 5), (22, 7), (26, 2), (26, 24), (26, 29), (26, 36), (34, 35), (34, 38), (40, 2), (40, 4), (40, 23), (40, 26), (40, 47)]]","[[48.07446097739937, 16.61065813773826, 273.1575781461528, 16.666584882156283, 52.95932261638268, 379.5731028273783, 146.43227869829255, 204.09604330569834, 504.38552170470746, 116.9152381751603, 16.27206405910777, 17.59202249768566, 283.2766146824166, 37.06306763312219, 19.298737150198427, 104.06162247840787, 32.58270726084863, 18.597613861750553, 14.031099607522297, 295.28591005636827, 54.36709710476643, 0.08388819660530933, 108.57101124225157, 30.998275606597222, 335.01338719182957, 70.21469049792486, 5.638732065415593, 162.04923256357392, 774.2219893190613, 79.35334357348225, 81.19817842290944, 22.730135437650357, 12.805604779159736, 169.67021608060372, 755.4654388071192, 21.80727976264005, 377.68751354607497, 112.14668402252191, 223.31071568460376, 244.19497451818478, 87.18853276864827, 10.454286774399499, 299.73137799453696, 4.5243424344952885, 74.23583940382301, 36.74702283516916, 22.815704343555684, 178.16660848758576, 76.68140429041759, 11.091482873191836, 22.958770265329363, 31.763701479808066, 58.08705518726671, 15.321770808510085, 34.47093618006265, 27.21520884385759, 402.26544573359513, 71.72833352539516, 113.9635446294651, 95.02361836602125]]"
63,"[[(11, 13), (21, 13), (21, 43), (25, 31), (36, 32), (18, 36), (29, 22), (29, 45), (29, 49), (31, 1), (31, 15), (31, 28), (31, 48), (41, 3), (24, 17), (24, 41), (27, 16), (33, 24), (33, 38), (42, 14), (43, 39), (3, 1), (12, 3), (12, 20), (12, 30), (16, 9), (28, 26), (35, 25), (45, 7), (4, 7), (4, 30), (10, 28), (30, 40), (30, 44), (46, 3), (46, 47), (5, 47), (14, 29), (14, 32), (14, 40), (44, 26), (6, 9), (8, 27), (9, 10), (9, 34), (19, 13), (23, 13), (22, 5), (22, 7), (26, 2), (26, 24), (26, 29), (26, 36), (34, 35), (34, 38), (40, 2), (40, 4), (40, 23), (40, 26), (40, 47)]]","[[25.565716920481893, 14.528202577242, 272.75758627068154, 16.675989048832612, 43.239132227277345, 232.00926752306577, 103.77462575059006, 211.4121331680412, 166.75839118297066, 165.37708851926263, 20.132280322583558, 32.38725126491482, 270.33991848031025, 40.630053774000345, 18.624717203620058, 209.65079095844146, 33.71120016597344, 10.45198821907183, 10.812335183328495, 412.0928910434766, 32.64854831333303, 0.281854093641964, 38.24781969434869, 41.10456681226432, 470.1547688613815, 75.53598072738185, 3.6170885959178323, 16.6320020532586, 680.8705349712276, 33.462381857721255, 331.20674039601425, 49.228972400010974, 8.873262776439777, 136.2444839241552, 769.4915464386777, 20.866763601378057, 377.786435445839, 139.6783957207544, 224.50008208297368, 339.8182833175859, 97.7049492235388, 11.015786914787228, 374.3709783301014, 6.089482064519677, 59.05079995759912, 40.219716233849525, 24.04013194711739, 179.37951992198904, 302.7507960839447, 12.687016415724273, 54.808722710200215, 30.027422871353156, 55.75263490893952, 15.989261516746026, 32.36083484023253, 343.89999871596257, 477.1656838208041, 78.04753755757459, 72.96701663136619, 93.6498396866347]]"
64,"[[(11, 13), (21, 13), (21, 43), (25, 31), (36, 32), (18, 36), (29, 22), (29, 45), (29, 49), (31, 1), (31, 15), (31, 28), (31, 48), (41, 3), (24, 17), (24, 41), (27, 16), (33, 24), (33, 38), (42, 14), (43, 39), (3, 1), (12, 3), (12, 20), (12, 30), (16, 9), (28, 26), (35, 25), (45, 7), (4, 7), (4, 30), (10, 28), (30, 40), (30, 44), (46, 3), (46, 47), (5, 47), (14, 29), (14, 32), (14, 40), (44, 26), (6, 9), (8, 27), (9, 10), (9, 34), (19, 13), (23, 13), (22, 5), (22, 7), (26, 2), (26, 24), (26, 29), (26, 36), (34, 35), (34, 38), (40, 2), (40, 4), (40, 23), (40, 26), (40, 47)]]","[[26.481824618264415, 1.8756532753194843, 266.96793586857217, 15.523676881041183, 35.71722656342056, 293.8581127078103, 176.54520586734662, 232.97840004982248, 172.96915047726446, 298.23328816148137, 13.26516871102073, 28.696242537188443, 280.18541717971004, 30.76699250190657, 23.53942001960776, 178.95997898602872, 13.561454682069392, 55.55012855469162, 15.919178792097185, 290.6528532759255, 57.61398984259574, 0.6604278607294698, 114.89135873423524, 66.68603943110966, 473.80351450230063, 84.30232885276146, 7.156824557399865, 62.51799056573754, 782.7659759776848, 26.141011133057514, 441.76494963271074, 43.34340667925313, 10.735469892640264, 125.27187564678142, 705.8118296959822, 12.295121787076846, 382.89338623777525, 151.54230652714506, 426.4405091669496, 282.5160970038869, 101.22849059853894, 9.192793182276864, 343.13430928288597, 4.108124066845112, 46.794912904094815, 38.65458777710355, 22.903147057029955, 178.7668843746361, 259.8163000604678, 12.366219089093464, 26.86187978900699, 31.43266848601759, 106.86511787672555, 16.73489319417081, 32.74945830677147, 512.0185624495205, 435.0952347773387, 130.10346108741513, 62.658820711317325, 94.50926962157445]]"
65,"[[(11, 13), (21, 13), (21, 43), (25, 31), (36, 32), (18, 36), (29, 22), (29, 45), (29, 49), (31, 1), (31, 15), (31, 28), (31, 48), (41, 3), (24, 17), (24, 41), (27, 16), (33, 24), (33, 38), (42, 14), (43, 39), (3, 1), (12, 3), (12, 20), (12, 30), (16, 9), (28, 26), (35, 25), (45, 7), (4, 7), (4, 30), (10, 28), (30, 40), (30, 44), (46, 3), (46, 47), (5, 47), (14, 29), (14, 32), (14, 40), (44, 26), (6, 9), (8, 27), (9, 10), (9, 34), (19, 13), (23, 13), (22, 5), (22, 7), (26, 2), (26, 24), (26, 29), (26, 36), (34, 35), (34, 38), (40, 2), (40, 4), (40, 23), (40, 26), (40, 47)]]","[[48.43150079018963, 16.349879893686836, 269.88839722164505, 9.229471080444403, 42.61532509357565, 264.00789729741814, 37.838781815169014, 181.1609682689307, 157.8417110715997, 182.48729045702964, 15.16812822146567, 31.38520970968753, 314.1214185517193, 29.307878078608308, 22.628381525627105, 127.6542120026119, 17.869425019466355, 30.04952792412101, 14.227160948654923, 290.249305119081, 38.66463578947312, 0.5185761764814718, 31.02257364991957, 69.86838237353213, 343.07531182052384, 96.38104295473222, 9.806838726077288, 203.0198451183071, 553.946932102464, 4.704434657256915, 191.3387141794566, 6.560302282828146, 11.533989672105672, 209.46348870732547, 628.7577414004712, 3.136611451847571, 373.83234009779085, 143.73025614916006, 278.2480711556007, 276.6648510163044, 90.42216439078884, 9.433830680520625, 411.494790069013, 4.636891480808099, 48.33679434130964, 35.018200326073064, 23.595910327412067, 177.2841161275353, 201.9258919367017, 11.308453276352227, 43.57429796267071, 30.459720343691046, 54.8151666686314, 13.555141375570997, 28.513481053347906, 181.45614738055386, 578.749506592369, 124.79717785408243, 48.18252880170319, 96.68542848682581]]"
66,"[[(11, 13), (21, 13), (21, 43), (25, 31), (36, 32), (18, 36), (29, 22), (29, 45), (29, 49), (31, 1), (31, 15), (31, 28), (31, 48), (41, 3), (24, 17), (24, 41), (27, 16), (33, 24), (33, 38), (42, 14), (43, 39), (3, 1), (12, 3), (12, 20), (12, 30), (16, 9), (28, 26), (35, 25), (45, 7), (4, 7), (4, 30), (10, 28), (30, 40), (30, 44), (46, 3), (46, 47), (5, 47), (14, 29), (14, 32), (14, 40), (44, 26), (6, 9), (8, 27), (9, 10), (9, 34), (19, 13), (23, 13), (22, 5), (22, 7), (26, 2), (26, 24), (26, 29), (26, 36), (34, 35), (34, 38), (40, 2), (40, 4), (40, 23), (40, 26), (40, 47)]]","[[46.578071226554435, 14.35437475644795, 267.9474246979924, 16.037181214534144, 47.90811124277492, 265.55057548163296, 67.18487431284048, 186.54850752851144, 200.88707459158064, 243.6096623560027, 13.024295343811536, 7.18989522597443, 256.1919074564238, 29.201437627168986, 11.47536402914077, 205.83122612235027, 21.41232094645378, 26.144204309714286, 15.981427225718235, 190.5477379263628, 61.184893184459945, 1.7190390392891168, 130.2261130474089, 42.091070008811556, 302.6514025305977, 18.40465353303795, 9.294516228023877, 273.3998124453002, 508.20157311902665, 1.9766329290195224, 262.9688448409886, 50.69354171219878, 3.7610883959722665, 32.94523908957396, 638.096651352115, 13.900472931747203, 381.44325500697494, 201.28668944247391, 227.7274861413299, 364.87337935184644, 104.37392201388263, 11.559060768443562, 274.15624055226067, 10.015302774077872, 82.47407386565996, 44.4847633217588, 23.03921702369469, 178.92823826544983, 71.88731938009094, 10.669280647608268, 27.28713205657283, 30.928172298449503, 87.47118893773258, 16.55791427938426, 37.71036664245053, 342.4048806595553, 628.117453702603, 50.73762393952463, 111.94504870012761, 95.33782330759809]]"
67,"[[(11, 13), (21, 13), (21, 43), (25, 31), (36, 32), (18, 36), (29, 22), (29, 45), (29, 49), (31, 1), (31, 15), (31, 28), (31, 48), (41, 3), (24, 17), (24, 41), (27, 16), (33, 24), (33, 38), (42, 14), (43, 39), (3, 1), (12, 3), (12, 20), (12, 30), (16, 9), (28, 26), (35, 25), (45, 7), (4, 7), (4, 30), (10, 28), (30, 40), (30, 44), (46, 3), (46, 47), (5, 47), (14, 29), (14, 32), (14, 40), (44, 26), (6, 9), (8, 27), (9, 10), (9, 34), (19, 13), (23, 13), (22, 5), (22, 7), (26, 2), (26, 24), (26, 29), (26, 36), (34, 35), (34, 38), (40, 2), (40, 4), (40, 23), (40, 26), (40, 47)]]","[[39.36532424931717, 13.830256574432498, 274.82847160605166, 12.894356053484792, 48.274825993116295, 418.71526097592954, 113.26365046043381, 202.8886549608647, 552.4413039597689, 85.45619197354235, 19.15836595527044, 51.78273265339049, 296.14492987298803, 33.464920679828666, 22.161766906412332, 186.48791556293594, 37.83925559973218, 50.02394896776853, 9.95234234427695, 217.67146608737465, 44.45362289632006, 0.7577365145738901, 72.95362357614516, 30.642442320910643, 145.41301416894586, 50.23863323771085, 5.482387534712588, 163.2332381923406, 566.2758104000587, 9.438039975657244, 450.2636646044454, 15.770798892315122, 12.424635712375647, 90.03729986567411, 760.8511697577312, 9.207229394714334, 392.2485868763794, 145.66039427673223, 298.81275448879546, 293.2113144594954, 103.32986426058085, 10.968372224085094, 445.1956543784773, 10.221855311205898, 42.74476420764468, 28.666893908017727, 23.05251788607662, 178.3758098644221, 184.7261567796396, 11.775631410428243, 46.0533948027236, 30.469847014105355, 94.64724443709967, 13.55627886236435, 36.92429316488036, 404.22457785503656, 514.8747575270618, 81.26176829042645, 57.43823330935354, 94.12245214981357]]"
68,"[[(11, 13), (21, 13), (21, 43), (25, 31), (36, 32), (18, 36), (29, 22), (29, 45), (29, 49), (31, 1), (31, 15), (31, 28), (31, 48), (41, 3), (24, 17), (24, 41), (27, 16), (33, 24), (33, 38), (42, 14), (43, 39), (3, 1), (12, 3), (12, 20), (12, 30), (16, 9), (28, 26), (35, 25), (45, 7), (4, 7), (4, 30), (10, 28), (30, 40), (30, 44), (46, 3), (46, 47), (5, 47), (14, 29), (14, 32), (14, 40), (44, 26), (6, 9), (8, 27), (9, 10), (9, 34), (19, 13), (23, 13), (22, 5), (22, 7), (26, 2), (26, 24), (26, 29), (26, 36), (34, 35), (34, 38), (40, 2), (40, 4), (40, 23), (40, 26), (40, 47)]]","[[20.714739782491908, 1.5998724065416692, 268.89822245301417, 17.712474227293477, 42.473886795875096, 233.72580985551627, 18.280229622039812, 240.16940571471434, 324.5657684059017, 222.21796923109895, 13.782845177886921, 36.055698904054495, 276.55456185504687, 29.07195600977418, 23.065242204685028, 269.98633984728053, 23.766441011094646, 26.58133258090423, 15.39448805335217, 254.25053583031917, 34.40910352062736, 1.7324154482893166, 42.49309930837989, 52.03993563333265, 228.69427012378526, 73.9668728681342, 5.320005964881917, 63.85474774712909, 486.2040907940883, 36.86723349741985, 366.18187427412556, 15.483006056459983, 7.709165717163676, 48.16350457830916, 721.6700281867546, 3.9895379827129034, 392.52852693599965, 137.86869490686854, 215.19199654259464, 314.3516501005853, 91.09555089692276, 9.87098668291247, 424.098464888507, 8.545806905936342, 84.42972771577797, 40.0827587933498, 23.65480729833442, 176.4208063086789, 210.12145306222996, 11.560736364313943, 12.913351906225403, 30.54832023664014, 91.19623518659252, 16.805588436037528, 26.77179389013044, 436.22693452775417, 454.567478943924, 101.13331675347241, 76.60612186825722, 94.74481587893699]]"
69,"[[(11, 13), (21, 13), (21, 43), (25, 31), (36, 32), (18, 36), (29, 22), (29, 45), (29, 49), (31, 1), (31, 15), (31, 28), (31, 48), (41, 3), (24, 17), (24, 41), (27, 16), (33, 24), (33, 38), (42, 14), (43, 39), (3, 1), (12, 3), (12, 20), (12, 30), (16, 9), (28, 26), (35, 25), (45, 7), (4, 7), (4, 30), (10, 28), (30, 40), (30, 44), (46, 3), (46, 47), (5, 47), (14, 29), (14, 32), (14, 40), (44, 26), (6, 9), (8, 27), (9, 10), (9, 34), (19, 13), (23, 13), (22, 5), (22, 7), (26, 2), (26, 24), (26, 29), (26, 36), (34, 35), (34, 38), (40, 2), (40, 4), (40, 23), (40, 26), (40, 47)]]","[[39.2872498992479, 8.341444946406385, 273.658897042029, 8.66011924061607, 40.112911888030936, 375.4189939695949, 82.51709891642531, 219.05558913779447, 116.8191849058129, 462.256207361561, 16.691015220817548, 29.839079682564428, 262.16658769767133, 35.0929828173334, 25.527651019414797, 114.08617321216498, 34.650084691450715, 27.732395577118226, 16.676354382389555, 362.68456225856994, 59.72439877196764, 0.28401764879977764, 101.4537257850594, 53.94948332790509, 333.0041102798607, 79.97624666938131, 8.014612364331025, 104.23203641589986, 658.271713121251, 10.127471952761386, 74.87840443328325, 6.162891026214445, 11.611809871435897, 234.32683005960521, 628.4348540397286, 15.796370236451025, 393.9808196785649, 161.10375887136126, 280.5524648657746, 241.77740707237854, 77.05536734779533, 10.733781737264604, 390.92790638635313, 8.126826630786852, 76.44418268355783, 38.01606257680463, 22.055563919043806, 182.1685984355208, 304.5836971997827, 10.806709739438473, 48.19147280806488, 30.075896224361344, 57.81151211602727, 13.06463505044519, 38.55042918768932, 215.11871399086536, 550.8230008851485, 48.69402138440907, 49.87150774732635, 93.08191726528744]]"
70,"[[(11, 13), (21, 13), (21, 43), (25, 31), (36, 32), (18, 36), (29, 22), (29, 45), (29, 49), (31, 1), (31, 15), (31, 28), (31, 48), (41, 3), (24, 17), (24, 41), (27, 16), (33, 24), (33, 38), (42, 14), (43, 39), (3, 1), (12, 3), (12, 20), (12, 30), (16, 9), (28, 26), (35, 25), (45, 7), (4, 7), (4, 30), (10, 28), (30, 40), (30, 44), (46, 3), (46, 47), (5, 47), (14, 29), (14, 32), (14, 40), (44, 26), (6, 9), (8, 27), (9, 10), (9, 34), (19, 13), (23, 13), (22, 5), (22, 7), (26, 2), (26, 24), (26, 29), (26, 36), (34, 35), (34, 38), (40, 2), (40, 4), (40, 23), (40, 26), (40, 47)]]","[[29.617558487703555, 13.567074941420985, 275.14026731232025, 7.505967280481868, 30.231560821582388, 391.4613964944815, 166.4468803444745, 241.9383941557421, 426.47942991907746, 520.3434589826761, 13.041518106831221, 8.240203900090942, 255.13622179389515, 39.25458681890377, 11.253909271329698, 233.91628277797093, 32.536132794441414, 38.564214613141324, 17.753870822422726, 411.27200734724937, 61.65881263532907, 0.3882552691810044, 28.277474634904213, 70.94321415046451, 394.49003653690147, 12.386029686137755, 3.3633501832851724, 126.60699530658673, 547.5101128320312, 22.377945998962606, 111.47542730812202, 7.444255577985887, 5.89517002218822, 210.5376681650025, 628.684786518301, 14.303476581004563, 396.53625374229756, 124.10023583578302, 301.19510383650425, 385.361951542919, 126.67572107482256, 11.35555994408869, 317.78174763449675, 11.73425538928479, 70.42825270054362, 38.40058592381345, 25.573766971681646, 176.61028898277, 87.75863089993378, 10.061027288364755, 34.76683040382396, 31.1981848565882, 55.5539279951665, 14.022297791923043, 18.997877140741032, 786.0879736955173, 516.0869378356547, 107.19924299206316, 45.418712714430356, 93.97374409729916]]"
71,"[[(11, 13), (21, 13), (21, 43), (25, 31), (36, 32), (18, 36), (29, 22), (29, 45), (29, 49), (31, 1), (31, 15), (31, 28), (31, 48), (41, 3), (24, 17), (24, 41), (27, 16), (33, 24), (33, 38), (42, 14), (43, 39), (3, 1), (12, 3), (12, 20), (12, 30), (16, 9), (28, 26), (35, 25), (45, 7), (4, 7), (4, 30), (10, 28), (30, 40), (30, 44), (46, 3), (46, 47), (5, 47), (14, 29), (14, 32), (14, 40), (44, 26), (6, 9), (8, 27), (9, 10), (9, 34), (19, 13), (23, 13), (22, 5), (22, 7), (26, 2), (26, 24), (26, 29), (26, 36), (34, 35), (34, 38), (40, 2), (40, 4), (40, 23), (40, 26), (40, 47)]]","[[50.7923780948977, 11.69157133338586, 266.126983023161, 8.358432708845708, 52.645274016130514, 251.87606474439417, 161.05466338126024, 184.3076901848394, 492.15901704198603, 338.19963223655657, 11.935015963966325, 29.46997518390323, 291.30531738246754, 37.792547186597076, 22.80703672972693, 148.0782067132248, 33.49998004702192, 39.76708898829601, 15.553550619835967, 300.14730062286606, 60.441770650111714, 0.6679709239637386, 65.9388700662231, 60.750198621008465, 436.0606882163409, 36.31389536330581, 5.324877219963905, 104.10820080124043, 606.7941777897095, 0.9758922457473043, 210.42910843166712, 6.868690776985284, 8.133544078214362, 231.62013617629196, 744.1346454946931, 15.65162432737584, 374.675497641039, 180.63391984515133, 443.12643685703233, 370.00765199999097, 104.27703875724359, 11.973553860327309, 322.0386274017937, 7.00190739221029, 43.374534003519244, 27.38899115716763, 24.17776995939381, 180.94638249523018, 269.2820352713253, 8.454161238215436, 17.28138441121848, 30.45800375706932, 78.6724450705873, 15.797385998080571, 28.47601834056309, 429.75145849988166, 389.96576187007895, 116.31382504756685, 63.34973684558917, 96.82742135085155]]"
72,"[[(11, 13), (21, 13), (21, 43), (25, 31), (36, 32), (18, 36), (29, 22), (29, 45), (29, 49), (31, 1), (31, 15), (31, 28), (31, 48), (41, 3), (24, 17), (24, 41), (27, 16), (33, 24), (33, 38), (42, 14), (43, 39), (3, 1), (12, 3), (12, 20), (12, 30), (16, 9), (28, 26), (35, 25), (45, 7), (4, 7), (4, 30), (10, 28), (30, 40), (30, 44), (46, 3), (46, 47), (5, 47), (14, 29), (14, 32), (14, 40), (44, 26), (6, 9), (8, 27), (9, 10), (9, 34), (19, 13), (23, 13), (22, 5), (22, 7), (26, 2), (26, 24), (26, 29), (26, 36), (34, 35), (34, 38), (40, 2), (40, 4), (40, 23), (40, 26), (40, 47)]]","[[36.152106207819784, 4.114457254267329, 268.4502747145401, 17.377533935727634, 53.94923658796317, 391.5727631466353, 92.81468552924457, 202.4811208684855, 464.7474362224766, 554.8806353835304, 13.402627770853503, 4.35702466660268, 242.72144646349204, 39.91246379696083, 27.858040153613803, 279.48777572241136, 38.91120732700879, 34.50522285329859, 8.68351107344785, 382.4918291006744, 46.327480045890105, 0.2729639900454177, 122.3847086718985, 40.87685840060959, 328.48383554292514, 38.35560595968839, 8.95607837069138, 81.48010620746935, 654.9237221396348, 76.92336130374983, 410.4174345954005, 33.44413851865323, 12.185580396085214, 90.7720605389417, 665.7005401092091, 14.645428760208802, 388.32472804240103, 191.74278344769684, 351.78769924291305, 355.76845474732613, 120.08589967663056, 9.891456227821664, 386.9955621620459, 2.886888420058458, 69.71482661761398, 39.42329312946626, 25.476622633128464, 177.9436361473081, 125.84659659440197, 8.975775787003789, 59.01329055080065, 30.17756482251267, 99.6800525827886, 14.581244738065399, 33.44825146904401, 659.17062156792, 647.923867308397, 50.2418641438261, 145.4301320723137, 95.70522421835197]]"
73,"[[(11, 13), (21, 13), (21, 43), (25, 31), (36, 32), (18, 36), (29, 22), (29, 45), (29, 49), (31, 1), (31, 15), (31, 28), (31, 48), (41, 3), (24, 17), (24, 41), (27, 16), (33, 24), (33, 38), (42, 14), (43, 39), (3, 1), (12, 3), (12, 20), (12, 30), (16, 9), (28, 26), (35, 25), (45, 7), (4, 7), (4, 30), (10, 28), (30, 40), (30, 44), (46, 3), (46, 47), (5, 47), (14, 29), (14, 32), (14, 40), (44, 26), (6, 9), (8, 27), (9, 10), (9, 34), (19, 13), (23, 13), (22, 5), (22, 7), (26, 2), (26, 24), (26, 29), (26, 36), (34, 35), (34, 38), (40, 2), (40, 4), (40, 23), (40, 26), (40, 47)]]","[[26.81263607586999, 10.445199663325273, 269.8997604495598, 15.51563330835295, 52.757955657839986, 283.77274758336614, 81.68571921063337, 204.92075114929693, 36.47406874478531, 508.45672990497826, 11.644485015002836, 31.830645696970862, 252.4097927092762, 35.72946592711176, 15.942051122665525, 239.6191756714535, 34.99196552764036, 39.4034156081054, 12.88881702903182, 415.5488465900409, 26.29675423832447, 0.4256420328160737, 31.600563465980684, 65.9256359608313, 170.81028281778677, 63.45583500651592, 8.830037986554988, 111.37096916548049, 768.447202276509, 38.25918089413831, 245.71206589096101, 41.36711270248411, 10.18283291629127, 15.733546076407718, 766.9479800782606, 9.403552829357263, 388.5589165411774, 202.95638141464818, 374.47682747028784, 218.88587444730024, 126.36106267497243, 11.851858840687424, 376.37955560415446, 8.286591386158063, 58.965348903771925, 44.757926318253936, 25.45836023498696, 182.34182362100265, 162.33838166335562, 12.005886920698485, 49.13909047716422, 31.854428444720437, 84.53190354885614, 16.55997655544879, 22.70925891563329, 251.00634748841256, 616.5589455324944, 61.836557402519986, 127.95568182029686, 95.95234219173219]]"
74,"[[(11, 13), (21, 13), (21, 43), (25, 31), (36, 32), (18, 36), (29, 22), (29, 45), (29, 49), (31, 1), (31, 15), (31, 28), (31, 48), (41, 3), (24, 17), (24, 41), (27, 16), (33, 24), (33, 38), (42, 14), (43, 39), (3, 1), (12, 3), (12, 20), (12, 30), (16, 9), (28, 26), (35, 25), (45, 7), (4, 7), (4, 30), (10, 28), (30, 40), (30, 44), (46, 3), (46, 47), (5, 47), (14, 29), (14, 32), (14, 40), (44, 26), (6, 9), (8, 27), (9, 10), (9, 34), (19, 13), (23, 13), (22, 5), (22, 7), (26, 2), (26, 24), (26, 29), (26, 36), (34, 35), (34, 38), (40, 2), (40, 4), (40, 23), (40, 26), (40, 47)]]","[[49.11574663228525, 6.452889685187049, 267.78246777786205, 10.703070141527306, 36.6661780729696, 386.6998941954831, 97.68886630394302, 208.19177070244504, 523.0481342157177, 188.36791048931775, 18.561788777310998, 36.60604586584995, 285.8415589919012, 34.43281240714028, 17.738554343256467, 115.7020128068116, 8.731381318822166, 40.71987275079611, 15.935148673073414, 371.8527419376868, 32.248626430889566, 1.2081330710644524, 93.73854651391504, 67.80676526844562, 150.88138925972262, 97.03427735666008, 4.913351678655429, 142.20275891084773, 775.248641164406, 31.943806580179036, 340.42517775646496, 9.747928858838417, 7.996798361727099, 188.46145589859705, 765.7094154156881, 16.5445707441416, 372.32257157239155, 170.85687119835484, 209.6529854330815, 333.70853362879546, 133.64382685054255, 9.630014600485627, 304.5798170092839, 6.730540464601778, 82.73170717634288, 41.53274617662033, 22.370375399330545, 181.79557213441615, 206.49297599936065, 12.806408967164549, 51.316165138605946, 30.31792637074399, 58.96320388219912, 14.641914750635797, 19.559637902239626, 397.0528335188645, 497.15917160377967, 113.59683538403118, 106.21526953195296, 94.65867842682462]]"
75,"[[(11, 13), (21, 13), (21, 43), (25, 31), (36, 32), (18, 36), (29, 22), (29, 45), (29, 49), (31, 1), (31, 15), (31, 28), (31, 48), (41, 3), (24, 17), (24, 41), (27, 16), (33, 24), (33, 38), (42, 14), (43, 39), (3, 1), (12, 3), (12, 20), (12, 30), (16, 9), (28, 26), (35, 25), (45, 7), (4, 7), (4, 30), (10, 28), (30, 40), (30, 44), (46, 3), (46, 47), (5, 47), (14, 29), (14, 32), (14, 40), (44, 26), (6, 9), (8, 27), (9, 10), (9, 34), (19, 13), (23, 13), (22, 5), (22, 7), (26, 2), (26, 24), (26, 29), (26, 36), (34, 35), (34, 38), (40, 2), (40, 4), (40, 23), (40, 26), (40, 47)]]","[[39.12875270085454, 8.667563778855827, 271.3467219817156, 14.122874893401402, 32.88731470753228, 270.3939982609728, 212.73224177049906, 185.2331265691372, 489.6935298317951, 605.8243052439142, 25.09696345300042, 11.482766620889025, 283.2544681792897, 28.66555981421375, 27.79740924626141, 188.66696727926382, 10.269300204479542, 53.83399803538403, 13.11744517749832, 314.6914981868853, 33.93415202075536, 1.6306629330102582, 34.91088546794111, 66.24350462346234, 215.86852713626527, 38.74337544399099, 2.7002986960890967, 246.36889860673952, 563.2057435637389, 11.339162953784903, 155.35971809756995, 16.06447459674195, 6.769091570704251, 139.83428699214775, 653.8979071532723, 17.431929114779816, 383.8611249326307, 165.60503587857238, 379.69709429352616, 247.07383678627892, 110.42295438713631, 11.723491119607418, 267.40903514931233, 10.2074665655628, 63.1132309879405, 42.02609265946843, 23.511810993393098, 175.49380012021297, 211.04854318640346, 10.09614083738047, 53.534054210174574, 31.76473112200006, 57.671441540786596, 13.172213294575025, 34.99902904517249, 47.07631779071317, 460.55926088053747, 56.60097988052301, 78.32057219184101, 94.7882799054768]]"
76,"[[(11, 13), (21, 13), (21, 43), (25, 31), (36, 32), (18, 36), (29, 22), (29, 45), (29, 49), (31, 1), (31, 15), (31, 28), (31, 48), (41, 3), (24, 17), (24, 41), (27, 16), (33, 24), (33, 38), (42, 14), (43, 39), (3, 1), (12, 3), (12, 20), (12, 30), (16, 9), (28, 26), (35, 25), (45, 7), (4, 7), (4, 30), (10, 28), (30, 40), (30, 44), (46, 3), (46, 47), (5, 47), (14, 29), (14, 32), (14, 40), (44, 26), (6, 9), (8, 27), (9, 10), (9, 34), (19, 13), (23, 13), (22, 5), (22, 7), (26, 2), (26, 24), (26, 29), (26, 36), (34, 35), (34, 38), (40, 2), (40, 4), (40, 23), (40, 26), (40, 47)]]","[[50.011089233799936, 16.203823404293644, 269.44648475589054, 8.51374026345806, 52.0188037043972, 346.47996875798685, 61.49111965093803, 192.56269669740698, 183.73686597218153, 251.6969904854199, 22.439796701531865, 7.99406716511646, 311.54077892503625, 36.21808781006103, 19.514307018716938, 189.2904458386935, 12.54662705355793, 55.2869350909157, 17.507318947270576, 302.25257644655085, 49.08034946028286, 1.897309785191637, 102.28052901968601, 32.4819462533531, 164.98528411208466, 10.8150444076324, 2.962831440947146, 227.58901822130912, 819.7402919650282, 3.7576097922660927, 326.94089353006393, 14.620884170453103, 11.845447519944393, 16.89176121539328, 756.8309375847272, 14.482569751711887, 380.1276674602588, 185.91690807351037, 371.42720536038945, 217.75838139498904, 122.80435603049082, 10.031251279714159, 441.5408044385124, 3.1924504200671917, 61.63690571080218, 26.02064836456885, 24.905747010273544, 176.3442129073805, 259.2492104342956, 9.87995685169826, 37.54378715434635, 30.950867804178262, 70.4950661941673, 15.866806584241585, 27.186655703414473, 46.933629623469976, 524.3703003107781, 99.08743349921954, 136.1598165656875, 93.87708275065691]]"
77,"[[(11, 13), (21, 13), (21, 43), (25, 31), (36, 32), (18, 36), (29, 22), (29, 45), (29, 49), (31, 1), (31, 15), (31, 28), (31, 48), (41, 3), (24, 17), (24, 41), (27, 16), (33, 24), (33, 38), (42, 14), (43, 39), (3, 1), (12, 3), (12, 20), (12, 30), (16, 9), (28, 26), (35, 25), (45, 7), (4, 7), (4, 30), (10, 28), (30, 40), (30, 44), (46, 3), (46, 47), (5, 47), (14, 29), (14, 32), (14, 40), (44, 26), (6, 9), (8, 27), (9, 10), (9, 34), (19, 13), (23, 13), (22, 5), (22, 7), (26, 2), (26, 24), (26, 29), (26, 36), (34, 35), (34, 38), (40, 2), (40, 4), (40, 23), (40, 26), (40, 47)]]","[[33.53390746932567, 6.778329278025588, 274.18141385966237, 13.771016129421438, 54.135906647158485, 277.2955460677702, 193.21634569458683, 214.59912734112768, 76.66025311134672, 320.05988019850133, 22.347026716926866, 9.02580835529075, 298.18654376307643, 39.73216294450083, 20.05887935678399, 221.9810929819005, 24.204667824605593, 53.32388189352811, 13.40698772644684, 187.65016247806335, 18.431917759727504, 1.7259485879341843, 53.86321378126834, 33.85862148886126, 418.7628937914156, 73.84744945067649, 3.569572702295485, 235.79978077033473, 460.4520271301056, 85.6559422794629, 387.46867435614575, 35.90017678417722, 8.996600206982604, 66.20585610831928, 720.665050121638, 21.187316833297594, 385.88403973186985, 189.37218261872115, 362.8008460299533, 257.6461859123265, 127.5352050848377, 11.377020405691786, 389.00590696190045, 5.2114044736660174, 78.12999789628643, 29.902773140620333, 23.949794694235784, 176.75064251410987, 283.1104902318978, 7.011155227279201, 51.92093423813829, 31.991535254744214, 81.90326958399791, 16.173197873934264, 17.687048659430108, 209.57111747042973, 571.7172893116268, 113.6658322668344, 64.33008757131455, 95.52530538751364]]"
78,"[[(11, 13), (21, 13), (21, 43), (25, 31), (36, 32), (18, 36), (29, 22), (29, 45), (29, 49), (31, 1), (31, 15), (31, 28), (31, 48), (41, 3), (24, 17), (24, 41), (27, 16), (33, 24), (33, 38), (42, 14), (43, 39), (3, 1), (12, 3), (12, 20), (12, 30), (16, 9), (28, 26), (35, 25), (45, 7), (4, 7), (4, 30), (10, 28), (30, 40), (30, 44), (46, 3), (46, 47), (5, 47), (14, 29), (14, 32), (14, 40), (44, 26), (6, 9), (8, 27), (9, 10), (9, 34), (19, 13), (23, 13), (22, 5), (22, 7), (26, 2), (26, 24), (26, 29), (26, 36), (34, 35), (34, 38), (40, 2), (40, 4), (40, 23), (40, 26), (40, 47)]]","[[22.97401191355729, 9.635030868927068, 268.96945185565374, 10.575431359894695, 52.98280199163585, 395.97800261587645, 194.82379793211928, 183.05963303970157, 573.0021522755096, 674.0616698444504, 14.282596563537211, 12.169689624737936, 251.07346365684077, 30.60754616871614, 24.31503680331673, 214.54669631961332, 26.063810791884844, 13.186093901177987, 14.874769695869826, 425.086057315126, 36.77598493233517, 0.9816263193064247, 98.81545858091783, 64.59788753288525, 410.593188295499, 60.961594316669064, 2.295188941609265, 299.4075009532735, 728.9719821198929, 76.50778462688106, 235.0204401011041, 15.980006487304854, 13.420680740356214, 48.87243926864426, 640.4674455896525, 3.8318153964740636, 395.5665832772779, 241.48887644606157, 386.6637803714274, 359.1408778439845, 92.94949848172203, 9.16432901940793, 421.76580173621915, 2.873355411769076, 50.73873425086581, 30.947053938975642, 25.36231325564819, 175.7704002991786, 221.76218854042511, 8.312603130069267, 55.00831188563623, 30.725566904228813, 26.56387877876836, 13.480904850591417, 31.6010789032731, 195.2250379752352, 564.0628659523016, 61.76137620894785, 119.21986846703373, 95.26031809841665]]"
79,"[[(11, 13), (21, 13), (21, 43), (25, 31), (36, 32), (18, 36), (29, 22), (29, 45), (29, 49), (31, 1), (31, 15), (31, 28), (31, 48), (41, 3), (24, 17), (24, 41), (27, 16), (33, 24), (33, 38), (42, 14), (43, 39), (3, 1), (12, 3), (12, 20), (12, 30), (16, 9), (28, 26), (35, 25), (45, 7), (4, 7), (4, 30), (10, 28), (30, 40), (30, 44), (46, 3), (46, 47), (5, 47), (14, 29), (14, 32), (14, 40), (44, 26), (6, 9), (8, 27), (9, 10), (9, 34), (19, 13), (23, 13), (22, 5), (22, 7), (26, 2), (26, 24), (26, 29), (26, 36), (34, 35), (34, 38), (40, 2), (40, 4), (40, 23), (40, 26), (40, 47)]]","[[30.53014369574241, 6.296686354943997, 270.2821231134687, 7.05899829972371, 33.07505514668016, 340.2689581245297, 153.39730297676232, 231.02551919758866, 473.9211632146917, 193.3915844917825, 15.076819393393654, 16.968257358454863, 316.46034958536256, 33.05736317896556, 17.438602978403637, 228.52289755011168, 23.348343900582723, 32.78003856958961, 9.611609016941628, 203.6082044257058, 54.36198935339772, 1.8520816013246861, 59.56883629339559, 62.37459476875099, 205.42577523189675, 21.21974238239403, 8.05682555533052, 2.5774574819619636, 826.2206381553199, 2.238134382899665, 169.0911061993438, 10.039582512180669, 11.171340586583268, 80.0757083612254, 736.6447035751667, 9.239945547314202, 387.154748316486, 158.5276484249378, 313.47935901337166, 269.7561187886366, 115.45297587804586, 8.404377620703844, 324.0173080918886, 4.589458856580569, 80.03735980652927, 27.68965656225161, 22.387691343766406, 182.43422859579206, 260.66472987979836, 12.022201323300074, 25.874399884040436, 30.211965546325644, 74.87113008226213, 14.775222628725514, 37.787613744880964, 162.99150368334304, 540.1048459341755, 53.585133605816225, 44.25581865416773, 96.32866147390249]]"
80,"[[(11, 13), (21, 13), (21, 43), (25, 31), (36, 32), (18, 36), (29, 22), (29, 45), (29, 49), (31, 1), (31, 15), (31, 28), (31, 48), (41, 3), (24, 17), (24, 41), (27, 16), (33, 24), (33, 38), (42, 14), (43, 39), (3, 1), (12, 3), (12, 20), (12, 30), (16, 9), (28, 26), (35, 25), (45, 7), (4, 7), (4, 30), (10, 28), (30, 40), (30, 44), (46, 3), (46, 47), (5, 47), (14, 29), (14, 32), (14, 40), (44, 26), (6, 9), (8, 27), (9, 10), (9, 34), (19, 13), (23, 13), (22, 5), (22, 7), (26, 2), (26, 24), (26, 29), (26, 36), (34, 35), (34, 38), (40, 2), (40, 4), (40, 23), (40, 26), (40, 47)]]","[[51.71421673675492, 14.123666852497434, 267.6113071356492, 13.533758651590663, 54.150986022182245, 352.93784884687074, 53.061031053220525, 206.71030599203465, 275.55771648135925, 212.60877171996287, 19.64221428838983, 21.15485084910305, 310.7662826222559, 38.85066495640868, 17.899883084827167, 168.2265782000082, 8.474935990141283, 55.858287422131006, 10.316870336332862, 332.56182803499905, 15.440710724216524, 0.9834186565984802, 49.103761848599675, 53.938793068526955, 297.83941516819357, 51.30368184203784, 6.382901125889854, 13.415872078035036, 469.31141112278937, 42.54293293598712, 449.0114850759924, 25.880078262299794, 12.721965570816838, 174.60511399090842, 713.1738247306439, 2.942195674452091, 372.6873939428366, 77.62141620516327, 437.71129040353236, 377.72837169679053, 100.48345010825521, 11.394327692644337, 439.2831667105054, 9.38592136554256, 77.06892289509216, 41.12363885209901, 24.778095076238436, 179.3721264547091, 240.50965140686446, 10.647924080545597, 19.384559761497336, 30.685944176672184, 67.59110058197301, 14.310565766562586, 20.498354673279646, 566.7311505860572, 561.033756581184, 74.90270292294446, 142.54738369124425, 95.06770363832634]]"
81,"[[(11, 13), (21, 13), (21, 43), (25, 31), (36, 32), (18, 36), (29, 22), (29, 45), (29, 49), (31, 1), (31, 15), (31, 28), (31, 48), (41, 3), (24, 17), (24, 41), (27, 16), (33, 24), (33, 38), (42, 14), (43, 39), (3, 1), (12, 3), (12, 20), (12, 30), (16, 9), (28, 26), (35, 25), (45, 7), (4, 7), (4, 30), (10, 28), (30, 40), (30, 44), (46, 3), (46, 47), (5, 47), (14, 29), (14, 32), (14, 40), (44, 26), (6, 9), (8, 27), (9, 10), (9, 34), (19, 13), (23, 13), (22, 5), (22, 7), (26, 2), (26, 24), (26, 29), (26, 36), (34, 35), (34, 38), (40, 2), (40, 4), (40, 23), (40, 26), (40, 47)]]","[[21.50139398757351, 3.7542179963082134, 271.49657713074293, 10.459328231676587, 33.56495411310045, 385.53409402831574, 126.40890077193555, 191.56673310480312, 516.1910641950695, 497.9718470731565, 12.370215191193594, 49.09153387136357, 291.6164184265514, 32.8521700628698, 27.536549391947304, 255.4362922875573, 33.57545450973754, 22.75563983984541, 15.692807405759275, 257.94945239932395, 40.67140067455345, 0.12249978504123815, 150.45620471246178, 57.64742106520748, 160.54612032079802, 56.25069307685122, 6.3157585031676655, 193.54835505963416, 648.5197086502654, 13.037215488109426, 108.26242311339186, 6.959348215874973, 5.925072753245608, 182.94426715064932, 657.8848994668533, 14.398932201079125, 382.3817602721637, 112.9965877463905, 428.7887311521717, 304.67143902620575, 124.69522733886944, 8.526824106393185, 456.86922600010485, 2.150144511813174, 51.028550921642875, 31.622110201722716, 22.271866889331072, 176.27492744049312, 288.9265450888249, 9.768125536218976, 45.153476174682545, 31.385388129185458, 93.85556251347452, 13.451692095630273, 17.013326225210747, 345.09126291001104, 585.76254774312, 140.64761884648684, 116.7012930531085, 95.66845641430525]]"
82,"[[(11, 13), (21, 13), (21, 43), (25, 31), (36, 32), (18, 36), (29, 22), (29, 45), (29, 49), (31, 1), (31, 15), (31, 28), (31, 48), (41, 3), (24, 17), (24, 41), (27, 16), (33, 24), (33, 38), (42, 14), (43, 39), (3, 1), (12, 3), (12, 20), (12, 30), (16, 9), (28, 26), (35, 25), (45, 7), (4, 7), (4, 30), (10, 28), (30, 40), (30, 44), (46, 3), (46, 47), (5, 47), (14, 29), (14, 32), (14, 40), (44, 26), (6, 9), (8, 27), (9, 10), (9, 34), (19, 13), (23, 13), (22, 5), (22, 7), (26, 2), (26, 24), (26, 29), (26, 36), (34, 35), (34, 38), (40, 2), (40, 4), (40, 23), (40, 26), (40, 47)]]","[[27.320082243159906, 12.618932438486798, 271.3100853461987, 10.480265488403544, 46.724862582421906, 344.06832307715894, 201.7662169638973, 209.5250868983086, 5.284030657141847, 358.6265813164816, 25.02501802887579, 36.837667158915934, 306.9674235280941, 33.82134375153744, 14.951753960119483, 256.5521128646931, 33.320100522159755, 31.476683499123457, 17.79394031895314, 421.0528509848691, 22.87376813991156, 1.120381611932656, 31.3970790751523, 41.337270939095475, 266.93755239168627, 84.22248990116393, 5.528364187744432, 83.08030250547307, 719.0237206475736, 55.48079830413184, 333.28195296682003, 18.705488483154053, 7.518591803418994, 173.63721543607883, 675.8570663699157, 4.4302818403996955, 385.18576219278935, 91.66958450081005, 427.47389486100076, 309.93406314830844, 106.01424028426723, 11.56754938832995, 423.9866669956885, 8.241909526799372, 49.46799328856355, 38.949926242012125, 23.94348628612015, 176.71886871088867, 99.00987731171007, 10.421127461799857, 58.791563518793986, 30.404208439260856, 104.49793299715306, 14.209414199172302, 36.33757064075218, 128.49604008651164, 586.2284093644658, 87.26003355086888, 131.09778335473038, 96.74348398733684]]"
83,"[[(11, 13), (21, 13), (21, 43), (25, 31), (36, 32), (18, 36), (29, 22), (29, 45), (29, 49), (31, 1), (31, 15), (31, 28), (31, 48), (41, 3), (24, 17), (24, 41), (27, 16), (33, 24), (33, 38), (42, 14), (43, 39), (3, 1), (12, 3), (12, 20), (12, 30), (16, 9), (28, 26), (35, 25), (45, 7), (4, 7), (4, 30), (10, 28), (30, 40), (30, 44), (46, 3), (46, 47), (5, 47), (14, 29), (14, 32), (14, 40), (44, 26), (6, 9), (8, 27), (9, 10), (9, 34), (19, 13), (23, 13), (22, 5), (22, 7), (26, 2), (26, 24), (26, 29), (26, 36), (34, 35), (34, 38), (40, 2), (40, 4), (40, 23), (40, 26), (40, 47)]]","[[30.277245054440886, 10.6803785819053, 270.182458103987, 10.932770356315466, 54.871961665195265, 317.8094951241571, 20.038535052446115, 251.6370399225683, 12.379835777938984, 97.01536173917407, 18.28815338282457, 47.7569468079417, 274.87651332605276, 39.32404822964696, 24.139603804241418, 285.5761353339949, 36.08580970936734, 53.89108533544539, 11.36646912907581, 319.28991419022555, 15.099416223486022, 1.997932152208234, 108.72497666783212, 69.86834543128833, 416.4942456127793, 42.65950506862033, 8.569253061638548, 164.08051670125045, 770.3892893779937, 46.67958292328091, 457.922328139478, 21.06181513387824, 8.119456387931315, 76.91055084017694, 660.8992650459276, 10.806743021046614, 372.4864834320548, 65.14850984432968, 223.0789702548824, 349.33508218719436, 108.48839916870052, 10.813901862890706, 470.8345702242956, 8.055748432081273, 46.0503335105379, 34.84637557188676, 24.09836534217538, 177.38174448865038, 191.61866022485353, 7.94018142304989, 17.701831692290042, 31.410952662299803, 39.718431002687375, 13.763566439086453, 34.209089307307835, 532.406929588482, 658.3162149586378, 136.11578186819418, 63.78046300781973, 93.3008714745207]]"
84,"[[(11, 13), (21, 13), (21, 43), (25, 31), (36, 32), (18, 36), (29, 22), (29, 45), (29, 49), (31, 1), (31, 15), (31, 28), (31, 48), (41, 3), (24, 17), (24, 41), (27, 16), (33, 24), (33, 38), (42, 14), (43, 39), (3, 1), (12, 3), (12, 20), (12, 30), (16, 9), (28, 26), (35, 25), (45, 7), (4, 7), (4, 30), (10, 28), (30, 40), (30, 44), (46, 3), (46, 47), (5, 47), (14, 29), (14, 32), (14, 40), (44, 26), (6, 9), (8, 27), (9, 10), (9, 34), (19, 13), (23, 13), (22, 5), (22, 7), (26, 2), (26, 24), (26, 29), (26, 36), (34, 35), (34, 38), (40, 2), (40, 4), (40, 23), (40, 26), (40, 47)]]","[[23.09123554081589, 12.683001813007426, 266.34671950227727, 13.941358155200742, 52.44389154792174, 326.5868852968016, 199.92085492621172, 180.84985283161663, 550.3499125771535, 346.16560427015395, 13.617934611509487, 10.341741551365482, 280.06288365798383, 33.02640730852444, 27.080688225716234, 190.86607117521532, 23.746639582151712, 54.419447524536956, 13.71254569462889, 370.3511171414841, 62.62147075994692, 0.8559921696927142, 145.56091260055416, 58.268800162425165, 192.1903281080444, 99.80525899520867, 3.5415853238762782, 306.8917707665031, 605.2974981692183, 65.01284244679043, 422.21882783793933, 42.836677590505445, 4.747359995393828, 128.8553415123448, 731.1861977476946, 8.875147286421138, 393.20889673407805, 61.7223465011386, 405.89252120248113, 348.86776316027726, 115.79097653048734, 11.967513568873157, 400.18025956121227, 7.869801980351035, 81.98342843038964, 36.21753220793562, 25.626346894808098, 175.02818030587275, 112.1513714278598, 9.781973418154804, 56.03993275879843, 30.377037889857107, 106.18978463083035, 14.625926405664906, 23.420002875112488, 564.9814327101976, 398.87865097182896, 44.075850121641196, 146.0499453391713, 95.8575076462172]]"
85,"[[(11, 13), (21, 13), (21, 43), (25, 31), (36, 32), (18, 36), (29, 22), (29, 45), (29, 49), (31, 1), (31, 15), (31, 28), (31, 48), (41, 3), (24, 17), (24, 41), (27, 16), (33, 24), (33, 38), (42, 14), (43, 39), (3, 1), (12, 3), (12, 20), (12, 30), (16, 9), (28, 26), (35, 25), (45, 7), (4, 7), (4, 30), (10, 28), (30, 40), (30, 44), (46, 3), (46, 47), (5, 47), (14, 29), (14, 32), (14, 40), (44, 26), (6, 9), (8, 27), (9, 10), (9, 34), (19, 13), (23, 13), (22, 5), (22, 7), (26, 2), (26, 24), (26, 29), (26, 36), (34, 35), (34, 38), (40, 2), (40, 4), (40, 23), (40, 26), (40, 47)]]","[[35.15594752421072, 8.907495371153123, 272.5965803599175, 13.746414697165921, 30.11112037218338, 275.2487593277161, 205.10594149925785, 231.04603068600855, 505.62982887857675, 461.33904814338445, 20.580512126060434, 9.035096048574703, 275.6009356962983, 34.134714078956975, 21.806708573687853, 162.22472496222332, 7.231563345657154, 9.54263518709422, 10.4525362794895, 335.21292529950347, 57.61242261215642, 0.940095946981957, 35.79848777652908, 30.907264093686916, 215.49661007947702, 10.759692688951716, 6.012403235418897, 128.72026602576597, 674.2851345974926, 37.17509549441935, 88.22687533881592, 10.008558357519906, 5.337581300649612, 36.88723524543654, 687.5033551537579, 8.693300233078878, 374.9359135723641, 256.614084684638, 231.33773499211495, 369.74782743711603, 129.9120381867254, 9.272366278358247, 278.5836156583523, 6.6294509522911795, 65.99056586310459, 28.55896651534059, 24.353570357862473, 179.45219315861067, 248.1200487367593, 9.357159989363948, 51.93855147816446, 30.02400464016954, 56.75806018609157, 13.393610559493258, 35.34176100421375, 565.1579604277589, 568.6441432610708, 139.53005966079436, 142.69366796711876, 95.28967753148515]]"
86,"[[(11, 13), (21, 13), (21, 43), (25, 31), (36, 32), (18, 36), (29, 22), (29, 45), (29, 49), (31, 1), (31, 15), (31, 28), (31, 48), (41, 3), (24, 17), (24, 41), (27, 16), (33, 24), (33, 38), (42, 14), (43, 39), (3, 1), (12, 3), (12, 20), (12, 30), (16, 9), (28, 26), (35, 25), (45, 7), (4, 7), (4, 30), (10, 28), (30, 40), (30, 44), (46, 3), (46, 47), (5, 47), (14, 29), (14, 32), (14, 40), (44, 26), (6, 9), (8, 27), (9, 10), (9, 34), (19, 13), (23, 13), (22, 5), (22, 7), (26, 2), (26, 24), (26, 29), (26, 36), (34, 35), (34, 38), (40, 2), (40, 4), (40, 23), (40, 26), (40, 47)]]","[[39.55135177264326, 8.683960640330838, 272.8359464573433, 9.96357332401587, 41.503577218532016, 300.0314496874023, 106.07015806099047, 197.14321546240134, 386.10760204612325, 581.378534498026, 21.577348671789327, 22.915519809145486, 244.9263500236648, 40.32340707193141, 28.280616241100855, 239.2780918188397, 36.59325876934918, 10.165999990310853, 10.129532366698847, 256.8057679771088, 38.90125228702104, 0.03273160136394382, 66.71941072779245, 47.031129547474364, 285.6849941959201, 82.39852327788942, 9.447894658222282, 33.4600003746823, 524.6878419056696, 65.06560519203158, 81.85545635633628, 36.08549911234574, 2.7554702633038612, 76.27407021437526, 766.7489965632184, 16.644770457998778, 382.8903248051237, 162.14008814532878, 394.67419375088343, 392.35274324403565, 82.00319749626684, 8.284514873130204, 329.010916921603, 10.40330451458203, 76.87011547365745, 33.29321740827973, 25.750557178444136, 175.6211769401302, 116.80186983957802, 7.653314705762108, 51.93431358088046, 31.88443923520832, 103.70339334119355, 13.407752975772645, 37.198111680186756, 221.72510551111617, 545.265137682129, 95.67506208755634, 137.04597743661117, 95.28120696009594]]"
87,"[[(11, 13), (21, 13), (21, 43), (25, 31), (36, 32), (18, 36), (29, 22), (29, 45), (29, 49), (31, 1), (31, 15), (31, 28), (31, 48), (41, 3), (24, 17), (24, 41), (27, 16), (33, 24), (33, 38), (42, 14), (43, 39), (3, 1), (12, 3), (12, 20), (12, 30), (16, 9), (28, 26), (35, 25), (45, 7), (4, 7), (4, 30), (10, 28), (30, 40), (30, 44), (46, 3), (46, 47), (5, 47), (14, 29), (14, 32), (14, 40), (44, 26), (6, 9), (8, 27), (9, 10), (9, 34), (19, 13), (23, 13), (22, 5), (22, 7), (26, 2), (26, 24), (26, 29), (26, 36), (34, 35), (34, 38), (40, 2), (40, 4), (40, 23), (40, 26), (40, 47)]]","[[27.563467778315886, 8.59932418546207, 266.8416476467819, 10.230870562286828, 35.734513689160586, 331.0958104102182, 62.944586104618146, 179.98063655355512, 34.23128172441161, 467.899186612568, 26.403469159062865, 23.172845314815866, 255.993814065942, 30.769018951915363, 15.86833182597707, 172.30014705421874, 36.868719017118735, 18.216554651194535, 8.879483775265253, 363.8595650008392, 22.519765688979763, 1.383635921955223, 125.77665086913613, 53.1234674053434, 396.7343960103326, 87.16629283312906, 3.8864754844956453, 179.03504560588354, 630.2050008499, 18.905391552705886, 470.7297134893898, 29.024524741467292, 6.656763087770933, 114.928009525733, 658.835202802152, 14.845977979634174, 395.3693483062891, 258.0283146222588, 402.6401297815341, 302.3691751450059, 119.6736128846101, 10.12055813532611, 340.7286797997448, 9.758991114047662, 78.60650134665923, 27.456798900976185, 22.142353953937803, 181.90217203615236, 63.242940898375714, 11.382533367029234, 46.36857350865355, 31.39809836310526, 85.69583164852871, 14.834159247729954, 28.446964128168243, 11.050375071598644, 453.62083051232764, 102.36766479454475, 49.85718234394648, 96.87892478010205]]"
88,"[[(11, 13), (21, 13), (21, 43), (25, 31), (36, 32), (18, 36), (29, 22), (29, 45), (29, 49), (31, 1), (31, 15), (31, 28), (31, 48), (41, 3), (24, 17), (24, 41), (27, 16), (33, 24), (33, 38), (42, 14), (43, 39), (3, 1), (12, 3), (12, 20), (12, 30), (16, 9), (28, 26), (35, 25), (45, 7), (4, 7), (4, 30), (10, 28), (30, 40), (30, 44), (46, 3), (46, 47), (5, 47), (14, 29), (14, 32), (14, 40), (44, 26), (6, 9), (8, 27), (9, 10), (9, 34), (19, 13), (23, 13), (22, 5), (22, 7), (26, 2), (26, 24), (26, 29), (26, 36), (34, 35), (34, 38), (40, 2), (40, 4), (40, 23), (40, 26), (40, 47)]]","[[45.78367290386812, 16.86645080404936, 272.69071013249214, 8.235206595751464, 38.99153500933098, 378.66108552108733, 173.60122258369162, 224.66035086679076, 157.94871458291152, 209.27756583576954, 16.003673890495193, 33.14347520715525, 257.3460750984235, 42.35206865339619, 26.609967955988797, 282.7978256110672, 13.854286083055356, 38.441647588739855, 14.421533544737727, 396.9567583156514, 37.45741296865218, 1.8734920893328406, 129.5289299975916, 51.046849758458535, 272.8324899345819, 28.17752257515902, 2.5740128057818037, 304.62977244358535, 583.6401128052275, 79.08901635926198, 351.6473286906433, 40.382534747668046, 2.9460436946452884, 36.38322383640974, 751.2165329951848, 5.741720149294152, 376.7356372309909, 75.44665270595036, 349.32275156471155, 279.41862181819374, 77.90432563068605, 8.254277963966517, 301.9516747128067, 11.499605113913619, 67.02842673450458, 31.876216789200665, 22.02093951345075, 176.60821487596687, 149.4303073194555, 7.478732031721517, 28.29186919583055, 31.977266494746228, 64.58257933239796, 15.080502562228343, 32.61078007686033, 734.9526460256565, 471.76844566731984, 132.43661138101982, 47.023736363316324, 96.74902583103028]]"
89,"[[(11, 13), (21, 13), (21, 43), (25, 31), (36, 32), (18, 36), (29, 22), (29, 45), (29, 49), (31, 1), (31, 15), (31, 28), (31, 48), (41, 3), (24, 17), (24, 41), (27, 16), (33, 24), (33, 38), (42, 14), (43, 39), (3, 1), (12, 3), (12, 20), (12, 30), (16, 9), (28, 26), (35, 25), (45, 7), (4, 7), (4, 30), (10, 28), (30, 40), (30, 44), (46, 3), (46, 47), (5, 47), (14, 29), (14, 32), (14, 40), (44, 26), (6, 9), (8, 27), (9, 10), (9, 34), (19, 13), (23, 13), (22, 5), (22, 7), (26, 2), (26, 24), (26, 29), (26, 36), (34, 35), (34, 38), (40, 2), (40, 4), (40, 23), (40, 26), (40, 47)]]","[[29.477909690695842, 2.6075221668071134, 266.76636110946305, 9.655342076477018, 40.38781604873739, 369.46713162359913, 60.24800503983555, 232.12791457492415, 115.4848062862932, 430.77619075780643, 22.135182984957133, 26.13893335775315, 315.9410015642502, 41.63174818135709, 20.622475181830843, 174.89010653464405, 21.226414056425845, 12.339705168596211, 10.717815951917608, 406.03574070338914, 59.740617240981194, 1.8598921763226235, 43.82184460183401, 36.09907872503638, 366.53594354052245, 39.46466201919161, 2.7837343531532817, 302.46022188766153, 631.2508575486506, 11.868959013704158, 210.2461929108431, 42.45566668723296, 10.399218828664495, 39.93739076980945, 693.2777866577799, 10.994073739062276, 393.2229289054293, 111.66785620795912, 218.11912651261434, 354.2273063501915, 115.3318205220084, 11.987784287807552, 293.22892047526693, 6.620728313740187, 73.26483256267164, 28.593021975865334, 23.453458468590068, 182.52359603257727, 315.84724370795345, 12.680122453409808, 58.86652113955544, 31.61823745329043, 101.40138822341501, 13.553819057161293, 24.010051637402764, 52.93207131991425, 534.7160615713847, 37.531111095303764, 116.08950786414748, 96.72406813824674]]"
90,"[[(11, 13), (21, 13), (21, 43), (25, 31), (36, 32), (18, 36), (29, 22), (29, 45), (29, 49), (31, 1), (31, 15), (31, 28), (31, 48), (41, 3), (24, 17), (24, 41), (27, 16), (33, 24), (33, 38), (42, 14), (43, 39), (3, 1), (12, 3), (12, 20), (12, 30), (16, 9), (28, 26), (35, 25), (45, 7), (4, 7), (4, 30), (10, 28), (30, 40), (30, 44), (46, 3), (46, 47), (5, 47), (14, 29), (14, 32), (14, 40), (44, 26), (6, 9), (8, 27), (9, 10), (9, 34), (19, 13), (23, 13), (22, 5), (22, 7), (26, 2), (26, 24), (26, 29), (26, 36), (34, 35), (34, 38), (40, 2), (40, 4), (40, 23), (40, 26), (40, 47)]]","[[36.43948868370386, 2.494436195174119, 271.44035758274237, 12.636287201449479, 33.6624545236146, 375.33819221349466, 146.18953572379363, 192.97993857506108, 97.85717542243941, 181.68963120688534, 14.000760694248742, 10.533680985857519, 306.501030050123, 42.70983428579869, 24.553399691750307, 290.4442430489266, 18.717870947573605, 49.39124687735224, 9.121779681689215, 253.06175609783938, 23.54487822707734, 1.8884532062320194, 107.40812039972886, 55.537642117339296, 163.0532499893132, 84.77783451569826, 3.9874865524135084, 217.61397700010144, 464.5209251084268, 35.9657212254425, 279.4160345328462, 36.440807614050044, 9.090921996404465, 82.46576010940849, 734.9327733352349, 3.4098507365799606, 374.9268853477068, 175.90558113972452, 259.5042831375899, 290.4498182072108, 120.12308520077116, 11.727303040006147, 299.67050586361745, 7.8794978792640284, 83.83545691757452, 33.75630236884736, 24.223959128549055, 179.55670594008257, 108.81091454463507, 9.952646545432309, 44.34301487287267, 30.715183809039065, 74.35945215272054, 16.477376085358323, 19.329305437357824, 462.00224140515076, 464.17964547327443, 36.29574567223885, 148.73084701281329, 96.86876374220641]]"
91,"[[(11, 13), (21, 13), (21, 43), (25, 31), (36, 32), (18, 36), (29, 22), (29, 45), (29, 49), (31, 1), (31, 15), (31, 28), (31, 48), (41, 3), (24, 17), (24, 41), (27, 16), (33, 24), (33, 38), (42, 14), (43, 39), (3, 1), (12, 3), (12, 20), (12, 30), (16, 9), (28, 26), (35, 25), (45, 7), (4, 7), (4, 30), (10, 28), (30, 40), (30, 44), (46, 3), (46, 47), (5, 47), (14, 29), (14, 32), (14, 40), (44, 26), (6, 9), (8, 27), (9, 10), (9, 34), (19, 13), (23, 13), (22, 5), (22, 7), (26, 2), (26, 24), (26, 29), (26, 36), (34, 35), (34, 38), (40, 2), (40, 4), (40, 23), (40, 26), (40, 47)]]","[[25.17562246410842, 15.676565627601082, 267.1873007837414, 16.032970004377024, 47.14071160498542, 314.99868699269257, 47.83831182410625, 215.79218032238808, 76.64332642316248, 702.9830767246323, 25.136032266039827, 7.005329899117331, 271.74768222289106, 32.878994478599125, 19.448995733242846, 262.9223749334917, 15.684050690505238, 23.664725679979014, 16.32622629108391, 184.93732016015082, 46.84607198077181, 1.602088862221635, 60.539697856705416, 67.5753198348952, 313.8405821524393, 100.80561155914535, 8.013576072460264, 198.02430565244794, 475.5450220172309, 4.4384419362411265, 94.84576879861754, 6.471011069987558, 5.9395074038144955, 118.79797148025426, 761.3818333889701, 18.595527714009155, 381.22169844594544, 243.4849061773322, 342.4462041996361, 296.0832024476245, 126.22684932302496, 8.079026263513612, 432.455065052168, 5.648608328479732, 78.10149053907935, 32.12946815458143, 24.347642920761455, 175.73152656196916, 251.9871125450157, 10.063124941904881, 61.46154975126429, 30.11095626539011, 60.08223686260103, 14.535275925191112, 34.38103538011491, 412.59535149483, 551.91957287006, 75.72265270640378, 124.10627892926875, 94.183387071027]]"
92,"[[(11, 13), (21, 13), (21, 43), (25, 31), (36, 32), (18, 36), (29, 22), (29, 45), (29, 49), (31, 1), (31, 15), (31, 28), (31, 48), (41, 3), (24, 17), (24, 41), (27, 16), (33, 24), (33, 38), (42, 14), (43, 39), (3, 1), (12, 3), (12, 20), (12, 30), (16, 9), (28, 26), (35, 25), (45, 7), (4, 7), (4, 30), (10, 28), (30, 40), (30, 44), (46, 3), (46, 47), (5, 47), (14, 29), (14, 32), (14, 40), (44, 26), (6, 9), (8, 27), (9, 10), (9, 34), (19, 13), (23, 13), (22, 5), (22, 7), (26, 2), (26, 24), (26, 29), (26, 36), (34, 35), (34, 38), (40, 2), (40, 4), (40, 23), (40, 26), (40, 47)]]","[[44.18547984446238, 6.849375865340997, 271.1333567699629, 12.48673082211997, 51.4389185534724, 335.5246582217734, 175.40668954446429, 195.88176888670574, 423.6994579115703, 127.95253068460904, 26.347585850917376, 7.663867460347911, 249.37809509582868, 38.48004506394619, 12.64441367665436, 255.28496038009146, 15.748999192224314, 6.477119782498192, 12.002656121737878, 403.07842365268255, 30.969555322406848, 0.7501057134572342, 125.9768202126765, 49.20067630774628, 460.09086710605004, 31.984320927553547, 7.975818292058904, 249.97839476978032, 526.2668201867049, 43.46910430452043, 338.2781915015921, 25.74705590673674, 4.702205149240951, 108.63210371391723, 689.5353309647935, 4.960043727405752, 385.68257926933643, 213.065505908516, 264.2423184337938, 364.4453747835056, 111.01153119645438, 10.77021040003313, 394.12477156121315, 6.664461062845606, 78.36298560126264, 42.10640005714184, 22.47714968107907, 178.75859867036343, 256.3484274283373, 9.80752671196973, 53.07679240973879, 31.606660059930103, 106.14070891320804, 14.231229558842099, 24.551679319137406, 382.11728770108795, 559.6815364864293, 58.23433088592408, 46.30232601054413, 96.4016144008155]]"
93,"[[(11, 13), (21, 13), (21, 43), (25, 31), (36, 32), (18, 36), (29, 22), (29, 45), (29, 49), (31, 1), (31, 15), (31, 28), (31, 48), (41, 3), (24, 17), (24, 41), (27, 16), (33, 24), (33, 38), (42, 14), (43, 39), (3, 1), (12, 3), (12, 20), (12, 30), (16, 9), (28, 26), (35, 25), (45, 7), (4, 7), (4, 30), (10, 28), (30, 40), (30, 44), (46, 3), (46, 47), (5, 47), (14, 29), (14, 32), (14, 40), (44, 26), (6, 9), (8, 27), (9, 10), (9, 34), (19, 13), (23, 13), (22, 5), (22, 7), (26, 2), (26, 24), (26, 29), (26, 36), (34, 35), (34, 38), (40, 2), (40, 4), (40, 23), (40, 26), (40, 47)]]","[[24.908749546110037, 9.539730492604741, 272.40448754455576, 13.922167616622097, 42.028117095861106, 255.9508339584426, 147.79508060558726, 193.1935694801054, 286.29471438900356, 554.3506042282867, 25.82470653107479, 6.793074177058402, 303.5296413347986, 40.75346615277914, 22.78876560917522, 220.3133008543423, 29.121425281072046, 25.00358314449345, 13.693909798624677, 300.83280123546103, 38.10927434512002, 1.0061363969837276, 24.804864440974182, 68.86487437059499, 226.25580705092466, 17.066867666537703, 7.182724696920113, 78.44719048360798, 489.9675242680504, 55.717185048853224, 133.4744441514673, 9.451014314188164, 2.9774805573018988, 57.28257453271427, 733.2844768182106, 21.809267410908387, 394.1789970680378, 249.84860386913235, 429.6277530072367, 295.99300040968274, 126.5267867599867, 10.956386959946645, 424.028760117827, 8.569796555219746, 56.32545822908545, 30.53847480292996, 22.88169401777512, 181.48338179624292, 89.52540051912948, 11.233306123664669, 17.634190017204023, 31.81266580567885, 29.13296075279363, 15.539427192520273, 25.253944995192583, 106.65373225209419, 503.40315196730495, 68.9175680465367, 145.28982099294248, 94.79896796800548]]"
94,"[[(11, 13), (21, 13), (21, 43), (25, 31), (36, 32), (18, 36), (29, 22), (29, 45), (29, 49), (31, 1), (31, 15), (31, 28), (31, 48), (41, 3), (24, 17), (24, 41), (27, 16), (33, 24), (33, 38), (42, 14), (43, 39), (3, 1), (12, 3), (12, 20), (12, 30), (16, 9), (28, 26), (35, 25), (45, 7), (4, 7), (4, 30), (10, 28), (30, 40), (30, 44), (46, 3), (46, 47), (5, 47), (14, 29), (14, 32), (14, 40), (44, 26), (6, 9), (8, 27), (9, 10), (9, 34), (19, 13), (23, 13), (22, 5), (22, 7), (26, 2), (26, 24), (26, 29), (26, 36), (34, 35), (34, 38), (40, 2), (40, 4), (40, 23), (40, 26), (40, 47)]]","[[41.219270294073596, 1.8412074381320025, 275.2123956135002, 11.127369101403772, 54.85748781976243, 228.7718179081813, 55.91915203316791, 196.24262387605077, 567.6766349969444, 137.9951164128136, 14.155820507113242, 46.58981525589851, 244.00659869532083, 40.0332128285245, 28.32482808778849, 124.86823531579051, 19.241091609448887, 50.66034358512997, 11.08370597203157, 235.79130909478937, 34.683075633403575, 1.7786299814605664, 27.34676763123707, 43.96885964638713, 291.11963767341376, 41.45890957540763, 7.583261546030715, 23.35832189658931, 705.3408606116536, 43.666511830822856, 235.1555271046392, 39.84956748957972, 11.151980801573611, 196.18820047722372, 713.8847680365873, 5.824823581051318, 381.8218754919276, 59.287005475743975, 298.87200803788215, 271.0886845522395, 79.65775867588954, 9.781616066125846, 266.08980758092594, 7.792882118867755, 41.069824825826, 31.408512068679208, 24.913482882373337, 175.51723751879226, 297.16406975823844, 8.031668825679454, 31.911967478437894, 31.50711723417933, 101.89393346124692, 16.598084975015848, 30.211645077371088, 619.509740874768, 538.4301122263415, 117.87907361250328, 95.79124074474277, 93.33632138024896]]"
95,"[[(11, 13), (21, 13), (21, 43), (25, 31), (36, 32), (18, 36), (29, 22), (29, 45), (29, 49), (31, 1), (31, 15), (31, 28), (31, 48), (41, 3), (24, 17), (24, 41), (27, 16), (33, 24), (33, 38), (42, 14), (43, 39), (3, 1), (12, 3), (12, 20), (12, 30), (16, 9), (28, 26), (35, 25), (45, 7), (4, 7), (4, 30), (10, 28), (30, 40), (30, 44), (46, 3), (46, 47), (5, 47), (14, 29), (14, 32), (14, 40), (44, 26), (6, 9), (8, 27), (9, 10), (9, 34), (19, 13), (23, 13), (22, 5), (22, 7), (26, 2), (26, 24), (26, 29), (26, 36), (34, 35), (34, 38), (40, 2), (40, 4), (40, 23), (40, 26), (40, 47)]]","[[37.02031208556146, 7.9721608918136155, 266.8869724977046, 12.13498619276003, 52.41733302400177, 291.3601545454027, 200.56340150301529, 224.51681924075626, 300.6841257950464, 559.2707801403894, 13.785018516850942, 25.536303410678663, 296.7349690349743, 37.10758759818165, 18.636310826208103, 273.26089929305317, 7.478766362978327, 18.89514696537638, 16.425258016778862, 409.65639266256755, 35.664684677432604, 0.8736061674840787, 88.52546319105085, 62.10534682625841, 189.00678370245475, 60.82776841837767, 2.3133295023486227, 304.24306271471835, 469.7263534343508, 13.11074715710133, 176.59109446555743, 36.61436713315119, 11.278682139752096, 122.07413539937541, 752.9957852304722, 8.726131409065768, 391.8717652435807, 136.77623926951665, 381.7303475552833, 337.1165089229994, 99.22620682396837, 9.102536460829837, 412.02321058606884, 9.9712127454803, 77.3438574139255, 26.863187743624497, 25.50375762175493, 176.27996801408227, 297.6005029499603, 9.59050057237237, 50.78999069619781, 31.060816093347363, 107.85588664832378, 16.60885307958585, 19.65386135426484, 180.21847029665403, 602.329178352618, 123.51119053962887, 129.8030012058514, 93.79252228219484]]"
96,"[[(11, 13), (21, 13), (21, 43), (25, 31), (36, 32), (18, 36), (29, 22), (29, 45), (29, 49), (31, 1), (31, 15), (31, 28), (31, 48), (41, 3), (24, 17), (24, 41), (27, 16), (33, 24), (33, 38), (42, 14), (43, 39), (3, 1), (12, 3), (12, 20), (12, 30), (16, 9), (28, 26), (35, 25), (45, 7), (4, 7), (4, 30), (10, 28), (30, 40), (30, 44), (46, 3), (46, 47), (5, 47), (14, 29), (14, 32), (14, 40), (44, 26), (6, 9), (8, 27), (9, 10), (9, 34), (19, 13), (23, 13), (22, 5), (22, 7), (26, 2), (26, 24), (26, 29), (26, 36), (34, 35), (34, 38), (40, 2), (40, 4), (40, 23), (40, 26), (40, 47)]]","[[48.491005170164755, 10.385291947231169, 274.9187461686443, 18.13407860317706, 31.994967161747173, 246.13671264712758, 20.84875368893472, 212.75779136483735, 265.4903680962814, 509.12404071515215, 23.15024352890468, 7.545664185756442, 311.88312302146625, 28.293293919295756, 13.149246783966074, 179.35940809545917, 25.350369570600925, 32.55349714782129, 8.501578456249486, 252.6986788960357, 19.07958682569047, 0.6267831874328684, 71.64146583585799, 40.76087484535351, 480.31172978186686, 40.358510170919544, 8.592737943856644, 70.99502810667194, 761.1845238462204, 64.60714859135825, 293.84154124956603, 11.555658203243636, 8.438104683138796, 122.57650363225011, 637.7569297943776, 9.045579881391685, 395.73115577263025, 263.7579415061635, 312.6802080717114, 281.62621988025313, 83.66267913558907, 11.185098043417113, 276.3017093951326, 8.149912508373454, 65.4262020594976, 39.37347738955228, 25.945963269117275, 176.84141412398668, 271.6649850136111, 11.996488463474778, 21.05402289158217, 30.273163916798783, 64.50728450150487, 13.81684489103853, 26.917208143394653, 560.2654616726282, 507.8628112112542, 91.76627390739816, 95.00491628683244, 94.15124611022051]]"
97,"[[(11, 13), (21, 13), (21, 43), (25, 31), (36, 32), (18, 36), (29, 22), (29, 45), (29, 49), (31, 1), (31, 15), (31, 28), (31, 48), (41, 3), (24, 17), (24, 41), (27, 16), (33, 24), (33, 38), (42, 14), (43, 39), (3, 1), (12, 3), (12, 20), (12, 30), (16, 9), (28, 26), (35, 25), (45, 7), (4, 7), (4, 30), (10, 28), (30, 40), (30, 44), (46, 3), (46, 47), (5, 47), (14, 29), (14, 32), (14, 40), (44, 26), (6, 9), (8, 27), (9, 10), (9, 34), (19, 13), (23, 13), (22, 5), (22, 7), (26, 2), (26, 24), (26, 29), (26, 36), (34, 35), (34, 38), (40, 2), (40, 4), (40, 23), (40, 26), (40, 47)]]","[[28.431971914307812, 7.850088524785727, 268.38686558331005, 10.078764493754289, 45.8653857798146, 384.0118057086223, 71.14023797119334, 220.45521529438327, 161.8109187418687, 187.29393639528723, 17.24469130677688, 13.670370204106003, 249.0302805664656, 32.05702769705556, 22.541111948910302, 136.97421265867033, 37.85874012065095, 37.11349232039181, 15.707620281191465, 351.4991949982809, 40.9075904149776, 0.6960413591277943, 142.90616847271588, 53.07635674829823, 169.3519463182925, 28.441476256181414, 7.15748101635637, 83.46359323785947, 576.7787491304136, 65.27523773229882, 236.45415513478994, 34.310020429014116, 8.275138411675742, 69.00080930302181, 734.6452043394438, 19.57004485680403, 376.0937690244467, 231.67015645223597, 268.15940728293066, 279.2276016561616, 89.50489217165214, 11.295612448196495, 305.78464445304905, 9.591337517335251, 74.87657786496162, 39.34918333211354, 23.294331716733478, 180.44454952902882, 237.8397852257776, 12.010331246223373, 58.88287615026154, 30.326656892007403, 80.97379054576386, 14.996977767872497, 26.723668543675938, 549.3668558900647, 461.10385736183275, 89.32027573040321, 120.11251027346566, 96.28748930448978]]"
98,"[[(11, 13), (21, 13), (21, 43), (25, 31), (36, 32), (18, 36), (29, 22), (29, 45), (29, 49), (31, 1), (31, 15), (31, 28), (31, 48), (41, 3), (24, 17), (24, 41), (27, 16), (33, 24), (33, 38), (42, 14), (43, 39), (3, 1), (12, 3), (12, 20), (12, 30), (16, 9), (28, 26), (35, 25), (45, 7), (4, 7), (4, 30), (10, 28), (30, 40), (30, 44), (46, 3), (46, 47), (5, 47), (14, 29), (14, 32), (14, 40), (44, 26), (6, 9), (8, 27), (9, 10), (9, 34), (19, 13), (23, 13), (22, 5), (22, 7), (26, 2), (26, 24), (26, 29), (26, 36), (34, 35), (34, 38), (40, 2), (40, 4), (40, 23), (40, 26), (40, 47)]]","[[50.32450231070715, 8.278202700973578, 274.48663726032794, 11.61094307988247, 51.1224128568026, 247.82022344818932, 182.58000938594324, 197.61523337742648, 335.32157741960106, 377.97896323646194, 18.348086567507966, 4.35264182622714, 292.536426648877, 27.641111131906726, 13.046094456606093, 160.95041228161602, 19.703337604818167, 26.481646449364856, 10.123099303723201, 181.72467970410892, 21.955477867936168, 0.1988037567231049, 41.228672497943265, 48.042723322947865, 177.04430884084803, 12.484541070630534, 5.320997574324297, 102.77553708967436, 631.1538080944538, 66.70875572620112, 251.457162943656, 26.454293241279927, 3.0505227300880366, 118.51795327669036, 693.0275321485561, 18.596645068907165, 380.91040727919375, 213.90262803660954, 232.69394604323878, 373.3709617058571, 91.53319159335528, 8.91899606820525, 298.83239531180556, 11.765287325863278, 53.71062691003314, 43.382435647508665, 22.632040900302336, 177.53788949952326, 312.7132069943565, 10.207609406581689, 16.054574951792976, 31.733338511894413, 50.0748817182824, 14.773569392721104, 35.91657066143095, 229.21660340862977, 552.3308816641879, 135.2395532121085, 93.21323654514903, 95.79115329929601]]"
99,"[[(11, 13), (21, 13), (21, 43), (25, 31), (36, 32), (18, 36), (29, 22), (29, 45), (29, 49), (31, 1), (31, 15), (31, 28), (31, 48), (41, 3), (24, 17), (24, 41), (27, 16), (33, 24), (33, 38), (42, 14), (43, 39), (3, 1), (12, 3), (12, 20), (12, 30), (16, 9), (28, 26), (35, 25), (45, 7), (4, 7), (4, 30), (10, 28), (30, 40), (30, 44), (46, 3), (46, 47), (5, 47), (14, 29), (14, 32), (14, 40), (44, 26), (6, 9), (8, 27), (9, 10), (9, 34), (19, 13), (23, 13), (22, 5), (22, 7), (26, 2), (26, 24), (26, 29), (26, 36), (34, 35), (34, 38), (40, 2), (40, 4), (40, 23), (40, 26), (40, 47)]]","[[41.266981846620936, 13.151594780310536, 268.30726220563525, 8.2874635979917, 31.551050469463092, 325.998541497681, 111.0311685999162, 189.9425769004933, 38.56801851277062, 593.2094657885345, 26.317387195765658, 22.29075971800998, 270.1680783953095, 28.736649484363532, 13.011263384868283, 132.13392313760585, 17.153948655777093, 20.81029218217474, 10.301275674716601, 151.87132637588388, 59.053625903459896, 0.301472893001814, 33.21648474500354, 69.0723269657247, 336.7184114607444, 14.727119034878418, 9.688179226046302, 139.28512290232823, 516.7101437260292, 9.068600381472303, 105.7788279618402, 47.474360020387536, 8.605493240839769, 206.6128437411843, 770.3908924119555, 21.925431317638594, 385.9415827642812, 141.25878764784636, 365.76092166377725, 324.30253530401666, 130.49183831013983, 10.442691736096755, 461.19981062425404, 9.43932378070609, 77.58244307813906, 27.362210584534715, 25.263832902859956, 179.0165028516858, 186.60899237756536, 12.885354282771, 16.717870001696518, 30.282704017394284, 90.5767072290486, 13.250876741889144, 25.445378377632057, 162.66809313281018, 387.20923038772133, 70.63855003910032, 122.15558498596091, 94.43884292156768]]"
