scene,edge,cost
0,"[[(0, 27), (0, 28), (0, 40), (12, 2), (13, 3), (13, 14), (13, 18), (13, 24), (40, 1), (40, 10), (41, 26), (16, 9), (16, 11), (16, 31), (20, 5), (20, 48), (34, 44), (37, 20), (45, 9), (3, 11), (11, 6), (26, 9), (26, 33), (31, 17), (33, 19), (36, 28), (36, 32), (39, 22), (8, 34), (24, 28), (24, 31), (44, 17), (44, 41), (7, 15), (7, 19), (7, 26), (7, 28), (7, 38), (10, 17), (10, 40), (15, 34), (19, 26), (19, 33), (35, 17), (35, 33), (23, 8), (23, 16), (23, 38), (25, 24), (25, 41), (17, 3), (43, 26), (32, 12), (32, 21), (32, 42), (14, 18), (18, 34)]]","[[141.79458609659892, 260.3730794813671, 206.1824875195709, 22.581004051752203, 18.92836764877728, 19.11915956970326, 117.71117763143755, 44.28166162626286, 157.19482579917272, 369.44413146645525, 262.939530812795, 96.42757694837141, 41.36740539353805, 127.14307575127678, 248.46557322920722, 126.2373084281855, 211.70946053610928, 11.212417582309534, 383.75944970357074, 36.94956011004975, 57.56482341320351, 97.39451720825784, 95.8907938982397, 65.76672891263827, 296.84035376851205, 35.27993163720505, 63.500519691071155, 9.671402689056332, 334.77795597609395, 83.68020700341523, 147.94815673255113, 376.15606349294865, 13.55323045253311, 36.269894608823336, 67.80375689468173, 403.09266387318576, 0.2295880965973489, 184.38576544790917, 182.7586887559963, 35.583001453691104, 221.09310023842414, 108.16711741423993, 117.70343298793073, 261.07553819401926, 41.26167306417379, 232.00064258762063, 74.36080247482968, 27.469161155097837, 2.7649579487293687, 89.19262272711043, 72.57579179323878, 307.54034686650317, 506.81057947613573, 75.91224565483863, 15.527505398737592, 82.49366638845272, 306.91442801139465]]"
1,"[[(0, 27), (0, 28), (0, 40), (12, 2), (13, 3), (13, 14), (13, 18), (13, 24), (40, 1), (40, 10), (41, 26), (16, 9), (16, 11), (16, 31), (20, 5), (20, 48), (34, 44), (37, 20), (45, 9), (3, 11), (11, 6), (26, 9), (26, 33), (31, 17), (33, 19), (36, 28), (36, 32), (39, 22), (8, 34), (24, 28), (24, 31), (44, 17), (44, 41), (7, 15), (7, 19), (7, 26), (7, 28), (7, 38), (10, 17), (10, 40), (15, 34), (19, 26), (19, 33), (35, 17), (35, 33), (23, 8), (23, 16), (23, 38), (25, 24), (25, 41), (17, 3), (43, 26), (32, 12), (32, 21), (32, 42), (14, 18), (18, 34)]]","[[138.87603803478828, 287.90365973175454, 206.64467004660705, 46.434067172738224, 13.667518680459375, 11.98632546941954, 120.42650661114068, 21.153226511827366, 660.7361939043027, 71.86099734772286, 201.8987812882014, 99.18421003607438, 102.06515760042502, 169.39352051796155, 380.47895979648285, 322.925127533048, 78.35234884692359, 129.30257367296412, 191.81917629531048, 13.671039359716666, 59.600870926504506, 236.6860849327821, 9.152133168390181, 80.96069288651586, 208.41817736073628, 30.940367190242398, 61.30928650555035, 30.005840395574804, 605.8647017783285, 12.378727073433625, 43.80059970259441, 279.1475380244923, 11.450342895760295, 40.54392468307308, 44.580887342612854, 311.8842188732631, 3.289339500683811, 208.8465535964373, 109.76774667492215, 34.811080062390815, 149.19656364135324, 58.15118212358705, 39.38239103555675, 266.57136105001894, 36.084649685602386, 225.28100694889974, 77.36954641626659, 24.524124142373346, 1.6104485121793641, 79.0442028035756, 43.84948640351441, 143.21244633477272, 710.888609542209, 69.79835553234666, 166.64433564777352, 76.03650541225603, 294.50703891760185]]"
2,"[[(0, 27), (0, 28), (0, 40), (12, 2), (13, 3), (13, 14), (13, 18), (13, 24), (40, 1), (40, 10), (41, 26), (16, 9), (16, 11), (16, 31), (20, 5), (20, 48), (34, 44), (37, 20), (45, 9), (3, 11), (11, 6), (26, 9), (26, 33), (31, 17), (33, 19), (36, 28), (36, 32), (39, 22), (8, 34), (24, 28), (24, 31), (44, 17), (44, 41), (7, 15), (7, 19), (7, 26), (7, 28), (7, 38), (10, 17), (10, 40), (15, 34), (19, 26), (19, 33), (35, 17), (35, 33), (23, 8), (23, 16), (23, 38), (25, 24), (25, 41), (17, 3), (43, 26), (32, 12), (32, 21), (32, 42), (14, 18), (18, 34)]]","[[146.92447331437612, 267.9304223866087, 211.29104487315553, 55.29527628538176, 18.502175000683987, 28.58519825031525, 54.03900103135341, 42.31474970709988, 742.8087560554942, 330.4944561089389, 401.2783151084386, 93.28245235279476, 87.16061067536965, 101.99043576698716, 82.11724867573659, 214.05379650458718, 41.85936717343265, 179.47091513853388, 283.2151066057081, 14.288896401580658, 41.49219173669664, 170.13531061012728, 124.92833851547017, 124.71369005788029, 188.30004882020233, 31.427437298993283, 60.139938092310246, 39.38922856749311, 46.47957350392552, 62.6207963025712, 141.4876575388342, 321.8275127783138, 10.526268696322218, 42.73361443710398, 80.62136437955283, 399.9139650538688, 1.2209702829957965, 288.0740768011282, 105.71644395104141, 44.44820075394696, 124.99054428275684, 62.748616450604004, 148.66253239626823, 251.63703922259387, 25.986434160607132, 217.3740974208586, 82.29620747889885, 29.65547701748732, 1.0298303218724767, 81.91309365140388, 112.0631962465414, 300.39484069128656, 469.95433543277966, 92.75158359019471, 177.58558675307816, 84.16022598054371, 315.5572387159467]]"
3,"[[(0, 27), (0, 28), (0, 40), (12, 2), (13, 3), (13, 14), (13, 18), (13, 24), (40, 1), (40, 10), (41, 26), (16, 9), (16, 11), (16, 31), (20, 5), (20, 48), (34, 44), (37, 20), (45, 9), (3, 11), (11, 6), (26, 9), (26, 33), (31, 17), (33, 19), (36, 28), (36, 32), (39, 22), (8, 34), (24, 28), (24, 31), (44, 17), (44, 41), (7, 15), (7, 19), (7, 26), (7, 28), (7, 38), (10, 17), (10, 40), (15, 34), (19, 26), (19, 33), (35, 17), (35, 33), (23, 8), (23, 16), (23, 38), (25, 24), (25, 41), (17, 3), (43, 26), (32, 12), (32, 21), (32, 42), (14, 18), (18, 34)]]","[[146.6709964922902, 290.00232206052283, 213.82939156348243, 79.1718538299965, 14.436709274920103, 20.34500348775726, 88.66600941364625, 30.256253240546428, 902.2835687465267, 18.18058695165492, 37.96152232951698, 93.42007112158846, 67.73950260582787, 284.2112460271342, 264.0825985019259, 36.70224462066323, 167.9807947269602, 5.221029462560997, 366.0054493521693, 10.796337596698113, 95.76139165339501, 94.57741486915153, 100.80391407527289, 100.05605905735933, 311.1503174890439, 47.232940543262835, 62.675244078799714, 18.092635218365494, 635.8960676857413, 18.65671063610786, 119.97705992671298, 371.35946481276164, 12.298249996278951, 50.55612871428758, 78.68324164783748, 391.9641615647254, 0.8836015778385029, 89.62210557571544, 125.62929575707011, 45.21162406255614, 219.62579623360745, 77.25885669542174, 27.772659855473734, 232.10049667261904, 32.30727737123625, 239.35425802871504, 81.39410833964243, 31.524972690842162, 2.2402044140789386, 32.33624343115825, 102.41996278117533, 262.0701407520854, 134.5004799921872, 79.11191366762154, 153.19892249869326, 72.68410783067827, 312.7914678460109]]"
4,"[[(0, 27), (0, 28), (0, 40), (12, 2), (13, 3), (13, 14), (13, 18), (13, 24), (40, 1), (40, 10), (41, 26), (16, 9), (16, 11), (16, 31), (20, 5), (20, 48), (34, 44), (37, 20), (45, 9), (3, 11), (11, 6), (26, 9), (26, 33), (31, 17), (33, 19), (36, 28), (36, 32), (39, 22), (8, 34), (24, 28), (24, 31), (44, 17), (44, 41), (7, 15), (7, 19), (7, 26), (7, 28), (7, 38), (10, 17), (10, 40), (15, 34), (19, 26), (19, 33), (35, 17), (35, 33), (23, 8), (23, 16), (23, 38), (25, 24), (25, 41), (17, 3), (43, 26), (32, 12), (32, 21), (32, 42), (14, 18), (18, 34)]]","[[136.6601985060177, 353.85679434505556, 211.038852989649, 20.581296991598876, 15.160682892997231, 26.7964534377433, 90.66966321597012, 25.39044406514062, 72.900356222757, 78.83422425305112, 356.5249524813302, 95.14341453658486, 53.01406276657442, 280.2854502933651, 304.8524288467541, 124.0166307875142, 193.39851081297712, 105.45659097800569, 390.22078864649217, 26.883377858301735, 51.135013789444145, 33.9352856362503, 57.16473129734022, 79.23851639948023, 421.22907108984987, 31.763549858629656, 60.620071328727505, 25.568233294754393, 167.08856390175507, 94.29755043352006, 69.73898830337981, 243.97881764194307, 12.435956442283896, 36.312696835136435, 55.41893150574925, 529.6235278023217, 2.9778289853974984, 381.8540940683328, 141.12724312333503, 44.57815264870641, 218.83829462641188, 105.41565014227207, 225.20075009911807, 246.91618050864994, 30.62022194259148, 219.73921386105513, 78.48557103420355, 24.893424443105552, 1.4086453387917515, 52.747133626956675, 52.80833310699356, 99.34706532588156, 536.1836185842428, 68.9578354807, 8.532212615047804, 75.41365313676258, 280.02518095256374]]"
5,"[[(0, 27), (0, 28), (0, 40), (12, 2), (13, 3), (13, 14), (13, 18), (13, 24), (40, 1), (40, 10), (41, 26), (16, 9), (16, 11), (16, 31), (20, 5), (20, 48), (34, 44), (37, 20), (45, 9), (3, 11), (11, 6), (26, 9), (26, 33), (31, 17), (33, 19), (36, 28), (36, 32), (39, 22), (8, 34), (24, 28), (24, 31), (44, 17), (44, 41), (7, 15), (7, 19), (7, 26), (7, 28), (7, 38), (10, 17), (10, 40), (15, 34), (19, 26), (19, 33), (35, 17), (35, 33), (23, 8), (23, 16), (23, 38), (25, 24), (25, 41), (17, 3), (43, 26), (32, 12), (32, 21), (32, 42), (14, 18), (18, 34)]]","[[122.12742643974468, 231.34310873890706, 213.54199773343367, 74.5577428286049, 19.498091950678397, 20.091779196728222, 90.31341159478933, 20.96535587401639, 752.3770060678198, 476.6706064351699, 231.44230758853067, 89.57764333116361, 82.13758637445945, 150.63769967666826, 172.46896754990883, 81.94369579612815, 62.72482601694218, 134.09609203071705, 314.39326438428225, 33.91917283829461, 58.26767011152211, 267.30366185125456, 16.014433637311132, 64.99773497414961, 406.83998965751186, 29.191254587172708, 63.885350514672226, 17.916846811829203, 572.0947295529988, 116.30769645836507, 115.72373710713397, 337.46288106155185, 9.718172960930175, 30.27762886744821, 62.64773236433654, 239.61225278353203, 0.4532028301796611, 724.3423903761266, 183.70364495640257, 38.26139680370415, 141.61794347303197, 119.23196139144967, 136.5895703097316, 292.4414895591936, 20.824233014566513, 227.4318058524692, 74.03890787947341, 26.061111964762674, 1.1110333357561932, 59.75792855584201, 47.536451182579256, 191.40607157451495, 273.4548195758092, 88.71562755480898, 152.3824265125227, 81.9838685828476, 281.5938039353735]]"
6,"[[(0, 27), (0, 28), (0, 40), (12, 2), (13, 3), (13, 14), (13, 18), (13, 24), (40, 1), (40, 10), (41, 26), (16, 9), (16, 11), (16, 31), (20, 5), (20, 48), (34, 44), (37, 20), (45, 9), (3, 11), (11, 6), (26, 9), (26, 33), (31, 17), (33, 19), (36, 28), (36, 32), (39, 22), (8, 34), (24, 28), (24, 31), (44, 17), (44, 41), (7, 15), (7, 19), (7, 26), (7, 28), (7, 38), (10, 17), (10, 40), (15, 34), (19, 26), (19, 33), (35, 17), (35, 33), (23, 8), (23, 16), (23, 38), (25, 24), (25, 41), (17, 3), (43, 26), (32, 12), (32, 21), (32, 42), (14, 18), (18, 34)]]","[[118.29851271317519, 251.03957112251243, 211.42189169505957, 39.08004721742914, 15.3894948714444, 17.429949829632363, 92.94545664851307, 64.46849166184532, 684.0643451168862, 547.3504196606411, 399.9769512768978, 94.50295322347402, 84.37991805643713, 193.90206002630947, 73.46506569096618, 131.61237828016394, 34.269442538228056, 63.024884808804735, 307.4962156420835, 30.541435934212622, 36.74728601238629, 233.53458224759027, 17.635771884533884, 118.45055696739081, 157.26812755517463, 37.20187409709796, 61.428180505726196, 27.288888008227133, 448.79718867484206, 79.95855056043344, 136.62232165034683, 308.3780846291116, 10.283160845609808, 43.78845943848599, 38.80253201821941, 507.77528889544567, 2.899338161679692, 689.046406245771, 65.30824687818135, 35.94256551139661, 187.75775309107797, 29.60524629316758, 175.87790050378177, 210.22588121622144, 38.81340584009227, 228.60642071418928, 65.79741625726558, 34.90487976210261, 2.477716329347726, 72.64039563012838, 103.91396109703567, 26.10491222570934, 466.8462538011863, 49.359548527065776, 48.82742647688944, 75.59485170493818, 323.25018749372947]]"
7,"[[(0, 27), (0, 28), (0, 40), (12, 2), (13, 3), (13, 14), (13, 18), (13, 24), (40, 1), (40, 10), (41, 26), (16, 9), (16, 11), (16, 31), (20, 5), (20, 48), (34, 44), (37, 20), (45, 9), (3, 11), (11, 6), (26, 9), (26, 33), (31, 17), (33, 19), (36, 28), (36, 32), (39, 22), (8, 34), (24, 28), (24, 31), (44, 17), (44, 41), (7, 15), (7, 19), (7, 26), (7, 28), (7, 38), (10, 17), (10, 40), (15, 34), (19, 26), (19, 33), (35, 17), (35, 33), (23, 8), (23, 16), (23, 38), (25, 24), (25, 41), (17, 3), (43, 26), (32, 12), (32, 21), (32, 42), (14, 18), (18, 34)]]","[[147.58584104706262, 340.85154870134625, 216.0052872651773, 63.81305059043055, 20.195073107755505, 23.8160506866836, 115.69883356782067, 23.780338162563073, 309.3899022141935, 448.1815920205677, 441.3430037468883, 91.38345646254069, 30.015480488990224, 247.08771565931963, 84.06787723094527, 145.54068050288907, 33.78152977650482, 151.31692731232914, 131.37031860447013, 23.79980062897431, 31.06506252730361, 245.79630166502864, 92.67620203031812, 63.52123110395271, 148.71537500161338, 48.396424562654786, 60.27995422302314, 22.867843198932935, 471.3106093926385, 59.01948061584676, 59.83135699292595, 259.6066410378994, 14.908522646662028, 37.24481756420512, 15.911092905099341, 558.0630029748578, 3.01313801463653, 840.66019557559, 99.97135840864381, 34.05958387382799, 215.83543870735093, 46.187532234884436, 128.96015044095938, 281.4285422397098, 35.95543232716771, 237.3530597162038, 69.42863647013436, 23.264297139512216, 1.3721491334686384, 78.34538796748033, 84.55261041357625, 139.49926873677157, 412.4133414581334, 69.96193703113374, 109.99608107681863, 74.21914085672107, 289.279328747635]]"
8,"[[(0, 27), (0, 28), (0, 40), (12, 2), (13, 3), (13, 14), (13, 18), (13, 24), (40, 1), (40, 10), (41, 26), (16, 9), (16, 11), (16, 31), (20, 5), (20, 48), (34, 44), (37, 20), (45, 9), (3, 11), (11, 6), (26, 9), (26, 33), (31, 17), (33, 19), (36, 28), (36, 32), (39, 22), (8, 34), (24, 28), (24, 31), (44, 17), (44, 41), (7, 15), (7, 19), (7, 26), (7, 28), (7, 38), (10, 17), (10, 40), (15, 34), (19, 26), (19, 33), (35, 17), (35, 33), (23, 8), (23, 16), (23, 38), (25, 24), (25, 41), (17, 3), (43, 26), (32, 12), (32, 21), (32, 42), (14, 18), (18, 34)]]","[[128.57188987513763, 277.2439935772188, 207.82063823275, 77.67207487568191, 13.21413026843578, 14.96351256298292, 115.82320712669068, 41.54884238624794, 290.3885307328759, 276.69986237656485, 241.0750267929318, 88.05808670914384, 65.06822050896321, 344.6876963205121, 121.37671936511825, 340.7313204235504, 131.38858507358668, 153.91867627665425, 429.61378885099964, 19.06248689599665, 101.20129068071913, 115.25428390578891, 20.00411391628413, 126.93139897181797, 173.50006600664716, 30.330836170447256, 63.05643485860924, 28.218870790838704, 390.61390861137545, 68.27359951904836, 111.63856871007668, 256.6035846907843, 14.393208690476374, 40.74098589903123, 94.32033338320238, 467.31071914594145, 3.220005441683739, 239.57177386586093, 24.15476050324256, 53.00321604351248, 196.61929964093093, 123.15486889227643, 153.11146299990193, 263.60041077618547, 16.688160958306828, 203.52881062950587, 66.50204050370832, 25.277231369517914, 1.846396948000693, 90.3266749379359, 59.95425922755621, 52.38314882788321, 85.64576210514647, 84.61175022333641, 267.71891054583284, 81.60239548935982, 312.8582411432924]]"
9,"[[(0, 27), (0, 28), (0, 40), (12, 2), (13, 3), (13, 14), (13, 18), (13, 24), (40, 1), (40, 10), (41, 26), (16, 9), (16, 11), (16, 31), (20, 5), (20, 48), (34, 44), (37, 20), (45, 9), (3, 11), (11, 6), (26, 9), (26, 33), (31, 17), (33, 19), (36, 28), (36, 32), (39, 22), (8, 34), (24, 28), (24, 31), (44, 17), (44, 41), (7, 15), (7, 19), (7, 26), (7, 28), (7, 38), (10, 17), (10, 40), (15, 34), (19, 26), (19, 33), (35, 17), (35, 33), (23, 8), (23, 16), (23, 38), (25, 24), (25, 41), (17, 3), (43, 26), (32, 12), (32, 21), (32, 42), (14, 18), (18, 34)]]","[[144.56333097716487, 345.5992057460335, 210.03171497833034, 86.28622297944511, 20.12497022327043, 6.7610498421624, 57.368988997000585, 50.16183886293035, 862.0936239641162, 207.1459484999254, 85.14701519983227, 101.04044601964935, 79.08403210155014, 186.71384743423704, 317.4558437391524, 382.68125903535764, 24.02415365187599, 166.03217120572745, 269.6595375105417, 32.63932781167915, 135.4125492204604, 79.97854948959325, 14.978046642286426, 110.66662065095923, 93.4976644185136, 29.46459044011042, 63.36171807992797, 25.89911579661672, 529.014121929277, 80.68141593096703, 50.78709966239078, 353.28362288190215, 9.644008743062034, 35.06630577295955, 19.347113710652827, 353.154609960186, 0.6340797882925893, 536.0644838163715, 80.64785781630398, 39.45194575342855, 78.05665210451829, 65.29171904460259, 208.85065518034028, 258.2682379491505, 40.78581407291273, 218.00904263115555, 67.2148085004541, 22.91691888148642, 2.3105608492002947, 59.360738720380674, 141.2188933617984, 230.4800501337871, 268.7863413207342, 81.63091394229687, 197.76908444020324, 75.40552485073056, 289.0222686069309]]"
10,"[[(0, 27), (0, 28), (0, 40), (12, 2), (13, 3), (13, 14), (13, 18), (13, 24), (40, 1), (40, 10), (41, 26), (16, 9), (16, 11), (16, 31), (20, 5), (20, 48), (34, 44), (37, 20), (45, 9), (3, 11), (11, 6), (26, 9), (26, 33), (31, 17), (33, 19), (36, 28), (36, 32), (39, 22), (8, 34), (24, 28), (24, 31), (44, 17), (44, 41), (7, 15), (7, 19), (7, 26), (7, 28), (7, 38), (10, 17), (10, 40), (15, 34), (19, 26), (19, 33), (35, 17), (35, 33), (23, 8), (23, 16), (23, 38), (25, 24), (25, 41), (17, 3), (43, 26), (32, 12), (32, 21), (32, 42), (14, 18), (18, 34)]]","[[150.02321133532774, 364.1135540228488, 218.7384024768713, 65.19920115054349, 17.87112041741772, 7.780871639817844, 125.87635694103024, 31.346368062226663, 867.9181013851417, 407.0326717392464, 296.9841078340644, 94.19093459909269, 63.06010391565689, 337.2716374648039, 315.0749279200001, 161.0766558504882, 197.82340906403707, 133.9744979513943, 307.0782945452668, 31.819044834723357, 117.75897116918674, 305.973065426888, 83.77496756693527, 115.98434905804613, 135.89877568299974, 35.99916008111775, 61.12932602389664, 16.979876049487558, 608.3162512293657, 45.64800028051529, 99.23098125315151, 361.52392719218983, 13.658676420522731, 33.049524100200145, 91.02097545016002, 526.3207887988181, 2.466800105263301, 359.77307744429675, 33.370419225519655, 39.96884654505963, 128.95474892327547, 44.7888456808579, 86.37644717499663, 247.2705671600378, 25.75159552918179, 223.50167858152764, 66.61253215739136, 28.566652415498304, 1.7705794241786643, 29.17952770188195, 39.4265979554862, 197.22039311427753, 230.9752066319471, 61.5753602923176, 123.82937423472251, 73.14506907570332, 285.280218246098]]"
11,"[[(0, 27), (0, 28), (0, 40), (12, 2), (13, 3), (13, 14), (13, 18), (13, 24), (40, 1), (40, 10), (41, 26), (16, 9), (16, 11), (16, 31), (20, 5), (20, 48), (34, 44), (37, 20), (45, 9), (3, 11), (11, 6), (26, 9), (26, 33), (31, 17), (33, 19), (36, 28), (36, 32), (39, 22), (8, 34), (24, 28), (24, 31), (44, 17), (44, 41), (7, 15), (7, 19), (7, 26), (7, 28), (7, 38), (10, 17), (10, 40), (15, 34), (19, 26), (19, 33), (35, 17), (35, 33), (23, 8), (23, 16), (23, 38), (25, 24), (25, 41), (17, 3), (43, 26), (32, 12), (32, 21), (32, 42), (14, 18), (18, 34)]]","[[142.1488751033388, 377.73119131521605, 207.0006691593507, 84.01851101051777, 15.973547763318958, 32.81860193326264, 117.48379077555, 47.795351448799266, 175.9444419158529, 559.2368765301749, 435.4241779481396, 101.91175453038227, 74.73424171907193, 305.1795194548764, 213.6441548613255, 212.99656870193598, 106.22584751093382, 90.04983961380928, 444.1190421009853, 22.01406437749586, 138.51833074738198, 203.98361097751615, 41.47565435106998, 111.71105297805519, 133.87568707609526, 41.356078721025575, 61.142196747747555, 20.16825138127981, 647.3945713465694, 106.25305957442265, 114.05759165246934, 299.7982982772159, 13.159064533045427, 52.384481319934515, 53.13081801845147, 325.2868278586508, 3.435940019032181, 843.9047859191729, 128.56789010137084, 58.57138085561736, 128.7835364888959, 53.757932116758774, 136.97327897143504, 252.43723631432664, 29.687954821580714, 207.05984289281892, 80.55802541045631, 29.20979482327826, 2.4750933288270582, 53.34040916589182, 108.06578657053106, 277.2641215098804, 167.81650055992415, 61.771826245666794, 85.05496887281502, 79.97902987236581, 307.66325461875596]]"
12,"[[(0, 27), (0, 28), (0, 40), (12, 2), (13, 3), (13, 14), (13, 18), (13, 24), (40, 1), (40, 10), (41, 26), (16, 9), (16, 11), (16, 31), (20, 5), (20, 48), (34, 44), (37, 20), (45, 9), (3, 11), (11, 6), (26, 9), (26, 33), (31, 17), (33, 19), (36, 28), (36, 32), (39, 22), (8, 34), (24, 28), (24, 31), (44, 17), (44, 41), (7, 15), (7, 19), (7, 26), (7, 28), (7, 38), (10, 17), (10, 40), (15, 34), (19, 26), (19, 33), (35, 17), (35, 33), (23, 8), (23, 16), (23, 38), (25, 24), (25, 41), (17, 3), (43, 26), (32, 12), (32, 21), (32, 42), (14, 18), (18, 34)]]","[[153.05698758053998, 289.5376040916419, 221.63586522717452, 40.48250291375392, 11.256632800402839, 24.021146993588452, 70.24544531840293, 45.97325791935889, 241.21311080982625, 239.86471636394063, 109.19834200724705, 95.4961069373653, 76.1927096376742, 238.6800392975408, 242.55733863608398, 56.42418421562363, 132.81425151657902, 23.149823816600634, 346.50647291234156, 17.837667871739278, 74.46827985581868, 138.12016527698773, 101.81673128551847, 123.68879510539406, 213.61656346030458, 42.65143168782227, 63.69514516382622, 40.202134875003324, 162.54860187277058, 25.28769407079033, 72.60371522193235, 277.66477122951557, 9.519131203247763, 42.46277423360578, 54.594721455859734, 342.3012535347158, 2.08814074868659, 107.19410717158866, 64.01593980346411, 36.623299962681564, 221.5429206403189, 29.85797556380524, 52.99042944222572, 247.37591706325554, 20.689482021772445, 225.07773768230157, 66.93550644515179, 33.09572484793512, 1.5379764674116272, 18.602673324682893, 76.0879203658806, 269.21638872192295, 424.1778642349315, 87.65643504722206, 92.26349790294303, 75.5881921698089, 285.7493232973521]]"
13,"[[(0, 27), (0, 28), (0, 40), (12, 2), (13, 3), (13, 14), (13, 18), (13, 24), (40, 1), (40, 10), (41, 26), (16, 9), (16, 11), (16, 31), (20, 5), (20, 48), (34, 44), (37, 20), (45, 9), (3, 11), (11, 6), (26, 9), (26, 33), (31, 17), (33, 19), (36, 28), (36, 32), (39, 22), (8, 34), (24, 28), (24, 31), (44, 17), (44, 41), (7, 15), (7, 19), (7, 26), (7, 28), (7, 38), (10, 17), (10, 40), (15, 34), (19, 26), (19, 33), (35, 17), (35, 33), (23, 8), (23, 16), (23, 38), (25, 24), (25, 41), (17, 3), (43, 26), (32, 12), (32, 21), (32, 42), (14, 18), (18, 34)]]","[[133.21146724174181, 328.2607743737491, 215.88068078493745, 76.65582947293429, 18.277910293428995, 11.644759237285662, 70.16255119567384, 50.97584495522252, 710.2011005196949, 608.0747165393573, 376.38631295142903, 94.22422472745859, 88.70226357869727, 99.22862987108195, 226.8188918646244, 392.20174142206224, 72.62732000857773, 15.845685256284526, 454.08635142841206, 16.713086385620116, 46.8796198073856, 197.2437788768267, 13.22110885308317, 98.44411976521869, 377.5164026146829, 36.646227075913096, 61.87576066275938, 30.56031468196955, 351.3682005582711, 23.23997138971755, 46.84132138514881, 344.4180616726409, 10.494780626895075, 35.8743343520666, 93.9012510017204, 415.60695202105165, 3.9301905190137196, 617.9797572087879, 132.75438474983542, 54.425767966342924, 149.10109603749171, 71.47289607785092, 132.9278134318555, 210.99212095512107, 11.562459728685798, 210.09162329435839, 72.47796653193097, 32.378984256534984, 1.3845562961965274, 69.68313366472768, 94.66085549209275, 100.19695423528663, 553.2558506693912, 88.1854316209444, 9.78553923127949, 77.66449824426817, 281.3781121405646]]"
14,"[[(0, 27), (0, 28), (0, 40), (12, 2), (13, 3), (13, 14), (13, 18), (13, 24), (40, 1), (40, 10), (41, 26), (16, 9), (16, 11), (16, 31), (20, 5), (20, 48), (34, 44), (37, 20), (45, 9), (3, 11), (11, 6), (26, 9), (26, 33), (31, 17), (33, 19), (36, 28), (36, 32), (39, 22), (8, 34), (24, 28), (24, 31), (44, 17), (44, 41), (7, 15), (7, 19), (7, 26), (7, 28), (7, 38), (10, 17), (10, 40), (15, 34), (19, 26), (19, 33), (35, 17), (35, 33), (23, 8), (23, 16), (23, 38), (25, 24), (25, 41), (17, 3), (43, 26), (32, 12), (32, 21), (32, 42), (14, 18), (18, 34)]]","[[146.7307290858167, 273.29415363554926, 221.47333688781134, 84.91985235235211, 20.75114221934129, 6.709879890724787, 110.86716666842436, 50.26201331513803, 477.5600050278571, 76.26122354603831, 38.77525296198418, 91.32105913980398, 40.04438911082029, 278.34626096880686, 67.7663348127687, 23.29914313847518, 62.23416215381666, 56.72828518053166, 269.25852082201914, 19.50024547356417, 69.39214672926806, 150.26982819327876, 90.98715493875544, 67.7598881771056, 400.8315852842159, 47.32443054312239, 63.286955021642996, 26.246113489187096, 385.7144391772226, 114.40895103326619, 38.50293434303249, 235.98581114878854, 14.916066322954102, 50.559479055725745, 47.72928496959433, 500.20941374114693, 0.1375949623009518, 278.9913435288798, 42.443006101478474, 34.740456019916834, 178.6436587883548, 53.424716626166315, 23.614491700719732, 211.5723406704613, 18.226263936326294, 202.45282305740068, 78.5133730044947, 24.04869087944408, 2.978713501532237, 67.99794673462026, 46.02353028196885, 140.10136940182406, 542.2986143042734, 49.88800097321286, 82.41896502573617, 73.57679472179177, 284.00242922048034]]"
15,"[[(0, 27), (0, 28), (0, 40), (12, 2), (13, 3), (13, 14), (13, 18), (13, 24), (40, 1), (40, 10), (41, 26), (16, 9), (16, 11), (16, 31), (20, 5), (20, 48), (34, 44), (37, 20), (45, 9), (3, 11), (11, 6), (26, 9), (26, 33), (31, 17), (33, 19), (36, 28), (36, 32), (39, 22), (8, 34), (24, 28), (24, 31), (44, 17), (44, 41), (7, 15), (7, 19), (7, 26), (7, 28), (7, 38), (10, 17), (10, 40), (15, 34), (19, 26), (19, 33), (35, 17), (35, 33), (23, 8), (23, 16), (23, 38), (25, 24), (25, 41), (17, 3), (43, 26), (32, 12), (32, 21), (32, 42), (14, 18), (18, 34)]]","[[120.77917755878232, 339.3989136881171, 211.50090764906182, 68.67490526549659, 20.088855452357222, 16.216457857069322, 130.3137526359763, 49.62575648298367, 386.31814670473926, 583.5736831320307, 351.87101297664327, 94.8923209753198, 17.377062190507957, 168.03685433341147, 316.5056124210683, 145.89974346512963, 56.920964454846676, 27.321673512241833, 205.860621244466, 37.71251425408896, 69.84251427451144, 105.49729143844412, 113.31142255854634, 89.26526940371176, 360.5255712298722, 33.46134799818001, 63.18349189827212, 33.99168466228727, 627.6005842005948, 18.308748345415786, 125.0860173783225, 374.39602923888947, 9.397701060433459, 34.48572768610088, 25.443399753863318, 324.6150422689197, 1.8068141077176976, 796.6088350906633, 188.76304515732286, 51.213838187959375, 193.31914956673936, 88.74897387707362, 209.88972705223009, 264.6087481718663, 35.90930785342322, 228.18126393192745, 77.67678323849957, 24.911444802749255, 2.8436278058132523, 59.27258633909663, 136.8745554320338, 63.3619418614905, 591.0916823046575, 74.63994533010383, 258.98376348884676, 71.7966791703084, 296.7522367784262]]"
16,"[[(0, 27), (0, 28), (0, 40), (12, 2), (13, 3), (13, 14), (13, 18), (13, 24), (40, 1), (40, 10), (41, 26), (16, 9), (16, 11), (16, 31), (20, 5), (20, 48), (34, 44), (37, 20), (45, 9), (3, 11), (11, 6), (26, 9), (26, 33), (31, 17), (33, 19), (36, 28), (36, 32), (39, 22), (8, 34), (24, 28), (24, 31), (44, 17), (44, 41), (7, 15), (7, 19), (7, 26), (7, 28), (7, 38), (10, 17), (10, 40), (15, 34), (19, 26), (19, 33), (35, 17), (35, 33), (23, 8), (23, 16), (23, 38), (25, 24), (25, 41), (17, 3), (43, 26), (32, 12), (32, 21), (32, 42), (14, 18), (18, 34)]]","[[120.29748841391078, 309.75606300180687, 220.63761932134432, 66.27246482007625, 13.674898265139674, 25.587940696475258, 62.053240346750634, 40.633625164706515, 807.2711217179899, 325.4734426115673, 175.3552323351571, 90.15118322986392, 104.21236373898627, 163.7128994935811, 254.88436452948017, 269.89938218285295, 133.3494511603665, 58.429778456055686, 252.56714564461691, 23.051887379076536, 83.85069522016836, 180.42488924713004, 38.24992580929411, 71.17666635750517, 93.90217620589266, 34.53082086793718, 60.219113506659816, 44.52090588851585, 326.080719197523, 104.69746566062658, 34.45508020732003, 414.1854497734963, 10.545182074506023, 35.86408975503571, 61.796350655195134, 531.1893154555946, 0.7014274428428333, 807.1799689990135, 49.16023907187717, 48.0031727942272, 194.646985365633, 32.477552035437725, 171.7173037634918, 254.56059746534305, 39.61583143144977, 240.62080273531353, 69.44928226690156, 30.11404278386957, 1.4395267939988272, 17.834014810326877, 128.6838116644943, 47.91248077867069, 713.025720236417, 83.12023375061065, 57.689624883090595, 74.33638992071924, 290.45546993696746]]"
17,"[[(0, 27), (0, 28), (0, 40), (12, 2), (13, 3), (13, 14), (13, 18), (13, 24), (40, 1), (40, 10), (41, 26), (16, 9), (16, 11), (16, 31), (20, 5), (20, 48), (34, 44), (37, 20), (45, 9), (3, 11), (11, 6), (26, 9), (26, 33), (31, 17), (33, 19), (36, 28), (36, 32), (39, 22), (8, 34), (24, 28), (24, 31), (44, 17), (44, 41), (7, 15), (7, 19), (7, 26), (7, 28), (7, 38), (10, 17), (10, 40), (15, 34), (19, 26), (19, 33), (35, 17), (35, 33), (23, 8), (23, 16), (23, 38), (25, 24), (25, 41), (17, 3), (43, 26), (32, 12), (32, 21), (32, 42), (14, 18), (18, 34)]]","[[143.625530146695, 301.24592610758833, 220.05893888397173, 82.47642139341016, 15.231391038212173, 28.59123389664776, 127.49907246994236, 34.909562925938275, 467.1748633597102, 137.83352732116265, 379.5140136899463, 88.86390011002091, 43.909299408024374, 341.47479402800303, 105.07389422209725, 56.54816871264249, 46.50246128322951, 63.47887483418764, 130.96516413673658, 23.45940807680487, 125.24162251495787, 264.8798986071133, 110.68343537882171, 63.07447742482284, 226.33613842269642, 38.91241858308306, 62.11821462499736, 18.87495292563954, 149.17609701178912, 13.434981825903735, 45.61200527203062, 351.2304601308422, 13.353997513941561, 33.178972153941814, 33.7656376315327, 284.7407552783598, 3.889864632639773, 486.8210691109785, 176.9977802565394, 37.36175202723068, 83.33562860518072, 72.85982271390476, 141.94855811639158, 240.89591570441107, 29.16636178383716, 240.1804324843214, 83.2539007190718, 32.083171606919194, 1.7013962982741786, 105.01855084246515, 120.64454813842974, 110.51208890814016, 423.4948031041969, 72.02050254636384, 67.93990812457056, 80.95547835332398, 306.5700808934881]]"
18,"[[(0, 27), (0, 28), (0, 40), (12, 2), (13, 3), (13, 14), (13, 18), (13, 24), (40, 1), (40, 10), (41, 26), (16, 9), (16, 11), (16, 31), (20, 5), (20, 48), (34, 44), (37, 20), (45, 9), (3, 11), (11, 6), (26, 9), (26, 33), (31, 17), (33, 19), (36, 28), (36, 32), (39, 22), (8, 34), (24, 28), (24, 31), (44, 17), (44, 41), (7, 15), (7, 19), (7, 26), (7, 28), (7, 38), (10, 17), (10, 40), (15, 34), (19, 26), (19, 33), (35, 17), (35, 33), (23, 8), (23, 16), (23, 38), (25, 24), (25, 41), (17, 3), (43, 26), (32, 12), (32, 21), (32, 42), (14, 18), (18, 34)]]","[[129.5675144991516, 286.9566044276878, 210.23725465459634, 65.79732556609261, 16.070602925638745, 30.4637367427454, 95.0017685281527, 56.77481777655235, 751.7293923326498, 618.3488382139051, 209.0937126277295, 94.09603326689535, 65.70980893015985, 315.97874284798127, 137.3912167199334, 118.11803752525748, 203.3192972366132, 34.61985033594403, 273.2950838637787, 35.31382918783961, 119.6581921236942, 306.9981100011463, 51.16455292575347, 116.65951580006225, 220.96113366839836, 40.859722382020536, 61.374845230245384, 45.96050509716774, 611.083944735248, 21.14645412108136, 131.51768504753394, 368.72430465698534, 12.619354805931717, 45.77211638594834, 23.107551331692516, 344.12036674196474, 0.6598754823404156, 817.5892726727584, 132.43793395419323, 32.47794139179223, 174.18530265677566, 58.48706650784773, 115.50737820088165, 217.33196506536916, 15.936784940533474, 202.31498279079577, 77.22128576944927, 29.834597608941454, 1.9071879372415146, 81.37230075469716, 136.77923102731356, 145.47525020578516, 246.90942015232127, 48.10174549615088, 16.323244459452035, 77.15290065870991, 277.30319182119763]]"
19,"[[(0, 27), (0, 28), (0, 40), (12, 2), (13, 3), (13, 14), (13, 18), (13, 24), (40, 1), (40, 10), (41, 26), (16, 9), (16, 11), (16, 31), (20, 5), (20, 48), (34, 44), (37, 20), (45, 9), (3, 11), (11, 6), (26, 9), (26, 33), (31, 17), (33, 19), (36, 28), (36, 32), (39, 22), (8, 34), (24, 28), (24, 31), (44, 17), (44, 41), (7, 15), (7, 19), (7, 26), (7, 28), (7, 38), (10, 17), (10, 40), (15, 34), (19, 26), (19, 33), (35, 17), (35, 33), (23, 8), (23, 16), (23, 38), (25, 24), (25, 41), (17, 3), (43, 26), (32, 12), (32, 21), (32, 42), (14, 18), (18, 34)]]","[[143.77972605424756, 308.03666544060366, 211.34732280978207, 40.11409986904838, 12.63250862257322, 20.285391386347158, 81.07554700960458, 68.91110451093274, 108.72981199555781, 451.07724624841046, 253.7870727270272, 98.43369944924984, 26.17973067591711, 175.45853894383004, 119.61091713276441, 150.7460744529876, 24.027764201293664, 173.5858298626389, 360.99791609876604, 34.322463040498555, 127.01881618533152, 239.72362481366403, 12.119760289478606, 103.3318283079382, 269.7309176070016, 43.36518190527244, 63.57302298995945, 8.951179565952843, 113.47080845874476, 89.66166167265725, 44.785098699840226, 194.89255174828844, 13.509244386382893, 50.853273249013085, 76.25061904736263, 409.297697554292, 0.26391445263538893, 173.65836504703682, 76.90116502607012, 35.769536838224326, 217.3927870400955, 68.57294952656889, 72.85961851922826, 229.27097005340752, 26.02167013929685, 211.4767252050004, 75.44399804799589, 32.54655905806298, 1.1624469279900418, 31.596691139305968, 119.55041086845534, 206.51394140540648, 167.92561696006385, 71.94512931154809, 194.3240178554917, 81.8305873428312, 318.92686908428215]]"
20,"[[(0, 27), (0, 28), (0, 40), (12, 2), (13, 3), (13, 14), (13, 18), (13, 24), (40, 1), (40, 10), (41, 26), (16, 9), (16, 11), (16, 31), (20, 5), (20, 48), (34, 44), (37, 20), (45, 9), (3, 11), (11, 6), (26, 9), (26, 33), (31, 17), (33, 19), (36, 28), (36, 32), (39, 22), (8, 34), (24, 28), (24, 31), (44, 17), (44, 41), (7, 15), (7, 19), (7, 26), (7, 28), (7, 38), (10, 17), (10, 40), (15, 34), (19, 26), (19, 33), (35, 17), (35, 33), (23, 8), (23, 16), (23, 38), (25, 24), (25, 41), (17, 3), (43, 26), (32, 12), (32, 21), (32, 42), (14, 18), (18, 34)]]","[[146.0531382047086, 343.17207439472605, 220.50115378119148, 84.28823028311555, 15.6289347043598, 20.82103124542861, 132.08828462931598, 26.168865728791328, 488.09045210193506, 472.9139692769525, 151.07932576713335, 93.4941734961412, 96.49630228435632, 225.33848835613142, 289.3613301436533, 187.4606516272834, 64.12154607977845, 178.90884456867806, 368.6708123819831, 11.836096819993417, 100.0886065175424, 262.8792946963212, 15.589569929531784, 75.30933448944181, 209.9834486218117, 44.731119997808975, 60.56180105216218, 13.245397929162927, 543.7840365235272, 64.61794102518199, 106.47102955235778, 296.1979883618989, 9.78523465136769, 36.72455393129672, 32.78624228553421, 358.96476706545286, 1.1109173094889973, 652.8541956843474, 49.79811043972025, 30.803843780427567, 96.67165079589577, 91.53575704224973, 86.73327038594157, 285.06772356060515, 13.795989090080216, 240.37180453145524, 74.46654458245041, 32.03516140829386, 1.279730759623299, 100.60702445282516, 56.15591187272891, 214.93762837383989, 391.5140322591182, 57.10393652626044, 32.71811471478791, 81.95882617041016, 304.7836867560513]]"
21,"[[(0, 27), (0, 28), (0, 40), (12, 2), (13, 3), (13, 14), (13, 18), (13, 24), (40, 1), (40, 10), (41, 26), (16, 9), (16, 11), (16, 31), (20, 5), (20, 48), (34, 44), (37, 20), (45, 9), (3, 11), (11, 6), (26, 9), (26, 33), (31, 17), (33, 19), (36, 28), (36, 32), (39, 22), (8, 34), (24, 28), (24, 31), (44, 17), (44, 41), (7, 15), (7, 19), (7, 26), (7, 28), (7, 38), (10, 17), (10, 40), (15, 34), (19, 26), (19, 33), (35, 17), (35, 33), (23, 8), (23, 16), (23, 38), (25, 24), (25, 41), (17, 3), (43, 26), (32, 12), (32, 21), (32, 42), (14, 18), (18, 34)]]","[[139.4162874201659, 249.5014570924571, 211.92974216030024, 27.912721203420723, 11.946386405161855, 6.527521375467761, 128.74721593383458, 25.137812527637443, 676.582843372769, 362.7344910233926, 411.17670351196205, 95.15557003454107, 100.47297298137933, 195.93051814137704, 204.35064402914, 305.1395127060732, 208.40283576615394, 113.6455043404459, 178.7874624787408, 25.181554281051852, 28.865330494151696, 122.58764687061193, 95.35798702885948, 116.56390174363986, 430.04837306987355, 44.82639490321554, 62.376372139187396, 24.020034390072787, 242.06037576527723, 44.66499028380358, 126.64735232038416, 339.4069016726511, 12.206892119564209, 39.498328181207924, 54.63217386688026, 262.3610481895921, 2.637844983360301, 473.2205562266793, 96.3838795796364, 40.93217667505127, 139.66498071717274, 120.77269218797738, 161.53467313218346, 278.1763712328558, 25.520666083529054, 244.07713817155368, 83.56313733119185, 31.81064974723281, 1.5848021491415085, 49.073597722293776, 102.91319744165204, 75.47205882366679, 401.1127805485816, 52.06272091932953, 49.80428532709782, 78.46223888864694, 279.1262739535735]]"
22,"[[(0, 27), (0, 28), (0, 40), (12, 2), (13, 3), (13, 14), (13, 18), (13, 24), (40, 1), (40, 10), (41, 26), (16, 9), (16, 11), (16, 31), (20, 5), (20, 48), (34, 44), (37, 20), (45, 9), (3, 11), (11, 6), (26, 9), (26, 33), (31, 17), (33, 19), (36, 28), (36, 32), (39, 22), (8, 34), (24, 28), (24, 31), (44, 17), (44, 41), (7, 15), (7, 19), (7, 26), (7, 28), (7, 38), (10, 17), (10, 40), (15, 34), (19, 26), (19, 33), (35, 17), (35, 33), (23, 8), (23, 16), (23, 38), (25, 24), (25, 41), (17, 3), (43, 26), (32, 12), (32, 21), (32, 42), (14, 18), (18, 34)]]","[[134.6514416237955, 253.70926169598113, 220.90750028053344, 73.27711418886153, 15.562965810181836, 9.633478596691956, 123.60615423657381, 34.43067377603814, 102.48838100559367, 162.80773076249685, 201.97679207904358, 90.29938405047942, 41.881034778045745, 131.33771934745187, 69.14814032514795, 98.46412428695719, 134.95078483194968, 180.3771938829452, 295.0269167108909, 23.782748859606507, 121.51505405156138, 168.35228615178158, 91.9596264550877, 88.21305131032443, 195.74380904200586, 40.16396012453146, 60.28826972396365, 46.46288456112736, 63.9092388981925, 25.526993853332698, 57.19586818564409, 216.1666551460679, 14.250303796446776, 46.38030731595804, 61.26916045874538, 492.2029542339367, 3.3565035239788004, 228.09380917268987, 140.38742106879857, 32.24002910591457, 185.1019797013311, 32.713800783652054, 217.18022438992108, 242.1920126172401, 17.150315299575258, 238.3987822009553, 79.82710715351789, 33.155158831336884, 2.221800019864374, 26.347256928146074, 58.35049740455165, 30.04387198113581, 648.6020007083038, 63.333876334472585, 267.3322988957955, 72.44086077443873, 303.5192738892129]]"
23,"[[(0, 27), (0, 28), (0, 40), (12, 2), (13, 3), (13, 14), (13, 18), (13, 24), (40, 1), (40, 10), (41, 26), (16, 9), (16, 11), (16, 31), (20, 5), (20, 48), (34, 44), (37, 20), (45, 9), (3, 11), (11, 6), (26, 9), (26, 33), (31, 17), (33, 19), (36, 28), (36, 32), (39, 22), (8, 34), (24, 28), (24, 31), (44, 17), (44, 41), (7, 15), (7, 19), (7, 26), (7, 28), (7, 38), (10, 17), (10, 40), (15, 34), (19, 26), (19, 33), (35, 17), (35, 33), (23, 8), (23, 16), (23, 38), (25, 24), (25, 41), (17, 3), (43, 26), (32, 12), (32, 21), (32, 42), (14, 18), (18, 34)]]","[[140.6714949800786, 362.00000800804645, 213.73581323115707, 27.725877486880606, 18.957779429885303, 31.470953785325477, 55.95932100088267, 34.44619613335435, 513.4831679445748, 390.17400123997163, 489.09325757067575, 95.15015854025118, 34.215567392852236, 242.32132965753635, 169.5591991089645, 373.1002783105732, 156.8353115850401, 130.27419657360468, 183.2746152321387, 15.873637726370767, 138.85387870112552, 244.08892490151868, 70.6465430141653, 96.08381347249716, 384.8303367988615, 37.7474863971334, 63.19774693464585, 13.228880428346358, 623.6157713913989, 68.73152459153934, 146.0560152124012, 351.996550668141, 12.686317831082501, 45.463130576723955, 17.89815731678782, 554.7675560386448, 1.2996085029362914, 207.68013336870413, 156.17977656565708, 48.40026408478536, 200.5552811236008, 120.65911735555099, 213.73946021271956, 210.5136626960093, 33.08973692096994, 229.16747906211148, 79.54852864978507, 30.495505969702364, 1.0236392243834471, 56.6809590814574, 54.808562507631535, 285.939486553502, 29.936071437915928, 56.98346317708812, 224.097998848076, 72.63625552016238, 293.67292722802745]]"
24,"[[(0, 27), (0, 28), (0, 40), (12, 2), (13, 3), (13, 14), (13, 18), (13, 24), (40, 1), (40, 10), (41, 26), (16, 9), (16, 11), (16, 31), (20, 5), (20, 48), (34, 44), (37, 20), (45, 9), (3, 11), (11, 6), (26, 9), (26, 33), (31, 17), (33, 19), (36, 28), (36, 32), (39, 22), (8, 34), (24, 28), (24, 31), (44, 17), (44, 41), (7, 15), (7, 19), (7, 26), (7, 28), (7, 38), (10, 17), (10, 40), (15, 34), (19, 26), (19, 33), (35, 17), (35, 33), (23, 8), (23, 16), (23, 38), (25, 24), (25, 41), (17, 3), (43, 26), (32, 12), (32, 21), (32, 42), (14, 18), (18, 34)]]","[[148.3875060178799, 239.08371134246994, 219.62614749436327, 63.17737635110052, 14.458696529641557, 10.382602895418382, 114.56813527426836, 53.38236907311413, 476.6502722093884, 428.0461892934713, 413.0439276440085, 95.04389735725493, 20.61139186102003, 153.8218100668891, 62.658241210338616, 268.84626789390643, 57.53846337784156, 19.10959731432177, 426.47700048407967, 11.194134150219428, 111.7588205778855, 219.84593406392435, 92.50349775121052, 119.23092118686104, 416.86926154452675, 40.37037967964004, 61.985550256756916, 36.779662408337366, 463.31844650309307, 20.669992003906756, 73.93288378426466, 364.26193560932734, 13.96311331724559, 40.337618677306494, 34.981492698842054, 150.5997252157292, 1.029575677722176, 127.38103849136343, 111.56106321188355, 38.966322768011395, 146.3532442432758, 81.35690781594656, 64.1290669543777, 238.20917192004958, 14.82905067301294, 232.00283622723762, 76.61924856165317, 32.696592360472664, 2.666713476867095, 25.878170219931185, 116.17974008997487, 265.8617880471511, 237.34738493968513, 88.71314260963536, 201.6259355634693, 80.0043921967118, 295.2224321517526]]"
25,"[[(0, 27), (0, 28), (0, 40), (12, 2), (13, 3), (13, 14), (13, 18), (13, 24), (40, 1), (40, 10), (41, 26), (16, 9), (16, 11), (16, 31), (20, 5), (20, 48), (34, 44), (37, 20), (45, 9), (3, 11), (11, 6), (26, 9), (26, 33), (31, 17), (33, 19), (36, 28), (36, 32), (39, 22), (8, 34), (24, 28), (24, 31), (44, 17), (44, 41), (7, 15), (7, 19), (7, 26), (7, 28), (7, 38), (10, 17), (10, 40), (15, 34), (19, 26), (19, 33), (35, 17), (35, 33), (23, 8), (23, 16), (23, 38), (25, 24), (25, 41), (17, 3), (43, 26), (32, 12), (32, 21), (32, 42), (14, 18), (18, 34)]]","[[123.84929836271579, 315.77991583102096, 219.81173007058908, 56.766195647622155, 20.857622129211947, 14.821638095787497, 67.97429355995502, 45.777977935576, 542.8430170232486, 169.03819731152424, 82.35157736252975, 90.72468759352988, 111.12002335754202, 70.19894226920965, 187.2570494863257, 69.36186565636297, 80.75193549873356, 24.412841318009182, 227.15847973867466, 22.504453381932702, 115.76966464888157, 236.25021162618276, 75.56423782808764, 109.72320405118317, 200.75628887159132, 47.692166172406786, 62.41323431754773, 36.283657011488074, 532.4399900395186, 36.531561515027455, 136.0419293909143, 275.91707530688313, 13.567785122706507, 29.861595075945075, 16.445027352834913, 367.99578821891646, 1.8692923426661103, 140.6923764430439, 29.581006021106365, 52.4108066514666, 263.75523504163436, 47.07249667321564, 104.20498442704132, 271.8220589065792, 12.705374100736915, 201.95513435263797, 72.18112655194538, 22.600705876183316, 2.4487873394768105, 108.30412221585968, 84.90673715160193, 150.25734917573507, 53.774640686717994, 52.557055782871785, 162.7073806429223, 77.80420666950123, 297.71948683754295]]"
26,"[[(0, 27), (0, 28), (0, 40), (12, 2), (13, 3), (13, 14), (13, 18), (13, 24), (40, 1), (40, 10), (41, 26), (16, 9), (16, 11), (16, 31), (20, 5), (20, 48), (34, 44), (37, 20), (45, 9), (3, 11), (11, 6), (26, 9), (26, 33), (31, 17), (33, 19), (36, 28), (36, 32), (39, 22), (8, 34), (24, 28), (24, 31), (44, 17), (44, 41), (7, 15), (7, 19), (7, 26), (7, 28), (7, 38), (10, 17), (10, 40), (15, 34), (19, 26), (19, 33), (35, 17), (35, 33), (23, 8), (23, 16), (23, 38), (25, 24), (25, 41), (17, 3), (43, 26), (32, 12), (32, 21), (32, 42), (14, 18), (18, 34)]]","[[154.8580451791732, 384.0444523016024, 214.89188965934034, 81.88677643929039, 16.744840991161023, 19.92955238112209, 104.83539512516897, 64.60180238147038, 435.58765557721426, 456.8864960145352, 249.89948453972903, 97.15942288779638, 28.793096287549538, 244.1849192356367, 226.94095282251496, 219.82176553889187, 153.92857877345932, 40.723856233195676, 385.79189738467795, 32.85346528294581, 42.56381227710688, 267.1144194354531, 95.2339346130856, 118.21192075188343, 199.92689259572967, 40.19742324071701, 63.146267302993834, 20.68268425542154, 706.1040766871668, 102.74115742309084, 116.77667144941398, 239.19900453871762, 14.956470251281766, 37.25752203788966, 36.95012071701278, 261.09352755273983, 1.5691693762032908, 374.68959274800363, 73.94350136290059, 56.27898942360885, 157.00176721906774, 21.770137314986563, 51.799297384722294, 230.05647347908243, 22.633947039313906, 244.19530413153967, 82.86478118180484, 34.898768531834065, 2.612123199963551, 11.8216524345768, 88.64418706699298, 265.1331651789223, 483.24173270735434, 80.07570666344904, 221.6982918670167, 75.66106389869775, 284.6116110319151]]"
27,"[[(0, 27), (0, 28), (0, 40), (12, 2), (13, 3), (13, 14), (13, 18), (13, 24), (40, 1), (40, 10), (41, 26), (16, 9), (16, 11), (16, 31), (20, 5), (20, 48), (34, 44), (37, 20), (45, 9), (3, 11), (11, 6), (26, 9), (26, 33), (31, 17), (33, 19), (36, 28), (36, 32), (39, 22), (8, 34), (24, 28), (24, 31), (44, 17), (44, 41), (7, 15), (7, 19), (7, 26), (7, 28), (7, 38), (10, 17), (10, 40), (15, 34), (19, 26), (19, 33), (35, 17), (35, 33), (23, 8), (23, 16), (23, 38), (25, 24), (25, 41), (17, 3), (43, 26), (32, 12), (32, 21), (32, 42), (14, 18), (18, 34)]]","[[130.4890020375179, 366.1536922168237, 214.01536766141547, 22.27908696885774, 20.08740605133695, 31.799480425411645, 90.72545778693141, 67.09743276739991, 826.3315480209362, 129.52577889530687, 110.93540866172893, 88.13581042469713, 82.10200135845616, 210.48105859157792, 68.83863085614274, 263.9705254536477, 197.66740084487614, 73.4728934575487, 247.516356188816, 36.98938962939556, 133.65909753027938, 222.36782947761597, 77.50321719230476, 118.14490923076131, 193.4508846382131, 47.8416905414, 63.614349181830065, 39.83720360351966, 214.55498141510054, 37.856671886458855, 46.48160559022433, 295.3421744637786, 13.82586216865531, 47.928578483058374, 53.39483490405826, 370.88040519775933, 1.485309192463402, 428.6109139142438, 41.332563995727384, 37.544723238235534, 108.45823040794289, 42.306174083571776, 168.34177316931564, 259.4234447423511, 21.23806776923398, 207.43713916360798, 84.76736117176046, 28.596483031387812, 1.97187968524144, 108.69662380514886, 103.5953254456889, 153.4324170628488, 139.83505945134556, 82.85006722931931, 170.53791247109606, 73.38332005488721, 289.55733995857304]]"
28,"[[(0, 27), (0, 28), (0, 40), (12, 2), (13, 3), (13, 14), (13, 18), (13, 24), (40, 1), (40, 10), (41, 26), (16, 9), (16, 11), (16, 31), (20, 5), (20, 48), (34, 44), (37, 20), (45, 9), (3, 11), (11, 6), (26, 9), (26, 33), (31, 17), (33, 19), (36, 28), (36, 32), (39, 22), (8, 34), (24, 28), (24, 31), (44, 17), (44, 41), (7, 15), (7, 19), (7, 26), (7, 28), (7, 38), (10, 17), (10, 40), (15, 34), (19, 26), (19, 33), (35, 17), (35, 33), (23, 8), (23, 16), (23, 38), (25, 24), (25, 41), (17, 3), (43, 26), (32, 12), (32, 21), (32, 42), (14, 18), (18, 34)]]","[[122.48085470092111, 268.47564381783485, 220.52505788623125, 69.9517377449329, 17.65054955965616, 13.973467090255093, 59.18366982790117, 64.56964799754275, 221.3711954771478, 299.3621891654004, 93.59267072289653, 94.9010703449247, 87.24020430477876, 226.62795952095482, 321.495186758543, 261.7978995526926, 106.70668229235059, 28.127636201437802, 208.47304747419986, 16.046269535048605, 119.00884475920599, 253.7224292262595, 114.77859278696775, 95.10299398584328, 91.65099852284145, 45.36314982253434, 63.02345538911667, 18.395954381877978, 429.39455748722713, 69.65141861586761, 68.69005146282171, 280.97723112399143, 12.19144182350637, 46.307371416605264, 20.710862535653177, 423.6857578173507, 2.6752527514437845, 689.7462502583938, 180.51876789252685, 31.74306786002305, 203.61834423877266, 31.800580634042838, 201.04303659586714, 246.1096715518571, 34.051679553654395, 246.63480810853258, 75.39226800330619, 29.01515945391749, 1.7059884157876835, 96.51794754980399, 107.83318295069901, 259.75715602013247, 288.40089576403636, 65.39366093902868, 130.1276287593409, 81.17686131696342, 297.3523248399563]]"
29,"[[(0, 27), (0, 28), (0, 40), (12, 2), (13, 3), (13, 14), (13, 18), (13, 24), (40, 1), (40, 10), (41, 26), (16, 9), (16, 11), (16, 31), (20, 5), (20, 48), (34, 44), (37, 20), (45, 9), (3, 11), (11, 6), (26, 9), (26, 33), (31, 17), (33, 19), (36, 28), (36, 32), (39, 22), (8, 34), (24, 28), (24, 31), (44, 17), (44, 41), (7, 15), (7, 19), (7, 26), (7, 28), (7, 38), (10, 17), (10, 40), (15, 34), (19, 26), (19, 33), (35, 17), (35, 33), (23, 8), (23, 16), (23, 38), (25, 24), (25, 41), (17, 3), (43, 26), (32, 12), (32, 21), (32, 42), (14, 18), (18, 34)]]","[[137.4355473440519, 310.83591958700066, 221.8248754243527, 61.92886852814485, 19.763379641968015, 5.382615701444859, 125.95615458131617, 27.523540354838815, 63.10022124240524, 241.47362341750235, 257.866120053328, 89.50078901230329, 41.35559139150375, 166.16022770531097, 286.8567230012152, 75.14454420125443, 91.60702592498902, 106.84636873833155, 153.06268596605815, 31.09308083827485, 57.82633037130386, 108.76225800561784, 33.34069391524818, 87.53322206145617, 263.8180340101887, 33.837903885476564, 63.39899601971466, 29.87848207725601, 716.5953478653132, 97.27787326985802, 142.29349300167047, 362.0412171149462, 12.493816892096277, 43.61367186964084, 34.53748371316874, 274.52663973319835, 1.806415532925226, 523.6552010437063, 16.55576804909342, 48.61983046506964, 193.96131735175447, 82.17335873022029, 47.85025016778501, 243.7701163678099, 19.382930943454145, 210.07911684358785, 76.10630777049613, 31.904665441269913, 1.7151997091789564, 45.58126803242451, 112.80262392152568, 46.91273241132592, 603.0574091772057, 52.10568116892715, 40.44602090869299, 77.82602713849452, 276.792672428375]]"
30,"[[(0, 27), (0, 28), (0, 40), (12, 2), (13, 3), (13, 14), (13, 18), (13, 24), (40, 1), (40, 10), (41, 26), (16, 9), (16, 11), (16, 31), (20, 5), (20, 48), (34, 44), (37, 20), (45, 9), (3, 11), (11, 6), (26, 9), (26, 33), (31, 17), (33, 19), (36, 28), (36, 32), (39, 22), (8, 34), (24, 28), (24, 31), (44, 17), (44, 41), (7, 15), (7, 19), (7, 26), (7, 28), (7, 38), (10, 17), (10, 40), (15, 34), (19, 26), (19, 33), (35, 17), (35, 33), (23, 8), (23, 16), (23, 38), (25, 24), (25, 41), (17, 3), (43, 26), (32, 12), (32, 21), (32, 42), (14, 18), (18, 34)]]","[[152.93508509279914, 337.37139931961497, 207.3862428377318, 25.19226337621621, 20.034764994344776, 12.104654741061346, 90.97027201324212, 56.333103987814965, 81.0550075559785, 181.21220933540334, 235.48789952267956, 97.32969865311841, 110.92597203220541, 119.12712359375914, 75.47682176112289, 85.02374918961398, 98.51435178169753, 43.185014505221055, 398.1110032149636, 32.916362653454286, 78.97600454611023, 130.4298598997235, 123.01684250464314, 68.85065962972867, 287.27230403959027, 44.1757652199575, 60.17133162155182, 11.98806054099154, 237.5794742324727, 63.55563059120511, 67.21103251174162, 407.8618728957579, 12.43741202750282, 42.46061814123057, 80.11662871845775, 215.15660439750718, 0.2710903645312257, 602.1477370787952, 113.02644803874907, 52.07274938815037, 255.5873049018789, 28.158753981160405, 106.01249587240049, 246.19173531571005, 11.286207077770044, 203.1551051798288, 79.61956028190599, 32.78251434013995, 1.339683188079218, 80.62616573753442, 119.90060673276926, 74.32150492308833, 492.0640860042868, 57.34699916196085, 164.30504481483007, 77.25044417431135, 277.2645687400021]]"
31,"[[(0, 27), (0, 28), (0, 40), (12, 2), (13, 3), (13, 14), (13, 18), (13, 24), (40, 1), (40, 10), (41, 26), (16, 9), (16, 11), (16, 31), (20, 5), (20, 48), (34, 44), (37, 20), (45, 9), (3, 11), (11, 6), (26, 9), (26, 33), (31, 17), (33, 19), (36, 28), (36, 32), (39, 22), (8, 34), (24, 28), (24, 31), (44, 17), (44, 41), (7, 15), (7, 19), (7, 26), (7, 28), (7, 38), (10, 17), (10, 40), (15, 34), (19, 26), (19, 33), (35, 17), (35, 33), (23, 8), (23, 16), (23, 38), (25, 24), (25, 41), (17, 3), (43, 26), (32, 12), (32, 21), (32, 42), (14, 18), (18, 34)]]","[[128.5073607936734, 262.87021718185684, 213.75762658014386, 41.84001140873343, 18.16501316117931, 8.79426401491398, 82.96700888373908, 54.71890980287161, 337.2922185638338, 301.4373061873, 367.74338824874076, 91.0736917697048, 104.28804324972972, 120.78424283381621, 358.61895852951307, 205.25005926369462, 36.30695465109885, 169.69089217875225, 247.25251355688908, 23.644243167594826, 87.07815701522046, 128.52835045434261, 97.60196570295315, 65.480104372438, 122.91254775385696, 42.43998601987333, 60.10723799079636, 47.12070288101793, 421.1415943599318, 75.64457760448803, 112.81306554339969, 401.6457895488837, 9.11919805718252, 46.949141308141606, 32.857705856260374, 247.55158652178017, 1.69420183627357, 690.8922497281549, 169.68753213891404, 30.518398658106058, 203.13876877678555, 32.48134713111951, 213.05595975941432, 236.24791724148906, 36.92917342861912, 212.23013409463914, 65.98111505373801, 25.155554603781187, 2.8019081147228286, 42.586523213428656, 111.04989714558845, 173.85442423488695, 402.6003808253961, 59.26806732054539, 224.19633559420254, 74.65061321195583, 294.48144453367684]]"
32,"[[(0, 27), (0, 28), (0, 40), (12, 2), (13, 3), (13, 14), (13, 18), (13, 24), (40, 1), (40, 10), (41, 26), (16, 9), (16, 11), (16, 31), (20, 5), (20, 48), (34, 44), (37, 20), (45, 9), (3, 11), (11, 6), (26, 9), (26, 33), (31, 17), (33, 19), (36, 28), (36, 32), (39, 22), (8, 34), (24, 28), (24, 31), (44, 17), (44, 41), (7, 15), (7, 19), (7, 26), (7, 28), (7, 38), (10, 17), (10, 40), (15, 34), (19, 26), (19, 33), (35, 17), (35, 33), (23, 8), (23, 16), (23, 38), (25, 24), (25, 41), (17, 3), (43, 26), (32, 12), (32, 21), (32, 42), (14, 18), (18, 34)]]","[[147.23908012091974, 347.1359713889169, 208.94915829032533, 82.78307707237467, 14.03055680876739, 13.262881475844695, 71.11405283699847, 31.74095274852617, 233.00394214359903, 363.7912178654056, 371.64153275128615, 93.4073288040481, 114.72755082768487, 330.97309214738544, 163.7605753968049, 34.52318702287054, 187.206020309459, 135.356775313324, 264.09720314226126, 18.229087843088326, 115.64863813526915, 75.51119354640676, 66.05767735324719, 69.3220328413478, 136.47857390293723, 35.56905489812944, 61.987222227763105, 39.955701340915546, 695.6487601694811, 7.6960919441353255, 137.47282807474534, 244.59802240701447, 12.702553453943015, 48.62389551449813, 22.630024335408418, 314.9043141716521, 1.7673119644960749, 223.82596230897258, 87.65466598922208, 55.87035304734425, 138.45042053536082, 88.8453119524081, 187.00708940489463, 223.90517219308205, 40.15411013949849, 212.27530702260634, 71.26243619593312, 32.8980241185576, 1.2368686274665306, 55.354424623523194, 41.78487935965226, 223.36885500405924, 51.77767599266235, 54.18992893342895, 95.97437792347266, 71.05103712087599, 277.9724209017989]]"
33,"[[(0, 27), (0, 28), (0, 40), (12, 2), (13, 3), (13, 14), (13, 18), (13, 24), (40, 1), (40, 10), (41, 26), (16, 9), (16, 11), (16, 31), (20, 5), (20, 48), (34, 44), (37, 20), (45, 9), (3, 11), (11, 6), (26, 9), (26, 33), (31, 17), (33, 19), (36, 28), (36, 32), (39, 22), (8, 34), (24, 28), (24, 31), (44, 17), (44, 41), (7, 15), (7, 19), (7, 26), (7, 28), (7, 38), (10, 17), (10, 40), (15, 34), (19, 26), (19, 33), (35, 17), (35, 33), (23, 8), (23, 16), (23, 38), (25, 24), (25, 41), (17, 3), (43, 26), (32, 12), (32, 21), (32, 42), (14, 18), (18, 34)]]","[[144.92640301113912, 330.81042227924115, 209.0334120441904, 61.28368724932787, 17.956778184519592, 5.176913500235672, 93.22849138721391, 43.44490043398595, 827.3709577222817, 237.30126754784345, 118.4665923809772, 97.04058014498726, 31.23248899866863, 69.73828074859614, 67.03312026453679, 383.26942953982683, 210.75443170573456, 18.463941891651768, 315.4748578249847, 15.762034613229806, 62.40103214262417, 265.2157406642321, 36.57706222287738, 112.82287053790229, 173.95299680133775, 36.068255776079155, 60.62246405736043, 31.04762657317691, 299.2332510866195, 55.84147829333034, 33.391480546074185, 187.23822173865867, 10.96528531590847, 32.13625825813348, 81.58721614039379, 495.4394392576005, 0.9061534181565509, 399.68242807836384, 28.812828378720813, 38.03148468622976, 186.53405194964117, 111.21645692225079, 226.17140480427187, 212.46976679179812, 39.59135341867001, 202.24089572129003, 71.67983456183224, 33.21580637429478, 1.920430120925559, 74.19536717499798, 116.69775057999553, 160.4846924028096, 748.2066179827134, 51.577076275643755, 104.41344668066043, 77.07774247899843, 299.9703883465132]]"
34,"[[(0, 27), (0, 28), (0, 40), (12, 2), (13, 3), (13, 14), (13, 18), (13, 24), (40, 1), (40, 10), (41, 26), (16, 9), (16, 11), (16, 31), (20, 5), (20, 48), (34, 44), (37, 20), (45, 9), (3, 11), (11, 6), (26, 9), (26, 33), (31, 17), (33, 19), (36, 28), (36, 32), (39, 22), (8, 34), (24, 28), (24, 31), (44, 17), (44, 41), (7, 15), (7, 19), (7, 26), (7, 28), (7, 38), (10, 17), (10, 40), (15, 34), (19, 26), (19, 33), (35, 17), (35, 33), (23, 8), (23, 16), (23, 38), (25, 24), (25, 41), (17, 3), (43, 26), (32, 12), (32, 21), (32, 42), (14, 18), (18, 34)]]","[[132.30182349693845, 321.85470664807804, 211.41813141839395, 64.52589651224447, 19.594152044486364, 26.909917393469463, 133.07836407064156, 66.65988598976985, 166.7318354388287, 503.36283805540535, 391.70292199672724, 100.73653856061546, 37.75045462798202, 125.45792246757068, 353.20331602565915, 323.55318148247545, 69.35256145454917, 119.27528371901009, 350.0604975096701, 18.34020472508012, 87.89624450842709, 22.550178923390867, 118.90017851874698, 108.8896242629144, 342.0463449876903, 33.82395292218488, 60.790977510047604, 20.722530991799534, 197.81355683054744, 79.05577082291819, 43.49619499305889, 183.8312873597233, 9.006174494525617, 32.148827340680775, 91.53775544301631, 406.71251453304546, 2.607600129568726, 363.60459914779074, 45.76206049268301, 46.80768606904341, 87.37280777724247, 120.49377121260979, 136.5620466387577, 280.64384749671774, 22.64634283769864, 240.5781452668811, 75.8458774404675, 22.211807051664646, 2.0470560867758625, 50.034051368225114, 142.1677918365042, 158.59562268650944, 567.4434022639766, 65.39863390089923, 271.30943386228495, 75.43379349874861, 312.6768626477171]]"
35,"[[(0, 27), (0, 28), (0, 40), (12, 2), (13, 3), (13, 14), (13, 18), (13, 24), (40, 1), (40, 10), (41, 26), (16, 9), (16, 11), (16, 31), (20, 5), (20, 48), (34, 44), (37, 20), (45, 9), (3, 11), (11, 6), (26, 9), (26, 33), (31, 17), (33, 19), (36, 28), (36, 32), (39, 22), (8, 34), (24, 28), (24, 31), (44, 17), (44, 41), (7, 15), (7, 19), (7, 26), (7, 28), (7, 38), (10, 17), (10, 40), (15, 34), (19, 26), (19, 33), (35, 17), (35, 33), (23, 8), (23, 16), (23, 38), (25, 24), (25, 41), (17, 3), (43, 26), (32, 12), (32, 21), (32, 42), (14, 18), (18, 34)]]","[[148.4406483592313, 339.91990680226314, 215.60603969450784, 40.96369169542845, 11.008425623602381, 14.025502364744824, 64.7313892610961, 64.24981757374275, 443.31273125623574, 25.339079372260137, 408.48875896191066, 92.91413123306889, 62.69355471173525, 104.65125186046743, 165.90047774076297, 160.39226334255116, 213.24141166247074, 149.59574759965838, 403.3763730725358, 25.59831827445752, 71.96154765370555, 34.95304387157574, 59.35784821138175, 102.3725245915831, 145.58846390162213, 47.503208152465874, 60.99468129649021, 44.38707918261644, 331.6002535133328, 46.068640575377366, 38.04732701896434, 321.4869445102637, 11.529356384804071, 41.60648233448954, 59.961754517439324, 494.27950317034583, 1.638387060364726, 53.65920967993351, 64.44433428160963, 33.432539649250714, 178.1116222157584, 43.09527832913619, 66.14368534720131, 235.464959491486, 22.385421477742483, 214.94268482075609, 75.24975493549005, 26.346019737509422, 1.9183044711357113, 42.64062086227749, 128.79081127066723, 133.62988680061912, 218.54703525868584, 53.59762677173567, 12.197283697026695, 75.37041628056943, 307.6923376283405]]"
36,"[[(0, 27), (0, 28), (0, 40), (12, 2), (13, 3), (13, 14), (13, 18), (13, 24), (40, 1), (40, 10), (41, 26), (16, 9), (16, 11), (16, 31), (20, 5), (20, 48), (34, 44), (37, 20), (45, 9), (3, 11), (11, 6), (26, 9), (26, 33), (31, 17), (33, 19), (36, 28), (36, 32), (39, 22), (8, 34), (24, 28), (24, 31), (44, 17), (44, 41), (7, 15), (7, 19), (7, 26), (7, 28), (7, 38), (10, 17), (10, 40), (15, 34), (19, 26), (19, 33), (35, 17), (35, 33), (23, 8), (23, 16), (23, 38), (25, 24), (25, 41), (17, 3), (43, 26), (32, 12), (32, 21), (32, 42), (14, 18), (18, 34)]]","[[153.0709714400865, 288.44610408855095, 213.74716990860477, 35.89744354699593, 15.295161376631436, 21.993517759295152, 77.14896151645638, 34.35446675475878, 74.48798442766468, 244.96354775458596, 277.3841942638692, 95.6787378238166, 102.39579999530736, 286.7446554707368, 320.3048182448997, 90.21076094452155, 173.70827153127894, 67.72818363605974, 278.47160606442844, 20.970354793211982, 93.96382970356434, 177.55568168195234, 39.94504403004203, 101.42983203482628, 399.9517135444535, 45.38216375535178, 62.17768735700081, 21.923630367968748, 596.286677857366, 95.2530883165138, 88.75380173806968, 205.0854227001734, 14.250691766162706, 30.800937137269525, 25.220348751257387, 526.3872611739599, 1.582566139306485, 315.15006703703096, 135.48940293865047, 46.85721947329538, 251.98059916650325, 49.264320253561195, 61.976715602244326, 223.4868518715642, 39.34036179931276, 225.12912388937224, 79.18900894511887, 28.441832812344813, 2.5056488616644597, 75.26328112603156, 45.91261708288275, 90.89517586750573, 727.9523220840885, 87.54034895130866, 154.74223367710567, 81.94850524304098, 283.3289886737693]]"
37,"[[(0, 27), (0, 28), (0, 40), (12, 2), (13, 3), (13, 14), (13, 18), (13, 24), (40, 1), (40, 10), (41, 26), (16, 9), (16, 11), (16, 31), (20, 5), (20, 48), (34, 44), (37, 20), (45, 9), (3, 11), (11, 6), (26, 9), (26, 33), (31, 17), (33, 19), (36, 28), (36, 32), (39, 22), (8, 34), (24, 28), (24, 31), (44, 17), (44, 41), (7, 15), (7, 19), (7, 26), (7, 28), (7, 38), (10, 17), (10, 40), (15, 34), (19, 26), (19, 33), (35, 17), (35, 33), (23, 8), (23, 16), (23, 38), (25, 24), (25, 41), (17, 3), (43, 26), (32, 12), (32, 21), (32, 42), (14, 18), (18, 34)]]","[[123.10679247142724, 226.7015036175746, 212.77303567332027, 94.24900856785938, 12.78098838750982, 26.887507737854733, 129.71206941512622, 30.988367760300232, 130.42908437062988, 332.7654165565539, 228.30595764698865, 94.57344681702831, 76.21677002217949, 172.36660650572625, 307.8865379140447, 23.994779308979453, 66.3185151391518, 17.222085272530926, 285.1575385369726, 24.992421114174793, 38.985965845558184, 227.2776403434539, 114.93089887511357, 63.69961375650631, 287.3134942959016, 37.76876575668061, 61.91139044905903, 33.655990544535825, 630.4558408290968, 9.567836350119698, 97.40877881287442, 382.9933370175885, 10.48228290593627, 36.99735414100109, 26.88561403003748, 155.20451777240328, 1.1553249459630321, 534.1772352680306, 155.56244330495775, 46.38147213830974, 118.62121675043998, 35.39728707197903, 13.477315212554677, 276.0739213528831, 12.145550863677116, 218.19952608150084, 84.8699710034906, 23.04129988661564, 2.55459946328439, 69.9668418945885, 55.006818437279875, 142.14604515160582, 184.67399365410745, 68.86976009634495, 195.32256562368238, 77.46447494054067, 301.0651865884821]]"
38,"[[(0, 27), (0, 28), (0, 40), (12, 2), (13, 3), (13, 14), (13, 18), (13, 24), (40, 1), (40, 10), (41, 26), (16, 9), (16, 11), (16, 31), (20, 5), (20, 48), (34, 44), (37, 20), (45, 9), (3, 11), (11, 6), (26, 9), (26, 33), (31, 17), (33, 19), (36, 28), (36, 32), (39, 22), (8, 34), (24, 28), (24, 31), (44, 17), (44, 41), (7, 15), (7, 19), (7, 26), (7, 28), (7, 38), (10, 17), (10, 40), (15, 34), (19, 26), (19, 33), (35, 17), (35, 33), (23, 8), (23, 16), (23, 38), (25, 24), (25, 41), (17, 3), (43, 26), (32, 12), (32, 21), (32, 42), (14, 18), (18, 34)]]","[[147.51143230324243, 241.85511833886878, 212.82264399514932, 48.09647132539582, 18.477148063731928, 24.876943545795342, 63.5217250690815, 46.74896489799471, 393.058989416716, 115.98884668060926, 265.38814521214505, 94.17013489963304, 11.026041172392745, 219.75088109812714, 380.3246457491581, 282.4675606878611, 69.02565844628487, 108.98974571110993, 394.0125519930836, 14.401109167582357, 60.818742830208876, 27.36121074078508, 28.420938111999313, 87.65058393272918, 425.4333646304009, 31.22804098025628, 61.10900695145014, 23.131318669676336, 549.1629425502698, 6.628333981163243, 97.07089224389317, 337.94003533931925, 12.87228924052426, 37.46395718679462, 46.00968474149243, 516.1625213858538, 3.234404218969015, 37.08898642986916, 137.20186957092548, 61.78537603857781, 144.3517594648674, 49.28856496609663, 61.181994841369516, 219.26815864606147, 33.8085356752032, 198.66248883568127, 67.89211218904919, 33.421435225223085, 1.00995778926029, 28.433479968614407, 113.69375514598536, 307.5208586474139, 499.90634939544407, 47.80278841414557, 88.89215200350466, 76.95679083538468, 284.28657290754893]]"
39,"[[(0, 27), (0, 28), (0, 40), (12, 2), (13, 3), (13, 14), (13, 18), (13, 24), (40, 1), (40, 10), (41, 26), (16, 9), (16, 11), (16, 31), (20, 5), (20, 48), (34, 44), (37, 20), (45, 9), (3, 11), (11, 6), (26, 9), (26, 33), (31, 17), (33, 19), (36, 28), (36, 32), (39, 22), (8, 34), (24, 28), (24, 31), (44, 17), (44, 41), (7, 15), (7, 19), (7, 26), (7, 28), (7, 38), (10, 17), (10, 40), (15, 34), (19, 26), (19, 33), (35, 17), (35, 33), (23, 8), (23, 16), (23, 38), (25, 24), (25, 41), (17, 3), (43, 26), (32, 12), (32, 21), (32, 42), (14, 18), (18, 34)]]","[[114.00264923552137, 360.15104268559645, 211.58471339342017, 31.57148260365262, 20.196736375612772, 24.024630156496148, 126.03733317701075, 50.44320927368831, 575.7296117871069, 362.0966598163672, 84.5054092606949, 93.93422293663001, 72.45158252700409, 143.5057942729971, 227.7970111656272, 198.45004193691028, 82.99417864684355, 18.597850516341417, 330.83807556664186, 32.6743987818304, 49.8151205414308, 201.5100672731298, 36.63664768575739, 89.6422786709582, 385.05468319738594, 29.955510083784695, 60.326746797326734, 8.911895101087595, 63.13333019499797, 13.388844207605352, 40.00110462371767, 220.53919546223085, 12.573158497470805, 50.36714590378709, 44.208943051550364, 475.42056633160894, 1.1974736205808156, 286.6010568003644, 144.51247476721605, 47.64488110285804, 181.09074529086556, 90.23440572407955, 66.30573002137933, 226.13355834344753, 18.07169326454173, 219.0704636171335, 75.17625249839804, 34.03508552674124, 1.3122729089330885, 69.68515862483997, 137.6549167559353, 164.5072725713401, 45.82739536119758, 53.81899378061729, 39.74201250637203, 76.01274196447162, 292.50486586667313]]"
40,"[[(0, 27), (0, 28), (0, 40), (12, 2), (13, 3), (13, 14), (13, 18), (13, 24), (40, 1), (40, 10), (41, 26), (16, 9), (16, 11), (16, 31), (20, 5), (20, 48), (34, 44), (37, 20), (45, 9), (3, 11), (11, 6), (26, 9), (26, 33), (31, 17), (33, 19), (36, 28), (36, 32), (39, 22), (8, 34), (24, 28), (24, 31), (44, 17), (44, 41), (7, 15), (7, 19), (7, 26), (7, 28), (7, 38), (10, 17), (10, 40), (15, 34), (19, 26), (19, 33), (35, 17), (35, 33), (23, 8), (23, 16), (23, 38), (25, 24), (25, 41), (17, 3), (43, 26), (32, 12), (32, 21), (32, 42), (14, 18), (18, 34)]]","[[139.06695168351052, 344.72108221673625, 217.56678688445513, 23.76311432291609, 13.19700779531838, 26.573095024597848, 103.87463953643169, 55.4490971214822, 694.3107544919869, 130.2771256226032, 477.2362356908406, 94.28163754175722, 47.729695483117894, 128.34821569727757, 220.33546325188394, 189.7436783249485, 81.10195463797837, 90.01222372231913, 272.6413424266592, 34.89343152655669, 58.917640226296115, 46.51295514955637, 93.14824172565201, 67.0356123779226, 243.07625445055893, 44.45508724798615, 63.10652518869799, 23.435515196472863, 707.0501332448398, 9.961820588199343, 98.27257219157053, 323.71587027251286, 9.144386210737206, 31.766712853959774, 21.65514855752952, 330.26010973052183, 1.7589851652779505, 704.0189834417333, 72.81230128574198, 30.710452068441025, 197.55282634602577, 51.918236035368054, 220.96289877310298, 253.80235956124048, 20.029089484397772, 199.21649684050044, 77.76116687705503, 27.325659578428823, 2.991022884523703, 92.89480287398331, 40.30155032362032, 189.5387988098933, 377.30501856381574, 92.38085802603601, 119.65609977502409, 80.01611590430277, 289.5173875618802]]"
41,"[[(0, 27), (0, 28), (0, 40), (12, 2), (13, 3), (13, 14), (13, 18), (13, 24), (40, 1), (40, 10), (41, 26), (16, 9), (16, 11), (16, 31), (20, 5), (20, 48), (34, 44), (37, 20), (45, 9), (3, 11), (11, 6), (26, 9), (26, 33), (31, 17), (33, 19), (36, 28), (36, 32), (39, 22), (8, 34), (24, 28), (24, 31), (44, 17), (44, 41), (7, 15), (7, 19), (7, 26), (7, 28), (7, 38), (10, 17), (10, 40), (15, 34), (19, 26), (19, 33), (35, 17), (35, 33), (23, 8), (23, 16), (23, 38), (25, 24), (25, 41), (17, 3), (43, 26), (32, 12), (32, 21), (32, 42), (14, 18), (18, 34)]]","[[117.24735227819502, 238.44914729606523, 216.47214962749624, 15.591187161961138, 18.558874615532492, 32.39636278219058, 79.63930236797825, 44.66699145923519, 362.1604349501929, 186.022651042288, 508.5851025491954, 92.0180504617381, 105.38574679820483, 129.35919366073136, 225.07613441736353, 352.9983257925847, 149.55387877694253, 110.1244634715377, 188.3733784332321, 37.06278866198053, 48.309789679699406, 271.74098772969194, 117.18493774619598, 77.9570743644914, 268.6391420797231, 38.45104877659182, 63.93120916585202, 42.688712985019144, 433.0692937611934, 79.49264216041635, 107.98554745041643, 411.72274510559333, 9.803068287103585, 45.216170135975375, 73.28029796645856, 483.4361004085307, 3.3812021210247423, 191.63843926588845, 126.97949589154172, 31.35608847154654, 238.1318065168023, 29.17248699962738, 17.587109839888633, 278.8697938963655, 31.759507538721827, 219.9137990242711, 71.75323724449227, 35.98169919938991, 1.2476436921439684, 107.56708519999502, 43.1265739729611, 36.291082227253995, 224.3663154366466, 80.82499521834058, 248.99278949661152, 75.48121238045164, 290.5996759901913]]"
42,"[[(0, 27), (0, 28), (0, 40), (12, 2), (13, 3), (13, 14), (13, 18), (13, 24), (40, 1), (40, 10), (41, 26), (16, 9), (16, 11), (16, 31), (20, 5), (20, 48), (34, 44), (37, 20), (45, 9), (3, 11), (11, 6), (26, 9), (26, 33), (31, 17), (33, 19), (36, 28), (36, 32), (39, 22), (8, 34), (24, 28), (24, 31), (44, 17), (44, 41), (7, 15), (7, 19), (7, 26), (7, 28), (7, 38), (10, 17), (10, 40), (15, 34), (19, 26), (19, 33), (35, 17), (35, 33), (23, 8), (23, 16), (23, 38), (25, 24), (25, 41), (17, 3), (43, 26), (32, 12), (32, 21), (32, 42), (14, 18), (18, 34)]]","[[128.8900947564378, 254.72152439996773, 220.97151973477898, 41.35173089398382, 17.536689313894804, 5.923460388471957, 127.38325976892025, 32.86922536749148, 495.4046117348725, 85.81353460801546, 107.99135807565062, 91.74601564447111, 53.34139178505978, 149.6091878644845, 215.7865146206296, 40.94810827146891, 29.7489638006273, 119.19043329680419, 272.3011578131106, 29.656532246439774, 70.56998981536836, 41.48328211977123, 51.75571265604728, 93.74465023219463, 144.33182071361088, 48.12547377026759, 62.34569375207715, 36.11867557247166, 599.9915970833075, 39.498705391111876, 70.38727434727026, 413.90101319372127, 10.293978231525081, 41.30981448379238, 73.89204588021975, 301.67273838938314, 2.6606624490288797, 298.19025997615773, 151.06544488361214, 58.78538842952412, 106.25556686070388, 66.09639546883554, 140.63361143480745, 222.31302037329687, 23.625365666554668, 228.84755042649965, 80.44015589783145, 35.98198595331447, 1.6012642930572165, 27.31856587106683, 82.27892722367311, 42.64842329744804, 116.47452753864484, 53.904232605085326, 127.6782617854499, 82.71900077781704, 287.4190003874845]]"
43,"[[(0, 27), (0, 28), (0, 40), (12, 2), (13, 3), (13, 14), (13, 18), (13, 24), (40, 1), (40, 10), (41, 26), (16, 9), (16, 11), (16, 31), (20, 5), (20, 48), (34, 44), (37, 20), (45, 9), (3, 11), (11, 6), (26, 9), (26, 33), (31, 17), (33, 19), (36, 28), (36, 32), (39, 22), (8, 34), (24, 28), (24, 31), (44, 17), (44, 41), (7, 15), (7, 19), (7, 26), (7, 28), (7, 38), (10, 17), (10, 40), (15, 34), (19, 26), (19, 33), (35, 17), (35, 33), (23, 8), (23, 16), (23, 38), (25, 24), (25, 41), (17, 3), (43, 26), (32, 12), (32, 21), (32, 42), (14, 18), (18, 34)]]","[[133.96339252040946, 381.2654172410854, 208.52315555209026, 78.09931482501311, 18.415848688391797, 31.265133904326706, 103.94407363838242, 26.998328531936345, 111.05576114342296, 202.87313648701266, 133.01482212331786, 97.37388408119952, 69.1419108897862, 68.88652242264615, 91.51368367945264, 262.5377128960404, 102.769259014939, 161.2205257803326, 308.53245114019285, 13.07938711947364, 35.53599967658538, 308.01451412625903, 41.33548669144154, 96.27564199827484, 149.55502792025797, 32.72648939740615, 61.80232535851037, 15.15160654761648, 457.12355246569587, 45.71730815640806, 92.43189344596158, 290.52693812643054, 13.389358890808772, 30.24354889598856, 25.118096668411308, 206.86962171961497, 1.6078725197813721, 351.49314210886433, 8.427632520716752, 44.875102911963396, 256.619763180268, 107.33013865035707, 127.21193327084478, 256.24101804217054, 36.739652369483, 201.53446444117301, 83.57822601794412, 22.707350622086274, 2.4381142473704913, 93.44175894601537, 44.37478213349418, 254.6224285484144, 439.46668006928746, 93.28200057225628, 142.98250159448673, 82.27330465083027, 294.07074811153524]]"
44,"[[(0, 27), (0, 28), (0, 40), (12, 2), (13, 3), (13, 14), (13, 18), (13, 24), (40, 1), (40, 10), (41, 26), (16, 9), (16, 11), (16, 31), (20, 5), (20, 48), (34, 44), (37, 20), (45, 9), (3, 11), (11, 6), (26, 9), (26, 33), (31, 17), (33, 19), (36, 28), (36, 32), (39, 22), (8, 34), (24, 28), (24, 31), (44, 17), (44, 41), (7, 15), (7, 19), (7, 26), (7, 28), (7, 38), (10, 17), (10, 40), (15, 34), (19, 26), (19, 33), (35, 17), (35, 33), (23, 8), (23, 16), (23, 38), (25, 24), (25, 41), (17, 3), (43, 26), (32, 12), (32, 21), (32, 42), (14, 18), (18, 34)]]","[[120.84228122159946, 251.7848846894592, 208.49243829218605, 35.921145152353226, 19.69513175350401, 26.228030178303353, 110.48604665238302, 64.29228676942685, 266.5372217974433, 363.7382167224816, 344.10908553317813, 95.07115336975114, 21.345776706741763, 186.5249297651021, 61.13840710379789, 259.3279299523914, 159.03574274140408, 55.2413170046275, 311.0279564682702, 19.36471920163557, 142.5226110008106, 260.04762494740686, 58.99708096879873, 103.65902079268463, 337.1230371221636, 42.04353477412661, 61.45777641397193, 10.321410612085366, 320.42157938177706, 16.914263978584152, 66.98629903584057, 317.381341720976, 12.615771505441174, 41.19911175445318, 61.45603813098621, 437.7032890580117, 3.7762640272381107, 654.3487001837416, 76.30490161600484, 37.26132521553055, 247.96908916641436, 108.98653803419714, 23.068787202451098, 233.35438115410008, 13.376705307647917, 229.19903609203016, 76.00900874131285, 35.5622408122677, 1.657205376761363, 93.17568135265351, 127.3356515215664, 68.71396059463775, 334.59232174938563, 93.1884554139241, 118.76109610005977, 76.81198446658549, 320.1895097331623]]"
45,"[[(0, 27), (0, 28), (0, 40), (12, 2), (13, 3), (13, 14), (13, 18), (13, 24), (40, 1), (40, 10), (41, 26), (16, 9), (16, 11), (16, 31), (20, 5), (20, 48), (34, 44), (37, 20), (45, 9), (3, 11), (11, 6), (26, 9), (26, 33), (31, 17), (33, 19), (36, 28), (36, 32), (39, 22), (8, 34), (24, 28), (24, 31), (44, 17), (44, 41), (7, 15), (7, 19), (7, 26), (7, 28), (7, 38), (10, 17), (10, 40), (15, 34), (19, 26), (19, 33), (35, 17), (35, 33), (23, 8), (23, 16), (23, 38), (25, 24), (25, 41), (17, 3), (43, 26), (32, 12), (32, 21), (32, 42), (14, 18), (18, 34)]]","[[149.0581899580612, 274.7671613978258, 216.71291814484084, 24.52632007373576, 12.960188874562537, 22.34511592487269, 118.65008284813355, 67.10341431794575, 872.5897395599329, 199.20187544682068, 279.93155444540537, 101.20083342270352, 81.34353148994882, 283.15966973071454, 223.2353408762922, 387.2317042806927, 118.53074193272582, 112.42353058179661, 305.2788930974082, 27.721013143259263, 67.54918388033124, 103.23532716896648, 102.25766054701096, 82.6164636870485, 386.8622290091052, 32.077479479047476, 63.96435147262522, 32.82892923102022, 393.68072002927414, 72.3494760562132, 112.33396638033534, 336.39604904255145, 13.438619407661182, 38.553306930326514, 64.77071784681507, 400.8465271373871, 2.2427514204737786, 470.1121691036076, 185.4171996718185, 37.79159641675523, 132.08037892081296, 42.29146759267628, 162.6985529293812, 243.06853827306844, 33.281952036908976, 249.22686981770707, 70.99076200110801, 24.675142647288414, 2.5344128449508503, 27.00910391889441, 88.03958987883789, 39.29701226903988, 725.2638486461761, 71.64667966485922, 127.31163778790551, 81.49540743953972, 281.1845222697736]]"
46,"[[(0, 27), (0, 28), (0, 40), (12, 2), (13, 3), (13, 14), (13, 18), (13, 24), (40, 1), (40, 10), (41, 26), (16, 9), (16, 11), (16, 31), (20, 5), (20, 48), (34, 44), (37, 20), (45, 9), (3, 11), (11, 6), (26, 9), (26, 33), (31, 17), (33, 19), (36, 28), (36, 32), (39, 22), (8, 34), (24, 28), (24, 31), (44, 17), (44, 41), (7, 15), (7, 19), (7, 26), (7, 28), (7, 38), (10, 17), (10, 40), (15, 34), (19, 26), (19, 33), (35, 17), (35, 33), (23, 8), (23, 16), (23, 38), (25, 24), (25, 41), (17, 3), (43, 26), (32, 12), (32, 21), (32, 42), (14, 18), (18, 34)]]","[[150.08047356405353, 212.489911181891, 216.90627451674962, 27.519465384134165, 20.948655823631682, 18.298355307662156, 86.6110814454801, 54.583066800140465, 477.6797664013498, 128.07679953754757, 287.48445171941216, 91.229491774145, 24.698356224892066, 345.0260559225278, 242.25625237538995, 215.11615017044593, 196.69516494409038, 172.7254192901566, 386.9902045401145, 15.00564526480567, 97.48201598967258, 240.28244539720185, 23.26786231882749, 95.73213884470536, 262.0215254870669, 33.186676632452574, 61.7103420720893, 22.879303885489495, 519.4831282674957, 105.94668620461275, 74.35026638006524, 371.91491566598904, 12.400228597855651, 46.94364539230266, 86.45692579593263, 270.6177333175652, 2.299795080724165, 529.5922650720911, 167.43212363338822, 34.94364455869213, 78.09851671207747, 108.78410601947488, 140.17639740321923, 269.19636050399635, 19.184173671253667, 242.24300587981585, 80.46954894210579, 27.56637898094549, 2.1198424646642806, 86.58940648666012, 91.61176536151694, 238.04983775363948, 549.2709528480603, 91.20966719518425, 50.16480957111222, 74.46119679274378, 308.23570535542206]]"
47,"[[(0, 27), (0, 28), (0, 40), (12, 2), (13, 3), (13, 14), (13, 18), (13, 24), (40, 1), (40, 10), (41, 26), (16, 9), (16, 11), (16, 31), (20, 5), (20, 48), (34, 44), (37, 20), (45, 9), (3, 11), (11, 6), (26, 9), (26, 33), (31, 17), (33, 19), (36, 28), (36, 32), (39, 22), (8, 34), (24, 28), (24, 31), (44, 17), (44, 41), (7, 15), (7, 19), (7, 26), (7, 28), (7, 38), (10, 17), (10, 40), (15, 34), (19, 26), (19, 33), (35, 17), (35, 33), (23, 8), (23, 16), (23, 38), (25, 24), (25, 41), (17, 3), (43, 26), (32, 12), (32, 21), (32, 42), (14, 18), (18, 34)]]","[[123.24013980389081, 259.16073281488934, 206.5631049962182, 86.1731322058036, 11.09363498638383, 13.361504404147988, 114.61117265527784, 32.9961615129385, 928.3570779502857, 73.90234537973254, 324.2814094027022, 93.81227495466669, 11.600026852393167, 272.76321061858164, 334.50594935558695, 263.046047797983, 25.871350545900412, 117.93553572636486, 292.5320838865273, 20.89770529027662, 64.2643783128549, 283.14117734576394, 20.300009602035125, 113.58477516206923, 94.33962002691025, 47.72544521587673, 60.81761510765284, 28.52785562232207, 646.7459041460438, 109.61463626244998, 34.05871110648346, 232.78019667107543, 11.528110463939203, 38.103022866623924, 22.952803126349885, 375.61405411390194, 3.6368947718368716, 155.0076204382985, 116.96137189756533, 34.25781251294386, 237.6387776821015, 79.12205058956245, 207.76190534027538, 223.8083236003942, 35.524057419857634, 208.9457836903756, 66.01902725226587, 28.63415223668718, 1.5877257317580793, 21.131776693489186, 99.10737258086806, 217.00299612726067, 309.07815177224137, 46.66819381121332, 163.97854350458732, 74.82076804895256, 297.97885820871494]]"
48,"[[(0, 27), (0, 28), (0, 40), (12, 2), (13, 3), (13, 14), (13, 18), (13, 24), (40, 1), (40, 10), (41, 26), (16, 9), (16, 11), (16, 31), (20, 5), (20, 48), (34, 44), (37, 20), (45, 9), (3, 11), (11, 6), (26, 9), (26, 33), (31, 17), (33, 19), (36, 28), (36, 32), (39, 22), (8, 34), (24, 28), (24, 31), (44, 17), (44, 41), (7, 15), (7, 19), (7, 26), (7, 28), (7, 38), (10, 17), (10, 40), (15, 34), (19, 26), (19, 33), (35, 17), (35, 33), (23, 8), (23, 16), (23, 38), (25, 24), (25, 41), (17, 3), (43, 26), (32, 12), (32, 21), (32, 42), (14, 18), (18, 34)]]","[[149.85217094016758, 354.91525275470667, 219.08981436585424, 26.93309185085292, 12.780680715644795, 32.20023443279768, 88.9036972212811, 43.88021236923338, 782.7575791255671, 620.588447420426, 113.8658916443813, 99.17687844505447, 33.52042606024037, 169.01958364823741, 276.6318238182537, 73.47392162734118, 198.07257943562604, 170.60822606260905, 400.7033332104167, 15.833172585738184, 105.77672770477352, 44.574443237634235, 10.435771971256173, 112.62927404433103, 139.0586931544612, 31.291693020823516, 62.932970296302074, 23.277697420678575, 544.9538540817794, 33.56962913227844, 117.56980887503063, 199.54985065950535, 10.91754317222047, 39.89703641415855, 47.85415683042061, 334.6497317004028, 1.9493196280181797, 141.4047690082665, 61.074126099703356, 51.8037209176982, 252.7371297766822, 86.53092940557113, 115.67547244481345, 223.08851614959326, 39.53246895634937, 207.73992659802786, 76.18522019761208, 33.262411382057955, 1.2528518498147811, 92.82651114408326, 59.07853078715617, 40.810299542035615, 729.8162341506556, 91.2827944722305, 126.13041440070876, 79.36077049711955, 284.89254564323033]]"
49,"[[(0, 27), (0, 28), (0, 40), (12, 2), (13, 3), (13, 14), (13, 18), (13, 24), (40, 1), (40, 10), (41, 26), (16, 9), (16, 11), (16, 31), (20, 5), (20, 48), (34, 44), (37, 20), (45, 9), (3, 11), (11, 6), (26, 9), (26, 33), (31, 17), (33, 19), (36, 28), (36, 32), (39, 22), (8, 34), (24, 28), (24, 31), (44, 17), (44, 41), (7, 15), (7, 19), (7, 26), (7, 28), (7, 38), (10, 17), (10, 40), (15, 34), (19, 26), (19, 33), (35, 17), (35, 33), (23, 8), (23, 16), (23, 38), (25, 24), (25, 41), (17, 3), (43, 26), (32, 12), (32, 21), (32, 42), (14, 18), (18, 34)]]","[[141.04756720740843, 342.96145675708385, 221.18671689632149, 39.7612797326001, 18.04502402768515, 30.425209649987348, 73.15360208395023, 69.84147597683256, 76.2499305805199, 236.90590616971218, 478.90548884919303, 95.25933337509505, 52.17104005661488, 245.89186096286258, 260.8735433725125, 194.75002365801296, 157.108535613943, 32.15505828341256, 345.58981564216515, 23.898502080570985, 36.526301298417216, 296.49332358705817, 94.16854452248363, 113.29751089324404, 231.4771443026351, 36.61511045946217, 62.4502901516779, 21.1396974543718, 514.3824994057497, 30.488499242950407, 44.312678735656434, 242.20802349184447, 10.23136125759428, 32.26769543274307, 39.70686428927249, 149.21868792312296, 2.9331741362403996, 349.41621065853906, 27.862785027110828, 38.52750694969522, 182.99634425639096, 43.85138260192146, 105.98998753193766, 281.2090372642604, 28.960847175774685, 197.99026234199647, 75.01742069840134, 30.74255098521127, 1.8527041280420855, 74.3449508678872, 124.04160097394823, 229.38017730120194, 72.6559666147509, 81.91442435671317, 220.46991917925695, 74.61573618981704, 323.92513101055874]]"
50,"[[(0, 27), (0, 28), (0, 40), (12, 2), (13, 3), (13, 14), (13, 18), (13, 24), (40, 1), (40, 10), (41, 26), (16, 9), (16, 11), (16, 31), (20, 5), (20, 48), (34, 44), (37, 20), (45, 9), (3, 11), (11, 6), (26, 9), (26, 33), (31, 17), (33, 19), (36, 28), (36, 32), (39, 22), (8, 34), (24, 28), (24, 31), (44, 17), (44, 41), (7, 15), (7, 19), (7, 26), (7, 28), (7, 38), (10, 17), (10, 40), (15, 34), (19, 26), (19, 33), (35, 17), (35, 33), (23, 8), (23, 16), (23, 38), (25, 24), (25, 41), (17, 3), (43, 26), (32, 12), (32, 21), (32, 42), (14, 18), (18, 34)]]","[[120.28890891793567, 211.87826214054138, 210.91365432571078, 16.771180025008086, 17.619862447108474, 26.855517138389576, 114.51611309411823, 65.52447156739058, 272.8534418833176, 47.65615713668794, 509.62670366024753, 93.45451782419673, 99.52954906661654, 115.16312708622647, 57.16711454672754, 182.74704578120983, 111.75522221330041, 40.940845595915874, 196.10465756686472, 37.76929287071314, 63.39557529519401, 209.22862393569838, 82.74029254547756, 105.2569297750029, 337.9467453609035, 32.753662991487246, 63.35442204046139, 37.47285694576664, 91.04298664044728, 48.708245543295014, 58.639397400337096, 259.31363173411467, 11.477176715451712, 42.76268482790399, 73.45043931065149, 447.97938554022863, 2.9912068622679975, 599.2454860876284, 67.08081776792343, 41.47644410757035, 137.9072181502845, 35.0295951379986, 58.266679378813635, 212.74650425961144, 33.22519316708781, 248.48069321700171, 74.51353182536538, 22.128295575579802, 2.5917154616367526, 103.94632033406405, 51.2436161542068, 28.527194208377498, 713.9860213751098, 90.17802910251652, 248.11552617454063, 82.47805458436744, 296.7794963817893]]"
51,"[[(0, 27), (0, 28), (0, 40), (12, 2), (13, 3), (13, 14), (13, 18), (13, 24), (40, 1), (40, 10), (41, 26), (16, 9), (16, 11), (16, 31), (20, 5), (20, 48), (34, 44), (37, 20), (45, 9), (3, 11), (11, 6), (26, 9), (26, 33), (31, 17), (33, 19), (36, 28), (36, 32), (39, 22), (8, 34), (24, 28), (24, 31), (44, 17), (44, 41), (7, 15), (7, 19), (7, 26), (7, 28), (7, 38), (10, 17), (10, 40), (15, 34), (19, 26), (19, 33), (35, 17), (35, 33), (23, 8), (23, 16), (23, 38), (25, 24), (25, 41), (17, 3), (43, 26), (32, 12), (32, 21), (32, 42), (14, 18), (18, 34)]]","[[149.18281804781597, 315.581653237928, 220.45529835813826, 86.78626675124193, 12.906904186696929, 18.139743210950108, 117.13678987110507, 25.715199485001406, 390.1569617252138, 274.47240952159166, 452.5684140284615, 101.91192267637294, 79.89992627065755, 295.0061999432577, 51.09713511396161, 101.94232946021403, 182.647687063374, 82.13587342828272, 199.11865470253204, 31.685512746734517, 134.0253401421275, 82.6299521494612, 56.52373379925437, 104.35784062085133, 225.29189274792316, 33.61102691144306, 61.347291254065, 30.02410614580468, 84.53522883642754, 50.144290617520404, 81.17376503499379, 325.35552131060626, 11.452918714092439, 35.77221822111924, 14.69539044019016, 202.86815180758526, 1.468383139769164, 284.1993146262416, 166.01635078306282, 40.304741368162624, 196.13157878906281, 91.73398751811996, 156.0192672746868, 214.37179387469791, 20.958329784330658, 208.97388279058575, 79.77486322281206, 35.12307222186586, 1.0774768913750654, 11.868644812830155, 71.1701286899752, 17.797577107572152, 300.0104932476526, 76.25553153331438, 110.19073665474043, 84.67898561489922, 279.9475491983354]]"
52,"[[(0, 27), (0, 28), (0, 40), (12, 2), (13, 3), (13, 14), (13, 18), (13, 24), (40, 1), (40, 10), (41, 26), (16, 9), (16, 11), (16, 31), (20, 5), (20, 48), (34, 44), (37, 20), (45, 9), (3, 11), (11, 6), (26, 9), (26, 33), (31, 17), (33, 19), (36, 28), (36, 32), (39, 22), (8, 34), (24, 28), (24, 31), (44, 17), (44, 41), (7, 15), (7, 19), (7, 26), (7, 28), (7, 38), (10, 17), (10, 40), (15, 34), (19, 26), (19, 33), (35, 17), (35, 33), (23, 8), (23, 16), (23, 38), (25, 24), (25, 41), (17, 3), (43, 26), (32, 12), (32, 21), (32, 42), (14, 18), (18, 34)]]","[[123.20855164269878, 371.8513203706271, 218.14864870592865, 83.61757361608183, 17.51963552945466, 12.23875906566019, 125.27298974391084, 38.74159289509994, 898.0897492355273, 407.2109366261803, 472.3871584014776, 89.07947415302014, 103.71838419476039, 133.68982750665435, 55.16521497123259, 298.5856670174384, 56.459335838180095, 17.152824207136398, 241.63744313065706, 15.51461584296445, 66.88197028350463, 106.87681384263112, 21.47069690356887, 85.27530536519956, 414.6284761802433, 31.24273053085789, 61.187919976895124, 31.875527618089126, 540.999437647197, 84.43813772360184, 57.432477772364294, 339.97900465212376, 10.241290539032068, 32.77086246226936, 87.00434152951408, 383.19623327543667, 0.4454507247975341, 428.4357735526799, 128.44206784223428, 55.27430874785614, 153.65913774761907, 84.28092312143183, 147.72836203004636, 223.3028540176978, 35.43984785363571, 217.6800632473827, 82.41746778692513, 24.2575775286237, 1.028689279414975, 47.84991386230256, 89.2236612576491, 89.51661166926631, 413.8800308458967, 56.269105325268825, 73.37518760466551, 78.91034112827036, 309.339265204683]]"
53,"[[(0, 27), (0, 28), (0, 40), (12, 2), (13, 3), (13, 14), (13, 18), (13, 24), (40, 1), (40, 10), (41, 26), (16, 9), (16, 11), (16, 31), (20, 5), (20, 48), (34, 44), (37, 20), (45, 9), (3, 11), (11, 6), (26, 9), (26, 33), (31, 17), (33, 19), (36, 28), (36, 32), (39, 22), (8, 34), (24, 28), (24, 31), (44, 17), (44, 41), (7, 15), (7, 19), (7, 26), (7, 28), (7, 38), (10, 17), (10, 40), (15, 34), (19, 26), (19, 33), (35, 17), (35, 33), (23, 8), (23, 16), (23, 38), (25, 24), (25, 41), (17, 3), (43, 26), (32, 12), (32, 21), (32, 42), (14, 18), (18, 34)]]","[[138.50063770211386, 339.72168412293547, 208.92890238362, 58.56858848768371, 16.31377421710327, 25.52748849207022, 100.97000903704725, 59.93493071161793, 866.205491393953, 130.1433934325066, 159.8214399547912, 101.05292707723474, 60.29976031613861, 339.64367678005186, 65.51478180652258, 289.2310756028525, 126.21124052691857, 64.00512006725802, 406.3095362988415, 10.01022840621735, 32.369225105468956, 252.36986036046116, 110.20163115443943, 88.72804778389303, 141.74462007334742, 30.664397356366056, 60.821058962052, 13.366069864559204, 719.8170830001201, 26.782339656248457, 76.94314525011585, 267.8282164283421, 10.793438736829094, 29.26868849329566, 94.01174146132864, 354.163456003873, 0.17974387834013372, 435.56791661305755, 145.5597930918388, 50.001997749044776, 275.2645124254492, 50.19703192139656, 149.49492948073927, 230.67266181964533, 29.590758551426443, 205.84466385063286, 75.62749845303475, 22.92372152611665, 2.975160090224821, 97.49722164889855, 72.9689713271242, 53.16396097440403, 642.4731290827099, 48.315786648809194, 264.96490017081874, 81.71473252147088, 287.6423476417436]]"
54,"[[(0, 27), (0, 28), (0, 40), (12, 2), (13, 3), (13, 14), (13, 18), (13, 24), (40, 1), (40, 10), (41, 26), (16, 9), (16, 11), (16, 31), (20, 5), (20, 48), (34, 44), (37, 20), (45, 9), (3, 11), (11, 6), (26, 9), (26, 33), (31, 17), (33, 19), (36, 28), (36, 32), (39, 22), (8, 34), (24, 28), (24, 31), (44, 17), (44, 41), (7, 15), (7, 19), (7, 26), (7, 28), (7, 38), (10, 17), (10, 40), (15, 34), (19, 26), (19, 33), (35, 17), (35, 33), (23, 8), (23, 16), (23, 38), (25, 24), (25, 41), (17, 3), (43, 26), (32, 12), (32, 21), (32, 42), (14, 18), (18, 34)]]","[[136.75378976277852, 361.3938857391596, 208.93797663025202, 29.430001422840473, 17.939476232620116, 11.208461494180881, 76.98661322747718, 27.851411463265336, 828.4757400516721, 126.61415318752202, 373.02359961681753, 95.67471314353115, 105.18631357442194, 247.91160775110168, 154.41442790645488, 261.5373075116247, 190.62038655601984, 118.84602722473684, 169.68977435587735, 36.728265309083994, 72.6744675641971, 223.2696437939427, 94.2099372036285, 114.63084492090343, 247.8948267785285, 36.998201435295265, 63.88130955870159, 38.31421923489749, 56.85875676986879, 99.72702056464492, 120.65893130813565, 262.5641880617318, 11.169739905147747, 47.635245261794736, 82.18054247778349, 152.33746926449777, 0.7302456942084237, 775.4721590863411, 31.5739422998899, 58.45753423621858, 196.862166197153, 98.65436517510142, 111.99488617268221, 214.83361158359452, 39.05125839563165, 243.70159946758196, 69.7415208224646, 30.745995048778237, 1.7112596640376319, 82.85341042291937, 53.4612713577943, 134.0054001835743, 566.0802892133314, 76.02298388911676, 260.7879262940306, 75.76259712284507, 303.45764975088116]]"
55,"[[(0, 27), (0, 28), (0, 40), (12, 2), (13, 3), (13, 14), (13, 18), (13, 24), (40, 1), (40, 10), (41, 26), (16, 9), (16, 11), (16, 31), (20, 5), (20, 48), (34, 44), (37, 20), (45, 9), (3, 11), (11, 6), (26, 9), (26, 33), (31, 17), (33, 19), (36, 28), (36, 32), (39, 22), (8, 34), (24, 28), (24, 31), (44, 17), (44, 41), (7, 15), (7, 19), (7, 26), (7, 28), (7, 38), (10, 17), (10, 40), (15, 34), (19, 26), (19, 33), (35, 17), (35, 33), (23, 8), (23, 16), (23, 38), (25, 24), (25, 41), (17, 3), (43, 26), (32, 12), (32, 21), (32, 42), (14, 18), (18, 34)]]","[[114.30540618544639, 248.22626890794336, 206.9563276845735, 92.45421905883423, 20.28589011289484, 15.295018580435919, 107.66829739527945, 48.523002985169704, 437.5329581637779, 294.20959980341036, 217.47882508752005, 89.88424648750932, 45.78680292223634, 182.12942355107575, 112.61036179851013, 327.9901489560309, 85.50594454568994, 136.04181580839813, 388.0126989570475, 28.050944706397573, 74.48565135910148, 105.55674828624339, 100.05654566650497, 87.93600559527417, 404.94472099565655, 41.131007345695636, 63.0396766586817, 29.582152049875656, 497.8198780873929, 94.13084720521373, 41.68815410512057, 264.95385913146214, 11.925378884140871, 42.81378504302854, 39.18108694154776, 247.74617283866678, 3.96420580688903, 193.69034776398072, 106.25686943943346, 43.73730169052632, 255.43409353625955, 55.277634607608235, 75.55015894537014, 249.31301302637095, 35.078376712817615, 238.19398534844802, 78.96721139333815, 27.34657682452065, 1.5585471691460948, 56.3464021762389, 120.20299772722187, 113.45136126456846, 273.2673033509567, 57.74927430125145, 132.09421241018293, 80.45850057980185, 306.9399158295409]]"
56,"[[(0, 27), (0, 28), (0, 40), (12, 2), (13, 3), (13, 14), (13, 18), (13, 24), (40, 1), (40, 10), (41, 26), (16, 9), (16, 11), (16, 31), (20, 5), (20, 48), (34, 44), (37, 20), (45, 9), (3, 11), (11, 6), (26, 9), (26, 33), (31, 17), (33, 19), (36, 28), (36, 32), (39, 22), (8, 34), (24, 28), (24, 31), (44, 17), (44, 41), (7, 15), (7, 19), (7, 26), (7, 28), (7, 38), (10, 17), (10, 40), (15, 34), (19, 26), (19, 33), (35, 17), (35, 33), (23, 8), (23, 16), (23, 38), (25, 24), (25, 41), (17, 3), (43, 26), (32, 12), (32, 21), (32, 42), (14, 18), (18, 34)]]","[[118.8337510266627, 296.38593457926595, 209.581161521638, 34.23674516745544, 11.32543806842764, 32.61835530875675, 68.44647172940907, 61.645797039202186, 499.2872759585636, 64.71534813785433, 465.96090947639425, 100.09713403301171, 41.406885382719985, 207.27594447110127, 344.66505208599153, 180.91161280021927, 186.66942009246674, 76.68922874075311, 341.6671637208642, 35.76869503090866, 121.7258799745947, 310.45232076473354, 29.98432721248878, 98.2061553454094, 388.3898623649697, 30.68175863017748, 61.545319811137105, 21.181400231657218, 723.2341939711836, 21.925219731119743, 33.549590090137286, 304.3755557227314, 12.500621702770983, 51.55601141081773, 56.7300961232236, 214.20330476957142, 2.403479156512407, 755.2270526448614, 29.140408424654918, 56.78225001963692, 149.3044929579969, 99.55581637700544, 216.7260594023216, 233.2410516590546, 21.399831928333516, 203.5726199156568, 69.28238489963408, 33.878578576066104, 2.0045302369671605, 11.548187135405389, 96.7986791183508, 302.93953134974305, 697.180755430093, 75.74635735868851, 178.27721695499687, 82.90106315932064, 297.9462074347257]]"
57,"[[(0, 27), (0, 28), (0, 40), (12, 2), (13, 3), (13, 14), (13, 18), (13, 24), (40, 1), (40, 10), (41, 26), (16, 9), (16, 11), (16, 31), (20, 5), (20, 48), (34, 44), (37, 20), (45, 9), (3, 11), (11, 6), (26, 9), (26, 33), (31, 17), (33, 19), (36, 28), (36, 32), (39, 22), (8, 34), (24, 28), (24, 31), (44, 17), (44, 41), (7, 15), (7, 19), (7, 26), (7, 28), (7, 38), (10, 17), (10, 40), (15, 34), (19, 26), (19, 33), (35, 17), (35, 33), (23, 8), (23, 16), (23, 38), (25, 24), (25, 41), (17, 3), (43, 26), (32, 12), (32, 21), (32, 42), (14, 18), (18, 34)]]","[[128.54084731648192, 235.8869253079477, 208.54253714077285, 73.61473011495556, 13.502882904004743, 6.128446109018075, 56.464301915990106, 38.26079265296531, 368.16676192922273, 539.6592935148278, 84.16392728383146, 98.46286507097176, 84.02847767977394, 163.28270214552708, 149.79163249554887, 180.8102168950945, 38.23867190726672, 42.68270272053122, 374.20761201155733, 30.17978952837291, 33.2853595477042, 250.27028306239913, 65.11331947037502, 110.67490595722398, 272.0338179772457, 40.84740169574444, 60.62765597302554, 21.842176110700628, 255.51338717062603, 66.30891646947384, 110.57769683278221, 214.66854663037466, 14.107358447405169, 34.537605440235666, 46.20044640027273, 383.87232932260395, 1.1703905182690373, 466.60240470720225, 193.57325882189747, 43.33282755946477, 259.49474294083666, 46.86785406374365, 86.69441945377622, 210.20557959035534, 15.525919295135676, 204.47245445232815, 65.19732199079694, 22.29037217123432, 2.85012380929858, 16.725117452813194, 116.8392875281673, 102.36765714246778, 149.41584318071278, 78.5724739011342, 223.15896932436632, 73.77855759411872, 319.7114398392223]]"
58,"[[(0, 27), (0, 28), (0, 40), (12, 2), (13, 3), (13, 14), (13, 18), (13, 24), (40, 1), (40, 10), (41, 26), (16, 9), (16, 11), (16, 31), (20, 5), (20, 48), (34, 44), (37, 20), (45, 9), (3, 11), (11, 6), (26, 9), (26, 33), (31, 17), (33, 19), (36, 28), (36, 32), (39, 22), (8, 34), (24, 28), (24, 31), (44, 17), (44, 41), (7, 15), (7, 19), (7, 26), (7, 28), (7, 38), (10, 17), (10, 40), (15, 34), (19, 26), (19, 33), (35, 17), (35, 33), (23, 8), (23, 16), (23, 38), (25, 24), (25, 41), (17, 3), (43, 26), (32, 12), (32, 21), (32, 42), (14, 18), (18, 34)]]","[[130.92244651237536, 266.65311577191164, 211.89550215966855, 84.3180647071158, 15.87370087916679, 24.74343575033805, 107.9792434405271, 49.28525178753088, 140.50190800355176, 158.62768000200782, 30.84377268452971, 91.68819144537048, 79.5336957842222, 296.5603372722055, 347.56550578411236, 275.0407465709796, 100.39956478044567, 86.65992619049769, 149.88547028566427, 13.788172769156454, 114.39240633245903, 303.33324219371787, 43.92188593911712, 121.16633149017487, 210.20343318646542, 29.053798563339384, 60.844605167062554, 6.20159885605827, 726.4609984104621, 79.52634223153241, 133.95953062278497, 364.9044270283001, 11.200507956201097, 52.87644054844156, 72.71738888516984, 131.45882053244128, 0.24204257503798043, 614.3187452145197, 35.66931345918627, 30.685745830024747, 271.0833345842234, 21.309374067475336, 230.2717234094179, 252.3626962975498, 20.90989396759841, 239.77080844293593, 79.43106439014615, 30.883147891324242, 2.117486977094785, 37.11126259632955, 51.942699399040464, 129.50195024414805, 653.9333671291361, 86.62490488973671, 172.51051704456853, 71.25837743930093, 308.76927015138756]]"
59,"[[(0, 27), (0, 28), (0, 40), (12, 2), (13, 3), (13, 14), (13, 18), (13, 24), (40, 1), (40, 10), (41, 26), (16, 9), (16, 11), (16, 31), (20, 5), (20, 48), (34, 44), (37, 20), (45, 9), (3, 11), (11, 6), (26, 9), (26, 33), (31, 17), (33, 19), (36, 28), (36, 32), (39, 22), (8, 34), (24, 28), (24, 31), (44, 17), (44, 41), (7, 15), (7, 19), (7, 26), (7, 28), (7, 38), (10, 17), (10, 40), (15, 34), (19, 26), (19, 33), (35, 17), (35, 33), (23, 8), (23, 16), (23, 38), (25, 24), (25, 41), (17, 3), (43, 26), (32, 12), (32, 21), (32, 42), (14, 18), (18, 34)]]","[[147.0445183648247, 373.7845481155988, 218.80298603550196, 21.773892288573027, 13.143242842047481, 23.911909064792415, 92.22574972913013, 56.646329004211886, 527.234903331525, 106.2734864387559, 168.82336314519395, 91.7335972379992, 16.03655691236412, 227.6979944149396, 285.8063375092004, 160.44351753642817, 88.36928080734548, 55.49304061184011, 383.84624603301546, 27.301810981266044, 104.65473738061003, 293.8045303954662, 27.453376809259115, 67.05484089566153, 120.96395476673909, 45.308476481444245, 63.45075821792122, 10.251652085553353, 206.00447719946854, 77.15960651014954, 93.24129507748685, 404.9370486039452, 14.51687309159703, 43.82886508494433, 43.73690551992532, 347.9660653913185, 2.5899591746753, 874.009072027445, 25.87794909139158, 58.700940593137084, 251.5156043817926, 75.94010982112641, 157.4968673006867, 229.92383733382064, 20.293971443868912, 212.3063695570731, 75.8483239099207, 30.685843932993944, 1.7968993452479405, 29.947923671893427, 100.47981308695863, 276.31763055752623, 743.8660689908457, 74.4553298288838, 57.727468617634926, 71.01822912945248, 315.3831561407049]]"
60,"[[(0, 27), (0, 28), (0, 40), (12, 2), (13, 3), (13, 14), (13, 18), (13, 24), (40, 1), (40, 10), (41, 26), (16, 9), (16, 11), (16, 31), (20, 5), (20, 48), (34, 44), (37, 20), (45, 9), (3, 11), (11, 6), (26, 9), (26, 33), (31, 17), (33, 19), (36, 28), (36, 32), (39, 22), (8, 34), (24, 28), (24, 31), (44, 17), (44, 41), (7, 15), (7, 19), (7, 26), (7, 28), (7, 38), (10, 17), (10, 40), (15, 34), (19, 26), (19, 33), (35, 17), (35, 33), (23, 8), (23, 16), (23, 38), (25, 24), (25, 41), (17, 3), (43, 26), (32, 12), (32, 21), (32, 42), (14, 18), (18, 34)]]","[[136.35109030982696, 361.5182205982048, 218.57249109494688, 59.08198929199909, 18.09107766110794, 24.89282364293993, 98.50567825401215, 39.72094296623913, 824.7134909966553, 135.3194636839138, 197.710387433999, 99.25788852296952, 14.946860105861187, 153.97375913374603, 301.6599950742602, 123.7460025378099, 206.20378004336933, 178.35635101439118, 330.0538517348534, 30.093645641585223, 124.73483029112063, 81.05604807473648, 9.514682041300638, 119.0928384174033, 106.88911533546292, 42.80400566660639, 61.672132030520544, 40.684858086706825, 80.42797088938082, 35.47638604601582, 32.66699158630671, 194.82177657575042, 9.673216969630582, 35.264536080627785, 63.85449275681972, 506.5149630127562, 2.9525322791976514, 139.57168011629568, 18.931370079121564, 33.51608391609149, 119.11271783766519, 83.35029865720708, 112.62442354065331, 264.5148689170019, 17.74784207110964, 235.27764272580228, 67.17248192854778, 27.059303896657344, 2.3489960428435874, 107.58491137610929, 76.8732903091379, 90.02277279546698, 192.0501205820057, 46.94346111600247, 145.0345407944986, 79.5188881107889, 308.33262696431666]]"
61,"[[(0, 27), (0, 28), (0, 40), (12, 2), (13, 3), (13, 14), (13, 18), (13, 24), (40, 1), (40, 10), (41, 26), (16, 9), (16, 11), (16, 31), (20, 5), (20, 48), (34, 44), (37, 20), (45, 9), (3, 11), (11, 6), (26, 9), (26, 33), (31, 17), (33, 19), (36, 28), (36, 32), (39, 22), (8, 34), (24, 28), (24, 31), (44, 17), (44, 41), (7, 15), (7, 19), (7, 26), (7, 28), (7, 38), (10, 17), (10, 40), (15, 34), (19, 26), (19, 33), (35, 17), (35, 33), (23, 8), (23, 16), (23, 38), (25, 24), (25, 41), (17, 3), (43, 26), (32, 12), (32, 21), (32, 42), (14, 18), (18, 34)]]","[[113.69357536933268, 325.83134590986305, 209.29954649291366, 42.07447667829386, 16.451096342581494, 19.160064729204763, 61.405735696635396, 55.85561736556754, 605.3625288170339, 582.5454833633528, 97.76700600175035, 96.64697161250959, 47.1944987485051, 71.99167508254384, 97.89341572428833, 366.1633271401275, 44.24439436332617, 46.58011769913141, 413.4190394760401, 14.225522686415689, 89.79010949091077, 221.3950220166298, 20.927360646541, 81.40027592175105, 108.65263583938221, 39.596197263454776, 60.615313093752846, 43.04764243878845, 444.1870726104135, 88.99524325556297, 85.93369218397676, 296.30839906257256, 13.389365981620912, 33.87633458382299, 46.13934218767086, 214.7012629515516, 1.7062913253736363, 444.44421448891495, 177.79985661189278, 61.681633737202745, 117.71008644008285, 25.49128228682605, 158.5453630933698, 271.2565197338633, 17.914805481307386, 238.398738889495, 72.67199006723213, 29.442839129371514, 2.170785894847811, 18.76064542935147, 51.88016219034594, 121.14506728170717, 678.6624970078942, 58.5687094549493, 143.1339687034686, 71.59908007418383, 300.6375901600142]]"
62,"[[(0, 27), (0, 28), (0, 40), (12, 2), (13, 3), (13, 14), (13, 18), (13, 24), (40, 1), (40, 10), (41, 26), (16, 9), (16, 11), (16, 31), (20, 5), (20, 48), (34, 44), (37, 20), (45, 9), (3, 11), (11, 6), (26, 9), (26, 33), (31, 17), (33, 19), (36, 28), (36, 32), (39, 22), (8, 34), (24, 28), (24, 31), (44, 17), (44, 41), (7, 15), (7, 19), (7, 26), (7, 28), (7, 38), (10, 17), (10, 40), (15, 34), (19, 26), (19, 33), (35, 17), (35, 33), (23, 8), (23, 16), (23, 38), (25, 24), (25, 41), (17, 3), (43, 26), (32, 12), (32, 21), (32, 42), (14, 18), (18, 34)]]","[[144.06137291678112, 268.77679877157107, 210.2848241224432, 88.6030909844679, 16.6517780106171, 30.771195413076818, 90.50967642863402, 65.55151224037388, 238.90712724276915, 207.3254186594453, 254.20107149629092, 101.51534976797991, 35.4012262667903, 91.0923512358385, 248.23731085112564, 247.28142370860274, 174.83715850465526, 7.307523107713529, 295.8510346767181, 28.613612818348646, 110.47782346707098, 280.07342165411814, 91.99205930634973, 98.81966753638503, 203.66436521146554, 42.75760363997912, 61.57471694329782, 28.421451014492618, 393.52425968568457, 40.77455608786054, 120.10703813418944, 368.34237251729496, 10.938499214177845, 42.454228773584, 14.955944873517307, 535.4449810751297, 1.1361169227629992, 610.4523886609378, 150.4244189802442, 41.55978991893943, 241.19469730156092, 117.7405782330228, 190.52487040421482, 251.87709281897355, 32.755007067441426, 227.30819266085743, 71.13499877354656, 32.50364656251455, 1.3831623909397102, 108.36641357218609, 77.30677354503084, 12.14956183047516, 717.4380921477541, 73.80144839987258, 49.5849558380448, 75.09721104813102, 312.1318140050755]]"
63,"[[(0, 27), (0, 28), (0, 40), (12, 2), (13, 3), (13, 14), (13, 18), (13, 24), (40, 1), (40, 10), (41, 26), (16, 9), (16, 11), (16, 31), (20, 5), (20, 48), (34, 44), (37, 20), (45, 9), (3, 11), (11, 6), (26, 9), (26, 33), (31, 17), (33, 19), (36, 28), (36, 32), (39, 22), (8, 34), (24, 28), (24, 31), (44, 17), (44, 41), (7, 15), (7, 19), (7, 26), (7, 28), (7, 38), (10, 17), (10, 40), (15, 34), (19, 26), (19, 33), (35, 17), (35, 33), (23, 8), (23, 16), (23, 38), (25, 24), (25, 41), (17, 3), (43, 26), (32, 12), (32, 21), (32, 42), (14, 18), (18, 34)]]","[[117.18448900552866, 310.45866465350485, 216.72904555563903, 34.00456215473365, 16.976193945106168, 19.659096842659753, 90.76903051872361, 37.487341560520385, 511.8424876528949, 394.58320632883294, 49.93697945271349, 98.25078856633984, 27.731552261935995, 257.31855722460375, 321.41719725970023, 45.08490570796725, 68.46235528355619, 47.64235008828639, 214.69596466797367, 11.818715009726509, 92.0004392159236, 234.89059523659574, 88.69168588570139, 93.5610940353835, 99.30504934449547, 36.83459296639529, 61.094875501930105, 13.748976238042866, 492.4827452586472, 80.41522274826329, 124.2892011051985, 244.84893617380695, 13.80865308233122, 36.75404751626513, 13.352568719121642, 380.2651700479297, 0.5309373200090657, 302.65570331045967, 187.19172720344903, 41.54040596976457, 186.69306857030313, 123.50754015350104, 10.200837445732487, 218.144316725455, 19.82040405336554, 232.81197816510632, 70.70529728872606, 28.796518970720264, 2.2781318965180724, 101.24157794478901, 110.08627654234786, 306.44488355822403, 235.1700632788118, 79.89773453966654, 175.58218318548913, 71.11343822096845, 306.7513725937371]]"
64,"[[(0, 27), (0, 28), (0, 40), (12, 2), (13, 3), (13, 14), (13, 18), (13, 24), (40, 1), (40, 10), (41, 26), (16, 9), (16, 11), (16, 31), (20, 5), (20, 48), (34, 44), (37, 20), (45, 9), (3, 11), (11, 6), (26, 9), (26, 33), (31, 17), (33, 19), (36, 28), (36, 32), (39, 22), (8, 34), (24, 28), (24, 31), (44, 17), (44, 41), (7, 15), (7, 19), (7, 26), (7, 28), (7, 38), (10, 17), (10, 40), (15, 34), (19, 26), (19, 33), (35, 17), (35, 33), (23, 8), (23, 16), (23, 38), (25, 24), (25, 41), (17, 3), (43, 26), (32, 12), (32, 21), (32, 42), (14, 18), (18, 34)]]","[[135.1617596448933, 236.08096402500368, 210.2548659941519, 51.73815833480784, 15.833799629102245, 16.749236142542337, 92.55634388024673, 25.07767891947077, 315.4449267623414, 369.9989879240329, 398.4146630261708, 95.35133810826342, 107.22561603294444, 229.32907628703404, 134.06978683924518, 255.75637810257606, 26.179081078666364, 100.77411175298465, 337.6763241757834, 12.85376752347145, 92.50036964762415, 251.3633725633321, 26.505753026357624, 101.57700141641988, 177.8796910469166, 39.80650276232263, 60.81656183318013, 9.122280149034292, 348.8184001528076, 10.433993086916642, 130.2574269542016, 412.450588229529, 14.891700584841876, 49.71806006337626, 85.45698173930735, 230.64488211230133, 1.6218676163045331, 161.7231334872214, 55.20167505970869, 49.0121344841305, 262.29988813389434, 50.95283209435203, 178.42066486662117, 220.26978947346996, 22.849310606950255, 222.75246655710376, 76.27520115792338, 35.51619359026657, 1.712138438302919, 31.294182451043973, 98.62868436232135, 50.20070902388662, 291.12441618701956, 82.6898605877648, 70.63485481864137, 80.28032794373465, 291.49629982313905]]"
65,"[[(0, 27), (0, 28), (0, 40), (12, 2), (13, 3), (13, 14), (13, 18), (13, 24), (40, 1), (40, 10), (41, 26), (16, 9), (16, 11), (16, 31), (20, 5), (20, 48), (34, 44), (37, 20), (45, 9), (3, 11), (11, 6), (26, 9), (26, 33), (31, 17), (33, 19), (36, 28), (36, 32), (39, 22), (8, 34), (24, 28), (24, 31), (44, 17), (44, 41), (7, 15), (7, 19), (7, 26), (7, 28), (7, 38), (10, 17), (10, 40), (15, 34), (19, 26), (19, 33), (35, 17), (35, 33), (23, 8), (23, 16), (23, 38), (25, 24), (25, 41), (17, 3), (43, 26), (32, 12), (32, 21), (32, 42), (14, 18), (18, 34)]]","[[145.50007631690684, 344.90916854419095, 212.80581948456123, 21.669207698691118, 18.719524441853572, 21.51173468921218, 80.70142027421895, 53.76803625188251, 479.52507169996557, 47.669683845796946, 136.501458222795, 101.009834523238, 77.16194679311087, 316.9632580124752, 244.6180322020241, 391.5110681129759, 95.01209063856929, 47.517809123992244, 187.6929931617354, 15.11520946198349, 132.88322339806123, 257.25449607391374, 46.923025603425046, 119.81659847227674, 209.53879504268195, 29.74174494391386, 63.03604252002667, 15.70702483018544, 630.8386686667224, 25.35107343634524, 61.694536482520135, 203.016926358815, 12.895627295520399, 44.25428553138358, 24.058017293793036, 235.67282107318232, 3.304688875594957, 732.0678336039964, 135.6367019077536, 34.92039756602901, 194.38088372432105, 49.38712105377083, 36.548796523104485, 220.84694983856227, 34.68275514763472, 213.08378032069095, 83.09362312475277, 29.72389137914277, 2.6742299774213514, 23.91172110273662, 129.88221146096333, 49.71650511506659, 716.4433570097634, 55.09955045982429, 272.69796415306666, 71.32771204015745, 314.6777398787259]]"
66,"[[(0, 27), (0, 28), (0, 40), (12, 2), (13, 3), (13, 14), (13, 18), (13, 24), (40, 1), (40, 10), (41, 26), (16, 9), (16, 11), (16, 31), (20, 5), (20, 48), (34, 44), (37, 20), (45, 9), (3, 11), (11, 6), (26, 9), (26, 33), (31, 17), (33, 19), (36, 28), (36, 32), (39, 22), (8, 34), (24, 28), (24, 31), (44, 17), (44, 41), (7, 15), (7, 19), (7, 26), (7, 28), (7, 38), (10, 17), (10, 40), (15, 34), (19, 26), (19, 33), (35, 17), (35, 33), (23, 8), (23, 16), (23, 38), (25, 24), (25, 41), (17, 3), (43, 26), (32, 12), (32, 21), (32, 42), (14, 18), (18, 34)]]","[[142.76475176429898, 224.69011168044813, 213.02250993401185, 62.431591245323546, 11.14387698706084, 26.42899103949001, 93.31344142039187, 51.471449646912944, 834.8829142576468, 143.80254109041323, 135.479483898618, 90.25760853490064, 62.345023144634006, 167.9904231014643, 245.6093697808859, 175.94619763552922, 71.627503730429, 62.567653604428074, 163.30506990634638, 29.644963142620142, 141.28809573282177, 298.80635780916674, 24.25849151748058, 76.04114389261957, 372.86601473578156, 44.95546081359834, 61.53845426283597, 23.765928755266653, 506.9047818013664, 36.46306264479229, 95.2351076051557, 426.6083159524054, 13.336458869670535, 37.029766642093264, 91.43248242283944, 514.8731010602605, 3.893750869463555, 711.0810148854421, 26.049808031839934, 45.29790350574515, 209.7977046432363, 52.50690711371455, 148.09287615276358, 249.35348857076727, 14.210262181362513, 208.84973721212378, 78.1127519678554, 34.503614925174745, 2.0129346849340974, 13.187941041937556, 137.34071883708933, 312.4604897885141, 606.4010505602722, 51.5121545544135, 19.193675213805292, 80.8720280426239, 290.1918996909813]]"
67,"[[(0, 27), (0, 28), (0, 40), (12, 2), (13, 3), (13, 14), (13, 18), (13, 24), (40, 1), (40, 10), (41, 26), (16, 9), (16, 11), (16, 31), (20, 5), (20, 48), (34, 44), (37, 20), (45, 9), (3, 11), (11, 6), (26, 9), (26, 33), (31, 17), (33, 19), (36, 28), (36, 32), (39, 22), (8, 34), (24, 28), (24, 31), (44, 17), (44, 41), (7, 15), (7, 19), (7, 26), (7, 28), (7, 38), (10, 17), (10, 40), (15, 34), (19, 26), (19, 33), (35, 17), (35, 33), (23, 8), (23, 16), (23, 38), (25, 24), (25, 41), (17, 3), (43, 26), (32, 12), (32, 21), (32, 42), (14, 18), (18, 34)]]","[[135.89396141446537, 258.9100754289675, 207.40724976697575, 93.36913991789392, 16.0251482101257, 23.686598203758248, 60.187493999468394, 29.710677956204265, 470.56263727118755, 543.8074665775229, 291.3909096277375, 98.81553173951485, 103.3882507911476, 210.13991825876312, 368.9315796648867, 123.92971932281161, 26.954751500780112, 8.591746925821196, 318.01726647306265, 23.296039223558324, 62.34816229581814, 198.88300527856663, 58.785330623182794, 114.13937132524758, 298.6982261232562, 41.281067827025225, 62.715623781541446, 14.282632373924617, 150.18375725594086, 10.41682123125973, 93.22249361983069, 385.93138182773407, 11.468713370498515, 34.370571635766524, 41.05879074178394, 520.9414034415892, 2.6477535183457506, 616.045384183917, 120.22699299666832, 52.00094599242291, 138.06815888262116, 86.39022882021371, 229.30307881750053, 211.1835989283957, 16.260083862366972, 201.8283274022321, 67.34846022181661, 26.68271303722466, 1.6922599533893907, 19.347095364828284, 121.21511197552641, 162.88062844443655, 554.462203793808, 74.30999991508678, 139.87199368961467, 84.97242240980702, 284.49363614850836]]"
68,"[[(0, 27), (0, 28), (0, 40), (12, 2), (13, 3), (13, 14), (13, 18), (13, 24), (40, 1), (40, 10), (41, 26), (16, 9), (16, 11), (16, 31), (20, 5), (20, 48), (34, 44), (37, 20), (45, 9), (3, 11), (11, 6), (26, 9), (26, 33), (31, 17), (33, 19), (36, 28), (36, 32), (39, 22), (8, 34), (24, 28), (24, 31), (44, 17), (44, 41), (7, 15), (7, 19), (7, 26), (7, 28), (7, 38), (10, 17), (10, 40), (15, 34), (19, 26), (19, 33), (35, 17), (35, 33), (23, 8), (23, 16), (23, 38), (25, 24), (25, 41), (17, 3), (43, 26), (32, 12), (32, 21), (32, 42), (14, 18), (18, 34)]]","[[136.8214436956446, 238.81346749879935, 209.04422382420864, 83.79797090369826, 11.717814072152551, 32.574469609244545, 56.251872045650046, 44.315470955610465, 401.51610947322064, 321.71740742976493, 218.1184079390562, 100.58246011009851, 45.322548177985446, 209.92927200960796, 217.90837358587268, 331.7681414087227, 202.54287098177218, 78.40157483812473, 176.3473732663923, 33.58945859003721, 126.69032188548752, 209.37616396681696, 37.40418116769832, 105.28292919545618, 171.35255083887918, 43.42598535152379, 63.21862356682096, 38.162168697123796, 301.11818485037463, 105.48385717124545, 45.130108821124566, 306.2738453047846, 10.796808233589147, 29.736625878388537, 13.257275363327118, 518.2299483613101, 2.2447838041930988, 643.3773518308293, 122.95838348591171, 48.09529995485529, 127.0953579180028, 115.79792746477742, 223.25658895050444, 268.85993194776034, 12.5060282176794, 199.5367730687862, 67.09471985091531, 31.60019669753771, 2.6474071305802793, 52.87734552385664, 133.1658973479939, 39.17763399887586, 632.7685148115913, 86.84207152172327, 21.310869963745446, 81.39680334340447, 279.8724213851187]]"
69,"[[(0, 27), (0, 28), (0, 40), (12, 2), (13, 3), (13, 14), (13, 18), (13, 24), (40, 1), (40, 10), (41, 26), (16, 9), (16, 11), (16, 31), (20, 5), (20, 48), (34, 44), (37, 20), (45, 9), (3, 11), (11, 6), (26, 9), (26, 33), (31, 17), (33, 19), (36, 28), (36, 32), (39, 22), (8, 34), (24, 28), (24, 31), (44, 17), (44, 41), (7, 15), (7, 19), (7, 26), (7, 28), (7, 38), (10, 17), (10, 40), (15, 34), (19, 26), (19, 33), (35, 17), (35, 33), (23, 8), (23, 16), (23, 38), (25, 24), (25, 41), (17, 3), (43, 26), (32, 12), (32, 21), (32, 42), (14, 18), (18, 34)]]","[[145.6617282542273, 367.2446251495711, 213.95878035666118, 37.39621576125015, 14.714383559556971, 19.358570808386197, 127.55600609971448, 31.333837669636903, 288.6797452809653, 54.03438675661101, 162.03687283792263, 95.67714632430888, 84.03034290987448, 340.10091178338024, 210.27327820283176, 178.78466609460224, 23.2172025760008, 128.11948660368503, 174.8031839940091, 29.1111805168068, 125.53782532609961, 93.02988562310837, 116.91784330750383, 98.75592889809624, 140.08261296598084, 44.61279965402457, 63.674230277807716, 19.887372641832403, 534.4391359526799, 24.2585941643171, 104.82672635415298, 386.5333684887247, 11.296385283506213, 31.80117391386582, 33.12139715829359, 149.04242366410364, 2.6568843208178223, 520.378002403613, 161.59989273671218, 45.84821784683106, 115.46675751281373, 27.693787785487025, 190.06246984965102, 243.2431587450298, 40.18165555390034, 226.75694683138383, 67.88178968182446, 28.219405204412528, 2.5609855002285276, 15.347505645917412, 38.04997177312298, 101.60802535746944, 490.4091572637551, 89.83327932999624, 193.87910566529007, 74.8581316043734, 293.0610099544198]]"
70,"[[(0, 27), (0, 28), (0, 40), (12, 2), (13, 3), (13, 14), (13, 18), (13, 24), (40, 1), (40, 10), (41, 26), (16, 9), (16, 11), (16, 31), (20, 5), (20, 48), (34, 44), (37, 20), (45, 9), (3, 11), (11, 6), (26, 9), (26, 33), (31, 17), (33, 19), (36, 28), (36, 32), (39, 22), (8, 34), (24, 28), (24, 31), (44, 17), (44, 41), (7, 15), (7, 19), (7, 26), (7, 28), (7, 38), (10, 17), (10, 40), (15, 34), (19, 26), (19, 33), (35, 17), (35, 33), (23, 8), (23, 16), (23, 38), (25, 24), (25, 41), (17, 3), (43, 26), (32, 12), (32, 21), (32, 42), (14, 18), (18, 34)]]","[[121.93453165965416, 347.4569798516829, 208.2074523045783, 74.73782134536805, 20.1412399067578, 28.311379811834115, 124.81971227682253, 22.530501363921843, 631.4061920627734, 40.784080125634624, 330.81393124081603, 99.01829556604957, 73.21394905163727, 158.35841711618875, 112.03246321689689, 255.46888077081425, 151.7648810728521, 9.97321571765428, 386.1444660667558, 11.20196549172941, 113.0448664771398, 174.80347638400252, 50.233481298680594, 75.34480315347989, 229.99215734699723, 43.71655391813411, 62.47310189820548, 41.06852911259269, 76.36936322973432, 93.34919454592551, 48.78393551377484, 332.6577139754936, 10.801245051684885, 29.63699483597633, 88.57081086797774, 322.85978852210997, 3.9052420716999343, 625.5690934210803, 95.46439462080792, 49.30050216691131, 91.93887880786724, 61.972734770935745, 203.15207509821312, 263.19725254626087, 36.20121485007526, 238.08914086458745, 81.19490251375613, 29.250706130217875, 2.9286523254583177, 78.31998253346639, 36.74883959179633, 256.58990159199686, 664.6497817128446, 67.55760700757307, 121.6592182118487, 80.60389581107792, 323.4564754164727]]"
71,"[[(0, 27), (0, 28), (0, 40), (12, 2), (13, 3), (13, 14), (13, 18), (13, 24), (40, 1), (40, 10), (41, 26), (16, 9), (16, 11), (16, 31), (20, 5), (20, 48), (34, 44), (37, 20), (45, 9), (3, 11), (11, 6), (26, 9), (26, 33), (31, 17), (33, 19), (36, 28), (36, 32), (39, 22), (8, 34), (24, 28), (24, 31), (44, 17), (44, 41), (7, 15), (7, 19), (7, 26), (7, 28), (7, 38), (10, 17), (10, 40), (15, 34), (19, 26), (19, 33), (35, 17), (35, 33), (23, 8), (23, 16), (23, 38), (25, 24), (25, 41), (17, 3), (43, 26), (32, 12), (32, 21), (32, 42), (14, 18), (18, 34)]]","[[115.12722075720657, 257.48327309471273, 215.15000149801725, 93.19055407422854, 11.78501598778199, 27.998176841375102, 90.80089449260014, 39.01241602477309, 187.99657344072583, 506.89073010224973, 462.1441990217793, 96.97977510208852, 102.93341592738231, 126.16991381673708, 213.03768984516944, 216.1330321187661, 142.09125846968038, 118.50924119491845, 245.60293866451542, 16.83039019725503, 117.62095415561804, 92.45685967015885, 105.68305121475947, 65.65210366789294, 380.78607140217343, 29.772716210615798, 63.92874050349042, 6.725997564995982, 724.1024521012531, 45.1903067404753, 62.36744926276798, 423.41557537757205, 14.55136661678279, 39.7526142791293, 16.901752299750274, 221.96171500937595, 1.8807746389860602, 825.1488072347879, 73.51648558589714, 30.05154413631752, 121.65717884295516, 95.07219094685396, 62.79335937282432, 242.17451256031066, 39.76419976400837, 203.39882076005915, 83.49347606247494, 28.113638797394806, 1.2749302004866165, 67.92312354801601, 36.46416998630318, 258.83796278938576, 147.779275172756, 83.10217544162727, 166.82328334999468, 78.87294409411692, 305.2095823157539]]"
72,"[[(0, 27), (0, 28), (0, 40), (12, 2), (13, 3), (13, 14), (13, 18), (13, 24), (40, 1), (40, 10), (41, 26), (16, 9), (16, 11), (16, 31), (20, 5), (20, 48), (34, 44), (37, 20), (45, 9), (3, 11), (11, 6), (26, 9), (26, 33), (31, 17), (33, 19), (36, 28), (36, 32), (39, 22), (8, 34), (24, 28), (24, 31), (44, 17), (44, 41), (7, 15), (7, 19), (7, 26), (7, 28), (7, 38), (10, 17), (10, 40), (15, 34), (19, 26), (19, 33), (35, 17), (35, 33), (23, 8), (23, 16), (23, 38), (25, 24), (25, 41), (17, 3), (43, 26), (32, 12), (32, 21), (32, 42), (14, 18), (18, 34)]]","[[130.3599321700468, 214.59210051424998, 206.88315224403465, 80.19748627663803, 12.783835339556266, 8.4151379111196, 107.26295192811205, 33.67517613619483, 185.30453549006205, 95.69256932821348, 203.30610936065838, 98.78383669305853, 51.81989377403213, 260.0247137018077, 91.27121302411244, 264.13826423964565, 195.84848455634142, 161.1703996845677, 300.5886306449535, 30.029316934379043, 88.98629621591334, 308.7020651467887, 3.769981295763508, 71.25167522338997, 121.05363880664783, 30.382922835556364, 62.51070028801496, 43.1312340198655, 550.6827326995253, 33.948517350050864, 73.47806512726439, 225.81026776172692, 13.6818474595447, 43.78827036108501, 19.520115630320753, 274.9120430300398, 1.758442294092685, 94.57053723684331, 103.12614141776592, 53.40297008138843, 194.68389538915795, 47.844967674708, 95.05157301468415, 235.06878323746454, 36.45760185880357, 218.37258877648253, 79.24893957795564, 30.08115207356046, 2.7189265079122107, 11.776519690160358, 76.85452724780448, 92.29774166077436, 628.7183616188728, 88.08437274844786, 165.69869273439514, 84.64145676408603, 284.21589697415556]]"
73,"[[(0, 27), (0, 28), (0, 40), (12, 2), (13, 3), (13, 14), (13, 18), (13, 24), (40, 1), (40, 10), (41, 26), (16, 9), (16, 11), (16, 31), (20, 5), (20, 48), (34, 44), (37, 20), (45, 9), (3, 11), (11, 6), (26, 9), (26, 33), (31, 17), (33, 19), (36, 28), (36, 32), (39, 22), (8, 34), (24, 28), (24, 31), (44, 17), (44, 41), (7, 15), (7, 19), (7, 26), (7, 28), (7, 38), (10, 17), (10, 40), (15, 34), (19, 26), (19, 33), (35, 17), (35, 33), (23, 8), (23, 16), (23, 38), (25, 24), (25, 41), (17, 3), (43, 26), (32, 12), (32, 21), (32, 42), (14, 18), (18, 34)]]","[[133.93353384595383, 254.0529051880264, 216.35920495153613, 26.01086063777447, 20.4944104947571, 15.027220990740165, 82.44620658138228, 47.23498557890666, 313.6121864135858, 272.5763216311513, 171.6396836546801, 96.09067068969676, 99.69490487522896, 250.82952373618784, 201.83598942219612, 95.90862476951156, 137.92779546607767, 18.006681424717513, 434.16151333233, 29.27919181446264, 97.03822872303803, 33.10756655411793, 28.025478647472415, 102.06286410990089, 338.35761188479216, 43.254582313635105, 62.36874911896211, 43.17842088290553, 90.39075617606318, 70.7217631707893, 101.05715161057066, 214.95663139462425, 13.947982936624634, 46.19929700756761, 27.480936059691786, 497.30288250735026, 1.472377869942937, 341.7111084148315, 166.12452565320683, 45.259756973771744, 159.2027223162611, 31.942187258074394, 150.16433172911894, 286.02030884271335, 25.55643833868807, 224.66595048155244, 71.85439435423538, 30.888545390265815, 2.184984372569735, 72.98670143736999, 100.69702991804854, 167.24605423744387, 82.16469823501856, 49.591176695469514, 193.37865540540548, 81.59594816444937, 277.1452325385907]]"
74,"[[(0, 27), (0, 28), (0, 40), (12, 2), (13, 3), (13, 14), (13, 18), (13, 24), (40, 1), (40, 10), (41, 26), (16, 9), (16, 11), (16, 31), (20, 5), (20, 48), (34, 44), (37, 20), (45, 9), (3, 11), (11, 6), (26, 9), (26, 33), (31, 17), (33, 19), (36, 28), (36, 32), (39, 22), (8, 34), (24, 28), (24, 31), (44, 17), (44, 41), (7, 15), (7, 19), (7, 26), (7, 28), (7, 38), (10, 17), (10, 40), (15, 34), (19, 26), (19, 33), (35, 17), (35, 33), (23, 8), (23, 16), (23, 38), (25, 24), (25, 41), (17, 3), (43, 26), (32, 12), (32, 21), (32, 42), (14, 18), (18, 34)]]","[[127.10723666615566, 231.89290368122607, 210.20013522961443, 80.34265859715157, 19.719895424229826, 17.91473842423509, 129.81388325208633, 69.57167474261631, 91.73619695832515, 463.96256697879653, 467.72151663863923, 91.78632867371155, 50.67435817838472, 153.67200992078398, 127.54367441338263, 126.05270927446671, 153.6335546641068, 32.25259034633435, 201.82198560855323, 36.20218965387977, 58.34152379706034, 27.661136303773205, 123.53009934588484, 68.14251522466539, 288.3646037676224, 36.959871156231955, 63.271533986092585, 16.93392856211903, 559.967117918241, 26.316051240826432, 61.01468648552431, 246.9861458524929, 14.517795233220475, 31.733112254825638, 35.40170650772716, 142.3789101409976, 2.5663433248125807, 44.5359580857546, 110.86712680419333, 37.980849537368535, 131.32860561615928, 43.014748755438674, 125.1357288941489, 284.7228093702891, 21.348661856125354, 216.9173436948007, 83.53124054839026, 29.016777112022538, 1.215456613385466, 102.20467577773843, 105.08915727310824, 251.19642333259287, 157.12581567356779, 58.60682971194882, 212.99278576372865, 84.06936169527502, 306.40939800326305]]"
75,"[[(0, 27), (0, 28), (0, 40), (12, 2), (13, 3), (13, 14), (13, 18), (13, 24), (40, 1), (40, 10), (41, 26), (16, 9), (16, 11), (16, 31), (20, 5), (20, 48), (34, 44), (37, 20), (45, 9), (3, 11), (11, 6), (26, 9), (26, 33), (31, 17), (33, 19), (36, 28), (36, 32), (39, 22), (8, 34), (24, 28), (24, 31), (44, 17), (44, 41), (7, 15), (7, 19), (7, 26), (7, 28), (7, 38), (10, 17), (10, 40), (15, 34), (19, 26), (19, 33), (35, 17), (35, 33), (23, 8), (23, 16), (23, 38), (25, 24), (25, 41), (17, 3), (43, 26), (32, 12), (32, 21), (32, 42), (14, 18), (18, 34)]]","[[115.73718045945637, 298.2303591938075, 213.15055039512364, 34.138973492452, 18.3748953756393, 9.964499184884176, 55.35377737922779, 59.20481616156943, 443.56055284507045, 25.744214094411607, 496.94924257858844, 98.7650986759815, 21.116814853861413, 280.5877891680661, 179.42303615675826, 297.64989247726743, 88.50850318775709, 179.11541325238107, 133.05680661873515, 30.546818359716003, 116.26607158572997, 261.8112571123276, 9.028577292851994, 82.40171898987188, 136.54658684127884, 47.88678553398354, 60.80794015984746, 22.095958766373535, 595.6735104059613, 9.747447092642037, 107.5562411983228, 298.3221431447271, 9.273218106698252, 33.845657506065834, 66.03398993505297, 540.4870491061002, 1.9804396835347724, 81.20770893253518, 105.89470799705711, 61.70813116036783, 247.4183238962441, 118.817752843004, 120.85208246587271, 279.4427269498957, 35.11989624815293, 231.4567010060918, 68.3995113683474, 27.00048521558743, 1.925832525658942, 21.609016315800808, 56.98427997631247, 252.21892206228358, 441.52934164975136, 86.71742737460954, 211.11078378912973, 74.25051596861272, 301.4777105456463]]"
76,"[[(0, 27), (0, 28), (0, 40), (12, 2), (13, 3), (13, 14), (13, 18), (13, 24), (40, 1), (40, 10), (41, 26), (16, 9), (16, 11), (16, 31), (20, 5), (20, 48), (34, 44), (37, 20), (45, 9), (3, 11), (11, 6), (26, 9), (26, 33), (31, 17), (33, 19), (36, 28), (36, 32), (39, 22), (8, 34), (24, 28), (24, 31), (44, 17), (44, 41), (7, 15), (7, 19), (7, 26), (7, 28), (7, 38), (10, 17), (10, 40), (15, 34), (19, 26), (19, 33), (35, 17), (35, 33), (23, 8), (23, 16), (23, 38), (25, 24), (25, 41), (17, 3), (43, 26), (32, 12), (32, 21), (32, 42), (14, 18), (18, 34)]]","[[153.7097925472998, 254.17032321312823, 208.22834148837012, 45.144356029096116, 12.826734001844505, 11.309056588960487, 130.97245504447375, 41.787320364742826, 914.1949884150756, 576.0127160433127, 44.958723427154425, 97.53246127815594, 51.999207348039235, 169.06169425819638, 144.34969431736246, 356.7230583516487, 164.47085557152994, 126.05289718309888, 348.18478087283927, 28.173671193665598, 99.43756986538438, 161.0739556353568, 29.39638054786368, 72.70868090693403, 343.5967138036658, 39.095394491339505, 63.68190874174298, 38.24182016208602, 449.7435048290561, 17.98957844400603, 131.04202118089978, 408.04065633515336, 10.158505962040268, 42.996997936801016, 16.943794772038036, 130.09313351028263, 2.37960276034771, 817.5821580128385, 156.7257780390307, 48.14106108490388, 142.3474288280243, 84.50431369155312, 211.90064047859735, 225.85675206525926, 19.319861088685037, 240.3236325210848, 74.90700019725756, 27.04571684636577, 2.183365348164073, 23.489392118432967, 94.57174055067975, 57.98507942536035, 497.5959137353188, 77.57101801187801, 121.89714185360457, 84.94396641239624, 321.8128066469054]]"
77,"[[(0, 27), (0, 28), (0, 40), (12, 2), (13, 3), (13, 14), (13, 18), (13, 24), (40, 1), (40, 10), (41, 26), (16, 9), (16, 11), (16, 31), (20, 5), (20, 48), (34, 44), (37, 20), (45, 9), (3, 11), (11, 6), (26, 9), (26, 33), (31, 17), (33, 19), (36, 28), (36, 32), (39, 22), (8, 34), (24, 28), (24, 31), (44, 17), (44, 41), (7, 15), (7, 19), (7, 26), (7, 28), (7, 38), (10, 17), (10, 40), (15, 34), (19, 26), (19, 33), (35, 17), (35, 33), (23, 8), (23, 16), (23, 38), (25, 24), (25, 41), (17, 3), (43, 26), (32, 12), (32, 21), (32, 42), (14, 18), (18, 34)]]","[[121.76129298544635, 245.41891702404064, 221.68453046990925, 32.30879200022994, 18.299983707709345, 26.20368698572178, 74.17737755399726, 45.66137145257312, 800.5879360577093, 75.5791370512149, 506.6928871775888, 97.18048091664126, 66.15678128167588, 133.19079875297973, 369.1106497986344, 349.7813296553856, 95.20054613050846, 61.23885109696317, 436.7815119642724, 29.865300218444325, 132.33487121967954, 295.0005244091277, 103.76363248731505, 95.1222518640833, 354.2927382392888, 38.19340170099839, 63.34252981799349, 9.535361137697322, 305.1264807940504, 43.94939016545338, 75.84971397651844, 352.94427412151776, 10.288639945024723, 35.51251431519893, 69.22786662442056, 508.17278544935544, 1.3849308491442058, 713.0133238798655, 190.29615543571683, 54.464763079583534, 152.67676337793858, 118.39700474094298, 98.53474022811851, 209.37762238172766, 11.690097537424858, 242.36681854433587, 79.23118374677554, 28.71517126728415, 1.7820135567194364, 42.06602862658342, 37.09721428212971, 98.07345441129681, 457.5074753287871, 54.519376876434436, 220.0244415951899, 84.29397404738656, 294.1774158453371]]"
78,"[[(0, 27), (0, 28), (0, 40), (12, 2), (13, 3), (13, 14), (13, 18), (13, 24), (40, 1), (40, 10), (41, 26), (16, 9), (16, 11), (16, 31), (20, 5), (20, 48), (34, 44), (37, 20), (45, 9), (3, 11), (11, 6), (26, 9), (26, 33), (31, 17), (33, 19), (36, 28), (36, 32), (39, 22), (8, 34), (24, 28), (24, 31), (44, 17), (44, 41), (7, 15), (7, 19), (7, 26), (7, 28), (7, 38), (10, 17), (10, 40), (15, 34), (19, 26), (19, 33), (35, 17), (35, 33), (23, 8), (23, 16), (23, 38), (25, 24), (25, 41), (17, 3), (43, 26), (32, 12), (32, 21), (32, 42), (14, 18), (18, 34)]]","[[124.00786146420424, 262.91394445555, 208.84660950494012, 93.12812909825136, 17.048256840884708, 16.288097658217303, 110.18864062596205, 43.34996162836436, 526.0264540065727, 244.12630113955893, 392.9453043069806, 101.24941799424768, 80.04692932610826, 175.38133776945062, 135.769377744424, 53.602528335456626, 47.017434097306214, 15.686922054708065, 292.6821430538139, 25.13128818657543, 95.51132854541223, 203.49374491807748, 122.96098768664163, 103.62548625956184, 175.6119915888728, 38.16077089020894, 63.42787534488694, 13.422640191112096, 116.62081815971459, 104.52319320521413, 120.6496107618043, 300.72476139971667, 11.496099961966097, 46.090971930565786, 67.02105249441115, 477.7206864070077, 2.2003530249636682, 148.12957574996648, 101.30972179952387, 47.64256445084449, 137.89203754466655, 53.028693491870115, 88.60410786461, 254.3424576302702, 23.237678918403144, 204.63625185568097, 81.7439886958599, 28.569705113248055, 1.7831507764027295, 83.48064083063292, 76.05004091355998, 268.611703862429, 461.2878045495644, 80.05560787473215, 31.403707952818916, 77.09285240033766, 306.37250717554195]]"
79,"[[(0, 27), (0, 28), (0, 40), (12, 2), (13, 3), (13, 14), (13, 18), (13, 24), (40, 1), (40, 10), (41, 26), (16, 9), (16, 11), (16, 31), (20, 5), (20, 48), (34, 44), (37, 20), (45, 9), (3, 11), (11, 6), (26, 9), (26, 33), (31, 17), (33, 19), (36, 28), (36, 32), (39, 22), (8, 34), (24, 28), (24, 31), (44, 17), (44, 41), (7, 15), (7, 19), (7, 26), (7, 28), (7, 38), (10, 17), (10, 40), (15, 34), (19, 26), (19, 33), (35, 17), (35, 33), (23, 8), (23, 16), (23, 38), (25, 24), (25, 41), (17, 3), (43, 26), (32, 12), (32, 21), (32, 42), (14, 18), (18, 34)]]","[[126.94249385553417, 235.26449811191418, 209.81424898606878, 51.181748776204465, 12.421382571064441, 14.521719089047702, 108.85449007319875, 31.595653035309095, 551.0878487311157, 72.75728406365849, 286.3765879547434, 97.21520102394425, 19.652805037988088, 130.8490245065301, 102.88040854619217, 148.2836032041093, 34.48025198621032, 43.47052322083681, 361.67966692373494, 15.605463188707706, 125.43333667762624, 219.83555520378778, 95.80724804389027, 97.49709027632335, 349.57128783635306, 35.69808461901063, 62.395191512711186, 24.968497542893967, 539.676872284212, 32.49041934627645, 82.84767736722765, 355.4168759334871, 11.392927475584841, 50.96813374671998, 60.297759540716484, 390.9415246316355, 2.6679554037237554, 77.97583746420187, 44.29088382161721, 36.49003805438926, 101.09227998680592, 25.271867321169587, 142.46065845651836, 261.949649589181, 26.826550720130008, 245.43312944269536, 84.4881410262986, 23.43765223064412, 2.7520684139644915, 38.077414215143605, 72.72841963612625, 197.7935032077399, 171.8648235908763, 89.7115463304014, 59.47986362992749, 83.49723851568295, 302.76737123089526]]"
80,"[[(0, 27), (0, 28), (0, 40), (12, 2), (13, 3), (13, 14), (13, 18), (13, 24), (40, 1), (40, 10), (41, 26), (16, 9), (16, 11), (16, 31), (20, 5), (20, 48), (34, 44), (37, 20), (45, 9), (3, 11), (11, 6), (26, 9), (26, 33), (31, 17), (33, 19), (36, 28), (36, 32), (39, 22), (8, 34), (24, 28), (24, 31), (44, 17), (44, 41), (7, 15), (7, 19), (7, 26), (7, 28), (7, 38), (10, 17), (10, 40), (15, 34), (19, 26), (19, 33), (35, 17), (35, 33), (23, 8), (23, 16), (23, 38), (25, 24), (25, 41), (17, 3), (43, 26), (32, 12), (32, 21), (32, 42), (14, 18), (18, 34)]]","[[118.20975558509562, 291.0884280873958, 221.29778934764988, 48.35133905739208, 18.9048207044327, 22.45751762964376, 57.68384062849451, 33.97922270791995, 705.1069389627431, 66.68073816912937, 513.4735402108754, 89.38624284667141, 66.75934963285684, 296.2138848983435, 145.35767574930748, 64.26146660921657, 157.87354752635463, 102.81791041775693, 311.0029289784284, 28.863307470137666, 56.05198726028663, 264.45732422318025, 110.41639591553975, 111.2592433546344, 267.5492190146116, 34.28371267024411, 61.92581301868845, 46.640094928470056, 273.9418953940618, 39.46877596740442, 30.533321991258557, 241.92100859276985, 11.439129722615391, 49.91604432023048, 48.19321997930076, 330.8107178556877, 2.176044290156584, 722.6727579503067, 186.59569229760496, 60.97692958412849, 144.0251386748922, 37.34375144978478, 42.48531594101296, 224.01679251083308, 34.404068794247365, 196.41031656077217, 68.07570444869177, 35.62571796308553, 1.006225099223477, 73.95414093823119, 42.917254433860286, 11.80810412307444, 685.8338897604716, 50.06132365243115, 45.46682584097725, 82.90142719239759, 295.24598862745387]]"
81,"[[(0, 27), (0, 28), (0, 40), (12, 2), (13, 3), (13, 14), (13, 18), (13, 24), (40, 1), (40, 10), (41, 26), (16, 9), (16, 11), (16, 31), (20, 5), (20, 48), (34, 44), (37, 20), (45, 9), (3, 11), (11, 6), (26, 9), (26, 33), (31, 17), (33, 19), (36, 28), (36, 32), (39, 22), (8, 34), (24, 28), (24, 31), (44, 17), (44, 41), (7, 15), (7, 19), (7, 26), (7, 28), (7, 38), (10, 17), (10, 40), (15, 34), (19, 26), (19, 33), (35, 17), (35, 33), (23, 8), (23, 16), (23, 38), (25, 24), (25, 41), (17, 3), (43, 26), (32, 12), (32, 21), (32, 42), (14, 18), (18, 34)]]","[[151.21614731844716, 373.1110983194212, 219.2412209366338, 21.269892376025574, 18.565335488986076, 21.73090272577419, 125.06164877977119, 67.07063899474551, 762.2387221114641, 118.55493734296411, 97.6306552815777, 96.88824996172124, 70.07680322576273, 341.65635403171166, 295.9761390074111, 309.4154088335126, 120.08312088671238, 174.7166352840545, 184.0787953015805, 35.52978594757168, 62.40712652116258, 235.03630276926611, 70.55198992863664, 69.17429209523905, 400.1743079289952, 41.24679696859905, 60.62335223134666, 27.589402775601396, 198.23370357650134, 56.61643014578748, 46.09032091963864, 343.81647359936596, 9.685074422177738, 41.72790479670725, 23.330416578096063, 476.48626698207426, 3.5080647612227844, 680.1844331345915, 153.94700343287917, 55.881682602909194, 266.26056150525847, 123.57311193784086, 70.12636324914428, 247.9549174066695, 11.2166598135777, 209.53990130902287, 80.4420525346344, 35.77418069253213, 1.630658820112851, 83.21803276656247, 124.86160068991546, 77.00184343750682, 542.6630699177487, 58.982362323098116, 176.20141054047028, 74.76120898897072, 322.7038711822046]]"
82,"[[(0, 27), (0, 28), (0, 40), (12, 2), (13, 3), (13, 14), (13, 18), (13, 24), (40, 1), (40, 10), (41, 26), (16, 9), (16, 11), (16, 31), (20, 5), (20, 48), (34, 44), (37, 20), (45, 9), (3, 11), (11, 6), (26, 9), (26, 33), (31, 17), (33, 19), (36, 28), (36, 32), (39, 22), (8, 34), (24, 28), (24, 31), (44, 17), (44, 41), (7, 15), (7, 19), (7, 26), (7, 28), (7, 38), (10, 17), (10, 40), (15, 34), (19, 26), (19, 33), (35, 17), (35, 33), (23, 8), (23, 16), (23, 38), (25, 24), (25, 41), (17, 3), (43, 26), (32, 12), (32, 21), (32, 42), (14, 18), (18, 34)]]","[[117.63864745745643, 328.24131482558175, 219.97260490988893, 77.02995428001874, 18.446446491320696, 14.473171181331656, 54.44944703554842, 66.57849651147829, 38.494280890259574, 228.2660861612092, 509.8614302149325, 88.5730892536243, 110.9142509629574, 165.0974421515154, 206.0114414276394, 262.987383864025, 112.99799857070207, 60.41865444842408, 376.70480471287703, 36.557652878307586, 73.1869376016817, 215.74751486234612, 37.09311123197505, 89.49296318595664, 320.53589405729224, 31.40690617433275, 60.61876352802237, 41.58063607283334, 119.6514427945276, 47.488476193800174, 127.7978334709693, 250.67156136116228, 12.572429949170793, 51.58466830110476, 90.39435365396912, 381.83932067141893, 0.44267542138791294, 338.7572493065136, 105.72236845767605, 61.11719989985916, 172.57708822507075, 46.13358838521545, 42.96099505054453, 210.59995987218286, 31.814785061971477, 218.7425973837622, 68.66902688391768, 24.335559558487688, 2.1614855774845703, 77.10485741184688, 78.21705441345443, 60.174201443205305, 231.0326908555711, 78.09378092780692, 113.34184310849207, 83.18123653599096, 318.3044318732405]]"
83,"[[(0, 27), (0, 28), (0, 40), (12, 2), (13, 3), (13, 14), (13, 18), (13, 24), (40, 1), (40, 10), (41, 26), (16, 9), (16, 11), (16, 31), (20, 5), (20, 48), (34, 44), (37, 20), (45, 9), (3, 11), (11, 6), (26, 9), (26, 33), (31, 17), (33, 19), (36, 28), (36, 32), (39, 22), (8, 34), (24, 28), (24, 31), (44, 17), (44, 41), (7, 15), (7, 19), (7, 26), (7, 28), (7, 38), (10, 17), (10, 40), (15, 34), (19, 26), (19, 33), (35, 17), (35, 33), (23, 8), (23, 16), (23, 38), (25, 24), (25, 41), (17, 3), (43, 26), (32, 12), (32, 21), (32, 42), (14, 18), (18, 34)]]","[[131.13148634120532, 350.0096213485906, 219.21464543896326, 84.89769460470399, 15.34294261719485, 26.573567455013404, 72.33809113432173, 49.63243682051183, 573.4956738936819, 379.87017516273056, 454.3858885507735, 92.07245558332646, 106.75869128764035, 240.2958404047803, 53.329818225559535, 195.65823476111058, 146.7083409030559, 116.6813591004224, 334.6399927326156, 21.16171608053058, 139.96427789637568, 75.10898833787566, 12.081007326334227, 74.60458318173686, 96.64198969940519, 37.51635724705826, 62.87923907809584, 24.146609633060038, 471.8477933103323, 67.21171192090256, 137.35779853023587, 386.96329854558996, 12.474864911052721, 41.609591180455716, 21.112282062203796, 168.05993293954057, 1.8563658538759582, 844.9142199304712, 21.306785497042494, 44.87781399056952, 272.65009971788, 44.86502406873349, 70.72036825291906, 241.69048473343906, 37.4531986642848, 212.74734490688735, 84.19453869668808, 24.861129145991043, 1.3041850482133628, 26.78188190562632, 63.375828698197395, 102.91622346453919, 704.48411622909, 72.43715293214026, 263.01526188444467, 75.86102107779237, 321.4983458061845]]"
84,"[[(0, 27), (0, 28), (0, 40), (12, 2), (13, 3), (13, 14), (13, 18), (13, 24), (40, 1), (40, 10), (41, 26), (16, 9), (16, 11), (16, 31), (20, 5), (20, 48), (34, 44), (37, 20), (45, 9), (3, 11), (11, 6), (26, 9), (26, 33), (31, 17), (33, 19), (36, 28), (36, 32), (39, 22), (8, 34), (24, 28), (24, 31), (44, 17), (44, 41), (7, 15), (7, 19), (7, 26), (7, 28), (7, 38), (10, 17), (10, 40), (15, 34), (19, 26), (19, 33), (35, 17), (35, 33), (23, 8), (23, 16), (23, 38), (25, 24), (25, 41), (17, 3), (43, 26), (32, 12), (32, 21), (32, 42), (14, 18), (18, 34)]]","[[149.97599198030662, 276.98911542738387, 220.4306189872066, 48.592326841460476, 15.457931251397099, 22.593472658847162, 64.37803685924172, 32.27253308481576, 833.2322720981826, 54.61279763829598, 52.01413459603205, 93.32428094497172, 42.33774393804889, 322.16423421826875, 244.83980488649283, 141.33028202231634, 85.71696986135149, 146.08419001910812, 393.91693533461205, 37.411288868691535, 59.290043212197695, 110.30041737016359, 28.131011307177843, 123.5736867732358, 113.32645259451009, 41.52652555833237, 63.29997348919321, 6.312492044966072, 562.5221081636585, 108.22621238039656, 58.307581926228195, 209.81202874670623, 11.59058308308025, 44.34170936669009, 87.98275162600527, 150.25871359588317, 0.4262122744292811, 67.90672822999011, 13.841852430109572, 45.83502596658918, 232.81822389291528, 59.180614298417225, 178.52312367821037, 239.76003957394934, 35.65730304748493, 208.56020219834824, 84.31928814105416, 29.209533222030586, 1.6559902541384195, 18.45446113436481, 95.01531808787232, 163.22102901712648, 278.87093092044023, 93.52091240147094, 200.6669637413626, 73.69469180566061, 314.5142943076051]]"
85,"[[(0, 27), (0, 28), (0, 40), (12, 2), (13, 3), (13, 14), (13, 18), (13, 24), (40, 1), (40, 10), (41, 26), (16, 9), (16, 11), (16, 31), (20, 5), (20, 48), (34, 44), (37, 20), (45, 9), (3, 11), (11, 6), (26, 9), (26, 33), (31, 17), (33, 19), (36, 28), (36, 32), (39, 22), (8, 34), (24, 28), (24, 31), (44, 17), (44, 41), (7, 15), (7, 19), (7, 26), (7, 28), (7, 38), (10, 17), (10, 40), (15, 34), (19, 26), (19, 33), (35, 17), (35, 33), (23, 8), (23, 16), (23, 38), (25, 24), (25, 41), (17, 3), (43, 26), (32, 12), (32, 21), (32, 42), (14, 18), (18, 34)]]","[[116.63918046761044, 276.57809143732675, 219.47698168965437, 17.5110795428239, 15.195332076057536, 7.847475736141354, 89.98004604523803, 48.01231496361685, 281.1907990196218, 394.4712451396605, 82.19200441521158, 92.57460025711933, 79.95767483745956, 273.3083014072795, 369.94613917883646, 377.0049297113094, 138.51923314728268, 147.84974080903586, 187.7942118425441, 34.750334079949496, 65.92299964980913, 109.82579154133022, 28.725873067657623, 83.12825441760468, 121.66796575171847, 41.41033310801082, 60.033232254103815, 7.233432722033265, 614.4348860294893, 94.96721823294, 124.76737462397122, 195.41202637150909, 11.12421197066174, 52.15670808887633, 36.65560921735559, 218.81208964637943, 0.38478382997732785, 405.586611499407, 57.13933304078327, 33.71233234967917, 182.72990145232865, 58.68629056056509, 177.6233395110661, 287.07084767983326, 22.401523351486016, 204.99986938489025, 66.68914404805949, 34.25549522187475, 2.4794557688964938, 86.44242510235894, 67.38882393163755, 287.44075363166365, 267.07615402111117, 53.266531818007195, 154.26217519479727, 78.77597309865877, 291.6030024000532]]"
86,"[[(0, 27), (0, 28), (0, 40), (12, 2), (13, 3), (13, 14), (13, 18), (13, 24), (40, 1), (40, 10), (41, 26), (16, 9), (16, 11), (16, 31), (20, 5), (20, 48), (34, 44), (37, 20), (45, 9), (3, 11), (11, 6), (26, 9), (26, 33), (31, 17), (33, 19), (36, 28), (36, 32), (39, 22), (8, 34), (24, 28), (24, 31), (44, 17), (44, 41), (7, 15), (7, 19), (7, 26), (7, 28), (7, 38), (10, 17), (10, 40), (15, 34), (19, 26), (19, 33), (35, 17), (35, 33), (23, 8), (23, 16), (23, 38), (25, 24), (25, 41), (17, 3), (43, 26), (32, 12), (32, 21), (32, 42), (14, 18), (18, 34)]]","[[114.77691500908033, 252.93794124753836, 208.15629291104625, 22.902774768157037, 15.277005080390582, 14.911789754715244, 104.01153627135898, 50.00262375090895, 794.1517201225541, 454.75094562485884, 466.9725266622058, 93.26047320355968, 65.0948789406622, 196.461266786429, 226.6465165098866, 199.52013869597755, 173.18690332875462, 178.95730345127222, 433.1289114389062, 10.56111395345021, 69.27938041037291, 232.09814616271134, 78.04546216403548, 82.11129670882582, 243.7672718521516, 45.966599674937115, 61.88141941923943, 16.502262092154858, 454.73429476196935, 91.50747678476588, 30.447415073534398, 241.24860726949714, 12.412947987902198, 41.499519106686776, 47.82150118607079, 401.15937816166945, 2.991901622745957, 461.12241836322477, 52.523595519355226, 54.064377549298044, 89.83464789917963, 128.83682155679273, 117.46091431245866, 275.6529780284139, 33.69920147775575, 211.57025407269504, 75.48168133292629, 22.874203609249914, 2.6484783857086187, 22.421164096829674, 99.08742071476374, 114.64819192537838, 121.4901336699216, 69.33995770290409, 83.44999226964191, 74.17874202334082, 317.75977500434374]]"
87,"[[(0, 27), (0, 28), (0, 40), (12, 2), (13, 3), (13, 14), (13, 18), (13, 24), (40, 1), (40, 10), (41, 26), (16, 9), (16, 11), (16, 31), (20, 5), (20, 48), (34, 44), (37, 20), (45, 9), (3, 11), (11, 6), (26, 9), (26, 33), (31, 17), (33, 19), (36, 28), (36, 32), (39, 22), (8, 34), (24, 28), (24, 31), (44, 17), (44, 41), (7, 15), (7, 19), (7, 26), (7, 28), (7, 38), (10, 17), (10, 40), (15, 34), (19, 26), (19, 33), (35, 17), (35, 33), (23, 8), (23, 16), (23, 38), (25, 24), (25, 41), (17, 3), (43, 26), (32, 12), (32, 21), (32, 42), (14, 18), (18, 34)]]","[[116.15298440488597, 241.13613324645468, 208.80752001508375, 29.675472963366552, 17.497492134461694, 22.870532722722146, 70.83477841796532, 23.81082273944024, 602.5254136269974, 541.4828648551564, 515.1997783851887, 99.0730104217184, 84.73526711477659, 139.21015021403718, 309.6296740867653, 135.60264435035987, 204.9573970402907, 130.5232150851321, 344.30622505069675, 27.590897033981236, 101.68895990759049, 201.5238074345698, 74.2856167748588, 70.91578345087353, 246.57296738015913, 35.05182020860275, 60.20598975432225, 26.673562655044826, 338.6957827725874, 11.102991865977089, 82.28200908423085, 428.3849280595642, 10.104557578414722, 40.762745121331626, 70.37325584562112, 556.2049082723955, 1.3261705448941505, 97.61386982283607, 62.09237071617903, 60.603421436825485, 146.36836078034156, 59.669292104908386, 160.82406999256057, 270.82357676008985, 35.48036519434932, 222.0705761984774, 76.72714092113094, 26.994078476175993, 1.3848707441762145, 33.23648313699062, 64.08113705960528, 132.6017524676911, 263.6739660547474, 49.41876923429308, 89.74978273035934, 72.13223052631852, 289.4143298105095]]"
88,"[[(0, 27), (0, 28), (0, 40), (12, 2), (13, 3), (13, 14), (13, 18), (13, 24), (40, 1), (40, 10), (41, 26), (16, 9), (16, 11), (16, 31), (20, 5), (20, 48), (34, 44), (37, 20), (45, 9), (3, 11), (11, 6), (26, 9), (26, 33), (31, 17), (33, 19), (36, 28), (36, 32), (39, 22), (8, 34), (24, 28), (24, 31), (44, 17), (44, 41), (7, 15), (7, 19), (7, 26), (7, 28), (7, 38), (10, 17), (10, 40), (15, 34), (19, 26), (19, 33), (35, 17), (35, 33), (23, 8), (23, 16), (23, 38), (25, 24), (25, 41), (17, 3), (43, 26), (32, 12), (32, 21), (32, 42), (14, 18), (18, 34)]]","[[115.18968539637535, 346.4653805366274, 221.41067940987105, 57.632038306502544, 16.812364693036972, 26.14503074157794, 58.66907440285982, 64.43254536988427, 320.58157234572883, 584.563058766918, 230.42166926509165, 100.07673817978517, 59.9841463050345, 187.78219119580694, 223.73402924499004, 109.2028812691462, 141.85562072299567, 82.11492785946845, 197.09114812702992, 30.462262586733896, 48.50304092174211, 107.78942367183271, 24.241650753555255, 73.5467037607068, 270.1396794701169, 48.59519299107998, 60.85461249328663, 41.623614061965206, 499.68871458913384, 101.39590154501636, 113.80085885029045, 188.19048571203655, 12.55955345664125, 45.86025457025845, 40.94163337211427, 133.41035470377838, 3.153970876847735, 583.633434823451, 40.28745809954348, 57.12646260671204, 229.48933962134555, 43.1947905514187, 217.93415830273884, 226.75937881687238, 15.101672529564869, 212.15946700647854, 72.78606700048219, 35.45310172408618, 2.3767826987920877, 57.954500304015625, 115.37012981244666, 220.5245004289541, 253.22203630002286, 47.740126879570326, 35.20875401800304, 73.85399766475692, 299.1170483811988]]"
89,"[[(0, 27), (0, 28), (0, 40), (12, 2), (13, 3), (13, 14), (13, 18), (13, 24), (40, 1), (40, 10), (41, 26), (16, 9), (16, 11), (16, 31), (20, 5), (20, 48), (34, 44), (37, 20), (45, 9), (3, 11), (11, 6), (26, 9), (26, 33), (31, 17), (33, 19), (36, 28), (36, 32), (39, 22), (8, 34), (24, 28), (24, 31), (44, 17), (44, 41), (7, 15), (7, 19), (7, 26), (7, 28), (7, 38), (10, 17), (10, 40), (15, 34), (19, 26), (19, 33), (35, 17), (35, 33), (23, 8), (23, 16), (23, 38), (25, 24), (25, 41), (17, 3), (43, 26), (32, 12), (32, 21), (32, 42), (14, 18), (18, 34)]]","[[120.36796137747025, 255.59985928199083, 214.58330258071447, 85.51984894112078, 20.864913953586324, 27.24351771979844, 103.38163202034625, 61.88460399267548, 811.0326410738298, 113.58959094490442, 298.68956094418394, 89.60264494216746, 114.61645404213142, 155.3079651774637, 115.29380491411919, 284.7635739434544, 22.12778617314776, 89.36917813071956, 323.54487293508885, 37.678289994920775, 63.40706542788116, 259.21114933629286, 122.20654530818972, 120.79177699302099, 386.37799096678685, 37.160996719166775, 61.7847551873794, 44.901701376569676, 344.8454932919075, 87.49593160487926, 101.8743988256335, 191.15799960859545, 10.296013809638339, 47.569803247737454, 29.097953368243804, 460.5505623610615, 2.425321023212916, 266.2758674170312, 110.07384543703375, 57.580399991320085, 152.66730820244172, 73.19446952729768, 79.14176039354935, 225.77537359495128, 36.9772972387381, 232.09292410886434, 76.1265810958352, 27.417236430523744, 1.1754377535285143, 104.52712990161237, 137.28300718497582, 20.296604110662386, 671.5434291723967, 67.93840747594831, 50.906336596951014, 81.41687371554598, 313.87562583444793]]"
90,"[[(0, 27), (0, 28), (0, 40), (12, 2), (13, 3), (13, 14), (13, 18), (13, 24), (40, 1), (40, 10), (41, 26), (16, 9), (16, 11), (16, 31), (20, 5), (20, 48), (34, 44), (37, 20), (45, 9), (3, 11), (11, 6), (26, 9), (26, 33), (31, 17), (33, 19), (36, 28), (36, 32), (39, 22), (8, 34), (24, 28), (24, 31), (44, 17), (44, 41), (7, 15), (7, 19), (7, 26), (7, 28), (7, 38), (10, 17), (10, 40), (15, 34), (19, 26), (19, 33), (35, 17), (35, 33), (23, 8), (23, 16), (23, 38), (25, 24), (25, 41), (17, 3), (43, 26), (32, 12), (32, 21), (32, 42), (14, 18), (18, 34)]]","[[149.4554737184755, 326.5669411415887, 217.86701185587376, 65.60703603821221, 13.227206069075535, 32.2507710228046, 128.818967785694, 46.784839928563756, 576.0695839115938, 220.83652365113042, 395.24784961403907, 97.11221266791962, 84.77063339962638, 239.0543120627671, 195.47766784854326, 350.4514297158557, 195.137783366134, 63.25681965653819, 283.36192555943455, 14.433548989702896, 90.30635013889153, 256.21982397252714, 64.69720669892546, 110.53727101631218, 215.23206943901909, 39.892432597877196, 61.2599438776978, 6.44294658077742, 296.9980809911823, 81.82193969115012, 115.17179528893136, 320.27097521131134, 13.435519876363657, 40.11960389021424, 88.40351491261308, 281.90047125124397, 3.395517020970123, 589.303634066856, 33.251639613282904, 59.54255719076535, 141.0513177386876, 67.5028175678449, 148.73571291555052, 274.20715604855684, 12.081516431885316, 207.08774829599201, 65.39006380041894, 35.562821010159176, 2.1557883442267167, 30.78738931603072, 95.7256346936642, 29.22289003034827, 330.95447573313487, 69.00094809197701, 18.041976815971687, 74.72105331412958, 284.68383942739626]]"
91,"[[(0, 27), (0, 28), (0, 40), (12, 2), (13, 3), (13, 14), (13, 18), (13, 24), (40, 1), (40, 10), (41, 26), (16, 9), (16, 11), (16, 31), (20, 5), (20, 48), (34, 44), (37, 20), (45, 9), (3, 11), (11, 6), (26, 9), (26, 33), (31, 17), (33, 19), (36, 28), (36, 32), (39, 22), (8, 34), (24, 28), (24, 31), (44, 17), (44, 41), (7, 15), (7, 19), (7, 26), (7, 28), (7, 38), (10, 17), (10, 40), (15, 34), (19, 26), (19, 33), (35, 17), (35, 33), (23, 8), (23, 16), (23, 38), (25, 24), (25, 41), (17, 3), (43, 26), (32, 12), (32, 21), (32, 42), (14, 18), (18, 34)]]","[[136.65727695758872, 279.72406697950277, 211.24645588106628, 71.5380700202643, 11.923574622585047, 10.783622573960582, 59.08697562805577, 59.37012752354801, 104.73653401759069, 188.43000130522182, 335.08651061877026, 98.97124802257586, 102.79379987912255, 236.1274372801373, 72.20869840917051, 88.17427607822488, 66.84080781670072, 22.29927720151556, 138.1984120887584, 37.73592276256216, 113.06771735342781, 175.3376773057294, 4.592052311965022, 100.96581862092057, 152.3255893029164, 36.78092030228389, 62.7645487179227, 26.663410317904745, 322.97288491361587, 11.946522163630013, 85.24492151266755, 400.79686000108796, 12.689418939996052, 42.7313482777165, 86.7714518454534, 209.5470313203591, 3.9838678845562367, 69.29700308292482, 81.98067688551266, 45.389503683073904, 237.7144058595927, 52.74944316723401, 229.57211776055215, 250.56094997289765, 15.90274424069083, 237.48866083999403, 83.25540893129, 24.837025419752255, 1.4701721756559163, 87.48597285542671, 120.86922852900369, 88.58807305371496, 591.1991478783037, 76.01967812174685, 61.91679874699726, 76.08167459553749, 315.0705650895931]]"
92,"[[(0, 27), (0, 28), (0, 40), (12, 2), (13, 3), (13, 14), (13, 18), (13, 24), (40, 1), (40, 10), (41, 26), (16, 9), (16, 11), (16, 31), (20, 5), (20, 48), (34, 44), (37, 20), (45, 9), (3, 11), (11, 6), (26, 9), (26, 33), (31, 17), (33, 19), (36, 28), (36, 32), (39, 22), (8, 34), (24, 28), (24, 31), (44, 17), (44, 41), (7, 15), (7, 19), (7, 26), (7, 28), (7, 38), (10, 17), (10, 40), (15, 34), (19, 26), (19, 33), (35, 17), (35, 33), (23, 8), (23, 16), (23, 38), (25, 24), (25, 41), (17, 3), (43, 26), (32, 12), (32, 21), (32, 42), (14, 18), (18, 34)]]","[[136.158410125681, 303.9705596173308, 218.67717392589157, 60.68856369162141, 17.040016886403613, 21.586306709976668, 101.25977661454061, 42.45646476309423, 881.2909226148615, 181.6612090009937, 471.58683224581074, 94.15927425733834, 56.42733861984691, 123.57357265361199, 187.48039725354946, 392.7376268033502, 156.19048144205306, 99.16148030642381, 262.9831815864412, 33.351492823476434, 95.67325616594188, 256.7110108304435, 100.14597668867205, 120.47868276069445, 308.05334348202655, 41.057153165456306, 63.33566368895087, 34.92452143373127, 593.2454872533173, 106.0798208448824, 57.73917843220277, 279.69912371993865, 11.173314020843398, 51.86185001748438, 89.58929549005998, 503.6581968026917, 0.7252575785762128, 251.65236674909826, 63.96316476048547, 45.9672982759908, 245.8587488735186, 100.08253857449908, 42.75081405414471, 271.9497118691237, 27.27588672834732, 248.75504219886838, 84.69097012153793, 31.395363225313226, 1.354541615343304, 96.66597327194734, 138.36238058393542, 214.94419824516157, 536.5078832453523, 84.02713586552075, 200.8680794008265, 75.0332007604167, 283.21524654220815]]"
93,"[[(0, 27), (0, 28), (0, 40), (12, 2), (13, 3), (13, 14), (13, 18), (13, 24), (40, 1), (40, 10), (41, 26), (16, 9), (16, 11), (16, 31), (20, 5), (20, 48), (34, 44), (37, 20), (45, 9), (3, 11), (11, 6), (26, 9), (26, 33), (31, 17), (33, 19), (36, 28), (36, 32), (39, 22), (8, 34), (24, 28), (24, 31), (44, 17), (44, 41), (7, 15), (7, 19), (7, 26), (7, 28), (7, 38), (10, 17), (10, 40), (15, 34), (19, 26), (19, 33), (35, 17), (35, 33), (23, 8), (23, 16), (23, 38), (25, 24), (25, 41), (17, 3), (43, 26), (32, 12), (32, 21), (32, 42), (14, 18), (18, 34)]]","[[116.87641567482532, 291.33901921400735, 217.08653559385598, 66.25227868575779, 13.039798719899318, 14.533550067678565, 121.36953599797556, 64.49341957498984, 228.48890660682753, 175.43292335761979, 88.47621656786572, 101.87621980442759, 55.684989025096705, 104.03107711671369, 276.5906084626762, 62.10186548494347, 180.2063021374347, 15.069659852107572, 458.30543577048974, 14.008643372874175, 116.52654529994153, 245.63748262809304, 15.842157908325895, 119.69088634950035, 148.48105317468034, 30.84672552264831, 61.479391318510864, 45.23326000991095, 382.0205081791923, 53.98510233095711, 49.49281534079856, 192.11596156298518, 9.241927837757205, 33.669677005963365, 55.031882021798964, 232.09311955116095, 3.4238173027648373, 736.6912484602701, 86.13988545243672, 48.790161140526926, 113.26635061478885, 27.178061945982684, 236.9336086978576, 291.5227120493238, 24.535713912232644, 236.46597286066432, 69.84005170580173, 32.847865785914436, 2.8112158677719856, 61.976483220676684, 92.42246343889988, 61.5875911669837, 165.36660953167177, 57.720243712355156, 259.36684205165784, 79.23189409779664, 279.7198779274938]]"
94,"[[(0, 27), (0, 28), (0, 40), (12, 2), (13, 3), (13, 14), (13, 18), (13, 24), (40, 1), (40, 10), (41, 26), (16, 9), (16, 11), (16, 31), (20, 5), (20, 48), (34, 44), (37, 20), (45, 9), (3, 11), (11, 6), (26, 9), (26, 33), (31, 17), (33, 19), (36, 28), (36, 32), (39, 22), (8, 34), (24, 28), (24, 31), (44, 17), (44, 41), (7, 15), (7, 19), (7, 26), (7, 28), (7, 38), (10, 17), (10, 40), (15, 34), (19, 26), (19, 33), (35, 17), (35, 33), (23, 8), (23, 16), (23, 38), (25, 24), (25, 41), (17, 3), (43, 26), (32, 12), (32, 21), (32, 42), (14, 18), (18, 34)]]","[[137.22782269268188, 256.29237458752857, 206.73839891821086, 66.68480011684618, 14.89006829999836, 7.1736509834524576, 105.67977466096791, 45.667305472338285, 792.1945793932509, 293.60258614587906, 156.08075092488048, 97.06854405443015, 34.183510992641814, 290.14475057131847, 172.75318181193524, 193.9845137571273, 209.17829435740938, 4.448328076795779, 163.29710916466408, 37.91486374399909, 74.64263377904821, 255.50825928818108, 47.914896178513345, 104.2008472425208, 126.04018005883083, 43.889863139406785, 60.70712814166839, 23.462494945402675, 87.55823605302649, 63.65811997431018, 112.85620318722742, 379.4251215173532, 12.800521682847812, 36.51488610554804, 35.58848716751598, 499.57479700171245, 2.0886946272024733, 289.5635258890288, 59.62650515326436, 52.298933736978256, 118.70005682252238, 87.28430696331473, 125.79748641663261, 242.8071177759163, 33.66944184628912, 218.44723854681683, 75.80153945111697, 32.32986076583224, 1.0251972821303088, 77.92181959443239, 57.2726852333477, 163.26205402694004, 260.7096482091218, 65.23031595298525, 16.21072595776624, 81.23199776388896, 299.7795981460657]]"
95,"[[(0, 27), (0, 28), (0, 40), (12, 2), (13, 3), (13, 14), (13, 18), (13, 24), (40, 1), (40, 10), (41, 26), (16, 9), (16, 11), (16, 31), (20, 5), (20, 48), (34, 44), (37, 20), (45, 9), (3, 11), (11, 6), (26, 9), (26, 33), (31, 17), (33, 19), (36, 28), (36, 32), (39, 22), (8, 34), (24, 28), (24, 31), (44, 17), (44, 41), (7, 15), (7, 19), (7, 26), (7, 28), (7, 38), (10, 17), (10, 40), (15, 34), (19, 26), (19, 33), (35, 17), (35, 33), (23, 8), (23, 16), (23, 38), (25, 24), (25, 41), (17, 3), (43, 26), (32, 12), (32, 21), (32, 42), (14, 18), (18, 34)]]","[[152.85687735296415, 246.31512883830237, 210.46178311902142, 60.55451974826657, 20.811778656404613, 26.132538822320512, 67.66852545719466, 65.99288828576877, 452.1481165221067, 408.7789264503587, 425.7800983824153, 94.87967355588508, 99.54738323920442, 93.43132347534473, 164.72284264529037, 44.01220717730387, 81.14876395390253, 127.29588398973173, 405.33208979749685, 37.34349319356326, 79.44870053507431, 217.350080390414, 14.517870786203103, 85.18940641045674, 427.70943783290954, 41.80237576721344, 63.3109896718324, 32.12562920129769, 266.23829541823306, 22.0953574763291, 98.7099113762734, 265.68958802481666, 11.813115210371961, 42.16558360779227, 45.02651562881731, 514.5843501800346, 1.0481870209703876, 321.6849216800463, 65.47319370737677, 59.93214162626043, 118.22150439539485, 47.57746792016532, 208.800148400319, 279.0925669066202, 23.08024175515548, 197.61458674747595, 69.59544297919567, 22.01687620870754, 1.9194820244836677, 47.73249767182834, 54.29611183372816, 78.97609163820186, 495.60936543986963, 67.87851218755159, 76.71706687997349, 80.684150291453, 305.23751334525605]]"
96,"[[(0, 27), (0, 28), (0, 40), (12, 2), (13, 3), (13, 14), (13, 18), (13, 24), (40, 1), (40, 10), (41, 26), (16, 9), (16, 11), (16, 31), (20, 5), (20, 48), (34, 44), (37, 20), (45, 9), (3, 11), (11, 6), (26, 9), (26, 33), (31, 17), (33, 19), (36, 28), (36, 32), (39, 22), (8, 34), (24, 28), (24, 31), (44, 17), (44, 41), (7, 15), (7, 19), (7, 26), (7, 28), (7, 38), (10, 17), (10, 40), (15, 34), (19, 26), (19, 33), (35, 17), (35, 33), (23, 8), (23, 16), (23, 38), (25, 24), (25, 41), (17, 3), (43, 26), (32, 12), (32, 21), (32, 42), (14, 18), (18, 34)]]","[[148.54515693642014, 320.78844880439374, 207.8403065654671, 94.03647912417712, 14.24527915368573, 29.056958448004035, 105.69202552308984, 35.51848887574137, 665.5783209506064, 24.152577577797153, 251.03626437982234, 91.7395844031154, 38.85275273868112, 106.39917748074093, 196.4735472120531, 246.53396126164904, 97.48502906111148, 38.04983958514726, 456.6808188265445, 13.829793546404012, 82.69972402520357, 173.97504218075252, 87.92699675637732, 90.93827727418011, 383.4204498868424, 43.02277284848043, 63.21496032579438, 28.556903797173028, 522.8446360085255, 82.70785232648885, 131.50790688458324, 280.32363274601397, 10.315908969506367, 37.89951706157193, 27.570744733505208, 263.4449744324934, 3.6824761989656407, 588.5639271867665, 191.98346093548267, 32.01990390005295, 111.67836044571487, 127.18920941358141, 197.76582943850894, 220.37654416141376, 27.84039031124901, 200.535657970979, 77.55663668913157, 26.283010880192624, 1.1833167294917564, 81.04535554547088, 88.37734554524131, 95.82740138413149, 202.70051125761373, 62.961917492331075, 20.172475699244135, 81.10749285550293, 294.97528343396533]]"
97,"[[(0, 27), (0, 28), (0, 40), (12, 2), (13, 3), (13, 14), (13, 18), (13, 24), (40, 1), (40, 10), (41, 26), (16, 9), (16, 11), (16, 31), (20, 5), (20, 48), (34, 44), (37, 20), (45, 9), (3, 11), (11, 6), (26, 9), (26, 33), (31, 17), (33, 19), (36, 28), (36, 32), (39, 22), (8, 34), (24, 28), (24, 31), (44, 17), (44, 41), (7, 15), (7, 19), (7, 26), (7, 28), (7, 38), (10, 17), (10, 40), (15, 34), (19, 26), (19, 33), (35, 17), (35, 33), (23, 8), (23, 16), (23, 38), (25, 24), (25, 41), (17, 3), (43, 26), (32, 12), (32, 21), (32, 42), (14, 18), (18, 34)]]","[[145.69777280191857, 384.2234344091736, 216.89117805084112, 74.38693177775104, 15.46855098149132, 15.08192812699587, 91.63645786008671, 52.7388774537875, 225.88644698498857, 288.55505590426765, 44.47356807695614, 97.4579106048174, 58.61468905913422, 202.696655466543, 163.72123680020218, 111.85810269767657, 111.09415581868072, 139.3790181359071, 240.95081714923904, 11.854684210689033, 86.20494642914912, 100.86706515084246, 11.856997400519226, 123.92985057336298, 418.3553405775075, 35.65081999174693, 61.18122449100387, 44.33995673039461, 258.04026398356257, 33.218258099601805, 133.6876461396692, 199.37080924379768, 10.901591857133468, 46.2957596362136, 26.931841813096025, 393.80235983278664, 1.131471390483263, 875.7770284233299, 77.0613660438615, 59.71291317040187, 237.83178908602997, 41.6646823752753, 160.0146860485397, 280.302691535317, 10.602373333554361, 228.0249285779818, 73.28061352319965, 29.554447440883408, 1.2281688564588369, 79.61495642558118, 93.67173681116431, 306.20718042677834, 243.1744490894942, 57.06420244539873, 223.47786458263465, 77.3070097258595, 321.7260171543837]]"
98,"[[(0, 27), (0, 28), (0, 40), (12, 2), (13, 3), (13, 14), (13, 18), (13, 24), (40, 1), (40, 10), (41, 26), (16, 9), (16, 11), (16, 31), (20, 5), (20, 48), (34, 44), (37, 20), (45, 9), (3, 11), (11, 6), (26, 9), (26, 33), (31, 17), (33, 19), (36, 28), (36, 32), (39, 22), (8, 34), (24, 28), (24, 31), (44, 17), (44, 41), (7, 15), (7, 19), (7, 26), (7, 28), (7, 38), (10, 17), (10, 40), (15, 34), (19, 26), (19, 33), (35, 17), (35, 33), (23, 8), (23, 16), (23, 38), (25, 24), (25, 41), (17, 3), (43, 26), (32, 12), (32, 21), (32, 42), (14, 18), (18, 34)]]","[[153.36211605419794, 348.7566375691889, 209.30359810661045, 28.120939545290558, 15.59158517088186, 19.2941824733785, 69.9743537448231, 21.492257532476522, 329.5921866135179, 229.24560729082165, 246.25471680808087, 95.87845239225075, 15.446497956768233, 245.03035559372563, 238.2321020224111, 282.99639939652786, 112.81878457943921, 43.725869558117495, 131.0520058732929, 30.987597465129905, 44.640830961943415, 212.543537039835, 14.246924767763113, 64.57912226462068, 383.0508396505163, 32.19708335482843, 63.559845733485155, 12.799395893529777, 74.46418732723478, 15.780192226275254, 135.52694461155642, 412.39597581975613, 13.528749602359273, 43.66135044376644, 76.69584805703435, 407.5287622235333, 1.1758432801008225, 849.6821087901178, 101.16342241310576, 30.261112827784928, 193.5369835147674, 89.58842551096247, 35.687852071004464, 248.13054276253587, 17.65076397535829, 240.85195515636883, 70.4699409422579, 30.533495592870747, 2.2901486189425295, 27.180918937260916, 133.51460003064145, 112.8945793084319, 617.5243857841447, 58.66699261027366, 132.86673388935608, 82.71698380584306, 284.996648450869]]"
99,"[[(0, 27), (0, 28), (0, 40), (12, 2), (13, 3), (13, 14), (13, 18), (13, 24), (40, 1), (40, 10), (41, 26), (16, 9), (16, 11), (16, 31), (20, 5), (20, 48), (34, 44), (37, 20), (45, 9), (3, 11), (11, 6), (26, 9), (26, 33), (31, 17), (33, 19), (36, 28), (36, 32), (39, 22), (8, 34), (24, 28), (24, 31), (44, 17), (44, 41), (7, 15), (7, 19), (7, 26), (7, 28), (7, 38), (10, 17), (10, 40), (15, 34), (19, 26), (19, 33), (35, 17), (35, 33), (23, 8), (23, 16), (23, 38), (25, 24), (25, 41), (17, 3), (43, 26), (32, 12), (32, 21), (32, 42), (14, 18), (18, 34)]]","[[117.6232101639885, 351.89592949447496, 207.74277714376174, 94.32762939953822, 13.512078051200293, 9.064606653549703, 73.16456369662464, 29.084558369100435, 467.77410597256727, 350.4638543203005, 402.8428076090917, 89.76190530448874, 31.385345269403278, 189.89667630522604, 376.2205373650504, 116.67599098888815, 179.68394815342316, 107.97642995491431, 422.4951113424171, 37.199747048351824, 94.63478600327593, 295.9030251398805, 4.133598709331361, 84.36141876409283, 93.15997218022873, 46.57189595946492, 62.99292358660669, 40.18301056064838, 502.0664792665195, 16.662603072513683, 92.75732983178122, 234.86359608217882, 13.732402879818519, 51.35949250457633, 47.470301507170205, 324.8535860797746, 1.8253711427328927, 875.6638709814717, 59.850690131179405, 34.582024672702346, 183.99415901545518, 80.09307858817962, 148.46968225249904, 257.278886668466, 38.22457559349996, 204.4506152490094, 79.38814416369324, 22.362767128744164, 1.687335542556081, 89.29413588097776, 46.82103091165839, 183.1229289453103, 726.3499240168819, 57.134065495933775, 160.37451702002514, 75.24460788249304, 297.07036423674066]]"
