scene,edge,cost
0,"[[(0, 8), (8, 14), (1, 28), (12, 22), (12, 25), (26, 6), (28, 7), (28, 9), (2, 11), (11, 4), (4, 1), (5, 8), (5, 21), (5, 25), (25, 12), (7, 16), (10, 24), (19, 9), (19, 29), (9, 8)]]","[[32.78496342719215, 63.03924169882878, 441.16564637833824, 78.99481141753542, 63.62443292228785, 175.89169161178907, 368.72453131748523, 8.763484491734179, 37.147959042061515, 52.87305458818384, 16.56175315002218, 27.47860206065185, 111.5821692062875, 130.233927208816, 14.885646097137819, 200.36701860026005, 34.51763153288037, 53.59499155973523, 115.5602065800582, 10.669436753177884]]"
1,"[[(0, 8), (8, 14), (1, 28), (12, 22), (12, 25), (26, 6), (28, 7), (28, 9), (2, 11), (11, 4), (4, 1), (5, 8), (5, 21), (5, 25), (25, 12), (7, 16), (10, 24), (19, 9), (19, 29), (9, 8)]]","[[78.69523919732217, 139.61634229689264, 775.6085410397045, 82.06266530370502, 108.50875710551689, 179.95732436719794, 94.56647702342684, 5.695283874909391, 33.00955315080916, 53.917167031092625, 5.210443899279244, 35.50070400094254, 111.46823878918467, 238.7251449337269, 24.851950380887615, 320.50254506983595, 67.67223507357528, 62.58640776579391, 246.10368468663987, 4.76043732039064]]"
2,"[[(0, 8), (8, 14), (1, 28), (12, 22), (12, 25), (26, 6), (28, 7), (28, 9), (2, 11), (11, 4), (4, 1), (5, 8), (5, 21), (5, 25), (25, 12), (7, 16), (10, 24), (19, 9), (19, 29), (9, 8)]]","[[42.47204277487235, 70.19509863866054, 381.74736522058333, 86.06027454909743, 40.69120123601119, 179.79001093895874, 314.98004845444274, 15.592438736204794, 71.03813982138814, 53.06229152897971, 15.178075051232902, 15.066862518213723, 111.78130873644255, 100.65496908956526, 22.766142486058847, 154.33451579042062, 37.777342291388216, 23.311444015253457, 260.66578112333116, 23.550100678186375]]"
3,"[[(0, 8), (8, 14), (1, 28), (12, 22), (12, 25), (26, 6), (28, 7), (28, 9), (2, 11), (11, 4), (4, 1), (5, 8), (5, 21), (5, 25), (25, 12), (7, 16), (10, 24), (19, 9), (19, 29), (9, 8)]]","[[70.50733851566767, 150.78928735182868, 438.1140076223901, 85.45209671512787, 144.11656669454223, 170.60170366319807, 129.9568097944144, 15.419484857086925, 39.07211955494, 53.909244528447715, 8.607332766884952, 21.600137904580006, 111.44539612193546, 192.8700480322742, 13.717552550030225, 92.51227987200555, 71.53007301690081, 95.76870464135887, 264.06397525937405, 30.0155677565731]]"
4,"[[(0, 8), (8, 14), (1, 28), (12, 22), (12, 25), (26, 6), (28, 7), (28, 9), (2, 11), (11, 4), (4, 1), (5, 8), (5, 21), (5, 25), (25, 12), (7, 16), (10, 24), (19, 9), (19, 29), (9, 8)]]","[[66.87663490273755, 78.14291018007061, 436.500768213986, 84.33841846261613, 162.38252227342875, 170.4429536953099, 587.9381013031982, 10.746539595204865, 38.1250798224954, 52.262217097122615, 24.72831164868241, 31.21517599818031, 112.82437092643023, 176.7888584080291, 24.15636174702575, 284.54905424756504, 55.00612735295621, 66.49281440539072, 90.42415872468091, 15.483310602733091]]"
5,"[[(0, 8), (8, 14), (1, 28), (12, 22), (12, 25), (26, 6), (28, 7), (28, 9), (2, 11), (11, 4), (4, 1), (5, 8), (5, 21), (5, 25), (25, 12), (7, 16), (10, 24), (19, 9), (19, 29), (9, 8)]]","[[35.71897949467145, 60.95458875310947, 417.4606106783649, 89.51117390026634, 165.17290192785677, 166.42990585384135, 490.4415393467592, 13.79965859718563, 28.208681523996496, 53.082635602924704, 26.34775264015133, 29.345230896302684, 112.26720858055656, 147.59254780766946, 12.884713305569537, 22.84830866831043, 22.619412424771372, 42.65954105474343, 98.25607428043952, 9.192735791899537]]"
6,"[[(0, 8), (8, 14), (1, 28), (12, 22), (12, 25), (26, 6), (28, 7), (28, 9), (2, 11), (11, 4), (4, 1), (5, 8), (5, 21), (5, 25), (25, 12), (7, 16), (10, 24), (19, 9), (19, 29), (9, 8)]]","[[65.25378030752319, 132.34035361431154, 768.7692856765402, 89.76996221229226, 76.34475340798616, 171.31347042282823, 224.10176198451575, 9.857031200706373, 25.253580337280184, 52.853076474732894, 17.432123939768893, 18.680592795924014, 112.31316202580953, 168.0687906037533, 14.867369242897434, 195.51240419676722, 80.59889444365852, 34.46347082534956, 224.95011932531642, 11.533333295540341]]"
7,"[[(0, 8), (8, 14), (1, 28), (12, 22), (12, 25), (26, 6), (28, 7), (28, 9), (2, 11), (11, 4), (4, 1), (5, 8), (5, 21), (5, 25), (25, 12), (7, 16), (10, 24), (19, 9), (19, 29), (9, 8)]]","[[54.353271562755914, 31.79068309286675, 647.6127183698429, 79.26855022401247, 41.53048521382668, 179.88369779507698, 66.2099147587407, 13.136157845149263, 35.135503960657324, 53.34880111791751, 7.6148447385625495, 22.66378318663985, 111.00696413769988, 100.71498530073123, 13.55796244247606, 270.0848876105329, 68.0530667386758, 76.07819787314143, 140.67745272878366, 29.120348894235036]]"
8,"[[(0, 8), (8, 14), (1, 28), (12, 22), (12, 25), (26, 6), (28, 7), (28, 9), (2, 11), (11, 4), (4, 1), (5, 8), (5, 21), (5, 25), (25, 12), (7, 16), (10, 24), (19, 9), (19, 29), (9, 8)]]","[[65.27659256703885, 18.363031856887993, 535.8730147862432, 77.59631855318146, 131.76763647825499, 164.12064175758385, 361.26752461703825, 5.004972687449028, 80.36468945003975, 53.38711700279082, 25.995198087001835, 5.250693606612247, 112.81247815756973, 288.32937788894276, 14.662037396977048, 133.86968481172278, 23.408434552763, 119.2258182645905, 166.40758930933248, 1.4772851499596271]]"
9,"[[(0, 8), (8, 14), (1, 28), (12, 22), (12, 25), (26, 6), (28, 7), (28, 9), (2, 11), (11, 4), (4, 1), (5, 8), (5, 21), (5, 25), (25, 12), (7, 16), (10, 24), (19, 9), (19, 29), (9, 8)]]","[[83.57319766653825, 123.65684556965957, 515.6155256597149, 89.38543353789049, 103.15874380718572, 167.29805218053014, 279.0642857173633, 13.856731738583587, 46.139211447082545, 53.80561927617233, 10.496567347557093, 35.72484171012479, 111.23124888579041, 89.79851272385615, 14.121321344864281, 88.89385355439263, 29.28548072840063, 31.056519510998086, 259.71364594984095, 26.23545108573029]]"
10,"[[(0, 8), (8, 14), (1, 28), (12, 22), (12, 25), (26, 6), (28, 7), (28, 9), (2, 11), (11, 4), (4, 1), (5, 8), (5, 21), (5, 25), (25, 12), (7, 16), (10, 24), (19, 9), (19, 29), (9, 8)]]","[[62.16840770548995, 159.99843759313174, 685.8842757788867, 78.79883629516313, 107.69512603117263, 179.50754912941298, 73.16680782242236, 13.383803862291183, 38.743438253155325, 53.52548217188725, 9.258739345735707, 23.892503648743876, 112.90391024451912, 135.22792056298766, 18.13893498593748, 289.11698334209933, 27.573417792105772, 48.216656906063854, 116.4331781610445, 20.207152456777365]]"
11,"[[(0, 8), (8, 14), (1, 28), (12, 22), (12, 25), (26, 6), (28, 7), (28, 9), (2, 11), (11, 4), (4, 1), (5, 8), (5, 21), (5, 25), (25, 12), (7, 16), (10, 24), (19, 9), (19, 29), (9, 8)]]","[[58.10075574688021, 102.38686760244937, 267.8038069791493, 82.07040743425748, 110.72140371917695, 174.785419130576, 276.59417483338007, 12.157958550190392, 51.598523309808755, 52.86422518436825, 23.886756309505387, 10.529765390632598, 111.14962433947062, 272.8843504906804, 11.643122601108832, 76.25138210636786, 65.22034990677025, 60.47567324599004, 223.99417907356906, 27.230573343427885]]"
12,"[[(0, 8), (8, 14), (1, 28), (12, 22), (12, 25), (26, 6), (28, 7), (28, 9), (2, 11), (11, 4), (4, 1), (5, 8), (5, 21), (5, 25), (25, 12), (7, 16), (10, 24), (19, 9), (19, 29), (9, 8)]]","[[39.58549325483402, 88.8965887830088, 549.3186557132785, 88.06407521792306, 95.90398722819711, 169.31858063657265, 274.78176223396264, 3.5090608197797213, 25.75344784484914, 53.615847261796304, 15.64991210039225, 7.684548485759466, 112.56842615904947, 192.5090148105406, 19.844104167136756, 248.87920148433903, 28.509411025804553, 69.47247512037285, 164.7023615689386, 22.03589720303522]]"
13,"[[(0, 8), (8, 14), (1, 28), (12, 22), (12, 25), (26, 6), (28, 7), (28, 9), (2, 11), (11, 4), (4, 1), (5, 8), (5, 21), (5, 25), (25, 12), (7, 16), (10, 24), (19, 9), (19, 29), (9, 8)]]","[[50.46926167946977, 137.35505895425268, 351.10904058950007, 81.30357671201398, 82.69255561304632, 167.0763241991794, 175.3306871091952, 7.05966980381519, 77.78685698629994, 52.36303122179544, 27.760008876425488, 25.752047018772274, 111.57969593363585, 108.29309547588343, 20.9559666296714, 66.59452958427867, 49.11418157507251, 33.97859239089071, 93.45625576788241, 26.10383443879819]]"
14,"[[(0, 8), (8, 14), (1, 28), (12, 22), (12, 25), (26, 6), (28, 7), (28, 9), (2, 11), (11, 4), (4, 1), (5, 8), (5, 21), (5, 25), (25, 12), (7, 16), (10, 24), (19, 9), (19, 29), (9, 8)]]","[[86.5629220509077, 37.766528784215055, 457.23437715021396, 85.84081191840846, 150.5142992569335, 175.65112958040714, 60.41775155763492, 4.1582247143727304, 52.477514835771736, 53.049534959875324, 20.308546014080527, 16.400421729794704, 111.36111456865733, 206.76649847842987, 19.35073024887544, 174.29669725008503, 31.574187841445507, 46.764103298015, 100.29980148235171, 21.58278292846425]]"
15,"[[(0, 8), (8, 14), (1, 28), (12, 22), (12, 25), (26, 6), (28, 7), (28, 9), (2, 11), (11, 4), (4, 1), (5, 8), (5, 21), (5, 25), (25, 12), (7, 16), (10, 24), (19, 9), (19, 29), (9, 8)]]","[[93.25931078353676, 170.13967415059452, 497.9061084046071, 89.54133759826505, 126.98154943565915, 166.13256064168982, 102.08488576563953, 6.967108338012605, 41.91187430686536, 52.16771587302349, 20.364536670063245, 4.456576897835334, 111.8026253953642, 167.13865978595396, 19.835845267266652, 215.06810215466388, 83.26302939961417, 22.97109252922996, 242.33048905911144, 3.425611449068338]]"
16,"[[(0, 8), (8, 14), (1, 28), (12, 22), (12, 25), (26, 6), (28, 7), (28, 9), (2, 11), (11, 4), (4, 1), (5, 8), (5, 21), (5, 25), (25, 12), (7, 16), (10, 24), (19, 9), (19, 29), (9, 8)]]","[[84.60083697968746, 87.9899194445654, 422.2111385885748, 93.61668727194517, 84.08091001082164, 156.86682926168984, 234.3484186156314, 15.894633954016133, 59.456049532553024, 52.99617210001905, 28.26799548453665, 21.24155394978108, 112.52978180515036, 201.53269084486465, 15.700731074050097, 140.71688732440208, 57.19469748977337, 21.636163965415033, 259.66356565039644, 16.31037347375699]]"
17,"[[(0, 8), (8, 14), (1, 28), (12, 22), (12, 25), (26, 6), (28, 7), (28, 9), (2, 11), (11, 4), (4, 1), (5, 8), (5, 21), (5, 25), (25, 12), (7, 16), (10, 24), (19, 9), (19, 29), (9, 8)]]","[[68.49131617274618, 172.41999482875593, 782.8025772008341, 82.39083085537158, 108.55969434571338, 152.3522945835371, 538.007031404864, 4.8324611846106595, 57.31149207918114, 53.45294469673109, 14.757274090353357, 9.38435439862767, 111.22660141508983, 287.1812693192975, 10.06727716688512, 286.46811894333507, 63.16752395316026, 35.3169432639486, 215.56502247482973, 18.76695723645356]]"
18,"[[(0, 8), (8, 14), (1, 28), (12, 22), (12, 25), (26, 6), (28, 7), (28, 9), (2, 11), (11, 4), (4, 1), (5, 8), (5, 21), (5, 25), (25, 12), (7, 16), (10, 24), (19, 9), (19, 29), (9, 8)]]","[[69.7169543054226, 39.90056836976606, 507.75571948308277, 77.17034544232965, 109.53512171896772, 157.1532396958622, 217.13970782356475, 5.69402060105398, 78.95417007307861, 52.47629212956814, 28.487894844443417, 20.503975557452346, 112.98690245881689, 304.2648012560569, 18.786917787534726, 162.8081901778395, 23.144319533397518, 70.81764361612031, 187.0845210313103, 14.039124988684332]]"
19,"[[(0, 8), (8, 14), (1, 28), (12, 22), (12, 25), (26, 6), (28, 7), (28, 9), (2, 11), (11, 4), (4, 1), (5, 8), (5, 21), (5, 25), (25, 12), (7, 16), (10, 24), (19, 9), (19, 29), (9, 8)]]","[[33.70856556183348, 66.61242591444181, 402.86361223600414, 81.44539032577151, 37.87211767491142, 152.12655870603263, 39.68186968605365, 12.640316949976443, 22.72133793135233, 52.83846144192116, 9.902184126803778, 6.90764097557563, 112.24073442935361, 161.46900228659877, 12.616266523037979, 152.52041168262997, 57.667546029843386, 99.3304739017873, 174.37708911364138, 31.654490338808795]]"
20,"[[(0, 8), (8, 14), (1, 28), (12, 22), (12, 25), (26, 6), (28, 7), (28, 9), (2, 11), (11, 4), (4, 1), (5, 8), (5, 21), (5, 25), (25, 12), (7, 16), (10, 24), (19, 9), (19, 29), (9, 8)]]","[[85.05062990075427, 108.9397227057052, 243.043144088508, 86.49896998656826, 137.35995084267563, 162.71135379294645, 481.65718156491533, 13.785110507616901, 37.3917154808083, 52.28683323603666, 31.56386472259927, 29.06363178680046, 111.33467030869058, 205.63669366122411, 21.597352646718768, 229.8584070635831, 33.51372067833093, 79.34002635305413, 201.82438507894057, 19.001216171149483]]"
21,"[[(0, 8), (8, 14), (1, 28), (12, 22), (12, 25), (26, 6), (28, 7), (28, 9), (2, 11), (11, 4), (4, 1), (5, 8), (5, 21), (5, 25), (25, 12), (7, 16), (10, 24), (19, 9), (19, 29), (9, 8)]]","[[93.20681970660115, 180.10967946173201, 308.1113948623051, 88.25487962282499, 33.39369508930514, 176.15310887048832, 113.98649758847962, 16.893440562862715, 37.65467336027731, 52.54018038400495, 8.643364012616384, 29.645006611767958, 112.47558578069712, 244.83393533468941, 19.15893098063659, 133.9365216376338, 28.141365332349267, 34.55153164123393, 217.41696727633376, 3.4194164240403673]]"
22,"[[(0, 8), (8, 14), (1, 28), (12, 22), (12, 25), (26, 6), (28, 7), (28, 9), (2, 11), (11, 4), (4, 1), (5, 8), (5, 21), (5, 25), (25, 12), (7, 16), (10, 24), (19, 9), (19, 29), (9, 8)]]","[[71.5574908243064, 50.80264808861213, 355.56337421272065, 76.81194127313192, 161.6674317491993, 158.5383074552519, 326.5605676426875, 6.383456462540694, 76.81084224416117, 52.12215066249057, 19.46684482728902, 31.38183789995986, 111.49540985030912, 327.45842783353044, 13.392606651170386, 108.21925626013605, 71.47867208149584, 18.44661412722106, 111.45905530717206, 13.015728436270358]]"
23,"[[(0, 8), (8, 14), (1, 28), (12, 22), (12, 25), (26, 6), (28, 7), (28, 9), (2, 11), (11, 4), (4, 1), (5, 8), (5, 21), (5, 25), (25, 12), (7, 16), (10, 24), (19, 9), (19, 29), (9, 8)]]","[[66.0876160292908, 25.563137333690115, 204.88654159955664, 84.5265397819218, 40.10128221021033, 153.0560401275705, 391.5876644537991, 15.185046757145685, 82.18973322371727, 52.55601870356345, 19.11016979383152, 35.45113587997218, 112.29759730933966, 116.81226371732123, 11.538441388615833, 117.24383272571781, 83.86552357509532, 104.07342448977434, 99.47670292048468, 27.677032895255177]]"
24,"[[(0, 8), (8, 14), (1, 28), (12, 22), (12, 25), (26, 6), (28, 7), (28, 9), (2, 11), (11, 4), (4, 1), (5, 8), (5, 21), (5, 25), (25, 12), (7, 16), (10, 24), (19, 9), (19, 29), (9, 8)]]","[[43.330034438355725, 29.64995149143328, 712.1503546775465, 76.87150011714779, 61.26846454856999, 180.6444805364518, 357.0183640318795, 4.730176604032391, 78.20422130260323, 52.77201782028876, 20.46935625471195, 21.24848150175638, 112.8709312820191, 104.344970808551, 16.022181234292624, 279.2948318839211, 64.24128155259254, 67.0916958413073, 99.85968214847603, 23.741549049395083]]"
25,"[[(0, 8), (8, 14), (1, 28), (12, 22), (12, 25), (26, 6), (28, 7), (28, 9), (2, 11), (11, 4), (4, 1), (5, 8), (5, 21), (5, 25), (25, 12), (7, 16), (10, 24), (19, 9), (19, 29), (9, 8)]]","[[67.76214237645017, 73.71330039835254, 731.5249193665611, 77.201076323637, 91.84970241921313, 178.3902448335813, 302.87485187767305, 7.214183921405218, 36.45077174675445, 53.08019429210404, 17.527394931551246, 17.162006054185284, 112.58282801772677, 316.61182535804215, 16.636723569476928, 221.08158269649886, 24.233567820185012, 40.01243365500714, 83.98682060699417, 24.224613665967933]]"
26,"[[(0, 8), (8, 14), (1, 28), (12, 22), (12, 25), (26, 6), (28, 7), (28, 9), (2, 11), (11, 4), (4, 1), (5, 8), (5, 21), (5, 25), (25, 12), (7, 16), (10, 24), (19, 9), (19, 29), (9, 8)]]","[[36.770741738949106, 48.76653330959712, 392.939897736115, 77.15603593261079, 51.37541342566188, 181.96784326803967, 150.6884012302402, 15.90399757262094, 80.50300494003972, 53.91707199959199, 22.007602586118118, 14.942692420500222, 112.35872273041676, 330.04558188535657, 15.83594873070239, 68.81974599957665, 60.446678895919376, 69.08250765813946, 158.75521112493735, 32.73476424710337]]"
27,"[[(0, 8), (8, 14), (1, 28), (12, 22), (12, 25), (26, 6), (28, 7), (28, 9), (2, 11), (11, 4), (4, 1), (5, 8), (5, 21), (5, 25), (25, 12), (7, 16), (10, 24), (19, 9), (19, 29), (9, 8)]]","[[83.90052849795228, 79.02310953235784, 782.4130468176716, 73.40702949953877, 134.20541001581626, 168.15963815399653, 115.86471265990325, 5.212834807627622, 49.68588876045412, 52.7915279699869, 26.52352096361291, 7.183506366630397, 111.48801454979868, 333.29269197734834, 20.156816805997945, 245.48364390515795, 68.5934885853386, 76.39505424642388, 99.76705360062145, 27.013253171494924]]"
28,"[[(0, 8), (8, 14), (1, 28), (12, 22), (12, 25), (26, 6), (28, 7), (28, 9), (2, 11), (11, 4), (4, 1), (5, 8), (5, 21), (5, 25), (25, 12), (7, 16), (10, 24), (19, 9), (19, 29), (9, 8)]]","[[32.15104605652566, 146.2056833887803, 439.6762522613939, 75.15418756900122, 156.4428284568795, 155.9158230423663, 94.1935174859859, 13.636994358450883, 71.04935104313338, 52.43823414712832, 13.82804274805541, 20.227656955669985, 111.73778143351215, 103.37539694203149, 23.950177564625005, 131.92633697413143, 52.41077702030597, 43.58504726642457, 117.19767159969739, 29.558596274619976]]"
29,"[[(0, 8), (8, 14), (1, 28), (12, 22), (12, 25), (26, 6), (28, 7), (28, 9), (2, 11), (11, 4), (4, 1), (5, 8), (5, 21), (5, 25), (25, 12), (7, 16), (10, 24), (19, 9), (19, 29), (9, 8)]]","[[81.3228929636308, 56.14998797329193, 747.0627461023018, 81.44659923465339, 130.29619211807295, 157.99778098168207, 79.67398709301708, 4.7101461823435695, 72.07309954599106, 53.287545697782456, 14.248094855345562, 11.600093486855556, 112.80836351402975, 266.07433280985066, 12.987590858771293, 226.3475486953423, 28.654757011641024, 86.94964614528627, 90.39429053601322, 25.167671425820597]]"
30,"[[(0, 8), (8, 14), (1, 28), (12, 22), (12, 25), (26, 6), (28, 7), (28, 9), (2, 11), (11, 4), (4, 1), (5, 8), (5, 21), (5, 25), (25, 12), (7, 16), (10, 24), (19, 9), (19, 29), (9, 8)]]","[[59.85937847443938, 124.56757416468197, 442.26201757179695, 91.18734392091002, 97.55210505556333, 159.76054078384144, 557.4351342172206, 16.468793656899315, 25.16712810043135, 52.63742405454882, 18.242205232213482, 26.156531010493207, 111.66607807526373, 312.3560416401535, 17.93141575167701, 115.56717006417529, 36.46399460975873, 39.90737953099149, 170.96007688899005, 3.728907251306449]]"
31,"[[(0, 8), (8, 14), (1, 28), (12, 22), (12, 25), (26, 6), (28, 7), (28, 9), (2, 11), (11, 4), (4, 1), (5, 8), (5, 21), (5, 25), (25, 12), (7, 16), (10, 24), (19, 9), (19, 29), (9, 8)]]","[[69.41434094919839, 95.14329672900116, 582.7141966367853, 92.05103064137205, 54.786273344027094, 152.8545387084968, 550.0707170933224, 12.027068099258962, 61.80495829659, 52.60013303979196, 6.611730272081147, 32.752268849764604, 111.33953178562201, 271.5003000924662, 22.64481017303318, 190.52579886742228, 79.66054318634909, 88.12107430992153, 133.53535116087397, 14.416050099225092]]"
32,"[[(0, 8), (8, 14), (1, 28), (12, 22), (12, 25), (26, 6), (28, 7), (28, 9), (2, 11), (11, 4), (4, 1), (5, 8), (5, 21), (5, 25), (25, 12), (7, 16), (10, 24), (19, 9), (19, 29), (9, 8)]]","[[75.93007201260153, 97.9436254629378, 368.2007794762808, 79.56510730949024, 87.11042679042751, 174.93974279229667, 26.36106890480708, 11.990549919820872, 38.84855144279904, 53.080163431958084, 15.082360176076604, 8.843205243339746, 111.86063871843663, 152.40210753737713, 12.173441990177823, 120.57200079646307, 81.83134275959947, 49.31130527789573, 206.7297453869979, 14.577302478782897]]"
33,"[[(0, 8), (8, 14), (1, 28), (12, 22), (12, 25), (26, 6), (28, 7), (28, 9), (2, 11), (11, 4), (4, 1), (5, 8), (5, 21), (5, 25), (25, 12), (7, 16), (10, 24), (19, 9), (19, 29), (9, 8)]]","[[72.56134918132844, 79.61820869416559, 228.08831478530038, 78.03433566819638, 77.0604060828847, 181.617989060205, 81.14019075019273, 16.695472651550872, 53.683332587382765, 53.7794210003387, 27.02515109280227, 15.68077045527408, 112.57339844282066, 301.0965949863243, 14.495321358279826, 237.9125729869225, 63.11355233792929, 42.44424399421742, 143.1178519950613, 7.302948129876928]]"
34,"[[(0, 8), (8, 14), (1, 28), (12, 22), (12, 25), (26, 6), (28, 7), (28, 9), (2, 11), (11, 4), (4, 1), (5, 8), (5, 21), (5, 25), (25, 12), (7, 16), (10, 24), (19, 9), (19, 29), (9, 8)]]","[[65.00626165433764, 55.915368656788935, 498.4128657991375, 84.22995463747168, 63.557764804087235, 169.85324621122328, 465.53669524474066, 14.153831273958183, 72.55894686284063, 53.28386909487646, 11.99287020451421, 12.70187654910108, 112.60954856552637, 243.51412638343652, 12.272414781392108, 228.77697425978675, 79.56336477383262, 15.967236761357505, 263.69116071163967, 20.317237363346973]]"
35,"[[(0, 8), (8, 14), (1, 28), (12, 22), (12, 25), (26, 6), (28, 7), (28, 9), (2, 11), (11, 4), (4, 1), (5, 8), (5, 21), (5, 25), (25, 12), (7, 16), (10, 24), (19, 9), (19, 29), (9, 8)]]","[[36.47545771987952, 183.64455529036644, 514.7254061393571, 72.59704316420721, 96.46386107462513, 168.4517281923218, 391.4306434122701, 15.518594994130195, 28.76655517887275, 52.161364986170796, 24.993801712885787, 24.30665043147372, 112.56630653393657, 122.79435751604319, 13.218733348708493, 16.260665981688216, 26.178355354484562, 103.83585690099187, 243.18425349535636, 30.51986882586886]]"
36,"[[(0, 8), (8, 14), (1, 28), (12, 22), (12, 25), (26, 6), (28, 7), (28, 9), (2, 11), (11, 4), (4, 1), (5, 8), (5, 21), (5, 25), (25, 12), (7, 16), (10, 24), (19, 9), (19, 29), (9, 8)]]","[[51.6634116257669, 50.43104000210444, 617.0736759065121, 88.87070941716345, 38.91175751362124, 179.14465487141175, 102.835292142418, 7.244367735224573, 51.70004009189059, 52.330425497215856, 20.878177886799417, 26.551679918887046, 112.90915333147886, 195.73942783812777, 14.263027551781237, 36.56259452487086, 80.39758477161895, 20.366455733966383, 253.52979877725036, 12.966654209787293]]"
37,"[[(0, 8), (8, 14), (1, 28), (12, 22), (12, 25), (26, 6), (28, 7), (28, 9), (2, 11), (11, 4), (4, 1), (5, 8), (5, 21), (5, 25), (25, 12), (7, 16), (10, 24), (19, 9), (19, 29), (9, 8)]]","[[83.23802252377934, 182.0855511921261, 483.903966092563, 87.82868281715254, 106.91177216546693, 152.7698984012085, 308.36886468048334, 15.710511599051426, 82.33493888243268, 53.698194480549034, 24.676605570642696, 5.493546937082451, 111.56037904346306, 328.26952516578376, 11.979881654050077, 53.14394626520877, 65.51393120510805, 111.51083390637245, 216.34797101027522, 4.251479110566898]]"
38,"[[(0, 8), (8, 14), (1, 28), (12, 22), (12, 25), (26, 6), (28, 7), (28, 9), (2, 11), (11, 4), (4, 1), (5, 8), (5, 21), (5, 25), (25, 12), (7, 16), (10, 24), (19, 9), (19, 29), (9, 8)]]","[[34.04766408824154, 92.77307942199246, 667.1257277111611, 79.7254675728088, 156.8123486643256, 153.2048279397719, 77.16224297497138, 6.3072284826974805, 24.71769388404757, 52.21814340896597, 11.192633682936982, 28.213457232769194, 111.75264956572927, 300.98714442561004, 10.032524717065769, 301.7640405241843, 78.53664571066085, 57.12918863106503, 99.87008490388561, 11.682167652261498]]"
39,"[[(0, 8), (8, 14), (1, 28), (12, 22), (12, 25), (26, 6), (28, 7), (28, 9), (2, 11), (11, 4), (4, 1), (5, 8), (5, 21), (5, 25), (25, 12), (7, 16), (10, 24), (19, 9), (19, 29), (9, 8)]]","[[40.891311453071296, 105.34603414973151, 635.3900917897095, 83.15955941498676, 83.22498849938037, 170.33003996862496, 203.85720549142354, 5.897693733673185, 46.30308979157522, 52.46785811786867, 26.892462126640904, 3.483911601273228, 111.43994326983503, 287.30815081253706, 10.224629897714212, 114.17733291512769, 33.33892933036168, 35.546798907117946, 168.85479973948355, 28.377175610004947]]"
40,"[[(0, 8), (8, 14), (1, 28), (12, 22), (12, 25), (26, 6), (28, 7), (28, 9), (2, 11), (11, 4), (4, 1), (5, 8), (5, 21), (5, 25), (25, 12), (7, 16), (10, 24), (19, 9), (19, 29), (9, 8)]]","[[91.81018051270034, 113.11461981205676, 414.50481279289903, 90.52765198019283, 166.46849467807996, 160.42671828009273, 260.5331636436939, 7.432246535467581, 48.719577883931, 52.47462565980612, 20.016220033259415, 4.072099237530371, 112.42839964614402, 134.87892607050554, 18.94062481044198, 204.24070511592402, 58.236565075720804, 57.79379781966877, 226.20664753565487, 18.308297454638996]]"
41,"[[(0, 8), (8, 14), (1, 28), (12, 22), (12, 25), (26, 6), (28, 7), (28, 9), (2, 11), (11, 4), (4, 1), (5, 8), (5, 21), (5, 25), (25, 12), (7, 16), (10, 24), (19, 9), (19, 29), (9, 8)]]","[[45.403141252948586, 182.91773468389962, 446.03432904919464, 74.8228372427362, 165.9236930748434, 175.88194351019192, 137.76673594237388, 14.635543494090138, 76.56737887794154, 53.70880872709223, 6.434791762221166, 4.91545634043873, 111.16485659440457, 205.86915690323218, 23.45385021556637, 119.67605570278283, 50.871493262004975, 73.11903571842956, 154.539554463488, 1.5602390769307632]]"
42,"[[(0, 8), (8, 14), (1, 28), (12, 22), (12, 25), (26, 6), (28, 7), (28, 9), (2, 11), (11, 4), (4, 1), (5, 8), (5, 21), (5, 25), (25, 12), (7, 16), (10, 24), (19, 9), (19, 29), (9, 8)]]","[[73.64755527349132, 136.19535561755424, 700.9674892825194, 87.78683600328092, 138.99830940450317, 181.79766840238167, 144.11422686519356, 12.353003074756304, 29.67463006539362, 53.793246419977834, 24.21753491058696, 10.856033197921438, 111.92542553074368, 99.43343057661191, 20.477685108879037, 143.5945209834148, 33.92124518209235, 94.81809540944194, 112.23147610308126, 8.89833356900272]]"
43,"[[(0, 8), (8, 14), (1, 28), (12, 22), (12, 25), (26, 6), (28, 7), (28, 9), (2, 11), (11, 4), (4, 1), (5, 8), (5, 21), (5, 25), (25, 12), (7, 16), (10, 24), (19, 9), (19, 29), (9, 8)]]","[[28.44302853106935, 134.1578046258776, 272.851958519612, 81.2867899741526, 153.82622329399078, 176.65698187182613, 463.2700442479716, 6.185799047996104, 60.077475945265434, 53.7479963088088, 20.32983700959379, 21.66019415436858, 111.98791112228413, 243.88004656775195, 10.447975706080786, 107.20587433530126, 40.23398538728198, 76.16389093496403, 59.999739183504374, 18.398539519045382]]"
44,"[[(0, 8), (8, 14), (1, 28), (12, 22), (12, 25), (26, 6), (28, 7), (28, 9), (2, 11), (11, 4), (4, 1), (5, 8), (5, 21), (5, 25), (25, 12), (7, 16), (10, 24), (19, 9), (19, 29), (9, 8)]]","[[90.50189391929247, 172.04034989149318, 489.7215033231207, 87.33043300055598, 49.70238469398478, 181.71961779663374, 222.12543392073493, 8.801597832682052, 50.84267182365631, 53.582478152614065, 13.578736447869542, 4.375166692953226, 112.30688576762839, 101.7888439857882, 21.353181282420056, 31.65069437999342, 75.40558602269063, 117.88483184854962, 201.50606882085805, 19.897737888934646]]"
45,"[[(0, 8), (8, 14), (1, 28), (12, 22), (12, 25), (26, 6), (28, 7), (28, 9), (2, 11), (11, 4), (4, 1), (5, 8), (5, 21), (5, 25), (25, 12), (7, 16), (10, 24), (19, 9), (19, 29), (9, 8)]]","[[72.12975789608197, 100.42490423412433, 588.954964546479, 78.26654202932754, 98.56081040090864, 154.17472125710216, 501.33295467447914, 7.449624268059498, 74.14379079631735, 52.99233363223053, 31.57870663883485, 2.149656584324168, 112.2456697104555, 158.66782555914793, 22.1073789382897, 184.92810006095678, 63.89145631393354, 95.16029496520036, 135.89618192244285, 6.849308471163482]]"
46,"[[(0, 8), (8, 14), (1, 28), (12, 22), (12, 25), (26, 6), (28, 7), (28, 9), (2, 11), (11, 4), (4, 1), (5, 8), (5, 21), (5, 25), (25, 12), (7, 16), (10, 24), (19, 9), (19, 29), (9, 8)]]","[[68.94878245011893, 152.5245400201613, 510.46635501257543, 74.82315218839038, 46.20099586829808, 173.95236962917988, 536.6782151839872, 5.593059186260776, 74.38729353082789, 52.714881523413, 7.1162516500664825, 31.57485726790322, 112.50826627355306, 143.111651858064, 16.281211496973143, 20.676282080499334, 78.44628616844466, 17.69066798665932, 149.6932394603263, 18.887823302985367]]"
47,"[[(0, 8), (8, 14), (1, 28), (12, 22), (12, 25), (26, 6), (28, 7), (28, 9), (2, 11), (11, 4), (4, 1), (5, 8), (5, 21), (5, 25), (25, 12), (7, 16), (10, 24), (19, 9), (19, 29), (9, 8)]]","[[50.30551481758499, 114.37273550190994, 725.2898976146927, 77.91005100606526, 50.556765453035986, 156.06800315463641, 469.0687971745092, 15.263118460404016, 60.972114349539105, 52.38747186157611, 30.3964063531763, 26.280803811909728, 111.05089581548786, 266.99999529250726, 10.2169022391748, 99.55909888767322, 45.55331870670298, 114.94001400851843, 142.36212556206317, 11.992218894769891]]"
48,"[[(0, 8), (8, 14), (1, 28), (12, 22), (12, 25), (26, 6), (28, 7), (28, 9), (2, 11), (11, 4), (4, 1), (5, 8), (5, 21), (5, 25), (25, 12), (7, 16), (10, 24), (19, 9), (19, 29), (9, 8)]]","[[42.72244839399404, 128.6326133788907, 317.1495486886124, 86.91543264378795, 109.62646112105641, 174.20680438332477, 182.023781787665, 3.9279691410114035, 75.5713031780455, 53.223747411690965, 23.84635144574995, 21.23279110001283, 111.99625818023603, 113.5435742438732, 22.97838486803161, 221.49046021754864, 36.607409914848134, 98.68257748698127, 88.0538014231328, 20.070378626327372]]"
49,"[[(0, 8), (8, 14), (1, 28), (12, 22), (12, 25), (26, 6), (28, 7), (28, 9), (2, 11), (11, 4), (4, 1), (5, 8), (5, 21), (5, 25), (25, 12), (7, 16), (10, 24), (19, 9), (19, 29), (9, 8)]]","[[42.424546910325745, 161.04847870605286, 557.9993166262979, 77.34100498914601, 40.62535777295179, 156.91891515934964, 404.30096877467247, 3.105831606817731, 27.345959994171707, 52.55733079408107, 13.57256148223753, 14.856210118588692, 111.3059370614819, 201.59799331675305, 17.218937937738556, 214.62115771810994, 24.665499969914887, 65.19247627055186, 228.02388684179013, 18.37864479025684]]"
50,"[[(0, 8), (8, 14), (1, 28), (12, 22), (12, 25), (26, 6), (28, 7), (28, 9), (2, 11), (11, 4), (4, 1), (5, 8), (5, 21), (5, 25), (25, 12), (7, 16), (10, 24), (19, 9), (19, 29), (9, 8)]]","[[60.17774810975818, 168.49553361420413, 502.2028443949531, 86.33965569078032, 164.8532624468419, 165.78176333672576, 198.07446407936808, 5.337440328763206, 77.322235967121, 52.89707305493934, 19.01190295525811, 20.94317427424836, 111.80511788549578, 318.00939045667576, 17.426277415962012, 161.30434233344616, 23.271732542200994, 94.71687426575414, 170.62888608070017, 12.796158014973184]]"
51,"[[(0, 8), (8, 14), (1, 28), (12, 22), (12, 25), (26, 6), (28, 7), (28, 9), (2, 11), (11, 4), (4, 1), (5, 8), (5, 21), (5, 25), (25, 12), (7, 16), (10, 24), (19, 9), (19, 29), (9, 8)]]","[[28.74867334182824, 157.60040301892175, 646.0225131334023, 80.01605412286007, 136.9760040812148, 160.55263433334787, 219.7880449786939, 8.302287876918271, 40.09211378171436, 53.80783464834705, 15.59804955568464, 2.631816711932697, 111.89596743575301, 322.1378971988254, 22.79016259022434, 99.23714072038278, 65.97575804094953, 83.23148628855279, 146.91708285476466, 16.17849778836426]]"
52,"[[(0, 8), (8, 14), (1, 28), (12, 22), (12, 25), (26, 6), (28, 7), (28, 9), (2, 11), (11, 4), (4, 1), (5, 8), (5, 21), (5, 25), (25, 12), (7, 16), (10, 24), (19, 9), (19, 29), (9, 8)]]","[[52.68189302172725, 25.994393340573705, 455.2016982164272, 75.1163696036476, 88.1190683325072, 175.20014609413167, 159.88547822336344, 9.305858585907053, 63.46832499414021, 53.43926776249425, 15.242072590035857, 3.6690381656705715, 111.40866472499, 173.89195077930611, 21.006631514256497, 320.6258836140645, 57.124425510353504, 16.284240987084246, 215.5248269572662, 9.477229355348829]]"
53,"[[(0, 8), (8, 14), (1, 28), (12, 22), (12, 25), (26, 6), (28, 7), (28, 9), (2, 11), (11, 4), (4, 1), (5, 8), (5, 21), (5, 25), (25, 12), (7, 16), (10, 24), (19, 9), (19, 29), (9, 8)]]","[[87.91153125408314, 27.526854408155486, 775.2045227943436, 75.97522388427852, 100.27801628583354, 155.14799678833305, 240.62054608686697, 10.983017358709459, 64.66893534667147, 52.25523397170031, 17.135452720230813, 35.43893566716247, 112.54404945817286, 301.0084614171926, 16.671280223003983, 214.86898628819878, 38.77658825930186, 11.447468887272501, 229.0188123592603, 18.902006742924446]]"
54,"[[(0, 8), (8, 14), (1, 28), (12, 22), (12, 25), (26, 6), (28, 7), (28, 9), (2, 11), (11, 4), (4, 1), (5, 8), (5, 21), (5, 25), (25, 12), (7, 16), (10, 24), (19, 9), (19, 29), (9, 8)]]","[[90.2846979784235, 46.38410922913225, 309.48779013536426, 89.81624946904472, 112.71334541122809, 153.5931396629232, 495.8313835673564, 12.343179504657801, 77.70807002376262, 53.27573606678089, 10.71379145877364, 9.116621399209476, 111.72599621872045, 333.0064041726256, 17.182605793303495, 125.76745829190315, 25.141220458437278, 43.234096424299295, 88.77915927327595, 4.606966290344154]]"
55,"[[(0, 8), (8, 14), (1, 28), (12, 22), (12, 25), (26, 6), (28, 7), (28, 9), (2, 11), (11, 4), (4, 1), (5, 8), (5, 21), (5, 25), (25, 12), (7, 16), (10, 24), (19, 9), (19, 29), (9, 8)]]","[[55.45997081931297, 137.87896545643576, 266.994081491224, 83.34356937421809, 138.0219393569406, 162.4810831974155, 396.37052682195235, 9.55735391240433, 68.26058273109788, 52.45067600093662, 16.680388699709773, 2.0312063820453936, 112.71750418777384, 139.35547358936356, 16.425771538650267, 169.24517303531218, 67.60077404292491, 106.10280520693175, 185.70606532959215, 13.118745951179768]]"
56,"[[(0, 8), (8, 14), (1, 28), (12, 22), (12, 25), (26, 6), (28, 7), (28, 9), (2, 11), (11, 4), (4, 1), (5, 8), (5, 21), (5, 25), (25, 12), (7, 16), (10, 24), (19, 9), (19, 29), (9, 8)]]","[[83.03420374469803, 28.887856025250493, 634.1284197545737, 80.6731830306812, 85.28680692044694, 181.33074753316652, 101.85271321436836, 12.966764538022023, 49.58306371777728, 53.09226401601004, 23.70160539266228, 2.1370058105499243, 112.87300881921537, 276.2685442727676, 10.865520342209663, 113.39521860533722, 38.57248532023232, 87.3620921568048, 183.23568536558184, 29.356183448744645]]"
57,"[[(0, 8), (8, 14), (1, 28), (12, 22), (12, 25), (26, 6), (28, 7), (28, 9), (2, 11), (11, 4), (4, 1), (5, 8), (5, 21), (5, 25), (25, 12), (7, 16), (10, 24), (19, 9), (19, 29), (9, 8)]]","[[73.26561596017504, 53.75562695128072, 445.11005428131205, 83.53788015678924, 144.72880165227275, 181.68551189139308, 576.1807115415993, 9.616226837549013, 59.322352965083226, 52.30882469640463, 19.927066374583596, 14.469996436631764, 111.34817303209121, 151.5423285555379, 14.635303339350546, 284.6450454294468, 75.17364712588994, 16.672794871272785, 240.40080621197203, 25.05066250130037]]"
58,"[[(0, 8), (8, 14), (1, 28), (12, 22), (12, 25), (26, 6), (28, 7), (28, 9), (2, 11), (11, 4), (4, 1), (5, 8), (5, 21), (5, 25), (25, 12), (7, 16), (10, 24), (19, 9), (19, 29), (9, 8)]]","[[78.8359602026926, 55.82709379367593, 498.0336274947136, 73.23744507195583, 80.18893446352567, 170.7979718038522, 553.1578218653655, 3.1233996986876664, 85.23982379898823, 53.716737254737836, 4.194161305310214, 24.72524929936426, 111.29883497765299, 226.04155126087122, 10.167006082276751, 24.08872764847706, 57.57148533875845, 9.59059342277065, 90.95617934952296, 11.83021880384183]]"
59,"[[(0, 8), (8, 14), (1, 28), (12, 22), (12, 25), (26, 6), (28, 7), (28, 9), (2, 11), (11, 4), (4, 1), (5, 8), (5, 21), (5, 25), (25, 12), (7, 16), (10, 24), (19, 9), (19, 29), (9, 8)]]","[[63.8333600036083, 126.01140171027403, 386.5170567465297, 73.55211304535885, 128.03619886483546, 156.39300383312613, 269.3655487900145, 8.008836406295917, 69.6969117679993, 52.72607120907993, 30.596164363557143, 19.030496163183784, 112.0610787597296, 134.12038270213918, 22.096562722559817, 307.7484983447057, 51.28114522350282, 10.164775077648208, 225.85643534407012, 3.943340694000071]]"
60,"[[(0, 8), (8, 14), (1, 28), (12, 22), (12, 25), (26, 6), (28, 7), (28, 9), (2, 11), (11, 4), (4, 1), (5, 8), (5, 21), (5, 25), (25, 12), (7, 16), (10, 24), (19, 9), (19, 29), (9, 8)]]","[[59.71746497285264, 138.08470323107434, 565.2062425932324, 72.8887636346746, 123.6523255752148, 181.1373578732021, 452.7484841612283, 5.558459794589794, 38.51971194088055, 53.436518190527245, 12.666838158792636, 32.377017772823116, 112.6887502559222, 129.92808502713007, 11.809185321980076, 155.69431318427095, 69.82363879190834, 81.18829195852015, 172.27804275444203, 28.29789631589783]]"
61,"[[(0, 8), (8, 14), (1, 28), (12, 22), (12, 25), (26, 6), (28, 7), (28, 9), (2, 11), (11, 4), (4, 1), (5, 8), (5, 21), (5, 25), (25, 12), (7, 16), (10, 24), (19, 9), (19, 29), (9, 8)]]","[[77.94391889046801, 97.88963249707182, 544.5512557002983, 78.30533249092609, 96.90845010932345, 157.93572773594934, 92.76838998420762, 4.137128495930293, 26.963548892381517, 52.56072238115603, 16.363714080500127, 9.60795238877137, 112.7224891273941, 238.29583281028033, 14.169171230716092, 55.40009804325908, 42.50451166433299, 17.74131045690409, 228.5900362834666, 15.767393879026539]]"
62,"[[(0, 8), (8, 14), (1, 28), (12, 22), (12, 25), (26, 6), (28, 7), (28, 9), (2, 11), (11, 4), (4, 1), (5, 8), (5, 21), (5, 25), (25, 12), (7, 16), (10, 24), (19, 9), (19, 29), (9, 8)]]","[[74.32868491623054, 125.51074397287802, 247.20141895967004, 78.53886290189422, 165.46771200930564, 166.27465075754193, 143.09202485934992, 8.592534217579598, 22.544959248660113, 53.436553107419016, 6.570378602136433, 7.391599525396071, 112.965267916502, 134.72413269978907, 25.276021546957843, 83.74796928614319, 30.999938623368198, 72.16067467201358, 237.08629973800774, 27.3207819462275]]"
63,"[[(0, 8), (8, 14), (1, 28), (12, 22), (12, 25), (26, 6), (28, 7), (28, 9), (2, 11), (11, 4), (4, 1), (5, 8), (5, 21), (5, 25), (25, 12), (7, 16), (10, 24), (19, 9), (19, 29), (9, 8)]]","[[31.438183524319882, 116.3531597184785, 667.3878682143088, 81.64143363274539, 61.404379666995666, 169.58220463914964, 377.19307644726445, 5.499094299352196, 58.87977790890609, 52.6975781896617, 19.739594729360263, 33.50865378828264, 112.58403782212736, 172.15820933172296, 13.186649590311859, 222.93631932236394, 29.074883354046815, 96.67900327763083, 240.15579193636012, 11.299405241728959]]"
64,"[[(0, 8), (8, 14), (1, 28), (12, 22), (12, 25), (26, 6), (28, 7), (28, 9), (2, 11), (11, 4), (4, 1), (5, 8), (5, 21), (5, 25), (25, 12), (7, 16), (10, 24), (19, 9), (19, 29), (9, 8)]]","[[68.17427030108065, 182.7719665605709, 747.619413633389, 86.65627015188258, 154.64040647815216, 156.2738029105652, 402.34426034424797, 9.626581207715294, 26.73372069842491, 52.08919025516147, 13.584393869981923, 2.419032812825457, 112.56554659577289, 173.70214394040943, 24.265735816630286, 73.67867805979436, 72.86778936239665, 78.44343312044244, 101.10941053572981, 19.980106178009564]]"
65,"[[(0, 8), (8, 14), (1, 28), (12, 22), (12, 25), (26, 6), (28, 7), (28, 9), (2, 11), (11, 4), (4, 1), (5, 8), (5, 21), (5, 25), (25, 12), (7, 16), (10, 24), (19, 9), (19, 29), (9, 8)]]","[[57.819661759687136, 30.889498010333014, 655.3799005909304, 73.38028257076307, 132.05685480260752, 177.99124908684914, 255.52114393006966, 8.954029579874668, 41.55989430929278, 52.25922871556848, 14.393077248774238, 26.734593962419165, 111.05876035209373, 191.06293201747857, 19.85577567105132, 170.83157192943406, 69.15296547926, 53.595373394402806, 60.816110942871056, 9.989214418961389]]"
66,"[[(0, 8), (8, 14), (1, 28), (12, 22), (12, 25), (26, 6), (28, 7), (28, 9), (2, 11), (11, 4), (4, 1), (5, 8), (5, 21), (5, 25), (25, 12), (7, 16), (10, 24), (19, 9), (19, 29), (9, 8)]]","[[78.71024789856088, 171.92977846219506, 274.82253775662053, 74.54016495537033, 143.69064172745388, 179.0570917971928, 309.84215647812243, 5.887244901336243, 55.47859629793495, 53.92189704392056, 20.872285976169287, 30.9958449995511, 111.89602222871066, 318.0747492560203, 10.87641320462533, 243.64713657768644, 65.10264110820707, 67.86198623186525, 176.12526743010935, 6.415565737856131]]"
67,"[[(0, 8), (8, 14), (1, 28), (12, 22), (12, 25), (26, 6), (28, 7), (28, 9), (2, 11), (11, 4), (4, 1), (5, 8), (5, 21), (5, 25), (25, 12), (7, 16), (10, 24), (19, 9), (19, 29), (9, 8)]]","[[61.61098728711806, 77.98614192981762, 403.66950371479186, 79.54566135879581, 156.79204401100898, 171.16933991512934, 493.43983857902754, 12.492348011796084, 53.04133216705811, 52.31523640674756, 18.37159011385141, 8.299981024683884, 111.67816212562737, 216.88794250597758, 18.528273015596497, 313.94222360376034, 41.95491727614599, 100.52337580687947, 245.90756486221474, 8.245989331188706]]"
68,"[[(0, 8), (8, 14), (1, 28), (12, 22), (12, 25), (26, 6), (28, 7), (28, 9), (2, 11), (11, 4), (4, 1), (5, 8), (5, 21), (5, 25), (25, 12), (7, 16), (10, 24), (19, 9), (19, 29), (9, 8)]]","[[93.27746678012349, 41.06420131297068, 714.4626162058521, 78.56774833940331, 151.67626124230725, 178.68183161526485, 268.36203928470775, 5.356697758789204, 37.55870850131546, 53.40513349792288, 8.598768100958823, 2.6785001529743386, 111.05874257166987, 223.6403829710415, 24.056787703680723, 193.05419809072737, 81.30920773151507, 71.86553521614317, 77.70713155409567, 5.134567558907076]]"
69,"[[(0, 8), (8, 14), (1, 28), (12, 22), (12, 25), (26, 6), (28, 7), (28, 9), (2, 11), (11, 4), (4, 1), (5, 8), (5, 21), (5, 25), (25, 12), (7, 16), (10, 24), (19, 9), (19, 29), (9, 8)]]","[[46.191619154600744, 121.4859742346301, 258.09277722809435, 78.89632504967102, 116.11114477437489, 156.1870029948196, 234.45646854265686, 7.293138872572117, 75.57668690314739, 53.409357956750625, 29.48590522011605, 25.81803667953965, 111.94879880071298, 161.33644854332326, 23.62449413163036, 48.210211897299374, 80.16395217462592, 78.8945170481848, 75.55583491365753, 5.2795684059442465]]"
70,"[[(0, 8), (8, 14), (1, 28), (12, 22), (12, 25), (26, 6), (28, 7), (28, 9), (2, 11), (11, 4), (4, 1), (5, 8), (5, 21), (5, 25), (25, 12), (7, 16), (10, 24), (19, 9), (19, 29), (9, 8)]]","[[64.0502514717887, 158.32965153108842, 221.25960534353396, 78.20808019184456, 112.42218485013584, 166.27706866171255, 86.38899299580615, 15.721592725696908, 66.78300117903106, 52.54540498348814, 23.49161403239274, 3.491709254962022, 111.4138981000843, 329.99653426335396, 15.958016774322303, 122.83693071588087, 24.873457433305685, 103.05877942112488, 68.70564713558029, 29.120611136812435]]"
71,"[[(0, 8), (8, 14), (1, 28), (12, 22), (12, 25), (26, 6), (28, 7), (28, 9), (2, 11), (11, 4), (4, 1), (5, 8), (5, 21), (5, 25), (25, 12), (7, 16), (10, 24), (19, 9), (19, 29), (9, 8)]]","[[59.91022957852289, 105.44765326822014, 770.2872335731029, 72.53881327524273, 41.72697278263689, 176.05463899410216, 451.63768704606554, 16.940464379838257, 63.441608519084205, 52.26038375569954, 25.394685137293077, 11.397550291853046, 111.2567764562563, 339.12242678646726, 12.644137807245086, 187.10747996452227, 78.90262179189571, 26.795450886106607, 118.9456700578592, 30.56709257479181]]"
72,"[[(0, 8), (8, 14), (1, 28), (12, 22), (12, 25), (26, 6), (28, 7), (28, 9), (2, 11), (11, 4), (4, 1), (5, 8), (5, 21), (5, 25), (25, 12), (7, 16), (10, 24), (19, 9), (19, 29), (9, 8)]]","[[34.91484248363991, 92.52262201405789, 503.1394923974235, 83.6639831224555, 61.10955197620295, 176.9999384318049, 415.99227806543803, 7.6233987167711055, 23.12194527565307, 52.54864308401335, 5.6490457910121865, 3.686437669506364, 111.90096110548401, 204.49138274434222, 16.91509114061497, 138.55650005580966, 51.22351207178737, 94.30940007095062, 109.95951049465748, 18.92329274043981]]"
73,"[[(0, 8), (8, 14), (1, 28), (12, 22), (12, 25), (26, 6), (28, 7), (28, 9), (2, 11), (11, 4), (4, 1), (5, 8), (5, 21), (5, 25), (25, 12), (7, 16), (10, 24), (19, 9), (19, 29), (9, 8)]]","[[70.10113681224016, 170.71886772740962, 307.663816430667, 90.41118177582005, 138.61750031807475, 166.08510402015543, 303.97333114080215, 11.753793802600054, 31.047590160991362, 52.20892284052274, 28.509944584216175, 24.952247006823722, 111.71951032898812, 293.79548819576814, 12.786453704834301, 79.02285964019221, 78.3878973107004, 63.46594615437519, 104.59500710071518, 4.837371498143462]]"
74,"[[(0, 8), (8, 14), (1, 28), (12, 22), (12, 25), (26, 6), (28, 7), (28, 9), (2, 11), (11, 4), (4, 1), (5, 8), (5, 21), (5, 25), (25, 12), (7, 16), (10, 24), (19, 9), (19, 29), (9, 8)]]","[[76.7599974359666, 41.44544517559562, 611.1971973820478, 79.44461426003366, 90.75577547141897, 175.449125368381, 97.22594825038752, 12.347063340471955, 53.179480663620396, 52.507938367829325, 27.108860413735286, 28.382216149547205, 112.2502778607403, 224.0048638862276, 22.654253665750623, 257.4822508743248, 25.42251761846448, 11.407241334987619, 217.97328712942578, 24.772758155499346]]"
75,"[[(0, 8), (8, 14), (1, 28), (12, 22), (12, 25), (26, 6), (28, 7), (28, 9), (2, 11), (11, 4), (4, 1), (5, 8), (5, 21), (5, 25), (25, 12), (7, 16), (10, 24), (19, 9), (19, 29), (9, 8)]]","[[87.29540009681594, 14.045492018572974, 737.9393827186269, 86.19554534019049, 37.573227315958476, 172.96403615737893, 49.138568893721285, 9.976621789754232, 45.89146213827686, 53.94878352899056, 25.03409911840098, 16.305118767952628, 112.69336411957043, 311.7318408918624, 24.088008781232347, 34.54406049174209, 67.98370959983333, 77.73075214176144, 76.01685356022006, 14.851757391908368]]"
76,"[[(0, 8), (8, 14), (1, 28), (12, 22), (12, 25), (26, 6), (28, 7), (28, 9), (2, 11), (11, 4), (4, 1), (5, 8), (5, 21), (5, 25), (25, 12), (7, 16), (10, 24), (19, 9), (19, 29), (9, 8)]]","[[82.48890682935556, 156.63668454318935, 293.30899447674284, 82.3928171208643, 130.86317986780574, 177.77680052376985, 336.7849030740749, 9.658450370974872, 39.9326455360228, 53.208762691557354, 8.225419338886322, 24.00189081815842, 111.31902905879136, 131.9141002948394, 11.71868904508223, 112.00939764351246, 50.553328300221395, 42.95070654050117, 140.362705945215, 29.456212131693093]]"
77,"[[(0, 8), (8, 14), (1, 28), (12, 22), (12, 25), (26, 6), (28, 7), (28, 9), (2, 11), (11, 4), (4, 1), (5, 8), (5, 21), (5, 25), (25, 12), (7, 16), (10, 24), (19, 9), (19, 29), (9, 8)]]","[[81.88766679265908, 180.17202985427883, 409.77860357037696, 93.13105805171843, 104.56930430099115, 179.13384940031682, 80.46537254789303, 12.505087083622591, 76.23544849084149, 53.79806198811433, 11.093864349872828, 6.4548007517323445, 112.73529117749203, 115.60833465463934, 17.304785062866532, 317.30437038142975, 71.32515573157113, 84.56750786885208, 181.162654465104, 7.628996520138685]]"
78,"[[(0, 8), (8, 14), (1, 28), (12, 22), (12, 25), (26, 6), (28, 7), (28, 9), (2, 11), (11, 4), (4, 1), (5, 8), (5, 21), (5, 25), (25, 12), (7, 16), (10, 24), (19, 9), (19, 29), (9, 8)]]","[[53.79785613703608, 110.41963577190675, 411.60466349610067, 84.31241167740997, 73.96434818297112, 171.97891211054122, 203.54816823966632, 5.1909360815031516, 49.33128041929524, 53.6917654613087, 5.849409011658931, 18.889575920843196, 111.3228820345347, 234.63964845430857, 23.978497080456755, 119.33099391563687, 32.68181291415991, 59.72072145980214, 90.08250950455081, 20.305874540381847]]"
79,"[[(0, 8), (8, 14), (1, 28), (12, 22), (12, 25), (26, 6), (28, 7), (28, 9), (2, 11), (11, 4), (4, 1), (5, 8), (5, 21), (5, 25), (25, 12), (7, 16), (10, 24), (19, 9), (19, 29), (9, 8)]]","[[75.11677138704356, 28.102595677270735, 616.5098637991845, 85.1042455558827, 84.29409829167463, 156.59000367984427, 351.6248685026019, 3.5881754017035217, 57.70307973613577, 52.26957742442127, 13.446338343984376, 9.040929712476851, 112.50748974201348, 237.13656262566582, 15.944485907672568, 171.58583421448398, 31.11085243889557, 89.13209101070137, 164.97997615940787, 12.7108314750576]]"
80,"[[(0, 8), (8, 14), (1, 28), (12, 22), (12, 25), (26, 6), (28, 7), (28, 9), (2, 11), (11, 4), (4, 1), (5, 8), (5, 21), (5, 25), (25, 12), (7, 16), (10, 24), (19, 9), (19, 29), (9, 8)]]","[[53.68796359066029, 123.11735328836696, 646.5744680892991, 88.02258001104609, 89.86891596443897, 166.48262398585476, 142.1685714873849, 13.805212711175884, 36.004806428375545, 52.2715363507179, 14.519346583216812, 9.087483071106854, 111.77703307816941, 199.61918279623603, 22.53284521089008, 128.8964521880979, 29.316171038158586, 24.175947463943213, 114.88188959875927, 1.1377211953042412]]"
81,"[[(0, 8), (8, 14), (1, 28), (12, 22), (12, 25), (26, 6), (28, 7), (28, 9), (2, 11), (11, 4), (4, 1), (5, 8), (5, 21), (5, 25), (25, 12), (7, 16), (10, 24), (19, 9), (19, 29), (9, 8)]]","[[52.29993746078877, 81.7491480069412, 659.0459531769236, 79.71514540210408, 56.230633055372124, 160.29887505660594, 451.58706605877154, 7.306947037740812, 82.51497149573389, 52.91114495255216, 17.9707607895228, 23.075084476357212, 112.13984513451045, 308.3213987863222, 16.707002943833743, 137.09365650001737, 81.55051192790546, 39.5691281721787, 256.1108967418056, 1.3017081387646314]]"
82,"[[(0, 8), (8, 14), (1, 28), (12, 22), (12, 25), (26, 6), (28, 7), (28, 9), (2, 11), (11, 4), (4, 1), (5, 8), (5, 21), (5, 25), (25, 12), (7, 16), (10, 24), (19, 9), (19, 29), (9, 8)]]","[[51.07278954423385, 164.65923208542557, 627.9973081263043, 76.9853955639185, 46.454273192651065, 163.05258245760126, 288.7578467821433, 9.464839290455613, 70.20811332400491, 53.188348675686086, 17.23237384124336, 15.656963545900144, 111.01426180212938, 196.30698850937443, 14.28957646122464, 140.98372421842336, 77.33534918806407, 108.04277461810713, 206.0544008325356, 4.750797723692436]]"
83,"[[(0, 8), (8, 14), (1, 28), (12, 22), (12, 25), (26, 6), (28, 7), (28, 9), (2, 11), (11, 4), (4, 1), (5, 8), (5, 21), (5, 25), (25, 12), (7, 16), (10, 24), (19, 9), (19, 29), (9, 8)]]","[[88.65158556478609, 122.09032785904262, 397.73997398412246, 93.6428475398898, 57.040747464096384, 176.04991760564172, 94.23907844525733, 3.2987830066351034, 48.649907866693944, 53.00192095767693, 11.13305634890468, 20.38604776588846, 111.14377239452197, 311.6987820066206, 18.824453170951546, 47.02236407592555, 51.65889466810229, 53.03056181681366, 164.43277114386387, 15.19541996545895]]"
84,"[[(0, 8), (8, 14), (1, 28), (12, 22), (12, 25), (26, 6), (28, 7), (28, 9), (2, 11), (11, 4), (4, 1), (5, 8), (5, 21), (5, 25), (25, 12), (7, 16), (10, 24), (19, 9), (19, 29), (9, 8)]]","[[73.5163404684727, 110.25380093367025, 459.8289457093694, 84.16138967494024, 166.38729904327434, 152.89047927403098, 425.4582633493331, 16.051614004963866, 28.050422497064453, 53.66652719584677, 26.304402220387086, 32.13305809354256, 111.10286782133701, 206.73795526604675, 19.783130544458736, 164.84853537952347, 64.35031381913282, 74.96848051259181, 238.93365238739713, 28.572454615380657]]"
85,"[[(0, 8), (8, 14), (1, 28), (12, 22), (12, 25), (26, 6), (28, 7), (28, 9), (2, 11), (11, 4), (4, 1), (5, 8), (5, 21), (5, 25), (25, 12), (7, 16), (10, 24), (19, 9), (19, 29), (9, 8)]]","[[57.53668343346914, 167.1114020881542, 345.7953388215831, 78.25756054912584, 51.71639956855984, 167.12572140226138, 566.2071445783872, 15.07807482751654, 73.4758631323233, 52.87062929318574, 10.601632833456089, 21.041557244180304, 111.48373824704497, 176.61888246062966, 13.156470234603226, 306.95243603232444, 44.339617045936805, 51.187619422670906, 76.67817512873995, 8.695373437767543]]"
86,"[[(0, 8), (8, 14), (1, 28), (12, 22), (12, 25), (26, 6), (28, 7), (28, 9), (2, 11), (11, 4), (4, 1), (5, 8), (5, 21), (5, 25), (25, 12), (7, 16), (10, 24), (19, 9), (19, 29), (9, 8)]]","[[93.79568541979414, 31.023304045929862, 546.8144206250765, 89.20214330467107, 110.49798300069483, 168.55605551253439, 184.86363367817404, 13.671454906562456, 24.589520658017186, 52.20207420971031, 13.756992915256664, 2.3326514225555273, 112.73511665980203, 153.22444663723587, 13.085487300252073, 94.39099147358115, 51.50573754103468, 53.58348586918024, 222.34931062464113, 4.178310378218434]]"
87,"[[(0, 8), (8, 14), (1, 28), (12, 22), (12, 25), (26, 6), (28, 7), (28, 9), (2, 11), (11, 4), (4, 1), (5, 8), (5, 21), (5, 25), (25, 12), (7, 16), (10, 24), (19, 9), (19, 29), (9, 8)]]","[[89.32208811089268, 169.22989718145607, 363.50792736863843, 77.45202557275613, 141.1435979929371, 172.0511520931532, 57.06027499297264, 10.358495564203107, 58.343751353897424, 52.47559422711636, 26.044847494382932, 0.2494109938659128, 111.43187639536062, 265.390895365618, 23.539004913761147, 275.9692756420533, 42.49115366398951, 10.815163107375641, 171.64701568455047, 26.569371500828634]]"
88,"[[(0, 8), (8, 14), (1, 28), (12, 22), (12, 25), (26, 6), (28, 7), (28, 9), (2, 11), (11, 4), (4, 1), (5, 8), (5, 21), (5, 25), (25, 12), (7, 16), (10, 24), (19, 9), (19, 29), (9, 8)]]","[[72.68147159351483, 19.909733930440222, 221.22917750356982, 74.94579986080943, 96.69179978304389, 180.40616740964165, 210.58109430472115, 11.246548167970285, 73.8308498054123, 52.79166156574109, 23.22963245112458, 31.425881210151296, 112.83530604140986, 160.32861766353435, 12.21189664861432, 49.827602698846135, 45.36549243385043, 101.84570218744351, 115.24017671920782, 14.083414304583808]]"
89,"[[(0, 8), (8, 14), (1, 28), (12, 22), (12, 25), (26, 6), (28, 7), (28, 9), (2, 11), (11, 4), (4, 1), (5, 8), (5, 21), (5, 25), (25, 12), (7, 16), (10, 24), (19, 9), (19, 29), (9, 8)]]","[[61.07146599703961, 25.64516681024802, 415.8041435106284, 82.6931711110058, 166.27226871931063, 157.2765330763497, 164.0566323076744, 6.852982121378554, 44.5287439862595, 52.335206123289964, 4.376763090710366, 13.149275517215038, 111.31535312208378, 171.44324283919104, 20.041976797504844, 120.30764546959142, 37.436405174423186, 91.31506936483491, 95.31904457248777, 24.475044715693997]]"
90,"[[(0, 8), (8, 14), (1, 28), (12, 22), (12, 25), (26, 6), (28, 7), (28, 9), (2, 11), (11, 4), (4, 1), (5, 8), (5, 21), (5, 25), (25, 12), (7, 16), (10, 24), (19, 9), (19, 29), (9, 8)]]","[[71.78324434400079, 86.50978066076638, 264.31952909871245, 72.43073106991436, 54.21628100408511, 155.63361243118246, 230.96766081326194, 5.097999017571036, 74.1046026586221, 52.14484011525714, 30.292005150454997, 25.279732770694785, 112.30590655251267, 211.8345188130375, 22.05318905044277, 75.27419279916532, 51.71109971661005, 86.65909316065967, 222.75143816952175, 9.487021432347696]]"
91,"[[(0, 8), (8, 14), (1, 28), (12, 22), (12, 25), (26, 6), (28, 7), (28, 9), (2, 11), (11, 4), (4, 1), (5, 8), (5, 21), (5, 25), (25, 12), (7, 16), (10, 24), (19, 9), (19, 29), (9, 8)]]","[[49.455583230184175, 114.9220922103302, 766.3973296187273, 90.69447810843063, 40.85424963323578, 154.89536901955998, 410.6008149923607, 6.671012085142621, 23.209298004987176, 53.958488034193984, 22.613961360763735, 21.920507804461263, 111.45725265302465, 268.57616160006285, 10.72815047226327, 218.044208816412, 74.5111810139945, 74.41013501664952, 79.0483573106816, 16.239083798086476]]"
92,"[[(0, 8), (8, 14), (1, 28), (12, 22), (12, 25), (26, 6), (28, 7), (28, 9), (2, 11), (11, 4), (4, 1), (5, 8), (5, 21), (5, 25), (25, 12), (7, 16), (10, 24), (19, 9), (19, 29), (9, 8)]]","[[56.203331963874376, 73.17967021159991, 456.68591361300594, 86.7133811173019, 46.323596027575604, 167.3223013396261, 147.1282429644894, 4.937994366963106, 35.273861008004204, 53.89918081069961, 30.623390061866093, 12.348084424851288, 112.20855351019097, 206.584833557649, 15.077891368003469, 110.99280417556457, 50.651960810262636, 89.38615293270553, 124.84706281024526, 22.062000136502217]]"
93,"[[(0, 8), (8, 14), (1, 28), (12, 22), (12, 25), (26, 6), (28, 7), (28, 9), (2, 11), (11, 4), (4, 1), (5, 8), (5, 21), (5, 25), (25, 12), (7, 16), (10, 24), (19, 9), (19, 29), (9, 8)]]","[[44.38208409015428, 87.58520064614001, 621.3919187460806, 80.38660128422327, 143.4091461785061, 171.99221139953946, 434.1626800579684, 4.303773682413374, 24.248870722094637, 53.0767005211402, 18.8065546702937, 30.326262811302424, 111.90531968146826, 324.43965929660584, 20.277537110541747, 234.0365837916075, 58.078047385575694, 74.23133996806686, 80.66110965315349, 28.484628181577143]]"
94,"[[(0, 8), (8, 14), (1, 28), (12, 22), (12, 25), (26, 6), (28, 7), (28, 9), (2, 11), (11, 4), (4, 1), (5, 8), (5, 21), (5, 25), (25, 12), (7, 16), (10, 24), (19, 9), (19, 29), (9, 8)]]","[[79.7634039734493, 180.47497508708565, 649.1100825047956, 92.3144171540429, 47.40660316140125, 171.91464288937914, 312.4327974985692, 12.704169531354458, 60.97754244506088, 52.28514574004721, 20.04125612834649, 12.242902418658067, 111.78130864927087, 183.2955317696099, 12.159146352138857, 93.53035396832306, 82.7890366865528, 61.78115797167015, 132.97314439861316, 8.579845357444803]]"
95,"[[(0, 8), (8, 14), (1, 28), (12, 22), (12, 25), (26, 6), (28, 7), (28, 9), (2, 11), (11, 4), (4, 1), (5, 8), (5, 21), (5, 25), (25, 12), (7, 16), (10, 24), (19, 9), (19, 29), (9, 8)]]","[[45.9886842967218, 42.65589082794179, 750.9181239663715, 84.98165539483986, 53.7988388372499, 181.62004467205054, 460.09051838902604, 10.864890372098083, 54.9755122932805, 52.565541965976614, 27.251067239665627, 11.803665280905223, 112.02841511115773, 121.33031279056547, 25.150798936191496, 166.50843884437882, 35.156380841652904, 106.6465038945709, 247.53961545833442, 23.928042115773792]]"
96,"[[(0, 8), (8, 14), (1, 28), (12, 22), (12, 25), (26, 6), (28, 7), (28, 9), (2, 11), (11, 4), (4, 1), (5, 8), (5, 21), (5, 25), (25, 12), (7, 16), (10, 24), (19, 9), (19, 29), (9, 8)]]","[[93.28871484349241, 72.15362399219936, 244.92943460254105, 88.37922601412787, 142.84262604675666, 172.74379850850332, 128.06820161988594, 14.54766702069054, 69.07909386083128, 53.79788760848547, 4.380562898402738, 6.093475401506769, 112.58142472182253, 217.52611185927233, 11.041456102344686, 203.21127379640188, 81.2170671613883, 8.798643042827452, 97.27303448648505, 18.122834304980845]]"
97,"[[(0, 8), (8, 14), (1, 28), (12, 22), (12, 25), (26, 6), (28, 7), (28, 9), (2, 11), (11, 4), (4, 1), (5, 8), (5, 21), (5, 25), (25, 12), (7, 16), (10, 24), (19, 9), (19, 29), (9, 8)]]","[[44.594048647222294, 119.33324038299493, 592.5865551579258, 72.85253587802556, 166.91147085986856, 180.89413029252376, 118.25064379203161, 13.551427157300179, 81.03644043333694, 53.31623850736425, 29.184605638524125, 31.738904934515382, 112.93528176963348, 244.5600872912622, 14.768413834901963, 282.92652477506334, 68.36861504603247, 35.12272019391661, 147.27493565601566, 23.443856244940118]]"
98,"[[(0, 8), (8, 14), (1, 28), (12, 22), (12, 25), (26, 6), (28, 7), (28, 9), (2, 11), (11, 4), (4, 1), (5, 8), (5, 21), (5, 25), (25, 12), (7, 16), (10, 24), (19, 9), (19, 29), (9, 8)]]","[[76.38766028610047, 154.14650221086254, 704.9220017866086, 88.17606116264307, 73.28699778730936, 173.81052959137318, 512.105918804963, 11.57283427321498, 79.66105967113052, 52.64462292272303, 25.828693717987555, 2.6331612329008496, 111.7700601889032, 205.05968880149254, 17.351906818174108, 55.823824674469364, 32.799938499372914, 99.49053080234398, 200.72561115622528, 12.531730960007124]]"
99,"[[(0, 8), (8, 14), (1, 28), (12, 22), (12, 25), (26, 6), (28, 7), (28, 9), (2, 11), (11, 4), (4, 1), (5, 8), (5, 21), (5, 25), (25, 12), (7, 16), (10, 24), (19, 9), (19, 29), (9, 8)]]","[[76.5567269346963, 162.93929500912296, 544.2018597355976, 86.2663166274275, 117.94046993918914, 180.7321139836356, 384.4046728595158, 12.101765247759316, 32.10742547894251, 52.59295639494429, 22.63847990220671, 15.453855603137752, 112.86921554900401, 273.4416906156421, 21.732217737456835, 80.48335040432492, 25.139681497797064, 32.62104363651217, 101.91050714035823, 27.053643028099312]]"
100,"[[(0, 8), (8, 14), (1, 28), (12, 22), (12, 25), (26, 6), (28, 7), (28, 9), (2, 11), (11, 4), (4, 1), (5, 8), (5, 21), (5, 25), (25, 12), (7, 16), (10, 24), (19, 9), (19, 29), (9, 8)]]","[[61.25297924835856, 75.00579895978802, 644.606542548469, 76.05946985524466, 113.82746807857131, 174.3215376154097, 133.92645837756115, 6.284798065456357, 85.47637437435193, 52.734350767477075, 4.118802110986229, 0.545172410614926, 112.82157335719907, 158.973898909961, 11.745658871229084, 240.48683266057807, 53.26074209136388, 46.304305037421734, 249.45260582140423, 1.6678026119251683]]"
101,"[[(0, 8), (8, 14), (1, 28), (12, 22), (12, 25), (26, 6), (28, 7), (28, 9), (2, 11), (11, 4), (4, 1), (5, 8), (5, 21), (5, 25), (25, 12), (7, 16), (10, 24), (19, 9), (19, 29), (9, 8)]]","[[78.94850630969489, 46.409698343160656, 563.0946523738594, 90.21501688035269, 89.91993579043736, 180.26947825577983, 271.0553357229087, 7.219524042897938, 42.03979582698599, 53.556860588365375, 13.125601236249414, 11.370299003832963, 111.43017931006058, 86.92595919303578, 10.657473633932957, 219.9143998016074, 31.179146484392597, 37.18291643382656, 247.56714517230873, 19.328901887923443]]"
102,"[[(0, 8), (8, 14), (1, 28), (12, 22), (12, 25), (26, 6), (28, 7), (28, 9), (2, 11), (11, 4), (4, 1), (5, 8), (5, 21), (5, 25), (25, 12), (7, 16), (10, 24), (19, 9), (19, 29), (9, 8)]]","[[59.487190343441895, 151.58985546716443, 376.1920402748791, 75.8695376288069, 155.28761104185645, 162.96881254347912, 130.8889958892534, 14.789514493523738, 30.911267720995482, 53.03696135870178, 22.821720394780197, 32.71399349713379, 112.73683308334222, 255.30339222044665, 20.71667332964798, 57.62554076239527, 71.53166785958926, 88.5325788188066, 197.55565655496085, 15.524122612989704]]"
103,"[[(0, 8), (8, 14), (1, 28), (12, 22), (12, 25), (26, 6), (28, 7), (28, 9), (2, 11), (11, 4), (4, 1), (5, 8), (5, 21), (5, 25), (25, 12), (7, 16), (10, 24), (19, 9), (19, 29), (9, 8)]]","[[65.52009981878597, 86.30543266880363, 701.0351413824208, 78.6735225594811, 81.85531561845312, 163.98366189124908, 482.1254233807035, 11.869372216661736, 41.71404053863798, 53.426186681896674, 25.290038775241516, 0.23939700766595706, 111.28944006331221, 123.36507144945831, 10.459861768959211, 121.51061566544014, 23.059555434664667, 26.32554480441181, 91.29375629024557, 26.52185462839072]]"
104,"[[(0, 8), (8, 14), (1, 28), (12, 22), (12, 25), (26, 6), (28, 7), (28, 9), (2, 11), (11, 4), (4, 1), (5, 8), (5, 21), (5, 25), (25, 12), (7, 16), (10, 24), (19, 9), (19, 29), (9, 8)]]","[[42.95153139958309, 98.25923205494303, 277.49082421479864, 76.57681299924107, 110.5871027960758, 165.45064520083415, 314.8584363224218, 7.543734688234094, 76.47536134449481, 53.49425258158695, 6.270785759301763, 5.160076985328628, 111.31131606663135, 248.31573575879077, 12.162571992967735, 175.29407370332362, 83.29540205005246, 111.07786303685529, 180.78478692386906, 7.287734652835507]]"
105,"[[(0, 8), (8, 14), (1, 28), (12, 22), (12, 25), (26, 6), (28, 7), (28, 9), (2, 11), (11, 4), (4, 1), (5, 8), (5, 21), (5, 25), (25, 12), (7, 16), (10, 24), (19, 9), (19, 29), (9, 8)]]","[[64.05867186945267, 62.87851007847597, 347.9385128081897, 84.70009922200151, 78.69492115110916, 167.08107413187264, 300.63536565567324, 9.820918400818636, 61.4775460603211, 52.46433631580348, 18.65495155152864, 1.147467912125546, 112.82863340127567, 173.37236886281107, 16.02305027532066, 257.2882812656153, 29.366442400625154, 36.067294640494275, 57.99627843409888, 4.980949872081506]]"
106,"[[(0, 8), (8, 14), (1, 28), (12, 22), (12, 25), (26, 6), (28, 7), (28, 9), (2, 11), (11, 4), (4, 1), (5, 8), (5, 21), (5, 25), (25, 12), (7, 16), (10, 24), (19, 9), (19, 29), (9, 8)]]","[[78.47936531322097, 172.19546914462512, 337.82105882839346, 72.30246872017308, 116.11751618095914, 180.26672222207662, 535.3648495300224, 12.640349528039145, 24.130904487964635, 53.9272577256928, 29.51076157706429, 7.118797590428407, 111.37262239330285, 232.12772930032273, 22.74007302596364, 187.39480305711294, 62.44158741982971, 93.84370903025527, 123.04254472320133, 31.466284173870054]]"
107,"[[(0, 8), (8, 14), (1, 28), (12, 22), (12, 25), (26, 6), (28, 7), (28, 9), (2, 11), (11, 4), (4, 1), (5, 8), (5, 21), (5, 25), (25, 12), (7, 16), (10, 24), (19, 9), (19, 29), (9, 8)]]","[[51.45669847697228, 135.96863322282957, 515.144113794564, 79.03954865870102, 40.38707382832124, 166.29874101185385, 102.41604585915793, 9.643563757471302, 57.5261885301776, 52.215753766663084, 18.65878521486207, 16.464901604206, 111.90923121941252, 335.6909178377043, 22.24665902927483, 130.3620004490304, 69.21245681346777, 105.03212933534627, 160.51329457038105, 14.32582602718874]]"
108,"[[(0, 8), (8, 14), (1, 28), (12, 22), (12, 25), (26, 6), (28, 7), (28, 9), (2, 11), (11, 4), (4, 1), (5, 8), (5, 21), (5, 25), (25, 12), (7, 16), (10, 24), (19, 9), (19, 29), (9, 8)]]","[[76.34496505084869, 37.05090476990076, 316.3147288474905, 72.01853637192524, 76.19347560270737, 179.7129800597173, 316.2500889519671, 15.276627527559853, 57.639032810229054, 52.22556041410831, 6.056579050316784, 26.088193305414585, 112.57080405525225, 339.46314926101115, 10.745712980486902, 301.2091626578508, 29.39104064598391, 49.3915811710457, 183.67079770957275, 21.58083517814896]]"
109,"[[(0, 8), (8, 14), (1, 28), (12, 22), (12, 25), (26, 6), (28, 7), (28, 9), (2, 11), (11, 4), (4, 1), (5, 8), (5, 21), (5, 25), (25, 12), (7, 16), (10, 24), (19, 9), (19, 29), (9, 8)]]","[[65.61213166956331, 139.64366605481075, 370.6708538364488, 84.1822234367392, 56.02355028243241, 181.2727871643694, 303.33530573543123, 10.589282282439035, 28.364352962463705, 52.45157648923135, 6.4298741768251375, 23.023116078240996, 112.3834660812664, 296.1762575449411, 14.795758576371094, 140.00669002264522, 70.56009909680833, 104.46902840937008, 215.4234016244779, 15.859116946766061]]"
110,"[[(0, 8), (8, 14), (1, 28), (12, 22), (12, 25), (26, 6), (28, 7), (28, 9), (2, 11), (11, 4), (4, 1), (5, 8), (5, 21), (5, 25), (25, 12), (7, 16), (10, 24), (19, 9), (19, 29), (9, 8)]]","[[83.6049119346916, 172.04358422924733, 710.1104210699248, 80.81184670053587, 152.89578651869397, 155.21800592117253, 540.4963502134505, 4.745365436811333, 54.97619520494381, 52.62875830269109, 18.34965690968607, 4.780606198380253, 111.97327498036006, 136.45958332355096, 23.13313830376793, 182.1208997417594, 36.985327211964126, 54.8340236182882, 208.7808486370426, 6.065084514490447]]"
111,"[[(0, 8), (8, 14), (1, 28), (12, 22), (12, 25), (26, 6), (28, 7), (28, 9), (2, 11), (11, 4), (4, 1), (5, 8), (5, 21), (5, 25), (25, 12), (7, 16), (10, 24), (19, 9), (19, 29), (9, 8)]]","[[81.39609177302452, 165.0824318281931, 611.610186357691, 77.80044626041693, 68.00321794121818, 157.38405567152176, 368.51182327718055, 7.051068265379867, 40.37371744609124, 53.47168397829078, 15.453812149132686, 12.431381553402776, 111.28393458742237, 174.63493083192185, 15.742589054724453, 182.41704485526282, 74.27805308528043, 99.55662616399044, 220.51471601954864, 16.133927319834537]]"
112,"[[(0, 8), (8, 14), (1, 28), (12, 22), (12, 25), (26, 6), (28, 7), (28, 9), (2, 11), (11, 4), (4, 1), (5, 8), (5, 21), (5, 25), (25, 12), (7, 16), (10, 24), (19, 9), (19, 29), (9, 8)]]","[[47.175127479383704, 60.535604262277985, 792.6266991798101, 87.27626475901822, 114.85428730599462, 165.6532324386711, 301.0142642349844, 16.49473182336832, 38.52354197607475, 53.38131209083079, 10.098797685703957, 21.61678051958978, 111.39514067734117, 160.35252422705983, 21.092931623435167, 220.33055554331207, 55.754154033512606, 74.32890881773619, 82.60827512096421, 29.2490161552394]]"
113,"[[(0, 8), (8, 14), (1, 28), (12, 22), (12, 25), (26, 6), (28, 7), (28, 9), (2, 11), (11, 4), (4, 1), (5, 8), (5, 21), (5, 25), (25, 12), (7, 16), (10, 24), (19, 9), (19, 29), (9, 8)]]","[[45.11826616881198, 63.43799527055915, 597.0197198933122, 82.73137846095551, 107.31661749280292, 179.7352264704139, 458.4943500453258, 12.86514021092246, 56.59771152926639, 52.17176613245998, 20.230251963257118, 24.502611950432957, 111.72658905596393, 183.58490547161932, 20.33630347078686, 177.2706424808829, 52.2232128380181, 95.61642666714332, 90.09128583171733, 9.7676553989694]]"
114,"[[(0, 8), (8, 14), (1, 28), (12, 22), (12, 25), (26, 6), (28, 7), (28, 9), (2, 11), (11, 4), (4, 1), (5, 8), (5, 21), (5, 25), (25, 12), (7, 16), (10, 24), (19, 9), (19, 29), (9, 8)]]","[[68.82898821247142, 19.814244393888906, 344.38274959181774, 89.772559888372, 163.82297698535913, 181.79951104684977, 585.6867356176051, 15.44471040324388, 22.608839832720122, 52.88704116787976, 19.03159938374828, 34.41354065079092, 112.3354997558096, 310.04296084113105, 23.295405526299326, 282.8647082384713, 52.67605929921439, 102.15511780246578, 154.66263842442066, 19.83726853835689]]"
115,"[[(0, 8), (8, 14), (1, 28), (12, 22), (12, 25), (26, 6), (28, 7), (28, 9), (2, 11), (11, 4), (4, 1), (5, 8), (5, 21), (5, 25), (25, 12), (7, 16), (10, 24), (19, 9), (19, 29), (9, 8)]]","[[65.31007657559255, 26.776397004917524, 444.5698227884791, 87.56936885845855, 129.82647036056414, 177.74220590209922, 190.7799232479334, 6.173282468288518, 81.28350861318214, 53.82900157867344, 23.838964825553077, 25.482741559877034, 112.97450669228782, 215.66788644055455, 14.62760103838511, 13.215569506679412, 43.93842960988767, 31.812924265722714, 225.26938882055, 21.1679174387825]]"
116,"[[(0, 8), (8, 14), (1, 28), (12, 22), (12, 25), (26, 6), (28, 7), (28, 9), (2, 11), (11, 4), (4, 1), (5, 8), (5, 21), (5, 25), (25, 12), (7, 16), (10, 24), (19, 9), (19, 29), (9, 8)]]","[[92.52033899483382, 138.22088712662452, 348.228290593627, 80.78796154829435, 164.29506942859004, 152.88093486472252, 190.92117667455102, 7.665123248917302, 32.83755241368779, 52.577662472981515, 4.427038710313733, 1.9449503629754377, 112.21827956999454, 290.0090235306081, 19.20199390293559, 193.84219411456309, 83.88443608552257, 108.11192458303663, 222.94324543027525, 25.06334097633123]]"
117,"[[(0, 8), (8, 14), (1, 28), (12, 22), (12, 25), (26, 6), (28, 7), (28, 9), (2, 11), (11, 4), (4, 1), (5, 8), (5, 21), (5, 25), (25, 12), (7, 16), (10, 24), (19, 9), (19, 29), (9, 8)]]","[[42.33399942310068, 93.42069212664245, 769.2317500156281, 72.61766052678799, 114.95694923563696, 176.6510230737446, 182.69237718878776, 16.61713536211454, 44.59736384151032, 53.82525763352588, 21.445225093922236, 30.269426296399935, 112.83912836305497, 289.95983472569026, 23.866575884518724, 12.643736531405807, 56.64867891094922, 103.09315865370533, 60.06886303241592, 18.218452086927552]]"
118,"[[(0, 8), (8, 14), (1, 28), (12, 22), (12, 25), (26, 6), (28, 7), (28, 9), (2, 11), (11, 4), (4, 1), (5, 8), (5, 21), (5, 25), (25, 12), (7, 16), (10, 24), (19, 9), (19, 29), (9, 8)]]","[[75.2559105126337, 27.144256044836027, 758.0389267000786, 84.4067295383785, 146.67267537527775, 161.96263823478137, 577.087190601665, 3.024688649476986, 22.56337214957339, 53.92614387259612, 12.947353327186146, 10.445622849062664, 111.54912602238103, 127.66106332885738, 13.278318298259471, 297.8220878849796, 45.880253184831396, 63.38092628349345, 91.57895238686544, 29.69328426686886]]"
119,"[[(0, 8), (8, 14), (1, 28), (12, 22), (12, 25), (26, 6), (28, 7), (28, 9), (2, 11), (11, 4), (4, 1), (5, 8), (5, 21), (5, 25), (25, 12), (7, 16), (10, 24), (19, 9), (19, 29), (9, 8)]]","[[38.7307527233924, 125.03601823188947, 254.43650661182653, 72.5396070816958, 82.84057332837563, 171.3614462026213, 55.98019165777956, 11.166530747328979, 58.10422493867859, 53.40492934206839, 13.793378750079839, 16.828508518480476, 112.61449959058868, 152.5305139017458, 21.886725514449374, 244.59732327233186, 66.0682342763069, 13.522199066598196, 155.93270394980232, 26.78095210657668]]"
120,"[[(0, 8), (8, 14), (1, 28), (12, 22), (12, 25), (26, 6), (28, 7), (28, 9), (2, 11), (11, 4), (4, 1), (5, 8), (5, 21), (5, 25), (25, 12), (7, 16), (10, 24), (19, 9), (19, 29), (9, 8)]]","[[73.78960731635865, 96.0564438910331, 466.8673916837204, 92.50679089179833, 81.40184627329116, 174.07900099410034, 81.25352222622696, 13.14100359276432, 58.4910839745822, 53.69489821233633, 21.048197193265455, 0.2903379439336464, 111.80075942687898, 129.37921523647015, 14.767191468386724, 189.5406872065868, 76.5161179149375, 102.24952489747568, 235.75377800828946, 13.861153618348482]]"
121,"[[(0, 8), (8, 14), (1, 28), (12, 22), (12, 25), (26, 6), (28, 7), (28, 9), (2, 11), (11, 4), (4, 1), (5, 8), (5, 21), (5, 25), (25, 12), (7, 16), (10, 24), (19, 9), (19, 29), (9, 8)]]","[[84.87501467672874, 26.166756544679174, 235.931805911993, 87.12758739426307, 75.56885384727623, 161.98931900727047, 129.6247887762818, 3.2451138402280035, 76.43468227144805, 52.11375974780134, 19.255774563368835, 15.877868322245938, 112.81537326873526, 257.5068763046279, 20.262952477704726, 248.9486443799668, 60.378014382531205, 84.18082528299541, 93.04950011748684, 19.49451353209041]]"
122,"[[(0, 8), (8, 14), (1, 28), (12, 22), (12, 25), (26, 6), (28, 7), (28, 9), (2, 11), (11, 4), (4, 1), (5, 8), (5, 21), (5, 25), (25, 12), (7, 16), (10, 24), (19, 9), (19, 29), (9, 8)]]","[[85.56748140066985, 144.41316736526102, 420.95189837977523, 83.3466268792643, 50.72754269231082, 174.2189473709758, 331.2953042735073, 5.119148130932387, 69.62367171250169, 52.42675628436502, 17.968375827601932, 22.331446233577, 111.44201544007298, 229.86644790853782, 12.128995448038916, 33.107865467985675, 23.176455884228645, 88.1608279839228, 109.46600621952123, 8.937470956917732]]"
123,"[[(0, 8), (8, 14), (1, 28), (12, 22), (12, 25), (26, 6), (28, 7), (28, 9), (2, 11), (11, 4), (4, 1), (5, 8), (5, 21), (5, 25), (25, 12), (7, 16), (10, 24), (19, 9), (19, 29), (9, 8)]]","[[38.17402482552579, 175.8948674261192, 548.6907296349048, 75.58370548278293, 48.99033712727012, 169.1018044669365, 418.9831718349608, 10.954304485377234, 42.26318163078542, 53.72628142666809, 21.59471700720762, 7.909228063146167, 112.54093535889984, 183.33850662596672, 10.650389958851449, 191.13651403362238, 81.67793474799262, 51.002775205951274, 96.43691139720636, 18.649948057269526]]"
124,"[[(0, 8), (8, 14), (1, 28), (12, 22), (12, 25), (26, 6), (28, 7), (28, 9), (2, 11), (11, 4), (4, 1), (5, 8), (5, 21), (5, 25), (25, 12), (7, 16), (10, 24), (19, 9), (19, 29), (9, 8)]]","[[43.13942799672495, 60.49436801202418, 548.6263251809114, 86.36313113875745, 157.1451465222031, 156.14767647348728, 199.22763710987374, 6.374890956341839, 81.53596944160516, 53.84055473554981, 9.845251167824168, 23.02996385115498, 112.84523234122241, 311.8189859909071, 13.294406455958784, 224.26830978835523, 39.007447450253, 117.20610546072453, 95.60381175069469, 8.026456128132125]]"
125,"[[(0, 8), (8, 14), (1, 28), (12, 22), (12, 25), (26, 6), (28, 7), (28, 9), (2, 11), (11, 4), (4, 1), (5, 8), (5, 21), (5, 25), (25, 12), (7, 16), (10, 24), (19, 9), (19, 29), (9, 8)]]","[[40.446477868444866, 135.1860815557286, 331.74539740126227, 72.23661946052795, 85.65912892294068, 163.97316140783462, 392.3071286286376, 3.495227573524918, 29.39115705157775, 53.42032724975408, 6.955416580619837, 35.67937407470063, 111.91868767313882, 173.56555599243865, 25.14300055078063, 54.134147385158286, 40.173380891693, 77.74840281315595, 75.91330567792471, 22.50252928210795]]"
126,"[[(0, 8), (8, 14), (1, 28), (12, 22), (12, 25), (26, 6), (28, 7), (28, 9), (2, 11), (11, 4), (4, 1), (5, 8), (5, 21), (5, 25), (25, 12), (7, 16), (10, 24), (19, 9), (19, 29), (9, 8)]]","[[79.79464808217254, 97.5956226758087, 365.56163027955336, 87.02997672817247, 33.95734944730559, 152.04633228496414, 262.5840318521189, 5.889193514035789, 38.71509923242467, 52.131787771139734, 16.2027541828408, 10.430821568953856, 111.01477967904903, 309.6371034310732, 25.655064446966044, 134.00105138186024, 40.44119683503938, 94.00559373369228, 144.240233347835, 10.295913220877459]]"
127,"[[(0, 8), (8, 14), (1, 28), (12, 22), (12, 25), (26, 6), (28, 7), (28, 9), (2, 11), (11, 4), (4, 1), (5, 8), (5, 21), (5, 25), (25, 12), (7, 16), (10, 24), (19, 9), (19, 29), (9, 8)]]","[[92.87117229318476, 126.97037513762743, 238.94766979450787, 74.18597677070339, 60.777472805871625, 156.97971332000003, 505.4700715460274, 12.237973724033399, 77.42240425444696, 52.34005122435136, 12.276520242742597, 19.545730473354375, 112.34680553737927, 125.8413018962846, 23.257383225274296, 301.63475880533315, 80.65669614024661, 79.71668965698784, 238.3977291826065, 13.424001483112999]]"
128,"[[(0, 8), (8, 14), (1, 28), (12, 22), (12, 25), (26, 6), (28, 7), (28, 9), (2, 11), (11, 4), (4, 1), (5, 8), (5, 21), (5, 25), (25, 12), (7, 16), (10, 24), (19, 9), (19, 29), (9, 8)]]","[[88.77585396168496, 122.4477409982179, 332.9591458971424, 89.99895683969906, 96.32202680316516, 157.49048844346018, 500.2187338468947, 10.26904954925358, 37.985142056956704, 53.75766034257795, 11.448570118074105, 6.6525207966799105, 111.39715300239716, 141.29780968011372, 24.645224705374936, 21.476129185993727, 46.45571392578513, 31.285799361390357, 195.0973737324496, 15.82228613927424]]"
129,"[[(0, 8), (8, 14), (1, 28), (12, 22), (12, 25), (26, 6), (28, 7), (28, 9), (2, 11), (11, 4), (4, 1), (5, 8), (5, 21), (5, 25), (25, 12), (7, 16), (10, 24), (19, 9), (19, 29), (9, 8)]]","[[28.072197127203957, 52.45475051378834, 274.2931076431905, 76.66451556127839, 56.65129214074127, 180.23246495739548, 470.7718130240116, 3.0557000532284926, 28.666546008207277, 52.5437088579522, 27.640001289653632, 22.257013776839575, 112.15000481606232, 145.14358434025453, 15.270346178796764, 319.01605563342804, 62.52747374614778, 110.73656367648836, 228.07365558212905, 29.41753622640878]]"
130,"[[(0, 8), (8, 14), (1, 28), (12, 22), (12, 25), (26, 6), (28, 7), (28, 9), (2, 11), (11, 4), (4, 1), (5, 8), (5, 21), (5, 25), (25, 12), (7, 16), (10, 24), (19, 9), (19, 29), (9, 8)]]","[[61.909671527223985, 159.131931699162, 234.54267122660502, 74.5334805223798, 93.73241451215348, 180.66893162374805, 181.05000111925082, 11.174900270564859, 54.52762407017838, 53.32952652124451, 28.36070045338201, 35.556717874330474, 111.52848367457405, 115.40343359782727, 24.714703803249996, 220.18216713262962, 41.31474197625954, 86.01309027422111, 257.4758169472109, 28.487774966776914]]"
131,"[[(0, 8), (8, 14), (1, 28), (12, 22), (12, 25), (26, 6), (28, 7), (28, 9), (2, 11), (11, 4), (4, 1), (5, 8), (5, 21), (5, 25), (25, 12), (7, 16), (10, 24), (19, 9), (19, 29), (9, 8)]]","[[65.1835734462465, 73.79948026318343, 349.0064427586367, 84.57806500668896, 54.16413946402284, 158.44359024712648, 566.2509076985729, 11.20992813227003, 44.342705444942084, 53.22290284609335, 24.248827226550247, 17.523130587489018, 111.86923348185546, 173.19510199643798, 20.147227745940846, 136.57854353662927, 60.41560210493249, 61.09708300376785, 244.1050247919068, 26.01881194186779]]"
132,"[[(0, 8), (8, 14), (1, 28), (12, 22), (12, 25), (26, 6), (28, 7), (28, 9), (2, 11), (11, 4), (4, 1), (5, 8), (5, 21), (5, 25), (25, 12), (7, 16), (10, 24), (19, 9), (19, 29), (9, 8)]]","[[51.629541545003704, 44.626040746593716, 663.2046769349434, 90.92352712802932, 129.74002706370896, 161.01896439585823, 71.85589283516819, 9.330202575035692, 68.52142032215276, 52.64541643822639, 21.949473116099902, 17.29254886282224, 112.60804961256432, 205.5593133642684, 23.65331761244044, 225.29252488291345, 61.15496707879457, 54.05686191860513, 139.43717082883086, 21.55794286606243]]"
133,"[[(0, 8), (8, 14), (1, 28), (12, 22), (12, 25), (26, 6), (28, 7), (28, 9), (2, 11), (11, 4), (4, 1), (5, 8), (5, 21), (5, 25), (25, 12), (7, 16), (10, 24), (19, 9), (19, 29), (9, 8)]]","[[39.06414861387579, 98.73111784142637, 344.3685776178515, 88.64737016344331, 65.02385219252002, 176.894658977562, 486.83003805538146, 15.850084984081132, 22.6750825376836, 53.67642207670618, 25.699908288334584, 35.36499352938251, 112.55846916892585, 312.8746653943384, 23.206870891335477, 139.22288312948947, 50.23144638901217, 75.31087327962486, 195.73992939316102, 27.562239297646205]]"
134,"[[(0, 8), (8, 14), (1, 28), (12, 22), (12, 25), (26, 6), (28, 7), (28, 9), (2, 11), (11, 4), (4, 1), (5, 8), (5, 21), (5, 25), (25, 12), (7, 16), (10, 24), (19, 9), (19, 29), (9, 8)]]","[[78.33116608559709, 44.23877556041871, 255.52732250770958, 75.01298726261798, 111.72643539729121, 155.66722187908712, 122.988795938564, 16.34581906221198, 69.77593549854171, 52.93228422721606, 19.478172641669115, 17.942787210844102, 111.15502391249605, 319.5155684135537, 15.07233131869585, 315.0452386396689, 55.88830546975045, 13.803228181279948, 95.45574379092572, 15.804860329051845]]"
135,"[[(0, 8), (8, 14), (1, 28), (12, 22), (12, 25), (26, 6), (28, 7), (28, 9), (2, 11), (11, 4), (4, 1), (5, 8), (5, 21), (5, 25), (25, 12), (7, 16), (10, 24), (19, 9), (19, 29), (9, 8)]]","[[40.822888448802246, 151.48873933205016, 251.40045760501036, 90.100111836617, 93.32673280960583, 179.86733902691617, 306.34164223211536, 9.754934791345544, 43.85736525693107, 52.12216812281567, 29.02605056563719, 24.75297397530695, 112.45721344459363, 181.6243754235407, 14.986262537859686, 67.37727210639596, 80.13455584703306, 83.62908557266609, 176.35598693962072, 2.932454331304939]]"
136,"[[(0, 8), (8, 14), (1, 28), (12, 22), (12, 25), (26, 6), (28, 7), (28, 9), (2, 11), (11, 4), (4, 1), (5, 8), (5, 21), (5, 25), (25, 12), (7, 16), (10, 24), (19, 9), (19, 29), (9, 8)]]","[[55.82507406987121, 35.24478355111307, 398.1088169881733, 76.30857401357602, 104.41178304883638, 180.61696348759352, 510.5258510699896, 14.23880336810449, 83.38456090124106, 53.70115385506709, 21.487582573883916, 13.154625003328935, 112.4274556535563, 318.96265816823416, 18.602147913501042, 249.73178510585078, 72.09219272054904, 109.47112134098279, 263.9609496458189, 23.34168220446518]]"
137,"[[(0, 8), (8, 14), (1, 28), (12, 22), (12, 25), (26, 6), (28, 7), (28, 9), (2, 11), (11, 4), (4, 1), (5, 8), (5, 21), (5, 25), (25, 12), (7, 16), (10, 24), (19, 9), (19, 29), (9, 8)]]","[[43.96002016997204, 48.50715365709892, 274.0389907204375, 90.73165403804411, 38.07579402117575, 163.12586722133793, 579.4354407964793, 11.894160798399762, 77.787575313466, 52.863207997129685, 28.762950163050395, 19.12522538726337, 112.98058568354392, 165.61457589070767, 12.802604900916581, 199.6358897883823, 34.44506827017034, 72.47299980786127, 186.4046172743714, 27.914826247749687]]"
138,"[[(0, 8), (8, 14), (1, 28), (12, 22), (12, 25), (26, 6), (28, 7), (28, 9), (2, 11), (11, 4), (4, 1), (5, 8), (5, 21), (5, 25), (25, 12), (7, 16), (10, 24), (19, 9), (19, 29), (9, 8)]]","[[57.75796672692023, 101.5024218666931, 234.39154526960814, 89.75807811313052, 71.9008802580667, 164.78905822863118, 34.92167012413073, 12.088130619499019, 61.34700573870239, 52.23712373941271, 9.84513192467696, 35.39134156044308, 111.83279019624105, 133.28924772926388, 13.966145832632694, 23.572078132211736, 79.82763061348118, 103.63170353424901, 235.5738931256365, 1.8343967399872874]]"
139,"[[(0, 8), (8, 14), (1, 28), (12, 22), (12, 25), (26, 6), (28, 7), (28, 9), (2, 11), (11, 4), (4, 1), (5, 8), (5, 21), (5, 25), (25, 12), (7, 16), (10, 24), (19, 9), (19, 29), (9, 8)]]","[[61.76484564430942, 108.96668854684044, 535.2087954325973, 85.3517379249175, 122.07536273766372, 180.50838161349378, 357.46889972329905, 14.440609685930578, 51.40106702271827, 53.03630713189189, 18.847898060757935, 3.7124542318765537, 111.69337735373264, 157.76232549414055, 18.04422849439382, 244.16513408750342, 36.17601997645, 65.40434690776283, 206.94095453010635, 15.711189179422334]]"
140,"[[(0, 8), (8, 14), (1, 28), (12, 22), (12, 25), (26, 6), (28, 7), (28, 9), (2, 11), (11, 4), (4, 1), (5, 8), (5, 21), (5, 25), (25, 12), (7, 16), (10, 24), (19, 9), (19, 29), (9, 8)]]","[[29.14516845517751, 122.85765216573547, 603.0622849468903, 77.78580064804862, 113.30317969018678, 156.14977776505572, 531.1131859150141, 6.921705449536313, 46.63551483688281, 53.60093000882276, 26.94207249452517, 31.626150296693158, 112.04091378271221, 320.70204069472936, 19.598636168768742, 56.501451447294855, 33.64154885447118, 77.27563505147484, 210.87213946558762, 27.66211101156024]]"
141,"[[(0, 8), (8, 14), (1, 28), (12, 22), (12, 25), (26, 6), (28, 7), (28, 9), (2, 11), (11, 4), (4, 1), (5, 8), (5, 21), (5, 25), (25, 12), (7, 16), (10, 24), (19, 9), (19, 29), (9, 8)]]","[[29.269693327979773, 176.31786352953608, 373.76582035533227, 83.25567314678229, 61.36395697868308, 172.0919148591291, 335.7921355019998, 16.968522137483824, 44.38742643448296, 53.76164352131106, 12.622074709178028, 15.96942628407824, 112.64984613170317, 317.50777198313153, 17.176639866941684, 246.6060685541773, 56.010448342063064, 43.560092701316044, 142.81820079264247, 2.517595777690392]]"
142,"[[(0, 8), (8, 14), (1, 28), (12, 22), (12, 25), (26, 6), (28, 7), (28, 9), (2, 11), (11, 4), (4, 1), (5, 8), (5, 21), (5, 25), (25, 12), (7, 16), (10, 24), (19, 9), (19, 29), (9, 8)]]","[[35.886944433489276, 46.83506700837938, 614.9968016016855, 76.48540297124704, 144.19688465420495, 164.3990802092103, 56.283594975010644, 13.077306526548439, 24.010874708299234, 52.988177258669666, 22.066589596796174, 17.609928414317473, 112.87179767515221, 180.16652894186979, 23.764400668708447, 147.35024050298242, 78.28040660418986, 28.39853479653128, 203.08186147738266, 16.406030982264966]]"
143,"[[(0, 8), (8, 14), (1, 28), (12, 22), (12, 25), (26, 6), (28, 7), (28, 9), (2, 11), (11, 4), (4, 1), (5, 8), (5, 21), (5, 25), (25, 12), (7, 16), (10, 24), (19, 9), (19, 29), (9, 8)]]","[[58.8847227198497, 93.98694522075164, 728.8161540188084, 88.94245577056103, 120.0532570447674, 176.06278831483573, 519.4823443731086, 11.339568532128467, 72.37924720058388, 52.40467538778255, 27.110104440960217, 19.414758519910226, 111.41866766324526, 203.11040901623346, 22.232110334320566, 110.15731002309089, 68.64930677213667, 107.94668620461275, 114.1343701045822, 6.714231195351591]]"
144,"[[(0, 8), (8, 14), (1, 28), (12, 22), (12, 25), (26, 6), (28, 7), (28, 9), (2, 11), (11, 4), (4, 1), (5, 8), (5, 21), (5, 25), (25, 12), (7, 16), (10, 24), (19, 9), (19, 29), (9, 8)]]","[[47.189985686779366, 182.15965076128884, 402.5317173189235, 78.59232733896134, 112.40516831310512, 152.74978186942315, 205.1824054022239, 9.051393174181449, 74.47537216944347, 52.47933127747679, 20.49892136825477, 1.9486837645271584, 112.68056384116062, 308.7106072017169, 22.64255105291786, 321.0609306769361, 80.39582012711298, 93.64242189727243, 184.10092284535938, 27.328335533595524]]"
145,"[[(0, 8), (8, 14), (1, 28), (12, 22), (12, 25), (26, 6), (28, 7), (28, 9), (2, 11), (11, 4), (4, 1), (5, 8), (5, 21), (5, 25), (25, 12), (7, 16), (10, 24), (19, 9), (19, 29), (9, 8)]]","[[85.44858295267566, 92.49718361552837, 394.81805386847316, 82.7775411758819, 81.4344004613313, 159.7976969077631, 517.6084162434245, 7.417441759861296, 84.89189654101, 53.951130674436286, 19.64460496192312, 35.06458162191924, 112.39280666253434, 312.89423268556504, 21.068281655058467, 238.05888740961595, 42.8183494703911, 67.17927828962749, 181.68966427296616, 22.732442704966584]]"
146,"[[(0, 8), (8, 14), (1, 28), (12, 22), (12, 25), (26, 6), (28, 7), (28, 9), (2, 11), (11, 4), (4, 1), (5, 8), (5, 21), (5, 25), (25, 12), (7, 16), (10, 24), (19, 9), (19, 29), (9, 8)]]","[[61.88929063382044, 27.605248807118034, 339.6658278220482, 89.37192563829281, 99.2124448640828, 168.4305370035345, 517.0926778654966, 13.046632028652578, 28.823884462914158, 52.7734467730084, 28.920615110974538, 15.04178671874616, 111.02523034899366, 133.92310684680322, 24.980356172701384, 46.834179166932, 24.323025748735475, 38.851635608912474, 204.53661816326237, 18.05881945307981]]"
147,"[[(0, 8), (8, 14), (1, 28), (12, 22), (12, 25), (26, 6), (28, 7), (28, 9), (2, 11), (11, 4), (4, 1), (5, 8), (5, 21), (5, 25), (25, 12), (7, 16), (10, 24), (19, 9), (19, 29), (9, 8)]]","[[41.97977280033027, 63.50421864626644, 272.82538872938943, 88.90479296399982, 53.221870651725226, 179.00304652622683, 205.44282115847028, 15.01500289066129, 46.92773247965673, 52.40937226584448, 10.712628580194762, 12.60679571786487, 111.75200210642362, 178.74903438990987, 25.285897893564865, 197.28418027062594, 59.261148026981644, 55.26950805749506, 108.07851034588234, 32.393555354484306]]"
148,"[[(0, 8), (8, 14), (1, 28), (12, 22), (12, 25), (26, 6), (28, 7), (28, 9), (2, 11), (11, 4), (4, 1), (5, 8), (5, 21), (5, 25), (25, 12), (7, 16), (10, 24), (19, 9), (19, 29), (9, 8)]]","[[53.216764047549724, 29.53930725792924, 729.0636735424969, 85.08502095025885, 43.15473679694143, 168.0069419499768, 192.55720287534035, 5.492953001902713, 49.922957777024884, 53.11518461328688, 28.600342077920338, 12.064454819661618, 112.32453656646364, 243.5595214388999, 19.568089854007205, 219.31881301321826, 52.771795939201326, 58.737040721449524, 261.88832626755493, 12.854093733904577]]"
149,"[[(0, 8), (8, 14), (1, 28), (12, 22), (12, 25), (26, 6), (28, 7), (28, 9), (2, 11), (11, 4), (4, 1), (5, 8), (5, 21), (5, 25), (25, 12), (7, 16), (10, 24), (19, 9), (19, 29), (9, 8)]]","[[89.7760838209674, 106.40780533102992, 754.3726191528052, 91.1238232169529, 71.25277702436026, 163.2109489282062, 414.83842384251227, 5.146195230991563, 65.03164429774768, 53.57977684595201, 4.278929379091077, 22.487186895959148, 112.71232252382204, 235.43709853836128, 12.281799681602847, 224.49740165529735, 55.782590247300874, 90.123168296458, 229.422644267643, 25.608116975725405]]"
150,"[[(0, 8), (8, 14), (1, 28), (12, 22), (12, 25), (26, 6), (28, 7), (28, 9), (2, 11), (11, 4), (4, 1), (5, 8), (5, 21), (5, 25), (25, 12), (7, 16), (10, 24), (19, 9), (19, 29), (9, 8)]]","[[70.15758393445046, 88.51169877309289, 772.5070113772258, 82.2081497706488, 149.25944851261744, 164.75152079161728, 101.74448114716084, 4.716709667044967, 35.6104044443453, 53.959470666631184, 6.941263211059665, 24.913308768345075, 112.09757628379737, 267.3038195513536, 23.83744594528087, 48.2034441205502, 28.79615435859485, 96.61440677511766, 221.13586166930867, 5.077210562106313]]"
151,"[[(0, 8), (8, 14), (1, 28), (12, 22), (12, 25), (26, 6), (28, 7), (28, 9), (2, 11), (11, 4), (4, 1), (5, 8), (5, 21), (5, 25), (25, 12), (7, 16), (10, 24), (19, 9), (19, 29), (9, 8)]]","[[67.41506091499213, 45.86495522157538, 548.5370788133425, 79.03223753258237, 160.18875400669242, 178.8260305832548, 437.1815745886933, 8.907950688957193, 56.40316397304586, 53.73740367727039, 19.52413913225756, 28.07864542012893, 111.53688400625627, 149.05147140251177, 16.750187621011932, 272.54550440151706, 46.77527688629062, 92.12816258199254, 146.66339100811422, 17.592762000217267]]"
152,"[[(0, 8), (8, 14), (1, 28), (12, 22), (12, 25), (26, 6), (28, 7), (28, 9), (2, 11), (11, 4), (4, 1), (5, 8), (5, 21), (5, 25), (25, 12), (7, 16), (10, 24), (19, 9), (19, 29), (9, 8)]]","[[32.21786318796386, 38.69740552638089, 276.2186463893356, 76.13938213582959, 97.5073725576559, 152.7508097398644, 41.808293153449505, 6.9100319917032085, 56.13744974316515, 52.06893695726573, 12.631048547358231, 23.772439310459593, 111.80570894596721, 240.8984269304493, 10.330919867334035, 197.39078967787606, 51.13476890134912, 70.39661587456774, 193.9222583244067, 5.629105655210537]]"
153,"[[(0, 8), (8, 14), (1, 28), (12, 22), (12, 25), (26, 6), (28, 7), (28, 9), (2, 11), (11, 4), (4, 1), (5, 8), (5, 21), (5, 25), (25, 12), (7, 16), (10, 24), (19, 9), (19, 29), (9, 8)]]","[[44.8274744899835, 34.86254866553311, 784.0216344519459, 81.41402640067204, 73.33239364551066, 162.8802736126857, 364.5869285584696, 12.161384288943067, 30.713854487314855, 52.320689612768064, 29.286663383596377, 26.18203411662683, 112.17353291194705, 169.36765387956137, 20.192984816204735, 167.27698910458116, 49.48533381053244, 52.70671302008485, 145.68122931637689, 15.62459751343387]]"
154,"[[(0, 8), (8, 14), (1, 28), (12, 22), (12, 25), (26, 6), (28, 7), (28, 9), (2, 11), (11, 4), (4, 1), (5, 8), (5, 21), (5, 25), (25, 12), (7, 16), (10, 24), (19, 9), (19, 29), (9, 8)]]","[[36.43385319304156, 119.6823549474535, 286.7696235160036, 87.31863142687631, 125.35363790898758, 153.56096791366568, 198.8205217720188, 16.647412334430165, 85.3558426348598, 52.622205978599226, 7.410366635877814, 9.563694393747618, 112.93283057422015, 183.37114903793284, 15.757229757439053, 232.5287458601844, 69.82356315953342, 42.15066298043041, 113.99335795264672, 25.00299984250979]]"
155,"[[(0, 8), (8, 14), (1, 28), (12, 22), (12, 25), (26, 6), (28, 7), (28, 9), (2, 11), (11, 4), (4, 1), (5, 8), (5, 21), (5, 25), (25, 12), (7, 16), (10, 24), (19, 9), (19, 29), (9, 8)]]","[[33.314304139270746, 120.63472281151579, 730.8054605156799, 81.24630955862946, 59.84249731502992, 156.32200718078698, 308.09766923406784, 14.30867383709515, 22.89232563120749, 53.646296035223465, 30.454349882893226, 32.73863783671271, 112.39024977417056, 95.20325393325152, 10.360734244086286, 308.9957056820043, 49.843101214312455, 81.9496271062551, 189.15464725859385, 11.933348785483656]]"
156,"[[(0, 8), (8, 14), (1, 28), (12, 22), (12, 25), (26, 6), (28, 7), (28, 9), (2, 11), (11, 4), (4, 1), (5, 8), (5, 21), (5, 25), (25, 12), (7, 16), (10, 24), (19, 9), (19, 29), (9, 8)]]","[[62.58362855881405, 51.508840206662526, 388.18448075744107, 75.45186338907043, 92.78999589118447, 171.7608802088094, 258.65540554272695, 10.031420379769951, 42.55157140419994, 52.88523489424134, 5.760025451592075, 24.218693303372305, 112.70738740659252, 211.61049196467167, 14.484728020480786, 271.8839170103525, 53.65858292844821, 75.96543573937373, 155.9407309837999, 8.517518973817069]]"
157,"[[(0, 8), (8, 14), (1, 28), (12, 22), (12, 25), (26, 6), (28, 7), (28, 9), (2, 11), (11, 4), (4, 1), (5, 8), (5, 21), (5, 25), (25, 12), (7, 16), (10, 24), (19, 9), (19, 29), (9, 8)]]","[[37.315543205348604, 140.83193802179397, 656.6280649172327, 84.41566041046775, 138.84661866151328, 155.31867364558528, 211.75173115151983, 12.361975815818944, 54.60669290562212, 53.28214533164218, 26.097876454886777, 22.677258554078247, 111.50685558470919, 322.2750689630322, 13.48623271038462, 11.47879875753852, 56.40112421286045, 95.47461360888126, 175.39837559332665, 9.95499668005867]]"
158,"[[(0, 8), (8, 14), (1, 28), (12, 22), (12, 25), (26, 6), (28, 7), (28, 9), (2, 11), (11, 4), (4, 1), (5, 8), (5, 21), (5, 25), (25, 12), (7, 16), (10, 24), (19, 9), (19, 29), (9, 8)]]","[[91.64574753954723, 67.04329173004588, 331.35411772198046, 91.68220938318831, 64.57774167880211, 166.31707418678494, 143.54896533828222, 7.195418915146138, 37.90750292753857, 52.45147185158335, 5.295074143430728, 23.673999781116848, 111.06638916489825, 254.8400717500529, 11.776810651766079, 79.12907674956193, 54.867458989973485, 31.415705657722945, 258.80933596305294, 1.5561207379463369]]"
159,"[[(0, 8), (8, 14), (1, 28), (12, 22), (12, 25), (26, 6), (28, 7), (28, 9), (2, 11), (11, 4), (4, 1), (5, 8), (5, 21), (5, 25), (25, 12), (7, 16), (10, 24), (19, 9), (19, 29), (9, 8)]]","[[91.8044749974379, 112.32652345814465, 726.7857435140529, 78.72678043100693, 42.178271850261225, 181.82486412572294, 84.12638690894951, 14.587855877110234, 58.73690872531775, 53.01386018475202, 30.40836646374397, 17.473237309538373, 111.8469225003245, 295.0053450261138, 22.21529225432559, 211.65845172522106, 56.422083040852506, 45.98864383442566, 59.501495757787765, 11.958329784330658]]"
160,"[[(0, 8), (8, 14), (1, 28), (12, 22), (12, 25), (26, 6), (28, 7), (28, 9), (2, 11), (11, 4), (4, 1), (5, 8), (5, 21), (5, 25), (25, 12), (7, 16), (10, 24), (19, 9), (19, 29), (9, 8)]]","[[56.11461853311998, 103.53377393745916, 226.70498795013964, 76.40869827490224, 110.81335666721817, 161.7663436658993, 282.47088945567026, 9.849373039743668, 29.22741684551943, 52.62644297360632, 25.64992622596878, 27.30156359490904, 111.08884151563726, 151.66588580991743, 24.623107469291128, 158.52014448839316, 57.927937002077485, 85.40307876532601, 84.82704352553117, 21.64268087506212]]"
161,"[[(0, 8), (8, 14), (1, 28), (12, 22), (12, 25), (26, 6), (28, 7), (28, 9), (2, 11), (11, 4), (4, 1), (5, 8), (5, 21), (5, 25), (25, 12), (7, 16), (10, 24), (19, 9), (19, 29), (9, 8)]]","[[62.80775955509648, 77.08201326645629, 219.81990823295726, 73.34911885331869, 41.71368520449955, 173.77208765598752, 428.14172057275704, 11.720871789922304, 42.35328858655378, 52.147784541653216, 16.956795315946366, 6.900946254879588, 111.6101263326194, 281.676658642449, 15.59997895973314, 84.37564064542643, 82.25427577461575, 46.15650559793765, 107.82386679482069, 27.566141808169654]]"
162,"[[(0, 8), (8, 14), (1, 28), (12, 22), (12, 25), (26, 6), (28, 7), (28, 9), (2, 11), (11, 4), (4, 1), (5, 8), (5, 21), (5, 25), (25, 12), (7, 16), (10, 24), (19, 9), (19, 29), (9, 8)]]","[[60.44551211259253, 104.30323182700654, 261.2446343915012, 92.65293318965242, 115.55525478152245, 154.05169747469571, 436.04276903215214, 16.963011767809327, 66.82179298491533, 53.25034287269953, 8.399339539314258, 24.609560274076067, 111.91764813863216, 303.9958134742095, 23.27390678544392, 133.73336178305323, 32.87111504423189, 68.31337641736269, 182.64692676425284, 6.030718555224897]]"
163,"[[(0, 8), (8, 14), (1, 28), (12, 22), (12, 25), (26, 6), (28, 7), (28, 9), (2, 11), (11, 4), (4, 1), (5, 8), (5, 21), (5, 25), (25, 12), (7, 16), (10, 24), (19, 9), (19, 29), (9, 8)]]","[[51.51857987620258, 136.24343052204887, 644.7788847870273, 77.08208402153247, 74.98291481928463, 160.27580112928385, 131.1393728239646, 5.995155719870073, 67.76965650484172, 53.13004873261005, 8.257042376444677, 15.702891132479646, 112.9817454824402, 224.33026844839577, 16.352014625704204, 261.98615932589007, 49.04249617912403, 12.536057927768955, 255.27588337261744, 1.7073976340021098]]"
164,"[[(0, 8), (8, 14), (1, 28), (12, 22), (12, 25), (26, 6), (28, 7), (28, 9), (2, 11), (11, 4), (4, 1), (5, 8), (5, 21), (5, 25), (25, 12), (7, 16), (10, 24), (19, 9), (19, 29), (9, 8)]]","[[62.44446007362886, 81.4087869199489, 305.54796830544694, 92.51174254994031, 97.85064039964692, 153.9095960183304, 431.7333666007724, 9.348600550422686, 70.1461632873272, 53.27906860326986, 28.777013247074038, 29.440264189110685, 112.30082547328603, 174.79791937673627, 10.65675947358538, 116.0898160117961, 63.60202501970279, 10.369431825190722, 80.79913532421406, 28.200059378005946]]"
165,"[[(0, 8), (8, 14), (1, 28), (12, 22), (12, 25), (26, 6), (28, 7), (28, 9), (2, 11), (11, 4), (4, 1), (5, 8), (5, 21), (5, 25), (25, 12), (7, 16), (10, 24), (19, 9), (19, 29), (9, 8)]]","[[93.36285517067543, 150.98612825307092, 775.9375134968726, 72.64478564259879, 117.34717904382981, 155.20560439739947, 124.26656055572643, 11.448761315739551, 69.2194309592588, 53.757669812782325, 25.769995097181383, 24.324395216245822, 112.64885359565756, 220.85650385616162, 17.46969219122626, 232.1945550697878, 81.02149679969784, 68.1963231343901, 263.2304832573207, 32.85149055872806]]"
166,"[[(0, 8), (8, 14), (1, 28), (12, 22), (12, 25), (26, 6), (28, 7), (28, 9), (2, 11), (11, 4), (4, 1), (5, 8), (5, 21), (5, 25), (25, 12), (7, 16), (10, 24), (19, 9), (19, 29), (9, 8)]]","[[46.16739162903013, 136.94932972783192, 581.2578226338755, 91.2213819638139, 151.27171123420823, 174.76280134925793, 289.4024319308001, 7.838601191862591, 24.005894461265093, 53.713181213530476, 19.952424171125223, 10.722749353696964, 111.3672470787815, 256.54372179104723, 21.56640283750709, 94.2939940742123, 23.610560478119496, 85.72213380534532, 89.66187168718379, 7.456099795841261]]"
167,"[[(0, 8), (8, 14), (1, 28), (12, 22), (12, 25), (26, 6), (28, 7), (28, 9), (2, 11), (11, 4), (4, 1), (5, 8), (5, 21), (5, 25), (25, 12), (7, 16), (10, 24), (19, 9), (19, 29), (9, 8)]]","[[34.04697207190746, 103.45321432845657, 601.7214634394542, 72.3569501202942, 109.5884224614782, 164.74770263481074, 538.5986177653097, 14.841779363659814, 44.163490636775556, 53.35574646639423, 22.12300007244488, 0.30207263250994654, 111.01626643068103, 164.5781018906167, 14.871852427525754, 146.40453828728226, 52.14830772503767, 113.11257693063463, 99.4491666958348, 26.210950085030355]]"
168,"[[(0, 8), (8, 14), (1, 28), (12, 22), (12, 25), (26, 6), (28, 7), (28, 9), (2, 11), (11, 4), (4, 1), (5, 8), (5, 21), (5, 25), (25, 12), (7, 16), (10, 24), (19, 9), (19, 29), (9, 8)]]","[[51.87359508225753, 120.61340040588426, 247.09632038543924, 91.67907949009296, 115.16928627762279, 169.25540297987695, 297.80669966650146, 7.507347965541513, 84.10095293922538, 53.7880013425989, 12.983053490840684, 20.539048648666334, 112.33983135172687, 280.99896636398375, 22.42315986244634, 276.28551838945305, 53.40331794949668, 110.85925256645426, 199.56473369946693, 29.457534236218578]]"
169,"[[(0, 8), (8, 14), (1, 28), (12, 22), (12, 25), (26, 6), (28, 7), (28, 9), (2, 11), (11, 4), (4, 1), (5, 8), (5, 21), (5, 25), (25, 12), (7, 16), (10, 24), (19, 9), (19, 29), (9, 8)]]","[[75.4554453847842, 32.52753250908482, 730.0177718620216, 75.08432934467564, 116.71166689544884, 163.6118703869021, 439.99010509563635, 15.92112171764196, 64.70937325370815, 52.32335687699619, 5.599758991684537, 35.43779982929305, 111.5011360532888, 291.3112950273862, 10.956327684573486, 300.4131940239482, 32.26559619585028, 46.37238809644077, 181.28794980023343, 28.0628518342341]]"
170,"[[(0, 8), (8, 14), (1, 28), (12, 22), (12, 25), (26, 6), (28, 7), (28, 9), (2, 11), (11, 4), (4, 1), (5, 8), (5, 21), (5, 25), (25, 12), (7, 16), (10, 24), (19, 9), (19, 29), (9, 8)]]","[[58.61742078108304, 152.3737599369912, 519.7379427075721, 77.44072151763005, 161.06570877831166, 172.91785764013028, 411.91118733447684, 12.5586363994014, 40.280469534720424, 53.35142418889392, 22.531360645796344, 13.713015424050377, 112.56371332701241, 248.27936255362053, 10.11337821967628, 212.1252997264824, 73.50123987620469, 104.00822815151278, 123.82637496737124, 10.557908174810748]]"
171,"[[(0, 8), (8, 14), (1, 28), (12, 22), (12, 25), (26, 6), (28, 7), (28, 9), (2, 11), (11, 4), (4, 1), (5, 8), (5, 21), (5, 25), (25, 12), (7, 16), (10, 24), (19, 9), (19, 29), (9, 8)]]","[[93.08883611925194, 178.29696134893172, 403.5114251367344, 80.03948572397499, 142.35510630278765, 174.14599657543792, 575.4712626053673, 3.761738693282018, 60.55958516771915, 53.40513093940269, 26.03271180130343, 16.21034059627036, 112.25786255047109, 249.14696715190965, 19.634542634545447, 13.843265161966485, 60.96294183617731, 96.8543110751416, 123.41056199807237, 9.944160951012353]]"
172,"[[(0, 8), (8, 14), (1, 28), (12, 22), (12, 25), (26, 6), (28, 7), (28, 9), (2, 11), (11, 4), (4, 1), (5, 8), (5, 21), (5, 25), (25, 12), (7, 16), (10, 24), (19, 9), (19, 29), (9, 8)]]","[[93.41179086611723, 138.40145159345283, 372.29635565312446, 89.2413839900621, 102.04107776690567, 175.44110297136, 241.15446304847768, 10.155179155429856, 45.842241146095176, 53.43118719663469, 11.891522587240082, 12.856185322799444, 112.85746773057059, 261.1700668053089, 23.850798857009565, 127.95270573408263, 65.1823978549732, 42.267914939140866, 170.65600309106605, 10.101989940843637]]"
173,"[[(0, 8), (8, 14), (1, 28), (12, 22), (12, 25), (26, 6), (28, 7), (28, 9), (2, 11), (11, 4), (4, 1), (5, 8), (5, 21), (5, 25), (25, 12), (7, 16), (10, 24), (19, 9), (19, 29), (9, 8)]]","[[58.40875124388367, 56.89525635036248, 560.9231665161301, 73.7989106234092, 133.19611454960568, 181.59191084060438, 310.4462670844568, 10.59716892809986, 73.06037787714806, 52.254143142461835, 18.51815616714513, 2.5466112645723835, 112.7921407941312, 303.8439203306591, 20.262650362223717, 224.7659240698353, 59.08619989099881, 21.177474987450484, 234.2966989425091, 21.71975808684823]]"
174,"[[(0, 8), (8, 14), (1, 28), (12, 22), (12, 25), (26, 6), (28, 7), (28, 9), (2, 11), (11, 4), (4, 1), (5, 8), (5, 21), (5, 25), (25, 12), (7, 16), (10, 24), (19, 9), (19, 29), (9, 8)]]","[[88.74049542999899, 145.2856285710162, 403.16508471948106, 80.7728091831957, 42.50173092507076, 162.96535224698397, 327.5911968630022, 15.557860064985354, 57.2061553454094, 52.092111219491315, 5.853379813685337, 0.5812178707398665, 112.97762015553656, 254.7127596052659, 10.802679506384294, 76.493828160566, 66.11422752337137, 96.44798436085246, 161.75628187621945, 5.118365901853522]]"
175,"[[(0, 8), (8, 14), (1, 28), (12, 22), (12, 25), (26, 6), (28, 7), (28, 9), (2, 11), (11, 4), (4, 1), (5, 8), (5, 21), (5, 25), (25, 12), (7, 16), (10, 24), (19, 9), (19, 29), (9, 8)]]","[[35.421632744825665, 125.75669433129833, 317.0689518164588, 87.84341575773382, 124.89782233038407, 154.56012920775288, 184.58424503845248, 15.720531426784456, 81.19404154970798, 53.51390313495981, 5.308224275675056, 20.191315368196637, 112.08501926763799, 248.59553799462108, 16.224801786482008, 257.0506426316896, 70.67689825359656, 81.86396563518169, 113.81837554774972, 12.840645574462417]]"
176,"[[(0, 8), (8, 14), (1, 28), (12, 22), (12, 25), (26, 6), (28, 7), (28, 9), (2, 11), (11, 4), (4, 1), (5, 8), (5, 21), (5, 25), (25, 12), (7, 16), (10, 24), (19, 9), (19, 29), (9, 8)]]","[[87.19147309327838, 20.93188324111103, 381.33697079476644, 87.4049563798888, 90.91694241442511, 154.19409862145244, 32.332847240838866, 11.210988768996158, 30.32269959823938, 53.96149163496287, 5.133509781315517, 3.0475817509587593, 112.42018714099207, 118.57547276202209, 13.262294994026403, 69.73733603095454, 58.660747592819746, 74.01961065014416, 167.35664031004555, 22.226205918726194]]"
177,"[[(0, 8), (8, 14), (1, 28), (12, 22), (12, 25), (26, 6), (28, 7), (28, 9), (2, 11), (11, 4), (4, 1), (5, 8), (5, 21), (5, 25), (25, 12), (7, 16), (10, 24), (19, 9), (19, 29), (9, 8)]]","[[50.65091206826149, 141.38329132053923, 344.1341637623065, 91.20648272736875, 126.31097789763146, 170.7040214325498, 452.7921811646154, 11.410211903499055, 72.37689005515016, 52.58907860935251, 8.393591811178789, 21.54982275437041, 111.7543893386048, 316.06976594297123, 15.03777261488475, 15.144577759501399, 60.335757824023936, 80.67694275155701, 244.80175676307942, 28.23924505282756]]"
178,"[[(0, 8), (8, 14), (1, 28), (12, 22), (12, 25), (26, 6), (28, 7), (28, 9), (2, 11), (11, 4), (4, 1), (5, 8), (5, 21), (5, 25), (25, 12), (7, 16), (10, 24), (19, 9), (19, 29), (9, 8)]]","[[71.28732490515186, 172.47082813835962, 492.8424205229138, 93.79922647546141, 144.05257699302967, 174.90813276884424, 531.7375582064881, 3.5891482435238986, 84.95362110196716, 52.074548362566404, 31.800403772455564, 17.252692327751625, 111.526606237185, 148.6133150627424, 18.813480143350166, 200.37922651957652, 55.30285758496964, 99.00254476087377, 175.25512948847876, 12.596271024205922]]"
179,"[[(0, 8), (8, 14), (1, 28), (12, 22), (12, 25), (26, 6), (28, 7), (28, 9), (2, 11), (11, 4), (4, 1), (5, 8), (5, 21), (5, 25), (25, 12), (7, 16), (10, 24), (19, 9), (19, 29), (9, 8)]]","[[67.38866979477663, 163.03383912029898, 604.8443258039532, 91.14017986485392, 46.12700156891468, 163.48992615211722, 521.5910150554589, 15.766328401222195, 29.133499584159487, 52.0812862756856, 13.028196771738912, 9.483920859524076, 112.3308244487589, 282.12947860520336, 11.528371794339659, 219.48700363291627, 23.15182644786065, 111.82872868212742, 186.2493817612043, 13.190591096709294]]"
180,"[[(0, 8), (8, 14), (1, 28), (12, 22), (12, 25), (26, 6), (28, 7), (28, 9), (2, 11), (11, 4), (4, 1), (5, 8), (5, 21), (5, 25), (25, 12), (7, 16), (10, 24), (19, 9), (19, 29), (9, 8)]]","[[82.22594243962934, 55.331778411572245, 440.90535713102065, 83.03733804110999, 151.57694473258834, 155.5915259377566, 59.02348699823023, 12.855824109416563, 69.14261671064482, 52.32312368250731, 17.214526580925106, 10.531673901658335, 112.27974301071478, 86.68324175441018, 10.076799564212674, 276.5113025953385, 74.01321402898691, 35.958147520105065, 166.70421724247123, 29.832545434832955]]"
181,"[[(0, 8), (8, 14), (1, 28), (12, 22), (12, 25), (26, 6), (28, 7), (28, 9), (2, 11), (11, 4), (4, 1), (5, 8), (5, 21), (5, 25), (25, 12), (7, 16), (10, 24), (19, 9), (19, 29), (9, 8)]]","[[81.39089495330856, 146.07840046162818, 382.6419186855478, 72.47145025814201, 155.4814071927558, 170.86411801860135, 140.57520084142257, 6.069357777955299, 23.52669913353887, 52.005729149397695, 10.274360255225925, 28.58688155460774, 111.53288291012917, 129.3846812144722, 17.17813024176764, 136.74071025044864, 42.25983229756049, 102.791444742719, 261.65364331624727, 1.5881840106731246]]"
182,"[[(0, 8), (8, 14), (1, 28), (12, 22), (12, 25), (26, 6), (28, 7), (28, 9), (2, 11), (11, 4), (4, 1), (5, 8), (5, 21), (5, 25), (25, 12), (7, 16), (10, 24), (19, 9), (19, 29), (9, 8)]]","[[35.24469682916397, 107.42070586650487, 509.9357428332102, 82.27859235387437, 104.95034638343847, 166.3346561484238, 449.38853492131517, 14.55784524650771, 65.57392556004231, 53.50370160354184, 18.828730381247873, 32.193873564160796, 112.74645617676885, 186.80053956343616, 11.062121798092697, 235.49827020096367, 68.03559256083184, 16.642767911371962, 133.8975557927244, 28.281014738114564]]"
183,"[[(0, 8), (8, 14), (1, 28), (12, 22), (12, 25), (26, 6), (28, 7), (28, 9), (2, 11), (11, 4), (4, 1), (5, 8), (5, 21), (5, 25), (25, 12), (7, 16), (10, 24), (19, 9), (19, 29), (9, 8)]]","[[87.39532077360715, 124.4787763060057, 501.4896636078152, 78.66263937127248, 99.87435569630092, 157.3975348371187, 584.3530053316274, 9.342914641047889, 73.00155929345013, 52.0142741127076, 5.773992891851915, 22.16870483288825, 112.27619787882415, 108.86292008939456, 12.44053113813393, 40.38238163474461, 28.497085261244788, 69.86021921263695, 90.3207687696842, 28.673263369701566]]"
184,"[[(0, 8), (8, 14), (1, 28), (12, 22), (12, 25), (26, 6), (28, 7), (28, 9), (2, 11), (11, 4), (4, 1), (5, 8), (5, 21), (5, 25), (25, 12), (7, 16), (10, 24), (19, 9), (19, 29), (9, 8)]]","[[47.012637513525036, 179.0600511703475, 570.7216271236083, 83.25290147826159, 119.76363235162255, 180.46488428338537, 52.49634676425477, 8.780983518207833, 57.03822886404132, 53.56598334077132, 29.96046357811229, 12.840286712258894, 112.24083484757057, 122.91554654912017, 13.093538558676478, 128.6215492825109, 61.40300404620471, 116.08450930449362, 239.71634566440468, 14.245088434281268]]"
185,"[[(0, 8), (8, 14), (1, 28), (12, 22), (12, 25), (26, 6), (28, 7), (28, 9), (2, 11), (11, 4), (4, 1), (5, 8), (5, 21), (5, 25), (25, 12), (7, 16), (10, 24), (19, 9), (19, 29), (9, 8)]]","[[82.15183969346921, 176.62171371381203, 239.55536289687402, 81.30507962139426, 111.69489565815076, 170.36398472497, 378.6210632365789, 12.452286707050776, 67.3828970310908, 52.70489806824018, 11.660467721721806, 26.17894572931229, 111.44427246184404, 175.26282698434852, 15.956675236094942, 149.16372200301217, 71.85636345886505, 63.252687997255535, 215.55999696877552, 9.865511203920175]]"
186,"[[(0, 8), (8, 14), (1, 28), (12, 22), (12, 25), (26, 6), (28, 7), (28, 9), (2, 11), (11, 4), (4, 1), (5, 8), (5, 21), (5, 25), (25, 12), (7, 16), (10, 24), (19, 9), (19, 29), (9, 8)]]","[[67.23220706926402, 63.921921864719344, 405.13684606520735, 84.89897841144844, 42.665215241841814, 157.65199263533748, 98.20476605386445, 8.258123179779796, 44.04019958416833, 53.43526040297037, 9.70196326238835, 15.602268941946834, 112.44020253277306, 242.03439232761596, 18.61477548760201, 307.063483165225, 39.23433197564316, 13.511463834532211, 130.5194940480709, 20.622257839457163]]"
187,"[[(0, 8), (8, 14), (1, 28), (12, 22), (12, 25), (26, 6), (28, 7), (28, 9), (2, 11), (11, 4), (4, 1), (5, 8), (5, 21), (5, 25), (25, 12), (7, 16), (10, 24), (19, 9), (19, 29), (9, 8)]]","[[29.491707158442736, 48.743159072197216, 236.00116349270655, 79.9864145403125, 55.582538246537496, 159.83067010078474, 442.78331750646765, 10.650320925296487, 75.68384284508025, 52.116291171054485, 26.05748423394745, 8.716322329998347, 111.57969701751348, 258.2232168718085, 15.78206159617982, 235.73749273210606, 39.564538554047466, 18.538981956450044, 130.99565503487, 26.947919453302553]]"
188,"[[(0, 8), (8, 14), (1, 28), (12, 22), (12, 25), (26, 6), (28, 7), (28, 9), (2, 11), (11, 4), (4, 1), (5, 8), (5, 21), (5, 25), (25, 12), (7, 16), (10, 24), (19, 9), (19, 29), (9, 8)]]","[[29.880210024365965, 169.10377718002084, 564.5584345258903, 72.36330138393616, 120.42841109046392, 166.52689264737086, 493.8640274599545, 7.663022682440871, 42.87938786239243, 52.105107556914795, 5.807982014776369, 33.60466677809326, 112.52888697635261, 294.95231856227497, 25.70028305570691, 239.3972216889383, 52.33499784416562, 11.630957637869786, 246.10683940959382, 15.13666541426209]]"
189,"[[(0, 8), (8, 14), (1, 28), (12, 22), (12, 25), (26, 6), (28, 7), (28, 9), (2, 11), (11, 4), (4, 1), (5, 8), (5, 21), (5, 25), (25, 12), (7, 16), (10, 24), (19, 9), (19, 29), (9, 8)]]","[[92.02675261354577, 33.9272699504797, 439.5951816805293, 77.34610650378731, 33.172274751004444, 165.96943830577956, 310.36528741313526, 5.955739917907973, 48.51124332185806, 52.34757260584621, 18.884358881212513, 34.5527230941441, 112.57075161874421, 111.56629861163758, 15.339503795403706, 140.18344968520694, 67.98682497762371, 73.43027729270594, 232.33948741312184, 22.52762319231319]]"
190,"[[(0, 8), (8, 14), (1, 28), (12, 22), (12, 25), (26, 6), (28, 7), (28, 9), (2, 11), (11, 4), (4, 1), (5, 8), (5, 21), (5, 25), (25, 12), (7, 16), (10, 24), (19, 9), (19, 29), (9, 8)]]","[[83.6161292120138, 63.96267000100852, 474.13322353848207, 88.09434193261, 108.83223838092344, 170.72312134628842, 485.980707605108, 6.405727225023767, 60.391519123332415, 52.55121943670082, 15.52978816743702, 21.85466756402993, 112.06324978504736, 154.24573954554296, 17.11415051919175, 257.68146234924836, 60.4687373512545, 61.33520982619679, 225.4577495066078, 19.732574317564975]]"
191,"[[(0, 8), (8, 14), (1, 28), (12, 22), (12, 25), (26, 6), (28, 7), (28, 9), (2, 11), (11, 4), (4, 1), (5, 8), (5, 21), (5, 25), (25, 12), (7, 16), (10, 24), (19, 9), (19, 29), (9, 8)]]","[[87.61736942280665, 101.37985946239324, 654.5819555070548, 86.38629635832999, 62.95604948581822, 164.94334072362616, 210.80493241312067, 12.63992123108476, 79.35199291719948, 53.38443212963782, 31.61500304470296, 3.815618564233759, 112.79143260748737, 292.78679414446015, 10.026856646289696, 211.94319816515755, 74.52265896045645, 95.26490055607994, 142.63352849067252, 32.55941031068146]]"
192,"[[(0, 8), (8, 14), (1, 28), (12, 22), (12, 25), (26, 6), (28, 7), (28, 9), (2, 11), (11, 4), (4, 1), (5, 8), (5, 21), (5, 25), (25, 12), (7, 16), (10, 24), (19, 9), (19, 29), (9, 8)]]","[[45.43818265536132, 153.87604458035972, 458.3168664536678, 92.73276471743348, 83.80894683978305, 152.8230540988287, 270.8890456305003, 7.06820185138555, 77.62848310361261, 53.77948169256017, 4.831950490160779, 4.849029032416052, 112.96000310513149, 186.60436168889566, 19.823758720096237, 92.07022374249054, 59.276938065699134, 30.34944003976408, 132.1268128968849, 22.022740569922675]]"
193,"[[(0, 8), (8, 14), (1, 28), (12, 22), (12, 25), (26, 6), (28, 7), (28, 9), (2, 11), (11, 4), (4, 1), (5, 8), (5, 21), (5, 25), (25, 12), (7, 16), (10, 24), (19, 9), (19, 29), (9, 8)]]","[[89.07693655568357, 86.11036625828477, 386.29226475639575, 89.10470166065349, 87.48824994332831, 174.42044828838246, 171.62544018274053, 4.326796956861522, 74.13625482284493, 52.907784276847416, 31.62887411046249, 13.908513990122978, 111.57051303866699, 288.3130255863332, 23.580338922786503, 170.64752515400147, 66.08782619316777, 116.44876634380523, 177.59451987885828, 10.81599803767449]]"
194,"[[(0, 8), (8, 14), (1, 28), (12, 22), (12, 25), (26, 6), (28, 7), (28, 9), (2, 11), (11, 4), (4, 1), (5, 8), (5, 21), (5, 25), (25, 12), (7, 16), (10, 24), (19, 9), (19, 29), (9, 8)]]","[[61.033887247307355, 55.92412046015225, 583.4146588721767, 78.32359975615171, 160.0325708974972, 159.72403084053295, 228.64053218245576, 15.670858514575729, 33.079479584962684, 53.61284225619263, 20.73334304629727, 14.794415515946218, 111.59136144728033, 306.12877136212137, 19.57176251621504, 291.08491602103175, 60.707498013795465, 18.15521966812344, 259.83729912800385, 3.380029478191066]]"
195,"[[(0, 8), (8, 14), (1, 28), (12, 22), (12, 25), (26, 6), (28, 7), (28, 9), (2, 11), (11, 4), (4, 1), (5, 8), (5, 21), (5, 25), (25, 12), (7, 16), (10, 24), (19, 9), (19, 29), (9, 8)]]","[[73.18618796816216, 124.00943190078326, 260.3410403459095, 73.88647694120283, 152.847063324903, 167.77614074071911, 526.4826068073785, 8.848036824099855, 78.11487584041274, 52.959790946693225, 28.036817416255673, 24.47619064947427, 112.06279683268382, 311.982597935665, 22.504569996591368, 115.07862282785189, 44.90265277722477, 68.0168489563751, 263.06483647329884, 3.8765294992555646]]"
196,"[[(0, 8), (8, 14), (1, 28), (12, 22), (12, 25), (26, 6), (28, 7), (28, 9), (2, 11), (11, 4), (4, 1), (5, 8), (5, 21), (5, 25), (25, 12), (7, 16), (10, 24), (19, 9), (19, 29), (9, 8)]]","[[86.46321461163325, 81.3774995109995, 779.3278203900331, 79.91732594012879, 89.48899219834225, 171.93264895042768, 387.0462288507777, 9.397069789514468, 34.42034647493979, 53.02746138033846, 4.441979522206466, 12.982956715985143, 111.92630824755975, 192.85230185278056, 20.36946576802208, 271.5439836952837, 70.0292662049369, 106.01611228451551, 110.96855806602372, 8.008932566338842]]"
197,"[[(0, 8), (8, 14), (1, 28), (12, 22), (12, 25), (26, 6), (28, 7), (28, 9), (2, 11), (11, 4), (4, 1), (5, 8), (5, 21), (5, 25), (25, 12), (7, 16), (10, 24), (19, 9), (19, 29), (9, 8)]]","[[68.2651224431887, 25.919637117251675, 640.2902224728608, 74.70072173348883, 71.42257366303139, 176.15305276602322, 303.6241764138017, 7.108855240860734, 52.767252669047494, 53.281307191405716, 10.645082260296807, 21.22058397609493, 111.25943620882863, 265.26087133542285, 21.31236821940316, 60.89164420499926, 73.81861358666933, 72.22763352397192, 120.08000949728246, 30.067118568800712]]"
198,"[[(0, 8), (8, 14), (1, 28), (12, 22), (12, 25), (26, 6), (28, 7), (28, 9), (2, 11), (11, 4), (4, 1), (5, 8), (5, 21), (5, 25), (25, 12), (7, 16), (10, 24), (19, 9), (19, 29), (9, 8)]]","[[83.40413401384171, 33.0775880979069, 500.6937877326903, 76.98898882619541, 44.10794384348163, 153.60711479284285, 103.58849737047913, 4.397578533842999, 79.61508189830003, 53.31362700130914, 27.20202308991993, 13.719862137263112, 112.15431188735548, 92.5032554570676, 17.264773761634878, 189.40044065785236, 49.450738903912416, 108.39215278148306, 87.07909957157102, 30.389187140961926]]"
199,"[[(0, 8), (8, 14), (1, 28), (12, 22), (12, 25), (26, 6), (28, 7), (28, 9), (2, 11), (11, 4), (4, 1), (5, 8), (5, 21), (5, 25), (25, 12), (7, 16), (10, 24), (19, 9), (19, 29), (9, 8)]]","[[39.9246504826441, 57.939845523458295, 322.4842749770198, 90.21300260862338, 137.61531382581123, 152.07063236328065, 26.867597980520802, 7.770645336700284, 62.96696860920867, 53.69927842295257, 10.628330509876077, 8.637073509358444, 111.81093380815227, 126.25188728125477, 18.684370873720447, 157.09918502974625, 65.97761568576938, 55.51566644068658, 256.74145484999883, 24.637988051455604]]"
200,"[[(0, 8), (8, 14), (1, 28), (12, 22), (12, 25), (26, 6), (28, 7), (28, 9), (2, 11), (11, 4), (4, 1), (5, 8), (5, 21), (5, 25), (25, 12), (7, 16), (10, 24), (19, 9), (19, 29), (9, 8)]]","[[79.6850410217329, 145.18910957038972, 363.34325446917944, 80.50132530948608, 108.82546931616231, 171.1269745497933, 230.9151784598527, 10.493789896229632, 70.91981411701974, 52.52362204446923, 24.037600443496267, 30.84403171505352, 111.57081193106218, 151.24479125205704, 19.599651745707085, 114.13814559002033, 80.91330386995757, 119.54864079024799, 193.9408632947586, 14.053344669568023]]"
201,"[[(0, 8), (8, 14), (1, 28), (12, 22), (12, 25), (26, 6), (28, 7), (28, 9), (2, 11), (11, 4), (4, 1), (5, 8), (5, 21), (5, 25), (25, 12), (7, 16), (10, 24), (19, 9), (19, 29), (9, 8)]]","[[91.83618185292428, 149.0403161069902, 317.1511720997577, 84.98446354742967, 86.99200186741027, 177.74655328539447, 554.2891413082871, 7.688834399641689, 70.41679185637778, 53.78124248864103, 31.08079855691469, 9.867413948015306, 112.85026039017342, 139.37809391670527, 13.224876282685665, 19.535036878210825, 50.252425215724, 67.01559287447661, 155.60344991477587, 19.24657794226138]]"
202,"[[(0, 8), (8, 14), (1, 28), (12, 22), (12, 25), (26, 6), (28, 7), (28, 9), (2, 11), (11, 4), (4, 1), (5, 8), (5, 21), (5, 25), (25, 12), (7, 16), (10, 24), (19, 9), (19, 29), (9, 8)]]","[[64.36598222318628, 67.50783465007018, 581.1947102794552, 76.42347584422316, 98.6583345204438, 174.77031890020004, 122.71551534383161, 16.714019539048255, 41.85707927397494, 53.60058240668236, 23.672699888080622, 15.100197075591948, 111.37010132899441, 95.4179058484011, 23.218755502379828, 301.2217643577496, 31.533270284181214, 17.315569089468653, 208.0648163346847, 20.04013862342291]]"
203,"[[(0, 8), (8, 14), (1, 28), (12, 22), (12, 25), (26, 6), (28, 7), (28, 9), (2, 11), (11, 4), (4, 1), (5, 8), (5, 21), (5, 25), (25, 12), (7, 16), (10, 24), (19, 9), (19, 29), (9, 8)]]","[[47.49367869770959, 28.92167819080869, 703.849696274196, 90.41652975163487, 112.5897723350312, 157.7182362394865, 36.341062873978075, 8.204074706863278, 53.90960221321886, 52.78969855119303, 8.327934101847417, 25.512644369399133, 111.15556945091419, 197.48234520243807, 20.74043808718115, 258.9669546301445, 25.59737414403695, 49.382366173506774, 159.21494769301887, 21.141727774024286]]"
204,"[[(0, 8), (8, 14), (1, 28), (12, 22), (12, 25), (26, 6), (28, 7), (28, 9), (2, 11), (11, 4), (4, 1), (5, 8), (5, 21), (5, 25), (25, 12), (7, 16), (10, 24), (19, 9), (19, 29), (9, 8)]]","[[37.440538092692506, 182.60857377551767, 369.1262185366369, 91.08850629891515, 56.4445807736993, 173.09514258794195, 57.483570205339014, 5.257608534900637, 80.87779365461515, 53.5056991318515, 17.97233101882623, 8.942332682024093, 112.9634256080832, 296.9163345722389, 25.901536852029484, 60.59110809549226, 41.97230494971415, 41.95519339427551, 218.20743877994772, 10.049326625995352]]"
205,"[[(0, 8), (8, 14), (1, 28), (12, 22), (12, 25), (26, 6), (28, 7), (28, 9), (2, 11), (11, 4), (4, 1), (5, 8), (5, 21), (5, 25), (25, 12), (7, 16), (10, 24), (19, 9), (19, 29), (9, 8)]]","[[40.08936397167916, 132.878401584755, 322.2607239933085, 72.13939408422108, 107.38275497907564, 158.56830390495335, 367.56842204793594, 12.294540057076901, 80.69601446921556, 52.63074879971473, 19.683739110229425, 26.01875321802321, 112.16658993008123, 200.0048224750163, 24.115052578846466, 114.39440800773573, 77.6669728373522, 103.53269148501636, 174.2425008844587, 32.7272110149154]]"
206,"[[(0, 8), (8, 14), (1, 28), (12, 22), (12, 25), (26, 6), (28, 7), (28, 9), (2, 11), (11, 4), (4, 1), (5, 8), (5, 21), (5, 25), (25, 12), (7, 16), (10, 24), (19, 9), (19, 29), (9, 8)]]","[[36.7150364093801, 63.2643729168864, 605.5771350856107, 86.42402716464095, 69.01619346157139, 155.51447775903767, 108.57888600968845, 16.477417018624926, 27.59505791724861, 53.67608454103268, 15.573289083436904, 11.646584815358576, 111.68967133991494, 308.4259503097928, 14.355461402633411, 34.72717740654214, 45.845441012077316, 22.41375143325488, 223.55751571914638, 25.189095155075666]]"
207,"[[(0, 8), (8, 14), (1, 28), (12, 22), (12, 25), (26, 6), (28, 7), (28, 9), (2, 11), (11, 4), (4, 1), (5, 8), (5, 21), (5, 25), (25, 12), (7, 16), (10, 24), (19, 9), (19, 29), (9, 8)]]","[[40.74881432562626, 62.926974424692546, 388.18446269867263, 93.59504235153346, 105.55362172787973, 155.1227886272445, 339.64468424591826, 12.228939375938326, 32.13365462888447, 53.63151685904293, 26.94905387055997, 11.049250457647073, 111.75712039635954, 230.71632025502396, 18.598742892116647, 212.54971120388734, 71.82883166792755, 43.596938286727365, 214.20231511424942, 30.79924056976441]]"
208,"[[(0, 8), (8, 14), (1, 28), (12, 22), (12, 25), (26, 6), (28, 7), (28, 9), (2, 11), (11, 4), (4, 1), (5, 8), (5, 21), (5, 25), (25, 12), (7, 16), (10, 24), (19, 9), (19, 29), (9, 8)]]","[[65.07570135064874, 25.219511602300045, 565.9648385073792, 89.68784372434578, 93.28414760892335, 175.9715803087098, 221.95836451762264, 3.465960396431152, 34.220124350941724, 53.32566588659455, 4.839543961456027, 28.041452570122154, 111.27585784584012, 283.9669703012654, 18.434881347434036, 19.87119974114937, 53.386286458767316, 116.27722295329748, 103.54495417664319, 11.949771996793732]]"
209,"[[(0, 8), (8, 14), (1, 28), (12, 22), (12, 25), (26, 6), (28, 7), (28, 9), (2, 11), (11, 4), (4, 1), (5, 8), (5, 21), (5, 25), (25, 12), (7, 16), (10, 24), (19, 9), (19, 29), (9, 8)]]","[[73.89361704593242, 130.85152524423995, 780.9217874753572, 85.83486991723356, 96.618145555676, 164.36806473647516, 272.6093965511671, 8.819569400054329, 30.477504006770175, 53.92248623997648, 20.514166617133952, 30.57888823594553, 111.25986332598143, 260.1831124881146, 19.947299862453015, 211.84665074144516, 57.16498831261823, 56.48549984253923, 210.72431549934532, 4.4571879682424616]]"
210,"[[(0, 8), (8, 14), (1, 28), (12, 22), (12, 25), (26, 6), (28, 7), (28, 9), (2, 11), (11, 4), (4, 1), (5, 8), (5, 21), (5, 25), (25, 12), (7, 16), (10, 24), (19, 9), (19, 29), (9, 8)]]","[[92.99696407893357, 24.726208633921104, 551.8660040478219, 88.8491345926854, 87.86795407712395, 168.8024708412151, 247.16467254777604, 14.280267797251657, 85.98811392301354, 52.00275919983352, 24.463321604396864, 10.343938135247686, 111.51639655547714, 149.161525614848, 21.146532219556473, 234.66093238421163, 29.007333557135183, 38.33529471626336, 136.1488885879976, 5.193796519269537]]"
211,"[[(0, 8), (8, 14), (1, 28), (12, 22), (12, 25), (26, 6), (28, 7), (28, 9), (2, 11), (11, 4), (4, 1), (5, 8), (5, 21), (5, 25), (25, 12), (7, 16), (10, 24), (19, 9), (19, 29), (9, 8)]]","[[92.75263804386907, 133.37708795493012, 703.4516094274377, 80.05300134753378, 62.812103386947875, 171.38374110001556, 182.03843984610685, 16.66532754676024, 72.08559492871166, 53.36242751825564, 22.810321386477508, 22.678275887320694, 112.57387015088555, 182.66573336022356, 24.531049663161888, 166.06888228597379, 40.567018413754525, 21.428736517298198, 246.16842768262336, 11.797346840668045]]"
212,"[[(0, 8), (8, 14), (1, 28), (12, 22), (12, 25), (26, 6), (28, 7), (28, 9), (2, 11), (11, 4), (4, 1), (5, 8), (5, 21), (5, 25), (25, 12), (7, 16), (10, 24), (19, 9), (19, 29), (9, 8)]]","[[54.95614477679551, 185.42996971905478, 604.5316369720888, 92.57739016189078, 78.95275682354556, 166.39824467568786, 423.4640072395835, 4.096387345234738, 73.17637432921151, 53.135698500295064, 4.117130660419094, 22.75852656246482, 112.66878378735976, 145.84610255948576, 11.692431869523194, 83.91026160064595, 57.63084598437448, 43.330908692050215, 125.05629059762626, 27.619347890297693]]"
213,"[[(0, 8), (8, 14), (1, 28), (12, 22), (12, 25), (26, 6), (28, 7), (28, 9), (2, 11), (11, 4), (4, 1), (5, 8), (5, 21), (5, 25), (25, 12), (7, 16), (10, 24), (19, 9), (19, 29), (9, 8)]]","[[46.47687800303137, 160.19202914396058, 465.7639227293642, 74.54476935905879, 141.15979476748913, 162.76769870196085, 185.79415092114039, 3.898818116106175, 59.99576529775795, 52.835124843847005, 22.88786806064332, 14.040944846907278, 112.50557089257606, 130.75366521404817, 25.236750353867755, 118.1687461859897, 58.392640041579206, 46.8386970308242, 208.27707640804556, 30.608346711211226]]"
214,"[[(0, 8), (8, 14), (1, 28), (12, 22), (12, 25), (26, 6), (28, 7), (28, 9), (2, 11), (11, 4), (4, 1), (5, 8), (5, 21), (5, 25), (25, 12), (7, 16), (10, 24), (19, 9), (19, 29), (9, 8)]]","[[84.77809724950279, 135.01116014863598, 637.738167579487, 83.45433693610887, 43.99244933597478, 176.88445633152492, 29.54025838597032, 4.185145449719482, 33.68485581597197, 53.607682148566745, 20.27873017600442, 7.747185857773428, 112.39896949757157, 169.9855393101293, 24.652245222969825, 59.84136557368605, 62.88462746478998, 94.2645233394253, 227.70540582925295, 9.282575791270133]]"
215,"[[(0, 8), (8, 14), (1, 28), (12, 22), (12, 25), (26, 6), (28, 7), (28, 9), (2, 11), (11, 4), (4, 1), (5, 8), (5, 21), (5, 25), (25, 12), (7, 16), (10, 24), (19, 9), (19, 29), (9, 8)]]","[[46.197593248005816, 110.72636983493403, 244.82826033390648, 76.57974835922501, 120.44952933749074, 155.97827798679756, 463.03044560894966, 8.01744392504428, 29.78896602807098, 53.76351524600597, 17.74134964046367, 35.18456298568203, 111.59416496619566, 149.80023786068477, 20.212873989283857, 190.6304005200289, 49.6377820968775, 49.39455069706743, 78.56704043521007, 30.428877733044448]]"
216,"[[(0, 8), (8, 14), (1, 28), (12, 22), (12, 25), (26, 6), (28, 7), (28, 9), (2, 11), (11, 4), (4, 1), (5, 8), (5, 21), (5, 25), (25, 12), (7, 16), (10, 24), (19, 9), (19, 29), (9, 8)]]","[[78.42827718940748, 159.9093264694627, 748.474394405468, 73.11342060012561, 154.15563626749568, 166.7300572249221, 340.79508048147045, 10.147514948817703, 70.92101904654875, 53.226802391859266, 25.712946241325835, 7.0682627276007715, 112.96130038585034, 239.87116093505534, 21.999829277582766, 295.82243139692713, 24.666724651845602, 64.75630830642555, 218.44331625674096, 32.81536277604414]]"
217,"[[(0, 8), (8, 14), (1, 28), (12, 22), (12, 25), (26, 6), (28, 7), (28, 9), (2, 11), (11, 4), (4, 1), (5, 8), (5, 21), (5, 25), (25, 12), (7, 16), (10, 24), (19, 9), (19, 29), (9, 8)]]","[[45.8222399696522, 153.65093146906, 239.72726049723704, 80.4223699632908, 51.96662903908628, 180.61709748059513, 494.53841675572545, 8.819042496189187, 48.53955095643132, 52.57677987218505, 25.45854957943217, 12.917889323122393, 112.48164995577532, 234.66267689582193, 12.33004836486252, 82.5233884591231, 45.58522062532823, 25.697805133565936, 219.21993272814737, 4.560572501399093]]"
218,"[[(0, 8), (8, 14), (1, 28), (12, 22), (12, 25), (26, 6), (28, 7), (28, 9), (2, 11), (11, 4), (4, 1), (5, 8), (5, 21), (5, 25), (25, 12), (7, 16), (10, 24), (19, 9), (19, 29), (9, 8)]]","[[65.5765584604633, 148.74461317621166, 683.4562723517845, 86.89684657163058, 73.0007763711297, 162.32067062448354, 27.38035285068077, 8.147631523055978, 36.5308672698159, 52.563828111057916, 20.758258416342642, 34.715741858249714, 111.47374179705795, 260.48240370918836, 14.324514114986384, 296.61900345396066, 82.40219238525935, 89.7385932242396, 62.221204178162516, 15.360523093917433]]"
219,"[[(0, 8), (8, 14), (1, 28), (12, 22), (12, 25), (26, 6), (28, 7), (28, 9), (2, 11), (11, 4), (4, 1), (5, 8), (5, 21), (5, 25), (25, 12), (7, 16), (10, 24), (19, 9), (19, 29), (9, 8)]]","[[88.67033363961593, 112.36251610368544, 332.0998789611878, 77.85495497165206, 42.71187179975606, 154.35504796334598, 62.182982815814746, 10.640248951607893, 84.98451167917649, 52.69755291612149, 20.83070777719768, 24.794749535922616, 112.27344641884227, 299.7627615711382, 11.019750944225624, 17.031768440870945, 60.19635735127212, 115.91662187510676, 165.5432428812867, 17.423342855155965]]"
220,"[[(0, 8), (8, 14), (1, 28), (12, 22), (12, 25), (26, 6), (28, 7), (28, 9), (2, 11), (11, 4), (4, 1), (5, 8), (5, 21), (5, 25), (25, 12), (7, 16), (10, 24), (19, 9), (19, 29), (9, 8)]]","[[53.368417960244464, 56.59328792598717, 440.28220847113903, 76.37118817840563, 65.76350408222278, 153.16233903260786, 548.4201128669026, 15.23158208332675, 52.394732302909965, 53.08075124302866, 19.40664575270673, 26.209937809668453, 112.49954932073565, 293.16591623329685, 12.41909403769042, 320.3348700274882, 64.93563312752278, 95.93155097722014, 193.8747737045909, 24.90129817737074]]"
221,"[[(0, 8), (8, 14), (1, 28), (12, 22), (12, 25), (26, 6), (28, 7), (28, 9), (2, 11), (11, 4), (4, 1), (5, 8), (5, 21), (5, 25), (25, 12), (7, 16), (10, 24), (19, 9), (19, 29), (9, 8)]]","[[64.91282555561824, 185.43431399764006, 325.3760292547788, 73.04681159261592, 95.92135584364817, 169.68612545864687, 372.4167262037683, 3.0225505596389155, 77.87879053907889, 52.27235967190451, 21.024036429903283, 33.2882569124549, 111.18770609652306, 196.9188753241629, 18.592509236833365, 10.596981946037477, 59.197417232755996, 34.75117551257223, 151.77504812737286, 27.305854223420464]]"
222,"[[(0, 8), (8, 14), (1, 28), (12, 22), (12, 25), (26, 6), (28, 7), (28, 9), (2, 11), (11, 4), (4, 1), (5, 8), (5, 21), (5, 25), (25, 12), (7, 16), (10, 24), (19, 9), (19, 29), (9, 8)]]","[[44.19130456939108, 155.52476615898834, 483.02601112476316, 93.91119361457694, 152.33609746444628, 178.42268284140897, 281.661610695277, 4.981605092002674, 25.93296456082379, 52.243938422222826, 27.380151455455128, 23.989189993374065, 111.72482158276691, 129.01406984032332, 23.687234310215615, 75.65178229364695, 69.85874376296805, 94.27069354446832, 69.6546704434835, 5.4753811147088705]]"
223,"[[(0, 8), (8, 14), (1, 28), (12, 22), (12, 25), (26, 6), (28, 7), (28, 9), (2, 11), (11, 4), (4, 1), (5, 8), (5, 21), (5, 25), (25, 12), (7, 16), (10, 24), (19, 9), (19, 29), (9, 8)]]","[[87.76041656624236, 102.91286203312728, 492.6711103835553, 87.2213087846588, 141.9253491075263, 177.41161876809227, 368.70285320244477, 10.28332679270277, 72.6918815143163, 53.448483400819, 8.100060492203713, 27.474123260722124, 111.01241905315747, 100.85166396546147, 16.958058621348382, 188.95960635598888, 58.85480638415997, 44.68847440812847, 187.556414976778, 11.100641281548924]]"
224,"[[(0, 8), (8, 14), (1, 28), (12, 22), (12, 25), (26, 6), (28, 7), (28, 9), (2, 11), (11, 4), (4, 1), (5, 8), (5, 21), (5, 25), (25, 12), (7, 16), (10, 24), (19, 9), (19, 29), (9, 8)]]","[[73.8398586115394, 19.293606532094348, 226.8300874385308, 90.84207002596699, 62.0575265166289, 176.32136300347526, 217.06765883833117, 7.793445838936475, 24.880880066899287, 52.43428682877347, 23.58418950033882, 3.9451606446490244, 111.24105258994209, 201.75390286601046, 14.2883469337347, 315.5577769466099, 75.28672174527853, 101.10363922299922, 229.48857367941727, 6.004592852654735]]"
225,"[[(0, 8), (8, 14), (1, 28), (12, 22), (12, 25), (26, 6), (28, 7), (28, 9), (2, 11), (11, 4), (4, 1), (5, 8), (5, 21), (5, 25), (25, 12), (7, 16), (10, 24), (19, 9), (19, 29), (9, 8)]]","[[67.12824706943638, 95.60755616245949, 411.4197089681643, 72.9065374930843, 149.86445489802668, 167.16507443003243, 129.1497475422974, 4.644759792879997, 85.15303035000407, 52.27527151594436, 9.755672759671885, 33.33302218596051, 111.62358263647464, 147.3394189316785, 14.768770200152199, 136.27992223567693, 24.252304834441055, 109.21362424841783, 156.33131133448518, 29.77942923605003]]"
226,"[[(0, 8), (8, 14), (1, 28), (12, 22), (12, 25), (26, 6), (28, 7), (28, 9), (2, 11), (11, 4), (4, 1), (5, 8), (5, 21), (5, 25), (25, 12), (7, 16), (10, 24), (19, 9), (19, 29), (9, 8)]]","[[44.25602995689566, 92.52347421875449, 725.9269566363772, 90.03031874003389, 48.204539337967546, 180.9610868654365, 125.7681921050331, 7.245601133520595, 27.691652792120642, 52.69892829384914, 31.55878175982843, 34.04641796933931, 111.94458065917568, 234.329626469734, 13.229094019028699, 202.09360604607002, 57.479109498135585, 117.07828552975889, 189.26341248368513, 17.267003519938555]]"
227,"[[(0, 8), (8, 14), (1, 28), (12, 22), (12, 25), (26, 6), (28, 7), (28, 9), (2, 11), (11, 4), (4, 1), (5, 8), (5, 21), (5, 25), (25, 12), (7, 16), (10, 24), (19, 9), (19, 29), (9, 8)]]","[[46.3725147935046, 27.232291156027184, 558.852048022761, 89.54431323859421, 72.88985234057199, 163.50400226895653, 239.26582374957877, 9.183967081650371, 34.36099029779422, 52.757303432186205, 4.568134146043936, 22.13121027301878, 112.9823943321966, 235.57874210645514, 17.523135495860238, 234.36599231512096, 43.24862249812968, 53.51401064295159, 207.4599394722877, 10.333881932473531]]"
228,"[[(0, 8), (8, 14), (1, 28), (12, 22), (12, 25), (26, 6), (28, 7), (28, 9), (2, 11), (11, 4), (4, 1), (5, 8), (5, 21), (5, 25), (25, 12), (7, 16), (10, 24), (19, 9), (19, 29), (9, 8)]]","[[30.187807393326338, 118.54908677650761, 751.770386032587, 88.43739010439384, 51.33664705508865, 178.96892955068915, 155.11995510628103, 7.702412222051885, 71.5647317465781, 52.46365467770861, 19.615448012528873, 6.737642662699727, 112.36484414534014, 283.38390573471065, 11.044199057036892, 44.61260000099222, 37.2231848198315, 116.44372924724011, 133.45421409037326, 18.16415732792783]]"
229,"[[(0, 8), (8, 14), (1, 28), (12, 22), (12, 25), (26, 6), (28, 7), (28, 9), (2, 11), (11, 4), (4, 1), (5, 8), (5, 21), (5, 25), (25, 12), (7, 16), (10, 24), (19, 9), (19, 29), (9, 8)]]","[[47.102542752607235, 67.37216012449224, 771.739095230933, 81.95327303347788, 54.268803968588784, 158.92516589807244, 335.41154104972367, 11.712761881789685, 44.38296360979373, 53.99475090026171, 30.6623783981684, 31.38466768832634, 111.44092815781457, 192.6518720172872, 10.079378740653887, 14.20772877448234, 69.6516086708539, 68.24691698136623, 73.71317448016251, 27.151576971822685]]"
230,"[[(0, 8), (8, 14), (1, 28), (12, 22), (12, 25), (26, 6), (28, 7), (28, 9), (2, 11), (11, 4), (4, 1), (5, 8), (5, 21), (5, 25), (25, 12), (7, 16), (10, 24), (19, 9), (19, 29), (9, 8)]]","[[54.26757481556547, 58.77704077820174, 444.48683125519267, 90.79839103599836, 83.08141789272238, 166.3611992791732, 210.52897439709417, 15.874855544181111, 65.8879681301258, 52.80257502928047, 16.678894961490307, 10.293283344028106, 112.1916678518089, 96.59535521936188, 15.59892529576483, 42.193027624546836, 80.67292901248112, 47.72031649643874, 182.13517281547615, 13.395462930252279]]"
231,"[[(0, 8), (8, 14), (1, 28), (12, 22), (12, 25), (26, 6), (28, 7), (28, 9), (2, 11), (11, 4), (4, 1), (5, 8), (5, 21), (5, 25), (25, 12), (7, 16), (10, 24), (19, 9), (19, 29), (9, 8)]]","[[45.59644999062151, 19.63126833149942, 357.58537139936027, 88.55723718470635, 158.0924619404895, 153.15077565257315, 308.750537037856, 13.097915098079099, 47.978444757279014, 52.27717082505238, 28.60793288122202, 28.22746763632999, 112.01615730410316, 296.4887259652274, 22.650095484481785, 139.94774806771, 71.05148958511543, 9.979197333181085, 64.13088111292547, 2.162639719655779]]"
232,"[[(0, 8), (8, 14), (1, 28), (12, 22), (12, 25), (26, 6), (28, 7), (28, 9), (2, 11), (11, 4), (4, 1), (5, 8), (5, 21), (5, 25), (25, 12), (7, 16), (10, 24), (19, 9), (19, 29), (9, 8)]]","[[54.28394824526312, 33.661246744001545, 395.3087139606529, 87.91313823324712, 141.03577742836535, 167.57055405455608, 581.8276623643128, 13.794444860135318, 39.34926904003463, 52.62573902273089, 12.2697003248568, 1.1668799228887292, 111.41779997086726, 184.8929624180444, 25.335404266414308, 247.2050897021844, 79.51912353461913, 15.628898127212098, 229.00255682539358, 19.749415479150468]]"
233,"[[(0, 8), (8, 14), (1, 28), (12, 22), (12, 25), (26, 6), (28, 7), (28, 9), (2, 11), (11, 4), (4, 1), (5, 8), (5, 21), (5, 25), (25, 12), (7, 16), (10, 24), (19, 9), (19, 29), (9, 8)]]","[[36.93044980094304, 35.12937769970955, 677.8340975437249, 86.82027638768456, 71.27629967140632, 153.47515934393766, 185.9122538787952, 5.827865308319633, 22.482600539593534, 53.299228563677666, 12.934603440527358, 19.561454035362534, 112.75413179735021, 190.63003750966038, 11.661427792524464, 322.3140552309175, 52.143987337211, 84.1193225299386, 196.0725799087975, 26.52887606654318]]"
234,"[[(0, 8), (8, 14), (1, 28), (12, 22), (12, 25), (26, 6), (28, 7), (28, 9), (2, 11), (11, 4), (4, 1), (5, 8), (5, 21), (5, 25), (25, 12), (7, 16), (10, 24), (19, 9), (19, 29), (9, 8)]]","[[36.8196358985697, 32.619906186915706, 763.4372120660079, 89.61553640442013, 123.33968794051266, 177.44839210913096, 156.4137170167711, 10.397297566779692, 34.76261464250391, 53.0577082394667, 24.175596370976976, 15.057375018088932, 112.53297538263682, 139.4932190121159, 11.740408775180802, 88.6069709911947, 45.205557801401255, 96.77551952207357, 226.33379144627827, 26.73014032554813]]"
235,"[[(0, 8), (8, 14), (1, 28), (12, 22), (12, 25), (26, 6), (28, 7), (28, 9), (2, 11), (11, 4), (4, 1), (5, 8), (5, 21), (5, 25), (25, 12), (7, 16), (10, 24), (19, 9), (19, 29), (9, 8)]]","[[32.52843715618409, 139.42842003094, 316.0123426429317, 78.5316369082307, 126.40060801430573, 153.52404523410235, 338.70442118652977, 12.684124508183617, 52.10307886770242, 53.484071412203434, 6.909112873091702, 5.55021935376819, 111.22125414141355, 139.03739548164435, 14.754635377162433, 231.06009418979556, 79.5649649551595, 39.27954262548751, 184.29178776666626, 29.712059983070525]]"
236,"[[(0, 8), (8, 14), (1, 28), (12, 22), (12, 25), (26, 6), (28, 7), (28, 9), (2, 11), (11, 4), (4, 1), (5, 8), (5, 21), (5, 25), (25, 12), (7, 16), (10, 24), (19, 9), (19, 29), (9, 8)]]","[[88.20649223516763, 158.16279908019402, 631.8029744626315, 91.1096993478281, 98.14100598680541, 157.17866477569376, 55.42621384148177, 15.947934220390279, 35.796839678442474, 52.54746142522494, 28.544696914922138, 1.7314220950410886, 112.19828502505973, 237.10477528207957, 24.87784745490226, 318.7996402158706, 43.07617934969366, 15.519760314399619, 122.47146763291391, 13.514096681971996]]"
237,"[[(0, 8), (8, 14), (1, 28), (12, 22), (12, 25), (26, 6), (28, 7), (28, 9), (2, 11), (11, 4), (4, 1), (5, 8), (5, 21), (5, 25), (25, 12), (7, 16), (10, 24), (19, 9), (19, 29), (9, 8)]]","[[93.50455087409956, 75.99023554106519, 374.6875102362934, 75.75864532558279, 105.67234475732488, 160.3503372168469, 136.64927241112707, 12.17204481241869, 37.87406737092572, 52.85636948762109, 6.027628795070102, 26.29345460049264, 112.24717542460586, 279.40460942185314, 16.032392152088065, 240.1394819051572, 53.82010060119067, 109.32185980406841, 243.8803798145917, 28.31222060352284]]"
238,"[[(0, 8), (8, 14), (1, 28), (12, 22), (12, 25), (26, 6), (28, 7), (28, 9), (2, 11), (11, 4), (4, 1), (5, 8), (5, 21), (5, 25), (25, 12), (7, 16), (10, 24), (19, 9), (19, 29), (9, 8)]]","[[50.31335098112367, 29.783800461149216, 745.1942632612183, 88.87113435140016, 104.82625846371803, 176.91657382430822, 459.3728688314189, 9.692929800428562, 79.16257737857164, 53.54543037773909, 30.358344404706326, 1.110622539166235, 111.74850645136705, 234.07706545654597, 15.334655552628574, 18.682024415501886, 75.89158178308165, 31.4049770097715, 240.98245437252288, 28.960186477739295]]"
239,"[[(0, 8), (8, 14), (1, 28), (12, 22), (12, 25), (26, 6), (28, 7), (28, 9), (2, 11), (11, 4), (4, 1), (5, 8), (5, 21), (5, 25), (25, 12), (7, 16), (10, 24), (19, 9), (19, 29), (9, 8)]]","[[86.41882855817033, 156.1944977646907, 209.55118266941147, 73.00317276914774, 63.25175536713587, 175.58877426415646, 187.56903292119236, 9.977026211615032, 74.27597447913516, 53.26061091338881, 21.450948246584183, 4.777227996450527, 111.24242712950277, 121.6186819491399, 24.37519345243044, 43.57666969160589, 22.124830804749834, 93.62667077854236, 187.66492216662186, 4.690722318591362]]"
240,"[[(0, 8), (8, 14), (1, 28), (12, 22), (12, 25), (26, 6), (28, 7), (28, 9), (2, 11), (11, 4), (4, 1), (5, 8), (5, 21), (5, 25), (25, 12), (7, 16), (10, 24), (19, 9), (19, 29), (9, 8)]]","[[86.90488699159062, 74.150140650214, 329.3408817701038, 73.85469787789557, 140.05717883789367, 162.70869464137994, 30.75021558967979, 7.834332335721546, 50.02790340161744, 52.79365534973785, 10.304895097976887, 1.642746928876659, 111.84396205257505, 160.92126074835062, 23.67220205286197, 255.8388360368606, 29.90343290826276, 62.3602774302107, 182.8037422904019, 23.47545625038482]]"
241,"[[(0, 8), (8, 14), (1, 28), (12, 22), (12, 25), (26, 6), (28, 7), (28, 9), (2, 11), (11, 4), (4, 1), (5, 8), (5, 21), (5, 25), (25, 12), (7, 16), (10, 24), (19, 9), (19, 29), (9, 8)]]","[[48.884038737814635, 166.68728850677164, 629.1819524968414, 83.00151664208313, 151.38185648133936, 171.53394834916838, 260.80836373581405, 10.989616181596048, 82.56876797370367, 52.72554957952332, 16.538618290386356, 34.61774913166709, 111.50051776287165, 166.41685003813853, 16.92189552135904, 236.37693373032138, 67.45402910917804, 36.315214669534015, 227.0371372319485, 13.65732341212436]]"
242,"[[(0, 8), (8, 14), (1, 28), (12, 22), (12, 25), (26, 6), (28, 7), (28, 9), (2, 11), (11, 4), (4, 1), (5, 8), (5, 21), (5, 25), (25, 12), (7, 16), (10, 24), (19, 9), (19, 29), (9, 8)]]","[[62.39611646750545, 138.0217986012634, 214.30807954113115, 93.09110753035267, 40.370999534004774, 175.93687555850903, 543.0075064676381, 6.48754295471667, 61.64368328272313, 52.916077089020895, 10.75045486415141, 11.868572526642259, 112.39652951017034, 319.2436186065672, 22.17819442530449, 204.4465734293891, 62.845186032359656, 98.92758536477976, 72.75241561855849, 19.78890982357046]]"
243,"[[(0, 8), (8, 14), (1, 28), (12, 22), (12, 25), (26, 6), (28, 7), (28, 9), (2, 11), (11, 4), (4, 1), (5, 8), (5, 21), (5, 25), (25, 12), (7, 16), (10, 24), (19, 9), (19, 29), (9, 8)]]","[[49.94254545484629, 185.3246425651202, 692.6670837211018, 75.5184729782404, 38.94485439616667, 178.77737042317995, 111.1783331225721, 8.482055434819106, 42.52228749405758, 52.46158230386229, 4.981619389162038, 11.110371708162283, 112.18190593410199, 338.6690867455934, 23.64670690991727, 289.4920764719108, 45.01164849338987, 90.17617526499772, 166.12350255882097, 21.811259757899503]]"
244,"[[(0, 8), (8, 14), (1, 28), (12, 22), (12, 25), (26, 6), (28, 7), (28, 9), (2, 11), (11, 4), (4, 1), (5, 8), (5, 21), (5, 25), (25, 12), (7, 16), (10, 24), (19, 9), (19, 29), (9, 8)]]","[[88.3805623552053, 114.72208719144271, 572.0818839683953, 93.51790355067453, 121.50423293840957, 181.68853312645717, 518.1263976266162, 5.290107291224711, 51.050459549172665, 52.986505277188556, 7.169217745644383, 23.37008422060128, 111.44348902495322, 243.91291890888553, 11.061214584495803, 246.61454386533666, 47.6621663005569, 115.37717434931359, 102.04245041090068, 4.765886941498703]]"
245,"[[(0, 8), (8, 14), (1, 28), (12, 22), (12, 25), (26, 6), (28, 7), (28, 9), (2, 11), (11, 4), (4, 1), (5, 8), (5, 21), (5, 25), (25, 12), (7, 16), (10, 24), (19, 9), (19, 29), (9, 8)]]","[[40.09123512094755, 37.151192983927956, 462.6508981307611, 88.9776019789495, 161.8288777933599, 168.90096266961527, 460.77417701573864, 8.195827895978995, 83.8385649341732, 53.509135394397404, 16.449124662738996, 0.1637345981544387, 111.35261149385299, 200.16734546799887, 22.246939577889215, 288.21590894192224, 23.25957034112175, 64.46458828079815, 81.85259584934117, 30.290844995626635]]"
246,"[[(0, 8), (8, 14), (1, 28), (12, 22), (12, 25), (26, 6), (28, 7), (28, 9), (2, 11), (11, 4), (4, 1), (5, 8), (5, 21), (5, 25), (25, 12), (7, 16), (10, 24), (19, 9), (19, 29), (9, 8)]]","[[91.03411234362214, 69.99974235977248, 318.35561138042226, 81.43927520602402, 118.61922145290991, 166.43999863779305, 113.95516324408229, 16.641698718409025, 52.54566739265546, 53.65163885451632, 28.520158926920082, 14.934645365374978, 112.7853197879547, 145.24286540313926, 25.87343452377599, 233.83298581883508, 27.16072283062862, 21.892681560254978, 92.92180541159837, 15.01330242585383]]"
247,"[[(0, 8), (8, 14), (1, 28), (12, 22), (12, 25), (26, 6), (28, 7), (28, 9), (2, 11), (11, 4), (4, 1), (5, 8), (5, 21), (5, 25), (25, 12), (7, 16), (10, 24), (19, 9), (19, 29), (9, 8)]]","[[81.78782309423559, 113.52575863426543, 381.0261162314406, 79.57956461614073, 63.08780690989106, 159.56963774928766, 174.11364548510298, 6.230694095088177, 54.93948074074595, 53.233376051093494, 15.629592753225115, 4.385084530752052, 111.91692307412707, 270.42050950135615, 18.88250880159613, 61.88149666126659, 62.82492438008361, 31.688314248722676, 247.21274627646352, 25.05981885047734]]"
248,"[[(0, 8), (8, 14), (1, 28), (12, 22), (12, 25), (26, 6), (28, 7), (28, 9), (2, 11), (11, 4), (4, 1), (5, 8), (5, 21), (5, 25), (25, 12), (7, 16), (10, 24), (19, 9), (19, 29), (9, 8)]]","[[70.83932663347807, 45.01157823335862, 200.50291505740134, 81.82300568264475, 82.53808397948832, 179.09511932141686, 284.0240092446626, 12.656967852058475, 36.56298564691947, 53.7383772087897, 16.848729928452762, 8.746276486035114, 112.12105866946102, 180.22118393599007, 25.218359221936126, 305.4378359650257, 62.460876145594405, 53.53042148882065, 177.96243948063523, 20.12486276340555]]"
249,"[[(0, 8), (8, 14), (1, 28), (12, 22), (12, 25), (26, 6), (28, 7), (28, 9), (2, 11), (11, 4), (4, 1), (5, 8), (5, 21), (5, 25), (25, 12), (7, 16), (10, 24), (19, 9), (19, 29), (9, 8)]]","[[80.15135363144171, 182.29882979293134, 634.5267074516972, 76.71537520007651, 53.27835828028853, 152.2838556060989, 136.99423908292474, 10.107479884712438, 70.80813758849473, 53.681121036029836, 7.019398018201665, 0.906747575582838, 111.94924078665512, 316.50111294650105, 23.601631077025814, 253.57019374093247, 22.27853090187387, 51.67505473937882, 95.4425968091536, 19.812250447975575]]"
250,"[[(0, 8), (8, 14), (1, 28), (12, 22), (12, 25), (26, 6), (28, 7), (28, 9), (2, 11), (11, 4), (4, 1), (5, 8), (5, 21), (5, 25), (25, 12), (7, 16), (10, 24), (19, 9), (19, 29), (9, 8)]]","[[31.705637205792534, 22.41854503429239, 218.62216371214387, 91.93087519411074, 99.2938829526271, 152.63402284712873, 510.051763832954, 8.130352148970339, 32.90051972031201, 53.78538775500466, 21.776499923442497, 26.837695278895858, 112.3164540379439, 267.7738176828516, 13.428196536069699, 232.4926664963754, 63.2127764119439, 116.12610100322435, 232.7699489728312, 16.029792256294144]]"
251,"[[(0, 8), (8, 14), (1, 28), (12, 22), (12, 25), (26, 6), (28, 7), (28, 9), (2, 11), (11, 4), (4, 1), (5, 8), (5, 21), (5, 25), (25, 12), (7, 16), (10, 24), (19, 9), (19, 29), (9, 8)]]","[[61.45930126038368, 110.44500106296255, 616.6769436308533, 75.19743958235742, 34.02209332453105, 179.56970124441716, 501.8233041164305, 16.822935460414634, 76.26740364478513, 52.90027664772764, 26.615019187719703, 30.15721657111263, 112.29244368523405, 119.16860761044911, 11.816718883323913, 103.05224354831797, 47.47945897557807, 32.900832700645395, 111.04275211932182, 21.750512722498833]]"
252,"[[(0, 8), (8, 14), (1, 28), (12, 22), (12, 25), (26, 6), (28, 7), (28, 9), (2, 11), (11, 4), (4, 1), (5, 8), (5, 21), (5, 25), (25, 12), (7, 16), (10, 24), (19, 9), (19, 29), (9, 8)]]","[[89.66238241004822, 164.84678473257972, 568.0330396807936, 73.90378713112388, 157.47632493325304, 168.73134900741528, 562.5590866372031, 6.69196967319307, 63.77987694560694, 53.500624066704255, 4.876422860341454, 1.4335752390232024, 112.6455851979614, 201.05929921690432, 19.4611039612304, 94.00815039052503, 30.48871037431809, 40.282655363874326, 185.38485925912585, 24.886604088780608]]"
253,"[[(0, 8), (8, 14), (1, 28), (12, 22), (12, 25), (26, 6), (28, 7), (28, 9), (2, 11), (11, 4), (4, 1), (5, 8), (5, 21), (5, 25), (25, 12), (7, 16), (10, 24), (19, 9), (19, 29), (9, 8)]]","[[85.63699525329183, 172.5518318280667, 350.75925685551164, 72.12359793477582, 103.1298701498439, 165.6495527891209, 199.57570771573586, 16.72324683027747, 45.850676625116, 52.1772141671635, 27.683992544394528, 32.83738555824684, 112.1637414184269, 317.7236469375882, 13.948968843229169, 91.27451389283952, 61.30726237002462, 101.9138697060016, 184.19310108753902, 19.93548432799863]]"
254,"[[(0, 8), (8, 14), (1, 28), (12, 22), (12, 25), (26, 6), (28, 7), (28, 9), (2, 11), (11, 4), (4, 1), (5, 8), (5, 21), (5, 25), (25, 12), (7, 16), (10, 24), (19, 9), (19, 29), (9, 8)]]","[[48.91679583128101, 100.51156248046682, 590.1310617085351, 85.82005753023043, 160.09733877475773, 167.8973956521287, 497.1737740918061, 6.6035692480411665, 44.62835683855763, 53.21756193789954, 9.552570961784944, 16.283254674684333, 112.94837603688296, 157.1310023499181, 10.433016256926074, 30.409927035593597, 57.994988179711854, 30.54693644192551, 160.34998849319953, 12.853850341085764]]"
255,"[[(0, 8), (8, 14), (1, 28), (12, 22), (12, 25), (26, 6), (28, 7), (28, 9), (2, 11), (11, 4), (4, 1), (5, 8), (5, 21), (5, 25), (25, 12), (7, 16), (10, 24), (19, 9), (19, 29), (9, 8)]]","[[42.29206367156027, 23.102651268565708, 562.5939269807042, 93.12754875546204, 102.65317751770527, 181.21825637456456, 116.6947575530909, 9.833721740936229, 35.880945286453745, 52.101888424863, 10.0928100831388, 32.648080147955135, 112.3418833037067, 127.20556548188095, 16.254378431622882, 120.89374293681362, 33.23484028864106, 20.580381875199592, 196.07305068716332, 4.807193311460331]]"
256,"[[(0, 8), (8, 14), (1, 28), (12, 22), (12, 25), (26, 6), (28, 7), (28, 9), (2, 11), (11, 4), (4, 1), (5, 8), (5, 21), (5, 25), (25, 12), (7, 16), (10, 24), (19, 9), (19, 29), (9, 8)]]","[[57.72420561588004, 149.85031177248624, 376.5954496708679, 73.50139473418191, 60.18939213116404, 154.91517143111608, 31.672974638774942, 11.297082309743313, 41.62894338884411, 52.60510269978799, 31.023762137337496, 14.282744491211554, 111.16987423547603, 128.46530458734688, 14.436214444469293, 62.22767804748516, 23.711386775102635, 38.03042766878387, 171.4967298037505, 30.524658115491324]]"
257,"[[(0, 8), (8, 14), (1, 28), (12, 22), (12, 25), (26, 6), (28, 7), (28, 9), (2, 11), (11, 4), (4, 1), (5, 8), (5, 21), (5, 25), (25, 12), (7, 16), (10, 24), (19, 9), (19, 29), (9, 8)]]","[[68.92799854652313, 182.1509209278037, 428.7507967254299, 78.95655619482318, 125.77336947936507, 169.71164639390426, 250.62611791358248, 10.877490081175367, 56.40300850342381, 53.285499695064026, 22.95978276915801, 33.13272242356628, 112.04529632326178, 261.3865554328254, 11.167082597211968, 268.61013741050454, 27.226070952019327, 25.771185027209352, 212.77807956650898, 10.113917323061575]]"
258,"[[(0, 8), (8, 14), (1, 28), (12, 22), (12, 25), (26, 6), (28, 7), (28, 9), (2, 11), (11, 4), (4, 1), (5, 8), (5, 21), (5, 25), (25, 12), (7, 16), (10, 24), (19, 9), (19, 29), (9, 8)]]","[[87.32931687380476, 138.09249077841497, 638.9844226992542, 83.55879191541774, 158.45554860996128, 155.53712983437433, 65.06191803896836, 10.774229556626427, 51.75562798113905, 52.24086692428169, 28.021548831249202, 11.16489660459156, 111.2781858509218, 244.51027211962966, 23.371505534100454, 240.56785039993542, 78.74473455678786, 112.52180238125172, 211.16136246279646, 5.755018441761962]]"
259,"[[(0, 8), (8, 14), (1, 28), (12, 22), (12, 25), (26, 6), (28, 7), (28, 9), (2, 11), (11, 4), (4, 1), (5, 8), (5, 21), (5, 25), (25, 12), (7, 16), (10, 24), (19, 9), (19, 29), (9, 8)]]","[[60.39391688735789, 55.381923786801764, 625.5580344157042, 74.68005720723596, 60.63022704698315, 178.53756367455938, 480.1218935929419, 10.918386555941002, 67.87994792728031, 53.807751558447755, 5.824273575447841, 17.398481164265224, 111.80568438631244, 99.94632151908972, 15.486917514205027, 54.34889705306309, 44.015716858632445, 52.34437456497921, 94.90660950147036, 19.601681114192132]]"
260,"[[(0, 8), (8, 14), (1, 28), (12, 22), (12, 25), (26, 6), (28, 7), (28, 9), (2, 11), (11, 4), (4, 1), (5, 8), (5, 21), (5, 25), (25, 12), (7, 16), (10, 24), (19, 9), (19, 29), (9, 8)]]","[[45.37025461309342, 177.94107115572552, 247.23070150023977, 84.84441667029826, 151.2836123583106, 175.3548474832739, 369.35211797146474, 15.624684182449734, 33.5313832870017, 53.016590877208095, 22.453489758794728, 4.675009368580815, 111.69659302206868, 137.47803929050946, 14.22221261262645, 231.55456960974914, 73.19418420739302, 88.50598522844324, 102.54057851956965, 27.399787913545733]]"
261,"[[(0, 8), (8, 14), (1, 28), (12, 22), (12, 25), (26, 6), (28, 7), (28, 9), (2, 11), (11, 4), (4, 1), (5, 8), (5, 21), (5, 25), (25, 12), (7, 16), (10, 24), (19, 9), (19, 29), (9, 8)]]","[[77.97760682824418, 40.165608013540776, 439.35213436423004, 76.62079209483473, 107.63251102078141, 168.047977668601, 432.7661019801426, 15.801933204439925, 25.445735347538246, 52.10564578430178, 16.53621551019634, 0.1344253265621087, 111.76186138544068, 268.40453610838586, 19.263611358924162, 262.4874631417996, 24.911473031629487, 44.73545423175149, 230.79150592532235, 15.913945997160116]]"
262,"[[(0, 8), (8, 14), (1, 28), (12, 22), (12, 25), (26, 6), (28, 7), (28, 9), (2, 11), (11, 4), (4, 1), (5, 8), (5, 21), (5, 25), (25, 12), (7, 16), (10, 24), (19, 9), (19, 29), (9, 8)]]","[[34.64188826204861, 35.49846549860062, 627.6760559862623, 78.51321451438305, 100.48256156024516, 178.40063328787124, 568.7395924620075, 4.099084954344671, 28.97032866501518, 53.98372216706066, 8.883534719755781, 9.241394465744206, 112.51724748813389, 156.0449588344266, 25.580093241983434, 52.97638312876399, 64.37099244077613, 45.01318495060811, 66.63421224510896, 21.509031224344962]]"
263,"[[(0, 8), (8, 14), (1, 28), (12, 22), (12, 25), (26, 6), (28, 7), (28, 9), (2, 11), (11, 4), (4, 1), (5, 8), (5, 21), (5, 25), (25, 12), (7, 16), (10, 24), (19, 9), (19, 29), (9, 8)]]","[[36.91459702775469, 114.8237700199777, 579.266614058859, 72.24631145586363, 114.90048611073931, 175.3317354924034, 149.31285793996585, 16.926907403551553, 31.604420531147092, 53.125413036879756, 5.00441106171694, 22.551583888808388, 111.5331342580773, 174.00756797951004, 16.946892973091565, 131.98294675091577, 23.17965822402922, 72.89478184569671, 68.43070954790937, 15.07121870855729]]"
264,"[[(0, 8), (8, 14), (1, 28), (12, 22), (12, 25), (26, 6), (28, 7), (28, 9), (2, 11), (11, 4), (4, 1), (5, 8), (5, 21), (5, 25), (25, 12), (7, 16), (10, 24), (19, 9), (19, 29), (9, 8)]]","[[29.938251420337988, 60.91841689271052, 469.8565021672411, 73.1010668555371, 164.04320079384382, 164.96240239581167, 480.47209358200143, 4.113324993286461, 55.00866795764878, 53.69245517459245, 8.419866391161355, 21.929460647070023, 111.69789426964009, 243.491255220481, 24.89690189392246, 30.432286900553077, 32.33318336783695, 17.459206669133117, 156.33431911775153, 24.727095559995675]]"
265,"[[(0, 8), (8, 14), (1, 28), (12, 22), (12, 25), (26, 6), (28, 7), (28, 9), (2, 11), (11, 4), (4, 1), (5, 8), (5, 21), (5, 25), (25, 12), (7, 16), (10, 24), (19, 9), (19, 29), (9, 8)]]","[[47.96487307539932, 70.8775461317233, 243.77398967856595, 90.8479251141145, 76.55838170014843, 167.43723967135844, 507.6933226550581, 11.89952981974728, 24.707680013836686, 52.26953661388078, 21.151800200658577, 8.608744108190491, 112.97646157536438, 290.93219724917003, 16.965984669660564, 285.73355339893374, 44.83774494176754, 75.91187620860198, 242.63421413243557, 18.99175103983417]]"
266,"[[(0, 8), (8, 14), (1, 28), (12, 22), (12, 25), (26, 6), (28, 7), (28, 9), (2, 11), (11, 4), (4, 1), (5, 8), (5, 21), (5, 25), (25, 12), (7, 16), (10, 24), (19, 9), (19, 29), (9, 8)]]","[[62.92700009512929, 173.59403147265587, 674.0543436533527, 79.47786092793226, 161.24813184178342, 160.2288209750393, 95.32580212126697, 7.593428475208348, 66.56646375854336, 53.030189646684214, 20.736596949531865, 16.262291406544144, 111.77318782410204, 329.17139822698044, 17.55673804853172, 80.14301947993476, 66.49912095104789, 87.6314919813503, 119.91326089043136, 10.555648354412906]]"
267,"[[(0, 8), (8, 14), (1, 28), (12, 22), (12, 25), (26, 6), (28, 7), (28, 9), (2, 11), (11, 4), (4, 1), (5, 8), (5, 21), (5, 25), (25, 12), (7, 16), (10, 24), (19, 9), (19, 29), (9, 8)]]","[[65.19113110273511, 135.821623152681, 503.06097458317447, 88.7961115112933, 33.50808152418313, 160.75518769700898, 548.9981716283492, 10.027968908794081, 58.40477853762344, 53.19228718051296, 25.056330355635787, 13.950369646837222, 112.43126614105378, 101.54135483807458, 25.975825415821145, 9.541043033128137, 31.261381433196007, 81.47063017482196, 96.74476510144125, 22.908468556116436]]"
268,"[[(0, 8), (8, 14), (1, 28), (12, 22), (12, 25), (26, 6), (28, 7), (28, 9), (2, 11), (11, 4), (4, 1), (5, 8), (5, 21), (5, 25), (25, 12), (7, 16), (10, 24), (19, 9), (19, 29), (9, 8)]]","[[35.69180439174244, 132.43208921978044, 545.1159867620063, 91.3269452666792, 37.998520148499566, 166.42654158231062, 517.4173469262199, 16.435065031959162, 64.05395243642835, 53.676185532299435, 20.743960570784715, 7.575650288084398, 112.40491135002054, 255.14078584016073, 14.97561394402005, 302.2827689674647, 34.907679954039615, 111.75252091689076, 260.5060097401275, 2.938010382426814]]"
269,"[[(0, 8), (8, 14), (1, 28), (12, 22), (12, 25), (26, 6), (28, 7), (28, 9), (2, 11), (11, 4), (4, 1), (5, 8), (5, 21), (5, 25), (25, 12), (7, 16), (10, 24), (19, 9), (19, 29), (9, 8)]]","[[86.9257606680858, 172.2070532439729, 457.10141858884634, 79.70413644601642, 97.56052682385378, 155.82408975791267, 213.02858172039643, 10.101549529853187, 42.03410406217479, 53.298825606367856, 7.590737383278292, 22.272150536104316, 112.25649264528437, 336.23215639211276, 20.701955544150664, 73.23420467850123, 62.71135262345289, 59.695662315692545, 141.7952813168865, 20.80952357898701]]"
270,"[[(0, 8), (8, 14), (1, 28), (12, 22), (12, 25), (26, 6), (28, 7), (28, 9), (2, 11), (11, 4), (4, 1), (5, 8), (5, 21), (5, 25), (25, 12), (7, 16), (10, 24), (19, 9), (19, 29), (9, 8)]]","[[75.9987802922667, 36.69039584445626, 285.86875614110977, 81.77562850930622, 62.935514132207985, 179.29672284630388, 275.77641645487006, 11.794372979143215, 40.56047545485343, 52.71186288421955, 31.818836647284897, 19.06913148885125, 111.57545075229977, 152.18942544729228, 19.607474417849332, 17.087736826188163, 23.415955105474243, 82.0890168384508, 60.799237414427864, 16.259903961144385]]"
271,"[[(0, 8), (8, 14), (1, 28), (12, 22), (12, 25), (26, 6), (28, 7), (28, 9), (2, 11), (11, 4), (4, 1), (5, 8), (5, 21), (5, 25), (25, 12), (7, 16), (10, 24), (19, 9), (19, 29), (9, 8)]]","[[51.54351281625826, 14.056022931443184, 713.5467627356302, 76.6838185399428, 50.67390999815123, 179.71768648657834, 108.70740392154434, 11.278488146939035, 41.70544100521641, 52.493121475706445, 26.916161793210463, 33.40377287639882, 112.28995549352359, 160.2918696246325, 24.870385255845225, 229.88275026954935, 77.8538900428643, 38.84993809433698, 93.76357646960545, 4.736435135588881]]"
272,"[[(0, 8), (8, 14), (1, 28), (12, 22), (12, 25), (26, 6), (28, 7), (28, 9), (2, 11), (11, 4), (4, 1), (5, 8), (5, 21), (5, 25), (25, 12), (7, 16), (10, 24), (19, 9), (19, 29), (9, 8)]]","[[90.62042106282397, 142.30000210756316, 717.5744934193641, 92.29992549862442, 129.01556634664163, 180.83389416763447, 343.84708419119613, 6.326908087031049, 45.96436435003519, 52.09540099125154, 9.030641645369109, 5.4566682042671335, 111.26736506989425, 141.82332771664608, 21.692721478133656, 123.67671967264477, 45.73604773984139, 97.89418847476347, 170.0449481227435, 7.000810912464562]]"
273,"[[(0, 8), (8, 14), (1, 28), (12, 22), (12, 25), (26, 6), (28, 7), (28, 9), (2, 11), (11, 4), (4, 1), (5, 8), (5, 21), (5, 25), (25, 12), (7, 16), (10, 24), (19, 9), (19, 29), (9, 8)]]","[[61.85882039439212, 85.69364538813174, 722.1310847987467, 76.70036871307649, 127.8146396877453, 174.39723996277866, 213.72264841440096, 12.224872351030369, 49.190300510543445, 53.333396872014795, 15.165110110390684, 25.290381855387672, 112.47786357619141, 217.44848648394736, 12.747868774429232, 102.49566819453912, 42.57653553405359, 93.91571587054266, 171.0094535845207, 28.987858618191126]]"
274,"[[(0, 8), (8, 14), (1, 28), (12, 22), (12, 25), (26, 6), (28, 7), (28, 9), (2, 11), (11, 4), (4, 1), (5, 8), (5, 21), (5, 25), (25, 12), (7, 16), (10, 24), (19, 9), (19, 29), (9, 8)]]","[[30.560481710133523, 180.53529989357392, 457.9610107790712, 90.43944246033098, 69.52960034456913, 175.3750470097761, 536.4693143118127, 12.778525825823733, 74.55420274235271, 53.22401794771956, 8.911974251646832, 12.083951194620674, 111.82846459199726, 167.45300019246991, 10.472667911307365, 291.63039984087675, 60.270764815768345, 101.82151294359308, 178.8316949667477, 17.214841776203855]]"
275,"[[(0, 8), (8, 14), (1, 28), (12, 22), (12, 25), (26, 6), (28, 7), (28, 9), (2, 11), (11, 4), (4, 1), (5, 8), (5, 21), (5, 25), (25, 12), (7, 16), (10, 24), (19, 9), (19, 29), (9, 8)]]","[[65.7439061960659, 109.68009041138139, 677.1313544046225, 81.997597363519, 107.5805935472096, 155.43423916178742, 255.36473990204595, 5.952997836679494, 77.68530609831106, 52.58287153994297, 16.418668126579075, 24.340615994589665, 112.56402319243877, 236.74869277235706, 15.518967328855593, 51.7977470758771, 34.895132410587735, 118.46053161975118, 74.08438324985052, 18.136793607104913]]"
276,"[[(0, 8), (8, 14), (1, 28), (12, 22), (12, 25), (26, 6), (28, 7), (28, 9), (2, 11), (11, 4), (4, 1), (5, 8), (5, 21), (5, 25), (25, 12), (7, 16), (10, 24), (19, 9), (19, 29), (9, 8)]]","[[41.617997082524084, 179.35101445974703, 376.080758399306, 80.08422999712035, 35.19705868485928, 158.45244843709477, 546.1256210219395, 11.943967705385706, 49.38907788908479, 53.852461970312845, 10.048064444978916, 3.33203847599014, 111.18307547153198, 289.8911355383219, 24.439799507279893, 30.75760069477883, 62.164600483490645, 55.11166851301693, 181.22491117185064, 13.166230400676131]]"
277,"[[(0, 8), (8, 14), (1, 28), (12, 22), (12, 25), (26, 6), (28, 7), (28, 9), (2, 11), (11, 4), (4, 1), (5, 8), (5, 21), (5, 25), (25, 12), (7, 16), (10, 24), (19, 9), (19, 29), (9, 8)]]","[[61.933601078670954, 154.809407463926, 369.5813908332585, 82.83461076614648, 94.47697032850931, 154.2089772687119, 330.418082614195, 13.315020131855237, 66.79353534789209, 52.08184458248245, 26.161219863847663, 24.85393103779374, 112.71081918641705, 276.8729696242798, 24.787247162036543, 103.2034128359368, 51.20053973968524, 18.357913723648654, 177.8581814206795, 8.12705942104171]]"
278,"[[(0, 8), (8, 14), (1, 28), (12, 22), (12, 25), (26, 6), (28, 7), (28, 9), (2, 11), (11, 4), (4, 1), (5, 8), (5, 21), (5, 25), (25, 12), (7, 16), (10, 24), (19, 9), (19, 29), (9, 8)]]","[[66.60229325696673, 117.78663159199348, 778.6378194799881, 92.6694755400929, 114.30298499513576, 161.34891500835627, 58.72953994507496, 14.582628308131405, 65.28743853585631, 53.42963459244578, 17.355437235815184, 25.76419858580865, 112.58651038733089, 250.4702286064511, 22.644084611172985, 258.0143105210367, 55.961061909393415, 41.562850772053224, 130.57472760599825, 8.503457749539354]]"
279,"[[(0, 8), (8, 14), (1, 28), (12, 22), (12, 25), (26, 6), (28, 7), (28, 9), (2, 11), (11, 4), (4, 1), (5, 8), (5, 21), (5, 25), (25, 12), (7, 16), (10, 24), (19, 9), (19, 29), (9, 8)]]","[[60.43192048176855, 84.21200946573921, 564.7501736935684, 88.34093691185731, 107.40645143322806, 160.7433144391196, 176.22458477790622, 10.500110772046899, 66.35369156728984, 53.92080974058734, 20.27998270010948, 19.92643188551294, 112.87551119330084, 277.22361223476406, 11.58723987601818, 248.2313739475136, 50.72564338305346, 110.99016670991054, 62.225505823151664, 21.729382483858448]]"
280,"[[(0, 8), (8, 14), (1, 28), (12, 22), (12, 25), (26, 6), (28, 7), (28, 9), (2, 11), (11, 4), (4, 1), (5, 8), (5, 21), (5, 25), (25, 12), (7, 16), (10, 24), (19, 9), (19, 29), (9, 8)]]","[[67.675894705215, 119.14546273989241, 239.02843309784967, 92.26320445316763, 111.20108161481788, 163.53103274055997, 559.884537487727, 10.319396477757737, 58.98522701525493, 52.40382427175573, 7.933664742523593, 28.80455390617234, 111.36182664280818, 302.79427620341914, 25.517557835548565, 324.0348949993447, 43.98833768337434, 71.53011070525551, 108.86547397017756, 27.124250001225878]]"
281,"[[(0, 8), (8, 14), (1, 28), (12, 22), (12, 25), (26, 6), (28, 7), (28, 9), (2, 11), (11, 4), (4, 1), (5, 8), (5, 21), (5, 25), (25, 12), (7, 16), (10, 24), (19, 9), (19, 29), (9, 8)]]","[[38.02517562484777, 149.67606922089365, 371.14802760383736, 81.69188343836173, 39.41523476641247, 152.70447055174435, 82.4669720145991, 7.28517406089371, 53.45593838368624, 53.90090979652094, 24.792660082440587, 16.525017988477202, 111.85882979695617, 112.11245173699412, 18.065025548054482, 241.67858268897157, 48.21120548467911, 65.38908384125233, 167.71214614361537, 20.48332800582349]]"
282,"[[(0, 8), (8, 14), (1, 28), (12, 22), (12, 25), (26, 6), (28, 7), (28, 9), (2, 11), (11, 4), (4, 1), (5, 8), (5, 21), (5, 25), (25, 12), (7, 16), (10, 24), (19, 9), (19, 29), (9, 8)]]","[[66.60758587924357, 119.13623961247072, 497.622188818189, 83.63251345077947, 124.94709992921749, 164.52554993974184, 99.42428352319295, 10.211923262544868, 74.77851040839587, 53.10224938089105, 31.05373928330762, 1.9113821240239326, 111.93635460190961, 198.15992300707111, 19.765090212773803, 41.26165642769943, 70.25907405809599, 63.153773946073855, 181.80184010232745, 21.435212493971182]]"
283,"[[(0, 8), (8, 14), (1, 28), (12, 22), (12, 25), (26, 6), (28, 7), (28, 9), (2, 11), (11, 4), (4, 1), (5, 8), (5, 21), (5, 25), (25, 12), (7, 16), (10, 24), (19, 9), (19, 29), (9, 8)]]","[[30.025649321561836, 27.370277550874203, 542.4861767651151, 77.06804442498355, 139.71505933752704, 157.53382272564767, 528.1695168254233, 13.756319477035488, 80.41730858012804, 52.405289345678895, 12.865024203383186, 27.02663004189506, 111.33542843196787, 178.19609623332298, 23.023521696531038, 148.8038277028294, 29.305813891800177, 111.05899107329068, 213.44124572785017, 1.8943755076079718]]"
284,"[[(0, 8), (8, 14), (1, 28), (12, 22), (12, 25), (26, 6), (28, 7), (28, 9), (2, 11), (11, 4), (4, 1), (5, 8), (5, 21), (5, 25), (25, 12), (7, 16), (10, 24), (19, 9), (19, 29), (9, 8)]]","[[59.15356700440101, 111.30266735366632, 736.5936786233306, 83.11120711539179, 92.06194192118346, 160.2234149178122, 285.9479884951551, 14.19700773805156, 54.95022500095513, 52.0825670035317, 11.717340615462353, 19.46267442750778, 111.87611715265659, 191.91859422896414, 17.434086579482866, 79.12713593522693, 28.725921056646456, 27.238860607580925, 109.72310486225467, 10.374672163188585]]"
285,"[[(0, 8), (8, 14), (1, 28), (12, 22), (12, 25), (26, 6), (28, 7), (28, 9), (2, 11), (11, 4), (4, 1), (5, 8), (5, 21), (5, 25), (25, 12), (7, 16), (10, 24), (19, 9), (19, 29), (9, 8)]]","[[46.89850255894356, 169.33218399820652, 477.96152988117865, 84.77343029708935, 81.96523017594173, 166.77096617203566, 269.9978589885246, 4.25444020594062, 49.5570265694983, 53.39267066054938, 29.363227181526366, 35.59135311808212, 111.24087566317378, 227.7380916416119, 13.761244533180037, 75.11784918874922, 46.174780929984664, 60.07257425458561, 187.98873777102784, 8.577537567699853]]"
286,"[[(0, 8), (8, 14), (1, 28), (12, 22), (12, 25), (26, 6), (28, 7), (28, 9), (2, 11), (11, 4), (4, 1), (5, 8), (5, 21), (5, 25), (25, 12), (7, 16), (10, 24), (19, 9), (19, 29), (9, 8)]]","[[39.966750046507514, 74.26766652244201, 207.61657018646798, 87.40778515798596, 139.5133393683783, 176.899024629629, 327.10167716883456, 9.759819479653224, 34.36750629970563, 52.736239709275544, 14.85538273751158, 14.571774575870425, 112.59434798732977, 189.6062547251458, 23.38676853310308, 133.3349974006512, 66.96023834241514, 30.5019349522656, 203.1016012010073, 24.66540209002259]]"
287,"[[(0, 8), (8, 14), (1, 28), (12, 22), (12, 25), (26, 6), (28, 7), (28, 9), (2, 11), (11, 4), (4, 1), (5, 8), (5, 21), (5, 25), (25, 12), (7, 16), (10, 24), (19, 9), (19, 29), (9, 8)]]","[[41.61983190805735, 168.15581670493034, 283.43361379807084, 74.35067243901804, 163.66376103715882, 165.3645870725858, 184.71407722750223, 4.46932850100939, 26.78988810700391, 52.7172774860891, 8.89615029341409, 19.04282539412479, 112.9839513760514, 289.243466482837, 13.886945162176525, 200.4509014971874, 27.758414625973426, 31.98527748366377, 115.28834446636476, 7.340576205832569]]"
288,"[[(0, 8), (8, 14), (1, 28), (12, 22), (12, 25), (26, 6), (28, 7), (28, 9), (2, 11), (11, 4), (4, 1), (5, 8), (5, 21), (5, 25), (25, 12), (7, 16), (10, 24), (19, 9), (19, 29), (9, 8)]]","[[81.99224895259155, 142.69655958917838, 628.6852559718823, 78.68084816015919, 88.92390707144729, 170.877230339742, 346.8862754183711, 11.066954664073574, 69.23400020693526, 52.32701501993088, 8.050717858010433, 13.314521866597765, 111.72058980194844, 236.3780518587112, 10.375685304476402, 249.7911701953568, 48.56318164749412, 10.932189316539022, 118.62274502724784, 24.49775955044935]]"
289,"[[(0, 8), (8, 14), (1, 28), (12, 22), (12, 25), (26, 6), (28, 7), (28, 9), (2, 11), (11, 4), (4, 1), (5, 8), (5, 21), (5, 25), (25, 12), (7, 16), (10, 24), (19, 9), (19, 29), (9, 8)]]","[[42.17599512583078, 115.96489791046817, 552.3155213848798, 90.30077177980797, 83.50526381369882, 157.40989084491912, 75.76422322075135, 13.364172684345483, 85.70066209062671, 52.49395347478975, 29.3570221488078, 34.95694363568718, 112.68898389217253, 218.6972751248201, 13.621872382502486, 255.6963334317742, 44.830452335489035, 97.41289568056312, 209.1476704915713, 8.616955990529728]]"
290,"[[(0, 8), (8, 14), (1, 28), (12, 22), (12, 25), (26, 6), (28, 7), (28, 9), (2, 11), (11, 4), (4, 1), (5, 8), (5, 21), (5, 25), (25, 12), (7, 16), (10, 24), (19, 9), (19, 29), (9, 8)]]","[[44.98464047032323, 128.18019950037774, 532.4819827150714, 80.5581502599964, 43.402472563665334, 162.00739526910226, 277.01180490700483, 6.415056637188295, 33.901876175330514, 53.766643001435824, 12.35885248071482, 13.436257159056343, 111.11254932460899, 183.6777434530391, 12.251188999337295, 244.63002077230422, 27.424402306188504, 59.08831324948005, 135.48654430486096, 8.36750697973968]]"
291,"[[(0, 8), (8, 14), (1, 28), (12, 22), (12, 25), (26, 6), (28, 7), (28, 9), (2, 11), (11, 4), (4, 1), (5, 8), (5, 21), (5, 25), (25, 12), (7, 16), (10, 24), (19, 9), (19, 29), (9, 8)]]","[[63.13885472062448, 78.24376685639908, 327.1548231648631, 92.95615170722903, 94.25568966079486, 168.13027200456912, 445.56601830223434, 4.1340269555219855, 38.914402544747574, 52.19724404048002, 23.285715705068633, 18.032453011489025, 112.812589775402, 306.9552635767281, 15.220102789495018, 321.87395007687604, 53.90151706551617, 53.26041032704508, 110.95498363276356, 8.993037784302931]]"
292,"[[(0, 8), (8, 14), (1, 28), (12, 22), (12, 25), (26, 6), (28, 7), (28, 9), (2, 11), (11, 4), (4, 1), (5, 8), (5, 21), (5, 25), (25, 12), (7, 16), (10, 24), (19, 9), (19, 29), (9, 8)]]","[[37.714849628758614, 161.46977226207883, 717.4649958357118, 76.87025218273978, 41.48112755676892, 172.90525037841712, 260.6794094013694, 5.1991228568064765, 36.337272728634474, 53.74647301395028, 19.12215523156376, 21.079872829365694, 111.21125070749189, 215.28010979381705, 22.761466863600695, 281.56427189851627, 23.40109868682395, 65.5398388742493, 247.70203960616004, 13.820210635323495]]"
293,"[[(0, 8), (8, 14), (1, 28), (12, 22), (12, 25), (26, 6), (28, 7), (28, 9), (2, 11), (11, 4), (4, 1), (5, 8), (5, 21), (5, 25), (25, 12), (7, 16), (10, 24), (19, 9), (19, 29), (9, 8)]]","[[76.12815001151515, 123.74108535687873, 443.10500958035874, 82.87538081069653, 109.3038205783465, 152.0395124703603, 452.1791776226218, 5.391991955009065, 80.87089700578403, 52.47304176730473, 11.74273940685345, 19.76023472480336, 112.94599785652018, 316.55757369192713, 12.916101409591061, 164.26687076938958, 76.19555568831584, 48.002835432758935, 202.11699053902052, 11.787512589635142]]"
294,"[[(0, 8), (8, 14), (1, 28), (12, 22), (12, 25), (26, 6), (28, 7), (28, 9), (2, 11), (11, 4), (4, 1), (5, 8), (5, 21), (5, 25), (25, 12), (7, 16), (10, 24), (19, 9), (19, 29), (9, 8)]]","[[37.229135677989, 34.44666580884051, 207.11357698132716, 86.01572004476363, 124.3682571328843, 169.62027084778921, 55.323193940360646, 16.18665096489741, 70.76976698213312, 52.48171333772455, 29.08038133762956, 12.48154110588192, 112.33662334434936, 273.0547375660767, 11.466892164916196, 254.97812682885822, 73.32033991340221, 85.31609076575079, 244.44519412805548, 23.403035994367965]]"
295,"[[(0, 8), (8, 14), (1, 28), (12, 22), (12, 25), (26, 6), (28, 7), (28, 9), (2, 11), (11, 4), (4, 1), (5, 8), (5, 21), (5, 25), (25, 12), (7, 16), (10, 24), (19, 9), (19, 29), (9, 8)]]","[[53.84147734624662, 104.78624104560741, 435.2256508210232, 79.95897803068615, 107.02260193571746, 178.91557987361352, 152.3641503897606, 8.951692591552323, 83.67170911002067, 52.74925677918972, 8.055690398420428, 0.2322204636125269, 112.2474939534194, 95.34763195758853, 16.81978731114651, 60.9618716024272, 40.50127673465445, 115.01550339896247, 134.60954713220124, 10.442593191106791]]"
296,"[[(0, 8), (8, 14), (1, 28), (12, 22), (12, 25), (26, 6), (28, 7), (28, 9), (2, 11), (11, 4), (4, 1), (5, 8), (5, 21), (5, 25), (25, 12), (7, 16), (10, 24), (19, 9), (19, 29), (9, 8)]]","[[29.64738786966165, 33.892604575566665, 707.7879562345736, 81.25535307948444, 123.84378918666782, 162.6040404502519, 584.1830898035531, 12.609426818976308, 60.4868575957202, 53.529439900282206, 30.166200646155275, 15.338647997166907, 112.60486736015096, 102.23757553519698, 10.662517879929789, 51.234273667463164, 53.10499762521434, 31.909307577845894, 112.5595397034289, 13.095851871088954]]"
297,"[[(0, 8), (8, 14), (1, 28), (12, 22), (12, 25), (26, 6), (28, 7), (28, 9), (2, 11), (11, 4), (4, 1), (5, 8), (5, 21), (5, 25), (25, 12), (7, 16), (10, 24), (19, 9), (19, 29), (9, 8)]]","[[84.17929134924555, 46.90209218340072, 229.31040232967263, 79.61361951903385, 51.22994367129792, 164.08761259068885, 409.16795328423035, 3.196010965725891, 73.0484329048274, 53.25463032966695, 31.260868210188956, 18.865867305196865, 111.5028726175293, 299.2594617015624, 15.043258413273042, 223.20392972795756, 54.25469227563797, 51.136373522077946, 156.67740030102263, 10.656121948568149]]"
298,"[[(0, 8), (8, 14), (1, 28), (12, 22), (12, 25), (26, 6), (28, 7), (28, 9), (2, 11), (11, 4), (4, 1), (5, 8), (5, 21), (5, 25), (25, 12), (7, 16), (10, 24), (19, 9), (19, 29), (9, 8)]]","[[80.6046300443499, 59.523142511329, 331.59089695063676, 90.19283385343945, 125.14815430137463, 161.11885640682897, 315.74155914947397, 8.191384952583626, 33.37228857249187, 53.84123809948282, 27.058961509992326, 2.6682804559073223, 111.48608453521017, 125.50746763952435, 17.239296146289668, 14.509756018869556, 47.94466442586259, 47.63626065966405, 112.4355381900959, 2.5218186880513684]]"
299,"[[(0, 8), (8, 14), (1, 28), (12, 22), (12, 25), (26, 6), (28, 7), (28, 9), (2, 11), (11, 4), (4, 1), (5, 8), (5, 21), (5, 25), (25, 12), (7, 16), (10, 24), (19, 9), (19, 29), (9, 8)]]","[[43.972773750692156, 138.17776936760743, 705.1751050661519, 93.06682097467623, 132.75017565384758, 175.35555200137043, 337.45201575420504, 15.960938969758073, 32.40227643828991, 52.587449600884554, 30.819763006238915, 30.210575670432654, 112.7793365645475, 241.57647697239543, 24.47590936971048, 186.25775923310448, 62.087608771457866, 110.00029732629329, 119.74021813879668, 28.24735237822826]]"
300,"[[(0, 8), (8, 14), (1, 28), (12, 22), (12, 25), (26, 6), (28, 7), (28, 9), (2, 11), (11, 4), (4, 1), (5, 8), (5, 21), (5, 25), (25, 12), (7, 16), (10, 24), (19, 9), (19, 29), (9, 8)]]","[[59.59352813783828, 57.51809633395325, 321.5549194156366, 78.04668749803099, 101.20049195161626, 178.47338972956823, 158.84209120580164, 16.27552530201099, 23.03991881197331, 53.04027320201702, 29.771341616008534, 18.06148392874473, 112.3615467108362, 137.56754558495493, 19.909227328462848, 66.3513884793183, 81.02579274294538, 109.1734160912907, 232.24766733289943, 3.441847129434752]]"
301,"[[(0, 8), (8, 14), (1, 28), (12, 22), (12, 25), (26, 6), (28, 7), (28, 9), (2, 11), (11, 4), (4, 1), (5, 8), (5, 21), (5, 25), (25, 12), (7, 16), (10, 24), (19, 9), (19, 29), (9, 8)]]","[[90.4917796042559, 58.31509845083447, 299.214083083908, 93.42916775546516, 64.12570648263252, 161.50795928566734, 556.4587228481372, 4.75925817588703, 24.175077237529216, 53.878760779598196, 26.623971051023723, 4.692864026278447, 112.18180601082094, 134.60027151222152, 10.66835980700529, 13.986085002196463, 70.34963162496908, 74.42207408766595, 122.8923563262164, 18.246045277502418]]"
302,"[[(0, 8), (8, 14), (1, 28), (12, 22), (12, 25), (26, 6), (28, 7), (28, 9), (2, 11), (11, 4), (4, 1), (5, 8), (5, 21), (5, 25), (25, 12), (7, 16), (10, 24), (19, 9), (19, 29), (9, 8)]]","[[85.78787480415447, 92.93704959093277, 344.8874240685553, 84.40076601853805, 127.76743143599575, 174.17687872023558, 278.62545374621726, 14.609333369700279, 72.21152102496012, 53.56541633601351, 4.835664218186851, 19.579307593158564, 112.78184635042585, 314.8560653611511, 20.782217526728047, 120.05609065539684, 25.53477000611678, 13.772558719023145, 214.29841867079344, 32.79882831372481]]"
303,"[[(0, 8), (8, 14), (1, 28), (12, 22), (12, 25), (26, 6), (28, 7), (28, 9), (2, 11), (11, 4), (4, 1), (5, 8), (5, 21), (5, 25), (25, 12), (7, 16), (10, 24), (19, 9), (19, 29), (9, 8)]]","[[41.56839498823041, 165.88578960950687, 791.0678477319055, 88.00689914711025, 96.38394340440028, 166.44809189857722, 200.90013993680384, 4.8680690185267474, 45.805165863922674, 52.75897196790304, 25.41987716647351, 20.48801626070285, 111.50975963501027, 264.56462629192345, 14.214364806841642, 90.72168176007312, 62.73689412575783, 95.62133870032298, 124.11793437451807, 2.9028259059694754]]"
304,"[[(0, 8), (8, 14), (1, 28), (12, 22), (12, 25), (26, 6), (28, 7), (28, 9), (2, 11), (11, 4), (4, 1), (5, 8), (5, 21), (5, 25), (25, 12), (7, 16), (10, 24), (19, 9), (19, 29), (9, 8)]]","[[90.64707728509737, 49.18631969546376, 265.8918144805247, 93.56263780019658, 78.5925004897856, 167.11468607811355, 110.92929232033867, 15.949772828534623, 53.209857598028094, 53.447904681039375, 18.98390922421081, 23.78171340640183, 112.94600312782585, 132.24436733005578, 21.883854505945077, 112.46434845481095, 61.195582175154314, 102.77818718755775, 106.72996583982889, 10.556666860915843]]"
305,"[[(0, 8), (8, 14), (1, 28), (12, 22), (12, 25), (26, 6), (28, 7), (28, 9), (2, 11), (11, 4), (4, 1), (5, 8), (5, 21), (5, 25), (25, 12), (7, 16), (10, 24), (19, 9), (19, 29), (9, 8)]]","[[77.37418722706195, 169.30102967842896, 576.8011799073322, 77.80570494637543, 95.90279075629216, 174.06447448614284, 217.5140520377341, 16.001509879901374, 39.09605485620949, 53.2356630601618, 14.860514737104943, 9.043480984321054, 111.29032904668212, 180.81096497907157, 21.784548796186098, 237.2043457424188, 43.539452564036665, 47.68327068636383, 171.76395016220806, 29.625171616880774]]"
306,"[[(0, 8), (8, 14), (1, 28), (12, 22), (12, 25), (26, 6), (28, 7), (28, 9), (2, 11), (11, 4), (4, 1), (5, 8), (5, 21), (5, 25), (25, 12), (7, 16), (10, 24), (19, 9), (19, 29), (9, 8)]]","[[48.96923330253049, 110.63429107785133, 761.5689233847951, 85.55211608331003, 34.29404298647107, 174.47315871995656, 489.8391388272787, 13.116729795146364, 75.06856311981196, 52.33579344658443, 13.790399079973303, 9.8006689861975, 112.3360934920438, 332.7405625100487, 19.656031616966597, 12.182083675835738, 57.46130610169257, 29.719845509194307, 257.28095393231797, 1.1918457606788024]]"
307,"[[(0, 8), (8, 14), (1, 28), (12, 22), (12, 25), (26, 6), (28, 7), (28, 9), (2, 11), (11, 4), (4, 1), (5, 8), (5, 21), (5, 25), (25, 12), (7, 16), (10, 24), (19, 9), (19, 29), (9, 8)]]","[[33.361314517786695, 115.43525560260554, 480.96555677401125, 88.15700307476877, 102.89834177554854, 170.21223790812414, 279.0897201505247, 4.33282538406421, 69.37972953432865, 53.73503688849486, 15.7703468561069, 18.16770883823855, 111.87257853958991, 156.0535919857424, 25.027790102102315, 162.8287691521577, 46.326512931265, 64.70525546907916, 175.39874021829513, 24.741958714634787]]"
308,"[[(0, 8), (8, 14), (1, 28), (12, 22), (12, 25), (26, 6), (28, 7), (28, 9), (2, 11), (11, 4), (4, 1), (5, 8), (5, 21), (5, 25), (25, 12), (7, 16), (10, 24), (19, 9), (19, 29), (9, 8)]]","[[65.29171899546697, 47.17929245484424, 331.6723146622812, 78.44403518531242, 57.11853971764424, 153.76578626075425, 349.2254760651663, 14.972362743070438, 81.08672486961137, 52.326368186952195, 9.956988654764189, 3.56375258165936, 112.60048735240646, 258.7673614710877, 13.149080765640525, 227.64681270081005, 34.6323466623599, 115.70035964733098, 221.63263395916164, 15.647070973220323]]"
309,"[[(0, 8), (8, 14), (1, 28), (12, 22), (12, 25), (26, 6), (28, 7), (28, 9), (2, 11), (11, 4), (4, 1), (5, 8), (5, 21), (5, 25), (25, 12), (7, 16), (10, 24), (19, 9), (19, 29), (9, 8)]]","[[91.59234761470375, 81.53123004010972, 468.0390476650224, 87.3525940524299, 155.43959752934228, 173.34046867497756, 143.6757809413773, 7.413378300752575, 26.993015677351934, 52.42065897750584, 4.238533901895757, 5.863665089571505, 111.49695119655135, 295.9016497863638, 24.605114972495, 87.72538130330253, 34.65799600810176, 101.6986870120187, 109.80544438825068, 2.3415662119068728]]"
310,"[[(0, 8), (8, 14), (1, 28), (12, 22), (12, 25), (26, 6), (28, 7), (28, 9), (2, 11), (11, 4), (4, 1), (5, 8), (5, 21), (5, 25), (25, 12), (7, 16), (10, 24), (19, 9), (19, 29), (9, 8)]]","[[63.39805775638557, 172.7564868929027, 655.8961340435967, 82.66515846678725, 99.56623906373375, 159.29441389096507, 553.9357717496424, 14.693473777368201, 46.422750729722786, 53.95533426798632, 19.854498489702337, 30.439524631314587, 112.01089691815568, 204.62359456678783, 21.596375234129265, 268.65298828658496, 29.177537796898847, 13.86035400175438, 121.5229572193392, 3.177519228137257]]"
311,"[[(0, 8), (8, 14), (1, 28), (12, 22), (12, 25), (26, 6), (28, 7), (28, 9), (2, 11), (11, 4), (4, 1), (5, 8), (5, 21), (5, 25), (25, 12), (7, 16), (10, 24), (19, 9), (19, 29), (9, 8)]]","[[55.944164027306755, 39.17771746400943, 286.7289968017939, 85.80910427191537, 96.10730781458022, 174.98583654402395, 279.01159192021777, 16.59783841006169, 85.39138024851187, 53.31533924685218, 28.970409906046385, 35.30871614465345, 111.53633933359244, 308.4061426721117, 18.547362542000357, 89.72601068761799, 63.39004963448405, 77.79768278468757, 147.0386549317644, 15.489963218200668]]"
312,"[[(0, 8), (8, 14), (1, 28), (12, 22), (12, 25), (26, 6), (28, 7), (28, 9), (2, 11), (11, 4), (4, 1), (5, 8), (5, 21), (5, 25), (25, 12), (7, 16), (10, 24), (19, 9), (19, 29), (9, 8)]]","[[92.14661158844513, 33.06178671150215, 758.1591250030062, 91.88115073078707, 105.01418479186495, 164.85397722755272, 506.2439275942041, 6.343478005871894, 36.05537078399067, 52.69277349990271, 31.456448154275535, 13.769532439063306, 112.42806831363116, 198.28763177537664, 12.620116264440057, 144.13396041651018, 30.87147309301877, 90.67182267256428, 203.76010738521492, 30.002028999392802]]"
313,"[[(0, 8), (8, 14), (1, 28), (12, 22), (12, 25), (26, 6), (28, 7), (28, 9), (2, 11), (11, 4), (4, 1), (5, 8), (5, 21), (5, 25), (25, 12), (7, 16), (10, 24), (19, 9), (19, 29), (9, 8)]]","[[62.511116995049086, 87.9996317091628, 464.03751301379634, 79.00702663580701, 161.25720162085003, 156.07217290889574, 460.7844729661669, 14.026449252923047, 55.579932970776134, 52.34090289154761, 10.3157359249638, 26.712029414887716, 112.35416216679178, 291.5031865766992, 25.13067497793934, 294.7862415293712, 45.233838238715215, 23.24205665354473, 164.82676587263228, 5.248232040866299]]"
314,"[[(0, 8), (8, 14), (1, 28), (12, 22), (12, 25), (26, 6), (28, 7), (28, 9), (2, 11), (11, 4), (4, 1), (5, 8), (5, 21), (5, 25), (25, 12), (7, 16), (10, 24), (19, 9), (19, 29), (9, 8)]]","[[51.62280459150736, 33.171637410514535, 245.03645926194216, 83.30587653387106, 59.47474484078687, 156.6255022036687, 195.06057511698518, 7.569296565575851, 26.85445667844843, 52.33324811267785, 16.878659429514357, 33.71113361628582, 111.19964122590481, 328.9823783364077, 24.981126371493076, 220.85826730415488, 23.181593782035556, 67.22172181012587, 106.67857045821934, 12.784170025202364]]"
315,"[[(0, 8), (8, 14), (1, 28), (12, 22), (12, 25), (26, 6), (28, 7), (28, 9), (2, 11), (11, 4), (4, 1), (5, 8), (5, 21), (5, 25), (25, 12), (7, 16), (10, 24), (19, 9), (19, 29), (9, 8)]]","[[73.01066745897293, 28.057274263936794, 756.1123406263822, 81.08905378557499, 56.45886071047206, 160.49776417447436, 371.69394980187826, 9.534092270571493, 73.95105017685658, 53.85947908152252, 20.266261143519305, 23.365153340639736, 111.8145353177614, 293.9115174665226, 25.96138923187158, 208.4545422789067, 69.28331315223278, 50.874596677584634, 95.62857275920592, 19.35218988863889]]"
316,"[[(0, 8), (8, 14), (1, 28), (12, 22), (12, 25), (26, 6), (28, 7), (28, 9), (2, 11), (11, 4), (4, 1), (5, 8), (5, 21), (5, 25), (25, 12), (7, 16), (10, 24), (19, 9), (19, 29), (9, 8)]]","[[48.67402442648052, 61.410044177168146, 363.95941894860186, 88.81806506175491, 131.58336066972595, 165.26805063152017, 326.2719100141148, 15.659005014563492, 28.79383925129786, 53.654011943850925, 21.041383467143, 20.50471569539948, 111.93948528757208, 162.62369264236662, 11.533413066391129, 111.72084016271008, 73.40403217944586, 96.53775543494822, 149.73315747745528, 15.751887912675198]]"
317,"[[(0, 8), (8, 14), (1, 28), (12, 22), (12, 25), (26, 6), (28, 7), (28, 9), (2, 11), (11, 4), (4, 1), (5, 8), (5, 21), (5, 25), (25, 12), (7, 16), (10, 24), (19, 9), (19, 29), (9, 8)]]","[[30.750304261252104, 82.04742325584559, 350.7515444876971, 76.38611519414691, 66.19648369421554, 169.1666280487548, 68.62435398699233, 9.747238396506857, 61.86640758647117, 52.00728798761003, 9.880939039734066, 21.41381247218122, 111.55487201787444, 136.32178605699224, 18.08462860513037, 323.71918948350395, 72.56986231164046, 91.91431513479226, 70.63363437210165, 7.950750149405625]]"
318,"[[(0, 8), (8, 14), (1, 28), (12, 22), (12, 25), (26, 6), (28, 7), (28, 9), (2, 11), (11, 4), (4, 1), (5, 8), (5, 21), (5, 25), (25, 12), (7, 16), (10, 24), (19, 9), (19, 29), (9, 8)]]","[[65.22990295384326, 174.06512010688468, 577.1399372850228, 82.16636934802864, 97.78761822218118, 159.9107852704363, 180.97712485470828, 7.5192481280641985, 33.24159826774046, 53.57038853257846, 5.282123072969895, 14.070544182602669, 111.88655676479604, 94.43019584391912, 25.095757284929178, 298.8477990400161, 25.91859688315865, 49.729652066919044, 194.71662284636767, 7.561846844302902]]"
319,"[[(0, 8), (8, 14), (1, 28), (12, 22), (12, 25), (26, 6), (28, 7), (28, 9), (2, 11), (11, 4), (4, 1), (5, 8), (5, 21), (5, 25), (25, 12), (7, 16), (10, 24), (19, 9), (19, 29), (9, 8)]]","[[58.164369441734934, 46.56759506316252, 459.3456346265624, 87.01566061442593, 59.435762858342144, 168.20183920384204, 116.23032491159127, 15.915688986080767, 50.010618647930656, 52.46030352913137, 9.341620347532562, 11.065033733184057, 111.0621376647555, 143.30926594955764, 10.69778494421555, 299.75796373351915, 25.51352262634577, 13.357779116441948, 80.26372388243647, 15.178981055651537]]"
320,"[[(0, 8), (8, 14), (1, 28), (12, 22), (12, 25), (26, 6), (28, 7), (28, 9), (2, 11), (11, 4), (4, 1), (5, 8), (5, 21), (5, 25), (25, 12), (7, 16), (10, 24), (19, 9), (19, 29), (9, 8)]]","[[85.09808232070557, 165.28414925433734, 284.3591495059992, 80.32707873507312, 44.879691929915225, 179.53684284872716, 52.86561036578363, 11.635034778107462, 64.18997662865438, 52.03564535488504, 4.5335197496666675, 5.193748363327163, 112.80837272893339, 169.7231828441874, 16.695218224155283, 76.26613052678914, 68.04759219722942, 77.54443759508739, 104.4010250222203, 18.400897990792608]]"
321,"[[(0, 8), (8, 14), (1, 28), (12, 22), (12, 25), (26, 6), (28, 7), (28, 9), (2, 11), (11, 4), (4, 1), (5, 8), (5, 21), (5, 25), (25, 12), (7, 16), (10, 24), (19, 9), (19, 29), (9, 8)]]","[[57.485569294110874, 124.168622792488, 357.0713367118151, 87.08124293180916, 124.04986220213947, 180.47843728036818, 377.9531866591546, 13.827563295091057, 81.31653789019268, 52.336391348125204, 16.078469962372044, 21.963343991959146, 112.82636986415156, 307.10845771498975, 15.162148159582959, 145.12741687720646, 67.61272653787861, 76.80620128751839, 241.65101989024208, 23.001193071611446]]"
322,"[[(0, 8), (8, 14), (1, 28), (12, 22), (12, 25), (26, 6), (28, 7), (28, 9), (2, 11), (11, 4), (4, 1), (5, 8), (5, 21), (5, 25), (25, 12), (7, 16), (10, 24), (19, 9), (19, 29), (9, 8)]]","[[78.07702886990079, 111.33137383622831, 478.50034869593514, 92.53629459572485, 144.57780281627132, 170.69005674960832, 392.3835020813372, 3.060493544209404, 76.32349473783106, 52.99560664599784, 25.562801513033, 28.642531576601304, 111.91835052988567, 189.43246724609082, 16.59752571001169, 216.76728996323027, 43.7282806088602, 81.515918903292, 232.64452103022165, 27.12467523184255]]"
323,"[[(0, 8), (8, 14), (1, 28), (12, 22), (12, 25), (26, 6), (28, 7), (28, 9), (2, 11), (11, 4), (4, 1), (5, 8), (5, 21), (5, 25), (25, 12), (7, 16), (10, 24), (19, 9), (19, 29), (9, 8)]]","[[68.40729497768329, 95.10544519639032, 693.1118771012946, 84.8349058908278, 151.18618577279227, 159.0390958947197, 236.752042245978, 14.019046872974108, 80.06754536526698, 53.359872971153074, 9.758140920627095, 25.93746134232994, 112.1764555496072, 313.12995095576616, 10.860253327057968, 25.29335625036784, 31.95953041980769, 72.4807142603405, 226.21512052903833, 26.50401942835842]]"
324,"[[(0, 8), (8, 14), (1, 28), (12, 22), (12, 25), (26, 6), (28, 7), (28, 9), (2, 11), (11, 4), (4, 1), (5, 8), (5, 21), (5, 25), (25, 12), (7, 16), (10, 24), (19, 9), (19, 29), (9, 8)]]","[[38.47913975168125, 41.65378949498013, 592.5935010732337, 80.84051262846022, 145.33335035302258, 178.3971333668917, 83.14590791696797, 15.22285349696567, 41.663500911564945, 53.64325222458304, 27.222783471614466, 33.03529436620426, 112.04760599146692, 187.78400128190765, 16.864496028031184, 53.004961514972486, 47.79979337151949, 73.94449552101018, 159.17648952452836, 31.913202639163888]]"
325,"[[(0, 8), (8, 14), (1, 28), (12, 22), (12, 25), (26, 6), (28, 7), (28, 9), (2, 11), (11, 4), (4, 1), (5, 8), (5, 21), (5, 25), (25, 12), (7, 16), (10, 24), (19, 9), (19, 29), (9, 8)]]","[[49.99665084415747, 121.26431962672825, 650.8292691409313, 90.30073397579261, 142.22572894397723, 180.69291402825584, 376.6705545217227, 8.714055320842691, 53.994404089532416, 52.497871545510684, 4.361688999745628, 22.386199228338167, 111.47441478459129, 189.85979824019654, 13.159965722749591, 303.34364077114634, 41.63305690287615, 66.70243566201587, 249.46927394945865, 14.230063382571647]]"
326,"[[(0, 8), (8, 14), (1, 28), (12, 22), (12, 25), (26, 6), (28, 7), (28, 9), (2, 11), (11, 4), (4, 1), (5, 8), (5, 21), (5, 25), (25, 12), (7, 16), (10, 24), (19, 9), (19, 29), (9, 8)]]","[[30.388418433836307, 133.440320226292, 223.46045641746645, 88.23438874857449, 102.74975957080389, 166.9769815827437, 173.41089397758503, 4.166874367040213, 70.85548175962151, 53.52174587434317, 23.477571614370106, 28.431353829763243, 111.66489755802012, 222.70048812794238, 10.512128901865772, 117.96256229199268, 34.284227851176325, 78.92866784441519, 145.56063107772633, 29.717386648600357]]"
327,"[[(0, 8), (8, 14), (1, 28), (12, 22), (12, 25), (26, 6), (28, 7), (28, 9), (2, 11), (11, 4), (4, 1), (5, 8), (5, 21), (5, 25), (25, 12), (7, 16), (10, 24), (19, 9), (19, 29), (9, 8)]]","[[73.39454180736574, 114.31063448109165, 543.4282819597656, 90.90231354973423, 91.54295054582292, 170.32914657620722, 31.671449507216508, 16.816437421358273, 42.51412666537859, 52.89395252512069, 21.62708124636426, 0.7154123603160452, 111.13163112895772, 181.64095730450885, 17.862586111472197, 148.72401783146054, 55.63808030859596, 46.51142598470331, 247.90380871504235, 30.921525366889792]]"
328,"[[(0, 8), (8, 14), (1, 28), (12, 22), (12, 25), (26, 6), (28, 7), (28, 9), (2, 11), (11, 4), (4, 1), (5, 8), (5, 21), (5, 25), (25, 12), (7, 16), (10, 24), (19, 9), (19, 29), (9, 8)]]","[[77.80417719344047, 151.7026087480355, 768.483374748896, 72.63782442554735, 33.9720285585629, 173.58233218141424, 71.70535822889889, 8.965121113693415, 24.637910429093672, 53.40736913538867, 14.798449825811204, 16.833471252312428, 112.33420535419528, 101.27275386759393, 13.56965397785225, 289.5264528249901, 80.82727022248761, 89.7174963447414, 247.60324887375793, 27.821589646710645]]"
329,"[[(0, 8), (8, 14), (1, 28), (12, 22), (12, 25), (26, 6), (28, 7), (28, 9), (2, 11), (11, 4), (4, 1), (5, 8), (5, 21), (5, 25), (25, 12), (7, 16), (10, 24), (19, 9), (19, 29), (9, 8)]]","[[90.50652313212251, 133.86500930201447, 754.4396886462847, 83.17927243371103, 56.77976648892735, 175.47216007378697, 287.8589914321007, 9.442357275796228, 31.779649180363833, 52.96998716691813, 27.857018481582667, 5.795418444231544, 112.56559609668368, 151.5395388146703, 15.363196431620532, 88.87256994430443, 29.649623781272542, 118.44109975633087, 87.98998104785485, 13.949734745039997]]"
330,"[[(0, 8), (8, 14), (1, 28), (12, 22), (12, 25), (26, 6), (28, 7), (28, 9), (2, 11), (11, 4), (4, 1), (5, 8), (5, 21), (5, 25), (25, 12), (7, 16), (10, 24), (19, 9), (19, 29), (9, 8)]]","[[29.156726186201823, 70.36364411251526, 574.155465789313, 93.82390220694381, 84.19072890284741, 175.3651814216101, 561.4583153395382, 16.309174604323417, 50.06648164394035, 52.749334831293815, 12.427763406288626, 17.19769739350238, 112.94794096469064, 154.02801994566653, 25.471047234377338, 174.27480259239434, 39.87272512564037, 96.59340220490982, 130.82688899286654, 8.714965985220086]]"
331,"[[(0, 8), (8, 14), (1, 28), (12, 22), (12, 25), (26, 6), (28, 7), (28, 9), (2, 11), (11, 4), (4, 1), (5, 8), (5, 21), (5, 25), (25, 12), (7, 16), (10, 24), (19, 9), (19, 29), (9, 8)]]","[[53.84284479331263, 185.71866379855757, 240.44451251063305, 79.01983038996975, 80.5634873782203, 178.69131233466237, 128.30236249407935, 9.65807741926415, 82.05381397703081, 52.35031342207631, 12.530821539262659, 8.356870685233865, 111.99894851363766, 292.2382281472917, 18.11087793675503, 140.1922449424339, 38.32253330179638, 103.17949547336781, 103.43722539209693, 30.049754838976856]]"
332,"[[(0, 8), (8, 14), (1, 28), (12, 22), (12, 25), (26, 6), (28, 7), (28, 9), (2, 11), (11, 4), (4, 1), (5, 8), (5, 21), (5, 25), (25, 12), (7, 16), (10, 24), (19, 9), (19, 29), (9, 8)]]","[[40.48451881388414, 122.10319156410965, 238.07588844053578, 77.63864408742319, 83.95611282300885, 177.35578378300693, 324.6886599923633, 16.128175890889516, 37.30466837067294, 53.42392794502205, 24.651027341379685, 20.950741817608403, 112.25606062947674, 310.4358904525051, 11.46631288320518, 141.52421980574482, 50.8754921341017, 110.17744259218188, 85.13101560904893, 5.760234142896564]]"
333,"[[(0, 8), (8, 14), (1, 28), (12, 22), (12, 25), (26, 6), (28, 7), (28, 9), (2, 11), (11, 4), (4, 1), (5, 8), (5, 21), (5, 25), (25, 12), (7, 16), (10, 24), (19, 9), (19, 29), (9, 8)]]","[[84.65617862528345, 58.471005747990276, 401.21397188212245, 76.46184757380128, 134.90472635008211, 177.60915993073016, 183.64801362138374, 8.017715182944462, 77.84410705876337, 52.13484941719387, 22.184275749158175, 25.685041233408437, 111.82182406605136, 117.00492252830597, 22.504465665564204, 105.03724073383813, 60.43513087374792, 96.09793470033816, 248.52449704147307, 13.690712231589146]]"
334,"[[(0, 8), (8, 14), (1, 28), (12, 22), (12, 25), (26, 6), (28, 7), (28, 9), (2, 11), (11, 4), (4, 1), (5, 8), (5, 21), (5, 25), (25, 12), (7, 16), (10, 24), (19, 9), (19, 29), (9, 8)]]","[[91.37325140542127, 154.80345693229904, 456.4435636539209, 83.25714252799804, 80.13450370525086, 171.41596829184397, 127.76551848993763, 16.898238747122853, 40.91309188627466, 52.67219434918193, 12.528680015572984, 31.604402569746405, 112.24356868100092, 98.82446629338378, 12.039401669891678, 96.13715886835746, 78.36936381219846, 70.89784562626892, 113.5596086264157, 3.1411453199611863]]"
335,"[[(0, 8), (8, 14), (1, 28), (12, 22), (12, 25), (26, 6), (28, 7), (28, 9), (2, 11), (11, 4), (4, 1), (5, 8), (5, 21), (5, 25), (25, 12), (7, 16), (10, 24), (19, 9), (19, 29), (9, 8)]]","[[30.535409063496466, 55.33403026041367, 792.6366781914123, 89.84334883275228, 77.50293826812305, 152.0025252079953, 372.820871379278, 15.548924048377799, 85.89799903513311, 52.06215176181996, 20.737850754328186, 5.392306927102146, 112.10949246472869, 269.0308133353617, 17.617207266100795, 89.04390666263355, 41.11581049630436, 66.78316928459243, 135.59299574546296, 2.8226409803695027]]"
336,"[[(0, 8), (8, 14), (1, 28), (12, 22), (12, 25), (26, 6), (28, 7), (28, 9), (2, 11), (11, 4), (4, 1), (5, 8), (5, 21), (5, 25), (25, 12), (7, 16), (10, 24), (19, 9), (19, 29), (9, 8)]]","[[77.34644440810777, 145.1818047554803, 607.2916279080737, 79.43060803433582, 154.9376617336694, 181.09917013046675, 203.03793885763517, 16.017557191636918, 79.43012665090512, 52.780542338708514, 19.09016228776677, 9.466016333377421, 112.47903455266093, 195.16861465102693, 10.7834060856724, 90.27584948252101, 44.19235399048881, 81.07419885525458, 120.61234433983236, 13.136247567128532]]"
337,"[[(0, 8), (8, 14), (1, 28), (12, 22), (12, 25), (26, 6), (28, 7), (28, 9), (2, 11), (11, 4), (4, 1), (5, 8), (5, 21), (5, 25), (25, 12), (7, 16), (10, 24), (19, 9), (19, 29), (9, 8)]]","[[59.32783873339163, 174.22184147473268, 648.4893154086371, 92.72909128861588, 50.14285267450312, 166.4055220109153, 66.01997877716872, 10.477209310863987, 28.45553271864624, 52.495313160819585, 11.333026986931744, 23.621992559486063, 111.98763708522954, 202.26061870772736, 10.836403895727953, 160.687906236675, 45.55940899412586, 105.29042280161153, 79.6022408399834, 25.513339739706883]]"
338,"[[(0, 8), (8, 14), (1, 28), (12, 22), (12, 25), (26, 6), (28, 7), (28, 9), (2, 11), (11, 4), (4, 1), (5, 8), (5, 21), (5, 25), (25, 12), (7, 16), (10, 24), (19, 9), (19, 29), (9, 8)]]","[[82.36717251398821, 57.27212137256661, 677.2995930070015, 78.71112464546216, 87.54974995025327, 153.31714880787234, 388.5974814522097, 6.880291123429977, 42.83822782308015, 53.543409423587114, 14.150028168854869, 3.2282513567049063, 112.40897163717412, 309.9292247376587, 15.130458410674054, 112.73650190077302, 35.237126402156946, 83.03005409501661, 134.3048597720756, 15.0374639843238]]"
339,"[[(0, 8), (8, 14), (1, 28), (12, 22), (12, 25), (26, 6), (28, 7), (28, 9), (2, 11), (11, 4), (4, 1), (5, 8), (5, 21), (5, 25), (25, 12), (7, 16), (10, 24), (19, 9), (19, 29), (9, 8)]]","[[93.60854337924845, 171.7867870319718, 732.0928660722407, 78.01751422411662, 38.50770446702086, 157.52242686369195, 364.9929756674333, 5.689186030188609, 35.82514951840128, 52.051176944898096, 17.280320239146064, 5.877501073623462, 112.84737263759926, 146.1123025330623, 10.861474696629408, 119.93354041163009, 83.65915200365703, 55.40543037499708, 64.68678096185435, 11.272797524832164]]"
340,"[[(0, 8), (8, 14), (1, 28), (12, 22), (12, 25), (26, 6), (28, 7), (28, 9), (2, 11), (11, 4), (4, 1), (5, 8), (5, 21), (5, 25), (25, 12), (7, 16), (10, 24), (19, 9), (19, 29), (9, 8)]]","[[63.9579872558669, 32.90274806119821, 676.4278775395126, 75.40232859066602, 82.16466757566744, 157.27235216012247, 374.84958802606735, 10.318297783109731, 68.86074862654061, 52.949703717348825, 18.26996418996762, 0.7199416368035809, 111.49264571283096, 253.5146948617392, 19.020919601769275, 258.8722103538779, 50.690031196211855, 75.19500927016318, 179.29697487901745, 1.6399520873649927]]"
341,"[[(0, 8), (8, 14), (1, 28), (12, 22), (12, 25), (26, 6), (28, 7), (28, 9), (2, 11), (11, 4), (4, 1), (5, 8), (5, 21), (5, 25), (25, 12), (7, 16), (10, 24), (19, 9), (19, 29), (9, 8)]]","[[77.01831163221256, 67.02686786678103, 257.1660437086334, 76.48956860504606, 114.65436597928469, 175.7983058620923, 162.14928741377452, 10.906974184313015, 35.240513835335406, 52.76239256758895, 9.391430248529593, 23.31679056302847, 112.68477097270949, 199.26759555249708, 15.330253907976774, 253.8326016156879, 53.18690898967398, 19.340570881584583, 255.94894743110368, 17.78346811471893]]"
342,"[[(0, 8), (8, 14), (1, 28), (12, 22), (12, 25), (26, 6), (28, 7), (28, 9), (2, 11), (11, 4), (4, 1), (5, 8), (5, 21), (5, 25), (25, 12), (7, 16), (10, 24), (19, 9), (19, 29), (9, 8)]]","[[59.050257933773, 147.69638915335102, 461.1744868935246, 92.75655918886424, 110.31979210043946, 170.91581379063155, 328.08630690743803, 13.607656327824103, 59.24593960542857, 52.41694670300304, 12.99764543678753, 30.424046234132348, 112.69973324640348, 281.29962459605946, 20.105683513541926, 201.5979490667505, 49.82212150088915, 104.33617663568161, 73.85737890664981, 1.3392370307197048]]"
343,"[[(0, 8), (8, 14), (1, 28), (12, 22), (12, 25), (26, 6), (28, 7), (28, 9), (2, 11), (11, 4), (4, 1), (5, 8), (5, 21), (5, 25), (25, 12), (7, 16), (10, 24), (19, 9), (19, 29), (9, 8)]]","[[39.957248735706045, 54.29559773724744, 714.7257503619493, 75.88331641403049, 57.02996111144215, 177.92140848893322, 511.9189936989521, 5.581176781090659, 51.098654304031136, 52.07157764187947, 14.685656133469994, 33.871878003800624, 112.96678760328827, 266.0199969608925, 25.154576551570138, 277.2126945987082, 40.75183574875392, 102.70971826760237, 117.23431695864184, 22.392756602931556]]"
344,"[[(0, 8), (8, 14), (1, 28), (12, 22), (12, 25), (26, 6), (28, 7), (28, 9), (2, 11), (11, 4), (4, 1), (5, 8), (5, 21), (5, 25), (25, 12), (7, 16), (10, 24), (19, 9), (19, 29), (9, 8)]]","[[49.724298261328826, 104.08329998373658, 272.9393465116046, 83.63359688810857, 105.40943332297444, 165.21190716484082, 224.17076549956877, 5.173509683951865, 40.28973253066038, 52.74692444445108, 18.585929397309705, 4.551769888574135, 112.64081145050821, 182.37680442149437, 17.313370330928244, 124.01302351993094, 62.35883823966918, 59.08675953193895, 248.85677899680945, 25.50858413847245]]"
345,"[[(0, 8), (8, 14), (1, 28), (12, 22), (12, 25), (26, 6), (28, 7), (28, 9), (2, 11), (11, 4), (4, 1), (5, 8), (5, 21), (5, 25), (25, 12), (7, 16), (10, 24), (19, 9), (19, 29), (9, 8)]]","[[66.15886440566288, 46.6245465433571, 481.20960184642223, 72.64228303298499, 155.7875188409522, 179.33285680235966, 267.8256327154362, 4.763925115623867, 59.25019496905956, 53.18272741959366, 22.15962670749972, 34.61289631101571, 112.44525272235357, 101.16099191417983, 13.31199014061401, 31.642886276852437, 38.35311532284079, 49.64265318460625, 169.2232771488596, 17.85650120454321]]"
346,"[[(0, 8), (8, 14), (1, 28), (12, 22), (12, 25), (26, 6), (28, 7), (28, 9), (2, 11), (11, 4), (4, 1), (5, 8), (5, 21), (5, 25), (25, 12), (7, 16), (10, 24), (19, 9), (19, 29), (9, 8)]]","[[35.008953675364566, 74.31552872970285, 584.4706221395832, 72.96641632048656, 107.85604020351906, 177.841926859279, 101.96662797304161, 13.010768767695303, 81.25913065327843, 52.24977887810349, 10.211592120829613, 22.887669737442554, 112.76557666667884, 337.6164327292422, 19.651553509298036, 175.17738562058233, 26.244965394825382, 60.2248485468567, 183.88926334365414, 18.214428691347475]]"
347,"[[(0, 8), (8, 14), (1, 28), (12, 22), (12, 25), (26, 6), (28, 7), (28, 9), (2, 11), (11, 4), (4, 1), (5, 8), (5, 21), (5, 25), (25, 12), (7, 16), (10, 24), (19, 9), (19, 29), (9, 8)]]","[[52.33770041636626, 180.87825179748415, 482.88665122356605, 72.27775253224455, 162.32543521416312, 168.76110748816447, 190.66740753604216, 3.4894916130394646, 44.17365343754365, 53.977719758396084, 13.170171869142624, 10.473942525064889, 111.73176783768112, 207.54772552846242, 14.049271657095588, 175.05256354896412, 64.15191056809734, 64.77035732526642, 249.0826193863675, 26.026754386473783]]"
348,"[[(0, 8), (8, 14), (1, 28), (12, 22), (12, 25), (26, 6), (28, 7), (28, 9), (2, 11), (11, 4), (4, 1), (5, 8), (5, 21), (5, 25), (25, 12), (7, 16), (10, 24), (19, 9), (19, 29), (9, 8)]]","[[68.95021586865516, 129.742062301218, 497.5458363994704, 82.47292054126652, 156.5685127852506, 175.801527211551, 181.64483913999135, 8.499415570055532, 65.15054511279398, 53.76899517414361, 19.82448848901779, 26.629018937520502, 112.61759702559162, 333.59392743712067, 14.162444976285393, 95.64508104285484, 22.207391804917258, 25.982097473830116, 74.28896701117591, 28.38606489766359]]"
349,"[[(0, 8), (8, 14), (1, 28), (12, 22), (12, 25), (26, 6), (28, 7), (28, 9), (2, 11), (11, 4), (4, 1), (5, 8), (5, 21), (5, 25), (25, 12), (7, 16), (10, 24), (19, 9), (19, 29), (9, 8)]]","[[45.88824417417898, 94.33439594469417, 216.74114442695722, 78.77338231919876, 126.0911534859662, 173.68929801810287, 512.9987402583834, 10.60681437419817, 38.55654129840273, 53.53943466118503, 13.891098385678387, 9.772605456243818, 112.22495651299592, 282.4000063323409, 13.52809059872764, 23.721807536571582, 65.78652554738977, 46.34738386494395, 190.20977909403985, 12.917968119746885]]"
350,"[[(0, 8), (8, 14), (1, 28), (12, 22), (12, 25), (26, 6), (28, 7), (28, 9), (2, 11), (11, 4), (4, 1), (5, 8), (5, 21), (5, 25), (25, 12), (7, 16), (10, 24), (19, 9), (19, 29), (9, 8)]]","[[70.61631812421763, 164.69497803044928, 508.40937543548785, 79.29487007833339, 163.00914883184527, 154.48698750025665, 151.87713325725795, 3.7916910464776628, 57.763736145529634, 52.40769408812968, 15.998157339703265, 33.09097420070451, 112.0194764673719, 134.08757401724625, 17.602334600622527, 191.6181767544309, 81.26607471262979, 11.961277130622058, 186.38668902596544, 20.54160532065631]]"
351,"[[(0, 8), (8, 14), (1, 28), (12, 22), (12, 25), (26, 6), (28, 7), (28, 9), (2, 11), (11, 4), (4, 1), (5, 8), (5, 21), (5, 25), (25, 12), (7, 16), (10, 24), (19, 9), (19, 29), (9, 8)]]","[[47.39391932678281, 103.3019381940774, 363.3694679297549, 81.66089722793902, 106.90154891549237, 168.95493970955195, 520.49412304627, 11.002485825079756, 35.73288055665678, 52.3003432834379, 12.678991046381817, 2.2791757451029087, 111.06122492744781, 210.10816131757542, 10.596349209606773, 103.05523472747069, 27.212784450236768, 88.28993144583443, 218.71256100164163, 20.208130201298722]]"
352,"[[(0, 8), (8, 14), (1, 28), (12, 22), (12, 25), (26, 6), (28, 7), (28, 9), (2, 11), (11, 4), (4, 1), (5, 8), (5, 21), (5, 25), (25, 12), (7, 16), (10, 24), (19, 9), (19, 29), (9, 8)]]","[[84.30559152594418, 116.74207702312617, 331.85202617922585, 77.0099653098781, 45.19094973532795, 156.45179646787977, 509.01096430083237, 15.453354901645259, 67.30275843950605, 52.62800753312657, 19.965307886174458, 8.166460226841952, 111.59480237816855, 214.97013259101342, 15.357069244937401, 261.25989296483783, 51.39229728530453, 96.85084129050563, 98.77169165747421, 19.479495262980162]]"
353,"[[(0, 8), (8, 14), (1, 28), (12, 22), (12, 25), (26, 6), (28, 7), (28, 9), (2, 11), (11, 4), (4, 1), (5, 8), (5, 21), (5, 25), (25, 12), (7, 16), (10, 24), (19, 9), (19, 29), (9, 8)]]","[[90.10263995257966, 40.427819927336564, 315.0114988343146, 91.56627400527917, 111.15252104890175, 161.88773964644992, 40.75026558794029, 15.908098040653663, 22.767910912017243, 53.87074596524962, 30.814954603175966, 30.69998857269753, 111.54857447448833, 133.90689079567107, 25.680638735262693, 185.25898902016795, 46.311982564862966, 14.29842053551506, 143.9427078091855, 28.4907126863181]]"
354,"[[(0, 8), (8, 14), (1, 28), (12, 22), (12, 25), (26, 6), (28, 7), (28, 9), (2, 11), (11, 4), (4, 1), (5, 8), (5, 21), (5, 25), (25, 12), (7, 16), (10, 24), (19, 9), (19, 29), (9, 8)]]","[[56.675343817925345, 143.0251592345673, 692.5408696298161, 87.8891594443477, 71.69343500161466, 174.89526480946014, 61.47350538737909, 15.655205372103072, 52.83762241960925, 53.5409388209011, 8.663059024656981, 26.379428573360496, 111.84467411549548, 146.8425141332233, 16.22452180855703, 48.013155270993956, 22.975576603547744, 28.585534447723745, 86.63835151081196, 22.1500430317131]]"
355,"[[(0, 8), (8, 14), (1, 28), (12, 22), (12, 25), (26, 6), (28, 7), (28, 9), (2, 11), (11, 4), (4, 1), (5, 8), (5, 21), (5, 25), (25, 12), (7, 16), (10, 24), (19, 9), (19, 29), (9, 8)]]","[[85.72574906835638, 77.15303497893197, 340.45995896613533, 75.74819037274032, 113.92030583792359, 171.02872492886993, 466.5555097821151, 8.015918418647463, 84.09599908795155, 53.365992985019034, 26.469151791044325, 14.601967566570384, 111.20245698120989, 98.90834365226615, 21.73658259374173, 107.55255424973538, 78.18626287039032, 10.051885824735303, 180.14871626426225, 1.2026709134242495]]"
356,"[[(0, 8), (8, 14), (1, 28), (12, 22), (12, 25), (26, 6), (28, 7), (28, 9), (2, 11), (11, 4), (4, 1), (5, 8), (5, 21), (5, 25), (25, 12), (7, 16), (10, 24), (19, 9), (19, 29), (9, 8)]]","[[47.9128979630907, 77.94006278431374, 715.7445347496154, 77.77788599749367, 75.50849612477143, 178.732282170316, 445.2320744602879, 11.109990216390255, 66.34225219359251, 52.961404477180494, 13.63023965746983, 2.747474731595721, 112.5596296265189, 111.78008434972027, 10.077948259343232, 306.75803802401305, 70.5227860013811, 29.77006589563741, 189.43009349794136, 26.798621382368065]]"
357,"[[(0, 8), (8, 14), (1, 28), (12, 22), (12, 25), (26, 6), (28, 7), (28, 9), (2, 11), (11, 4), (4, 1), (5, 8), (5, 21), (5, 25), (25, 12), (7, 16), (10, 24), (19, 9), (19, 29), (9, 8)]]","[[33.49446895253223, 79.54362899788818, 374.5244035501146, 91.53040259643262, 115.50529215363198, 152.09380687815286, 520.3310964493523, 11.539583108699752, 23.522134687081973, 53.97246888893213, 31.744659585549684, 19.6048397204124, 112.44200484841488, 112.95251835387526, 14.378043279375648, 57.94516282377072, 68.43621487164684, 29.25223442393154, 185.27780812160387, 19.31480833029768]]"
358,"[[(0, 8), (8, 14), (1, 28), (12, 22), (12, 25), (26, 6), (28, 7), (28, 9), (2, 11), (11, 4), (4, 1), (5, 8), (5, 21), (5, 25), (25, 12), (7, 16), (10, 24), (19, 9), (19, 29), (9, 8)]]","[[92.74662537541937, 94.57754366108176, 757.4636813097668, 87.53752297325984, 59.66079966511392, 168.7974214285667, 294.87361337342867, 14.857275182368209, 59.94872983375778, 53.55704880936616, 8.162460111995095, 8.239807072827752, 111.2718837330549, 89.4979455700636, 20.161024080573963, 289.68992583103244, 27.998837647327903, 87.50167927965742, 198.09183466281138, 21.30047556077048]]"
359,"[[(0, 8), (8, 14), (1, 28), (12, 22), (12, 25), (26, 6), (28, 7), (28, 9), (2, 11), (11, 4), (4, 1), (5, 8), (5, 21), (5, 25), (25, 12), (7, 16), (10, 24), (19, 9), (19, 29), (9, 8)]]","[[29.164089179168933, 60.35477626210729, 271.55446833474053, 72.74338960910988, 69.36141319357661, 175.35419884566485, 569.8770481604781, 12.20828478117133, 66.86226299339344, 52.482438039246965, 29.940293955939424, 13.079767010275916, 111.62843476445892, 200.31713764586846, 12.346007587617795, 241.33702983791298, 34.24565858455497, 33.085846158435395, 155.3082692223528, 8.108174790064524]]"
360,"[[(0, 8), (8, 14), (1, 28), (12, 22), (12, 25), (26, 6), (28, 7), (28, 9), (2, 11), (11, 4), (4, 1), (5, 8), (5, 21), (5, 25), (25, 12), (7, 16), (10, 24), (19, 9), (19, 29), (9, 8)]]","[[78.93395306587584, 138.7768198125634, 540.1561259439829, 80.75023174622991, 106.86580568666429, 165.0937616255684, 390.88967171691473, 16.131887318562093, 30.80015613574455, 53.34382153495363, 11.550902253052215, 8.261471145862883, 112.15763797838079, 254.89974590692893, 23.426583656744683, 35.434666430158664, 65.46624479555508, 16.270479762967625, 224.9011480308394, 9.847260122668303]]"
361,"[[(0, 8), (8, 14), (1, 28), (12, 22), (12, 25), (26, 6), (28, 7), (28, 9), (2, 11), (11, 4), (4, 1), (5, 8), (5, 21), (5, 25), (25, 12), (7, 16), (10, 24), (19, 9), (19, 29), (9, 8)]]","[[65.90834216810717, 89.09438433514039, 478.6231246506374, 87.51800223102349, 59.957793086335805, 152.8381591081355, 72.46667115538465, 7.852111305283375, 80.98514125528743, 53.0173205939062, 17.29940484753552, 22.21673868965356, 111.08293714432514, 195.61960525228352, 16.195765465726815, 148.9569916261551, 45.2961684653997, 97.2323405023356, 233.8604242948984, 30.766032894862345]]"
362,"[[(0, 8), (8, 14), (1, 28), (12, 22), (12, 25), (26, 6), (28, 7), (28, 9), (2, 11), (11, 4), (4, 1), (5, 8), (5, 21), (5, 25), (25, 12), (7, 16), (10, 24), (19, 9), (19, 29), (9, 8)]]","[[89.0080640386866, 30.23679861984334, 681.8968358254301, 83.90045823909566, 102.12590090065719, 171.42382905864275, 345.5784617331327, 8.154135355117162, 26.437833107621728, 53.75644771797894, 16.754321460639687, 2.1153794774685712, 111.38636720528517, 143.96894798847728, 10.34632102649441, 254.0093880997047, 53.20504360431248, 90.21170757190956, 184.0271130714518, 12.899913141593942]]"
363,"[[(0, 8), (8, 14), (1, 28), (12, 22), (12, 25), (26, 6), (28, 7), (28, 9), (2, 11), (11, 4), (4, 1), (5, 8), (5, 21), (5, 25), (25, 12), (7, 16), (10, 24), (19, 9), (19, 29), (9, 8)]]","[[71.98843717356175, 21.692458839758004, 788.9167584169475, 91.52971257668456, 99.60804927568651, 163.3951199401707, 557.1168308363619, 10.062004466339717, 23.686029192452487, 52.86321432248965, 9.238835488962527, 1.628961482062521, 112.89760358986413, 295.72265638085537, 10.281212690758458, 180.12818509603375, 25.081734420329994, 103.9227777443682, 196.46982049798055, 31.540815287832185]]"
364,"[[(0, 8), (8, 14), (1, 28), (12, 22), (12, 25), (26, 6), (28, 7), (28, 9), (2, 11), (11, 4), (4, 1), (5, 8), (5, 21), (5, 25), (25, 12), (7, 16), (10, 24), (19, 9), (19, 29), (9, 8)]]","[[91.81766654396654, 54.28817871572775, 738.5876586134964, 76.35629521513373, 104.6091668527944, 165.27849432156427, 98.19932309313756, 3.665581561766305, 63.87834646177799, 52.49717950189424, 31.433197958768464, 20.308849114976958, 112.94652938102331, 280.5747981195374, 20.939750532490287, 23.751308152313182, 43.02176204709011, 9.401121492150939, 259.2882051681806, 28.95293229205883]]"
365,"[[(0, 8), (8, 14), (1, 28), (12, 22), (12, 25), (26, 6), (28, 7), (28, 9), (2, 11), (11, 4), (4, 1), (5, 8), (5, 21), (5, 25), (25, 12), (7, 16), (10, 24), (19, 9), (19, 29), (9, 8)]]","[[88.22435556228109, 69.14382934417463, 343.39364931508555, 81.70651062912033, 102.71582061101446, 173.23779253548497, 246.82402095216858, 4.709554877756693, 85.59108389405526, 53.290631654641345, 17.147935847043854, 16.30525850061789, 112.93715703591893, 333.17279498182285, 22.297284561650528, 209.10649820504494, 42.6061702267139, 46.74059259193355, 256.91640481311333, 10.937582576393439]]"
366,"[[(0, 8), (8, 14), (1, 28), (12, 22), (12, 25), (26, 6), (28, 7), (28, 9), (2, 11), (11, 4), (4, 1), (5, 8), (5, 21), (5, 25), (25, 12), (7, 16), (10, 24), (19, 9), (19, 29), (9, 8)]]","[[79.79887351412187, 60.94477167536297, 642.2105702545553, 73.51917454407612, 104.89510906992085, 175.56399640763678, 511.9214435314737, 16.859778156350043, 49.62278255271492, 53.57404871634105, 27.768358600956116, 3.060744969531386, 112.00924014811262, 200.53079511054148, 11.441625638358788, 50.845319772462716, 70.75559308024658, 77.392508253675, 123.11439614265437, 30.82280450151894]]"
367,"[[(0, 8), (8, 14), (1, 28), (12, 22), (12, 25), (26, 6), (28, 7), (28, 9), (2, 11), (11, 4), (4, 1), (5, 8), (5, 21), (5, 25), (25, 12), (7, 16), (10, 24), (19, 9), (19, 29), (9, 8)]]","[[79.063438323913, 172.92318760499802, 634.1806889776407, 91.7220867528252, 119.40607971948192, 176.9030000252675, 104.47888979222155, 16.086088507991164, 62.61527692458509, 52.42966927416157, 14.805423244310614, 4.362466689841783, 112.33069834789059, 121.37622226606064, 17.120173732294642, 79.38211082483646, 80.35980039215386, 109.91775083567742, 92.37709749942051, 23.520879070294995]]"
368,"[[(0, 8), (8, 14), (1, 28), (12, 22), (12, 25), (26, 6), (28, 7), (28, 9), (2, 11), (11, 4), (4, 1), (5, 8), (5, 21), (5, 25), (25, 12), (7, 16), (10, 24), (19, 9), (19, 29), (9, 8)]]","[[50.071168997275485, 69.59492993185668, 474.53232403151367, 78.16923821226182, 116.40867037153427, 161.28284363345702, 439.4694895596471, 9.32829665707137, 54.0883444718816, 53.719227200215634, 16.381516138371612, 19.787838938673374, 112.34430278972417, 197.53035667852348, 25.164570178014767, 217.5332113552424, 46.87964300075427, 91.79944308514473, 167.01381203328157, 22.207103731582766]]"
369,"[[(0, 8), (8, 14), (1, 28), (12, 22), (12, 25), (26, 6), (28, 7), (28, 9), (2, 11), (11, 4), (4, 1), (5, 8), (5, 21), (5, 25), (25, 12), (7, 16), (10, 24), (19, 9), (19, 29), (9, 8)]]","[[77.1061659708673, 83.21536995768606, 252.01912422594967, 75.0792187465016, 67.45200728160518, 176.62272138750743, 433.3120909139079, 9.589001566552707, 56.991673074076054, 53.390488233777994, 11.339645190231996, 18.42233993520466, 111.91454736018116, 119.42133051284108, 23.662293268651784, 287.0478058393128, 41.28683113452919, 35.309791388502475, 88.28827407406405, 16.896104808965905]]"
370,"[[(0, 8), (8, 14), (1, 28), (12, 22), (12, 25), (26, 6), (28, 7), (28, 9), (2, 11), (11, 4), (4, 1), (5, 8), (5, 21), (5, 25), (25, 12), (7, 16), (10, 24), (19, 9), (19, 29), (9, 8)]]","[[54.82706694755845, 76.43874517123719, 797.4733321669831, 84.80530987998904, 155.37791961010197, 164.1486021699261, 307.28431761696686, 9.268377028230951, 33.236532578041974, 53.78566900830894, 28.24646403659774, 20.821762178263793, 112.34383889675513, 92.84701079493652, 22.26383018905729, 283.65673292175074, 23.450695618217765, 81.31887875121042, 201.95874283987484, 1.29352445207385]]"
371,"[[(0, 8), (8, 14), (1, 28), (12, 22), (12, 25), (26, 6), (28, 7), (28, 9), (2, 11), (11, 4), (4, 1), (5, 8), (5, 21), (5, 25), (25, 12), (7, 16), (10, 24), (19, 9), (19, 29), (9, 8)]]","[[35.832873786004086, 127.0942438981792, 226.34535723287235, 92.93600150063628, 155.63478069339504, 170.89822067611556, 492.2672712220185, 6.575703332464625, 29.719957357391984, 52.497435467224705, 14.574059384547363, 22.37236642018805, 112.15237500281533, 261.6974315686416, 23.87986080922125, 297.968003872745, 68.28281699351616, 43.88076978146151, 75.75241731084716, 15.623231719791331]]"
372,"[[(0, 8), (8, 14), (1, 28), (12, 22), (12, 25), (26, 6), (28, 7), (28, 9), (2, 11), (11, 4), (4, 1), (5, 8), (5, 21), (5, 25), (25, 12), (7, 16), (10, 24), (19, 9), (19, 29), (9, 8)]]","[[34.665977127508, 183.26672997340668, 395.9724150714867, 76.30721762974979, 137.02921242270867, 177.43724191094734, 540.493095716181, 10.358586724537233, 25.93827120082814, 52.14681437220369, 28.22693670904905, 27.460390444742135, 112.03705936729838, 338.93320842597325, 16.15932421775494, 114.99490287921012, 64.97039568164679, 32.85536771103221, 239.64074930889194, 30.6174913844283]]"
373,"[[(0, 8), (8, 14), (1, 28), (12, 22), (12, 25), (26, 6), (28, 7), (28, 9), (2, 11), (11, 4), (4, 1), (5, 8), (5, 21), (5, 25), (25, 12), (7, 16), (10, 24), (19, 9), (19, 29), (9, 8)]]","[[39.04999693509497, 87.22847626261492, 481.51243017925646, 92.95634713005059, 119.96667743228429, 161.99575948685046, 540.9757325494609, 5.098327043199132, 80.49859410833851, 52.75561417794867, 15.399551412272922, 18.609025771932505, 112.91202074855802, 210.6712393343226, 14.65958799248136, 152.3167569057122, 52.14933379595928, 79.40850876947661, 232.7673957577193, 11.88774290375823]]"
374,"[[(0, 8), (8, 14), (1, 28), (12, 22), (12, 25), (26, 6), (28, 7), (28, 9), (2, 11), (11, 4), (4, 1), (5, 8), (5, 21), (5, 25), (25, 12), (7, 16), (10, 24), (19, 9), (19, 29), (9, 8)]]","[[48.62106778032059, 121.50331310391785, 712.2184784579096, 79.34868337293402, 98.88029768542297, 158.78897760334434, 418.8193143211806, 15.464054893265434, 47.66270078595626, 53.64864806300845, 23.133954895984907, 17.528694205494357, 112.35619000306599, 128.8256559208707, 17.509734834530224, 198.96799491802597, 28.745822389166168, 71.30101073525401, 96.10932260619501, 30.689802615538838]]"
375,"[[(0, 8), (8, 14), (1, 28), (12, 22), (12, 25), (26, 6), (28, 7), (28, 9), (2, 11), (11, 4), (4, 1), (5, 8), (5, 21), (5, 25), (25, 12), (7, 16), (10, 24), (19, 9), (19, 29), (9, 8)]]","[[74.59007986636273, 53.85956918519921, 753.028325846393, 78.35530500352846, 121.6415596030322, 177.41521913362408, 296.28688377224415, 6.475243556162116, 44.92025772950857, 52.43107565720353, 16.472036495988334, 9.815334901129257, 112.20726472004071, 321.585423644105, 25.662866030210232, 43.67612012845403, 41.43056819242831, 15.247993784040558, 230.36679874482465, 16.62552160379606]]"
376,"[[(0, 8), (8, 14), (1, 28), (12, 22), (12, 25), (26, 6), (28, 7), (28, 9), (2, 11), (11, 4), (4, 1), (5, 8), (5, 21), (5, 25), (25, 12), (7, 16), (10, 24), (19, 9), (19, 29), (9, 8)]]","[[59.15564265246307, 38.00180844879493, 570.7066555220019, 77.52125483144006, 54.488542076093665, 168.40900499966034, 92.71429693796146, 12.378164762095663, 52.97601123219882, 53.577445192115846, 26.962758392398392, 17.469573777780177, 111.6379071124602, 151.35531830744284, 15.884561941320491, 50.994173710466356, 36.89166795229974, 18.62475733442967, 123.3474767824352, 27.17722781184203]]"
377,"[[(0, 8), (8, 14), (1, 28), (12, 22), (12, 25), (26, 6), (28, 7), (28, 9), (2, 11), (11, 4), (4, 1), (5, 8), (5, 21), (5, 25), (25, 12), (7, 16), (10, 24), (19, 9), (19, 29), (9, 8)]]","[[73.9751861793027, 108.50111647965394, 385.50136891891805, 74.00640159698357, 34.29078416346836, 154.29163120168923, 97.99126162318692, 3.2650523448264623, 49.55659991290522, 53.92900404570037, 10.769587499513515, 18.192954030431824, 111.51560710593498, 336.571871002905, 23.859751069954573, 200.5656960462267, 52.880023437956496, 27.013871258057627, 150.44361349854603, 19.580641522914732]]"
378,"[[(0, 8), (8, 14), (1, 28), (12, 22), (12, 25), (26, 6), (28, 7), (28, 9), (2, 11), (11, 4), (4, 1), (5, 8), (5, 21), (5, 25), (25, 12), (7, 16), (10, 24), (19, 9), (19, 29), (9, 8)]]","[[77.73081153600381, 47.862678852034, 539.6868770042428, 79.9533912185892, 146.44466073845155, 167.5375044513965, 546.59297916462, 9.59004069490422, 85.77078345245229, 53.13738638391283, 14.06233560550722, 28.723714050867063, 111.5076069688191, 311.2662768385899, 25.071712733152722, 277.2792235930107, 47.26342431499906, 90.91061665994084, 161.29763636667158, 7.9324536295461066]]"
379,"[[(0, 8), (8, 14), (1, 28), (12, 22), (12, 25), (26, 6), (28, 7), (28, 9), (2, 11), (11, 4), (4, 1), (5, 8), (5, 21), (5, 25), (25, 12), (7, 16), (10, 24), (19, 9), (19, 29), (9, 8)]]","[[84.15853848395241, 38.731686777381384, 785.2827646368439, 83.31448545216386, 118.48850308213726, 176.5118364627267, 87.8510003548748, 9.554137874286656, 51.48957824111515, 52.047182599915985, 30.923472839893364, 17.383995068646865, 112.04070832507418, 179.73799928410855, 15.552927417710036, 24.876900678177854, 79.33798719118928, 115.56763441399468, 141.56598705702692, 5.63532234555678]]"
380,"[[(0, 8), (8, 14), (1, 28), (12, 22), (12, 25), (26, 6), (28, 7), (28, 9), (2, 11), (11, 4), (4, 1), (5, 8), (5, 21), (5, 25), (25, 12), (7, 16), (10, 24), (19, 9), (19, 29), (9, 8)]]","[[48.13913363775103, 76.08301657208729, 250.7115881185781, 90.1386215802905, 135.8271320233099, 171.7873432608582, 191.0603539565783, 4.184285425391026, 74.26319545981507, 52.082181843822994, 27.83053664047382, 25.07135814878548, 111.68037886657169, 169.7157542965212, 18.403181960643998, 60.98549729115118, 59.458228626939686, 38.91814275029486, 115.65767351614346, 8.837161562375911]]"
381,"[[(0, 8), (8, 14), (1, 28), (12, 22), (12, 25), (26, 6), (28, 7), (28, 9), (2, 11), (11, 4), (4, 1), (5, 8), (5, 21), (5, 25), (25, 12), (7, 16), (10, 24), (19, 9), (19, 29), (9, 8)]]","[[85.50941415394291, 139.66034022227393, 468.03821265450216, 79.31074959881899, 52.46001431107051, 177.0231864700878, 215.28639857622787, 9.161425914309621, 74.8654236573324, 53.13547324934313, 23.581955683898897, 20.407953314210587, 111.73802572759975, 244.42114307758192, 15.581621885641361, 197.04629386814653, 27.21360035104348, 100.59904612577317, 257.6496887912253, 18.668948504791967]]"
382,"[[(0, 8), (8, 14), (1, 28), (12, 22), (12, 25), (26, 6), (28, 7), (28, 9), (2, 11), (11, 4), (4, 1), (5, 8), (5, 21), (5, 25), (25, 12), (7, 16), (10, 24), (19, 9), (19, 29), (9, 8)]]","[[92.90848024755972, 104.93566499675883, 716.0289761034669, 73.33228414981876, 161.07292607391062, 167.71016164438615, 86.65507373002875, 6.3140940885741, 60.54066160471596, 52.27217268890072, 25.098902865717633, 31.55532361377483, 111.5893470911007, 324.7009063324181, 10.098099820114687, 264.86458076878256, 35.92577390850838, 58.494986606516996, 119.44053901295236, 21.9091179056303]]"
383,"[[(0, 8), (8, 14), (1, 28), (12, 22), (12, 25), (26, 6), (28, 7), (28, 9), (2, 11), (11, 4), (4, 1), (5, 8), (5, 21), (5, 25), (25, 12), (7, 16), (10, 24), (19, 9), (19, 29), (9, 8)]]","[[83.3552957757529, 95.56790682844289, 638.6300058780137, 75.30855742744217, 66.1515822877148, 163.49723358066282, 417.8796688571754, 14.861576938748115, 26.85068096332818, 52.61284625405716, 14.056305431313682, 1.1748697909474877, 111.78694227016446, 328.1558268500093, 20.720139380310567, 57.763872893886216, 73.47882962284626, 60.90742739183412, 81.20099206767915, 1.4730516806840654]]"
384,"[[(0, 8), (8, 14), (1, 28), (12, 22), (12, 25), (26, 6), (28, 7), (28, 9), (2, 11), (11, 4), (4, 1), (5, 8), (5, 21), (5, 25), (25, 12), (7, 16), (10, 24), (19, 9), (19, 29), (9, 8)]]","[[91.12043284202775, 76.24356405152025, 390.6425190202426, 84.6441896051501, 51.65337194188565, 162.7778084187623, 176.65059089303188, 12.82990270506233, 63.51890918502438, 52.58261214305676, 19.786957400213748, 25.260199046118867, 112.90202978504495, 134.49492771616352, 24.01205414315568, 293.5417089514184, 34.903340713332405, 43.36773311893657, 150.58384511782148, 16.731458703216845]]"
385,"[[(0, 8), (8, 14), (1, 28), (12, 22), (12, 25), (26, 6), (28, 7), (28, 9), (2, 11), (11, 4), (4, 1), (5, 8), (5, 21), (5, 25), (25, 12), (7, 16), (10, 24), (19, 9), (19, 29), (9, 8)]]","[[93.84757332737067, 185.86327849441702, 359.9654751970372, 91.01039606523779, 34.416727185982204, 152.73228343645, 178.69414977907635, 5.52888676448875, 50.91887266374476, 53.02655761851869, 16.65475603978128, 10.531768065594708, 112.9765849958118, 174.60703114649965, 13.054142502581884, 103.89186902888956, 77.15429296470958, 37.94371712421365, 163.46184270849847, 28.288630103483953]]"
386,"[[(0, 8), (8, 14), (1, 28), (12, 22), (12, 25), (26, 6), (28, 7), (28, 9), (2, 11), (11, 4), (4, 1), (5, 8), (5, 21), (5, 25), (25, 12), (7, 16), (10, 24), (19, 9), (19, 29), (9, 8)]]","[[43.780765528225444, 68.98380221207358, 651.7253378774318, 74.77630802092844, 52.21611778112627, 178.23004589774774, 129.82564972198207, 3.546798715462111, 36.32302571576636, 53.702837372227165, 17.31601887552335, 5.005668271459893, 111.1695800137053, 160.40286495179478, 18.37433163495347, 96.91794268685634, 71.59654249584655, 112.21913035955333, 115.40707521564396, 30.300767784022714]]"
387,"[[(0, 8), (8, 14), (1, 28), (12, 22), (12, 25), (26, 6), (28, 7), (28, 9), (2, 11), (11, 4), (4, 1), (5, 8), (5, 21), (5, 25), (25, 12), (7, 16), (10, 24), (19, 9), (19, 29), (9, 8)]]","[[76.1438432775642, 171.60390029093037, 439.5879107506073, 89.14034978531097, 151.66507448454698, 161.62515145713425, 254.8591555419529, 10.31176903478157, 79.46152698748736, 53.81080700382952, 27.457776101589786, 18.130453798514278, 111.8331629278605, 293.3785718519572, 21.777837132577755, 112.97618214603077, 37.63967535239835, 84.56484261430653, 121.71963659481914, 26.189333460002484]]"
388,"[[(0, 8), (8, 14), (1, 28), (12, 22), (12, 25), (26, 6), (28, 7), (28, 9), (2, 11), (11, 4), (4, 1), (5, 8), (5, 21), (5, 25), (25, 12), (7, 16), (10, 24), (19, 9), (19, 29), (9, 8)]]","[[48.72299206950352, 71.77383736686318, 336.7528282403263, 86.09692348453326, 35.56232432058292, 173.852565150663, 257.60859077112747, 6.432102799273531, 50.853323358455754, 53.13911286940756, 22.85548098651645, 28.701825695322608, 111.60965877761515, 255.41579048676135, 13.745468710947527, 53.98640709005351, 64.86763241288884, 26.162474758267514, 198.8499198280605, 26.644671204062963]]"
389,"[[(0, 8), (8, 14), (1, 28), (12, 22), (12, 25), (26, 6), (28, 7), (28, 9), (2, 11), (11, 4), (4, 1), (5, 8), (5, 21), (5, 25), (25, 12), (7, 16), (10, 24), (19, 9), (19, 29), (9, 8)]]","[[46.39004777189254, 167.940287718764, 486.5505890756286, 84.03943903415099, 68.05426588504288, 176.0634673107343, 423.7939989718371, 10.294784091104148, 34.68572069891656, 52.96001274777266, 6.122272605314193, 28.830568180200988, 111.76629562785885, 299.8142024820942, 14.638097429681507, 153.32742808461276, 76.12511328425175, 86.08651438587212, 168.1088847023328, 10.278670543560253]]"
390,"[[(0, 8), (8, 14), (1, 28), (12, 22), (12, 25), (26, 6), (28, 7), (28, 9), (2, 11), (11, 4), (4, 1), (5, 8), (5, 21), (5, 25), (25, 12), (7, 16), (10, 24), (19, 9), (19, 29), (9, 8)]]","[[87.46359750793206, 107.63788188903244, 267.2869369125037, 75.4006424062165, 97.81106917579244, 156.84163467164754, 63.16780428424169, 7.949888688046613, 83.79817734790106, 52.595861174619706, 12.44564422536936, 20.30423830731202, 111.10274567715499, 244.79487692923922, 21.452748554086487, 213.66122222052243, 53.7140074034118, 51.98283138555542, 252.31692336140392, 24.741101547578875]]"
391,"[[(0, 8), (8, 14), (1, 28), (12, 22), (12, 25), (26, 6), (28, 7), (28, 9), (2, 11), (11, 4), (4, 1), (5, 8), (5, 21), (5, 25), (25, 12), (7, 16), (10, 24), (19, 9), (19, 29), (9, 8)]]","[[87.6693567486882, 56.04792519132453, 490.06682961995034, 74.50809205470472, 91.192943229246, 152.49716565305948, 165.47771911410064, 11.358804368968034, 47.54314223115199, 52.934917972463374, 19.064276076503035, 22.919017293852193, 112.311647415864, 272.7867261322671, 22.41492589340791, 237.93598631969002, 24.339457519399396, 30.127861445255146, 228.0483560784989, 31.00427202394145]]"
392,"[[(0, 8), (8, 14), (1, 28), (12, 22), (12, 25), (26, 6), (28, 7), (28, 9), (2, 11), (11, 4), (4, 1), (5, 8), (5, 21), (5, 25), (25, 12), (7, 16), (10, 24), (19, 9), (19, 29), (9, 8)]]","[[51.11043048895865, 29.231566207907605, 434.58261477784015, 80.10770552097468, 151.7325153973247, 173.5108182919701, 321.0844447270075, 3.033077231828315, 37.44612549348753, 52.899829656723426, 23.602552747718274, 4.37942569477319, 111.04175638518628, 305.15325112046764, 14.723337897872941, 25.37750626841074, 77.0169049581375, 66.77163465832805, 64.14567696674143, 23.973533679953427]]"
393,"[[(0, 8), (8, 14), (1, 28), (12, 22), (12, 25), (26, 6), (28, 7), (28, 9), (2, 11), (11, 4), (4, 1), (5, 8), (5, 21), (5, 25), (25, 12), (7, 16), (10, 24), (19, 9), (19, 29), (9, 8)]]","[[76.69820107182736, 133.30937683191092, 446.19257779450726, 92.19364093044462, 80.67985536467879, 177.2215483868098, 165.40313063815609, 14.27688996806998, 44.270972459896925, 52.78074683464839, 22.21368496030998, 23.599291876020633, 112.68250142436003, 332.0003941379442, 13.001955087892215, 297.7979635456717, 55.621199190941034, 12.344615672881016, 118.46050424228872, 19.073946153470438]]"
394,"[[(0, 8), (8, 14), (1, 28), (12, 22), (12, 25), (26, 6), (28, 7), (28, 9), (2, 11), (11, 4), (4, 1), (5, 8), (5, 21), (5, 25), (25, 12), (7, 16), (10, 24), (19, 9), (19, 29), (9, 8)]]","[[32.080564636699705, 126.438361494432, 758.1219179624019, 72.30964268397408, 59.949190850924225, 169.8710794181581, 511.1076714157397, 5.922019265799618, 80.03497496502582, 52.69979041874173, 28.114777407279746, 24.178286311744138, 111.05185834326025, 314.1244842502482, 17.52872820415692, 13.887505244241563, 77.17016378006738, 59.51602043815435, 113.86212435780863, 19.005771256435477]]"
395,"[[(0, 8), (8, 14), (1, 28), (12, 22), (12, 25), (26, 6), (28, 7), (28, 9), (2, 11), (11, 4), (4, 1), (5, 8), (5, 21), (5, 25), (25, 12), (7, 16), (10, 24), (19, 9), (19, 29), (9, 8)]]","[[39.77922789301283, 142.58514938006056, 490.471427014949, 80.02374109387043, 102.30121662510834, 181.57449870409945, 256.9119636921033, 5.843278032960857, 27.286996169396787, 52.1741225878522, 4.820650955736986, 32.7338537998947, 112.76404336506741, 182.97282818778697, 20.172112049970483, 282.7894125935332, 22.755938037386464, 57.205711597345186, 97.56908128130507, 32.97354867285938]]"
396,"[[(0, 8), (8, 14), (1, 28), (12, 22), (12, 25), (26, 6), (28, 7), (28, 9), (2, 11), (11, 4), (4, 1), (5, 8), (5, 21), (5, 25), (25, 12), (7, 16), (10, 24), (19, 9), (19, 29), (9, 8)]]","[[88.56832893497896, 39.35800017257702, 590.5819398583506, 88.95264311871466, 37.72940943314636, 178.41953679325098, 176.14505339379323, 16.80918692229486, 36.55376633077566, 52.62956836273918, 6.332305625161851, 5.647173483148431, 111.13498688995914, 319.77505921397074, 14.301343611422611, 291.91946705912454, 58.45030635634557, 115.2560835911371, 251.31557388154098, 10.034506522784515]]"
397,"[[(0, 8), (8, 14), (1, 28), (12, 22), (12, 25), (26, 6), (28, 7), (28, 9), (2, 11), (11, 4), (4, 1), (5, 8), (5, 21), (5, 25), (25, 12), (7, 16), (10, 24), (19, 9), (19, 29), (9, 8)]]","[[37.612422416763266, 132.73467914899527, 517.9916260319828, 92.5390953855159, 156.8637943087606, 172.38538978899126, 136.3019510666816, 15.437336158953428, 46.90005794196922, 53.11828964272563, 23.10416706432032, 30.890944908801252, 111.25367641060473, 315.616782605386, 19.104090055238714, 129.31443722332324, 27.940465070337872, 25.990709057511253, 143.81204715842182, 16.402067921161454]]"
398,"[[(0, 8), (8, 14), (1, 28), (12, 22), (12, 25), (26, 6), (28, 7), (28, 9), (2, 11), (11, 4), (4, 1), (5, 8), (5, 21), (5, 25), (25, 12), (7, 16), (10, 24), (19, 9), (19, 29), (9, 8)]]","[[33.8804159571324, 76.96223881406672, 411.6524849086366, 77.65549013704162, 122.5934579578006, 159.73009998876563, 392.46556737217065, 9.605053145869574, 46.94244954959551, 52.93466576184204, 12.85721185629543, 12.692488250886692, 112.4271883402788, 287.3841376963697, 22.58876620296573, 113.4077648321884, 71.71367868934196, 104.02290090228828, 94.32922605383314, 11.36510307719594]]"
399,"[[(0, 8), (8, 14), (1, 28), (12, 22), (12, 25), (26, 6), (28, 7), (28, 9), (2, 11), (11, 4), (4, 1), (5, 8), (5, 21), (5, 25), (25, 12), (7, 16), (10, 24), (19, 9), (19, 29), (9, 8)]]","[[30.873818580748043, 105.19654583537594, 728.474640598451, 82.95339893988304, 131.60121212198882, 179.551667726656, 145.09959917804585, 9.5146273750527, 67.81923675815273, 52.63533237687854, 18.60514878678768, 20.240488931760986, 111.83848307897219, 113.46165374957012, 24.598821033851735, 141.97757175150005, 80.18004193445748, 78.3681387607347, 179.44611676114081, 15.108284772051501]]"
400,"[[(0, 8), (8, 14), (1, 28), (12, 22), (12, 25), (26, 6), (28, 7), (28, 9), (2, 11), (11, 4), (4, 1), (5, 8), (5, 21), (5, 25), (25, 12), (7, 16), (10, 24), (19, 9), (19, 29), (9, 8)]]","[[44.458159015234926, 75.92577580456745, 439.31240044010974, 82.1440026234555, 129.83005789199916, 172.63676296419044, 274.3871624713905, 12.947697161873311, 34.97636179445602, 53.03994836199812, 16.285157493039517, 23.969796796892645, 111.66448341519141, 190.4589558764971, 16.32341025547088, 247.29918244283402, 37.43368778573959, 102.90622570845912, 259.1636374866905, 22.776527497163727]]"
401,"[[(0, 8), (8, 14), (1, 28), (12, 22), (12, 25), (26, 6), (28, 7), (28, 9), (2, 11), (11, 4), (4, 1), (5, 8), (5, 21), (5, 25), (25, 12), (7, 16), (10, 24), (19, 9), (19, 29), (9, 8)]]","[[43.71957558388846, 154.41414413245485, 600.6816076542854, 73.26190147065593, 100.14505912100391, 172.49622408315045, 125.65379647933564, 5.482732548779757, 64.50606881079159, 53.260433509311795, 7.567375648812, 10.57720559040527, 111.34178890921888, 297.8682020928725, 24.557953689043856, 324.09395835291485, 56.68507497855298, 109.73045333805747, 116.66039638844194, 7.199822838095933]]"
402,"[[(0, 8), (8, 14), (1, 28), (12, 22), (12, 25), (26, 6), (28, 7), (28, 9), (2, 11), (11, 4), (4, 1), (5, 8), (5, 21), (5, 25), (25, 12), (7, 16), (10, 24), (19, 9), (19, 29), (9, 8)]]","[[57.929397606304164, 176.4538040206073, 367.4503274518881, 81.92604226197705, 47.56643862248719, 165.8990482356025, 152.7159452340857, 4.496017211272265, 58.91785005693714, 52.44076141698477, 31.45287377827002, 4.376554428425001, 111.27232461447636, 306.6152936549225, 25.51775658189505, 264.0391738930904, 83.83551664002545, 61.555143708381834, 191.89316301463182, 26.740849397957312]]"
403,"[[(0, 8), (8, 14), (1, 28), (12, 22), (12, 25), (26, 6), (28, 7), (28, 9), (2, 11), (11, 4), (4, 1), (5, 8), (5, 21), (5, 25), (25, 12), (7, 16), (10, 24), (19, 9), (19, 29), (9, 8)]]","[[32.058154525209346, 116.65710766733795, 304.0027786893251, 82.5169570325073, 107.27967179029855, 165.05596218132203, 349.5109777802588, 4.179586653910593, 35.76345234754415, 52.48382828951431, 30.545240796396783, 15.410853834948668, 112.57804637754707, 175.92871153664805, 13.202801654683098, 241.00568864869717, 83.34634521337728, 17.097421752057457, 231.12678644292103, 20.984123324240787]]"
404,"[[(0, 8), (8, 14), (1, 28), (12, 22), (12, 25), (26, 6), (28, 7), (28, 9), (2, 11), (11, 4), (4, 1), (5, 8), (5, 21), (5, 25), (25, 12), (7, 16), (10, 24), (19, 9), (19, 29), (9, 8)]]","[[47.36216983551759, 27.104561536671202, 367.3917995303576, 76.37739312519078, 119.01853740227229, 169.3546582178385, 404.3415906262546, 9.018606089771373, 85.56692473522695, 53.40528801000301, 12.954699653283335, 33.83175107573441, 112.71579566378112, 245.1265498801091, 21.724559086822033, 50.42764312376367, 25.295628153157956, 12.812501582691887, 141.3650724930904, 9.812768741097617]]"
405,"[[(0, 8), (8, 14), (1, 28), (12, 22), (12, 25), (26, 6), (28, 7), (28, 9), (2, 11), (11, 4), (4, 1), (5, 8), (5, 21), (5, 25), (25, 12), (7, 16), (10, 24), (19, 9), (19, 29), (9, 8)]]","[[45.37698025210646, 90.69031310215571, 353.26110317800425, 84.91860051386085, 149.30590982163514, 167.86782410248873, 235.2127122436597, 14.094868529118484, 53.024518640629715, 53.05866448909782, 28.764005267150253, 7.221902308564202, 112.74902911455776, 148.31434048560075, 23.410107302358956, 230.16265767183265, 69.86228453997765, 68.34119888814996, 157.78882579312642, 14.259899289229278]]"
406,"[[(0, 8), (8, 14), (1, 28), (12, 22), (12, 25), (26, 6), (28, 7), (28, 9), (2, 11), (11, 4), (4, 1), (5, 8), (5, 21), (5, 25), (25, 12), (7, 16), (10, 24), (19, 9), (19, 29), (9, 8)]]","[[91.62547704790386, 97.11242449491583, 251.37195591706805, 84.91526609119947, 44.10047491926124, 157.68545103147255, 198.90862657576298, 12.315901469446562, 29.78989462131848, 53.672573616590256, 4.58164510246624, 35.926258169411994, 112.46442450734159, 192.5140687378468, 13.260495214362518, 163.1334561012631, 64.34834034504308, 95.34999178707274, 170.29667103679833, 22.11610978788004]]"
407,"[[(0, 8), (8, 14), (1, 28), (12, 22), (12, 25), (26, 6), (28, 7), (28, 9), (2, 11), (11, 4), (4, 1), (5, 8), (5, 21), (5, 25), (25, 12), (7, 16), (10, 24), (19, 9), (19, 29), (9, 8)]]","[[65.3883143006683, 52.713751765245256, 251.7925153146967, 87.62915166317754, 35.112788169160645, 160.38426085211304, 468.39790905454987, 7.485958008377583, 82.58287707338367, 52.60384873042121, 29.60636880942186, 13.92693643910355, 112.11682938757242, 300.21409861906375, 18.273618651926938, 277.9311429903829, 43.42997242106547, 108.87649966861002, 202.6610250731422, 15.936781792273301]]"
408,"[[(0, 8), (8, 14), (1, 28), (12, 22), (12, 25), (26, 6), (28, 7), (28, 9), (2, 11), (11, 4), (4, 1), (5, 8), (5, 21), (5, 25), (25, 12), (7, 16), (10, 24), (19, 9), (19, 29), (9, 8)]]","[[71.87695723292956, 83.19857302743468, 620.9493329770585, 83.37671420584418, 96.87931978049775, 164.89286063206353, 208.95847016525335, 5.183314443823931, 22.138579188240882, 53.83690390377603, 6.589442851746808, 9.379302857293268, 112.64898796200826, 285.65911655764245, 10.085949193576788, 207.14306242233943, 75.80163382881844, 44.59069988929761, 250.58020060090257, 26.32686492769763]]"
409,"[[(0, 8), (8, 14), (1, 28), (12, 22), (12, 25), (26, 6), (28, 7), (28, 9), (2, 11), (11, 4), (4, 1), (5, 8), (5, 21), (5, 25), (25, 12), (7, 16), (10, 24), (19, 9), (19, 29), (9, 8)]]","[[71.3457989572618, 44.513455626356986, 667.197961588042, 81.77268556568531, 50.50559033374516, 162.70135284490183, 368.26488074748335, 11.494288328967569, 77.53025590057459, 53.43393218785576, 9.059982249692862, 34.852210889403175, 111.74380874661932, 283.26136031761473, 21.639929428808237, 80.55268462198008, 26.066850740053784, 46.06782851270839, 138.22514859336508, 12.589262189084696]]"
410,"[[(0, 8), (8, 14), (1, 28), (12, 22), (12, 25), (26, 6), (28, 7), (28, 9), (2, 11), (11, 4), (4, 1), (5, 8), (5, 21), (5, 25), (25, 12), (7, 16), (10, 24), (19, 9), (19, 29), (9, 8)]]","[[91.21060261162964, 142.35924758626237, 612.0323045051134, 92.92080173900487, 58.72310475267816, 180.18900601377047, 161.42535255685073, 7.112024234511509, 77.05458457657241, 53.484602226060524, 22.798678510763914, 34.75463887776731, 112.63298394931067, 225.99672567579495, 19.123192256849208, 304.52874422469705, 66.34533452872458, 8.593020092280883, 249.64517985817764, 20.599441261725428]]"
411,"[[(0, 8), (8, 14), (1, 28), (12, 22), (12, 25), (26, 6), (28, 7), (28, 9), (2, 11), (11, 4), (4, 1), (5, 8), (5, 21), (5, 25), (25, 12), (7, 16), (10, 24), (19, 9), (19, 29), (9, 8)]]","[[87.24721166947646, 131.1612089482352, 273.6073746927884, 90.1605107225671, 96.94685061615006, 172.15452084927486, 244.5678844836405, 4.160117743263434, 66.9164809339662, 53.28326721155433, 20.199522968305374, 32.35685740884308, 112.06846374825223, 99.27137616689701, 25.909509104212518, 320.85370355654675, 58.088510550345895, 102.24854862498236, 155.4889712962385, 19.484161957296266]]"
412,"[[(0, 8), (8, 14), (1, 28), (12, 22), (12, 25), (26, 6), (28, 7), (28, 9), (2, 11), (11, 4), (4, 1), (5, 8), (5, 21), (5, 25), (25, 12), (7, 16), (10, 24), (19, 9), (19, 29), (9, 8)]]","[[90.41379693508549, 167.30555512734537, 426.6094110775032, 73.93491010605219, 50.31917758620595, 168.49100587134419, 554.1118603332371, 15.17932913646263, 68.94451104200584, 52.97799316310663, 20.772002140373836, 28.09367530537915, 111.26870205501803, 204.05044491215068, 18.873940061177436, 129.74614069046487, 66.32268886603751, 24.98798598536859, 217.34691952168768, 14.700227496825004]]"
413,"[[(0, 8), (8, 14), (1, 28), (12, 22), (12, 25), (26, 6), (28, 7), (28, 9), (2, 11), (11, 4), (4, 1), (5, 8), (5, 21), (5, 25), (25, 12), (7, 16), (10, 24), (19, 9), (19, 29), (9, 8)]]","[[84.65385725203195, 119.3984049066193, 628.728970248696, 74.77016083384837, 87.2821615444789, 177.0634925283062, 199.62838921302327, 3.2771052774023874, 79.84567523151534, 53.64832480319855, 8.569909954819593, 17.3551340264361, 111.50561383320657, 218.23398037270846, 22.67041048965703, 207.0132570660315, 80.06923264918727, 30.96463574768351, 83.73552289771106, 4.458181175359208]]"
414,"[[(0, 8), (8, 14), (1, 28), (12, 22), (12, 25), (26, 6), (28, 7), (28, 9), (2, 11), (11, 4), (4, 1), (5, 8), (5, 21), (5, 25), (25, 12), (7, 16), (10, 24), (19, 9), (19, 29), (9, 8)]]","[[47.811080102469184, 155.64758935225564, 268.8179982341786, 92.59388098929806, 163.3390731445027, 174.21933153321345, 319.18016746344057, 12.748579486988893, 33.14323485851519, 53.56138020342318, 30.532567799279754, 31.477686226780587, 112.27671811501295, 282.40182655501866, 22.5934841976049, 261.8702726536956, 56.498569518364604, 97.56081641563028, 250.3220887844029, 13.550513774652057]]"
415,"[[(0, 8), (8, 14), (1, 28), (12, 22), (12, 25), (26, 6), (28, 7), (28, 9), (2, 11), (11, 4), (4, 1), (5, 8), (5, 21), (5, 25), (25, 12), (7, 16), (10, 24), (19, 9), (19, 29), (9, 8)]]","[[42.154030419757596, 117.58113950174634, 433.50051320183513, 93.04771382940258, 41.84906406086825, 176.62589838772206, 126.0393571298315, 3.2964270325682725, 54.16695951286426, 53.025819081958126, 15.141111946349742, 6.612629364958764, 111.13480960527124, 114.9974282630763, 10.1292255343434, 66.29097001678866, 34.25840996755028, 34.78083678210159, 107.34684642706569, 30.107526938810256]]"
416,"[[(0, 8), (8, 14), (1, 28), (12, 22), (12, 25), (26, 6), (28, 7), (28, 9), (2, 11), (11, 4), (4, 1), (5, 8), (5, 21), (5, 25), (25, 12), (7, 16), (10, 24), (19, 9), (19, 29), (9, 8)]]","[[79.40878479645943, 117.98680877347944, 349.8750117225142, 91.49249874478345, 156.82632082802658, 160.34706427854468, 85.61085159257097, 7.01075422009958, 38.09999207326558, 53.31400367545473, 16.391198355571813, 3.0469244832197044, 111.38542604163507, 191.70468983927512, 20.20018828157488, 188.7285324446792, 63.89508926141762, 27.481573287162007, 224.50603230493007, 8.92880679856869]]"
417,"[[(0, 8), (8, 14), (1, 28), (12, 22), (12, 25), (26, 6), (28, 7), (28, 9), (2, 11), (11, 4), (4, 1), (5, 8), (5, 21), (5, 25), (25, 12), (7, 16), (10, 24), (19, 9), (19, 29), (9, 8)]]","[[42.98023548799202, 174.6694328802535, 731.3281755410829, 84.12230280088511, 97.40812128815547, 154.76213567321187, 439.131113007426, 15.693649848006002, 37.64746608463735, 53.390608381938144, 24.22491945145085, 25.7034990411069, 112.43977568930087, 186.4405166293733, 19.3538677624558, 219.2515550743144, 61.092217864169854, 82.79615029901574, 126.04648630972926, 1.3899526101577457]]"
418,"[[(0, 8), (8, 14), (1, 28), (12, 22), (12, 25), (26, 6), (28, 7), (28, 9), (2, 11), (11, 4), (4, 1), (5, 8), (5, 21), (5, 25), (25, 12), (7, 16), (10, 24), (19, 9), (19, 29), (9, 8)]]","[[36.32842989622977, 142.05098846873108, 766.8332961067623, 90.44626571735589, 128.20296061941713, 154.5988201975303, 62.186916859496684, 8.815732137693422, 65.13845203632818, 52.08089310395813, 11.29534022070196, 4.370730927345457, 112.78321627522372, 288.6151076189411, 16.85544178001826, 155.78888720196161, 53.0230112642275, 77.30169650763973, 93.55543450025013, 31.689507682384832]]"
419,"[[(0, 8), (8, 14), (1, 28), (12, 22), (12, 25), (26, 6), (28, 7), (28, 9), (2, 11), (11, 4), (4, 1), (5, 8), (5, 21), (5, 25), (25, 12), (7, 16), (10, 24), (19, 9), (19, 29), (9, 8)]]","[[52.01760559468788, 138.43221582834838, 397.2617806367771, 84.63652947544603, 122.76094129241129, 164.0931065237768, 396.02811729993357, 6.860450146651154, 80.0065954479494, 53.205992890202275, 26.84372713178688, 30.696064922529835, 112.29616099799935, 172.48047517949277, 15.454499614547325, 11.051394127889868, 33.4907405786814, 111.6120434407909, 85.09222856477331, 18.14592867702241]]"
420,"[[(0, 8), (8, 14), (1, 28), (12, 22), (12, 25), (26, 6), (28, 7), (28, 9), (2, 11), (11, 4), (4, 1), (5, 8), (5, 21), (5, 25), (25, 12), (7, 16), (10, 24), (19, 9), (19, 29), (9, 8)]]","[[93.14270649100094, 77.57980842639587, 578.7241330777745, 90.20403767160865, 62.84405031568951, 174.31172548085, 212.16849749373318, 5.82958243251767, 36.14719784185706, 52.283796373963085, 19.340155056958785, 24.77005385545963, 111.46927807589914, 177.72926198968764, 12.014404531969923, 48.58272226521825, 31.475434490571686, 114.43157406515012, 181.19949139946849, 15.257279673660733]]"
421,"[[(0, 8), (8, 14), (1, 28), (12, 22), (12, 25), (26, 6), (28, 7), (28, 9), (2, 11), (11, 4), (4, 1), (5, 8), (5, 21), (5, 25), (25, 12), (7, 16), (10, 24), (19, 9), (19, 29), (9, 8)]]","[[31.98898332305223, 25.175592512012795, 465.22654907085206, 87.95290757168723, 147.71503052712032, 176.89299150911953, 545.9891026068253, 7.168911846169437, 25.8624278654085, 53.40941014569319, 20.22102582453278, 6.536424177750569, 111.81407885427804, 289.1428211254316, 10.815649931397505, 67.14474582952562, 79.10478653049645, 37.22059394270861, 82.69629748217456, 6.785485110003876]]"
422,"[[(0, 8), (8, 14), (1, 28), (12, 22), (12, 25), (26, 6), (28, 7), (28, 9), (2, 11), (11, 4), (4, 1), (5, 8), (5, 21), (5, 25), (25, 12), (7, 16), (10, 24), (19, 9), (19, 29), (9, 8)]]","[[81.55163501538898, 124.32997477542419, 499.25408648043646, 92.28553439912012, 92.8305839024853, 153.29284525601088, 534.8130692954649, 10.32325311920595, 47.1231412980282, 53.92673683973887, 8.976568388938677, 19.400045369559464, 112.3863925112904, 282.53178617725155, 17.09395728781179, 112.89812152956733, 65.63584054068471, 36.850908170170186, 91.03144883590494, 16.66193750212992]]"
423,"[[(0, 8), (8, 14), (1, 28), (12, 22), (12, 25), (26, 6), (28, 7), (28, 9), (2, 11), (11, 4), (4, 1), (5, 8), (5, 21), (5, 25), (25, 12), (7, 16), (10, 24), (19, 9), (19, 29), (9, 8)]]","[[61.54523784934411, 175.93775901379806, 722.234580495602, 90.698867932057, 113.50628392864733, 157.46732112321502, 360.56699306997507, 15.57024937756031, 62.914890484327366, 52.10335760141435, 7.144368269862479, 23.064179026052834, 111.13536612749351, 179.5705967158567, 17.622160626919857, 298.76925377289, 70.62930860936123, 31.011481872636892, 182.57991329442984, 6.550227914888804]]"
424,"[[(0, 8), (8, 14), (1, 28), (12, 22), (12, 25), (26, 6), (28, 7), (28, 9), (2, 11), (11, 4), (4, 1), (5, 8), (5, 21), (5, 25), (25, 12), (7, 16), (10, 24), (19, 9), (19, 29), (9, 8)]]","[[73.27163965283148, 79.0202438459197, 699.8622973145207, 81.91285925642093, 110.28323695308175, 173.75867814235593, 490.834364121425, 7.678311932227789, 49.799792761938306, 53.07152677782199, 25.965682960635117, 21.11872087274529, 111.73281885974629, 170.39590583744584, 23.26951674043088, 141.85446227191247, 47.6991551890167, 91.59897616972096, 147.89694768799473, 31.58223592831614]]"
425,"[[(0, 8), (8, 14), (1, 28), (12, 22), (12, 25), (26, 6), (28, 7), (28, 9), (2, 11), (11, 4), (4, 1), (5, 8), (5, 21), (5, 25), (25, 12), (7, 16), (10, 24), (19, 9), (19, 29), (9, 8)]]","[[62.91045070750947, 116.37289933742194, 617.9586418561685, 84.73286096013614, 101.12854701151934, 166.60094772526506, 522.8251720134458, 13.829211948400594, 71.72165943155333, 52.8268546914285, 19.57864413228001, 4.658673725827855, 111.33647013962639, 317.76867522162047, 23.27695263669991, 84.13231232983854, 25.226278133601056, 87.77061269521303, 192.74807155199318, 20.27339293602386]]"
426,"[[(0, 8), (8, 14), (1, 28), (12, 22), (12, 25), (26, 6), (28, 7), (28, 9), (2, 11), (11, 4), (4, 1), (5, 8), (5, 21), (5, 25), (25, 12), (7, 16), (10, 24), (19, 9), (19, 29), (9, 8)]]","[[93.3610649004995, 50.160629664006294, 778.2500139733888, 72.41060214014229, 82.48310743859432, 161.94096523132012, 308.56491959648446, 16.10487905098888, 77.21904746487, 52.31067693181585, 7.159050290055612, 10.180640447489962, 111.26274193479252, 160.70744478425087, 14.6078603849204, 117.06722077255948, 80.970775756439, 97.97819480166787, 245.07809021284206, 12.222285611363976]]"
427,"[[(0, 8), (8, 14), (1, 28), (12, 22), (12, 25), (26, 6), (28, 7), (28, 9), (2, 11), (11, 4), (4, 1), (5, 8), (5, 21), (5, 25), (25, 12), (7, 16), (10, 24), (19, 9), (19, 29), (9, 8)]]","[[65.84431721629102, 116.99356824057551, 444.4708236746138, 76.10749495198002, 58.057483050104935, 155.4685994401653, 129.6075308894176, 11.999898299859856, 64.84943974704765, 53.71479823165113, 24.799506732836743, 13.34750748252952, 111.85572410797988, 278.80801233225463, 14.571018037969056, 236.57329877330466, 25.27830999754515, 31.679111787372666, 191.21675224989332, 27.113424806743403]]"
428,"[[(0, 8), (8, 14), (1, 28), (12, 22), (12, 25), (26, 6), (28, 7), (28, 9), (2, 11), (11, 4), (4, 1), (5, 8), (5, 21), (5, 25), (25, 12), (7, 16), (10, 24), (19, 9), (19, 29), (9, 8)]]","[[64.46699903596804, 136.84577398216493, 561.4063531363107, 79.81899733665468, 83.60504367603966, 155.2108267901973, 211.75104299638008, 13.317117864533268, 56.79117813748432, 52.65130626441791, 24.978711498329478, 22.616968793324517, 112.50725832919338, 292.93368300079817, 17.12785573678299, 189.3012513939222, 36.91797682208945, 116.98585461237576, 189.3077617160656, 26.67802813900019]]"
429,"[[(0, 8), (8, 14), (1, 28), (12, 22), (12, 25), (26, 6), (28, 7), (28, 9), (2, 11), (11, 4), (4, 1), (5, 8), (5, 21), (5, 25), (25, 12), (7, 16), (10, 24), (19, 9), (19, 29), (9, 8)]]","[[43.02709385686157, 154.1950931894186, 615.7029872005182, 89.00952197657115, 141.50838773944932, 181.33945787352297, 491.1149791032332, 16.730365201784686, 22.19892564421066, 52.85008508144942, 5.77665110235017, 18.000301099361184, 111.66033861725292, 154.01274510542905, 13.622838049016929, 240.37436833753839, 51.98852618055241, 47.45928350459937, 251.0812356368325, 19.25070882731223]]"
430,"[[(0, 8), (8, 14), (1, 28), (12, 22), (12, 25), (26, 6), (28, 7), (28, 9), (2, 11), (11, 4), (4, 1), (5, 8), (5, 21), (5, 25), (25, 12), (7, 16), (10, 24), (19, 9), (19, 29), (9, 8)]]","[[90.73681897752635, 26.23396462774124, 749.3740440033495, 72.08928710572684, 74.0299634968803, 170.0677499211618, 527.2395073644809, 11.99527738945869, 34.967392359786515, 53.539256585766694, 14.403161183989083, 13.599559643750403, 111.12378202760796, 120.05380637487123, 17.847624228657274, 85.58806638863972, 54.38030979909886, 69.74089242692521, 115.03948831807531, 19.59378539946854]]"
431,"[[(0, 8), (8, 14), (1, 28), (12, 22), (12, 25), (26, 6), (28, 7), (28, 9), (2, 11), (11, 4), (4, 1), (5, 8), (5, 21), (5, 25), (25, 12), (7, 16), (10, 24), (19, 9), (19, 29), (9, 8)]]","[[83.52583628838792, 17.171713852405308, 328.3211331372198, 89.16768921814483, 70.51349081724382, 177.53641972523033, 110.6829166033876, 5.243059196631226, 71.0494777216613, 53.4344346269818, 8.18360103428922, 32.2126467764843, 112.17124946538128, 207.96356773532284, 12.933766401761885, 271.29341813690303, 79.69313989108855, 109.18960616203628, 222.4635888386911, 23.035181932468948]]"
432,"[[(0, 8), (8, 14), (1, 28), (12, 22), (12, 25), (26, 6), (28, 7), (28, 9), (2, 11), (11, 4), (4, 1), (5, 8), (5, 21), (5, 25), (25, 12), (7, 16), (10, 24), (19, 9), (19, 29), (9, 8)]]","[[68.9642690623556, 143.21036672204804, 544.883954688886, 75.69747333135857, 70.49689011817858, 173.5786276227126, 177.70338898257464, 6.507548273609128, 32.75249514503602, 53.00146440028073, 28.911243153839827, 24.323553098825375, 112.8218319650471, 294.0948387691549, 13.23092278043218, 247.6698214123162, 56.982028832479585, 52.00165321260053, 244.785895678728, 26.725650111325606]]"
433,"[[(0, 8), (8, 14), (1, 28), (12, 22), (12, 25), (26, 6), (28, 7), (28, 9), (2, 11), (11, 4), (4, 1), (5, 8), (5, 21), (5, 25), (25, 12), (7, 16), (10, 24), (19, 9), (19, 29), (9, 8)]]","[[37.562328072949285, 155.9824387687896, 599.8845756418757, 90.18232139579813, 134.67040558285376, 171.81315054952435, 296.3641515570755, 4.0223644220259755, 35.259708881474225, 53.52875548820684, 20.418460180077048, 15.466730463964465, 111.33225856900886, 285.26994924767956, 16.001767669012732, 264.5470200008858, 24.313069790434838, 68.73034208133849, 258.71490229001256, 5.317857253134985]]"
434,"[[(0, 8), (8, 14), (1, 28), (12, 22), (12, 25), (26, 6), (28, 7), (28, 9), (2, 11), (11, 4), (4, 1), (5, 8), (5, 21), (5, 25), (25, 12), (7, 16), (10, 24), (19, 9), (19, 29), (9, 8)]]","[[64.65811260315931, 49.102500696055365, 768.634753576321, 91.80412592986217, 154.06087238321277, 179.3298297660809, 541.9560198679762, 13.163246517167902, 72.28975279568434, 53.690750547721215, 28.56326239541322, 11.261471030413725, 112.76130419186856, 315.56071341645884, 14.085483151386901, 251.48484024036554, 32.23372411382942, 58.80248217086759, 65.93354404109951, 2.8582300368757636]]"
435,"[[(0, 8), (8, 14), (1, 28), (12, 22), (12, 25), (26, 6), (28, 7), (28, 9), (2, 11), (11, 4), (4, 1), (5, 8), (5, 21), (5, 25), (25, 12), (7, 16), (10, 24), (19, 9), (19, 29), (9, 8)]]","[[62.1698896057514, 111.32275333209479, 229.03070240303992, 84.12003118494385, 52.62715114387454, 154.4694089757996, 518.2870156439111, 5.6755522582327185, 55.50340050424266, 52.925759415566006, 11.958507673756245, 3.903272095913774, 112.53456242403173, 334.4473285505867, 24.830979333919238, 159.7083774614798, 25.76519716594061, 80.09249157193348, 177.4888430333551, 9.586781708943597]]"
436,"[[(0, 8), (8, 14), (1, 28), (12, 22), (12, 25), (26, 6), (28, 7), (28, 9), (2, 11), (11, 4), (4, 1), (5, 8), (5, 21), (5, 25), (25, 12), (7, 16), (10, 24), (19, 9), (19, 29), (9, 8)]]","[[49.622718196387055, 109.53801375004062, 269.99872972655606, 78.10051143525263, 163.29959594014412, 152.4136343885559, 502.1348937442843, 3.3618123570885805, 35.121612490956046, 53.51981027967586, 25.479159994683418, 25.122888400662763, 112.22952522667143, 270.3566406346745, 20.619514981447104, 269.278204660839, 33.72090645738955, 81.29695958711964, 108.60365455164994, 22.5306430155939]]"
437,"[[(0, 8), (8, 14), (1, 28), (12, 22), (12, 25), (26, 6), (28, 7), (28, 9), (2, 11), (11, 4), (4, 1), (5, 8), (5, 21), (5, 25), (25, 12), (7, 16), (10, 24), (19, 9), (19, 29), (9, 8)]]","[[61.97588704658158, 51.00344605169345, 759.9491174034537, 89.81236005162862, 96.55492319480153, 156.27958797812687, 378.8589199202782, 3.2913660275952132, 77.72092248487422, 53.44332847281074, 4.122789176047069, 12.698412009976714, 112.99603009192003, 324.11715608989743, 21.525343779916245, 14.05928526394316, 34.10958313979849, 35.16058270915356, 127.64025111050273, 2.105625576335754]]"
438,"[[(0, 8), (8, 14), (1, 28), (12, 22), (12, 25), (26, 6), (28, 7), (28, 9), (2, 11), (11, 4), (4, 1), (5, 8), (5, 21), (5, 25), (25, 12), (7, 16), (10, 24), (19, 9), (19, 29), (9, 8)]]","[[74.70739800135232, 183.9592922783944, 411.481714224435, 82.97189502098465, 54.74621507638864, 166.12032447268922, 258.40758550626674, 6.850161705343517, 81.30997338177411, 53.14445145584749, 11.73888331994593, 26.334892395444037, 111.32611609736115, 298.7538444865455, 17.628006911100016, 306.3420969161422, 34.868646451596646, 110.55620782017144, 213.96912150701354, 30.76060697984662]]"
439,"[[(0, 8), (8, 14), (1, 28), (12, 22), (12, 25), (26, 6), (28, 7), (28, 9), (2, 11), (11, 4), (4, 1), (5, 8), (5, 21), (5, 25), (25, 12), (7, 16), (10, 24), (19, 9), (19, 29), (9, 8)]]","[[37.581751390535075, 44.941579191714496, 399.00392900270424, 85.24206571523627, 54.504689262089386, 158.09890202233194, 261.83081427563206, 15.991909938424552, 45.57210213753938, 53.843234270810534, 20.579597766981458, 22.961071502830475, 111.94998463269478, 209.6518803200159, 24.073702406858782, 292.45261288377105, 31.87847827097759, 15.794975966799473, 138.92443116459964, 15.512920626266052]]"
440,"[[(0, 8), (8, 14), (1, 28), (12, 22), (12, 25), (26, 6), (28, 7), (28, 9), (2, 11), (11, 4), (4, 1), (5, 8), (5, 21), (5, 25), (25, 12), (7, 16), (10, 24), (19, 9), (19, 29), (9, 8)]]","[[71.71008577905576, 68.61533505015711, 752.3692913000876, 89.18686728966746, 97.58143745442875, 158.51338197566116, 35.69323698890248, 3.0775792623487694, 34.95121926800467, 53.303467012463514, 26.473846693716176, 9.774452652958002, 112.39237208963884, 292.6932010830646, 16.92435977176731, 195.758127499222, 82.68078151707263, 48.799973386919, 102.94218642586355, 27.79788410175661]]"
441,"[[(0, 8), (8, 14), (1, 28), (12, 22), (12, 25), (26, 6), (28, 7), (28, 9), (2, 11), (11, 4), (4, 1), (5, 8), (5, 21), (5, 25), (25, 12), (7, 16), (10, 24), (19, 9), (19, 29), (9, 8)]]","[[79.23486642626604, 55.66695626736429, 435.85709826569814, 73.02854848353128, 112.59143129385282, 181.34313160949785, 214.73861263577223, 15.48851706148576, 39.540551917158695, 52.94245598292837, 11.258340497019214, 6.9516536202492984, 112.06340020173438, 317.8978990765225, 10.31395881461278, 244.5929792953917, 64.96762014188945, 18.307775782750632, 185.09716766333202, 28.471021709296743]]"
442,"[[(0, 8), (8, 14), (1, 28), (12, 22), (12, 25), (26, 6), (28, 7), (28, 9), (2, 11), (11, 4), (4, 1), (5, 8), (5, 21), (5, 25), (25, 12), (7, 16), (10, 24), (19, 9), (19, 29), (9, 8)]]","[[82.40177040572237, 174.31284220229625, 352.54121356521057, 89.60679442060481, 41.11579165776797, 174.3753237950676, 496.15010280220463, 16.952494746172196, 44.69033742718925, 52.14926595703228, 20.94657440635863, 35.78663803628159, 112.52245835568701, 133.78887934155904, 10.288886204063473, 192.39371365096164, 60.024465772873036, 27.066005885514983, 61.22654404669267, 27.113377282469667]]"
443,"[[(0, 8), (8, 14), (1, 28), (12, 22), (12, 25), (26, 6), (28, 7), (28, 9), (2, 11), (11, 4), (4, 1), (5, 8), (5, 21), (5, 25), (25, 12), (7, 16), (10, 24), (19, 9), (19, 29), (9, 8)]]","[[80.85747973973491, 56.02052351540537, 636.7082324092337, 93.72096113290858, 56.78226942867592, 167.73644649107078, 242.43692524226657, 5.276951466400291, 35.74506740316093, 53.58127409743824, 24.414406335244212, 1.8060207691473988, 111.92200660902503, 266.5027943772941, 12.472987975590929, 205.9968187172893, 65.33106139028257, 26.740948502566688, 220.36288986243886, 30.649932957362164]]"
444,"[[(0, 8), (8, 14), (1, 28), (12, 22), (12, 25), (26, 6), (28, 7), (28, 9), (2, 11), (11, 4), (4, 1), (5, 8), (5, 21), (5, 25), (25, 12), (7, 16), (10, 24), (19, 9), (19, 29), (9, 8)]]","[[69.56251347607407, 86.0426344290908, 591.9726344781312, 80.22291092401622, 108.73631401349932, 155.52591668349962, 335.42878612433896, 14.34144307395106, 31.64074102444696, 52.421785255719826, 31.26447762309763, 15.90380056517364, 112.30388178993002, 101.32317289377022, 14.197588091781377, 151.82720539189197, 46.203731443359445, 12.870931740089544, 140.0385830717824, 20.51892900943235]]"
445,"[[(0, 8), (8, 14), (1, 28), (12, 22), (12, 25), (26, 6), (28, 7), (28, 9), (2, 11), (11, 4), (4, 1), (5, 8), (5, 21), (5, 25), (25, 12), (7, 16), (10, 24), (19, 9), (19, 29), (9, 8)]]","[[74.30827649503945, 160.52735019384568, 768.3667317284397, 85.17943398936708, 122.54285960895294, 159.23901980417196, 466.5906358616111, 13.30123516793977, 44.7815638610569, 53.06631493258863, 31.65611940174508, 14.746130542552773, 111.79491464044041, 277.5909396653144, 16.02296104586411, 205.34399644817776, 80.1433202427653, 96.45328073387707, 141.98930678470703, 17.549450249401502]]"
446,"[[(0, 8), (8, 14), (1, 28), (12, 22), (12, 25), (26, 6), (28, 7), (28, 9), (2, 11), (11, 4), (4, 1), (5, 8), (5, 21), (5, 25), (25, 12), (7, 16), (10, 24), (19, 9), (19, 29), (9, 8)]]","[[39.5917809470334, 87.36992109673656, 424.0393826822334, 73.2782275274356, 77.01533113146529, 178.0356346589307, 180.1928232553455, 9.802353064309239, 53.32542356387627, 53.450291966589695, 31.06077839727964, 21.11026093296701, 112.10151165272802, 158.36787635533034, 25.507454279216677, 151.7130750222357, 39.92421893822331, 69.27814535202941, 135.6941134335429, 11.263038107714944]]"
447,"[[(0, 8), (8, 14), (1, 28), (12, 22), (12, 25), (26, 6), (28, 7), (28, 9), (2, 11), (11, 4), (4, 1), (5, 8), (5, 21), (5, 25), (25, 12), (7, 16), (10, 24), (19, 9), (19, 29), (9, 8)]]","[[41.29876633311331, 33.95935717177221, 798.2659923617404, 85.11334920678861, 116.0726648401517, 157.54196319314153, 127.56733533575505, 3.113405324147143, 24.581639703890218, 53.1284439735855, 20.627264845792695, 25.18610466074014, 112.57096443590818, 137.661419752649, 14.33981060504832, 288.1459221832555, 69.79641825832897, 25.819471715033885, 245.7538412112037, 27.854678504343678]]"
448,"[[(0, 8), (8, 14), (1, 28), (12, 22), (12, 25), (26, 6), (28, 7), (28, 9), (2, 11), (11, 4), (4, 1), (5, 8), (5, 21), (5, 25), (25, 12), (7, 16), (10, 24), (19, 9), (19, 29), (9, 8)]]","[[51.01989859871317, 119.59253103733528, 428.1893386719687, 80.98452725608756, 96.04312501138529, 177.93585797929725, 173.79726819374503, 15.654899868700891, 55.48287530504001, 53.18282877194647, 27.595338779326703, 19.882171996637126, 111.65157054492363, 88.8276147897503, 17.176308921175398, 322.19586823615106, 61.2053203137801, 24.67297352419895, 232.83948758725336, 21.712744292687063]]"
449,"[[(0, 8), (8, 14), (1, 28), (12, 22), (12, 25), (26, 6), (28, 7), (28, 9), (2, 11), (11, 4), (4, 1), (5, 8), (5, 21), (5, 25), (25, 12), (7, 16), (10, 24), (19, 9), (19, 29), (9, 8)]]","[[49.92719068696768, 161.41162241007325, 403.7180898154394, 90.6643087827852, 64.15983523294574, 172.28811793464456, 80.98398153177706, 10.771269356473747, 72.41737068703765, 52.10014818409425, 18.976003270088835, 11.085900192293382, 111.34962519056296, 230.22939636458216, 25.408938548770763, 61.88549573073546, 36.177966593674114, 118.29839763232283, 97.10616249006303, 32.13188319251573]]"
450,"[[(0, 8), (8, 14), (1, 28), (12, 22), (12, 25), (26, 6), (28, 7), (28, 9), (2, 11), (11, 4), (4, 1), (5, 8), (5, 21), (5, 25), (25, 12), (7, 16), (10, 24), (19, 9), (19, 29), (9, 8)]]","[[89.88567395139182, 92.60542222072634, 363.4553105490983, 79.00044395642296, 85.81705682577143, 179.15468660797023, 460.90729897206137, 7.803657866727021, 25.715763018068756, 53.604525820416015, 12.193138829124253, 20.68839871368987, 112.91090731817374, 225.9720870342441, 12.296912126944145, 294.11109047359633, 36.643786078718875, 109.40229832859276, 125.11507251216823, 28.928838420713998]]"
451,"[[(0, 8), (8, 14), (1, 28), (12, 22), (12, 25), (26, 6), (28, 7), (28, 9), (2, 11), (11, 4), (4, 1), (5, 8), (5, 21), (5, 25), (25, 12), (7, 16), (10, 24), (19, 9), (19, 29), (9, 8)]]","[[62.55968799103868, 37.0477877485954, 461.52328761110107, 85.03532003497907, 47.27609010433497, 169.27116735388807, 556.3145116898369, 9.370076099081357, 48.69303750849734, 52.688880266232886, 16.50905254463015, 22.03324271533788, 111.7225317866521, 339.0576373869063, 13.37819743061242, 156.14219186209368, 78.85306462652635, 71.79805837656258, 186.39391839301445, 23.080083041223087]]"
452,"[[(0, 8), (8, 14), (1, 28), (12, 22), (12, 25), (26, 6), (28, 7), (28, 9), (2, 11), (11, 4), (4, 1), (5, 8), (5, 21), (5, 25), (25, 12), (7, 16), (10, 24), (19, 9), (19, 29), (9, 8)]]","[[49.10535449736123, 177.11976383372493, 608.6153878321243, 82.9540815118599, 108.95330817224232, 158.10579110431522, 491.4551985175068, 11.425647307434362, 36.98226282331931, 52.70599180505989, 24.96295110158411, 3.044752929387791, 112.20794492886812, 237.30057103854128, 14.313713490900739, 216.30462689653638, 70.40546396993595, 82.42590271874492, 211.03309657979818, 7.839886541096032]]"
453,"[[(0, 8), (8, 14), (1, 28), (12, 22), (12, 25), (26, 6), (28, 7), (28, 9), (2, 11), (11, 4), (4, 1), (5, 8), (5, 21), (5, 25), (25, 12), (7, 16), (10, 24), (19, 9), (19, 29), (9, 8)]]","[[86.90295416456878, 108.58623792642256, 454.9383353694624, 73.52185979581031, 37.268934756889315, 170.90744226916055, 553.3408918918016, 16.588145532858377, 72.07144197062445, 53.213589679728116, 24.595495789555756, 26.618540178579387, 112.69006240736991, 288.7754653061121, 10.539147987369113, 265.15670238755564, 61.83270162148145, 111.387968917892, 253.4446847302489, 20.15508139376409]]"
454,"[[(0, 8), (8, 14), (1, 28), (12, 22), (12, 25), (26, 6), (28, 7), (28, 9), (2, 11), (11, 4), (4, 1), (5, 8), (5, 21), (5, 25), (25, 12), (7, 16), (10, 24), (19, 9), (19, 29), (9, 8)]]","[[71.18278158158321, 29.858985048893608, 215.7870424045581, 92.49302887286393, 62.18188857325831, 177.5413940742969, 382.10999131224, 10.113030425434541, 60.7521065603408, 52.423427612664135, 19.323601720941305, 13.593129231275123, 111.92623698960796, 276.23565470603506, 15.398672147545867, 61.221344618856875, 36.52281053849898, 50.03056783763086, 109.19617513070393, 13.322565483650635]]"
455,"[[(0, 8), (8, 14), (1, 28), (12, 22), (12, 25), (26, 6), (28, 7), (28, 9), (2, 11), (11, 4), (4, 1), (5, 8), (5, 21), (5, 25), (25, 12), (7, 16), (10, 24), (19, 9), (19, 29), (9, 8)]]","[[43.31793674544308, 91.92550396681916, 281.42977615087153, 74.27966360464673, 160.1975638310457, 154.33580383188806, 108.10725745712578, 6.8813319790897935, 59.87813910838316, 52.38678210239419, 17.18910995139035, 18.209120257543415, 111.72395667764695, 310.87736520204174, 21.17478087790949, 324.578009984961, 73.49007260695124, 103.98133130462202, 238.86940830068514, 28.11769697814282]]"
456,"[[(0, 8), (8, 14), (1, 28), (12, 22), (12, 25), (26, 6), (28, 7), (28, 9), (2, 11), (11, 4), (4, 1), (5, 8), (5, 21), (5, 25), (25, 12), (7, 16), (10, 24), (19, 9), (19, 29), (9, 8)]]","[[51.883822665492204, 42.267372038585634, 381.72399568922845, 89.14688541613592, 47.39326272796944, 180.15877441962695, 100.78376728002256, 3.8381554577715105, 69.31593038499767, 53.95797276759064, 24.551033011977957, 15.099714638348207, 112.85387026936894, 96.88265037747212, 16.311451151068646, 318.4043016468558, 22.235148162987844, 32.24861439472134, 104.03999848579136, 5.740009008533253]]"
457,"[[(0, 8), (8, 14), (1, 28), (12, 22), (12, 25), (26, 6), (28, 7), (28, 9), (2, 11), (11, 4), (4, 1), (5, 8), (5, 21), (5, 25), (25, 12), (7, 16), (10, 24), (19, 9), (19, 29), (9, 8)]]","[[57.18855903217309, 20.385554356315225, 339.67395621181396, 87.13802154831781, 73.77402343256183, 153.63807335450352, 482.84821882634225, 15.196146957779495, 75.45801512248238, 52.87154669611383, 9.431002208694828, 33.048190757425786, 111.99638717825084, 164.01738584218936, 16.200773128129747, 43.38294720602681, 40.72035707233767, 40.569624696980796, 244.674069223996, 7.734837927674768]]"
458,"[[(0, 8), (8, 14), (1, 28), (12, 22), (12, 25), (26, 6), (28, 7), (28, 9), (2, 11), (11, 4), (4, 1), (5, 8), (5, 21), (5, 25), (25, 12), (7, 16), (10, 24), (19, 9), (19, 29), (9, 8)]]","[[34.85266776170154, 139.17136782592124, 369.7743788125569, 81.82729125174777, 158.56150372700483, 155.48988680774406, 415.9397271029315, 8.036314415307352, 77.78571714190196, 53.03481345957674, 6.444526637103878, 14.00914405975097, 112.17834819824179, 127.17306622534916, 21.21926562795749, 103.23801286879852, 54.2166699390267, 22.70241885357963, 116.3444682977961, 6.468754750568337]]"
459,"[[(0, 8), (8, 14), (1, 28), (12, 22), (12, 25), (26, 6), (28, 7), (28, 9), (2, 11), (11, 4), (4, 1), (5, 8), (5, 21), (5, 25), (25, 12), (7, 16), (10, 24), (19, 9), (19, 29), (9, 8)]]","[[50.76361350470631, 72.16524187070782, 501.6051371821539, 93.99546067970111, 148.68498171245545, 156.01469294766548, 280.8592145887228, 11.044585765748534, 49.43370720805508, 52.368973452160205, 5.102906145263894, 11.004786747758708, 111.17462392124128, 321.8530199736472, 12.988629400057418, 185.13328099063114, 34.075176394328125, 36.552600198219594, 192.68149275419603, 28.19414019483445]]"
460,"[[(0, 8), (8, 14), (1, 28), (12, 22), (12, 25), (26, 6), (28, 7), (28, 9), (2, 11), (11, 4), (4, 1), (5, 8), (5, 21), (5, 25), (25, 12), (7, 16), (10, 24), (19, 9), (19, 29), (9, 8)]]","[[74.71634069079659, 88.18915941591065, 532.9147966665789, 80.32902082267842, 68.85789329255333, 174.9662743305981, 170.57767114797957, 10.753197196293321, 39.22156343636127, 52.95525330190094, 29.939654277517267, 0.06140881029928469, 111.88967300813317, 199.48338411965108, 18.741663754334656, 291.1612991952151, 54.414167337117355, 11.514346214040334, 143.8158321827022, 15.130842003285558]]"
461,"[[(0, 8), (8, 14), (1, 28), (12, 22), (12, 25), (26, 6), (28, 7), (28, 9), (2, 11), (11, 4), (4, 1), (5, 8), (5, 21), (5, 25), (25, 12), (7, 16), (10, 24), (19, 9), (19, 29), (9, 8)]]","[[30.036331927663007, 93.72099748199321, 411.82260387760755, 88.39400069256627, 117.3692381255546, 173.05476340760939, 393.4316926635615, 6.35717131283598, 81.99228159429492, 53.691810049273364, 22.39250018817278, 16.26491596541261, 111.73683348478532, 280.38746348542816, 25.353729744409115, 151.13975154475688, 80.37631374770778, 69.52144544739365, 90.91347489586987, 11.143124662341052]]"
462,"[[(0, 8), (8, 14), (1, 28), (12, 22), (12, 25), (26, 6), (28, 7), (28, 9), (2, 11), (11, 4), (4, 1), (5, 8), (5, 21), (5, 25), (25, 12), (7, 16), (10, 24), (19, 9), (19, 29), (9, 8)]]","[[63.408025856279146, 152.29981689094402, 255.9541055172496, 79.66113752572882, 163.87244277490873, 160.4328041786603, 41.13026401381437, 9.561573944292036, 37.22523081962435, 52.48595048022597, 23.653280585922936, 16.90018012819271, 111.28531506479885, 300.04212883076593, 19.118732117652343, 10.043084378319989, 78.4555910260905, 12.585745740558421, 74.68555889181928, 11.08589035451708]]"
463,"[[(0, 8), (8, 14), (1, 28), (12, 22), (12, 25), (26, 6), (28, 7), (28, 9), (2, 11), (11, 4), (4, 1), (5, 8), (5, 21), (5, 25), (25, 12), (7, 16), (10, 24), (19, 9), (19, 29), (9, 8)]]","[[66.13793349276929, 93.39370589566093, 578.1555369258332, 83.774142708636, 165.87492309952944, 158.59448048375788, 259.8831837073569, 9.212362760245846, 38.93243007867819, 52.77955245858477, 27.00314460723031, 0.3426748200001337, 111.9016930087119, 130.10967121515415, 24.176831736644353, 212.17223615168817, 51.69283542914438, 98.33077785720099, 228.61981255276427, 12.934683419303926]]"
464,"[[(0, 8), (8, 14), (1, 28), (12, 22), (12, 25), (26, 6), (28, 7), (28, 9), (2, 11), (11, 4), (4, 1), (5, 8), (5, 21), (5, 25), (25, 12), (7, 16), (10, 24), (19, 9), (19, 29), (9, 8)]]","[[51.22415202459008, 103.82711499311696, 219.09814951830143, 75.909229616313, 151.89852515002826, 155.14997947224197, 201.66771932827376, 14.5824592023159, 22.063070136044786, 52.550099192608066, 26.823332314449566, 35.54696824092396, 111.43533205895017, 171.24496186201463, 14.95796427604201, 57.262092649406654, 60.75232026154423, 33.990824150306224, 102.14301154407472, 6.124844084439754]]"
465,"[[(0, 8), (8, 14), (1, 28), (12, 22), (12, 25), (26, 6), (28, 7), (28, 9), (2, 11), (11, 4), (4, 1), (5, 8), (5, 21), (5, 25), (25, 12), (7, 16), (10, 24), (19, 9), (19, 29), (9, 8)]]","[[69.08780811817644, 179.81744849097745, 306.89032851257946, 92.1057485376794, 48.34112849220289, 177.82312503852398, 45.63726970597523, 10.134961810893573, 39.06005119794918, 53.08079617851901, 10.047423209468485, 35.45768060667099, 111.53194026032148, 313.48380645210955, 16.88407082183231, 283.6833591333796, 81.31832420225663, 80.72570966834814, 133.25791199567954, 21.241998017422063]]"
466,"[[(0, 8), (8, 14), (1, 28), (12, 22), (12, 25), (26, 6), (28, 7), (28, 9), (2, 11), (11, 4), (4, 1), (5, 8), (5, 21), (5, 25), (25, 12), (7, 16), (10, 24), (19, 9), (19, 29), (9, 8)]]","[[48.754753640166584, 44.13151688499373, 356.44320053234964, 93.65067770191108, 118.2439185067115, 155.1913312992985, 388.00687987556745, 10.936884389465407, 84.74646256494097, 53.80197615935123, 13.567512320034794, 22.98001756372728, 112.47066862646061, 157.58113615998377, 12.466044282771186, 288.8857571909823, 80.7771439350632, 79.3559888579752, 218.07462090599344, 26.019324947137516]]"
467,"[[(0, 8), (8, 14), (1, 28), (12, 22), (12, 25), (26, 6), (28, 7), (28, 9), (2, 11), (11, 4), (4, 1), (5, 8), (5, 21), (5, 25), (25, 12), (7, 16), (10, 24), (19, 9), (19, 29), (9, 8)]]","[[79.04991637788618, 102.42560104576121, 635.624067919359, 76.86386617045574, 39.914573700733364, 155.41019927856695, 212.4261378283536, 3.5701303720412847, 78.7141869958642, 53.59867713547287, 16.988487074555994, 33.23168333915542, 111.53057106767211, 211.92407475626072, 14.726240260242601, 161.73278983770163, 61.68692517752958, 38.45062609635767, 61.446692040216504, 5.375398062096199]]"
468,"[[(0, 8), (8, 14), (1, 28), (12, 22), (12, 25), (26, 6), (28, 7), (28, 9), (2, 11), (11, 4), (4, 1), (5, 8), (5, 21), (5, 25), (25, 12), (7, 16), (10, 24), (19, 9), (19, 29), (9, 8)]]","[[58.31444586453074, 85.35970996776705, 519.7956747553217, 89.55240703335991, 137.77780070821728, 170.11675655558284, 196.21948535241427, 10.662231135187621, 77.26538195725445, 53.0723267008596, 7.513770770789245, 13.913309939155445, 111.00404542725036, 208.51786406497234, 21.367419061284778, 22.63321237261385, 80.80972716010882, 50.39063557722318, 133.15329175466115, 29.148116404041826]]"
469,"[[(0, 8), (8, 14), (1, 28), (12, 22), (12, 25), (26, 6), (28, 7), (28, 9), (2, 11), (11, 4), (4, 1), (5, 8), (5, 21), (5, 25), (25, 12), (7, 16), (10, 24), (19, 9), (19, 29), (9, 8)]]","[[79.68476262173594, 111.92013624347769, 337.5092021827023, 93.63744339293287, 126.70924658423307, 168.04218416265022, 477.060844887504, 5.235927014129061, 67.76319029736854, 53.438980039135686, 21.296927281303777, 10.410297397227309, 111.72041764065794, 309.29060684565695, 22.392552495357, 34.164548775709136, 31.380661114728504, 115.78947989606444, 215.47223908315172, 32.23081813847051]]"
470,"[[(0, 8), (8, 14), (1, 28), (12, 22), (12, 25), (26, 6), (28, 7), (28, 9), (2, 11), (11, 4), (4, 1), (5, 8), (5, 21), (5, 25), (25, 12), (7, 16), (10, 24), (19, 9), (19, 29), (9, 8)]]","[[91.56104806673005, 152.27752471305516, 450.8781632316649, 75.02594774156277, 104.68633709031484, 159.29526330957762, 227.63835102777708, 5.570629865463523, 81.72798599675006, 52.650451159642245, 31.61537847121597, 13.889706480594167, 112.9503016876636, 158.9474358769166, 18.998698224114534, 302.01543344183756, 71.4710219226861, 30.132006378638515, 66.09554060273713, 8.253662521790623]]"
471,"[[(0, 8), (8, 14), (1, 28), (12, 22), (12, 25), (26, 6), (28, 7), (28, 9), (2, 11), (11, 4), (4, 1), (5, 8), (5, 21), (5, 25), (25, 12), (7, 16), (10, 24), (19, 9), (19, 29), (9, 8)]]","[[66.1049268566111, 124.57898543631669, 666.1935612213855, 72.7686697094612, 89.7720477746592, 171.17680277652903, 201.88610226439323, 5.805610333506807, 65.70433464235606, 52.43827630641621, 30.105416653436247, 5.154694397599345, 112.02982861037032, 227.92554664422764, 22.578359546695395, 225.26007810528782, 68.23110512713602, 79.1058810673077, 135.9226667519306, 3.079009507353792]]"
472,"[[(0, 8), (8, 14), (1, 28), (12, 22), (12, 25), (26, 6), (28, 7), (28, 9), (2, 11), (11, 4), (4, 1), (5, 8), (5, 21), (5, 25), (25, 12), (7, 16), (10, 24), (19, 9), (19, 29), (9, 8)]]","[[44.310484858626154, 30.231988329683535, 626.0998166729428, 74.97864351726584, 96.06076453225143, 162.06483743049813, 402.91089272426825, 16.807785917531803, 42.62434014836457, 53.035013476179394, 25.244092717687977, 1.068401353191188, 111.71890766413198, 131.65887470388444, 12.01168840409427, 284.01196419192195, 46.67388868100647, 9.644281314965038, 108.17107241536499, 5.719994211859561]]"
473,"[[(0, 8), (8, 14), (1, 28), (12, 22), (12, 25), (26, 6), (28, 7), (28, 9), (2, 11), (11, 4), (4, 1), (5, 8), (5, 21), (5, 25), (25, 12), (7, 16), (10, 24), (19, 9), (19, 29), (9, 8)]]","[[84.00438801426287, 151.7096098174301, 303.90292077370685, 73.71568669369817, 46.5809890938057, 170.015475569167, 465.23406287318966, 11.854526696915428, 71.39646452337173, 52.689425754192335, 29.607650514740264, 34.281243784868394, 111.72299585234047, 88.22090693006461, 12.03262306156945, 49.35724725404059, 50.055426234979166, 37.75232547892972, 117.30715988575278, 4.5206345859775325]]"
474,"[[(0, 8), (8, 14), (1, 28), (12, 22), (12, 25), (26, 6), (28, 7), (28, 9), (2, 11), (11, 4), (4, 1), (5, 8), (5, 21), (5, 25), (25, 12), (7, 16), (10, 24), (19, 9), (19, 29), (9, 8)]]","[[41.78576101696292, 31.196653876074404, 669.8033101437165, 86.2664664028371, 81.32067747144715, 178.23450033332315, 358.89001518822124, 3.198078600708473, 32.70068933592088, 53.24003070260491, 29.706338163561394, 4.305631475278066, 111.72312550244155, 123.9745310154822, 24.93479926027459, 10.218117019427947, 64.85674211625357, 80.05183924283848, 139.69398292921488, 17.264499603220305]]"
475,"[[(0, 8), (8, 14), (1, 28), (12, 22), (12, 25), (26, 6), (28, 7), (28, 9), (2, 11), (11, 4), (4, 1), (5, 8), (5, 21), (5, 25), (25, 12), (7, 16), (10, 24), (19, 9), (19, 29), (9, 8)]]","[[41.56989181708505, 94.76697974980347, 365.7020959798522, 82.13423450676719, 33.47832137446936, 180.11907488781304, 533.7895453992066, 6.8398985827770655, 28.529352824454605, 53.42029713784132, 23.653422684382754, 14.602389245212455, 112.66676320316826, 264.67340552014, 22.071068509354383, 302.56175535751794, 65.32725933172405, 71.88102808856243, 64.38136489761054, 21.83677768154513]]"
476,"[[(0, 8), (8, 14), (1, 28), (12, 22), (12, 25), (26, 6), (28, 7), (28, 9), (2, 11), (11, 4), (4, 1), (5, 8), (5, 21), (5, 25), (25, 12), (7, 16), (10, 24), (19, 9), (19, 29), (9, 8)]]","[[36.556177163453526, 140.8291384159943, 371.0265700340143, 90.99752361710092, 47.93051246434058, 174.0766083714618, 443.46933865192176, 13.026741282647357, 23.80090232949236, 52.76742478081582, 28.09827396606095, 19.982492587957708, 112.4900133173138, 123.77979358467596, 23.164189080980258, 187.28976412375027, 48.541544467115926, 119.97681673583608, 230.62210714791627, 28.44081597589042]]"
477,"[[(0, 8), (8, 14), (1, 28), (12, 22), (12, 25), (26, 6), (28, 7), (28, 9), (2, 11), (11, 4), (4, 1), (5, 8), (5, 21), (5, 25), (25, 12), (7, 16), (10, 24), (19, 9), (19, 29), (9, 8)]]","[[76.15768612359972, 84.49844310775427, 751.9517454610406, 89.97483682901104, 39.4496178837898, 164.3194149835087, 537.2833156430221, 15.494128747054255, 32.51307918265194, 53.97597800827559, 29.518937406206003, 12.339548323834498, 111.08441520748976, 251.14775218163922, 23.40504447003364, 217.77382901605355, 51.99955994343731, 88.75077838436353, 162.89846542341212, 23.864241541922908]]"
478,"[[(0, 8), (8, 14), (1, 28), (12, 22), (12, 25), (26, 6), (28, 7), (28, 9), (2, 11), (11, 4), (4, 1), (5, 8), (5, 21), (5, 25), (25, 12), (7, 16), (10, 24), (19, 9), (19, 29), (9, 8)]]","[[76.25937925181192, 26.410607553451285, 663.2485232091403, 93.01534282358885, 66.942776779598, 177.22743093862778, 416.21688939925855, 11.717702038053345, 52.862990200730636, 52.170173275919275, 9.29953233563378, 28.946248929872606, 111.56158722446405, 208.43342737584203, 20.004905858614293, 161.08537214189676, 45.27491741610386, 79.36152891075271, 180.5742792004827, 9.424732757291729]]"
479,"[[(0, 8), (8, 14), (1, 28), (12, 22), (12, 25), (26, 6), (28, 7), (28, 9), (2, 11), (11, 4), (4, 1), (5, 8), (5, 21), (5, 25), (25, 12), (7, 16), (10, 24), (19, 9), (19, 29), (9, 8)]]","[[69.24705503587319, 142.64564636189965, 436.3425187149803, 92.39670653105019, 99.78215655856829, 162.7790465674002, 477.7800459016623, 3.7554179163373775, 45.2845850435896, 52.04842687675071, 4.4057844681266936, 11.960440940870424, 111.90700737279697, 334.49454930318564, 17.717058906206784, 58.71530541774879, 39.90969208253536, 107.93391815888936, 83.71466480278818, 22.030327306142294]]"
480,"[[(0, 8), (8, 14), (1, 28), (12, 22), (12, 25), (26, 6), (28, 7), (28, 9), (2, 11), (11, 4), (4, 1), (5, 8), (5, 21), (5, 25), (25, 12), (7, 16), (10, 24), (19, 9), (19, 29), (9, 8)]]","[[39.94098735543781, 16.78585650795588, 235.52704611507082, 90.23163516532404, 38.36111051558139, 167.96999612277, 164.0594428408414, 13.429684421827917, 52.98035195583066, 52.28717849313876, 29.28134410645993, 12.50314627597474, 111.34003411336576, 180.1300028669815, 21.18836846834033, 256.3673249618323, 59.47351244022326, 69.75356278196, 67.10981095109611, 1.9416920045061978]]"
481,"[[(0, 8), (8, 14), (1, 28), (12, 22), (12, 25), (26, 6), (28, 7), (28, 9), (2, 11), (11, 4), (4, 1), (5, 8), (5, 21), (5, 25), (25, 12), (7, 16), (10, 24), (19, 9), (19, 29), (9, 8)]]","[[32.10934052966907, 156.87608175113033, 244.058597747375, 90.79924346969361, 102.16509482482259, 153.76705593853927, 556.2685423128106, 11.648227491357975, 39.24294426241251, 52.515612401914446, 19.260891259037578, 10.079690064175605, 112.29352990298071, 262.3379563432174, 12.845552982736189, 211.29696069942847, 32.75883178882446, 117.06961025256602, 189.52878895945025, 11.39252412940203]]"
482,"[[(0, 8), (8, 14), (1, 28), (12, 22), (12, 25), (26, 6), (28, 7), (28, 9), (2, 11), (11, 4), (4, 1), (5, 8), (5, 21), (5, 25), (25, 12), (7, 16), (10, 24), (19, 9), (19, 29), (9, 8)]]","[[73.86890425561839, 158.61807093221606, 223.68910415681614, 88.24740569395308, 139.23779099292153, 156.21123674698632, 163.93527324707853, 8.350131833957782, 57.79605918227026, 53.88353022117292, 28.364210614320676, 6.70689557316021, 112.68615826177415, 157.25858837236882, 13.910550423263514, 317.3865483606079, 78.7955822801585, 31.389225340545764, 210.05126807307644, 9.933542979967978]]"
483,"[[(0, 8), (8, 14), (1, 28), (12, 22), (12, 25), (26, 6), (28, 7), (28, 9), (2, 11), (11, 4), (4, 1), (5, 8), (5, 21), (5, 25), (25, 12), (7, 16), (10, 24), (19, 9), (19, 29), (9, 8)]]","[[28.49998796036346, 93.64050713311434, 479.305357261966, 72.6061279973408, 73.2134840599152, 180.27965150458857, 398.2273948495295, 7.57869457591346, 44.82681830727694, 52.16845667376978, 30.5986049482063, 0.3807006367283461, 111.25958692672481, 249.63982081895008, 19.497801883411796, 241.21548904443924, 40.38207997350658, 43.09739730128068, 99.9879059167132, 2.3620065802802763]]"
484,"[[(0, 8), (8, 14), (1, 28), (12, 22), (12, 25), (26, 6), (28, 7), (28, 9), (2, 11), (11, 4), (4, 1), (5, 8), (5, 21), (5, 25), (25, 12), (7, 16), (10, 24), (19, 9), (19, 29), (9, 8)]]","[[50.23121638284714, 157.27727782209118, 542.3754928444591, 79.27864398974378, 108.07677387544426, 173.77410456194704, 125.53214475646273, 16.79161985796759, 29.05108644879671, 52.0994583737827, 6.114598930730061, 33.24317050542193, 111.17576135568521, 213.3495495316231, 24.171549522053215, 294.98810491775885, 83.04305701958455, 82.50944943576357, 248.76812811355325, 30.59615165494797]]"
485,"[[(0, 8), (8, 14), (1, 28), (12, 22), (12, 25), (26, 6), (28, 7), (28, 9), (2, 11), (11, 4), (4, 1), (5, 8), (5, 21), (5, 25), (25, 12), (7, 16), (10, 24), (19, 9), (19, 29), (9, 8)]]","[[37.77955440865448, 183.63210523571638, 531.0657355143948, 76.64108128061007, 127.80502922716613, 153.30055272471503, 312.43904289841544, 3.596140189735516, 57.70842462454161, 52.652953422546574, 29.926522684363253, 1.2697834935722367, 112.67169041813945, 336.6707846374513, 24.76988979917119, 142.11338046981547, 57.05839429474509, 27.381639464656914, 85.4731095113664, 27.011103681228835]]"
486,"[[(0, 8), (8, 14), (1, 28), (12, 22), (12, 25), (26, 6), (28, 7), (28, 9), (2, 11), (11, 4), (4, 1), (5, 8), (5, 21), (5, 25), (25, 12), (7, 16), (10, 24), (19, 9), (19, 29), (9, 8)]]","[[28.778374778399716, 184.86824858793406, 691.6172667118396, 84.03140224791491, 131.8664701420447, 179.96704778301557, 219.033951175296, 12.223412629807562, 77.73388428198344, 52.29487485845914, 4.2614402297361975, 35.47768608643669, 111.8968319797219, 97.7885866280211, 19.02742469154267, 148.84786419827614, 42.2244162481393, 115.32075470893588, 176.67983508613642, 19.192249097159493]]"
487,"[[(0, 8), (8, 14), (1, 28), (12, 22), (12, 25), (26, 6), (28, 7), (28, 9), (2, 11), (11, 4), (4, 1), (5, 8), (5, 21), (5, 25), (25, 12), (7, 16), (10, 24), (19, 9), (19, 29), (9, 8)]]","[[90.65835254041339, 162.42295822155774, 796.5958131011324, 74.01412817536817, 148.47730001195754, 170.07270215543994, 536.156679995461, 6.763164510176292, 32.29705550953966, 52.53964264023401, 18.09810512708058, 7.979488661474607, 112.16104078515401, 286.534319354966, 13.440854391961885, 213.83275871821846, 45.616696774147876, 104.78197727058283, 150.97933584435435, 10.85918982446718]]"
488,"[[(0, 8), (8, 14), (1, 28), (12, 22), (12, 25), (26, 6), (28, 7), (28, 9), (2, 11), (11, 4), (4, 1), (5, 8), (5, 21), (5, 25), (25, 12), (7, 16), (10, 24), (19, 9), (19, 29), (9, 8)]]","[[75.56251516443545, 169.77028443700763, 201.94114136190458, 86.23928547634706, 155.88438358477924, 175.40901869347385, 412.938239216783, 16.36886681272567, 85.28833605361359, 52.36310274440781, 28.427049599898986, 0.6419522543438685, 112.46037220567851, 174.4591442425471, 24.808949534647233, 39.11800733293366, 35.82584069056624, 107.87027223846879, 264.770527228813, 10.616918106067839]]"
489,"[[(0, 8), (8, 14), (1, 28), (12, 22), (12, 25), (26, 6), (28, 7), (28, 9), (2, 11), (11, 4), (4, 1), (5, 8), (5, 21), (5, 25), (25, 12), (7, 16), (10, 24), (19, 9), (19, 29), (9, 8)]]","[[79.70484695198736, 136.60298436719762, 408.1784255760709, 79.97923511998414, 159.50086605352965, 160.83692313307094, 550.881755776095, 7.744639923467336, 39.14198287812474, 52.95839310304316, 6.986221335984377, 23.25452213426948, 112.84888053540307, 309.17635872884085, 16.83664082958929, 195.2543371543607, 52.70615850851415, 17.754557661700233, 93.23824046452862, 25.41034660724367]]"
490,"[[(0, 8), (8, 14), (1, 28), (12, 22), (12, 25), (26, 6), (28, 7), (28, 9), (2, 11), (11, 4), (4, 1), (5, 8), (5, 21), (5, 25), (25, 12), (7, 16), (10, 24), (19, 9), (19, 29), (9, 8)]]","[[78.35062345988825, 47.881182182523375, 775.3863622356998, 88.90636116352076, 125.36797800908022, 178.7419260008809, 48.1189869774531, 12.465052913905456, 70.03811058755353, 52.214982347360575, 26.98214235789872, 18.600696586067546, 111.34554787894737, 247.64585132587976, 20.13916488642711, 32.62503547852047, 31.93656345324873, 55.646595762445415, 65.12394955519085, 18.36786572872199]]"
491,"[[(0, 8), (8, 14), (1, 28), (12, 22), (12, 25), (26, 6), (28, 7), (28, 9), (2, 11), (11, 4), (4, 1), (5, 8), (5, 21), (5, 25), (25, 12), (7, 16), (10, 24), (19, 9), (19, 29), (9, 8)]]","[[92.6701757327988, 79.94600519933847, 606.8989432986132, 72.54733173896835, 112.87352377122342, 172.68606897229122, 420.745257078416, 15.50850230657196, 82.84502958970259, 53.54939032425315, 22.866607748675538, 33.78474617617422, 111.58164136711584, 187.0789167000632, 20.83541870578582, 137.23048897606265, 71.6339185787069, 71.10370635111857, 149.31893083129137, 4.76078009974351]]"
492,"[[(0, 8), (8, 14), (1, 28), (12, 22), (12, 25), (26, 6), (28, 7), (28, 9), (2, 11), (11, 4), (4, 1), (5, 8), (5, 21), (5, 25), (25, 12), (7, 16), (10, 24), (19, 9), (19, 29), (9, 8)]]","[[48.53555753840632, 61.02371479225499, 743.6892058681073, 87.51004813917764, 81.18515822577605, 154.05892687196098, 466.5201186318485, 8.90216838125689, 31.513232803160278, 52.98331217301089, 17.937266860619488, 21.958613053890403, 112.51666374124822, 239.71371202866382, 21.409523092482143, 33.81154412059574, 77.97459934839048, 88.50495229448698, 177.35952064520978, 26.55817943055128]]"
493,"[[(0, 8), (8, 14), (1, 28), (12, 22), (12, 25), (26, 6), (28, 7), (28, 9), (2, 11), (11, 4), (4, 1), (5, 8), (5, 21), (5, 25), (25, 12), (7, 16), (10, 24), (19, 9), (19, 29), (9, 8)]]","[[35.29451317239456, 115.83802410184651, 680.1415767630081, 80.3526687500891, 103.3741342159953, 170.56269873132294, 355.81073542248294, 4.897359539267512, 32.23747846785847, 52.385088143001624, 6.477314810016458, 32.664863421611756, 111.05409323079446, 196.75161219006984, 10.919240592324071, 323.6870038374784, 64.4361539866214, 95.45095157763298, 61.80647429980209, 10.393928738887496]]"
494,"[[(0, 8), (8, 14), (1, 28), (12, 22), (12, 25), (26, 6), (28, 7), (28, 9), (2, 11), (11, 4), (4, 1), (5, 8), (5, 21), (5, 25), (25, 12), (7, 16), (10, 24), (19, 9), (19, 29), (9, 8)]]","[[76.80062195691639, 107.81760971752644, 437.6460071340572, 93.49558334745659, 46.70571653936834, 154.128915959752, 260.07778542239373, 5.611500019284017, 79.88892735163245, 53.55110271684411, 14.321133054739192, 23.27558163686125, 111.88917643915742, 96.32810671861183, 12.438036490262132, 89.62670977765609, 52.36998759589453, 16.75568751767416, 63.97635200335529, 11.2305671790864]]"
495,"[[(0, 8), (8, 14), (1, 28), (12, 22), (12, 25), (26, 6), (28, 7), (28, 9), (2, 11), (11, 4), (4, 1), (5, 8), (5, 21), (5, 25), (25, 12), (7, 16), (10, 24), (19, 9), (19, 29), (9, 8)]]","[[60.86372429715563, 157.5504607431509, 380.0127455881567, 92.48790955407132, 165.78792275518364, 179.1377026926255, 374.1714392088633, 9.599040884671124, 58.591448130305594, 52.19780588236421, 9.61919265758236, 33.58549861852347, 111.15110240961295, 302.451610530954, 16.463258883791248, 31.348413663860356, 30.943796531649706, 75.57730630954129, 178.07658001862274, 25.378318495933403]]"
496,"[[(0, 8), (8, 14), (1, 28), (12, 22), (12, 25), (26, 6), (28, 7), (28, 9), (2, 11), (11, 4), (4, 1), (5, 8), (5, 21), (5, 25), (25, 12), (7, 16), (10, 24), (19, 9), (19, 29), (9, 8)]]","[[48.36377116035172, 116.12309695851346, 679.3632190411022, 85.85207069874494, 163.28107846113386, 179.72064245835006, 316.98504797312955, 10.095296189890703, 77.56537551180338, 52.68791014789492, 31.200631118673122, 35.270159058005845, 111.60204053880413, 215.64646022940119, 15.507483569734179, 146.06039694502212, 58.046361962147984, 107.87615075629446, 89.18752646601989, 8.451976605205836]]"
497,"[[(0, 8), (8, 14), (1, 28), (12, 22), (12, 25), (26, 6), (28, 7), (28, 9), (2, 11), (11, 4), (4, 1), (5, 8), (5, 21), (5, 25), (25, 12), (7, 16), (10, 24), (19, 9), (19, 29), (9, 8)]]","[[43.329270355443654, 14.25495924509276, 709.8897965343799, 89.72466900417865, 128.8650396651209, 173.77636505107395, 563.3627037016176, 16.69683260065119, 66.99806026963398, 53.694214282100134, 18.880702956929326, 3.707209367199378, 112.06775475376166, 300.5139528163335, 23.69152105498941, 48.385534427398134, 71.52102718793736, 116.26242071651852, 88.64797014722811, 32.5960507052103]]"
498,"[[(0, 8), (8, 14), (1, 28), (12, 22), (12, 25), (26, 6), (28, 7), (28, 9), (2, 11), (11, 4), (4, 1), (5, 8), (5, 21), (5, 25), (25, 12), (7, 16), (10, 24), (19, 9), (19, 29), (9, 8)]]","[[81.49402591444621, 46.67944689924304, 569.7415050196119, 73.2264050151791, 98.09871098794754, 173.70310468431097, 421.1838507114099, 15.754742408105137, 36.5660033480323, 52.21707714590558, 7.169570520282034, 9.834582100206996, 112.80756758394648, 173.5719601388854, 20.69166779586321, 194.95961665610446, 28.344345166905565, 95.28232968232939, 263.70546585056286, 27.596007189392758]]"
499,"[[(0, 8), (8, 14), (1, 28), (12, 22), (12, 25), (26, 6), (28, 7), (28, 9), (2, 11), (11, 4), (4, 1), (5, 8), (5, 21), (5, 25), (25, 12), (7, 16), (10, 24), (19, 9), (19, 29), (9, 8)]]","[[91.92599756983873, 106.05934096017172, 628.3821151926961, 81.16235796959333, 105.86622391941965, 170.6431971754503, 383.13688280616464, 9.167758850482683, 48.46130069768874, 53.54312191892217, 4.879596895126459, 25.975857517629176, 111.42551494315572, 337.29099560924135, 18.267322718292398, 194.5096103327971, 51.930840929103795, 24.03524163951485, 68.10410839734352, 13.93060415480561]]"
500,"[[(0, 8), (8, 14), (1, 28), (12, 22), (12, 25), (26, 6), (28, 7), (28, 9), (2, 11), (11, 4), (4, 1), (5, 8), (5, 21), (5, 25), (25, 12), (7, 16), (10, 24), (19, 9), (19, 29), (9, 8)]]","[[75.912239932792, 99.36837518779741, 679.6525275989836, 85.15544883385974, 36.377280116295054, 173.605390772744, 397.1082413555381, 6.76810579675014, 79.06559636671778, 52.266702431933005, 25.117273821516704, 3.9542951675692626, 112.88599537617016, 334.09200518757706, 20.981779650029374, 315.3719593988743, 66.20240670411455, 107.18440824789342, 177.27967502130684, 27.126203880116922]]"
501,"[[(0, 8), (8, 14), (1, 28), (12, 22), (12, 25), (26, 6), (28, 7), (28, 9), (2, 11), (11, 4), (4, 1), (5, 8), (5, 21), (5, 25), (25, 12), (7, 16), (10, 24), (19, 9), (19, 29), (9, 8)]]","[[55.18131421185306, 24.198046671979107, 718.9823187475757, 72.46227689963375, 43.891206206181934, 162.14951840335968, 185.04177933029868, 5.637810950692994, 38.842885623666135, 53.3971951631296, 6.38900498083361, 33.67328893834113, 111.40116030740872, 339.2968050718911, 25.997265963072806, 264.552059769382, 78.93416382134565, 17.67430313601009, 85.51980774467692, 8.159969753169065]]"
502,"[[(0, 8), (8, 14), (1, 28), (12, 22), (12, 25), (26, 6), (28, 7), (28, 9), (2, 11), (11, 4), (4, 1), (5, 8), (5, 21), (5, 25), (25, 12), (7, 16), (10, 24), (19, 9), (19, 29), (9, 8)]]","[[32.71354110905034, 21.333694540897266, 300.2851764724012, 86.58285136537091, 95.43733280246897, 166.7733643830753, 388.46287911441306, 11.26534667627725, 59.22222770213662, 53.19448730133724, 27.690050254663138, 5.824240531034462, 112.96143797443655, 279.8411872916245, 21.050368729488234, 165.04336638030844, 24.30256562294671, 13.32848983497577, 111.6961514402368, 5.132647041319672]]"
503,"[[(0, 8), (8, 14), (1, 28), (12, 22), (12, 25), (26, 6), (28, 7), (28, 9), (2, 11), (11, 4), (4, 1), (5, 8), (5, 21), (5, 25), (25, 12), (7, 16), (10, 24), (19, 9), (19, 29), (9, 8)]]","[[93.78835433778717, 75.62988413441215, 656.4446344110581, 92.92750260132269, 78.02794087532467, 161.26051807178268, 340.8007544622862, 15.266424195285403, 79.1671534584022, 52.97936614281249, 20.33963489481472, 33.370569054071986, 111.1222774830112, 184.6363308904858, 22.596833352840683, 222.91261828239598, 44.59865287487577, 18.97321156948, 148.99710590434933, 10.095145103587683]]"
504,"[[(0, 8), (8, 14), (1, 28), (12, 22), (12, 25), (26, 6), (28, 7), (28, 9), (2, 11), (11, 4), (4, 1), (5, 8), (5, 21), (5, 25), (25, 12), (7, 16), (10, 24), (19, 9), (19, 29), (9, 8)]]","[[35.58941051306051, 34.965217771835974, 298.47629913283896, 78.95507269503747, 136.47517675820393, 153.84689290376875, 191.48744785268957, 6.282911421372032, 73.2969932519808, 52.08065774341239, 18.965020843745013, 10.1877579666739, 111.48099210330167, 269.069475094918, 11.543973377710701, 154.9047775539054, 67.18180303484434, 36.42447344230463, 181.80747796700493, 9.107852026462208]]"
505,"[[(0, 8), (8, 14), (1, 28), (12, 22), (12, 25), (26, 6), (28, 7), (28, 9), (2, 11), (11, 4), (4, 1), (5, 8), (5, 21), (5, 25), (25, 12), (7, 16), (10, 24), (19, 9), (19, 29), (9, 8)]]","[[82.18072811029388, 148.8134149671538, 761.3646274819213, 93.64216311686687, 95.89581274710068, 154.41379546802995, 129.89488846180475, 9.70784705369087, 29.109748855071224, 52.42934033710719, 27.018472261873526, 18.807686037186407, 111.0756328855408, 118.98952705705608, 18.070252053498052, 320.8049775221271, 50.66159316490966, 58.43509393256208, 259.771638314706, 5.92977733084529]]"
506,"[[(0, 8), (8, 14), (1, 28), (12, 22), (12, 25), (26, 6), (28, 7), (28, 9), (2, 11), (11, 4), (4, 1), (5, 8), (5, 21), (5, 25), (25, 12), (7, 16), (10, 24), (19, 9), (19, 29), (9, 8)]]","[[85.23615715955523, 58.00972917584449, 483.0198303493235, 86.86316877101083, 33.610526440049355, 152.41916749927066, 586.1836297315996, 10.064682105533631, 46.89296265860974, 52.29225943205463, 15.434522362298122, 9.09254153425479, 112.61233369119634, 198.0836107126268, 17.973854025672907, 300.770377334316, 66.43757039254888, 22.850064471978193, 114.39710234224822, 30.983392215401523]]"
507,"[[(0, 8), (8, 14), (1, 28), (12, 22), (12, 25), (26, 6), (28, 7), (28, 9), (2, 11), (11, 4), (4, 1), (5, 8), (5, 21), (5, 25), (25, 12), (7, 16), (10, 24), (19, 9), (19, 29), (9, 8)]]","[[45.593781006706024, 41.991241519673466, 622.2926374109684, 77.12884780914669, 124.71348563550781, 176.66199156438023, 435.9610891305785, 11.935587294638264, 43.43961250142936, 52.96086173313185, 15.121630425173647, 3.483521427612336, 111.54669744066784, 216.12731298006167, 16.19674216880461, 33.34235478111829, 32.5156683998974, 105.05532799705334, 126.80013577347803, 28.048280546471943]]"
508,"[[(0, 8), (8, 14), (1, 28), (12, 22), (12, 25), (26, 6), (28, 7), (28, 9), (2, 11), (11, 4), (4, 1), (5, 8), (5, 21), (5, 25), (25, 12), (7, 16), (10, 24), (19, 9), (19, 29), (9, 8)]]","[[76.11577124909627, 176.6238022568139, 567.7612513213214, 78.5228831761734, 115.75775728818981, 162.12231986958574, 72.78058103243617, 9.809232688290317, 51.57356296518176, 53.7138679255623, 6.0888759303279825, 5.6594303514316495, 111.00507034993002, 207.81556687812298, 19.349820981488953, 162.78542184696505, 75.09844895260042, 70.76460601451757, 232.03739420112558, 7.698346332196383]]"
509,"[[(0, 8), (8, 14), (1, 28), (12, 22), (12, 25), (26, 6), (28, 7), (28, 9), (2, 11), (11, 4), (4, 1), (5, 8), (5, 21), (5, 25), (25, 12), (7, 16), (10, 24), (19, 9), (19, 29), (9, 8)]]","[[65.48044896552602, 28.13711599359724, 695.7314982648109, 81.4056191778481, 34.27779895741129, 172.91780807726016, 58.92648870386536, 3.8582624008900055, 35.60753050987197, 53.67125810219601, 8.07501894085926, 6.0920295966013995, 112.29028844716512, 199.30338209452515, 11.53491922665568, 182.87328190652656, 37.825550221511534, 69.99887579463551, 181.52616467872394, 29.300083332336676]]"
510,"[[(0, 8), (8, 14), (1, 28), (12, 22), (12, 25), (26, 6), (28, 7), (28, 9), (2, 11), (11, 4), (4, 1), (5, 8), (5, 21), (5, 25), (25, 12), (7, 16), (10, 24), (19, 9), (19, 29), (9, 8)]]","[[71.52403595953712, 104.20502225669702, 371.9143520527323, 75.50265475182121, 145.85757694028894, 170.32169774237852, 29.512959614232837, 16.62897331027547, 39.63001999049671, 53.89560601879242, 31.188601621932154, 30.882950888154937, 112.3373072452517, 91.75104231148477, 25.222391517146526, 154.56382336835082, 83.95696015437542, 31.273082543149663, 264.9411911054009, 13.552416041456183]]"
511,"[[(0, 8), (8, 14), (1, 28), (12, 22), (12, 25), (26, 6), (28, 7), (28, 9), (2, 11), (11, 4), (4, 1), (5, 8), (5, 21), (5, 25), (25, 12), (7, 16), (10, 24), (19, 9), (19, 29), (9, 8)]]","[[86.64493419490293, 56.66529572401546, 373.3491606115118, 79.1532248140086, 62.642904896415345, 157.19137623342465, 494.24091532231836, 10.254194385195804, 44.44721585886037, 53.54088702429919, 17.640367508338834, 4.245035277116972, 111.6874591025108, 319.9427573340578, 11.076698507785503, 161.06349408467614, 54.8203753857004, 78.63931050813765, 104.95001183314574, 21.66089991732402]]"
512,"[[(0, 8), (8, 14), (1, 28), (12, 22), (12, 25), (26, 6), (28, 7), (28, 9), (2, 11), (11, 4), (4, 1), (5, 8), (5, 21), (5, 25), (25, 12), (7, 16), (10, 24), (19, 9), (19, 29), (9, 8)]]","[[62.44042954178072, 33.00088648411027, 759.1756419469829, 86.64303348365272, 53.17469718328816, 174.9700104906409, 358.03413823534964, 10.336656672105732, 36.27621655467359, 53.69131798943478, 14.896419205298564, 27.706680422738067, 112.67889864598787, 161.1296933214315, 11.321459661130527, 106.23375794802445, 31.706240069657024, 37.484331726841205, 207.89265048251485, 23.63508891633737]]"
513,"[[(0, 8), (8, 14), (1, 28), (12, 22), (12, 25), (26, 6), (28, 7), (28, 9), (2, 11), (11, 4), (4, 1), (5, 8), (5, 21), (5, 25), (25, 12), (7, 16), (10, 24), (19, 9), (19, 29), (9, 8)]]","[[72.38543544433475, 129.4855552062739, 259.42876767492317, 86.16519160482679, 57.11051361580967, 178.37922137255322, 414.60650395730215, 12.434735846657022, 80.48633384427387, 53.51245895890208, 15.08247188472436, 24.546360005029754, 112.42228952212903, 139.51533660037455, 17.49446364939763, 214.81268635414816, 24.14810931392245, 106.23002265397903, 213.2537765238296, 8.368815885006288]]"
514,"[[(0, 8), (8, 14), (1, 28), (12, 22), (12, 25), (26, 6), (28, 7), (28, 9), (2, 11), (11, 4), (4, 1), (5, 8), (5, 21), (5, 25), (25, 12), (7, 16), (10, 24), (19, 9), (19, 29), (9, 8)]]","[[28.66545331383301, 15.323260032249369, 767.0280433047295, 82.85353148410528, 61.378628330549354, 160.07563893750296, 543.1514807689454, 4.32171429704956, 38.60075459376339, 53.3605537228694, 13.825485111580697, 15.721817799142947, 111.35834419364392, 194.6680836627961, 15.552327029536338, 273.9878384865377, 60.519819319449184, 74.95007637866637, 237.20316336189245, 30.10520710794099]]"
515,"[[(0, 8), (8, 14), (1, 28), (12, 22), (12, 25), (26, 6), (28, 7), (28, 9), (2, 11), (11, 4), (4, 1), (5, 8), (5, 21), (5, 25), (25, 12), (7, 16), (10, 24), (19, 9), (19, 29), (9, 8)]]","[[82.17558683161201, 63.71850024044728, 490.0183649894673, 88.00511703754552, 39.42103476283592, 153.49568078570468, 331.45872926364126, 15.14094281991094, 38.51325578142139, 53.2390780408271, 5.860295260205133, 17.287263933457076, 112.91243787895547, 232.1471861761792, 17.816818181861187, 13.502988994525136, 52.94950312885349, 118.42008124071208, 123.79243391291008, 14.458653688004834]]"
516,"[[(0, 8), (8, 14), (1, 28), (12, 22), (12, 25), (26, 6), (28, 7), (28, 9), (2, 11), (11, 4), (4, 1), (5, 8), (5, 21), (5, 25), (25, 12), (7, 16), (10, 24), (19, 9), (19, 29), (9, 8)]]","[[41.491524253127274, 156.00268578049483, 213.25147701114287, 75.50167863369917, 51.90725685169549, 165.2772273409061, 579.9138601195664, 15.454896629352705, 47.46755248819834, 52.22888234937478, 5.483314989578696, 25.6444544874776, 111.36764981428512, 264.1062850602925, 18.557528499706656, 109.53123735113252, 27.172446913210294, 66.03480557334808, 177.01519028393056, 31.326347065723052]]"
517,"[[(0, 8), (8, 14), (1, 28), (12, 22), (12, 25), (26, 6), (28, 7), (28, 9), (2, 11), (11, 4), (4, 1), (5, 8), (5, 21), (5, 25), (25, 12), (7, 16), (10, 24), (19, 9), (19, 29), (9, 8)]]","[[69.86252830461203, 25.86159431237135, 608.4837334940836, 83.76973821573816, 106.954377729131, 163.5888370882136, 40.52718041482075, 6.22119519594496, 30.043195704041246, 53.62417083599673, 7.402962949881046, 35.51572826014014, 111.02489080244253, 252.29421138153316, 12.27202376218939, 177.8442133478341, 34.616535979952296, 91.28752371326553, 236.15222291872914, 1.004788362231892]]"
518,"[[(0, 8), (8, 14), (1, 28), (12, 22), (12, 25), (26, 6), (28, 7), (28, 9), (2, 11), (11, 4), (4, 1), (5, 8), (5, 21), (5, 25), (25, 12), (7, 16), (10, 24), (19, 9), (19, 29), (9, 8)]]","[[71.00984050088718, 58.74107255315959, 751.8955707229615, 81.69627336584423, 102.53114083869558, 163.58194991136764, 532.1930682947695, 11.336383327026578, 42.81870048578909, 52.63354177465513, 7.578673553130274, 8.135679432083599, 111.35548326845327, 311.38000062825813, 16.5675914526062, 131.44682818023114, 68.79744276970908, 105.75989327606709, 195.31213361181324, 7.246967816082272]]"
519,"[[(0, 8), (8, 14), (1, 28), (12, 22), (12, 25), (26, 6), (28, 7), (28, 9), (2, 11), (11, 4), (4, 1), (5, 8), (5, 21), (5, 25), (25, 12), (7, 16), (10, 24), (19, 9), (19, 29), (9, 8)]]","[[92.56385201665415, 59.690878190674404, 748.4083821464941, 93.46237683790854, 89.4709006715075, 168.9571097771399, 372.174500920586, 13.132967079228779, 29.673090575462574, 52.06390282767162, 27.977003718693336, 0.32952211567689016, 111.3711341430976, 259.1814548123035, 21.89723188508708, 224.93335292483178, 64.51236508813244, 58.56828648177229, 119.70151196508206, 9.950964000709224]]"
520,"[[(0, 8), (8, 14), (1, 28), (12, 22), (12, 25), (26, 6), (28, 7), (28, 9), (2, 11), (11, 4), (4, 1), (5, 8), (5, 21), (5, 25), (25, 12), (7, 16), (10, 24), (19, 9), (19, 29), (9, 8)]]","[[77.62710541504381, 48.59445679392648, 634.8229732836542, 73.20355769241873, 137.0717314565852, 166.13953925354082, 544.0354993354164, 15.277169528361561, 34.92820432388012, 53.12510241272155, 16.31130052411292, 29.719489414234772, 112.57583007261084, 307.66204624143484, 13.38923263105118, 106.02976903916445, 39.513301894981595, 22.910916583484465, 143.27900149633007, 18.148078278930104]]"
521,"[[(0, 8), (8, 14), (1, 28), (12, 22), (12, 25), (26, 6), (28, 7), (28, 9), (2, 11), (11, 4), (4, 1), (5, 8), (5, 21), (5, 25), (25, 12), (7, 16), (10, 24), (19, 9), (19, 29), (9, 8)]]","[[83.82642374737105, 58.0457918802535, 483.4987145074444, 90.37869403028199, 163.6467184379191, 169.99914461853476, 205.7969961115351, 15.808172069053, 71.73234567123768, 52.57948916021579, 15.148532520730972, 23.38122593518351, 112.43137209802259, 320.065798023949, 10.021884280708974, 304.4599303809413, 69.0588096199759, 22.89243552099751, 129.29318838383728, 11.004395815285296]]"
522,"[[(0, 8), (8, 14), (1, 28), (12, 22), (12, 25), (26, 6), (28, 7), (28, 9), (2, 11), (11, 4), (4, 1), (5, 8), (5, 21), (5, 25), (25, 12), (7, 16), (10, 24), (19, 9), (19, 29), (9, 8)]]","[[66.15886007863932, 17.50005688275627, 268.69573970794215, 83.7050209741975, 134.9631056874874, 166.2800187383275, 321.03375839042695, 6.525436767731065, 53.2069789545121, 53.31296693510981, 6.554751135138307, 26.201561534764625, 111.79545093852482, 299.43870544896356, 24.76763143700598, 246.643101778742, 50.599761069831104, 119.66364738226865, 170.21635317476296, 16.28335027166981]]"
523,"[[(0, 8), (8, 14), (1, 28), (12, 22), (12, 25), (26, 6), (28, 7), (28, 9), (2, 11), (11, 4), (4, 1), (5, 8), (5, 21), (5, 25), (25, 12), (7, 16), (10, 24), (19, 9), (19, 29), (9, 8)]]","[[55.60638396495274, 52.037040767453256, 286.883699061224, 83.56488474154929, 75.7018917530735, 175.93740202332225, 177.46543751957176, 13.272716722557842, 41.1387163221008, 53.271085802889246, 30.706303715575277, 17.754921261777042, 111.69002247026708, 318.8754944127988, 13.324725909873022, 37.69122934346279, 26.802851725085656, 84.33341979100943, 184.34371626396302, 15.154364224473284]]"
524,"[[(0, 8), (8, 14), (1, 28), (12, 22), (12, 25), (26, 6), (28, 7), (28, 9), (2, 11), (11, 4), (4, 1), (5, 8), (5, 21), (5, 25), (25, 12), (7, 16), (10, 24), (19, 9), (19, 29), (9, 8)]]","[[41.532585586093475, 116.57335354360869, 765.4955855445033, 81.7708717040156, 120.39009979569042, 162.4791611805564, 491.6606538246391, 14.07510793838486, 47.30811320831781, 53.538551213543094, 24.715437198696094, 32.24198191067529, 111.20228971029793, 224.34790302484004, 16.832373738588373, 125.36676431812033, 46.44496655782048, 104.84261280404819, 201.1224904288587, 27.47148639497854]]"
525,"[[(0, 8), (8, 14), (1, 28), (12, 22), (12, 25), (26, 6), (28, 7), (28, 9), (2, 11), (11, 4), (4, 1), (5, 8), (5, 21), (5, 25), (25, 12), (7, 16), (10, 24), (19, 9), (19, 29), (9, 8)]]","[[30.716046703002466, 140.16871505381513, 704.8911421131512, 92.23873308110564, 51.41707053976231, 155.191072253585, 29.131154914063664, 5.510418372144154, 40.770299859477326, 52.818689351726974, 23.18538914480201, 29.261725022396003, 112.28537593755371, 119.19532973703375, 17.18691983607854, 287.05212734100667, 67.76295130840485, 43.9554288020294, 202.55063745242128, 4.026161544417953]]"
526,"[[(0, 8), (8, 14), (1, 28), (12, 22), (12, 25), (26, 6), (28, 7), (28, 9), (2, 11), (11, 4), (4, 1), (5, 8), (5, 21), (5, 25), (25, 12), (7, 16), (10, 24), (19, 9), (19, 29), (9, 8)]]","[[70.98097540463701, 39.07921073263678, 783.499853166033, 93.14552532970481, 87.00300417037137, 155.17504603656784, 586.697299027475, 15.056904854809908, 80.04993636238146, 53.13706415353097, 15.704744888675982, 7.856135392071278, 112.18294573257714, 96.02490948332748, 24.74061436864717, 259.26069615799497, 24.826324423053933, 62.49105346049988, 129.5436365245077, 30.716814636269653]]"
527,"[[(0, 8), (8, 14), (1, 28), (12, 22), (12, 25), (26, 6), (28, 7), (28, 9), (2, 11), (11, 4), (4, 1), (5, 8), (5, 21), (5, 25), (25, 12), (7, 16), (10, 24), (19, 9), (19, 29), (9, 8)]]","[[88.20600741770744, 64.7745490978291, 396.35704691545675, 76.09821747209395, 72.68395467368192, 159.5037649702553, 454.77592752032365, 8.838621978881804, 55.80974276873062, 52.90021068992248, 4.282168071284191, 30.426479229676524, 111.16196551558924, 190.08905461717725, 14.646100596082253, 17.64191109028428, 71.94665051961331, 64.58712498529252, 80.09212638287335, 10.325869904340436]]"
528,"[[(0, 8), (8, 14), (1, 28), (12, 22), (12, 25), (26, 6), (28, 7), (28, 9), (2, 11), (11, 4), (4, 1), (5, 8), (5, 21), (5, 25), (25, 12), (7, 16), (10, 24), (19, 9), (19, 29), (9, 8)]]","[[48.02582765630474, 118.13754485091604, 646.3131147824965, 76.68930626332582, 139.73420009545208, 158.92338135553334, 581.5257464639175, 9.333794596356, 66.45151609987931, 53.08291923307005, 10.848422400674758, 7.950133500230901, 111.72199032873623, 95.86771170697682, 25.712878293949295, 241.47105245828106, 25.784831752401935, 62.53569483588257, 254.4969830437783, 13.103079106738175]]"
529,"[[(0, 8), (8, 14), (1, 28), (12, 22), (12, 25), (26, 6), (28, 7), (28, 9), (2, 11), (11, 4), (4, 1), (5, 8), (5, 21), (5, 25), (25, 12), (7, 16), (10, 24), (19, 9), (19, 29), (9, 8)]]","[[76.58835222541377, 46.59995341865939, 258.9328959456145, 92.9021983406753, 100.87702255424591, 177.34949929824583, 56.812728955986174, 13.200248226679912, 64.01117691903481, 52.72481069367768, 28.077928676227017, 14.10312424272152, 112.30861675622396, 190.26297981114755, 19.403974962649144, 276.04289191286716, 28.65440836242061, 30.444854899978612, 232.36399106062885, 1.430553020630871]]"
530,"[[(0, 8), (8, 14), (1, 28), (12, 22), (12, 25), (26, 6), (28, 7), (28, 9), (2, 11), (11, 4), (4, 1), (5, 8), (5, 21), (5, 25), (25, 12), (7, 16), (10, 24), (19, 9), (19, 29), (9, 8)]]","[[75.39228324253796, 40.483872553427425, 384.3044594576065, 89.85073448566513, 54.57369473511331, 178.50894293402308, 246.3817258366132, 13.823542870454846, 50.322931428136684, 52.30355821027208, 28.656541356236666, 26.837055228262813, 111.45347494380358, 298.8912503449652, 20.178582528701615, 28.955881134469657, 62.928827890862955, 49.13517920585861, 247.48280465980315, 14.878468592667307]]"
531,"[[(0, 8), (8, 14), (1, 28), (12, 22), (12, 25), (26, 6), (28, 7), (28, 9), (2, 11), (11, 4), (4, 1), (5, 8), (5, 21), (5, 25), (25, 12), (7, 16), (10, 24), (19, 9), (19, 29), (9, 8)]]","[[81.52248724837195, 104.61709193359623, 673.7621212095926, 81.08633177221708, 52.82699973294271, 153.0153686834128, 275.8577659431919, 13.114604399270757, 33.40760947292672, 53.00205594063388, 22.408919991401362, 34.876690997094975, 112.56028656746737, 209.82962613194297, 10.903174705314449, 41.55148923493908, 24.869433836397942, 107.72128304743568, 129.6337962789467, 30.207962882085685]]"
532,"[[(0, 8), (8, 14), (1, 28), (12, 22), (12, 25), (26, 6), (28, 7), (28, 9), (2, 11), (11, 4), (4, 1), (5, 8), (5, 21), (5, 25), (25, 12), (7, 16), (10, 24), (19, 9), (19, 29), (9, 8)]]","[[86.42823452012189, 23.89005405578773, 569.1637569402326, 89.04331684966876, 125.55494551371812, 171.05439147665922, 169.74343044922625, 5.164704637127938, 50.04356288617867, 52.18196264092585, 5.095060950731412, 12.100415318517099, 111.07245850720831, 216.592248585011, 11.134747678868361, 239.8069745815592, 49.28809114126846, 97.99016887331595, 85.97597624750208, 4.269817749795116]]"
533,"[[(0, 8), (8, 14), (1, 28), (12, 22), (12, 25), (26, 6), (28, 7), (28, 9), (2, 11), (11, 4), (4, 1), (5, 8), (5, 21), (5, 25), (25, 12), (7, 16), (10, 24), (19, 9), (19, 29), (9, 8)]]","[[60.14593365757971, 158.54402103430647, 380.0337055152511, 90.29827713774459, 159.14797646286542, 164.84481820858275, 157.68739507250604, 11.032421416596843, 67.07927314916222, 53.196973855139284, 17.367828800423084, 20.304873359757018, 111.45302426202537, 158.52090230518598, 14.249111996765894, 311.45856362308433, 51.80936094062315, 95.8417304495356, 111.96705000179983, 30.35505937000742]]"
534,"[[(0, 8), (8, 14), (1, 28), (12, 22), (12, 25), (26, 6), (28, 7), (28, 9), (2, 11), (11, 4), (4, 1), (5, 8), (5, 21), (5, 25), (25, 12), (7, 16), (10, 24), (19, 9), (19, 29), (9, 8)]]","[[63.2859889582323, 52.24065895907603, 220.7668209179968, 80.11339206968614, 77.2253237978039, 172.0917216879844, 370.86046355187426, 12.139891938821282, 55.90840433415773, 52.62031663988146, 20.97243157063171, 11.940419481630371, 111.23234414954055, 146.55158906548465, 20.08204781642725, 97.59419579047658, 72.83451170990313, 68.54680184851745, 158.95194190059252, 9.95692322262079]]"
535,"[[(0, 8), (8, 14), (1, 28), (12, 22), (12, 25), (26, 6), (28, 7), (28, 9), (2, 11), (11, 4), (4, 1), (5, 8), (5, 21), (5, 25), (25, 12), (7, 16), (10, 24), (19, 9), (19, 29), (9, 8)]]","[[77.77106275010864, 116.84696984477861, 330.2734627568907, 76.76047051825, 58.92712536620782, 163.6918598609708, 346.26475463628236, 13.273061671078423, 44.69276413335426, 52.2863721983626, 28.620457892945108, 16.015296494868213, 111.40329267946825, 327.5144851556334, 19.522747785483908, 74.90941610190362, 82.22279030288414, 36.28525062849485, 79.08308093411948, 24.822859052202684]]"
536,"[[(0, 8), (8, 14), (1, 28), (12, 22), (12, 25), (26, 6), (28, 7), (28, 9), (2, 11), (11, 4), (4, 1), (5, 8), (5, 21), (5, 25), (25, 12), (7, 16), (10, 24), (19, 9), (19, 29), (9, 8)]]","[[57.33767159673285, 143.74614924249582, 687.7196015266375, 91.0828947851341, 72.94235230173402, 153.00923177562632, 288.2233477842741, 16.915714759951534, 22.879785418494492, 53.530289123778466, 13.702878245923516, 17.719789137182435, 112.72127284968599, 185.29384791655275, 18.814987070413352, 63.84887162676549, 65.70822443934026, 12.282876765942229, 129.43004248980313, 9.808208151066207]]"
537,"[[(0, 8), (8, 14), (1, 28), (12, 22), (12, 25), (26, 6), (28, 7), (28, 9), (2, 11), (11, 4), (4, 1), (5, 8), (5, 21), (5, 25), (25, 12), (7, 16), (10, 24), (19, 9), (19, 29), (9, 8)]]","[[59.831372216994964, 173.49956730457967, 398.5131311848366, 86.65566784640195, 77.84423559448504, 176.66431812633346, 547.5511881841013, 8.984911745309416, 42.50935693481571, 53.3661737721493, 23.402160074797056, 24.929783724863295, 111.16621532674124, 295.5856932936233, 20.95871066279241, 30.154203974815445, 48.14055970876666, 16.669358519017216, 264.3178489838116, 1.7679107237289173]]"
538,"[[(0, 8), (8, 14), (1, 28), (12, 22), (12, 25), (26, 6), (28, 7), (28, 9), (2, 11), (11, 4), (4, 1), (5, 8), (5, 21), (5, 25), (25, 12), (7, 16), (10, 24), (19, 9), (19, 29), (9, 8)]]","[[46.97333872689549, 81.4244654048459, 771.6621431310429, 86.69204334262406, 66.40144794902068, 155.8779353177378, 260.57574881274525, 13.160820813094372, 45.909588010716966, 52.87178409654518, 14.68139508714009, 16.57617985805351, 111.21442154534107, 218.23438155868803, 13.148213179506227, 284.3288267461374, 59.18480468694696, 35.674429693447266, 128.54692503879127, 14.23579914655317]]"
539,"[[(0, 8), (8, 14), (1, 28), (12, 22), (12, 25), (26, 6), (28, 7), (28, 9), (2, 11), (11, 4), (4, 1), (5, 8), (5, 21), (5, 25), (25, 12), (7, 16), (10, 24), (19, 9), (19, 29), (9, 8)]]","[[75.63760542333657, 78.39368875913931, 506.08982788556654, 89.14102045947752, 115.75431066566358, 173.9931592591007, 159.03167912243111, 14.770362051350272, 55.12634358222799, 52.018012318719904, 7.369837020328296, 2.6417628358187883, 111.36988944452433, 106.06906135934581, 16.544998073932437, 234.67754921404764, 33.096178627422425, 36.26246768855536, 217.02343853306368, 15.256882070837985]]"
540,"[[(0, 8), (8, 14), (1, 28), (12, 22), (12, 25), (26, 6), (28, 7), (28, 9), (2, 11), (11, 4), (4, 1), (5, 8), (5, 21), (5, 25), (25, 12), (7, 16), (10, 24), (19, 9), (19, 29), (9, 8)]]","[[57.698584585989764, 75.22224769664724, 680.5532168826477, 73.80874878994244, 109.41369905248965, 160.21968183107137, 537.2840316576459, 16.512127102800342, 53.73818752839847, 53.01890910225781, 24.087928334280438, 11.152338748549177, 111.75359943341813, 147.397727844725, 21.431018041636143, 195.37285375551153, 41.386657698740116, 41.31002365920033, 181.73134671917134, 30.111796451535376]]"
541,"[[(0, 8), (8, 14), (1, 28), (12, 22), (12, 25), (26, 6), (28, 7), (28, 9), (2, 11), (11, 4), (4, 1), (5, 8), (5, 21), (5, 25), (25, 12), (7, 16), (10, 24), (19, 9), (19, 29), (9, 8)]]","[[52.56790037400286, 176.29837001422334, 210.1894064764892, 84.91026264814954, 93.1024974693564, 171.66434282204668, 54.3100324358289, 16.817617246446115, 38.92474201963647, 53.85109354533146, 23.92434880658617, 35.892123447429874, 111.93695841026721, 178.3706605559359, 21.425202995805222, 238.83478880868262, 39.69547297898591, 26.855045418431104, 212.61892967016277, 21.945737479096433]]"
542,"[[(0, 8), (8, 14), (1, 28), (12, 22), (12, 25), (26, 6), (28, 7), (28, 9), (2, 11), (11, 4), (4, 1), (5, 8), (5, 21), (5, 25), (25, 12), (7, 16), (10, 24), (19, 9), (19, 29), (9, 8)]]","[[58.43228399519362, 22.997954187170897, 282.10910102553214, 87.23863833691827, 166.77434827815705, 180.6785138904319, 526.3304558200541, 8.510230842633856, 61.44715747401778, 53.23755701746214, 27.719293605520583, 33.29567679143152, 112.61711661186325, 198.17384705348, 13.117865043268615, 170.01074537942725, 22.197495847469664, 44.5313528448002, 72.42096740166092, 17.400120882616722]]"
543,"[[(0, 8), (8, 14), (1, 28), (12, 22), (12, 25), (26, 6), (28, 7), (28, 9), (2, 11), (11, 4), (4, 1), (5, 8), (5, 21), (5, 25), (25, 12), (7, 16), (10, 24), (19, 9), (19, 29), (9, 8)]]","[[88.409764108582, 83.3329085398919, 621.2985819350711, 86.46158690091909, 157.65589756986867, 180.51088751377907, 265.73461755810087, 16.913173541828012, 27.59083244431538, 52.305293919200764, 4.066609506890155, 10.975801048202483, 111.74998056160722, 223.43582604894686, 24.747809343635446, 228.46561249601135, 75.71935318810534, 26.72180005651086, 127.60521572239017, 16.206171056048014]]"
544,"[[(0, 8), (8, 14), (1, 28), (12, 22), (12, 25), (26, 6), (28, 7), (28, 9), (2, 11), (11, 4), (4, 1), (5, 8), (5, 21), (5, 25), (25, 12), (7, 16), (10, 24), (19, 9), (19, 29), (9, 8)]]","[[47.186955613848596, 155.92935703896953, 450.02115208250564, 73.4896461299551, 60.43271175469138, 178.38016162840333, 204.38710335709897, 16.37188852179004, 44.00141145657583, 52.752705055673076, 11.775049450489966, 27.610240437281377, 112.0370712322068, 110.70935766630146, 25.64839737195006, 156.5562403557307, 81.63303067858465, 86.06301126954905, 65.92528329941665, 11.28456349614024]]"
545,"[[(0, 8), (8, 14), (1, 28), (12, 22), (12, 25), (26, 6), (28, 7), (28, 9), (2, 11), (11, 4), (4, 1), (5, 8), (5, 21), (5, 25), (25, 12), (7, 16), (10, 24), (19, 9), (19, 29), (9, 8)]]","[[35.2300378864695, 40.84595889054744, 346.1725136852436, 73.04659301634622, 125.58797470408228, 178.67568619756295, 511.02446815325413, 14.202176162444015, 33.317519612627954, 53.667702936585414, 31.326602842227167, 17.654971711353227, 111.86365023281027, 284.10559628570445, 22.590284875499634, 258.78908858097094, 59.68279460116745, 107.58864969029324, 69.8082683864713, 15.79887309983431]]"
546,"[[(0, 8), (8, 14), (1, 28), (12, 22), (12, 25), (26, 6), (28, 7), (28, 9), (2, 11), (11, 4), (4, 1), (5, 8), (5, 21), (5, 25), (25, 12), (7, 16), (10, 24), (19, 9), (19, 29), (9, 8)]]","[[90.54347448206718, 173.93948617249114, 413.420013883013, 92.6162498528205, 121.8355889558905, 161.37556026320723, 310.2276013140445, 6.193584889147027, 74.96675869760375, 52.84806475657743, 13.348718145778264, 19.736455698994806, 112.36664355644004, 132.5897055062498, 19.152620413855118, 303.78533568030656, 49.17175349569581, 79.60852778791994, 178.49480795543866, 12.683334954639815]]"
547,"[[(0, 8), (8, 14), (1, 28), (12, 22), (12, 25), (26, 6), (28, 7), (28, 9), (2, 11), (11, 4), (4, 1), (5, 8), (5, 21), (5, 25), (25, 12), (7, 16), (10, 24), (19, 9), (19, 29), (9, 8)]]","[[32.78690078969, 43.20765867788161, 766.2038215279721, 93.19313397792182, 86.64097754920326, 175.00878027162997, 484.1568934841409, 6.710794272538244, 31.855954789240606, 52.871668841991095, 18.103005391959307, 4.131866904984682, 111.6303269085226, 186.99670182809695, 24.996952589059664, 179.85578108552093, 47.7334064693731, 88.91858361168146, 201.19903966738457, 29.498746598581313]]"
548,"[[(0, 8), (8, 14), (1, 28), (12, 22), (12, 25), (26, 6), (28, 7), (28, 9), (2, 11), (11, 4), (4, 1), (5, 8), (5, 21), (5, 25), (25, 12), (7, 16), (10, 24), (19, 9), (19, 29), (9, 8)]]","[[75.77094908061744, 27.97424989877198, 648.0823590035359, 75.39358983201004, 43.82266223668249, 163.77492915085784, 559.1758703570853, 10.401278354539905, 28.46913925905197, 52.420554243764094, 9.668804787738088, 33.185075277059035, 112.9522990248307, 306.84901236688415, 24.800181651472755, 111.25619952515645, 80.0351447704005, 33.07019287551185, 111.68255766973903, 20.027661038199497]]"
549,"[[(0, 8), (8, 14), (1, 28), (12, 22), (12, 25), (26, 6), (28, 7), (28, 9), (2, 11), (11, 4), (4, 1), (5, 8), (5, 21), (5, 25), (25, 12), (7, 16), (10, 24), (19, 9), (19, 29), (9, 8)]]","[[62.57603766862631, 30.440328091577488, 559.5400827582898, 72.37919719716413, 116.89925680601978, 164.4007005521767, 94.1551475711327, 15.615043291002667, 53.183181406791064, 52.64036929873603, 15.768496553807537, 31.11363521544252, 111.38886133672428, 313.06498804162476, 18.043442547150185, 210.0068504779144, 77.12832395254206, 27.756291654097623, 93.17045623677063, 2.0365605083507354]]"
550,"[[(0, 8), (8, 14), (1, 28), (12, 22), (12, 25), (26, 6), (28, 7), (28, 9), (2, 11), (11, 4), (4, 1), (5, 8), (5, 21), (5, 25), (25, 12), (7, 16), (10, 24), (19, 9), (19, 29), (9, 8)]]","[[93.42388227557603, 68.8289436936154, 513.7357047238816, 85.57584213114313, 37.75564195909467, 165.0329320233244, 320.96305678069575, 3.650999336205146, 56.56116782793831, 52.11761918552568, 20.884742852098817, 19.38435333298058, 112.71405912298884, 228.34182693348663, 16.976400150722863, 121.78794074408121, 38.40320298298554, 29.421290623461744, 138.38003470521159, 24.896744734658007]]"
551,"[[(0, 8), (8, 14), (1, 28), (12, 22), (12, 25), (26, 6), (28, 7), (28, 9), (2, 11), (11, 4), (4, 1), (5, 8), (5, 21), (5, 25), (25, 12), (7, 16), (10, 24), (19, 9), (19, 29), (9, 8)]]","[[41.95216196555674, 140.1752368204952, 717.4118159825733, 92.6115046325215, 65.4597872272675, 153.22158162284688, 102.94806220331463, 12.658997891704875, 61.61770823846341, 53.73261234373569, 31.02458277901779, 7.832337804330942, 112.40127687736393, 252.05334399400755, 11.731745669959214, 255.50938523662774, 43.30044059587644, 38.87899180503285, 215.28275754217637, 29.107759542755574]]"
552,"[[(0, 8), (8, 14), (1, 28), (12, 22), (12, 25), (26, 6), (28, 7), (28, 9), (2, 11), (11, 4), (4, 1), (5, 8), (5, 21), (5, 25), (25, 12), (7, 16), (10, 24), (19, 9), (19, 29), (9, 8)]]","[[38.706559430522574, 139.17894755126514, 464.0671713009497, 83.48288299131187, 123.01191475624958, 168.88383979371233, 57.491668985003, 6.348608333556594, 55.83038232768952, 52.06510916346831, 21.017582530082347, 31.550635072473447, 112.6396295587096, 144.26367190000295, 22.715567464641722, 111.62163663254289, 80.55575247249837, 9.414218397668112, 148.56275463187382, 6.870701222754974]]"
553,"[[(0, 8), (8, 14), (1, 28), (12, 22), (12, 25), (26, 6), (28, 7), (28, 9), (2, 11), (11, 4), (4, 1), (5, 8), (5, 21), (5, 25), (25, 12), (7, 16), (10, 24), (19, 9), (19, 29), (9, 8)]]","[[43.160391846109796, 181.24775004686566, 229.8109830654371, 90.41079191342953, 68.70620102851287, 175.81278273876723, 404.2467785009289, 15.94438442879161, 56.1447536309649, 53.014325887756144, 12.95875391974753, 17.922425625117494, 111.97349461274027, 210.60345274341358, 16.37303406901447, 31.08859662768969, 72.71951854447568, 79.10075225568636, 201.89043732283358, 1.4291259867488009]]"
554,"[[(0, 8), (8, 14), (1, 28), (12, 22), (12, 25), (26, 6), (28, 7), (28, 9), (2, 11), (11, 4), (4, 1), (5, 8), (5, 21), (5, 25), (25, 12), (7, 16), (10, 24), (19, 9), (19, 29), (9, 8)]]","[[52.981269241395594, 178.0709225942965, 727.1599779138564, 74.90383873813761, 50.487718776161195, 180.30783910102616, 137.72047547128267, 4.4584812406174885, 31.013103898854126, 53.626046538243905, 16.856034429937875, 6.296808954766381, 112.46349279219271, 224.55945686973365, 11.441494146883493, 206.57694447802928, 64.20696863753753, 83.60587237849988, 58.59225260887322, 7.586816085847083]]"
555,"[[(0, 8), (8, 14), (1, 28), (12, 22), (12, 25), (26, 6), (28, 7), (28, 9), (2, 11), (11, 4), (4, 1), (5, 8), (5, 21), (5, 25), (25, 12), (7, 16), (10, 24), (19, 9), (19, 29), (9, 8)]]","[[48.59170328813613, 45.15149311969817, 707.2271639195569, 82.30790468132028, 58.14329254833289, 152.56534541447317, 482.525293087975, 13.667947128086002, 81.0826093460539, 53.27246178085029, 30.03045019761499, 33.29759609866692, 112.85765686141661, 107.19431855951848, 15.237377709368108, 49.39104097386866, 74.55187863577797, 81.9249152423717, 68.03263497729499, 17.619977954371386]]"
556,"[[(0, 8), (8, 14), (1, 28), (12, 22), (12, 25), (26, 6), (28, 7), (28, 9), (2, 11), (11, 4), (4, 1), (5, 8), (5, 21), (5, 25), (25, 12), (7, 16), (10, 24), (19, 9), (19, 29), (9, 8)]]","[[70.07259031617767, 42.63081250948726, 525.5200476899206, 73.91847811581493, 116.69568651037044, 166.40535037036472, 219.59318792605305, 8.606120003406682, 45.086458126077254, 52.95765242910083, 19.5661114221407, 26.702299572454272, 112.44731934173892, 123.53717266665481, 19.785671471411405, 101.71698150933258, 47.65143051860527, 66.29705614605373, 219.32214350271823, 2.173464244960563]]"
557,"[[(0, 8), (8, 14), (1, 28), (12, 22), (12, 25), (26, 6), (28, 7), (28, 9), (2, 11), (11, 4), (4, 1), (5, 8), (5, 21), (5, 25), (25, 12), (7, 16), (10, 24), (19, 9), (19, 29), (9, 8)]]","[[55.22786252862676, 85.69427046761884, 382.3815241277089, 84.49124453891845, 85.89987463115085, 158.38135229607954, 578.4707061996993, 12.127444334001213, 74.9671532716156, 53.5981007219623, 20.415252270757907, 23.57660481734878, 112.86137562668742, 279.5228760039339, 24.987409026988242, 127.24468381320295, 40.21207908462604, 77.59552909737064, 206.04941320348752, 18.981332506639475]]"
558,"[[(0, 8), (8, 14), (1, 28), (12, 22), (12, 25), (26, 6), (28, 7), (28, 9), (2, 11), (11, 4), (4, 1), (5, 8), (5, 21), (5, 25), (25, 12), (7, 16), (10, 24), (19, 9), (19, 29), (9, 8)]]","[[73.26073153720375, 113.73268909469137, 307.5983950595706, 88.41813705094273, 54.83700656631571, 162.4785878015423, 207.63782895703042, 5.564936706217991, 72.68739531012892, 52.998777574203956, 16.475219035742874, 34.32840805388724, 112.6465170279358, 296.27507558363175, 25.66916639627761, 80.94374856396672, 32.02464715388206, 111.67315129078011, 151.23179748881824, 3.448128036288825]]"
559,"[[(0, 8), (8, 14), (1, 28), (12, 22), (12, 25), (26, 6), (28, 7), (28, 9), (2, 11), (11, 4), (4, 1), (5, 8), (5, 21), (5, 25), (25, 12), (7, 16), (10, 24), (19, 9), (19, 29), (9, 8)]]","[[60.43790278420036, 111.95839354653218, 501.73566496367255, 81.21815222698676, 110.8530009200447, 178.76957015260066, 284.6707367798199, 5.293005737887828, 72.38499592905256, 53.61678315701691, 7.8677252385175525, 11.495937327992781, 111.40557723253984, 267.0851447991313, 23.146483727437072, 77.67135590818836, 81.23130900662147, 86.38303544119618, 167.23189899176748, 8.67877331049527]]"
560,"[[(0, 8), (8, 14), (1, 28), (12, 22), (12, 25), (26, 6), (28, 7), (28, 9), (2, 11), (11, 4), (4, 1), (5, 8), (5, 21), (5, 25), (25, 12), (7, 16), (10, 24), (19, 9), (19, 29), (9, 8)]]","[[87.40504945633, 127.03528968915853, 708.554387230451, 92.10651857280126, 41.41230554693579, 162.50318547122126, 153.56702539762236, 9.628197730425242, 50.71281101321534, 52.975060400482775, 29.170002568308924, 3.0079161218483335, 112.71140940175039, 319.5030994618398, 14.482603640092798, 214.75056630605516, 24.94771032602442, 106.60860706854886, 211.31833173964785, 23.839398540779445]]"
561,"[[(0, 8), (8, 14), (1, 28), (12, 22), (12, 25), (26, 6), (28, 7), (28, 9), (2, 11), (11, 4), (4, 1), (5, 8), (5, 21), (5, 25), (25, 12), (7, 16), (10, 24), (19, 9), (19, 29), (9, 8)]]","[[38.86867418677082, 15.297297837494444, 311.36951525807746, 92.42816845051996, 39.85820881338313, 162.4256777809004, 422.8669641861945, 4.392288251931416, 71.59210642865975, 52.00468673246586, 18.939822667954424, 29.602052883846184, 111.51635621616718, 255.34547964835787, 22.62585130851079, 176.4164354127508, 47.48633929758729, 100.42016562348695, 67.52124039009118, 11.579320789469424]]"
562,"[[(0, 8), (8, 14), (1, 28), (12, 22), (12, 25), (26, 6), (28, 7), (28, 9), (2, 11), (11, 4), (4, 1), (5, 8), (5, 21), (5, 25), (25, 12), (7, 16), (10, 24), (19, 9), (19, 29), (9, 8)]]","[[77.38683380647092, 59.54693285750124, 404.5132341325457, 82.08289764229802, 60.10494362517413, 171.59976207545202, 528.0184874900569, 13.376659805033789, 75.08533954712146, 52.699841933943055, 23.4775779238276, 31.353653748859884, 111.59229009530439, 264.78677343912125, 11.565069822669377, 276.4120426502988, 38.49827094644647, 107.8980709968925, 189.54103047359794, 6.652803977326272]]"
563,"[[(0, 8), (8, 14), (1, 28), (12, 22), (12, 25), (26, 6), (28, 7), (28, 9), (2, 11), (11, 4), (4, 1), (5, 8), (5, 21), (5, 25), (25, 12), (7, 16), (10, 24), (19, 9), (19, 29), (9, 8)]]","[[54.1145228107325, 112.05962029163459, 293.6921408147846, 88.86417334001514, 107.64110813407729, 165.07494260830606, 392.661295244412, 10.46317093822578, 72.90383068010303, 53.5742332912441, 13.916464697982414, 33.40892839006596, 112.89122621922948, 256.09126231445293, 16.23867245415756, 310.1059102295808, 30.673057947717435, 76.03614541408191, 151.74163112732026, 25.480994084660715]]"
564,"[[(0, 8), (8, 14), (1, 28), (12, 22), (12, 25), (26, 6), (28, 7), (28, 9), (2, 11), (11, 4), (4, 1), (5, 8), (5, 21), (5, 25), (25, 12), (7, 16), (10, 24), (19, 9), (19, 29), (9, 8)]]","[[44.41913857521088, 85.43045556721756, 228.88172646957466, 75.67723947517052, 137.6134893051052, 152.2574993033428, 105.45970135693379, 10.079628180975018, 38.8472512925995, 53.400867204116416, 15.293205822576653, 27.096805537513237, 111.24455572729178, 228.73702272136885, 13.625442002417785, 175.7408492345985, 48.23382468232851, 77.71579539687941, 165.40113839241172, 31.54674906306366]]"
565,"[[(0, 8), (8, 14), (1, 28), (12, 22), (12, 25), (26, 6), (28, 7), (28, 9), (2, 11), (11, 4), (4, 1), (5, 8), (5, 21), (5, 25), (25, 12), (7, 16), (10, 24), (19, 9), (19, 29), (9, 8)]]","[[34.540771062677535, 78.28677049181812, 596.0862359616707, 92.37270650033335, 158.1427852730464, 155.72309159051628, 205.4159169239721, 9.149953583501135, 36.957061563088615, 52.344146830614974, 25.37163162207213, 3.432991084043667, 112.06681470010449, 99.31584917625625, 25.044505095739765, 198.62636113413294, 34.619163495475526, 114.9390106472734, 196.84471956250616, 12.769971573150922]]"
566,"[[(0, 8), (8, 14), (1, 28), (12, 22), (12, 25), (26, 6), (28, 7), (28, 9), (2, 11), (11, 4), (4, 1), (5, 8), (5, 21), (5, 25), (25, 12), (7, 16), (10, 24), (19, 9), (19, 29), (9, 8)]]","[[67.53892541494015, 124.15727046448013, 663.4387912136183, 88.40201937925238, 125.45475333320096, 179.61564858947207, 543.1644990032307, 3.903632896721589, 76.7423800219949, 53.88642689213995, 18.705044424780947, 6.618075654550379, 111.36980906688217, 309.9983209259992, 12.455370078772388, 176.74131129458252, 75.1291015897149, 113.42824023569618, 229.16297963840825, 28.61979823194167]]"
567,"[[(0, 8), (8, 14), (1, 28), (12, 22), (12, 25), (26, 6), (28, 7), (28, 9), (2, 11), (11, 4), (4, 1), (5, 8), (5, 21), (5, 25), (25, 12), (7, 16), (10, 24), (19, 9), (19, 29), (9, 8)]]","[[92.7000627628428, 170.9215275629349, 454.86383168861624, 82.63651872014421, 151.6822543681483, 174.68814276374474, 337.295096060165, 11.676262978036833, 70.53433809998177, 53.40077802658203, 31.766348286366288, 10.594839962206924, 112.66657190566872, 197.7751910420066, 14.917368720876274, 68.1813792312151, 48.54531481390099, 74.47875092553144, 236.8297748390915, 4.141281290678339]]"
568,"[[(0, 8), (8, 14), (1, 28), (12, 22), (12, 25), (26, 6), (28, 7), (28, 9), (2, 11), (11, 4), (4, 1), (5, 8), (5, 21), (5, 25), (25, 12), (7, 16), (10, 24), (19, 9), (19, 29), (9, 8)]]","[[40.10309239220319, 109.95705341203946, 429.605921049807, 83.81095368414405, 142.51528828530746, 165.87165390097, 447.8533509447332, 11.81117247981198, 67.85050558066911, 53.78655972455206, 24.787432614275385, 18.479438499151765, 112.16287116217823, 123.66753101828334, 21.88014971722156, 109.30591498047245, 81.86874410479513, 13.423920667560914, 142.90964341073695, 5.565567455696495]]"
569,"[[(0, 8), (8, 14), (1, 28), (12, 22), (12, 25), (26, 6), (28, 7), (28, 9), (2, 11), (11, 4), (4, 1), (5, 8), (5, 21), (5, 25), (25, 12), (7, 16), (10, 24), (19, 9), (19, 29), (9, 8)]]","[[62.95621028879956, 105.3994005685737, 257.73780059070134, 85.65199500757771, 58.04031663933584, 178.2150206699173, 281.282713517549, 15.178663535006082, 52.826433591357464, 53.74559447872697, 4.610021270830297, 30.578888033094113, 111.88846732571129, 149.1828113168305, 25.2121487285905, 23.289855061702973, 35.081413375813256, 103.26465237109662, 195.59046484885872, 7.291879290308682]]"
570,"[[(0, 8), (8, 14), (1, 28), (12, 22), (12, 25), (26, 6), (28, 7), (28, 9), (2, 11), (11, 4), (4, 1), (5, 8), (5, 21), (5, 25), (25, 12), (7, 16), (10, 24), (19, 9), (19, 29), (9, 8)]]","[[59.444195021581145, 92.49790376060614, 607.6425685543707, 88.42260145765033, 49.31805439464512, 177.11155648035995, 200.54637067955008, 10.098666914361083, 35.04110925714573, 53.625054090925275, 28.379981546268553, 6.228201785394883, 112.57179987448323, 323.3155646734954, 18.685081627930252, 131.1161784618713, 81.40631726473808, 24.41884543025386, 167.47700618174375, 30.971295443756865]]"
571,"[[(0, 8), (8, 14), (1, 28), (12, 22), (12, 25), (26, 6), (28, 7), (28, 9), (2, 11), (11, 4), (4, 1), (5, 8), (5, 21), (5, 25), (25, 12), (7, 16), (10, 24), (19, 9), (19, 29), (9, 8)]]","[[59.755757269725464, 60.583872810425646, 583.9308557045682, 90.9971302184312, 137.9666928528482, 161.22369756371864, 284.5204127001652, 11.206485689452286, 53.23385415103164, 52.63048223173616, 12.471063392070587, 25.402211256709275, 111.99443757239099, 183.42929332556497, 12.23646359430319, 286.842404359756, 77.90793148258622, 87.59586214463074, 71.35521108429305, 4.713159028817863]]"
572,"[[(0, 8), (8, 14), (1, 28), (12, 22), (12, 25), (26, 6), (28, 7), (28, 9), (2, 11), (11, 4), (4, 1), (5, 8), (5, 21), (5, 25), (25, 12), (7, 16), (10, 24), (19, 9), (19, 29), (9, 8)]]","[[43.69302071285856, 148.38416560866355, 606.7349679821646, 76.20528376501369, 50.70810820643879, 160.92161829225302, 472.63911048777396, 15.221499411015417, 31.710023860651255, 53.41235354770963, 31.80154183058118, 4.9420001818543335, 112.55701821228787, 239.39247815659513, 20.487534170100293, 223.94245772908363, 45.357811912522244, 79.04272672921779, 63.032639612716466, 4.229973531869991]]"
573,"[[(0, 8), (8, 14), (1, 28), (12, 22), (12, 25), (26, 6), (28, 7), (28, 9), (2, 11), (11, 4), (4, 1), (5, 8), (5, 21), (5, 25), (25, 12), (7, 16), (10, 24), (19, 9), (19, 29), (9, 8)]]","[[36.606460129115895, 166.75183980883463, 531.0162434188677, 73.38290394582079, 161.67409957230313, 168.0526129994219, 58.63976804725591, 9.121396850566462, 54.21879125544373, 52.31570965127305, 11.672503490846568, 18.977111080964693, 112.95945495568643, 214.1988774837616, 20.25477102052631, 25.656665068628246, 40.32713078395551, 46.1597623222891, 57.52478115715389, 24.994769841422546]]"
574,"[[(0, 8), (8, 14), (1, 28), (12, 22), (12, 25), (26, 6), (28, 7), (28, 9), (2, 11), (11, 4), (4, 1), (5, 8), (5, 21), (5, 25), (25, 12), (7, 16), (10, 24), (19, 9), (19, 29), (9, 8)]]","[[53.66802703285265, 24.138297521157796, 753.9754889119688, 74.24920622587959, 74.13911592455462, 164.19695736054106, 223.85077449162927, 10.066231332162797, 82.90667116955649, 53.697154152556614, 19.644980779952885, 20.745189673410337, 111.26480908054047, 303.57046299847985, 22.086859133170755, 175.16997374800255, 73.3676978973281, 15.059485451286184, 190.54605829472513, 29.85308696848113]]"
575,"[[(0, 8), (8, 14), (1, 28), (12, 22), (12, 25), (26, 6), (28, 7), (28, 9), (2, 11), (11, 4), (4, 1), (5, 8), (5, 21), (5, 25), (25, 12), (7, 16), (10, 24), (19, 9), (19, 29), (9, 8)]]","[[93.64272582960932, 113.93214892916312, 205.39411208671947, 91.23400383434789, 67.53829260060661, 167.03246921551766, 169.05083034781603, 12.245990109692404, 78.95237588632787, 53.53042747850874, 27.597465046601354, 34.95219031398334, 111.67337386733863, 209.6834792788738, 11.161594876686925, 18.856540822230365, 72.64164281539806, 68.24991034755891, 251.18777752060595, 24.719047332564394]]"
576,"[[(0, 8), (8, 14), (1, 28), (12, 22), (12, 25), (26, 6), (28, 7), (28, 9), (2, 11), (11, 4), (4, 1), (5, 8), (5, 21), (5, 25), (25, 12), (7, 16), (10, 24), (19, 9), (19, 29), (9, 8)]]","[[51.3380555833635, 35.577570385475795, 358.492719038058, 77.50428590754936, 90.9505918602839, 161.226272977835, 524.1059763714386, 12.907888941572264, 31.939895115050668, 53.86603894337405, 26.50273355401994, 32.79036607364176, 111.1840120134055, 239.72486119309502, 19.673352817102685, 83.2966892555917, 65.03335588387014, 23.736685525755554, 153.92624408512165, 9.738711328279052]]"
577,"[[(0, 8), (8, 14), (1, 28), (12, 22), (12, 25), (26, 6), (28, 7), (28, 9), (2, 11), (11, 4), (4, 1), (5, 8), (5, 21), (5, 25), (25, 12), (7, 16), (10, 24), (19, 9), (19, 29), (9, 8)]]","[[80.000257420862, 81.93030657718185, 281.16515070738126, 92.91510153053758, 68.29907358965485, 174.8153562480009, 141.78082297089117, 9.602569350523058, 62.619226964521275, 52.31119397806211, 13.658691895994, 4.0407937767580275, 111.99268639610209, 215.33182295703418, 25.473065696138903, 162.87176465777299, 53.84961599243416, 12.380894058776395, 253.15318711485435, 26.766248731568098]]"
578,"[[(0, 8), (8, 14), (1, 28), (12, 22), (12, 25), (26, 6), (28, 7), (28, 9), (2, 11), (11, 4), (4, 1), (5, 8), (5, 21), (5, 25), (25, 12), (7, 16), (10, 24), (19, 9), (19, 29), (9, 8)]]","[[43.70972802937437, 123.31035064753361, 333.7445769636521, 76.74119965781269, 68.22770721134228, 164.04290384067232, 48.444125031206184, 8.341101141278106, 65.28854155740066, 53.69954724968886, 15.786675004014127, 24.51992834004882, 111.22048744827035, 209.25611078427875, 14.652026492184044, 72.66968356314415, 73.53985182540187, 56.5523811184451, 150.87384072118556, 17.685505202840876]]"
579,"[[(0, 8), (8, 14), (1, 28), (12, 22), (12, 25), (26, 6), (28, 7), (28, 9), (2, 11), (11, 4), (4, 1), (5, 8), (5, 21), (5, 25), (25, 12), (7, 16), (10, 24), (19, 9), (19, 29), (9, 8)]]","[[31.6815419257019, 24.344783748693477, 363.61942465458594, 92.51197274380289, 51.180858696157586, 164.41953619472247, 385.6824172682587, 11.008575219522294, 33.6777549232953, 53.83346794990779, 7.245429213100124, 1.0246104300461045, 111.15423784077556, 158.12362503893428, 16.476892583996925, 219.57010201098055, 31.432726155966144, 9.46201828672656, 157.61033204146042, 31.789358415876983]]"
580,"[[(0, 8), (8, 14), (1, 28), (12, 22), (12, 25), (26, 6), (28, 7), (28, 9), (2, 11), (11, 4), (4, 1), (5, 8), (5, 21), (5, 25), (25, 12), (7, 16), (10, 24), (19, 9), (19, 29), (9, 8)]]","[[91.82503104687308, 140.2234731664179, 414.12657379756354, 74.88937462891954, 132.4652283830183, 164.8269506763475, 247.14245631105976, 7.89531631604954, 51.13425399817845, 52.22299310234196, 28.221642749664483, 32.945238636429764, 111.92812142260443, 119.44636820636435, 22.676194292818284, 137.83414923984708, 79.36305878230266, 115.60967065724344, 254.17571358420787, 28.112680468209287]]"
581,"[[(0, 8), (8, 14), (1, 28), (12, 22), (12, 25), (26, 6), (28, 7), (28, 9), (2, 11), (11, 4), (4, 1), (5, 8), (5, 21), (5, 25), (25, 12), (7, 16), (10, 24), (19, 9), (19, 29), (9, 8)]]","[[71.02266213412148, 24.007351530852645, 285.9017137380577, 72.56352384650185, 55.88349715718117, 167.08233245933357, 269.40369423541335, 16.197203244310526, 49.04618678537252, 52.535218620905866, 17.892228007342226, 30.685701690260487, 112.04488972074262, 262.57732514523127, 22.775190740826538, 103.53115493033656, 44.84592365004641, 72.45313548596766, 83.27924361988099, 2.996517153325552]]"
582,"[[(0, 8), (8, 14), (1, 28), (12, 22), (12, 25), (26, 6), (28, 7), (28, 9), (2, 11), (11, 4), (4, 1), (5, 8), (5, 21), (5, 25), (25, 12), (7, 16), (10, 24), (19, 9), (19, 29), (9, 8)]]","[[40.41174669205153, 39.19357474590613, 330.4311441177132, 78.79616040127, 61.10466851368357, 155.87631697319918, 571.4418766798755, 13.497955862407487, 63.03864441153851, 53.04868267549431, 15.036879857494611, 30.674123707042806, 111.05331249854541, 218.92495811882824, 17.564629351410503, 159.5438047285297, 26.66289987825785, 14.122737744367452, 86.00450378712162, 26.935164277635316]]"
583,"[[(0, 8), (8, 14), (1, 28), (12, 22), (12, 25), (26, 6), (28, 7), (28, 9), (2, 11), (11, 4), (4, 1), (5, 8), (5, 21), (5, 25), (25, 12), (7, 16), (10, 24), (19, 9), (19, 29), (9, 8)]]","[[61.80294786398519, 150.54698945055637, 520.7618435525771, 90.47421493760325, 105.67308353877573, 174.0961292066049, 511.30223390790866, 3.413581608181924, 54.15722081510952, 53.21259183167494, 4.422709063700092, 17.283343656272592, 111.7715891712165, 311.7669102467996, 23.01470857065251, 289.96924686568224, 59.36246178123873, 62.88657618211933, 260.3710901834834, 17.69947880774627]]"
584,"[[(0, 8), (8, 14), (1, 28), (12, 22), (12, 25), (26, 6), (28, 7), (28, 9), (2, 11), (11, 4), (4, 1), (5, 8), (5, 21), (5, 25), (25, 12), (7, 16), (10, 24), (19, 9), (19, 29), (9, 8)]]","[[29.076262256165823, 88.59328373166043, 296.0642468912436, 74.86427185623641, 83.02378531620434, 164.7689973275847, 581.1672706696412, 8.463840778135953, 65.78854881036759, 52.06861044760584, 14.112557563320877, 4.529796762687278, 112.9694918024655, 273.6940568856427, 20.225034349909663, 188.0282424576, 72.98057604050138, 91.01454238051402, 63.1606826558329, 11.631104085084367]]"
585,"[[(0, 8), (8, 14), (1, 28), (12, 22), (12, 25), (26, 6), (28, 7), (28, 9), (2, 11), (11, 4), (4, 1), (5, 8), (5, 21), (5, 25), (25, 12), (7, 16), (10, 24), (19, 9), (19, 29), (9, 8)]]","[[85.37751226173717, 184.92253671989735, 332.64269984630914, 84.73703188213561, 105.23040513979218, 179.82014232548, 139.43353276355833, 9.756027261032493, 30.704130621800736, 52.45240139879114, 30.46872443678124, 30.71928024584389, 111.21282375188508, 218.95684229796436, 19.807775136895977, 85.98704866941274, 26.20066336648316, 76.12937423988411, 173.74563755122233, 19.432592100408616]]"
586,"[[(0, 8), (8, 14), (1, 28), (12, 22), (12, 25), (26, 6), (28, 7), (28, 9), (2, 11), (11, 4), (4, 1), (5, 8), (5, 21), (5, 25), (25, 12), (7, 16), (10, 24), (19, 9), (19, 29), (9, 8)]]","[[82.09858355372441, 123.12951537634915, 548.7224132285086, 91.64072645231084, 78.41162771743049, 173.70299824319633, 79.11991731842318, 15.870076008802318, 70.8793670866323, 53.4906771980541, 7.911821987299572, 20.919381439434858, 111.85839617990175, 100.46453475732667, 20.604236629893386, 197.40561796051747, 83.2818887046055, 90.05214909201902, 147.9197055159671, 3.855668376101253]]"
587,"[[(0, 8), (8, 14), (1, 28), (12, 22), (12, 25), (26, 6), (28, 7), (28, 9), (2, 11), (11, 4), (4, 1), (5, 8), (5, 21), (5, 25), (25, 12), (7, 16), (10, 24), (19, 9), (19, 29), (9, 8)]]","[[34.62282386013996, 101.6050730029551, 691.932341101148, 84.40629897673668, 67.78552130696, 160.573678931328, 303.727514521157, 15.784731531075856, 83.10582524725746, 53.25573205868428, 29.913516642953876, 12.810512487793591, 111.9197218317779, 294.3431722651035, 15.067293556910721, 285.6435625088241, 31.13677664809061, 16.141979133649055, 246.53401087329556, 31.029341561980768]]"
588,"[[(0, 8), (8, 14), (1, 28), (12, 22), (12, 25), (26, 6), (28, 7), (28, 9), (2, 11), (11, 4), (4, 1), (5, 8), (5, 21), (5, 25), (25, 12), (7, 16), (10, 24), (19, 9), (19, 29), (9, 8)]]","[[92.58247029372053, 170.5494081665219, 484.5669241004242, 89.70052483580878, 146.45287802326732, 164.50505628941136, 366.17903120182064, 12.645385992316289, 65.73835638957878, 52.04328787624355, 29.8658364333349, 24.180594417924105, 111.09154674718657, 116.09525688914702, 18.21011801788535, 306.76502521953967, 71.09339281211429, 46.85693489536833, 76.62551270475582, 20.525105996366214]]"
589,"[[(0, 8), (8, 14), (1, 28), (12, 22), (12, 25), (26, 6), (28, 7), (28, 9), (2, 11), (11, 4), (4, 1), (5, 8), (5, 21), (5, 25), (25, 12), (7, 16), (10, 24), (19, 9), (19, 29), (9, 8)]]","[[93.16425920817153, 101.12808929664757, 463.9956360061705, 82.22732269290967, 129.11306347664606, 163.81038988989687, 209.7084757374738, 4.250673257101866, 65.26519931903144, 52.84866583338426, 18.589065940658934, 11.115989124371536, 111.64140363855664, 274.1327502941274, 22.04077138985442, 309.17611739788185, 42.58520960301337, 96.22559936249253, 264.65320161163606, 25.571035756221125]]"
590,"[[(0, 8), (8, 14), (1, 28), (12, 22), (12, 25), (26, 6), (28, 7), (28, 9), (2, 11), (11, 4), (4, 1), (5, 8), (5, 21), (5, 25), (25, 12), (7, 16), (10, 24), (19, 9), (19, 29), (9, 8)]]","[[63.54108418110698, 42.09084728339303, 755.3221998284014, 89.6583463063867, 89.82990694660975, 170.50076991373575, 449.2508419395364, 7.6677366062189805, 28.957502222179492, 53.68104176156722, 15.990497079198889, 23.87755345075528, 111.37996772445271, 273.2881305001089, 14.709043193059223, 91.09202503270524, 46.274983117514424, 83.12896766398465, 150.85920503238816, 6.481444126868563]]"
591,"[[(0, 8), (8, 14), (1, 28), (12, 22), (12, 25), (26, 6), (28, 7), (28, 9), (2, 11), (11, 4), (4, 1), (5, 8), (5, 21), (5, 25), (25, 12), (7, 16), (10, 24), (19, 9), (19, 29), (9, 8)]]","[[28.338381237658126, 171.18365587364585, 674.0065811296511, 82.45261866746063, 136.6867787034933, 161.81284632954603, 401.5949884427315, 5.540099795277716, 63.932386584533496, 53.74377485051046, 22.98519064109763, 27.992806739063806, 111.25023995420969, 121.15510363408305, 19.475490110468, 117.55571896922444, 38.94842461114664, 19.685254339000405, 175.76723759300987, 17.400277167783134]]"
592,"[[(0, 8), (8, 14), (1, 28), (12, 22), (12, 25), (26, 6), (28, 7), (28, 9), (2, 11), (11, 4), (4, 1), (5, 8), (5, 21), (5, 25), (25, 12), (7, 16), (10, 24), (19, 9), (19, 29), (9, 8)]]","[[82.2064462124205, 52.30498944753323, 673.1628562317173, 81.68788980486437, 36.33455342993533, 175.99416642417495, 298.53345035087017, 4.065333775405213, 73.57692368518065, 52.41723179959038, 20.715722533395166, 4.065816957430226, 112.97442518428251, 321.8857979373545, 15.968855632414446, 230.62238665532485, 63.16955318523536, 46.07698047730904, 153.99439314628677, 25.071133503912318]]"
593,"[[(0, 8), (8, 14), (1, 28), (12, 22), (12, 25), (26, 6), (28, 7), (28, 9), (2, 11), (11, 4), (4, 1), (5, 8), (5, 21), (5, 25), (25, 12), (7, 16), (10, 24), (19, 9), (19, 29), (9, 8)]]","[[83.7499253727047, 112.65344595396694, 749.8104025817582, 84.46474987207478, 58.218909660151795, 164.9355064183207, 187.66321625003877, 9.560909650006298, 60.01858477991059, 52.12690228301304, 15.795323236536387, 1.6682251733482993, 112.07418119476942, 204.51366031162473, 16.319363274864667, 91.24889270236137, 63.73928441919676, 8.553345136193935, 95.02086055933974, 8.545485809257674]]"
594,"[[(0, 8), (8, 14), (1, 28), (12, 22), (12, 25), (26, 6), (28, 7), (28, 9), (2, 11), (11, 4), (4, 1), (5, 8), (5, 21), (5, 25), (25, 12), (7, 16), (10, 24), (19, 9), (19, 29), (9, 8)]]","[[82.78583952168678, 169.0169580700166, 561.4878287025272, 89.74743166749998, 133.76689216183377, 153.34959722540296, 93.65263217573141, 15.630385332380259, 29.34006059508615, 52.23058947699973, 27.676301013638128, 15.625911191701867, 112.02374436495984, 185.40566599626982, 20.118716883545744, 35.84742656085762, 24.194586717388287, 77.48644389259486, 253.17524732977336, 32.35217077237324]]"
595,"[[(0, 8), (8, 14), (1, 28), (12, 22), (12, 25), (26, 6), (28, 7), (28, 9), (2, 11), (11, 4), (4, 1), (5, 8), (5, 21), (5, 25), (25, 12), (7, 16), (10, 24), (19, 9), (19, 29), (9, 8)]]","[[49.64835498496488, 178.3943768825659, 350.17402403349246, 76.06253153889092, 106.12167526534019, 170.88328765086516, 370.53818891584757, 12.904945670973857, 69.17686597250302, 52.18884775496712, 9.206270951426816, 22.101105590545167, 112.935805569326, 142.18477871822557, 14.012469965741602, 167.47843044690467, 64.65806045562769, 70.91062883359658, 127.97017625142473, 11.029033340406304]]"
596,"[[(0, 8), (8, 14), (1, 28), (12, 22), (12, 25), (26, 6), (28, 7), (28, 9), (2, 11), (11, 4), (4, 1), (5, 8), (5, 21), (5, 25), (25, 12), (7, 16), (10, 24), (19, 9), (19, 29), (9, 8)]]","[[57.73872483146348, 74.01495474228389, 748.0872849397404, 80.92956624706936, 151.21771357501348, 179.19432293677065, 536.1162343964563, 5.805528933330221, 67.56237637811498, 53.82581178127149, 10.460379932207012, 34.34209653807412, 112.0724154564968, 191.8955288614705, 14.926326512530649, 155.22730655227744, 49.526932772571115, 97.81218638535655, 147.08279106356093, 28.733238634963673]]"
597,"[[(0, 8), (8, 14), (1, 28), (12, 22), (12, 25), (26, 6), (28, 7), (28, 9), (2, 11), (11, 4), (4, 1), (5, 8), (5, 21), (5, 25), (25, 12), (7, 16), (10, 24), (19, 9), (19, 29), (9, 8)]]","[[52.35552043458789, 106.82282138866547, 430.9139929452357, 88.74261601560602, 151.71545737736187, 181.64472850643523, 426.1403207441918, 13.844079675232738, 66.74881867502114, 52.45802798966019, 31.29985529131455, 9.43725790742059, 112.78455517691741, 295.18899375795326, 17.89540976459231, 315.58381791618547, 74.33896296077594, 13.25919156015494, 143.01564348359113, 8.34387378594666]]"
598,"[[(0, 8), (8, 14), (1, 28), (12, 22), (12, 25), (26, 6), (28, 7), (28, 9), (2, 11), (11, 4), (4, 1), (5, 8), (5, 21), (5, 25), (25, 12), (7, 16), (10, 24), (19, 9), (19, 29), (9, 8)]]","[[75.96336789099985, 142.61963177371865, 471.5421495118816, 85.3102225857227, 75.7241611253475, 177.4285559209355, 258.4449808172786, 5.035612479776085, 59.06998825845797, 53.425193732534126, 9.110888161541585, 27.022483784205715, 112.76819004276271, 117.58179759987799, 22.0199788872038, 112.4997110930534, 25.83843203387888, 60.78391043167616, 183.4833450187515, 16.703775048260038]]"
599,"[[(0, 8), (8, 14), (1, 28), (12, 22), (12, 25), (26, 6), (28, 7), (28, 9), (2, 11), (11, 4), (4, 1), (5, 8), (5, 21), (5, 25), (25, 12), (7, 16), (10, 24), (19, 9), (19, 29), (9, 8)]]","[[28.40791593160971, 166.79159254125003, 389.02365485260236, 90.97478347213246, 82.78250073026322, 154.37618776326292, 374.0312460836046, 3.353178712822885, 75.07787008887172, 52.15440418833033, 25.98576477394698, 28.475854215339712, 111.43015455492798, 304.7353251299374, 19.21749623975849, 155.24888123947147, 39.889061400846145, 50.68646857650103, 80.36378182052542, 10.942177851907466]]"
600,"[[(0, 8), (8, 14), (1, 28), (12, 22), (12, 25), (26, 6), (28, 7), (28, 9), (2, 11), (11, 4), (4, 1), (5, 8), (5, 21), (5, 25), (25, 12), (7, 16), (10, 24), (19, 9), (19, 29), (9, 8)]]","[[30.730737675890587, 97.15219315357379, 344.46529764513485, 75.06809409103896, 146.50643503934117, 152.89433378959228, 53.39728751363518, 8.419188230427668, 27.862534501958578, 52.15038327103649, 24.28433668277615, 33.81302385843111, 111.87512325633327, 218.23111238949645, 17.675146227936047, 246.668230295973, 56.395224680006216, 10.205839627043751, 166.63861633356856, 14.932897274935524]]"
601,"[[(0, 8), (8, 14), (1, 28), (12, 22), (12, 25), (26, 6), (28, 7), (28, 9), (2, 11), (11, 4), (4, 1), (5, 8), (5, 21), (5, 25), (25, 12), (7, 16), (10, 24), (19, 9), (19, 29), (9, 8)]]","[[60.07300320012893, 17.329471966615813, 596.0961921426257, 77.53760464752943, 67.71075445367069, 164.63370639611338, 182.23432044246218, 4.518378291495575, 54.219527621309, 53.47844799559689, 26.671989308856215, 16.74032576101887, 111.33573115455893, 324.53782247828394, 25.54446296563232, 178.22525617563545, 30.309905688087678, 114.18019694000016, 263.38644469675876, 24.09163072966294]]"
602,"[[(0, 8), (8, 14), (1, 28), (12, 22), (12, 25), (26, 6), (28, 7), (28, 9), (2, 11), (11, 4), (4, 1), (5, 8), (5, 21), (5, 25), (25, 12), (7, 16), (10, 24), (19, 9), (19, 29), (9, 8)]]","[[35.50560609703563, 86.66838271716227, 330.67054233806334, 93.79769314283064, 145.82548788975268, 162.67462091221537, 227.57427633513777, 3.3474252861041216, 53.92798116522375, 52.84343593958304, 18.803607567400896, 28.51534322877599, 112.5323033280351, 170.6785020666637, 19.972160369115294, 224.14949059529877, 38.15624938465082, 64.17904656583849, 172.19273877017184, 11.125681299921915]]"
603,"[[(0, 8), (8, 14), (1, 28), (12, 22), (12, 25), (26, 6), (28, 7), (28, 9), (2, 11), (11, 4), (4, 1), (5, 8), (5, 21), (5, 25), (25, 12), (7, 16), (10, 24), (19, 9), (19, 29), (9, 8)]]","[[73.19753069864257, 87.25805319348234, 255.4108897534465, 91.8176376589826, 72.52582828639282, 180.6943196047642, 355.3775980304069, 13.000904339310745, 73.16081025408265, 52.87220032597525, 14.675484958455446, 16.193948110217807, 111.71730045481124, 300.64008575349374, 23.395764559369006, 179.75109201048218, 45.828745939553585, 38.24712795373431, 180.00438553411863, 17.59966223704199]]"
604,"[[(0, 8), (8, 14), (1, 28), (12, 22), (12, 25), (26, 6), (28, 7), (28, 9), (2, 11), (11, 4), (4, 1), (5, 8), (5, 21), (5, 25), (25, 12), (7, 16), (10, 24), (19, 9), (19, 29), (9, 8)]]","[[93.8659043616995, 128.20307613636362, 799.4761749891236, 92.93652153318389, 108.10501964175923, 155.22668448404164, 379.1824768109858, 15.059971222765197, 45.0617016482276, 53.899023884377286, 5.681780994840922, 27.874036870640243, 112.94418458267916, 127.39647848955025, 21.84999539036143, 66.11853932123867, 42.49503518478117, 17.886681134234905, 177.06010937613024, 31.27799341299554]]"
605,"[[(0, 8), (8, 14), (1, 28), (12, 22), (12, 25), (26, 6), (28, 7), (28, 9), (2, 11), (11, 4), (4, 1), (5, 8), (5, 21), (5, 25), (25, 12), (7, 16), (10, 24), (19, 9), (19, 29), (9, 8)]]","[[89.63746745245336, 41.5026073969144, 611.2973400087981, 93.3820146076554, 157.4978853140285, 174.0565957937052, 298.00157592281363, 5.323364547874274, 64.0822757224341, 53.78560973696001, 24.61398910268055, 5.944727586749265, 112.70348041771064, 264.7787136873309, 10.46537784573437, 312.40332357425024, 47.625651318257766, 33.852488387884904, 179.75812977668696, 4.509694638901163]]"
606,"[[(0, 8), (8, 14), (1, 28), (12, 22), (12, 25), (26, 6), (28, 7), (28, 9), (2, 11), (11, 4), (4, 1), (5, 8), (5, 21), (5, 25), (25, 12), (7, 16), (10, 24), (19, 9), (19, 29), (9, 8)]]","[[33.21542771648032, 151.30843828663836, 227.5609507278704, 88.53604405786575, 113.19418216837387, 181.94432658855956, 61.32865692576297, 10.140342971507328, 69.26512035270537, 52.11642112627529, 23.002927733458936, 19.550137854945035, 112.99589553955624, 273.3271701937327, 21.73269989229144, 11.637785293851923, 46.52494513966711, 25.295146767405754, 103.18144248488169, 4.64966402379136]]"
607,"[[(0, 8), (8, 14), (1, 28), (12, 22), (12, 25), (26, 6), (28, 7), (28, 9), (2, 11), (11, 4), (4, 1), (5, 8), (5, 21), (5, 25), (25, 12), (7, 16), (10, 24), (19, 9), (19, 29), (9, 8)]]","[[66.6747280370779, 46.83948771562988, 410.6107418929588, 90.08205355125885, 113.54502308220766, 159.03039488731443, 52.0392321899536, 5.866624548226328, 68.42976271354317, 52.39484133117465, 18.649241226862443, 26.952917238329047, 111.945464085363, 206.02964402744084, 11.21703552640337, 166.09550811931936, 52.052349931956144, 88.22829826960901, 234.4352044455166, 15.761807013227177]]"
608,"[[(0, 8), (8, 14), (1, 28), (12, 22), (12, 25), (26, 6), (28, 7), (28, 9), (2, 11), (11, 4), (4, 1), (5, 8), (5, 21), (5, 25), (25, 12), (7, 16), (10, 24), (19, 9), (19, 29), (9, 8)]]","[[62.14430623048834, 36.15393850201547, 335.49249468472897, 83.12947076721433, 103.52661165553205, 180.95628926527593, 225.90506582590896, 12.578235261945187, 69.55246475492157, 53.25052810471235, 29.4494244260911, 10.741800987685325, 112.44445226485868, 157.6488005762683, 19.458865690201115, 276.4785063123328, 66.94829574864528, 71.8044101788723, 172.17672512962127, 13.378931871281264]]"
609,"[[(0, 8), (8, 14), (1, 28), (12, 22), (12, 25), (26, 6), (28, 7), (28, 9), (2, 11), (11, 4), (4, 1), (5, 8), (5, 21), (5, 25), (25, 12), (7, 16), (10, 24), (19, 9), (19, 29), (9, 8)]]","[[34.77964544698263, 179.05949385890412, 375.2742197501975, 78.3465828356911, 84.63579732776262, 153.39185760037162, 494.7668775185725, 12.629530647604104, 51.149857121874575, 52.030771925101, 31.193751038502345, 27.90315511502244, 112.91546077669632, 120.00756766586406, 18.8291113879549, 48.63792507310046, 75.77422520145142, 119.74416042014609, 106.73946726520077, 29.590527623480366]]"
610,"[[(0, 8), (8, 14), (1, 28), (12, 22), (12, 25), (26, 6), (28, 7), (28, 9), (2, 11), (11, 4), (4, 1), (5, 8), (5, 21), (5, 25), (25, 12), (7, 16), (10, 24), (19, 9), (19, 29), (9, 8)]]","[[67.1822239213054, 149.97533167112607, 656.9090709762982, 73.26571442664552, 40.58646244316659, 171.18692282120315, 567.307369561734, 7.474036237173614, 65.92975117946392, 53.16404947606339, 25.173649394231305, 11.692715475606207, 112.16894082114648, 216.3818534055343, 10.247371504840745, 38.4722873417989, 32.018701554531624, 18.551401055244625, 110.71281457476769, 6.121295015584753]]"
611,"[[(0, 8), (8, 14), (1, 28), (12, 22), (12, 25), (26, 6), (28, 7), (28, 9), (2, 11), (11, 4), (4, 1), (5, 8), (5, 21), (5, 25), (25, 12), (7, 16), (10, 24), (19, 9), (19, 29), (9, 8)]]","[[44.436997311373304, 30.415783404530533, 249.18009539558474, 90.69302498918375, 149.0471073213853, 168.62478807263122, 484.8581401189421, 7.21022499042334, 47.371288827572904, 53.34287460560579, 29.784966465276153, 13.587575907790686, 112.74318150648712, 155.57239417660426, 19.063039560287542, 49.48410142813689, 54.24379775475662, 9.755855144572612, 64.42980455881818, 13.360588558501178]]"
612,"[[(0, 8), (8, 14), (1, 28), (12, 22), (12, 25), (26, 6), (28, 7), (28, 9), (2, 11), (11, 4), (4, 1), (5, 8), (5, 21), (5, 25), (25, 12), (7, 16), (10, 24), (19, 9), (19, 29), (9, 8)]]","[[91.3353007390423, 91.73294797649513, 341.4959616021974, 78.31076968210161, 114.45791230263097, 162.5268929545555, 481.4165936865415, 12.808779104626739, 65.92794652312199, 52.57137342512712, 11.942439181800319, 12.33806401251118, 112.13552541669776, 139.19248704591382, 12.88715925636637, 318.0985044572021, 41.361228600067534, 101.62315036747317, 88.87300263431975, 13.599947887603545]]"
613,"[[(0, 8), (8, 14), (1, 28), (12, 22), (12, 25), (26, 6), (28, 7), (28, 9), (2, 11), (11, 4), (4, 1), (5, 8), (5, 21), (5, 25), (25, 12), (7, 16), (10, 24), (19, 9), (19, 29), (9, 8)]]","[[51.87659437778842, 47.13679545861717, 431.06598864313855, 79.53268634393592, 118.72832011725653, 157.69744704848497, 219.391707174519, 14.58131610550043, 62.88949916762303, 52.26753763821389, 15.800136783633363, 20.495495265477583, 112.32787412674261, 267.5864095158526, 11.179438085102289, 46.29087936929773, 44.47453214960909, 65.0201975705321, 231.044111805844, 29.325047198460943]]"
614,"[[(0, 8), (8, 14), (1, 28), (12, 22), (12, 25), (26, 6), (28, 7), (28, 9), (2, 11), (11, 4), (4, 1), (5, 8), (5, 21), (5, 25), (25, 12), (7, 16), (10, 24), (19, 9), (19, 29), (9, 8)]]","[[56.499811573611915, 62.2037411809468, 435.62897771388884, 72.42779356138091, 127.87542615862745, 161.10529275994153, 561.5043301535696, 9.519486280884392, 49.79909084717385, 52.467982193827126, 10.85110236002315, 17.029705890256384, 112.7031324342705, 127.23043530302088, 13.364707211741715, 249.97273710895715, 71.41602640587992, 83.6227992403702, 78.5773886195521, 19.616575885752898]]"
615,"[[(0, 8), (8, 14), (1, 28), (12, 22), (12, 25), (26, 6), (28, 7), (28, 9), (2, 11), (11, 4), (4, 1), (5, 8), (5, 21), (5, 25), (25, 12), (7, 16), (10, 24), (19, 9), (19, 29), (9, 8)]]","[[64.7008613755262, 46.05395739861105, 365.2049342257322, 75.99007307844158, 64.67668176365197, 173.84085178630443, 180.90014202698973, 13.226356740797103, 35.81312793045299, 53.95048542069434, 14.974623002306082, 4.720190180571802, 111.23260145550273, 154.72755658274897, 12.454987100365697, 73.61811724030774, 47.64025235233039, 103.62071001537379, 170.20486795117924, 31.99629081153853]]"
616,"[[(0, 8), (8, 14), (1, 28), (12, 22), (12, 25), (26, 6), (28, 7), (28, 9), (2, 11), (11, 4), (4, 1), (5, 8), (5, 21), (5, 25), (25, 12), (7, 16), (10, 24), (19, 9), (19, 29), (9, 8)]]","[[66.98311783583046, 139.94407911124108, 735.845924126877, 73.48246456053137, 71.97317197436796, 180.28162523293304, 179.0424246366469, 15.012224415076327, 51.53050833337269, 53.89498752031273, 21.269877982006573, 14.82647649894731, 112.88539036737127, 163.28835615423668, 16.589471988381398, 137.82272608676953, 56.33165020473197, 100.76638398445279, 63.93506788848723, 19.598882855673462]]"
617,"[[(0, 8), (8, 14), (1, 28), (12, 22), (12, 25), (26, 6), (28, 7), (28, 9), (2, 11), (11, 4), (4, 1), (5, 8), (5, 21), (5, 25), (25, 12), (7, 16), (10, 24), (19, 9), (19, 29), (9, 8)]]","[[75.90740133337604, 154.17068016338345, 385.6104683567869, 86.57624258245265, 140.85380869832176, 173.38070219175148, 302.7314054898598, 9.486979243685058, 83.81111462571747, 53.00371855007282, 31.494049480285277, 17.846207387346148, 111.47117177736918, 100.73728312864945, 23.45635758241287, 246.61621784393301, 80.48729947246593, 51.46006113950615, 251.7954499770221, 2.7151085612158354]]"
618,"[[(0, 8), (8, 14), (1, 28), (12, 22), (12, 25), (26, 6), (28, 7), (28, 9), (2, 11), (11, 4), (4, 1), (5, 8), (5, 21), (5, 25), (25, 12), (7, 16), (10, 24), (19, 9), (19, 29), (9, 8)]]","[[73.35836938466836, 85.6034727257164, 549.9447923549963, 77.00504746202058, 40.261004941891194, 176.05916148895673, 68.23807242423277, 11.3366783641417, 37.634607043339294, 53.692206789259345, 6.049093351240133, 7.553868062752004, 112.77502643173375, 222.01330419350916, 20.25427753032401, 252.51035668604376, 47.756183927667884, 46.17146779416282, 103.41873049617229, 19.50865396511968]]"
619,"[[(0, 8), (8, 14), (1, 28), (12, 22), (12, 25), (26, 6), (28, 7), (28, 9), (2, 11), (11, 4), (4, 1), (5, 8), (5, 21), (5, 25), (25, 12), (7, 16), (10, 24), (19, 9), (19, 29), (9, 8)]]","[[39.54344476586687, 33.88334167477672, 678.5200863624881, 88.88185599743967, 165.9340481634895, 180.22767514781614, 303.70379897513266, 5.694550896792972, 78.53456984608997, 52.852823816832185, 13.308538618973419, 27.478617153752847, 112.37485496934012, 305.02667726298523, 12.937187535107277, 300.68046708291297, 81.89551585407142, 83.55807142208654, 143.08913184346662, 18.172981238087]]"
620,"[[(0, 8), (8, 14), (1, 28), (12, 22), (12, 25), (26, 6), (28, 7), (28, 9), (2, 11), (11, 4), (4, 1), (5, 8), (5, 21), (5, 25), (25, 12), (7, 16), (10, 24), (19, 9), (19, 29), (9, 8)]]","[[30.40993281927406, 141.70006772071662, 692.9977428047869, 79.32967241166804, 74.14564886899745, 167.96625627712143, 135.60946296234567, 5.00159605162049, 79.42233244858679, 53.40156751187372, 17.506080554078444, 6.465266767659211, 112.81876778310634, 330.58563913349326, 20.119206083904913, 301.9078802280693, 38.50539152832623, 41.19188825742458, 64.54369866478855, 26.923180609646803]]"
621,"[[(0, 8), (8, 14), (1, 28), (12, 22), (12, 25), (26, 6), (28, 7), (28, 9), (2, 11), (11, 4), (4, 1), (5, 8), (5, 21), (5, 25), (25, 12), (7, 16), (10, 24), (19, 9), (19, 29), (9, 8)]]","[[44.449385341020076, 67.19992978263545, 407.4544009068671, 77.52914763178444, 40.37783498419598, 167.25780301208894, 272.8337692283761, 10.722041887935088, 45.01279697728978, 53.53793154937863, 11.71933793253767, 5.9451029832133315, 112.17739861649065, 259.5239497060006, 18.953552741113654, 75.30400740830629, 80.7891418008168, 87.8314296963196, 179.0973859203948, 11.2111496582963]]"
622,"[[(0, 8), (8, 14), (1, 28), (12, 22), (12, 25), (26, 6), (28, 7), (28, 9), (2, 11), (11, 4), (4, 1), (5, 8), (5, 21), (5, 25), (25, 12), (7, 16), (10, 24), (19, 9), (19, 29), (9, 8)]]","[[68.55085209849526, 62.41966661013432, 780.3288558905416, 76.08945729009805, 96.62101451872675, 168.86379790676648, 557.6929212021689, 3.9907783779383, 22.114618627070392, 53.58417214848495, 28.272838104483007, 5.778757746823606, 112.09143174603139, 170.11530660806272, 22.47864813336469, 13.121034036143534, 83.8548131311181, 80.68700592136233, 145.28315850410343, 16.912545779192747]]"
623,"[[(0, 8), (8, 14), (1, 28), (12, 22), (12, 25), (26, 6), (28, 7), (28, 9), (2, 11), (11, 4), (4, 1), (5, 8), (5, 21), (5, 25), (25, 12), (7, 16), (10, 24), (19, 9), (19, 29), (9, 8)]]","[[90.89518085098149, 57.473214803980646, 475.8985175924926, 92.92947455933825, 79.18842648399053, 170.7938458930405, 576.2021970592463, 9.073511274405279, 65.35696216084662, 53.58288728639795, 27.627731228707123, 34.16832094561758, 112.06811683847558, 304.17916184866704, 23.02667544629762, 312.2152513280316, 69.84366406007197, 58.33153064227389, 219.8216899574323, 2.748175350785665]]"
624,"[[(0, 8), (8, 14), (1, 28), (12, 22), (12, 25), (26, 6), (28, 7), (28, 9), (2, 11), (11, 4), (4, 1), (5, 8), (5, 21), (5, 25), (25, 12), (7, 16), (10, 24), (19, 9), (19, 29), (9, 8)]]","[[35.657345441712025, 175.82571132809173, 783.8273117247031, 81.10837656092023, 108.80526970092313, 166.70660617657796, 441.5372793801014, 8.094862609934527, 68.98157849199757, 53.86189692504705, 6.155776126519264, 9.67516201561478, 112.8377410419026, 282.32966994491653, 10.947164412151833, 114.50245781074678, 55.45038314649075, 63.19282296890531, 228.70747103044607, 29.363120750513065]]"
625,"[[(0, 8), (8, 14), (1, 28), (12, 22), (12, 25), (26, 6), (28, 7), (28, 9), (2, 11), (11, 4), (4, 1), (5, 8), (5, 21), (5, 25), (25, 12), (7, 16), (10, 24), (19, 9), (19, 29), (9, 8)]]","[[60.61085862273104, 152.89084265673122, 476.3233201962631, 90.91397170218343, 161.04550629826198, 160.7467062239163, 88.99216377423193, 10.235931522518507, 61.045537008131944, 52.90602599929742, 16.296183715867087, 27.917451132461863, 111.1273853889459, 204.07723026547876, 20.40364039130761, 33.657186677342395, 81.26900779289114, 92.02955192543527, 135.06280476094918, 23.43615825208981]]"
626,"[[(0, 8), (8, 14), (1, 28), (12, 22), (12, 25), (26, 6), (28, 7), (28, 9), (2, 11), (11, 4), (4, 1), (5, 8), (5, 21), (5, 25), (25, 12), (7, 16), (10, 24), (19, 9), (19, 29), (9, 8)]]","[[79.66316244247324, 180.41908899522713, 474.269510468392, 89.33293065107232, 134.45888256924013, 173.3865230478996, 112.66163947376147, 13.52099187534338, 71.67951895771589, 53.81717422226419, 31.87957880842339, 6.837761786518193, 112.89579012120578, 130.48686537836625, 18.196866220365212, 84.15088294320553, 45.76225012008527, 66.79691097003393, 179.98061962415014, 14.22360108479062]]"
627,"[[(0, 8), (8, 14), (1, 28), (12, 22), (12, 25), (26, 6), (28, 7), (28, 9), (2, 11), (11, 4), (4, 1), (5, 8), (5, 21), (5, 25), (25, 12), (7, 16), (10, 24), (19, 9), (19, 29), (9, 8)]]","[[92.26450321204175, 153.59486352473596, 633.1926702332227, 81.67630545854085, 105.75948655334811, 168.02978164101194, 103.34075863759455, 3.685529389193328, 67.65946915972492, 52.41059607840636, 21.282911682495264, 25.739648286332155, 112.97661903162759, 311.27489137515215, 23.538912954990003, 57.110165766680055, 78.61301501670154, 106.30953773121792, 60.76191613404966, 6.098502993439261]]"
628,"[[(0, 8), (8, 14), (1, 28), (12, 22), (12, 25), (26, 6), (28, 7), (28, 9), (2, 11), (11, 4), (4, 1), (5, 8), (5, 21), (5, 25), (25, 12), (7, 16), (10, 24), (19, 9), (19, 29), (9, 8)]]","[[60.358008874483986, 157.69766432636945, 699.6845206254079, 80.32971393314243, 162.22127533257313, 178.36050424237396, 126.98618473278192, 15.408429180058663, 33.721996722736655, 53.87180558899256, 6.5917437882375225, 28.008717929262932, 111.3809358794874, 122.94067059289264, 14.296544821226384, 29.52877586559786, 47.417980773864144, 107.59233647945177, 153.01750980832225, 17.886734108964983]]"
629,"[[(0, 8), (8, 14), (1, 28), (12, 22), (12, 25), (26, 6), (28, 7), (28, 9), (2, 11), (11, 4), (4, 1), (5, 8), (5, 21), (5, 25), (25, 12), (7, 16), (10, 24), (19, 9), (19, 29), (9, 8)]]","[[72.94135728444168, 86.4913401450712, 678.3852878950868, 76.40812260824065, 148.0453191582012, 164.63064078786851, 250.88487644451828, 12.267097512782904, 75.4243928943731, 53.05556121230781, 27.916251375582213, 21.268494418798653, 111.07680702747511, 312.5178349247705, 18.724029812212407, 319.3778214183782, 73.6164813945727, 113.04891138933897, 176.36295309758282, 21.314777039668137]]"
630,"[[(0, 8), (8, 14), (1, 28), (12, 22), (12, 25), (26, 6), (28, 7), (28, 9), (2, 11), (11, 4), (4, 1), (5, 8), (5, 21), (5, 25), (25, 12), (7, 16), (10, 24), (19, 9), (19, 29), (9, 8)]]","[[72.06830689250216, 54.56957651428776, 200.03121167223702, 88.33510108164634, 143.14802934874047, 165.67070041167264, 53.60174785819015, 11.479913949825367, 47.23974231702654, 53.31940709467988, 31.62063436151702, 15.62740830014508, 111.94834604477934, 315.68186559198716, 22.111080760376694, 303.178406078998, 43.58469661029727, 61.936604663024355, 149.90569556765408, 24.91819467143748]]"
631,"[[(0, 8), (8, 14), (1, 28), (12, 22), (12, 25), (26, 6), (28, 7), (28, 9), (2, 11), (11, 4), (4, 1), (5, 8), (5, 21), (5, 25), (25, 12), (7, 16), (10, 24), (19, 9), (19, 29), (9, 8)]]","[[69.42293972468559, 176.62364018965013, 202.36983174830888, 87.49175605132723, 40.17525724550736, 169.99693990772317, 544.9773294246369, 4.89534360467997, 44.977835260709796, 53.256754874718, 13.849669938690424, 21.887050692028836, 112.46509077233512, 327.0110214120633, 17.993479664382086, 52.99466049434166, 49.31188695439339, 89.13177265614347, 256.5810898552288, 12.117157109870774]]"
632,"[[(0, 8), (8, 14), (1, 28), (12, 22), (12, 25), (26, 6), (28, 7), (28, 9), (2, 11), (11, 4), (4, 1), (5, 8), (5, 21), (5, 25), (25, 12), (7, 16), (10, 24), (19, 9), (19, 29), (9, 8)]]","[[34.70399547099758, 121.13100277974472, 284.2795729336738, 82.59363611650237, 143.82551932359996, 160.57642929024647, 327.4404516765103, 13.820487384605247, 46.851529808395995, 53.72171399495849, 23.407186737551505, 20.368911955512246, 111.77370517844919, 220.15355710973998, 18.466493541549642, 126.32601108633106, 61.60002045068531, 110.83780844373123, 196.93908075334923, 3.8396360701153966]]"
633,"[[(0, 8), (8, 14), (1, 28), (12, 22), (12, 25), (26, 6), (28, 7), (28, 9), (2, 11), (11, 4), (4, 1), (5, 8), (5, 21), (5, 25), (25, 12), (7, 16), (10, 24), (19, 9), (19, 29), (9, 8)]]","[[43.47295504398339, 74.6919337180453, 445.94655614900125, 89.99524734241263, 166.23593801043995, 169.7713746979073, 399.2194595940538, 11.418507142333205, 78.94964877879511, 53.36288530319926, 23.85149707950078, 0.4477710572801832, 112.9990580472829, 165.83639321350356, 21.296148774341425, 51.47319243263483, 83.32323005174304, 67.53071808559537, 62.26838014066708, 23.499973787147443]]"
634,"[[(0, 8), (8, 14), (1, 28), (12, 22), (12, 25), (26, 6), (28, 7), (28, 9), (2, 11), (11, 4), (4, 1), (5, 8), (5, 21), (5, 25), (25, 12), (7, 16), (10, 24), (19, 9), (19, 29), (9, 8)]]","[[49.31048990943816, 169.047732402103, 591.918287809176, 91.35821940872046, 112.59210227770659, 158.1062091728788, 492.65933413951825, 12.14917903721911, 56.53852359689001, 53.46633892019764, 11.70377703839802, 9.819520967722088, 112.66500624166564, 311.79747611739685, 22.306562231687522, 102.7528234282213, 44.970149657761255, 90.08687695664284, 249.23895239004585, 2.4965863144916334]]"
635,"[[(0, 8), (8, 14), (1, 28), (12, 22), (12, 25), (26, 6), (28, 7), (28, 9), (2, 11), (11, 4), (4, 1), (5, 8), (5, 21), (5, 25), (25, 12), (7, 16), (10, 24), (19, 9), (19, 29), (9, 8)]]","[[81.57647901825018, 78.48429909466674, 319.94871833004186, 85.15410759308557, 113.20301090887025, 166.30867574622263, 398.5004897047245, 5.859981269205268, 66.71307765958062, 53.16957505236879, 14.327989969293794, 19.693294574216935, 112.68800647996059, 277.19472264488445, 19.81365153671001, 50.901700537339586, 75.38372578430173, 56.69476553869511, 179.4594338250759, 19.640918339977645]]"
636,"[[(0, 8), (8, 14), (1, 28), (12, 22), (12, 25), (26, 6), (28, 7), (28, 9), (2, 11), (11, 4), (4, 1), (5, 8), (5, 21), (5, 25), (25, 12), (7, 16), (10, 24), (19, 9), (19, 29), (9, 8)]]","[[53.05146991972199, 52.87549728068544, 496.6080077448125, 73.78197426251839, 109.6378257303767, 170.7373159771427, 229.06055554032307, 13.118663150522657, 67.07871420384137, 53.90399068612472, 6.801317383580057, 17.016492895893066, 112.00854247657372, 262.83008852639296, 12.338167200695931, 20.682245781596, 57.723483974878235, 42.66448413179459, 151.84419106282468, 19.9792892019378]]"
637,"[[(0, 8), (8, 14), (1, 28), (12, 22), (12, 25), (26, 6), (28, 7), (28, 9), (2, 11), (11, 4), (4, 1), (5, 8), (5, 21), (5, 25), (25, 12), (7, 16), (10, 24), (19, 9), (19, 29), (9, 8)]]","[[79.46688372224195, 151.01233722021098, 560.6701910405459, 76.38601652705755, 145.30445534015877, 169.1166953059958, 90.23113491999597, 3.435581329940871, 84.12862032634257, 53.9471746708957, 28.85006714513493, 22.915888553822825, 112.8234520448406, 162.7494180907081, 23.428424502184363, 310.1883224765959, 54.8736037948287, 33.70059912544088, 164.29831152530306, 5.533839317419485]]"
638,"[[(0, 8), (8, 14), (1, 28), (12, 22), (12, 25), (26, 6), (28, 7), (28, 9), (2, 11), (11, 4), (4, 1), (5, 8), (5, 21), (5, 25), (25, 12), (7, 16), (10, 24), (19, 9), (19, 29), (9, 8)]]","[[85.3660374778942, 65.15284342183422, 788.3182997140641, 84.58539758179231, 113.93957571823852, 155.65560284086433, 250.1880736332151, 15.814728535381441, 35.9066002533676, 53.91592429710274, 6.329689023274231, 30.0588765081451, 112.05024665037011, 154.93461677294994, 23.00452399649572, 53.16307674466709, 74.67082954542667, 58.550984934010785, 243.3939162632267, 9.51886866327862]]"
639,"[[(0, 8), (8, 14), (1, 28), (12, 22), (12, 25), (26, 6), (28, 7), (28, 9), (2, 11), (11, 4), (4, 1), (5, 8), (5, 21), (5, 25), (25, 12), (7, 16), (10, 24), (19, 9), (19, 29), (9, 8)]]","[[63.801352362914066, 60.48467591518179, 472.4312628881041, 87.60097485599366, 97.94847685367833, 168.82602275613573, 538.842297696759, 9.417158163907423, 32.31203655075111, 52.958859122043926, 23.843087165311957, 17.136285230243203, 112.27227439227566, 113.61400256155557, 10.821728173202212, 68.17358954396443, 45.2887481167469, 67.82641805795393, 133.7624693505135, 5.587471500205655]]"
640,"[[(0, 8), (8, 14), (1, 28), (12, 22), (12, 25), (26, 6), (28, 7), (28, 9), (2, 11), (11, 4), (4, 1), (5, 8), (5, 21), (5, 25), (25, 12), (7, 16), (10, 24), (19, 9), (19, 29), (9, 8)]]","[[49.08191509808803, 122.87568302217962, 309.4323980446944, 73.91555585772318, 33.58154465939556, 170.3755525126287, 552.1949779663745, 9.183145021012376, 61.85683536838513, 52.16746121054215, 22.780418385002392, 8.870957548676445, 112.82143664767435, 333.758384079929, 23.33238329319778, 14.840478070432024, 63.1809735656142, 113.7703944834592, 150.16058387654223, 10.115132837662738]]"
641,"[[(0, 8), (8, 14), (1, 28), (12, 22), (12, 25), (26, 6), (28, 7), (28, 9), (2, 11), (11, 4), (4, 1), (5, 8), (5, 21), (5, 25), (25, 12), (7, 16), (10, 24), (19, 9), (19, 29), (9, 8)]]","[[55.0295488835269, 129.4744888592009, 446.3462864436335, 77.80246209132231, 102.49546457845851, 180.0759891225696, 424.8388310270398, 9.338430366860454, 56.88062138160361, 52.20803663481742, 13.590261338499783, 8.779726251195381, 112.24180755554798, 234.97340489322528, 13.917886780267422, 37.41809540175279, 26.538282166415758, 101.02439073812234, 219.26181634710764, 9.531502361558474]]"
642,"[[(0, 8), (8, 14), (1, 28), (12, 22), (12, 25), (26, 6), (28, 7), (28, 9), (2, 11), (11, 4), (4, 1), (5, 8), (5, 21), (5, 25), (25, 12), (7, 16), (10, 24), (19, 9), (19, 29), (9, 8)]]","[[45.60638744024831, 50.55918606471021, 539.6469423387161, 92.22226556960113, 34.339746130053, 153.9233590182907, 495.72773626018915, 4.300909428690277, 62.56945698489503, 53.51250891574952, 4.63073362043377, 16.033306477914117, 112.23508566640231, 315.72903984983975, 20.3677604245553, 199.94492601491046, 56.553177832206835, 115.32177534774426, 88.3889874817563, 28.080195482403745]]"
643,"[[(0, 8), (8, 14), (1, 28), (12, 22), (12, 25), (26, 6), (28, 7), (28, 9), (2, 11), (11, 4), (4, 1), (5, 8), (5, 21), (5, 25), (25, 12), (7, 16), (10, 24), (19, 9), (19, 29), (9, 8)]]","[[75.4440200925492, 28.920194097238024, 212.01663272963927, 81.02086222666486, 163.65920682802061, 153.9298457586924, 337.4071658956061, 12.660078278107559, 51.98741235498199, 52.08839124454935, 4.989823787800413, 9.935603526732653, 112.68391245160247, 330.43991638343823, 23.479027485712507, 210.21186335848813, 62.74009965637566, 85.51727086699508, 228.13327032185407, 9.478765779802199]]"
644,"[[(0, 8), (8, 14), (1, 28), (12, 22), (12, 25), (26, 6), (28, 7), (28, 9), (2, 11), (11, 4), (4, 1), (5, 8), (5, 21), (5, 25), (25, 12), (7, 16), (10, 24), (19, 9), (19, 29), (9, 8)]]","[[29.84057638967949, 41.2819358686143, 688.6752977610827, 74.44974902759495, 76.27096046696207, 153.28482231803173, 242.90405374864838, 3.5440877010615695, 30.229521748580503, 53.09241422294792, 18.73327043795268, 6.160849715573439, 112.89319556576116, 117.28789326725749, 19.74345156265531, 247.2885793868552, 57.39434541410451, 10.102299618962887, 249.28202367347686, 11.64388027999232]]"
645,"[[(0, 8), (8, 14), (1, 28), (12, 22), (12, 25), (26, 6), (28, 7), (28, 9), (2, 11), (11, 4), (4, 1), (5, 8), (5, 21), (5, 25), (25, 12), (7, 16), (10, 24), (19, 9), (19, 29), (9, 8)]]","[[61.77644272864608, 119.87782597089114, 582.1070247607992, 75.83095128942101, 122.54091572433829, 174.55123647417767, 582.523316113175, 16.58994728138537, 41.58281561138182, 53.87387216975932, 19.73596486641034, 15.690409602867915, 112.82995455487506, 165.2931629317468, 22.518710310665483, 177.34205370380124, 25.08534689744392, 118.99208796022958, 239.37013199395295, 2.7356788941149794]]"
646,"[[(0, 8), (8, 14), (1, 28), (12, 22), (12, 25), (26, 6), (28, 7), (28, 9), (2, 11), (11, 4), (4, 1), (5, 8), (5, 21), (5, 25), (25, 12), (7, 16), (10, 24), (19, 9), (19, 29), (9, 8)]]","[[55.58078124501405, 138.7986344077175, 322.0320261431598, 78.71598089925727, 157.41705094634375, 178.34361876897998, 256.8586144112711, 10.83423945404916, 50.28306915469757, 52.34773444244311, 13.490383409430367, 32.809250251488876, 112.23347275731317, 227.1682720482515, 22.921023930528026, 179.73823665661644, 48.54682419712234, 47.59826286987308, 177.78348365558546, 5.882682847112957]]"
647,"[[(0, 8), (8, 14), (1, 28), (12, 22), (12, 25), (26, 6), (28, 7), (28, 9), (2, 11), (11, 4), (4, 1), (5, 8), (5, 21), (5, 25), (25, 12), (7, 16), (10, 24), (19, 9), (19, 29), (9, 8)]]","[[37.24699652023466, 160.97760825249338, 743.0334411895595, 74.77202400856935, 33.35264503805266, 164.28118632605464, 266.3709601758883, 4.470957277598909, 33.374062924166154, 53.444066174852495, 7.6582367674567, 13.51941556068173, 111.80251228146435, 164.32429599981907, 23.48689726524182, 294.5890588852634, 70.8965393848785, 85.71985427501438, 129.85007834820937, 1.1763089502298243]]"
648,"[[(0, 8), (8, 14), (1, 28), (12, 22), (12, 25), (26, 6), (28, 7), (28, 9), (2, 11), (11, 4), (4, 1), (5, 8), (5, 21), (5, 25), (25, 12), (7, 16), (10, 24), (19, 9), (19, 29), (9, 8)]]","[[83.41609956062975, 165.33497319620295, 762.1981709474957, 76.34250433201137, 42.786761069652584, 177.25745429113624, 36.94780815133889, 4.0448122436098615, 65.0824535641591, 53.74441665858711, 26.205396634404398, 0.6849721459929863, 111.55257001025997, 241.07558782174098, 16.357992877716747, 184.40779441350463, 44.40896801991242, 98.3858699655157, 165.56213526138515, 4.476504607024477]]"
649,"[[(0, 8), (8, 14), (1, 28), (12, 22), (12, 25), (26, 6), (28, 7), (28, 9), (2, 11), (11, 4), (4, 1), (5, 8), (5, 21), (5, 25), (25, 12), (7, 16), (10, 24), (19, 9), (19, 29), (9, 8)]]","[[33.64436185222918, 81.13204543551845, 355.5973610677705, 80.08316314062155, 146.5442537765294, 159.45921440854914, 524.4751347444567, 10.117810022313517, 85.57100317112526, 53.54597369270899, 24.240237084049745, 12.04857797384733, 111.03331872174871, 301.3201214287473, 20.063712170206113, 156.19586928753307, 35.78869975316607, 22.809425054228214, 257.64037527387654, 20.55894943639147]]"
650,"[[(0, 8), (8, 14), (1, 28), (12, 22), (12, 25), (26, 6), (28, 7), (28, 9), (2, 11), (11, 4), (4, 1), (5, 8), (5, 21), (5, 25), (25, 12), (7, 16), (10, 24), (19, 9), (19, 29), (9, 8)]]","[[57.292019115493055, 163.65078111712154, 243.71709136365726, 75.91887609086328, 126.48716624576464, 161.64722815623375, 144.95888010551658, 9.162430607744604, 68.73142709434256, 53.541434503189016, 11.834480917690177, 26.070842736803723, 111.75848382966204, 275.78956390140183, 24.794193134199354, 167.71386577513314, 31.444654012474118, 109.32353698461749, 207.25214432719406, 21.967625261038453]]"
651,"[[(0, 8), (8, 14), (1, 28), (12, 22), (12, 25), (26, 6), (28, 7), (28, 9), (2, 11), (11, 4), (4, 1), (5, 8), (5, 21), (5, 25), (25, 12), (7, 16), (10, 24), (19, 9), (19, 29), (9, 8)]]","[[44.234086434818906, 81.54085470554477, 247.66206105194, 74.18292077365257, 163.80734695956485, 155.4471802493629, 352.93265594451555, 6.271622954786839, 43.13106342089818, 53.76857930648625, 9.523457555282993, 25.101283204890592, 112.40102404156399, 277.4758030805824, 12.547412099931032, 277.23932633135126, 76.23681064925799, 65.1358668283477, 140.16804896875328, 24.45351278771171]]"
652,"[[(0, 8), (8, 14), (1, 28), (12, 22), (12, 25), (26, 6), (28, 7), (28, 9), (2, 11), (11, 4), (4, 1), (5, 8), (5, 21), (5, 25), (25, 12), (7, 16), (10, 24), (19, 9), (19, 29), (9, 8)]]","[[62.613229726130704, 106.92442902407652, 442.7574987073503, 83.61957225391818, 124.46277297909464, 167.4148260338207, 467.4579147075667, 16.990930867885442, 70.53407978462891, 52.84471190298557, 5.650935265447145, 6.620452203153635, 112.71773549601217, 255.7262090017667, 20.813003560023866, 182.3557645755494, 80.71760908014213, 53.646853862497224, 57.95379610419605, 31.24266570217735]]"
653,"[[(0, 8), (8, 14), (1, 28), (12, 22), (12, 25), (26, 6), (28, 7), (28, 9), (2, 11), (11, 4), (4, 1), (5, 8), (5, 21), (5, 25), (25, 12), (7, 16), (10, 24), (19, 9), (19, 29), (9, 8)]]","[[75.19922683187869, 89.66168302829398, 449.79889786933177, 78.17417623954204, 121.29625149014295, 162.6073486906432, 183.3737355788575, 15.720771453277548, 49.70429988086874, 53.53450723627827, 28.408710725544708, 8.886804692826242, 111.25402439039776, 159.74718882514384, 21.782347490531166, 212.7244160875599, 34.27811361424399, 58.586933154286484, 255.60274693566046, 11.80369040228511]]"
654,"[[(0, 8), (8, 14), (1, 28), (12, 22), (12, 25), (26, 6), (28, 7), (28, 9), (2, 11), (11, 4), (4, 1), (5, 8), (5, 21), (5, 25), (25, 12), (7, 16), (10, 24), (19, 9), (19, 29), (9, 8)]]","[[62.267063064674254, 80.72702595426979, 536.6764527562564, 79.64136390861223, 135.6893667201474, 177.1521195505787, 522.2381686467387, 14.600037559854288, 85.57912782169237, 53.8538616519425, 30.837268122247217, 26.34550851456125, 112.9782389001035, 166.19908012084858, 18.59897420768179, 301.13983221536336, 41.62921514164277, 77.25555302389586, 102.06983952734305, 22.200319189933456]]"
655,"[[(0, 8), (8, 14), (1, 28), (12, 22), (12, 25), (26, 6), (28, 7), (28, 9), (2, 11), (11, 4), (4, 1), (5, 8), (5, 21), (5, 25), (25, 12), (7, 16), (10, 24), (19, 9), (19, 29), (9, 8)]]","[[49.94577201820911, 112.62657779388887, 450.6506264765319, 83.18639757314594, 39.31527705978288, 169.1313773743081, 311.73317167890826, 3.203464326234031, 23.159586135262728, 53.32454864539694, 7.772100777588603, 5.789938361511441, 111.92760884977656, 262.57959653576603, 12.532703463940438, 157.59654232670368, 79.01850931105034, 19.65234326952371, 58.25068887252346, 17.346812324235113]]"
656,"[[(0, 8), (8, 14), (1, 28), (12, 22), (12, 25), (26, 6), (28, 7), (28, 9), (2, 11), (11, 4), (4, 1), (5, 8), (5, 21), (5, 25), (25, 12), (7, 16), (10, 24), (19, 9), (19, 29), (9, 8)]]","[[87.90385141016218, 33.51339632706587, 260.52408641055194, 74.14776338656272, 130.9351694800837, 155.81637271856968, 575.9509915879134, 13.062659421691814, 27.42630326951653, 53.21811929003135, 16.114053495533014, 18.62349413071571, 112.33694271753566, 315.330704185572, 16.879584159665285, 290.1136094788413, 59.55491384523045, 35.42411225666039, 207.44445839957848, 5.97389870176206]]"
657,"[[(0, 8), (8, 14), (1, 28), (12, 22), (12, 25), (26, 6), (28, 7), (28, 9), (2, 11), (11, 4), (4, 1), (5, 8), (5, 21), (5, 25), (25, 12), (7, 16), (10, 24), (19, 9), (19, 29), (9, 8)]]","[[67.66069184033522, 104.38661804133785, 619.0904251778015, 73.09650467454797, 110.96582229616395, 169.81276380366802, 265.240908874693, 5.1430536173855135, 33.25056217813944, 52.04411108518963, 10.289472578994854, 4.074598588359498, 112.5103761589376, 227.25807197492696, 22.84731208068412, 271.172973752425, 64.0561627178861, 97.24824506596457, 94.89301776863277, 2.178193003326143]]"
658,"[[(0, 8), (8, 14), (1, 28), (12, 22), (12, 25), (26, 6), (28, 7), (28, 9), (2, 11), (11, 4), (4, 1), (5, 8), (5, 21), (5, 25), (25, 12), (7, 16), (10, 24), (19, 9), (19, 29), (9, 8)]]","[[64.34260737776341, 123.03263967614505, 423.07970315824195, 80.26493459237086, 127.91478779581603, 177.00419955113156, 141.7537190788711, 10.871158126417853, 66.70493337892452, 53.90869947628252, 24.570124731160348, 7.448381655588561, 111.0523165847489, 266.9946059726055, 16.951263040362555, 147.51578867922785, 59.39247302885328, 76.83284935491982, 256.75106256605545, 32.521147540450656]]"
659,"[[(0, 8), (8, 14), (1, 28), (12, 22), (12, 25), (26, 6), (28, 7), (28, 9), (2, 11), (11, 4), (4, 1), (5, 8), (5, 21), (5, 25), (25, 12), (7, 16), (10, 24), (19, 9), (19, 29), (9, 8)]]","[[30.826918268354802, 176.71361725248497, 207.77277255030816, 81.67805819718139, 64.77141240470057, 160.97858656380507, 565.2266824411781, 9.56108526711358, 85.95041077737119, 53.31727527816745, 25.829293305471204, 10.165668858202018, 112.69675653156403, 337.5134745396414, 13.024026510666598, 252.93746881591986, 82.81743366707829, 62.13882322161389, 125.69637684396083, 25.18109312014158]]"
660,"[[(0, 8), (8, 14), (1, 28), (12, 22), (12, 25), (26, 6), (28, 7), (28, 9), (2, 11), (11, 4), (4, 1), (5, 8), (5, 21), (5, 25), (25, 12), (7, 16), (10, 24), (19, 9), (19, 29), (9, 8)]]","[[62.43468801632503, 144.64827743533402, 279.41251007202754, 83.60765165633154, 72.83352011503825, 175.9832795868819, 80.96701110883714, 16.684136432156627, 45.00650584044387, 52.745851133217386, 14.914466886601314, 14.928603090315057, 112.21601792981181, 238.79448459197118, 22.73911046116288, 247.32333958894574, 64.53011756919241, 22.05073953061128, 81.8264166172449, 6.426182129428135]]"
661,"[[(0, 8), (8, 14), (1, 28), (12, 22), (12, 25), (26, 6), (28, 7), (28, 9), (2, 11), (11, 4), (4, 1), (5, 8), (5, 21), (5, 25), (25, 12), (7, 16), (10, 24), (19, 9), (19, 29), (9, 8)]]","[[41.18773307962549, 37.74030571003982, 688.6439245524286, 77.18853582966737, 156.34994261216693, 181.3238149847564, 198.99295147410925, 4.054673413465658, 32.209047504156494, 52.27505920319296, 29.068781424911503, 25.44834031333752, 112.39020512479735, 117.38383332691794, 10.11692023664823, 198.39588349079847, 35.85794157310497, 52.20509844839151, 163.29252651263488, 24.24295374648668]]"
662,"[[(0, 8), (8, 14), (1, 28), (12, 22), (12, 25), (26, 6), (28, 7), (28, 9), (2, 11), (11, 4), (4, 1), (5, 8), (5, 21), (5, 25), (25, 12), (7, 16), (10, 24), (19, 9), (19, 29), (9, 8)]]","[[31.95480064517318, 76.8081273413817, 540.5019168399372, 82.23839744063129, 124.58662221727165, 155.56125690545488, 197.41999338402687, 13.580828910326593, 36.37766307371619, 53.20380045657255, 9.697370470974674, 33.08157770536786, 111.25962653786183, 125.71063234590201, 18.17687269998732, 302.1090992967823, 45.47514377547479, 117.53260891248304, 62.42675537967498, 17.05125279404923]]"
663,"[[(0, 8), (8, 14), (1, 28), (12, 22), (12, 25), (26, 6), (28, 7), (28, 9), (2, 11), (11, 4), (4, 1), (5, 8), (5, 21), (5, 25), (25, 12), (7, 16), (10, 24), (19, 9), (19, 29), (9, 8)]]","[[42.99307528991251, 58.37425368491907, 361.20086445465006, 87.1507180479807, 39.08570449695248, 178.12384822692462, 316.253973714573, 5.72949381080484, 23.788827909537424, 52.11533039014265, 8.478683128853344, 3.868615718127264, 112.46721091688343, 332.3079077080603, 24.401770334934483, 59.40539377566208, 34.29931200948513, 100.16856477211797, 128.05513467532347, 12.45513706312456]]"
664,"[[(0, 8), (8, 14), (1, 28), (12, 22), (12, 25), (26, 6), (28, 7), (28, 9), (2, 11), (11, 4), (4, 1), (5, 8), (5, 21), (5, 25), (25, 12), (7, 16), (10, 24), (19, 9), (19, 29), (9, 8)]]","[[75.5488310912807, 25.049643111665006, 450.8891243631006, 76.04386182974721, 87.82250456452678, 155.7812623182493, 517.753283346186, 10.190257365357617, 46.91165530078789, 52.8704321417272, 4.5774618478646065, 30.844538604742098, 112.18743305774912, 108.2111204280751, 12.531303981281726, 34.5616318842297, 25.09803128034081, 79.00114291931263, 153.34326054090832, 22.892914402037448]]"
665,"[[(0, 8), (8, 14), (1, 28), (12, 22), (12, 25), (26, 6), (28, 7), (28, 9), (2, 11), (11, 4), (4, 1), (5, 8), (5, 21), (5, 25), (25, 12), (7, 16), (10, 24), (19, 9), (19, 29), (9, 8)]]","[[36.44392077672324, 25.546178430980746, 575.8903158438868, 82.7805025666327, 74.73704508103984, 170.89687524436133, 243.58762803049768, 7.2716358860018016, 54.660724825646476, 52.57486751488035, 15.293362513583952, 30.08227069644652, 112.29116313241177, 111.70064855964073, 15.917783461926579, 43.12076443955108, 79.39319006388548, 47.18995254074753, 178.68837908624346, 2.7693531043372204]]"
666,"[[(0, 8), (8, 14), (1, 28), (12, 22), (12, 25), (26, 6), (28, 7), (28, 9), (2, 11), (11, 4), (4, 1), (5, 8), (5, 21), (5, 25), (25, 12), (7, 16), (10, 24), (19, 9), (19, 29), (9, 8)]]","[[45.061128318006304, 34.21573570538187, 201.93266547039772, 75.3648156591648, 64.135510045339, 165.0310908890693, 237.4535065433906, 7.462209005411511, 32.87447320744273, 53.64255859279099, 18.169920659698775, 27.57660867528365, 112.84986715648843, 192.96813006293263, 25.58455503834032, 224.19463685146857, 53.29895555147151, 56.79942276025648, 204.6697389019565, 18.09107017755109]]"
667,"[[(0, 8), (8, 14), (1, 28), (12, 22), (12, 25), (26, 6), (28, 7), (28, 9), (2, 11), (11, 4), (4, 1), (5, 8), (5, 21), (5, 25), (25, 12), (7, 16), (10, 24), (19, 9), (19, 29), (9, 8)]]","[[90.3049372849477, 112.89721982457485, 727.691508097723, 72.60529459025787, 103.84028645772301, 174.5954933651327, 418.1802751673167, 12.05358261417587, 75.3098279125911, 52.57816964933915, 6.830921491301602, 27.13140658687814, 112.67053612267468, 232.5136356601253, 22.531560837844786, 196.87803844889888, 23.232969954691054, 60.65240241050943, 179.95076762325863, 29.45857109273033]]"
668,"[[(0, 8), (8, 14), (1, 28), (12, 22), (12, 25), (26, 6), (28, 7), (28, 9), (2, 11), (11, 4), (4, 1), (5, 8), (5, 21), (5, 25), (25, 12), (7, 16), (10, 24), (19, 9), (19, 29), (9, 8)]]","[[49.52540122657453, 154.83200312128045, 698.6259569968458, 73.85185689806482, 100.86772811385005, 170.24007141920055, 155.75466389883377, 7.208542238297527, 68.86766356908376, 52.31511477298016, 7.712170342946477, 19.747211141176788, 111.35492373432713, 302.3990153930419, 14.869237590495278, 69.39630639959326, 48.24333715264107, 45.92544317977463, 254.80313941577586, 32.78170243771591]]"
669,"[[(0, 8), (8, 14), (1, 28), (12, 22), (12, 25), (26, 6), (28, 7), (28, 9), (2, 11), (11, 4), (4, 1), (5, 8), (5, 21), (5, 25), (25, 12), (7, 16), (10, 24), (19, 9), (19, 29), (9, 8)]]","[[90.54753613713004, 21.546539318557166, 657.9248406972981, 75.53677452484922, 91.41984042894288, 172.66779845634233, 41.07628244818038, 6.604840070469114, 57.76508945213568, 53.58018303285688, 29.257669680583614, 29.81720638332142, 111.98424317461561, 272.6105532147475, 22.682969342379415, 51.03711026095187, 75.38928365487911, 63.58020315109449, 233.77037165202532, 6.20894809479022]]"
670,"[[(0, 8), (8, 14), (1, 28), (12, 22), (12, 25), (26, 6), (28, 7), (28, 9), (2, 11), (11, 4), (4, 1), (5, 8), (5, 21), (5, 25), (25, 12), (7, 16), (10, 24), (19, 9), (19, 29), (9, 8)]]","[[81.54782702835732, 112.44497581726694, 363.92415623944305, 73.06499359665617, 161.76760271646967, 177.49840268259166, 570.1337862974798, 5.089468172853557, 85.89526864219425, 52.31107276048662, 25.652385084705152, 31.087538364656382, 111.86947719977634, 129.69838537695833, 12.500111935224215, 46.71191457985189, 71.15316409033139, 49.2096683830449, 198.0358797612016, 10.350882244093444]]"
671,"[[(0, 8), (8, 14), (1, 28), (12, 22), (12, 25), (26, 6), (28, 7), (28, 9), (2, 11), (11, 4), (4, 1), (5, 8), (5, 21), (5, 25), (25, 12), (7, 16), (10, 24), (19, 9), (19, 29), (9, 8)]]","[[73.82030029991554, 40.57818029557974, 547.8117028640835, 73.96732553046515, 141.52063392029214, 169.23533853927518, 548.8056821639157, 3.9731625207323127, 37.28912779910438, 52.22355632836703, 23.983727933851885, 1.6096348942151306, 112.45547480910642, 185.70378166269165, 16.123225006320695, 38.07560291666145, 47.398895953334105, 113.69749972436703, 111.85485905453739, 15.493034345300696]]"
672,"[[(0, 8), (8, 14), (1, 28), (12, 22), (12, 25), (26, 6), (28, 7), (28, 9), (2, 11), (11, 4), (4, 1), (5, 8), (5, 21), (5, 25), (25, 12), (7, 16), (10, 24), (19, 9), (19, 29), (9, 8)]]","[[78.3021588616292, 146.4628491871615, 567.4808945908542, 73.31876818621187, 33.54951514704576, 152.94063518181287, 523.9822755296398, 6.808112535295508, 34.982997399023354, 52.460383376612235, 4.005103369663588, 30.257289268682257, 112.23575194888919, 93.90070497810271, 17.60755274235992, 169.90935142827465, 68.74569916019286, 9.656981452763347, 167.83912282229795, 29.960808942966917]]"
673,"[[(0, 8), (8, 14), (1, 28), (12, 22), (12, 25), (26, 6), (28, 7), (28, 9), (2, 11), (11, 4), (4, 1), (5, 8), (5, 21), (5, 25), (25, 12), (7, 16), (10, 24), (19, 9), (19, 29), (9, 8)]]","[[46.49324350522011, 79.36015493027814, 665.5924054361476, 75.91766018095379, 125.96935057816535, 164.97466345976127, 57.258826803717696, 3.5859522175141314, 58.79245366569839, 52.27938943144704, 26.756814633201753, 9.321177755218041, 111.58412162089176, 90.20942826295826, 24.134349742171068, 10.30259184880215, 54.10618054376256, 10.813998868937427, 126.7471235200869, 21.628137264697198]]"
674,"[[(0, 8), (8, 14), (1, 28), (12, 22), (12, 25), (26, 6), (28, 7), (28, 9), (2, 11), (11, 4), (4, 1), (5, 8), (5, 21), (5, 25), (25, 12), (7, 16), (10, 24), (19, 9), (19, 29), (9, 8)]]","[[49.608303099890406, 95.23732634306741, 217.99269940397116, 83.05312652494466, 145.08312913872385, 170.04431638726803, 296.970015883241, 16.606965529333394, 56.41657575115222, 53.674370099457285, 10.815126507723505, 15.525975179210624, 112.876545294331, 322.26859706153033, 19.080505500428643, 135.07026534783117, 80.07507211822377, 75.77601543894983, 168.7237059671374, 14.317050935102014]]"
675,"[[(0, 8), (8, 14), (1, 28), (12, 22), (12, 25), (26, 6), (28, 7), (28, 9), (2, 11), (11, 4), (4, 1), (5, 8), (5, 21), (5, 25), (25, 12), (7, 16), (10, 24), (19, 9), (19, 29), (9, 8)]]","[[39.633517049958336, 121.32201125278408, 373.97326962239225, 76.37671122282418, 127.95728947659772, 168.13223370053055, 499.3939807821784, 5.814938512034232, 34.76434623455756, 53.1066335101165, 5.69498871646829, 10.668389592653998, 112.67235730694503, 247.80630353316712, 18.583868559655098, 78.3229633949309, 82.62973106123458, 56.3725822147505, 99.44689064282497, 3.5421974432801697]]"
676,"[[(0, 8), (8, 14), (1, 28), (12, 22), (12, 25), (26, 6), (28, 7), (28, 9), (2, 11), (11, 4), (4, 1), (5, 8), (5, 21), (5, 25), (25, 12), (7, 16), (10, 24), (19, 9), (19, 29), (9, 8)]]","[[63.52279573351599, 121.1613336136838, 322.5642719977634, 79.15298351408133, 115.21901417121542, 180.10767676767676, 402.6759415419108, 10.343183636353501, 62.43312004437725, 52.35185253221055, 11.565728547381518, 15.532448347834329, 112.15933501532957, 156.8772732934617, 17.347459186753426, 9.705205324836628, 70.47993384474678, 19.021752975317426, 187.59939052907356, 23.702660607801345]]"
677,"[[(0, 8), (8, 14), (1, 28), (12, 22), (12, 25), (26, 6), (28, 7), (28, 9), (2, 11), (11, 4), (4, 1), (5, 8), (5, 21), (5, 25), (25, 12), (7, 16), (10, 24), (19, 9), (19, 29), (9, 8)]]","[[33.344757208425946, 36.56173047265768, 610.6492768968149, 86.97656903357145, 123.07701860079338, 171.75404524080955, 332.81621517861663, 15.994141644328087, 47.00818356173279, 52.929150489248606, 4.300854455128272, 18.718526243782122, 111.27652642616043, 173.2167081690334, 25.58043949953752, 254.78931999265717, 73.2286291907833, 44.83756288232841, 179.1994126439996, 25.899142335799162]]"
678,"[[(0, 8), (8, 14), (1, 28), (12, 22), (12, 25), (26, 6), (28, 7), (28, 9), (2, 11), (11, 4), (4, 1), (5, 8), (5, 21), (5, 25), (25, 12), (7, 16), (10, 24), (19, 9), (19, 29), (9, 8)]]","[[66.1712879860491, 103.86311341826212, 333.8189943728179, 88.06903381842497, 121.1288176953801, 174.8470022305003, 118.89414369377248, 5.052640448104557, 49.22557014630143, 52.173602035936106, 21.372292574572203, 29.355817923410246, 111.4933671134146, 231.94280284205047, 23.804950739586506, 270.4770094333491, 73.31214859388132, 76.29078685574373, 209.29942931284447, 3.0245275364822035]]"
679,"[[(0, 8), (8, 14), (1, 28), (12, 22), (12, 25), (26, 6), (28, 7), (28, 9), (2, 11), (11, 4), (4, 1), (5, 8), (5, 21), (5, 25), (25, 12), (7, 16), (10, 24), (19, 9), (19, 29), (9, 8)]]","[[39.06992637507426, 84.32034311552721, 739.1816375016042, 80.60016930254712, 129.01465435578257, 180.3410308978475, 399.5856388843615, 7.254565372930122, 61.567502310745915, 52.71356251757039, 16.18223175999072, 29.810913885312818, 112.27414312189748, 100.70325293683125, 17.208362575042123, 317.5780864959856, 37.728055831880475, 69.14195532964848, 211.5435408174707, 32.77326877071232]]"
680,"[[(0, 8), (8, 14), (1, 28), (12, 22), (12, 25), (26, 6), (28, 7), (28, 9), (2, 11), (11, 4), (4, 1), (5, 8), (5, 21), (5, 25), (25, 12), (7, 16), (10, 24), (19, 9), (19, 29), (9, 8)]]","[[68.89402906873659, 123.01309060859289, 299.5980600020386, 78.23947641922575, 52.1269770562191, 169.11612985153144, 81.37697809513325, 7.264883074352358, 42.76682727128927, 52.26876930040566, 12.85346205513011, 29.70195545920551, 111.48317312598202, 236.28050285957923, 20.497039502327556, 100.73815818928482, 29.938122756701915, 68.85914826713903, 207.94985188537257, 21.752058506184245]]"
681,"[[(0, 8), (8, 14), (1, 28), (12, 22), (12, 25), (26, 6), (28, 7), (28, 9), (2, 11), (11, 4), (4, 1), (5, 8), (5, 21), (5, 25), (25, 12), (7, 16), (10, 24), (19, 9), (19, 29), (9, 8)]]","[[34.99956180508379, 21.35218331444574, 553.6169191897707, 80.58382877775908, 41.953851090363685, 160.456316546392, 562.3377042804552, 7.382469492520859, 28.42809287017073, 52.585500268240565, 6.581167549739352, 32.86553868136591, 112.20290990618908, 137.22964741777986, 13.040620764863691, 214.45648198874946, 33.8562148610563, 104.45419955318758, 202.25215027530749, 23.335294653228516]]"
682,"[[(0, 8), (8, 14), (1, 28), (12, 22), (12, 25), (26, 6), (28, 7), (28, 9), (2, 11), (11, 4), (4, 1), (5, 8), (5, 21), (5, 25), (25, 12), (7, 16), (10, 24), (19, 9), (19, 29), (9, 8)]]","[[72.89648812059534, 110.65726358496266, 715.3319708805545, 92.70670821656313, 148.75260430595966, 160.9624343128493, 266.3927015728908, 3.430263640533904, 78.58523265683482, 53.19407624902895, 12.563831620117604, 26.000718905981852, 111.78765936764627, 180.46818994945534, 23.907678515346564, 23.450577713833226, 68.43137238748386, 50.939251378761575, 185.614316854459, 27.823463059059552]]"
683,"[[(0, 8), (8, 14), (1, 28), (12, 22), (12, 25), (26, 6), (28, 7), (28, 9), (2, 11), (11, 4), (4, 1), (5, 8), (5, 21), (5, 25), (25, 12), (7, 16), (10, 24), (19, 9), (19, 29), (9, 8)]]","[[60.67798354722557, 77.62216122609021, 548.13003815412, 77.6553861018547, 133.8893869469529, 152.88128167689848, 280.9892255250391, 11.417944261511506, 22.69862885017924, 52.43709221918787, 20.282038761488657, 25.649734155522573, 111.32513894547957, 277.7136517359412, 11.306000500276346, 265.9141405832171, 72.14405037140565, 113.96902948350689, 64.08310772399888, 17.245248174469847]]"
684,"[[(0, 8), (8, 14), (1, 28), (12, 22), (12, 25), (26, 6), (28, 7), (28, 9), (2, 11), (11, 4), (4, 1), (5, 8), (5, 21), (5, 25), (25, 12), (7, 16), (10, 24), (19, 9), (19, 29), (9, 8)]]","[[42.6797294822815, 73.0188017008175, 265.7685752116252, 79.60920480932435, 134.96508339961008, 169.80251708587753, 453.26367843121074, 13.361817332279529, 74.58291226855906, 53.18155793529905, 13.017017642460479, 22.426749576958045, 111.04028095422673, 323.9583387126838, 10.260128717726523, 75.05859272937046, 61.95941324100879, 69.12174684467797, 229.42748652466975, 20.154882842366472]]"
685,"[[(0, 8), (8, 14), (1, 28), (12, 22), (12, 25), (26, 6), (28, 7), (28, 9), (2, 11), (11, 4), (4, 1), (5, 8), (5, 21), (5, 25), (25, 12), (7, 16), (10, 24), (19, 9), (19, 29), (9, 8)]]","[[87.74080817789658, 107.02750052107737, 560.1183109593052, 86.70246185213901, 85.87126193306398, 156.9512338007138, 111.19252742827999, 8.42996627919578, 22.962162598403538, 53.30645916038671, 5.714717535722189, 12.16754597888161, 111.36637148401779, 219.9803412146084, 20.358566519263604, 286.658473161244, 79.91385768181979, 33.52651167975273, 252.2256233780925, 31.347172631055376]]"
686,"[[(0, 8), (8, 14), (1, 28), (12, 22), (12, 25), (26, 6), (28, 7), (28, 9), (2, 11), (11, 4), (4, 1), (5, 8), (5, 21), (5, 25), (25, 12), (7, 16), (10, 24), (19, 9), (19, 29), (9, 8)]]","[[52.153584474910915, 119.0184428639237, 670.2544625137864, 90.62829256979816, 57.15655707021972, 178.04206887423726, 341.4146404104577, 13.662927783439057, 76.64778274492116, 53.574794875489246, 4.008152626053786, 18.16132033516798, 111.26017956260569, 196.46198461238725, 16.820058819875, 186.19242913044474, 43.43966115902144, 71.12298250978162, 113.70972340813898, 22.915259368481415]]"
687,"[[(0, 8), (8, 14), (1, 28), (12, 22), (12, 25), (26, 6), (28, 7), (28, 9), (2, 11), (11, 4), (4, 1), (5, 8), (5, 21), (5, 25), (25, 12), (7, 16), (10, 24), (19, 9), (19, 29), (9, 8)]]","[[88.44633435576077, 18.51686681869111, 219.05457322701398, 87.22052116218778, 143.62225975684663, 174.84411092143364, 560.5068334139926, 5.3450990728834835, 27.340811472678155, 53.38287675942256, 30.70837784446657, 35.57857223837679, 111.74855056433178, 271.57104402798456, 23.868138705650782, 128.74323062236027, 46.925172186111354, 69.03642721019982, 236.56483004416447, 8.864465290977726]]"
688,"[[(0, 8), (8, 14), (1, 28), (12, 22), (12, 25), (26, 6), (28, 7), (28, 9), (2, 11), (11, 4), (4, 1), (5, 8), (5, 21), (5, 25), (25, 12), (7, 16), (10, 24), (19, 9), (19, 29), (9, 8)]]","[[85.93044647512708, 136.4684489950671, 376.40177327645085, 89.90401013545763, 35.000855961289865, 164.56297069544186, 441.69850950006247, 9.967578055284577, 84.63253215010191, 52.583384043825, 29.28680838340984, 26.47366647083656, 111.01175151276918, 167.37853385051326, 24.144790592817355, 316.14034213854677, 31.394671394688263, 91.73842997108554, 229.6045384329237, 23.655065708591458]]"
689,"[[(0, 8), (8, 14), (1, 28), (12, 22), (12, 25), (26, 6), (28, 7), (28, 9), (2, 11), (11, 4), (4, 1), (5, 8), (5, 21), (5, 25), (25, 12), (7, 16), (10, 24), (19, 9), (19, 29), (9, 8)]]","[[72.246800091067, 54.44403859340859, 303.63509266929793, 81.72684446105677, 120.86730826040639, 180.22480289280708, 529.293860634803, 8.968129733528912, 70.10649942538157, 52.971719208006974, 9.065357638677387, 6.041188799197839, 111.59885079103196, 318.6901407254343, 10.951793938799138, 36.48928552758484, 74.63795730192044, 47.80582645373809, 108.93039473390888, 10.652670806143501]]"
690,"[[(0, 8), (8, 14), (1, 28), (12, 22), (12, 25), (26, 6), (28, 7), (28, 9), (2, 11), (11, 4), (4, 1), (5, 8), (5, 21), (5, 25), (25, 12), (7, 16), (10, 24), (19, 9), (19, 29), (9, 8)]]","[[80.35272373795928, 23.700631227464772, 432.42620576370473, 78.70269555238906, 143.203012201428, 173.00448788775972, 429.5846842833151, 8.84203828061054, 64.85429217549905, 53.32755701486243, 11.892392495100362, 20.090932048576757, 111.47897701864288, 183.35579706263934, 12.503080742505224, 148.2679420995873, 50.48889736502596, 72.83538282911947, 204.63845482305783, 25.956268249359955]]"
691,"[[(0, 8), (8, 14), (1, 28), (12, 22), (12, 25), (26, 6), (28, 7), (28, 9), (2, 11), (11, 4), (4, 1), (5, 8), (5, 21), (5, 25), (25, 12), (7, 16), (10, 24), (19, 9), (19, 29), (9, 8)]]","[[30.022979074500803, 106.54294259390042, 662.024083899578, 87.09046759384394, 144.41897287816045, 163.03297014719033, 137.1730769417714, 5.405218324152747, 48.419748080147556, 53.594728332418725, 16.38191589141758, 21.532081597582096, 112.75109728888965, 191.29531931704673, 20.5026579851629, 47.58364872811612, 44.3928042868924, 93.61253768913386, 63.915171870749155, 5.587281977577636]]"
692,"[[(0, 8), (8, 14), (1, 28), (12, 22), (12, 25), (26, 6), (28, 7), (28, 9), (2, 11), (11, 4), (4, 1), (5, 8), (5, 21), (5, 25), (25, 12), (7, 16), (10, 24), (19, 9), (19, 29), (9, 8)]]","[[87.39111845012832, 138.99028592568604, 359.8046007788083, 81.77998683218699, 164.66552254781985, 153.49270285709852, 60.26638268264096, 4.872974593049602, 56.40227760629086, 53.181998313374066, 18.97910145564225, 9.936998350745526, 111.01678207247703, 156.52533391283524, 18.40434761175063, 153.15162376707175, 59.66905605236737, 101.89235280012952, 147.0746987649523, 16.52483335524759]]"
693,"[[(0, 8), (8, 14), (1, 28), (12, 22), (12, 25), (26, 6), (28, 7), (28, 9), (2, 11), (11, 4), (4, 1), (5, 8), (5, 21), (5, 25), (25, 12), (7, 16), (10, 24), (19, 9), (19, 29), (9, 8)]]","[[66.79622240359295, 175.83611238562347, 685.8681967313123, 90.25029231690314, 36.301443903801164, 154.03430623154802, 212.2374754571105, 7.183568342543198, 81.5623232385002, 53.218505907447835, 23.795528434517742, 27.241292090791294, 112.8939470707336, 226.34975297069136, 13.888952328659203, 212.9670078709995, 29.124517214232494, 21.034420539463213, 119.18686085415911, 32.553042239607294]]"
694,"[[(0, 8), (8, 14), (1, 28), (12, 22), (12, 25), (26, 6), (28, 7), (28, 9), (2, 11), (11, 4), (4, 1), (5, 8), (5, 21), (5, 25), (25, 12), (7, 16), (10, 24), (19, 9), (19, 29), (9, 8)]]","[[84.33241096779878, 76.42669432886154, 609.8724780830779, 81.21945596973697, 96.98401201812257, 169.47218113482734, 328.24959044804433, 14.174794228145236, 63.84210585496736, 53.49144916149143, 22.602868702183194, 7.700464439409931, 111.88270311718053, 283.7938707805582, 12.210367410388084, 129.88737075812656, 72.46581294765502, 64.91755700090172, 253.30556916186873, 16.77824325723231]]"
695,"[[(0, 8), (8, 14), (1, 28), (12, 22), (12, 25), (26, 6), (28, 7), (28, 9), (2, 11), (11, 4), (4, 1), (5, 8), (5, 21), (5, 25), (25, 12), (7, 16), (10, 24), (19, 9), (19, 29), (9, 8)]]","[[82.922707846887, 81.04344493960934, 507.80435128558366, 92.71298621763731, 53.881054944623926, 158.55295102827355, 250.22238331747099, 9.964250700038185, 44.45025932367464, 53.78711712728796, 10.508487273903855, 19.84309569225924, 111.84903503489774, 143.37390657269736, 25.424361722974226, 242.02034605239322, 22.347733644008336, 16.384998915433968, 66.80057142942876, 30.173263119713997]]"
696,"[[(0, 8), (8, 14), (1, 28), (12, 22), (12, 25), (26, 6), (28, 7), (28, 9), (2, 11), (11, 4), (4, 1), (5, 8), (5, 21), (5, 25), (25, 12), (7, 16), (10, 24), (19, 9), (19, 29), (9, 8)]]","[[93.76000673071692, 42.73172551924939, 406.81733550553497, 93.0630604288331, 81.58273813414084, 160.90312118806668, 582.6331744197355, 14.706940921036995, 49.6778077719036, 52.910529748594165, 21.5684612257162, 9.957832070899013, 112.81391527558428, 168.42851077092632, 15.087688411205445, 253.39932169400268, 39.64475056145757, 73.1312697844637, 141.67100173169428, 28.243425016424258]]"
697,"[[(0, 8), (8, 14), (1, 28), (12, 22), (12, 25), (26, 6), (28, 7), (28, 9), (2, 11), (11, 4), (4, 1), (5, 8), (5, 21), (5, 25), (25, 12), (7, 16), (10, 24), (19, 9), (19, 29), (9, 8)]]","[[75.12643850663761, 71.06978780429996, 232.46948242174295, 73.36530116497319, 41.84945574723175, 178.48728809770458, 46.64648755179757, 13.65496907181509, 38.234946929576054, 53.39051080547809, 20.770569366912145, 28.03287588337295, 111.4069080962498, 161.79145860922773, 15.265875873115066, 67.35989180854688, 23.379838013200544, 77.49079130957783, 170.89470766314588, 2.3922211499750006]]"
698,"[[(0, 8), (8, 14), (1, 28), (12, 22), (12, 25), (26, 6), (28, 7), (28, 9), (2, 11), (11, 4), (4, 1), (5, 8), (5, 21), (5, 25), (25, 12), (7, 16), (10, 24), (19, 9), (19, 29), (9, 8)]]","[[66.54536626495755, 26.958442912274077, 400.5512761601867, 73.75269274870074, 39.64181780383929, 166.37156983076014, 481.01563591848355, 8.555873621189452, 44.5553509170331, 52.49302807999634, 27.197373603559463, 30.20672110179017, 112.58798787270308, 181.36856655603225, 21.868342577415696, 125.49352724077508, 37.76955076057469, 101.58216921627933, 244.26406516768304, 23.156646557478535]]"
699,"[[(0, 8), (8, 14), (1, 28), (12, 22), (12, 25), (26, 6), (28, 7), (28, 9), (2, 11), (11, 4), (4, 1), (5, 8), (5, 21), (5, 25), (25, 12), (7, 16), (10, 24), (19, 9), (19, 29), (9, 8)]]","[[28.37288741827442, 97.74179268549842, 776.8232001939605, 80.55490791378386, 87.21159161858571, 171.53893598668392, 556.4544503535582, 9.273486614640085, 38.558517780946694, 53.806597523075375, 19.975771412296574, 10.69147101105765, 111.18628298864364, 154.5973139441794, 21.48306400668611, 71.3048618489169, 23.21386561830943, 107.55268563296151, 249.37575021789834, 8.163160080175288]]"
700,"[[(0, 8), (8, 14), (1, 28), (12, 22), (12, 25), (26, 6), (28, 7), (28, 9), (2, 11), (11, 4), (4, 1), (5, 8), (5, 21), (5, 25), (25, 12), (7, 16), (10, 24), (19, 9), (19, 29), (9, 8)]]","[[52.22171198840442, 74.15078384975541, 787.3806186826221, 93.83789017413628, 42.62340612468026, 178.52170909086928, 178.44502268277412, 4.694411635016705, 49.46043362625446, 53.979685840758826, 27.31553060149928, 25.191765617947084, 111.86114808875394, 93.39035400688793, 20.81993081270131, 186.78889785721265, 72.8213134934331, 38.188457806622935, 230.05869801984556, 4.3666658726328755]]"
701,"[[(0, 8), (8, 14), (1, 28), (12, 22), (12, 25), (26, 6), (28, 7), (28, 9), (2, 11), (11, 4), (4, 1), (5, 8), (5, 21), (5, 25), (25, 12), (7, 16), (10, 24), (19, 9), (19, 29), (9, 8)]]","[[49.30786599074487, 74.4274729191028, 575.3988607825846, 73.68635005950165, 45.877925137326365, 158.67783240487503, 26.692080478902632, 15.306245785710754, 82.75204146121382, 53.31054168567239, 24.439994847879678, 0.7090334580709303, 112.23504860483987, 88.65480044651274, 17.273831834636635, 290.4817366957609, 51.2594690205723, 94.7235066384633, 60.82395648638627, 13.75851265705499]]"
702,"[[(0, 8), (8, 14), (1, 28), (12, 22), (12, 25), (26, 6), (28, 7), (28, 9), (2, 11), (11, 4), (4, 1), (5, 8), (5, 21), (5, 25), (25, 12), (7, 16), (10, 24), (19, 9), (19, 29), (9, 8)]]","[[88.05847123305763, 126.11071229917361, 250.21407876170446, 77.9061127623785, 79.51340195042434, 175.27754633966975, 461.54724746966355, 3.0643145908525904, 74.22926261815923, 52.62632405555927, 26.332464337695722, 30.887048277881046, 111.58520918027969, 224.0852380491288, 13.854157203932244, 242.67052851130532, 39.43063862140882, 47.7433778963575, 245.25586539672872, 23.253026259009346]]"
703,"[[(0, 8), (8, 14), (1, 28), (12, 22), (12, 25), (26, 6), (28, 7), (28, 9), (2, 11), (11, 4), (4, 1), (5, 8), (5, 21), (5, 25), (25, 12), (7, 16), (10, 24), (19, 9), (19, 29), (9, 8)]]","[[88.89004539270286, 159.57702543861993, 304.9032210581718, 75.1069432334757, 116.20058495154436, 155.98461270479098, 479.6147620797666, 6.068831262102114, 44.93267542107782, 53.29889759521572, 24.6673004763158, 31.634469593272197, 111.93391146995009, 276.34058604631053, 16.808724925451422, 158.67461208683048, 78.48297207670527, 11.050461785842382, 89.36123889261319, 11.507049513479728]]"
704,"[[(0, 8), (8, 14), (1, 28), (12, 22), (12, 25), (26, 6), (28, 7), (28, 9), (2, 11), (11, 4), (4, 1), (5, 8), (5, 21), (5, 25), (25, 12), (7, 16), (10, 24), (19, 9), (19, 29), (9, 8)]]","[[78.33409076177946, 161.3810170862779, 699.2449646798705, 78.42763178498102, 115.69273192960168, 166.7823479054494, 229.6022055154008, 6.9009866955237715, 42.89165887042428, 52.29148702812372, 11.548947518789628, 7.004884620074909, 111.89860374139107, 189.05339452197526, 24.18403542964181, 319.0494962031868, 35.29904869001321, 82.1683008254523, 170.32236687916577, 29.87298312730899]]"
705,"[[(0, 8), (8, 14), (1, 28), (12, 22), (12, 25), (26, 6), (28, 7), (28, 9), (2, 11), (11, 4), (4, 1), (5, 8), (5, 21), (5, 25), (25, 12), (7, 16), (10, 24), (19, 9), (19, 29), (9, 8)]]","[[59.834206948484706, 77.42178334804876, 540.2610209889333, 78.67522569655213, 108.91515938830601, 172.83259557385952, 579.8845763252529, 3.11055570641503, 82.50092411444456, 53.024857827323494, 18.72955211420057, 24.594429008875185, 111.39931624274024, 177.0696502188773, 22.308906317778955, 104.45235459021289, 81.96397105439242, 90.62469048800176, 79.3068769501838, 1.5810024715281124]]"
706,"[[(0, 8), (8, 14), (1, 28), (12, 22), (12, 25), (26, 6), (28, 7), (28, 9), (2, 11), (11, 4), (4, 1), (5, 8), (5, 21), (5, 25), (25, 12), (7, 16), (10, 24), (19, 9), (19, 29), (9, 8)]]","[[32.1853756448861, 115.51709414858637, 462.05375964861, 91.26802860060421, 67.18261172141747, 171.02351086288704, 436.1163660053795, 5.623601419590007, 62.116932147785256, 52.2085034265483, 12.839091737671092, 9.921474845174732, 112.71278585485183, 268.26375211090624, 11.287552158566763, 198.80670753184646, 44.827721875867475, 42.0514040639203, 84.6288746083424, 4.295068964441018]]"
707,"[[(0, 8), (8, 14), (1, 28), (12, 22), (12, 25), (26, 6), (28, 7), (28, 9), (2, 11), (11, 4), (4, 1), (5, 8), (5, 21), (5, 25), (25, 12), (7, 16), (10, 24), (19, 9), (19, 29), (9, 8)]]","[[35.20480208606806, 16.711048701799854, 315.97031699216825, 75.28266522504597, 104.32259601406362, 152.32294435530616, 167.03581113753134, 14.692864548041255, 80.89461946222758, 52.875882686074654, 9.032892705898334, 10.987575792002517, 111.68521163792775, 101.49102543246664, 22.749169681993017, 307.4169130165224, 49.79608697567789, 40.79924940266133, 84.95349752358837, 15.825665191807524]]"
708,"[[(0, 8), (8, 14), (1, 28), (12, 22), (12, 25), (26, 6), (28, 7), (28, 9), (2, 11), (11, 4), (4, 1), (5, 8), (5, 21), (5, 25), (25, 12), (7, 16), (10, 24), (19, 9), (19, 29), (9, 8)]]","[[35.927586119630206, 31.71661781510697, 528.1233805741085, 79.23907825770519, 99.1495057201753, 162.1268551988287, 563.9137269613494, 5.42703724524632, 51.72697563926453, 53.44460315408398, 17.566764303874233, 6.245399403156013, 111.00203545895282, 331.80550380671565, 11.40126840887404, 260.2860094132682, 43.94019775622674, 81.33872815483357, 78.62258288769387, 11.826189198514573]]"
709,"[[(0, 8), (8, 14), (1, 28), (12, 22), (12, 25), (26, 6), (28, 7), (28, 9), (2, 11), (11, 4), (4, 1), (5, 8), (5, 21), (5, 25), (25, 12), (7, 16), (10, 24), (19, 9), (19, 29), (9, 8)]]","[[63.862605997468776, 52.54375146773656, 296.42295020992276, 86.7843343892214, 66.19913337391405, 157.1540847138218, 196.847940949693, 7.818389203676806, 72.6808267898526, 52.406868116804844, 4.32042140884594, 18.831843493309144, 111.92791197164507, 336.84971541084394, 21.999865660266682, 73.14885184093124, 47.655713107137956, 63.04871093303556, 202.6678505575854, 19.823674819499526]]"
710,"[[(0, 8), (8, 14), (1, 28), (12, 22), (12, 25), (26, 6), (28, 7), (28, 9), (2, 11), (11, 4), (4, 1), (5, 8), (5, 21), (5, 25), (25, 12), (7, 16), (10, 24), (19, 9), (19, 29), (9, 8)]]","[[77.22012498050657, 183.89647741224599, 630.0629512807812, 82.98298237337755, 105.98976304380326, 180.5108904564859, 99.4388366832277, 15.391592181931207, 32.47165092162591, 53.91589256466617, 22.579159590073054, 11.125287825659907, 111.65383580447933, 89.7255020200264, 22.51836583260927, 166.37139996298794, 43.48089097985874, 43.172101774623926, 94.47472102735122, 25.280105667552466]]"
711,"[[(0, 8), (8, 14), (1, 28), (12, 22), (12, 25), (26, 6), (28, 7), (28, 9), (2, 11), (11, 4), (4, 1), (5, 8), (5, 21), (5, 25), (25, 12), (7, 16), (10, 24), (19, 9), (19, 29), (9, 8)]]","[[71.84175618363959, 94.0140448452734, 770.5830245866065, 74.0841546757058, 76.07042071277291, 156.37176838618663, 402.27612745352104, 16.697848919092714, 59.08359569981074, 53.74370260162103, 12.318921576009728, 16.755523303213593, 111.2937603192898, 245.17494780378877, 19.991331504656923, 272.9110266912427, 26.68262000658812, 36.529709399507645, 72.2872333293354, 10.665488731183142]]"
712,"[[(0, 8), (8, 14), (1, 28), (12, 22), (12, 25), (26, 6), (28, 7), (28, 9), (2, 11), (11, 4), (4, 1), (5, 8), (5, 21), (5, 25), (25, 12), (7, 16), (10, 24), (19, 9), (19, 29), (9, 8)]]","[[60.06712859522798, 166.63637443735885, 381.4468540292694, 88.3803964469949, 107.38367600785752, 169.03276000663416, 132.35823965644113, 3.097951992107671, 68.9465516615335, 52.79922734749714, 22.795310194601498, 32.52272066777304, 111.27447029070272, 178.04901900282692, 23.64582751532236, 163.23341952635454, 76.32361654304586, 29.97786490335924, 182.80583651581156, 11.264557877982437]]"
713,"[[(0, 8), (8, 14), (1, 28), (12, 22), (12, 25), (26, 6), (28, 7), (28, 9), (2, 11), (11, 4), (4, 1), (5, 8), (5, 21), (5, 25), (25, 12), (7, 16), (10, 24), (19, 9), (19, 29), (9, 8)]]","[[61.6798176134027, 102.23152155305291, 366.96555566969266, 86.49249526061193, 96.2461626680373, 155.5197569106251, 249.35584499801593, 6.922765417799521, 56.251939834982, 53.048414747258946, 22.886126103769882, 33.84170159548063, 112.1944763810216, 203.98704386184357, 22.601044863063898, 206.1475406881084, 34.20371099631927, 93.76305833878362, 151.0603985283492, 19.940462605876473]]"
714,"[[(0, 8), (8, 14), (1, 28), (12, 22), (12, 25), (26, 6), (28, 7), (28, 9), (2, 11), (11, 4), (4, 1), (5, 8), (5, 21), (5, 25), (25, 12), (7, 16), (10, 24), (19, 9), (19, 29), (9, 8)]]","[[44.90410227596661, 104.08356728076492, 577.4294457687922, 88.99113143546131, 96.97645943249117, 154.35048273635397, 146.017129840115, 8.03001564719382, 45.53839413743855, 53.11309052402165, 8.88230275957972, 2.821763039599501, 111.53837657949343, 112.38170718639843, 24.695331058902852, 91.19536228157202, 64.2531553965432, 117.44140724030187, 220.01230821301704, 24.225287918577084]]"
715,"[[(0, 8), (8, 14), (1, 28), (12, 22), (12, 25), (26, 6), (28, 7), (28, 9), (2, 11), (11, 4), (4, 1), (5, 8), (5, 21), (5, 25), (25, 12), (7, 16), (10, 24), (19, 9), (19, 29), (9, 8)]]","[[44.473955591592656, 184.88614529052012, 668.3225108734605, 87.82945503590503, 107.46076988388587, 152.14836538151374, 345.3667263977049, 15.677526125336351, 24.236018553488535, 53.50713440220852, 31.905042213770365, 0.11983104557458457, 111.45828812974008, 251.2413757400382, 12.080947067929692, 251.14524372633463, 64.71201043295243, 38.16468286323151, 86.02464131368968, 5.929087833956682]]"
716,"[[(0, 8), (8, 14), (1, 28), (12, 22), (12, 25), (26, 6), (28, 7), (28, 9), (2, 11), (11, 4), (4, 1), (5, 8), (5, 21), (5, 25), (25, 12), (7, 16), (10, 24), (19, 9), (19, 29), (9, 8)]]","[[60.667982063785466, 83.01772402736515, 745.3683038347089, 75.7953245013424, 56.93937686863818, 154.99514681755923, 451.5905538706326, 15.075359200668263, 63.134584459986634, 53.16673653029146, 11.654637085382872, 11.94085360262281, 111.32434969948845, 137.71517983838706, 18.409000615849397, 258.5959719525554, 54.797763073613055, 27.94967812269026, 61.75119312557102, 20.611643733817047]]"
717,"[[(0, 8), (8, 14), (1, 28), (12, 22), (12, 25), (26, 6), (28, 7), (28, 9), (2, 11), (11, 4), (4, 1), (5, 8), (5, 21), (5, 25), (25, 12), (7, 16), (10, 24), (19, 9), (19, 29), (9, 8)]]","[[36.98082487719837, 124.91518689992563, 330.0592694146079, 92.47773877361338, 40.68922545549668, 162.7074191335572, 505.34178522935076, 12.491455103769347, 60.06049833352519, 53.73112098368132, 21.52066218348829, 13.924037181588984, 112.45184869864775, 215.33660984963961, 23.193162817008393, 129.58369470502652, 57.99002376623601, 87.36287785245032, 128.53107331036495, 10.995198010681182]]"
718,"[[(0, 8), (8, 14), (1, 28), (12, 22), (12, 25), (26, 6), (28, 7), (28, 9), (2, 11), (11, 4), (4, 1), (5, 8), (5, 21), (5, 25), (25, 12), (7, 16), (10, 24), (19, 9), (19, 29), (9, 8)]]","[[72.50328243824453, 57.697675447181396, 326.3364604808921, 73.580667549482, 96.99671113610344, 158.04181591758652, 120.37781410874442, 14.162143686365981, 44.88436059581404, 53.33768610978835, 4.370922023677762, 14.632912549423416, 112.23355442307836, 269.4113544506781, 19.25663623898248, 236.46394045542792, 79.64483636266392, 43.94101396842328, 83.31069221591167, 32.97223986186766]]"
719,"[[(0, 8), (8, 14), (1, 28), (12, 22), (12, 25), (26, 6), (28, 7), (28, 9), (2, 11), (11, 4), (4, 1), (5, 8), (5, 21), (5, 25), (25, 12), (7, 16), (10, 24), (19, 9), (19, 29), (9, 8)]]","[[47.86808149949108, 158.46021519852104, 586.2468525594405, 89.44771083603386, 87.56667230305041, 160.31706153077315, 545.6036739671325, 15.743214879591532, 61.85442099102624, 53.462440012215474, 17.379263001636584, 29.99426981338016, 111.65503602372715, 214.03603031532774, 20.567621926124808, 213.91017694793098, 40.66014643159334, 80.27321339162083, 140.54189939787895, 19.88038412542285]]"
720,"[[(0, 8), (8, 14), (1, 28), (12, 22), (12, 25), (26, 6), (28, 7), (28, 9), (2, 11), (11, 4), (4, 1), (5, 8), (5, 21), (5, 25), (25, 12), (7, 16), (10, 24), (19, 9), (19, 29), (9, 8)]]","[[61.68477025121347, 17.625186962503744, 777.2838700942903, 75.74528371230524, 96.81412602601344, 155.64382907312893, 580.1639617526091, 7.447630422976234, 52.1392222683265, 52.731807445626536, 5.6475835445727665, 8.632250103285976, 112.17096382212434, 206.67157147210204, 15.094875495041931, 73.43674697345, 24.445803426519543, 35.7334569894644, 186.02912024675476, 2.3142031452837664]]"
721,"[[(0, 8), (8, 14), (1, 28), (12, 22), (12, 25), (26, 6), (28, 7), (28, 9), (2, 11), (11, 4), (4, 1), (5, 8), (5, 21), (5, 25), (25, 12), (7, 16), (10, 24), (19, 9), (19, 29), (9, 8)]]","[[87.45261568161149, 123.48873087503993, 443.74004840120705, 86.90545597604967, 144.18508119465824, 170.54310556221463, 521.7128500902181, 6.087031860694451, 41.266906096001485, 53.61627024220327, 29.396719333157332, 20.94911300842135, 112.94385876891003, 114.67758441681949, 17.54043818905543, 62.95099728778771, 69.61250942569879, 73.97851996526073, 111.3223167561778, 10.075766913191018]]"
722,"[[(0, 8), (8, 14), (1, 28), (12, 22), (12, 25), (26, 6), (28, 7), (28, 9), (2, 11), (11, 4), (4, 1), (5, 8), (5, 21), (5, 25), (25, 12), (7, 16), (10, 24), (19, 9), (19, 29), (9, 8)]]","[[39.00445769471741, 64.73954281207526, 617.7412699765523, 83.52979189843434, 91.26177793024814, 172.08184919520775, 116.09568890387337, 15.840674394633476, 47.56621975657557, 53.611927057975635, 25.49740240786189, 24.887022589208055, 112.12066234610944, 190.33450813511112, 22.316389090773814, 114.2351350918456, 44.50672205619348, 30.078334144061436, 197.5750070318362, 4.793733731153878]]"
723,"[[(0, 8), (8, 14), (1, 28), (12, 22), (12, 25), (26, 6), (28, 7), (28, 9), (2, 11), (11, 4), (4, 1), (5, 8), (5, 21), (5, 25), (25, 12), (7, 16), (10, 24), (19, 9), (19, 29), (9, 8)]]","[[49.84983194075596, 34.51040027991813, 265.4110019709864, 80.85963521810976, 101.78956116686078, 165.97861135506483, 439.1134821024393, 3.9347578971040145, 64.3778736275572, 53.42364367118616, 4.3699893493871, 8.383243892124415, 112.20970993614031, 245.397637639276, 19.125008155003727, 241.0306118682045, 22.698386126749284, 117.99503284892104, 79.82195177027083, 31.59201597392337]]"
724,"[[(0, 8), (8, 14), (1, 28), (12, 22), (12, 25), (26, 6), (28, 7), (28, 9), (2, 11), (11, 4), (4, 1), (5, 8), (5, 21), (5, 25), (25, 12), (7, 16), (10, 24), (19, 9), (19, 29), (9, 8)]]","[[87.79884076960262, 123.93953219911083, 406.6347236462932, 82.39197625866674, 50.3598439975878, 173.57527829683406, 569.0098160096799, 6.731976416543417, 85.93207981971099, 53.18797655024516, 6.492174086150271, 9.900365317501475, 112.97065363013458, 334.9043815692511, 14.927823253454594, 182.73170447177296, 53.795239695485975, 12.565626974372451, 138.79055946956595, 5.785516447648849]]"
725,"[[(0, 8), (8, 14), (1, 28), (12, 22), (12, 25), (26, 6), (28, 7), (28, 9), (2, 11), (11, 4), (4, 1), (5, 8), (5, 21), (5, 25), (25, 12), (7, 16), (10, 24), (19, 9), (19, 29), (9, 8)]]","[[40.667256499528065, 56.26726470414595, 374.45903910885, 74.46437371027814, 33.55855410236867, 163.45533929308493, 392.6050812763586, 8.597655403299314, 28.542197319434926, 52.559489937671245, 14.576882978963374, 0.5609239297762341, 112.31078051105723, 164.6961507242671, 21.46280465453189, 279.4774991613553, 70.4008446961989, 12.39071404138783, 217.4351380202619, 6.219572691094033]]"
726,"[[(0, 8), (8, 14), (1, 28), (12, 22), (12, 25), (26, 6), (28, 7), (28, 9), (2, 11), (11, 4), (4, 1), (5, 8), (5, 21), (5, 25), (25, 12), (7, 16), (10, 24), (19, 9), (19, 29), (9, 8)]]","[[31.70509183885168, 78.10005585663606, 481.2918344867365, 81.51947940979487, 120.09222479184294, 171.10137119310784, 265.40330374112244, 11.317017627422668, 43.40444043005409, 52.650207001232104, 18.750378814501467, 31.14419689653234, 112.28003129222502, 99.02637434778941, 22.01654296994132, 229.70782161936518, 76.52396523697814, 54.51699905144021, 247.22078897603663, 2.2258871409343044]]"
727,"[[(0, 8), (8, 14), (1, 28), (12, 22), (12, 25), (26, 6), (28, 7), (28, 9), (2, 11), (11, 4), (4, 1), (5, 8), (5, 21), (5, 25), (25, 12), (7, 16), (10, 24), (19, 9), (19, 29), (9, 8)]]","[[60.03062151030258, 22.779585045548608, 360.2046451067635, 73.74880682075866, 142.81870150663048, 165.27705851300198, 434.33253301494705, 8.14390102918535, 61.69731073383489, 52.31281442768446, 10.238810532526784, 5.13050704560343, 112.82219432448588, 276.11933458380855, 19.45477228994133, 181.33521811988808, 42.07192752943648, 74.92187964767221, 134.36084248800842, 15.149229491749306]]"
728,"[[(0, 8), (8, 14), (1, 28), (12, 22), (12, 25), (26, 6), (28, 7), (28, 9), (2, 11), (11, 4), (4, 1), (5, 8), (5, 21), (5, 25), (25, 12), (7, 16), (10, 24), (19, 9), (19, 29), (9, 8)]]","[[55.57469590355499, 88.69220897455689, 706.1457329312898, 78.06661239327889, 154.6219760310497, 170.95792524813365, 240.35964008227828, 13.63258865471348, 46.932331146268304, 52.58262442885538, 7.679446548477699, 25.955026744798072, 112.17276201514348, 113.53275161655303, 15.923101528178325, 85.73471002263717, 77.90602507457874, 108.03175626490949, 219.27779306249872, 5.306750047191368]]"
729,"[[(0, 8), (8, 14), (1, 28), (12, 22), (12, 25), (26, 6), (28, 7), (28, 9), (2, 11), (11, 4), (4, 1), (5, 8), (5, 21), (5, 25), (25, 12), (7, 16), (10, 24), (19, 9), (19, 29), (9, 8)]]","[[82.34847938291956, 35.32915958794379, 790.7851157337029, 73.8703501666108, 89.49418703241713, 158.7550394952411, 203.55517941686693, 8.408789376843723, 64.80598396661371, 53.199341850617856, 14.491160282980895, 1.7534557430028377, 112.23825021256657, 161.9173574465374, 13.829891561825635, 226.68557739664692, 81.31257501670436, 119.5821471212848, 87.80874839768742, 32.914932432615274]]"
730,"[[(0, 8), (8, 14), (1, 28), (12, 22), (12, 25), (26, 6), (28, 7), (28, 9), (2, 11), (11, 4), (4, 1), (5, 8), (5, 21), (5, 25), (25, 12), (7, 16), (10, 24), (19, 9), (19, 29), (9, 8)]]","[[61.073757360285434, 152.70685721591727, 209.86163155663778, 84.58448923159992, 39.63437396602811, 161.89957841177167, 170.95355250105519, 16.83061181324544, 40.35898554203778, 53.23741005761136, 26.94066607495333, 7.747066826965183, 111.58741956978245, 325.8165611633408, 17.4270837425835, 45.220054154388386, 52.266863257685515, 113.64463107476082, 111.87869282192054, 8.87452849863994]]"
731,"[[(0, 8), (8, 14), (1, 28), (12, 22), (12, 25), (26, 6), (28, 7), (28, 9), (2, 11), (11, 4), (4, 1), (5, 8), (5, 21), (5, 25), (25, 12), (7, 16), (10, 24), (19, 9), (19, 29), (9, 8)]]","[[61.83426940988628, 165.553602874818, 251.55436332176942, 80.91828610290506, 52.973147704654274, 177.5632582317695, 135.907835468763, 10.66202332916663, 43.74018833366633, 53.58658594491639, 14.453063032533645, 23.197230368107537, 112.63457496212766, 227.90384728760134, 18.421390735896892, 175.167221974438, 75.95234163304897, 62.79934753984686, 231.4562151921753, 1.8536284518410007]]"
732,"[[(0, 8), (8, 14), (1, 28), (12, 22), (12, 25), (26, 6), (28, 7), (28, 9), (2, 11), (11, 4), (4, 1), (5, 8), (5, 21), (5, 25), (25, 12), (7, 16), (10, 24), (19, 9), (19, 29), (9, 8)]]","[[91.68163899316006, 92.5656734786532, 548.2165750677419, 72.34387975395992, 95.72589757755092, 178.58491476791198, 99.57053449825818, 8.217337060847079, 84.29036207502804, 53.49643980293587, 23.4303371062113, 33.55324317381149, 112.72731900613132, 309.86457681133004, 22.708401754112273, 47.02950592677886, 82.38678000308231, 51.30702285273246, 186.39321775092412, 2.675025725044751]]"
733,"[[(0, 8), (8, 14), (1, 28), (12, 22), (12, 25), (26, 6), (28, 7), (28, 9), (2, 11), (11, 4), (4, 1), (5, 8), (5, 21), (5, 25), (25, 12), (7, 16), (10, 24), (19, 9), (19, 29), (9, 8)]]","[[44.21757564009118, 49.49499554198109, 493.70630856614383, 75.61084979279445, 86.62141865962488, 167.93506726810028, 238.81283016889208, 13.470684515236913, 38.0614140200386, 53.55389333055253, 16.74404485976919, 4.556163941285014, 111.60385152446563, 118.88270650691697, 13.777657375977414, 122.33591640013324, 27.852625779154366, 28.877305218283006, 173.41753108659717, 24.620653874514495]]"
734,"[[(0, 8), (8, 14), (1, 28), (12, 22), (12, 25), (26, 6), (28, 7), (28, 9), (2, 11), (11, 4), (4, 1), (5, 8), (5, 21), (5, 25), (25, 12), (7, 16), (10, 24), (19, 9), (19, 29), (9, 8)]]","[[46.01923473311918, 53.67066456619111, 360.90005104438586, 85.2009454488149, 79.25426801721986, 168.40407677005373, 432.07506468933354, 5.204460681539996, 78.09027162723007, 52.19641305338906, 23.953546470481893, 27.19674753789105, 111.65214652122211, 330.2659848223317, 21.098474587600357, 187.74477322444426, 50.997378152692875, 67.6451603756802, 177.93491594075056, 17.026247306928052]]"
735,"[[(0, 8), (8, 14), (1, 28), (12, 22), (12, 25), (26, 6), (28, 7), (28, 9), (2, 11), (11, 4), (4, 1), (5, 8), (5, 21), (5, 25), (25, 12), (7, 16), (10, 24), (19, 9), (19, 29), (9, 8)]]","[[28.868409240298593, 66.96220094592286, 599.0039631261227, 83.7574437293816, 111.7977419709386, 170.07252802102568, 246.79254353181273, 6.520329647665884, 35.02923545351423, 52.665691741692335, 31.929100425554505, 4.947488287875899, 111.39118743879102, 87.22407313004582, 12.42844960796386, 85.07661902293638, 30.19484848301973, 89.74181247524156, 139.87507933433008, 15.456044300556059]]"
736,"[[(0, 8), (8, 14), (1, 28), (12, 22), (12, 25), (26, 6), (28, 7), (28, 9), (2, 11), (11, 4), (4, 1), (5, 8), (5, 21), (5, 25), (25, 12), (7, 16), (10, 24), (19, 9), (19, 29), (9, 8)]]","[[55.89705287868409, 179.94353733635845, 405.7032712044995, 93.84183783277138, 68.76503139022074, 153.18653653490716, 374.9330388307966, 15.188981990847678, 57.31642426014763, 53.68819094254463, 13.544670763802085, 27.09804132383984, 111.19775201308921, 147.63585938680401, 12.320158863855866, 85.77213930158531, 55.48587219749808, 75.77906556055268, 107.45711603881063, 8.191569671965002]]"
737,"[[(0, 8), (8, 14), (1, 28), (12, 22), (12, 25), (26, 6), (28, 7), (28, 9), (2, 11), (11, 4), (4, 1), (5, 8), (5, 21), (5, 25), (25, 12), (7, 16), (10, 24), (19, 9), (19, 29), (9, 8)]]","[[73.79344639168826, 180.94480558249955, 356.37840146897304, 79.3100508746207, 143.9694472590781, 169.9407505705568, 192.48802371883943, 11.877002518880582, 36.91678201137768, 52.70452379871269, 15.614727642779613, 23.54180575469537, 111.28971655770577, 195.73692866623617, 24.97866435505911, 207.25689710391197, 33.273382747685005, 41.01680276336616, 196.24513236979493, 3.576287763056211]]"
738,"[[(0, 8), (8, 14), (1, 28), (12, 22), (12, 25), (26, 6), (28, 7), (28, 9), (2, 11), (11, 4), (4, 1), (5, 8), (5, 21), (5, 25), (25, 12), (7, 16), (10, 24), (19, 9), (19, 29), (9, 8)]]","[[72.79730023720815, 69.89380972875671, 208.93853644122063, 78.38352832609368, 122.11734870378363, 161.44589355036817, 311.99909332921726, 6.37788922598641, 34.91256342496849, 52.33262861477768, 19.467083449758057, 20.973286839397492, 111.34786176197622, 102.91141230028387, 11.667586958872958, 290.25843928353424, 28.50378274071864, 113.78152710076354, 190.36764670037385, 6.920454049834355]]"
739,"[[(0, 8), (8, 14), (1, 28), (12, 22), (12, 25), (26, 6), (28, 7), (28, 9), (2, 11), (11, 4), (4, 1), (5, 8), (5, 21), (5, 25), (25, 12), (7, 16), (10, 24), (19, 9), (19, 29), (9, 8)]]","[[81.15975427382403, 114.86321553618893, 543.8750029258341, 85.24779045813113, 40.005420124911026, 154.80770394699707, 104.82474628077445, 11.614480024647506, 65.73737945007605, 53.60890684605722, 30.74085745680112, 15.194938167117643, 111.73421043265324, 131.97668279451312, 25.26436124639585, 212.34518182932024, 80.22591454229567, 11.72722283251299, 202.14648444669604, 25.055613060392904]]"
740,"[[(0, 8), (8, 14), (1, 28), (12, 22), (12, 25), (26, 6), (28, 7), (28, 9), (2, 11), (11, 4), (4, 1), (5, 8), (5, 21), (5, 25), (25, 12), (7, 16), (10, 24), (19, 9), (19, 29), (9, 8)]]","[[63.625981364890265, 87.38611891773321, 549.1082818255932, 81.43175103318221, 86.95627866215948, 171.861347096288, 231.92581819501277, 8.622174399258732, 51.26781721990678, 52.375556264296485, 20.541765933937878, 18.35983177186616, 111.56702870120827, 87.53635277692793, 25.312696629842463, 65.73563349441116, 65.3420674071877, 92.57414786626943, 122.56830771228347, 20.17076698408602]]"
741,"[[(0, 8), (8, 14), (1, 28), (12, 22), (12, 25), (26, 6), (28, 7), (28, 9), (2, 11), (11, 4), (4, 1), (5, 8), (5, 21), (5, 25), (25, 12), (7, 16), (10, 24), (19, 9), (19, 29), (9, 8)]]","[[85.64192322391642, 104.66348542758907, 786.9092779724151, 87.29551208063143, 95.03436332148706, 156.40581147418575, 456.0794230662774, 12.238102477131358, 33.32726106545726, 52.10943124654648, 9.18140491022714, 22.155101473577837, 111.3253423481401, 146.62831951946524, 20.105497260469868, 71.32891695231359, 69.14093859310952, 72.4585375874303, 213.24814332983107, 18.251911086257397]]"
742,"[[(0, 8), (8, 14), (1, 28), (12, 22), (12, 25), (26, 6), (28, 7), (28, 9), (2, 11), (11, 4), (4, 1), (5, 8), (5, 21), (5, 25), (25, 12), (7, 16), (10, 24), (19, 9), (19, 29), (9, 8)]]","[[82.93550823121305, 73.42785105036087, 514.6159006430789, 87.74662083360299, 33.67380932329533, 174.59518619935145, 324.51735936487376, 16.118889644594688, 28.31119092246073, 53.60237005419396, 7.468656588147407, 1.1860735138011944, 112.17662491688704, 99.40219208049604, 22.182888553336916, 169.21133248119736, 40.41209580145262, 118.03518644961594, 195.96939441688772, 22.87756219916303]]"
743,"[[(0, 8), (8, 14), (1, 28), (12, 22), (12, 25), (26, 6), (28, 7), (28, 9), (2, 11), (11, 4), (4, 1), (5, 8), (5, 21), (5, 25), (25, 12), (7, 16), (10, 24), (19, 9), (19, 29), (9, 8)]]","[[84.60496910470744, 112.71741537570256, 539.226688292726, 90.27922941861624, 56.15646140807196, 168.2378227787124, 505.2589513179746, 3.5581303910974396, 76.5900710819742, 53.75242235422222, 28.98082748310552, 3.0618150712049825, 111.02247445056359, 251.20246716862277, 17.287187975972067, 150.93432501804244, 78.08680619917902, 55.70268237414396, 64.9499884873219, 29.907807283513062]]"
744,"[[(0, 8), (8, 14), (1, 28), (12, 22), (12, 25), (26, 6), (28, 7), (28, 9), (2, 11), (11, 4), (4, 1), (5, 8), (5, 21), (5, 25), (25, 12), (7, 16), (10, 24), (19, 9), (19, 29), (9, 8)]]","[[36.76465774145138, 143.7194389543149, 493.2529995295862, 85.39393055928224, 85.75894366420061, 159.68663491010568, 531.1038743682718, 6.8473259041995185, 36.15161262850356, 53.540925332089174, 13.465959867194393, 2.2554641233709325, 111.60152749507208, 312.2673867216672, 14.46550165668253, 127.51451295696963, 31.31437749127513, 100.8060960394937, 125.70318606105285, 14.258692434009827]]"
745,"[[(0, 8), (8, 14), (1, 28), (12, 22), (12, 25), (26, 6), (28, 7), (28, 9), (2, 11), (11, 4), (4, 1), (5, 8), (5, 21), (5, 25), (25, 12), (7, 16), (10, 24), (19, 9), (19, 29), (9, 8)]]","[[36.502655613803796, 181.74213664145879, 560.4369476483081, 80.28838650486686, 47.02823484746651, 169.9585413732, 358.22987501354896, 16.67494077207094, 75.51363839269526, 52.572089776617204, 27.70616851522394, 31.678388233794845, 111.47202740698505, 153.88585182179736, 21.9747911395894, 26.563742053483757, 77.30886524140541, 9.724574588431862, 214.07222611469396, 13.905145662809922]]"
746,"[[(0, 8), (8, 14), (1, 28), (12, 22), (12, 25), (26, 6), (28, 7), (28, 9), (2, 11), (11, 4), (4, 1), (5, 8), (5, 21), (5, 25), (25, 12), (7, 16), (10, 24), (19, 9), (19, 29), (9, 8)]]","[[88.43346122630436, 38.060186308607946, 257.9981209693597, 82.6008527256316, 39.98191386733984, 159.86788585660875, 425.1089375200876, 9.287587591036804, 50.693878962622975, 52.7756722122903, 13.802020121368667, 22.90144446681878, 111.4505636713291, 108.45884558431354, 21.287555295464024, 185.5750821642405, 73.40634791652559, 42.40124372617936, 167.63893579601765, 15.179201038307312]]"
747,"[[(0, 8), (8, 14), (1, 28), (12, 22), (12, 25), (26, 6), (28, 7), (28, 9), (2, 11), (11, 4), (4, 1), (5, 8), (5, 21), (5, 25), (25, 12), (7, 16), (10, 24), (19, 9), (19, 29), (9, 8)]]","[[69.03547830650477, 21.239035471219665, 794.9104714009393, 78.49838256153488, 59.35137494832561, 159.63338350743163, 46.881451369667104, 15.45067387355423, 85.21671821333925, 53.81078566655013, 8.579918241394488, 3.5482616747728084, 112.3203445469181, 321.3046396580147, 20.056990656237367, 142.23717799720254, 31.59384053348355, 18.55103698178172, 118.73096690772076, 32.572387185983445]]"
748,"[[(0, 8), (8, 14), (1, 28), (12, 22), (12, 25), (26, 6), (28, 7), (28, 9), (2, 11), (11, 4), (4, 1), (5, 8), (5, 21), (5, 25), (25, 12), (7, 16), (10, 24), (19, 9), (19, 29), (9, 8)]]","[[51.15193753319275, 14.603236990951876, 432.94341696885925, 92.80508155822052, 145.89661866208138, 172.13208745555707, 250.49405446371247, 15.79114252360264, 41.428425263938905, 53.177489092728024, 22.411433996728444, 13.337445778460253, 111.7504721014609, 116.69617421614882, 14.472211922473962, 77.94381435609634, 28.723909988980427, 115.4589544123877, 255.53191858930558, 20.347237181771415]]"
749,"[[(0, 8), (8, 14), (1, 28), (12, 22), (12, 25), (26, 6), (28, 7), (28, 9), (2, 11), (11, 4), (4, 1), (5, 8), (5, 21), (5, 25), (25, 12), (7, 16), (10, 24), (19, 9), (19, 29), (9, 8)]]","[[58.97609003976852, 106.94228323314154, 733.8407988911939, 80.01237354211816, 82.83141100011218, 160.42565762897456, 197.69892597879624, 13.216587255283958, 68.40841359898961, 53.991660409499474, 27.244383204201608, 31.661008367180937, 111.76617719596308, 298.7853114172941, 11.598305783707255, 252.70930172403774, 81.7284974528076, 105.77326762060729, 202.02475673833501, 25.781260252554617]]"
750,"[[(0, 8), (8, 14), (1, 28), (12, 22), (12, 25), (26, 6), (28, 7), (28, 9), (2, 11), (11, 4), (4, 1), (5, 8), (5, 21), (5, 25), (25, 12), (7, 16), (10, 24), (19, 9), (19, 29), (9, 8)]]","[[52.10821736545246, 28.54255270418944, 317.6541418511092, 86.8758387368142, 74.87144927672507, 161.9048371284408, 318.55469723737934, 16.5704887127107, 72.52255010290958, 52.50983621028813, 26.551842094936646, 12.661059731347459, 111.27978707415733, 190.68804148747176, 25.335320048483226, 62.48438132517462, 29.16393293998213, 32.16752306651402, 201.41713072942036, 24.65677278441655]]"
751,"[[(0, 8), (8, 14), (1, 28), (12, 22), (12, 25), (26, 6), (28, 7), (28, 9), (2, 11), (11, 4), (4, 1), (5, 8), (5, 21), (5, 25), (25, 12), (7, 16), (10, 24), (19, 9), (19, 29), (9, 8)]]","[[69.9805431542037, 82.85097041417987, 629.5820421971596, 89.20133469394877, 108.26175085443761, 158.02137018202447, 36.65078961413606, 7.945428713314074, 80.18159196902988, 52.3529892247894, 5.0197181875379275, 6.5803521905552085, 112.48058983959785, 186.74326973433278, 17.75437343385498, 9.6999886136586, 30.375365126430722, 85.10348951134915, 163.08990540305552, 28.44375882624279]]"
752,"[[(0, 8), (8, 14), (1, 28), (12, 22), (12, 25), (26, 6), (28, 7), (28, 9), (2, 11), (11, 4), (4, 1), (5, 8), (5, 21), (5, 25), (25, 12), (7, 16), (10, 24), (19, 9), (19, 29), (9, 8)]]","[[38.84910664435574, 93.81234741473277, 390.4790655952527, 90.37563501556937, 109.42245633774651, 154.665511560912, 467.35444210325653, 15.5594618764568, 35.89528744713453, 52.61004352767137, 25.461618922903572, 23.642324681080822, 112.25437517683852, 263.00209633388124, 20.610600238312564, 312.27616863015527, 65.98792331719164, 24.64945284298893, 127.57625510112254, 10.451635259396763]]"
753,"[[(0, 8), (8, 14), (1, 28), (12, 22), (12, 25), (26, 6), (28, 7), (28, 9), (2, 11), (11, 4), (4, 1), (5, 8), (5, 21), (5, 25), (25, 12), (7, 16), (10, 24), (19, 9), (19, 29), (9, 8)]]","[[88.9712886663863, 47.618365094948466, 230.33084451528708, 78.58458780269775, 156.53086070534926, 162.68639122432958, 82.94052685539886, 7.851086933181, 80.29074502918888, 52.34782448353726, 12.757046398813838, 14.551515459344978, 111.56377991983314, 220.47707280434605, 22.564056082523308, 313.1837940915189, 73.08185054091332, 110.54563390483672, 57.99157082424351, 1.323107725170324]]"
754,"[[(0, 8), (8, 14), (1, 28), (12, 22), (12, 25), (26, 6), (28, 7), (28, 9), (2, 11), (11, 4), (4, 1), (5, 8), (5, 21), (5, 25), (25, 12), (7, 16), (10, 24), (19, 9), (19, 29), (9, 8)]]","[[36.692618857899944, 56.80938599031408, 617.1693771297646, 74.88803159851794, 120.37027556942361, 179.25022349815222, 494.94747305704914, 8.154224494825634, 56.72611830525491, 53.171543523638505, 24.20023774575582, 14.420804471679407, 111.33860028426695, 89.58655485970219, 17.330320970070478, 96.32118937198965, 52.559010907387986, 98.99525880745527, 112.28873639776624, 8.128267805976883]]"
755,"[[(0, 8), (8, 14), (1, 28), (12, 22), (12, 25), (26, 6), (28, 7), (28, 9), (2, 11), (11, 4), (4, 1), (5, 8), (5, 21), (5, 25), (25, 12), (7, 16), (10, 24), (19, 9), (19, 29), (9, 8)]]","[[35.04790137559821, 51.3526385381056, 410.979067282541, 88.90145521874686, 84.32055072277689, 168.3058639798751, 561.2945335404563, 4.629501938349276, 50.55858236497981, 53.360418716148104, 18.015771343489618, 25.316198313525692, 112.22011320950757, 91.29406103183629, 11.765156510197226, 246.18976324965422, 56.477984912673875, 40.555261875862406, 156.89795511427045, 27.935926907205985]]"
756,"[[(0, 8), (8, 14), (1, 28), (12, 22), (12, 25), (26, 6), (28, 7), (28, 9), (2, 11), (11, 4), (4, 1), (5, 8), (5, 21), (5, 25), (25, 12), (7, 16), (10, 24), (19, 9), (19, 29), (9, 8)]]","[[76.95004544949276, 56.15291891604037, 590.0441603956199, 81.48375423314171, 47.83473425382562, 179.3651365004447, 123.7454561357502, 14.490820925832734, 64.08045530045086, 52.539724099861154, 16.367679920477094, 31.172951008068413, 111.56693835396607, 264.73996714599514, 12.800283691762361, 18.36665955198254, 54.26393665710323, 68.21074860193131, 202.47844438731786, 23.437649304498727]]"
757,"[[(0, 8), (8, 14), (1, 28), (12, 22), (12, 25), (26, 6), (28, 7), (28, 9), (2, 11), (11, 4), (4, 1), (5, 8), (5, 21), (5, 25), (25, 12), (7, 16), (10, 24), (19, 9), (19, 29), (9, 8)]]","[[53.620145742692145, 38.2049835326024, 560.8421043581038, 86.26682807859608, 78.2570420789906, 161.3663476950314, 151.58704444849246, 7.657762634624401, 37.52173273489514, 52.45566994503194, 16.313308133600326, 28.493380736827888, 111.78433203280109, 191.68998030726516, 11.80173512294868, 311.98645592764404, 64.16170236500722, 55.579955813268725, 230.29669705535073, 10.128217906482266]]"
758,"[[(0, 8), (8, 14), (1, 28), (12, 22), (12, 25), (26, 6), (28, 7), (28, 9), (2, 11), (11, 4), (4, 1), (5, 8), (5, 21), (5, 25), (25, 12), (7, 16), (10, 24), (19, 9), (19, 29), (9, 8)]]","[[72.82466749264572, 134.58217467181254, 755.7637963832557, 82.68756194695747, 127.99180551118218, 161.7673394694421, 520.5744208912555, 8.282587108073812, 37.931866604792006, 53.39385591306914, 4.288144127422421, 2.50804532741124, 111.7934750679051, 159.36360875410475, 14.160995057413468, 153.7986957135693, 27.170803447832895, 77.34983042075808, 106.31249791300698, 19.21742459184037]]"
759,"[[(0, 8), (8, 14), (1, 28), (12, 22), (12, 25), (26, 6), (28, 7), (28, 9), (2, 11), (11, 4), (4, 1), (5, 8), (5, 21), (5, 25), (25, 12), (7, 16), (10, 24), (19, 9), (19, 29), (9, 8)]]","[[41.61326681036085, 39.01023582469374, 626.4214898687972, 76.24814131215433, 71.41180238084891, 163.3467328250488, 388.3319092466171, 9.667904894835205, 65.50354618248748, 53.426422208142284, 23.15846520286881, 3.6325763561659783, 111.54537147174855, 299.42859710101845, 14.364457637428323, 33.16072777315537, 30.76544942797209, 37.06493008059123, 224.7429620807824, 15.277019106629602]]"
760,"[[(0, 8), (8, 14), (1, 28), (12, 22), (12, 25), (26, 6), (28, 7), (28, 9), (2, 11), (11, 4), (4, 1), (5, 8), (5, 21), (5, 25), (25, 12), (7, 16), (10, 24), (19, 9), (19, 29), (9, 8)]]","[[54.585418378499725, 32.72179452424614, 568.4769506265294, 78.08417841878833, 161.07311470700213, 164.75166155059947, 420.0501036933277, 9.955198538288355, 42.689553835481604, 53.858176952222394, 4.843461596886216, 35.341156592921564, 112.9442209482503, 308.38624359758774, 19.75268331874851, 235.98794877747738, 31.77765604232072, 42.45279745165169, 201.2152895950732, 3.4514205276986054]]"
761,"[[(0, 8), (8, 14), (1, 28), (12, 22), (12, 25), (26, 6), (28, 7), (28, 9), (2, 11), (11, 4), (4, 1), (5, 8), (5, 21), (5, 25), (25, 12), (7, 16), (10, 24), (19, 9), (19, 29), (9, 8)]]","[[66.55041976162596, 46.61584619697465, 582.3456775803365, 85.22292078956617, 69.88769019309683, 180.59855759105724, 422.9675053346402, 8.559294367250072, 77.09225837543596, 53.4977714947727, 8.71133897293625, 18.623792920749356, 111.85012035409106, 255.15924411709787, 22.595475807875467, 84.24557930841726, 57.651042447999856, 8.522252353651785, 213.89195038818085, 8.239673289059205]]"
762,"[[(0, 8), (8, 14), (1, 28), (12, 22), (12, 25), (26, 6), (28, 7), (28, 9), (2, 11), (11, 4), (4, 1), (5, 8), (5, 21), (5, 25), (25, 12), (7, 16), (10, 24), (19, 9), (19, 29), (9, 8)]]","[[80.77775772442035, 33.61447287647586, 502.3953917544635, 90.46410615741813, 71.65546051791705, 179.43011219917966, 218.89523235461832, 4.116066260390203, 56.25738763277734, 53.8633955020433, 14.148614044740448, 14.754538108222615, 111.02762443536085, 185.95944042254195, 10.46011776118616, 317.15535131115263, 64.29123916648949, 11.570149194297873, 168.79706088474634, 1.1322407454978674]]"
763,"[[(0, 8), (8, 14), (1, 28), (12, 22), (12, 25), (26, 6), (28, 7), (28, 9), (2, 11), (11, 4), (4, 1), (5, 8), (5, 21), (5, 25), (25, 12), (7, 16), (10, 24), (19, 9), (19, 29), (9, 8)]]","[[84.34366773314517, 138.16710346237213, 264.47003447852427, 77.04776713657118, 70.28416055115483, 160.80116443175635, 51.50140718165546, 4.605133395701522, 43.74609129825575, 52.2133568299389, 13.722581873949824, 7.530427878822476, 111.72623185960776, 164.50436468641877, 18.031760576726235, 233.50390635539426, 35.669717582086406, 66.60718632249893, 139.15896147437675, 30.280371339742672]]"
764,"[[(0, 8), (8, 14), (1, 28), (12, 22), (12, 25), (26, 6), (28, 7), (28, 9), (2, 11), (11, 4), (4, 1), (5, 8), (5, 21), (5, 25), (25, 12), (7, 16), (10, 24), (19, 9), (19, 29), (9, 8)]]","[[48.37054796772259, 32.19737928263528, 606.766270932564, 73.57595521284797, 47.17580339323383, 162.09493491433764, 356.81978873214996, 11.162850050043057, 40.180507563334984, 52.62671562830896, 29.986348600753317, 7.845731127044718, 111.0413122011099, 285.3174601407202, 24.747391370645083, 104.086680673828, 27.744318179602743, 35.62586290186961, 138.08414182296787, 22.09476018651934]]"
765,"[[(0, 8), (8, 14), (1, 28), (12, 22), (12, 25), (26, 6), (28, 7), (28, 9), (2, 11), (11, 4), (4, 1), (5, 8), (5, 21), (5, 25), (25, 12), (7, 16), (10, 24), (19, 9), (19, 29), (9, 8)]]","[[67.44253175847234, 75.06558091205642, 402.72608671505964, 73.94236085656925, 59.25953181780184, 156.80997879695857, 392.4871771795686, 10.024999666991533, 76.96532527046432, 52.35481603278536, 18.186579096624314, 10.234807445338966, 112.31423415079999, 154.56619038713043, 16.507382359352007, 311.2085013906426, 79.1856817596661, 14.952908004081747, 61.54221271829244, 31.750868203206938]]"
766,"[[(0, 8), (8, 14), (1, 28), (12, 22), (12, 25), (26, 6), (28, 7), (28, 9), (2, 11), (11, 4), (4, 1), (5, 8), (5, 21), (5, 25), (25, 12), (7, 16), (10, 24), (19, 9), (19, 29), (9, 8)]]","[[70.89292863634958, 70.34709186399775, 221.06704518753423, 85.951063362169, 40.150392007115244, 177.86307214132376, 512.8451673437887, 12.292575233769494, 26.42865268229375, 52.9743277701608, 25.99147962927235, 31.829887772889496, 111.56159089056366, 178.69474180430717, 13.62832727295699, 45.23044959364285, 53.632894236144566, 29.049245166562137, 122.40543843457507, 4.5107009858131235]]"
767,"[[(0, 8), (8, 14), (1, 28), (12, 22), (12, 25), (26, 6), (28, 7), (28, 9), (2, 11), (11, 4), (4, 1), (5, 8), (5, 21), (5, 25), (25, 12), (7, 16), (10, 24), (19, 9), (19, 29), (9, 8)]]","[[76.15981237335345, 80.9728034221789, 651.6426575766604, 80.27283035956302, 124.43620082132081, 169.1639636668225, 297.412171563665, 12.765995860230584, 65.97394351774932, 53.90612009179894, 31.361555596055762, 26.701959770694707, 112.66075159083202, 324.7132884998907, 18.59580402409352, 217.73890321087612, 23.977860153841824, 56.299603392166986, 101.56050964260825, 24.450159283409995]]"
768,"[[(0, 8), (8, 14), (1, 28), (12, 22), (12, 25), (26, 6), (28, 7), (28, 9), (2, 11), (11, 4), (4, 1), (5, 8), (5, 21), (5, 25), (25, 12), (7, 16), (10, 24), (19, 9), (19, 29), (9, 8)]]","[[52.85880419132013, 176.9479954144357, 784.0522399879358, 77.3217828097419, 129.54123203112806, 169.1751638190771, 587.8207158275807, 12.77275810885527, 29.42890064685681, 52.807684575915516, 13.487538572239488, 3.9358167231513166, 111.6722098068958, 265.9395282428502, 17.529764532165046, 241.61206976409483, 43.93756921625992, 15.31289615714011, 87.31320834516272, 13.26476425082081]]"
769,"[[(0, 8), (8, 14), (1, 28), (12, 22), (12, 25), (26, 6), (28, 7), (28, 9), (2, 11), (11, 4), (4, 1), (5, 8), (5, 21), (5, 25), (25, 12), (7, 16), (10, 24), (19, 9), (19, 29), (9, 8)]]","[[88.71616185770242, 64.08797485366128, 208.4891495786336, 89.05171055932718, 132.96658159239618, 173.0536360219003, 576.6454745031741, 13.042677993716495, 57.83751943916068, 52.782888573991954, 15.979988021648854, 21.8025256786965, 112.11611751391676, 254.86552032492136, 18.067094604346803, 283.1992416747395, 55.272471712625666, 59.87641131302445, 108.80862057400904, 8.841745341222808]]"
770,"[[(0, 8), (8, 14), (1, 28), (12, 22), (12, 25), (26, 6), (28, 7), (28, 9), (2, 11), (11, 4), (4, 1), (5, 8), (5, 21), (5, 25), (25, 12), (7, 16), (10, 24), (19, 9), (19, 29), (9, 8)]]","[[40.79463295789272, 147.49905895040618, 389.07793563622056, 85.3480941969179, 114.78536495292148, 176.1140152393176, 316.6514801928639, 13.776015197635175, 62.22139070579691, 52.765232933035854, 19.240448862690112, 25.73336152118796, 111.50945705019186, 130.69011076177316, 18.90297286108178, 179.10303515711882, 29.25063183472408, 81.69906437694536, 240.31647079810796, 11.707394947100148]]"
771,"[[(0, 8), (8, 14), (1, 28), (12, 22), (12, 25), (26, 6), (28, 7), (28, 9), (2, 11), (11, 4), (4, 1), (5, 8), (5, 21), (5, 25), (25, 12), (7, 16), (10, 24), (19, 9), (19, 29), (9, 8)]]","[[87.0437115819332, 166.62541217808098, 731.5676519054448, 79.87623194290563, 123.50119305075955, 161.47804902968895, 273.1894936178886, 13.127008156650206, 32.172594605749, 53.965747194314375, 23.07121563616344, 24.603238187533687, 112.44480217414159, 197.60806815867477, 24.642238352492573, 44.389746904157946, 70.56647036657343, 29.890378919668137, 212.0824905464994, 18.439489488649038]]"
772,"[[(0, 8), (8, 14), (1, 28), (12, 22), (12, 25), (26, 6), (28, 7), (28, 9), (2, 11), (11, 4), (4, 1), (5, 8), (5, 21), (5, 25), (25, 12), (7, 16), (10, 24), (19, 9), (19, 29), (9, 8)]]","[[38.90422960521332, 30.036614630394723, 321.9796943583349, 89.98750031775424, 154.12652964726527, 160.5613499581859, 109.22312534197481, 15.673335381337505, 64.58869791131787, 52.943857782925, 26.751056048243992, 3.9059252288580755, 111.49728559733073, 252.64682885248965, 22.61030673277935, 276.1905490762072, 71.30546430212051, 56.924000647118476, 256.76323828716284, 32.854974080496106]]"
773,"[[(0, 8), (8, 14), (1, 28), (12, 22), (12, 25), (26, 6), (28, 7), (28, 9), (2, 11), (11, 4), (4, 1), (5, 8), (5, 21), (5, 25), (25, 12), (7, 16), (10, 24), (19, 9), (19, 29), (9, 8)]]","[[34.78314030813833, 18.717102284362763, 306.5399709509836, 88.4997484548897, 48.007389854608846, 174.84732495564037, 216.03143279981182, 5.669026178013697, 78.13527277679552, 52.87499055185066, 13.85277190647103, 2.4656616603726413, 112.38231868057747, 268.45524757560855, 14.478819221351397, 189.91214344681296, 49.20357938484457, 44.00671876220279, 262.6822818425494, 6.53089085033065]]"
774,"[[(0, 8), (8, 14), (1, 28), (12, 22), (12, 25), (26, 6), (28, 7), (28, 9), (2, 11), (11, 4), (4, 1), (5, 8), (5, 21), (5, 25), (25, 12), (7, 16), (10, 24), (19, 9), (19, 29), (9, 8)]]","[[80.57345152535254, 181.1918098186899, 421.49690302643705, 90.53925552866619, 136.95606156659312, 172.36787420935957, 238.8419039648599, 5.392491989140828, 76.72589859698289, 53.076251491870586, 17.016515786845, 12.91883783432067, 112.11957854687039, 211.6544008400847, 20.40364211717615, 222.34634894947723, 70.5388743773246, 38.1254759801475, 242.66750430534336, 13.39572898385536]]"
775,"[[(0, 8), (8, 14), (1, 28), (12, 22), (12, 25), (26, 6), (28, 7), (28, 9), (2, 11), (11, 4), (4, 1), (5, 8), (5, 21), (5, 25), (25, 12), (7, 16), (10, 24), (19, 9), (19, 29), (9, 8)]]","[[83.13270530408809, 178.16860291823227, 683.1113931623946, 81.38904500318253, 136.13696067427327, 178.4523022038549, 435.6150118887625, 9.240529582096922, 75.12514872536677, 53.60987488954422, 10.90229278187293, 3.6077397111072242, 112.88166304470445, 322.64165406114057, 17.93841575293917, 56.339484991470236, 83.79684980653985, 113.19564386902923, 217.45574602131217, 17.035231905082178]]"
776,"[[(0, 8), (8, 14), (1, 28), (12, 22), (12, 25), (26, 6), (28, 7), (28, 9), (2, 11), (11, 4), (4, 1), (5, 8), (5, 21), (5, 25), (25, 12), (7, 16), (10, 24), (19, 9), (19, 29), (9, 8)]]","[[73.45058665013633, 120.91195982735947, 300.6827698992595, 87.67047888620812, 156.12416530283667, 158.17862808019385, 126.45064296829233, 3.5962166805079443, 30.89720029649436, 52.319236328119594, 11.273676630105191, 11.392307729140208, 112.72588694330095, 248.8904247882559, 15.230792409462163, 62.754561678061975, 31.332256030170345, 76.91078849848802, 97.9636092836217, 11.38369917334336]]"
777,"[[(0, 8), (8, 14), (1, 28), (12, 22), (12, 25), (26, 6), (28, 7), (28, 9), (2, 11), (11, 4), (4, 1), (5, 8), (5, 21), (5, 25), (25, 12), (7, 16), (10, 24), (19, 9), (19, 29), (9, 8)]]","[[58.26927033388117, 168.59583308004153, 760.7511114845537, 84.29344684690349, 42.283445927115636, 172.6579970848481, 392.0652987982664, 14.327978035467595, 44.03583895776446, 52.482615202037536, 23.78483795232942, 29.117498466544262, 111.20258093180786, 330.6639083446516, 13.686131063573107, 246.24332714302327, 72.04659214403797, 34.681438128974726, 242.4804769138829, 15.90939805119072]]"
778,"[[(0, 8), (8, 14), (1, 28), (12, 22), (12, 25), (26, 6), (28, 7), (28, 9), (2, 11), (11, 4), (4, 1), (5, 8), (5, 21), (5, 25), (25, 12), (7, 16), (10, 24), (19, 9), (19, 29), (9, 8)]]","[[64.21591448390947, 121.12312388540455, 303.5014179421854, 82.81432003437911, 164.5453534980652, 161.44415313834784, 31.043971037291797, 16.303418562310988, 34.39266842612742, 52.38817256297503, 26.22398015673373, 26.28685409901743, 111.48245463370955, 282.1129890281155, 22.061846754705382, 167.77615055149482, 80.58283628484422, 10.41120763806836, 127.63685948942005, 2.931895766857707]]"
779,"[[(0, 8), (8, 14), (1, 28), (12, 22), (12, 25), (26, 6), (28, 7), (28, 9), (2, 11), (11, 4), (4, 1), (5, 8), (5, 21), (5, 25), (25, 12), (7, 16), (10, 24), (19, 9), (19, 29), (9, 8)]]","[[79.78706971568963, 103.40629784834364, 448.6484093358497, 93.12672863554671, 48.435727937444085, 171.2642602086845, 565.5118785739221, 10.222504617533877, 46.45277244039121, 52.026317316988305, 12.792561452498882, 6.63915189561782, 112.74874809732637, 113.83766734572595, 21.62666095282181, 43.049327105781344, 62.254118238436185, 44.78112512903128, 256.0083653971978, 3.5695441622932798]]"
780,"[[(0, 8), (8, 14), (1, 28), (12, 22), (12, 25), (26, 6), (28, 7), (28, 9), (2, 11), (11, 4), (4, 1), (5, 8), (5, 21), (5, 25), (25, 12), (7, 16), (10, 24), (19, 9), (19, 29), (9, 8)]]","[[38.326208571623134, 85.70056387654978, 584.5992884759391, 81.95610143249974, 48.110838761537565, 158.22491700558115, 466.4579476548031, 16.84729173827541, 27.010044072173642, 52.413209812938156, 4.922566168113908, 11.52877667579983, 111.2111203844402, 149.22275902636747, 20.752142067687664, 64.61857142387132, 64.36127298678612, 118.08540866540847, 62.00473399845625, 10.406114435123634]]"
781,"[[(0, 8), (8, 14), (1, 28), (12, 22), (12, 25), (26, 6), (28, 7), (28, 9), (2, 11), (11, 4), (4, 1), (5, 8), (5, 21), (5, 25), (25, 12), (7, 16), (10, 24), (19, 9), (19, 29), (9, 8)]]","[[59.60838668821365, 139.96509091812328, 497.05478276885975, 80.55676887304071, 150.40583937867845, 167.55762636584913, 512.937501711541, 5.364680236105812, 83.05956967146433, 53.065378349772686, 8.437697999583758, 28.108569384624346, 111.51673144435853, 202.37039052378307, 14.701579910710969, 85.50244556251631, 67.88126998305911, 49.169685913127516, 66.38996826384034, 31.77284249615442]]"
782,"[[(0, 8), (8, 14), (1, 28), (12, 22), (12, 25), (26, 6), (28, 7), (28, 9), (2, 11), (11, 4), (4, 1), (5, 8), (5, 21), (5, 25), (25, 12), (7, 16), (10, 24), (19, 9), (19, 29), (9, 8)]]","[[57.140750018289054, 137.52278110405865, 589.1910160040973, 77.02517054139116, 130.67171926074798, 175.20514990557587, 454.67842830875594, 13.719923068859902, 83.40013706062642, 52.4947719276084, 4.186207685488473, 2.7683838225662822, 112.4621650918405, 124.28710070050533, 18.83342939515316, 106.85846836873772, 37.39246784117932, 48.78913403496756, 248.2679512850482, 9.35270259184816]]"
783,"[[(0, 8), (8, 14), (1, 28), (12, 22), (12, 25), (26, 6), (28, 7), (28, 9), (2, 11), (11, 4), (4, 1), (5, 8), (5, 21), (5, 25), (25, 12), (7, 16), (10, 24), (19, 9), (19, 29), (9, 8)]]","[[54.155392624735306, 130.12576348789997, 511.52014085351186, 92.19273030728402, 98.94736025088051, 161.3282732297387, 286.4667700718605, 15.001784509644656, 66.39317035788787, 53.79535790267038, 31.710751768126055, 14.862893635392059, 111.92529631338655, 314.64640410034895, 16.7106341111222, 77.66298808866634, 59.5030785919079, 50.123094701443954, 76.4010951145722, 18.916625722374445]]"
784,"[[(0, 8), (8, 14), (1, 28), (12, 22), (12, 25), (26, 6), (28, 7), (28, 9), (2, 11), (11, 4), (4, 1), (5, 8), (5, 21), (5, 25), (25, 12), (7, 16), (10, 24), (19, 9), (19, 29), (9, 8)]]","[[44.40612607434166, 165.91140994717438, 735.5238047024498, 81.7278983108668, 153.82998019358286, 155.3999160874329, 361.9613038864753, 15.508284730554179, 65.2044056647444, 53.86648534019573, 20.192586632951222, 26.53678875297142, 111.55617063332873, 223.70949708050307, 12.35506103539689, 138.21993905215498, 31.064370091204964, 50.05109049660935, 157.63861782013083, 22.872653869428703]]"
785,"[[(0, 8), (8, 14), (1, 28), (12, 22), (12, 25), (26, 6), (28, 7), (28, 9), (2, 11), (11, 4), (4, 1), (5, 8), (5, 21), (5, 25), (25, 12), (7, 16), (10, 24), (19, 9), (19, 29), (9, 8)]]","[[81.46626533435247, 31.431882205724257, 370.05179293275165, 76.21417273184404, 155.60496969458944, 181.7497856597271, 400.7561571152234, 6.837851083279349, 71.24595433289895, 52.66203124329581, 15.193770445556481, 26.705647751180887, 112.57341928766725, 155.49382708999468, 15.89375228793097, 141.7549673970832, 42.03075280617401, 92.72443850077798, 165.58830039465394, 4.266491021810378]]"
786,"[[(0, 8), (8, 14), (1, 28), (12, 22), (12, 25), (26, 6), (28, 7), (28, 9), (2, 11), (11, 4), (4, 1), (5, 8), (5, 21), (5, 25), (25, 12), (7, 16), (10, 24), (19, 9), (19, 29), (9, 8)]]","[[64.64870853327338, 141.2677872293904, 622.3524349635074, 93.27681602730317, 134.39615104457084, 152.98301384044487, 318.9471362957562, 9.996583997673254, 25.684413277074015, 52.1064814680841, 30.545218523433388, 23.550053862089072, 112.80299957354732, 96.36532828069792, 18.018319092532373, 189.42657835377227, 36.45473748940242, 102.68094338863177, 92.62119830548791, 29.34185103972965]]"
787,"[[(0, 8), (8, 14), (1, 28), (12, 22), (12, 25), (26, 6), (28, 7), (28, 9), (2, 11), (11, 4), (4, 1), (5, 8), (5, 21), (5, 25), (25, 12), (7, 16), (10, 24), (19, 9), (19, 29), (9, 8)]]","[[44.829216587919205, 64.43266171111071, 710.306140670918, 87.14630558963371, 97.9815397006492, 152.1509092294825, 482.8865905281441, 14.862574690772373, 50.72222495643256, 53.9082686666102, 24.342064386503345, 21.635876188807636, 111.69581242062948, 245.49338906412376, 10.050719378804057, 81.7096579613913, 69.77047437026724, 49.80158079184906, 221.79267561595745, 14.656304374017363]]"
788,"[[(0, 8), (8, 14), (1, 28), (12, 22), (12, 25), (26, 6), (28, 7), (28, 9), (2, 11), (11, 4), (4, 1), (5, 8), (5, 21), (5, 25), (25, 12), (7, 16), (10, 24), (19, 9), (19, 29), (9, 8)]]","[[72.19355147963259, 121.02912957670965, 241.28970208378388, 77.87572544180766, 94.01749512367678, 180.4451403930981, 371.9597963704558, 10.943683809546652, 29.375357919975848, 53.00536969431445, 19.232378716957236, 23.82593619127685, 111.87518124582954, 271.22483378786194, 17.19674601847158, 42.948219584368886, 75.92936772299339, 8.822275639618189, 239.87903280221107, 24.654599783924866]]"
789,"[[(0, 8), (8, 14), (1, 28), (12, 22), (12, 25), (26, 6), (28, 7), (28, 9), (2, 11), (11, 4), (4, 1), (5, 8), (5, 21), (5, 25), (25, 12), (7, 16), (10, 24), (19, 9), (19, 29), (9, 8)]]","[[41.487336831607905, 28.832833796914546, 272.85282562483724, 72.7303999504101, 86.3485323265734, 169.8637988544527, 284.90267758666255, 4.147960247385693, 78.98158469903686, 52.31502007432996, 5.671577430987552, 6.658168933555749, 111.08552902897402, 203.37679194114816, 23.366131005532175, 24.084319697987908, 28.853894303320047, 118.73143230526351, 200.440489359504, 24.448776832715858]]"
790,"[[(0, 8), (8, 14), (1, 28), (12, 22), (12, 25), (26, 6), (28, 7), (28, 9), (2, 11), (11, 4), (4, 1), (5, 8), (5, 21), (5, 25), (25, 12), (7, 16), (10, 24), (19, 9), (19, 29), (9, 8)]]","[[45.233832438863274, 91.83911258924006, 262.2501959470154, 85.60175740969066, 52.12069433348303, 162.02531963281618, 239.92408731566493, 9.974129536389079, 38.43170973661615, 52.95306603724718, 16.74796019069705, 4.232813410901262, 111.69298213454341, 191.05779462717362, 13.469305312734724, 67.55682329773, 61.950390142713374, 92.90823116820155, 67.86319305984088, 24.329877612550487]]"
791,"[[(0, 8), (8, 14), (1, 28), (12, 22), (12, 25), (26, 6), (28, 7), (28, 9), (2, 11), (11, 4), (4, 1), (5, 8), (5, 21), (5, 25), (25, 12), (7, 16), (10, 24), (19, 9), (19, 29), (9, 8)]]","[[57.57635449902017, 109.91216575434885, 539.0892584205451, 84.82576371505031, 145.94661652830132, 175.70451708362876, 395.7360634070292, 14.172746651863532, 48.73599679498248, 53.618513241287936, 15.81247158127361, 9.334198654296754, 111.60037224448595, 287.60683886802667, 18.119438053810903, 90.50486782445373, 58.04204837060536, 63.10593206504392, 141.88731389118215, 32.49382835556974]]"
792,"[[(0, 8), (8, 14), (1, 28), (12, 22), (12, 25), (26, 6), (28, 7), (28, 9), (2, 11), (11, 4), (4, 1), (5, 8), (5, 21), (5, 25), (25, 12), (7, 16), (10, 24), (19, 9), (19, 29), (9, 8)]]","[[49.47829189616942, 113.26150360134501, 774.4172305980121, 81.12093693135854, 99.71872557951689, 172.76598489325633, 360.24587671288896, 7.167924268781455, 43.03387987840221, 52.25702935563001, 5.260901767115902, 18.828277298918607, 111.9493101022288, 303.86938542573387, 24.73148703372033, 317.1678929861383, 44.97984444362, 73.50413809724631, 123.80124795480788, 26.458286622482298]]"
793,"[[(0, 8), (8, 14), (1, 28), (12, 22), (12, 25), (26, 6), (28, 7), (28, 9), (2, 11), (11, 4), (4, 1), (5, 8), (5, 21), (5, 25), (25, 12), (7, 16), (10, 24), (19, 9), (19, 29), (9, 8)]]","[[90.03771676205443, 110.27182874050612, 747.0450062283342, 73.15236349923885, 137.44179427415295, 156.79113382277987, 513.8899983918218, 3.286071409122854, 67.02949459598094, 53.476141491392056, 24.749424108526245, 22.52914856161751, 111.52206375424387, 90.16870272079451, 21.522364307573923, 161.67961316592329, 25.5627240543988, 71.4377501316803, 236.072812977356, 16.055292287574197]]"
794,"[[(0, 8), (8, 14), (1, 28), (12, 22), (12, 25), (26, 6), (28, 7), (28, 9), (2, 11), (11, 4), (4, 1), (5, 8), (5, 21), (5, 25), (25, 12), (7, 16), (10, 24), (19, 9), (19, 29), (9, 8)]]","[[86.70733289205458, 132.10799845265802, 550.0661596316842, 91.82011143581532, 73.94996111433088, 153.77627059081303, 569.8610732689795, 11.440445936610356, 55.20782731957693, 53.333338687629784, 5.800903183798835, 18.24085822671373, 111.86968752650381, 145.8005814237698, 21.21227754869834, 20.655227555948567, 80.37535267203914, 19.647282795578157, 207.56879084527728, 6.37127812839039]]"
795,"[[(0, 8), (8, 14), (1, 28), (12, 22), (12, 25), (26, 6), (28, 7), (28, 9), (2, 11), (11, 4), (4, 1), (5, 8), (5, 21), (5, 25), (25, 12), (7, 16), (10, 24), (19, 9), (19, 29), (9, 8)]]","[[32.84241263323392, 157.07611311400188, 207.41704413029598, 77.73216735521558, 120.62705043578673, 178.50136860479782, 317.99782994797494, 6.977122514312402, 38.99530138178725, 53.96095956472434, 28.887090906011526, 26.03654290972675, 111.40008899168514, 144.93811309010871, 19.30512661903918, 75.0062159652655, 38.032585680970904, 32.11334822090534, 186.29712972522324, 18.57595612281501]]"
796,"[[(0, 8), (8, 14), (1, 28), (12, 22), (12, 25), (26, 6), (28, 7), (28, 9), (2, 11), (11, 4), (4, 1), (5, 8), (5, 21), (5, 25), (25, 12), (7, 16), (10, 24), (19, 9), (19, 29), (9, 8)]]","[[46.91236477676344, 127.96957350622108, 285.45017053333635, 92.69987596892187, 149.64048719729573, 153.52101030776095, 565.1717548057321, 8.672159254382867, 84.90827083948112, 52.1645311735098, 24.116633322911092, 21.325997481942885, 112.85780283315515, 224.0059229534922, 16.239277417283354, 101.4716223876176, 63.717637432247294, 66.91733715887725, 205.2691649477275, 25.6438622318847]]"
797,"[[(0, 8), (8, 14), (1, 28), (12, 22), (12, 25), (26, 6), (28, 7), (28, 9), (2, 11), (11, 4), (4, 1), (5, 8), (5, 21), (5, 25), (25, 12), (7, 16), (10, 24), (19, 9), (19, 29), (9, 8)]]","[[54.55505710300564, 158.4157466588088, 292.98082359409557, 93.20387884580455, 77.01360046544585, 158.96080468510692, 539.9110075136465, 9.829493373438833, 72.55070603428248, 52.20972303817094, 30.26329353489958, 17.50473359463726, 111.76791160454427, 149.36347741735818, 17.723818825570554, 116.01019820951713, 27.247892313002154, 19.06042051760114, 104.02033676649, 1.1681467369545864]]"
798,"[[(0, 8), (8, 14), (1, 28), (12, 22), (12, 25), (26, 6), (28, 7), (28, 9), (2, 11), (11, 4), (4, 1), (5, 8), (5, 21), (5, 25), (25, 12), (7, 16), (10, 24), (19, 9), (19, 29), (9, 8)]]","[[43.79125720561124, 40.31237047326151, 527.3622139799609, 87.96082705239711, 42.550852363567, 166.507959922788, 488.8637611287887, 11.195749085759116, 58.55886507506801, 53.917911551454175, 20.46493909864115, 20.39673461749731, 111.51572449422572, 131.95114377530354, 20.05420894554559, 62.0951685848663, 23.37019926072379, 35.770076137872486, 132.15511902339313, 32.06779911247001]]"
799,"[[(0, 8), (8, 14), (1, 28), (12, 22), (12, 25), (26, 6), (28, 7), (28, 9), (2, 11), (11, 4), (4, 1), (5, 8), (5, 21), (5, 25), (25, 12), (7, 16), (10, 24), (19, 9), (19, 29), (9, 8)]]","[[53.78381190601276, 81.88221783908924, 469.3780011330738, 92.41901411752502, 84.38716654971307, 177.91720400720908, 115.9910478687152, 4.275173054278308, 63.49798146282252, 52.71049806761564, 24.05329300514693, 23.305372944505855, 112.09248590382042, 242.17057728306523, 20.198596827624627, 52.95331000833334, 63.975350569907896, 119.88307783958365, 122.45180227506873, 32.73459556287992]]"
800,"[[(0, 8), (8, 14), (1, 28), (12, 22), (12, 25), (26, 6), (28, 7), (28, 9), (2, 11), (11, 4), (4, 1), (5, 8), (5, 21), (5, 25), (25, 12), (7, 16), (10, 24), (19, 9), (19, 29), (9, 8)]]","[[78.49781480174015, 18.871931466772374, 415.81290296397054, 73.00000398883935, 112.51147089878647, 172.56201048140147, 167.61897573525897, 14.83543828389237, 83.43965728449155, 52.555481153285065, 5.350940696405152, 10.955825858768781, 112.89245248295799, 106.55345335011106, 16.49688477689073, 246.37499281861105, 32.02011619073693, 97.89097892346766, 167.1024114735493, 7.1603793121592325]]"
801,"[[(0, 8), (8, 14), (1, 28), (12, 22), (12, 25), (26, 6), (28, 7), (28, 9), (2, 11), (11, 4), (4, 1), (5, 8), (5, 21), (5, 25), (25, 12), (7, 16), (10, 24), (19, 9), (19, 29), (9, 8)]]","[[50.21961378158581, 107.69104803632969, 403.35267347221475, 83.09242395801962, 64.15434180745267, 153.15349373160794, 400.8900490156477, 5.5547845461871095, 70.26800736134587, 52.39899125689776, 14.031130157826809, 0.6913590392375353, 112.21096583283871, 195.4039523902946, 13.649783344094397, 217.1296158740317, 26.189976435143816, 109.76570975798603, 212.48206490399903, 12.94948897840322]]"
802,"[[(0, 8), (8, 14), (1, 28), (12, 22), (12, 25), (26, 6), (28, 7), (28, 9), (2, 11), (11, 4), (4, 1), (5, 8), (5, 21), (5, 25), (25, 12), (7, 16), (10, 24), (19, 9), (19, 29), (9, 8)]]","[[87.08121597331626, 111.3946528375921, 595.2348298534238, 83.28246275233425, 98.77523706123728, 164.2270816290566, 234.57584126358913, 15.60651016545821, 61.783044087384894, 53.569103531153374, 4.389308988094348, 33.9187846719185, 112.84179670939604, 284.44496852923027, 25.35853012992507, 151.78585763691774, 27.863850402582884, 9.905037145331189, 104.40039153792604, 8.938318443480732]]"
803,"[[(0, 8), (8, 14), (1, 28), (12, 22), (12, 25), (26, 6), (28, 7), (28, 9), (2, 11), (11, 4), (4, 1), (5, 8), (5, 21), (5, 25), (25, 12), (7, 16), (10, 24), (19, 9), (19, 29), (9, 8)]]","[[38.13859099009468, 45.43733067975845, 214.85579229861864, 90.76010551564781, 58.90203157440878, 158.71516968359998, 87.93427682852084, 12.304631698823606, 56.1509316169495, 52.246204396878184, 30.298588878281983, 27.164385348767357, 111.31495734110527, 146.5848510383148, 11.67311529134322, 116.7383521605934, 52.28920935833866, 71.41338340467189, 79.36242659423344, 27.94232661304689]]"
804,"[[(0, 8), (8, 14), (1, 28), (12, 22), (12, 25), (26, 6), (28, 7), (28, 9), (2, 11), (11, 4), (4, 1), (5, 8), (5, 21), (5, 25), (25, 12), (7, 16), (10, 24), (19, 9), (19, 29), (9, 8)]]","[[59.09008405190467, 18.18185013072763, 704.3314834859711, 92.58068837017922, 63.75662026216913, 168.98611885065924, 339.29362186777473, 15.106409084997642, 22.14115122924735, 52.63523635416928, 6.190447805513234, 27.252910263167166, 111.04720627602431, 219.84328631179608, 14.504971166905856, 122.37265743041964, 24.402197263526254, 79.95766174359038, 180.11275871122916, 14.711342639748178]]"
805,"[[(0, 8), (8, 14), (1, 28), (12, 22), (12, 25), (26, 6), (28, 7), (28, 9), (2, 11), (11, 4), (4, 1), (5, 8), (5, 21), (5, 25), (25, 12), (7, 16), (10, 24), (19, 9), (19, 29), (9, 8)]]","[[81.80253006764606, 118.10498367604153, 518.3658225961069, 85.93045716631428, 146.33388273204514, 181.47343903982198, 538.4755521217995, 10.007317577953074, 81.59376858396396, 53.677391028313906, 27.456580158184806, 18.700332944002767, 111.89490876488632, 126.3650193397826, 10.931702927534282, 174.97734452456427, 32.33617720291143, 93.91198463365173, 256.17959533469246, 22.289016052736635]]"
806,"[[(0, 8), (8, 14), (1, 28), (12, 22), (12, 25), (26, 6), (28, 7), (28, 9), (2, 11), (11, 4), (4, 1), (5, 8), (5, 21), (5, 25), (25, 12), (7, 16), (10, 24), (19, 9), (19, 29), (9, 8)]]","[[88.12478854673414, 63.34450940739929, 434.8786901672131, 83.7972969128375, 105.88366409068148, 158.6554643858562, 112.32974817351247, 14.51808241142479, 33.88701816887426, 53.85202536105679, 24.442923543864005, 27.49664467830437, 111.95773408266153, 86.62736875592049, 14.911190040987188, 217.06438449150895, 66.47569042338328, 82.87441660565169, 73.63767770142636, 21.601389859125824]]"
807,"[[(0, 8), (8, 14), (1, 28), (12, 22), (12, 25), (26, 6), (28, 7), (28, 9), (2, 11), (11, 4), (4, 1), (5, 8), (5, 21), (5, 25), (25, 12), (7, 16), (10, 24), (19, 9), (19, 29), (9, 8)]]","[[63.2243610813203, 98.98643510495387, 350.16075699705686, 73.69118393254115, 69.47843530689237, 180.45882602744413, 391.12410751723604, 7.389757754345548, 41.27290432638521, 52.666683658779476, 9.091437588091683, 34.481948433759484, 112.50883464972877, 145.90603168889848, 16.528990541551774, 137.18273570133823, 33.07722182147351, 86.16692760828761, 128.20667248983867, 15.647470921576208]]"
808,"[[(0, 8), (8, 14), (1, 28), (12, 22), (12, 25), (26, 6), (28, 7), (28, 9), (2, 11), (11, 4), (4, 1), (5, 8), (5, 21), (5, 25), (25, 12), (7, 16), (10, 24), (19, 9), (19, 29), (9, 8)]]","[[79.11523137449296, 50.72154170148541, 532.0322303651856, 79.66278495633338, 103.99781842205635, 170.27899505567, 401.37450466006095, 14.784081125458147, 47.14872145971247, 53.60113705274184, 7.859249375682782, 12.753904113830776, 112.98943825189673, 316.2037862882521, 11.547308948198335, 117.01929823200004, 70.67108425753378, 100.10152962334337, 194.14357715994464, 11.655538043199691]]"
809,"[[(0, 8), (8, 14), (1, 28), (12, 22), (12, 25), (26, 6), (28, 7), (28, 9), (2, 11), (11, 4), (4, 1), (5, 8), (5, 21), (5, 25), (25, 12), (7, 16), (10, 24), (19, 9), (19, 29), (9, 8)]]","[[44.902007544571475, 73.6321546664493, 773.7561120864971, 79.93744247640873, 79.88463581939877, 154.02585527682092, 208.40771350178733, 12.6343357390252, 64.27360797293167, 53.95566605276251, 13.318210598979126, 11.561302168771348, 112.25754879171468, 221.17740613486214, 19.11111469423505, 272.63982412233275, 44.65207572047849, 91.83573128010259, 120.8230554370326, 31.312994223751506]]"
810,"[[(0, 8), (8, 14), (1, 28), (12, 22), (12, 25), (26, 6), (28, 7), (28, 9), (2, 11), (11, 4), (4, 1), (5, 8), (5, 21), (5, 25), (25, 12), (7, 16), (10, 24), (19, 9), (19, 29), (9, 8)]]","[[76.12651965297822, 164.81394710359535, 580.875381318639, 78.36562657530561, 159.67143929466215, 161.89327269391103, 286.86054507751294, 5.034609296599882, 65.86609748036688, 52.81961248400503, 8.295124580876367, 4.743378635926945, 111.1343608625611, 259.0501997360021, 23.89827771322397, 31.58512917671575, 48.72724253270013, 57.36220027910484, 219.8405373982885, 22.51501901042945]]"
811,"[[(0, 8), (8, 14), (1, 28), (12, 22), (12, 25), (26, 6), (28, 7), (28, 9), (2, 11), (11, 4), (4, 1), (5, 8), (5, 21), (5, 25), (25, 12), (7, 16), (10, 24), (19, 9), (19, 29), (9, 8)]]","[[72.86569405460128, 28.59650088835795, 519.5055541040786, 87.72644788721664, 75.04394877132101, 154.62949351257026, 468.1397349795644, 7.0884729261409305, 74.51709394640908, 52.333726789256296, 28.825914588721126, 2.8937448858208326, 112.68488460930564, 146.67124684583047, 22.332742158075845, 30.52515484659098, 68.55302510848395, 31.554590929706507, 222.4539017191508, 3.5182053649712017]]"
812,"[[(0, 8), (8, 14), (1, 28), (12, 22), (12, 25), (26, 6), (28, 7), (28, 9), (2, 11), (11, 4), (4, 1), (5, 8), (5, 21), (5, 25), (25, 12), (7, 16), (10, 24), (19, 9), (19, 29), (9, 8)]]","[[50.21375589584068, 74.52656407586386, 751.015620809585, 74.96712083768016, 110.26046696250178, 166.98305400986615, 357.62906026109954, 13.644994871435848, 79.68080466649465, 53.93373549217065, 13.054089744501898, 10.286148687995876, 112.75848124601474, 225.63071070191592, 20.744103441487134, 204.25766497719462, 60.730428962506394, 78.48380756004391, 138.06040342493935, 30.614382650982403]]"
813,"[[(0, 8), (8, 14), (1, 28), (12, 22), (12, 25), (26, 6), (28, 7), (28, 9), (2, 11), (11, 4), (4, 1), (5, 8), (5, 21), (5, 25), (25, 12), (7, 16), (10, 24), (19, 9), (19, 29), (9, 8)]]","[[38.94604392333281, 34.36963679788829, 433.00687084632, 81.94906592555893, 96.74785040126086, 157.60312240348625, 426.5926966979507, 11.389021268243804, 41.00766813890536, 52.621354959919536, 28.791223810878503, 27.557167480739068, 111.8898475521428, 263.24077063833397, 22.68016162306821, 246.93228990108457, 31.424977313069412, 90.39169032016046, 171.99834921142664, 4.67874272628886]]"
814,"[[(0, 8), (8, 14), (1, 28), (12, 22), (12, 25), (26, 6), (28, 7), (28, 9), (2, 11), (11, 4), (4, 1), (5, 8), (5, 21), (5, 25), (25, 12), (7, 16), (10, 24), (19, 9), (19, 29), (9, 8)]]","[[40.62117122197922, 96.55325737392137, 540.6965863897947, 76.36340684685459, 146.58296928523725, 156.68367272659597, 151.73606168487618, 8.453229981952779, 54.83383132018499, 53.8918113500627, 13.701601571472246, 11.825009385087073, 111.27013390974554, 168.11846780518727, 15.08805219426543, 147.29685062511476, 81.3360729177338, 8.078159218078977, 190.82521594284694, 9.666166860764118]]"
815,"[[(0, 8), (8, 14), (1, 28), (12, 22), (12, 25), (26, 6), (28, 7), (28, 9), (2, 11), (11, 4), (4, 1), (5, 8), (5, 21), (5, 25), (25, 12), (7, 16), (10, 24), (19, 9), (19, 29), (9, 8)]]","[[48.29797046870655, 41.08319973272742, 218.72656662244162, 72.4130248268136, 133.8553116285624, 171.7638890404121, 431.30709449670235, 9.878662305063042, 29.41783829959764, 52.85314597926171, 7.122135128407733, 26.055032749552247, 111.43622914872017, 139.92401709975766, 11.008401438226633, 35.57161669002787, 34.32750061306699, 26.900866199212533, 83.26166325395573, 4.698433216157255]]"
816,"[[(0, 8), (8, 14), (1, 28), (12, 22), (12, 25), (26, 6), (28, 7), (28, 9), (2, 11), (11, 4), (4, 1), (5, 8), (5, 21), (5, 25), (25, 12), (7, 16), (10, 24), (19, 9), (19, 29), (9, 8)]]","[[93.77203162600678, 84.79902968937522, 318.90486139684805, 79.44704374252176, 153.5993831963142, 167.94815819742507, 104.23509869134621, 9.005762129734386, 82.23772267046863, 52.99964915694762, 23.70683259457487, 1.56929637443608, 112.61975680785356, 196.5364066707354, 23.202039569661842, 214.81389511496934, 50.18124068054257, 20.706235226202676, 71.02666887639957, 25.063196481489207]]"
817,"[[(0, 8), (8, 14), (1, 28), (12, 22), (12, 25), (26, 6), (28, 7), (28, 9), (2, 11), (11, 4), (4, 1), (5, 8), (5, 21), (5, 25), (25, 12), (7, 16), (10, 24), (19, 9), (19, 29), (9, 8)]]","[[72.60515541553457, 16.605903171223208, 442.8456660315996, 92.76089352653446, 111.60492230458088, 165.62608938397923, 37.184245784347105, 4.769388584877638, 36.54031668108421, 53.59143257566544, 8.817078365749587, 26.04178171475836, 111.33287198000762, 131.3703473212173, 21.99855350220371, 45.24112808113889, 82.88268853046266, 62.21461325050488, 142.42550563492884, 25.271819115837932]]"
818,"[[(0, 8), (8, 14), (1, 28), (12, 22), (12, 25), (26, 6), (28, 7), (28, 9), (2, 11), (11, 4), (4, 1), (5, 8), (5, 21), (5, 25), (25, 12), (7, 16), (10, 24), (19, 9), (19, 29), (9, 8)]]","[[41.929850682660685, 108.36126346960366, 240.9837297792023, 84.08338231504679, 36.01218814304225, 175.01611704713196, 412.89664684381285, 11.337182296077964, 65.02936248779642, 53.95161076161182, 5.406073158589824, 1.9199567627147083, 112.27681934444686, 102.29108755322792, 25.850965984513127, 45.044333888209366, 47.07008517160955, 29.416611719938516, 129.70124921319615, 9.055035009850247]]"
819,"[[(0, 8), (8, 14), (1, 28), (12, 22), (12, 25), (26, 6), (28, 7), (28, 9), (2, 11), (11, 4), (4, 1), (5, 8), (5, 21), (5, 25), (25, 12), (7, 16), (10, 24), (19, 9), (19, 29), (9, 8)]]","[[64.98553216463395, 27.017515067959234, 722.8022596104821, 91.03207178287823, 83.39793140269349, 156.25259625144793, 428.2045515613549, 5.8863908650349295, 56.36722908266794, 52.37736037673525, 22.868794027862037, 6.876777546311104, 112.86066706165398, 89.6632959160331, 16.137120416784008, 40.893812876405214, 62.62605815258128, 98.8890753104515, 186.5867141371806, 7.768724294653175]]"
820,"[[(0, 8), (8, 14), (1, 28), (12, 22), (12, 25), (26, 6), (28, 7), (28, 9), (2, 11), (11, 4), (4, 1), (5, 8), (5, 21), (5, 25), (25, 12), (7, 16), (10, 24), (19, 9), (19, 29), (9, 8)]]","[[53.05689847578175, 114.93280437370152, 774.836318133771, 90.1601884221815, 89.0083192321438, 158.56294851179794, 98.20064330684018, 5.594972518653177, 84.8636931629209, 53.02118954498359, 23.087952694330806, 0.6800383757915709, 111.27781419746744, 324.48051538284676, 13.02051005369448, 58.61449591166959, 31.353415819010838, 69.32512469358714, 70.7626746152284, 22.88066168333594]]"
821,"[[(0, 8), (8, 14), (1, 28), (12, 22), (12, 25), (26, 6), (28, 7), (28, 9), (2, 11), (11, 4), (4, 1), (5, 8), (5, 21), (5, 25), (25, 12), (7, 16), (10, 24), (19, 9), (19, 29), (9, 8)]]","[[90.11554327937165, 96.24883026547906, 464.06817045793247, 81.37783611950172, 94.58247206153851, 156.51320939175943, 364.3217810238651, 7.052991262833249, 25.924694758276594, 52.4983411983035, 16.8134982009977, 7.692267063788984, 112.99227528045395, 297.8174760372736, 24.423739765931074, 239.8381533404458, 46.91729549466827, 90.55097049937068, 61.4363742805386, 16.50357542887739]]"
822,"[[(0, 8), (8, 14), (1, 28), (12, 22), (12, 25), (26, 6), (28, 7), (28, 9), (2, 11), (11, 4), (4, 1), (5, 8), (5, 21), (5, 25), (25, 12), (7, 16), (10, 24), (19, 9), (19, 29), (9, 8)]]","[[51.77067371051339, 68.49576157881148, 461.33486319902465, 76.23143427570912, 156.05049229990246, 179.55393950700517, 539.6926697185582, 11.198524158388956, 30.78641963023189, 53.85742901175137, 29.08289256213074, 34.66988320291127, 111.7419456728132, 319.2106449368399, 11.709806716703149, 51.03893743418874, 76.95024834192454, 23.041741022079208, 194.1075870769653, 32.97825597181007]]"
823,"[[(0, 8), (8, 14), (1, 28), (12, 22), (12, 25), (26, 6), (28, 7), (28, 9), (2, 11), (11, 4), (4, 1), (5, 8), (5, 21), (5, 25), (25, 12), (7, 16), (10, 24), (19, 9), (19, 29), (9, 8)]]","[[88.86890522980039, 87.65075665193665, 504.51554678439226, 86.6402036842512, 49.41248975018187, 172.7509108946802, 523.3248189385838, 15.616581084385778, 28.97945074751597, 53.42386090125596, 15.384471598831546, 4.393485565384151, 112.45334066248992, 172.87300561162346, 12.773564125599659, 304.75876325961514, 34.529578120366025, 98.46579623989238, 256.4648019157719, 18.99431666468017]]"
824,"[[(0, 8), (8, 14), (1, 28), (12, 22), (12, 25), (26, 6), (28, 7), (28, 9), (2, 11), (11, 4), (4, 1), (5, 8), (5, 21), (5, 25), (25, 12), (7, 16), (10, 24), (19, 9), (19, 29), (9, 8)]]","[[54.26818324943525, 14.291865245795119, 215.28890964101183, 88.95385417484673, 134.30426449807072, 166.6625920127406, 437.2360260531116, 11.547938829349778, 56.7253703915771, 53.45097143026556, 19.565573125758657, 9.790663949298857, 111.0165312409047, 171.37381014365815, 16.060949379572556, 152.38959800546087, 46.41175119702589, 82.0736075735596, 72.63325685849648, 4.228932199202291]]"
825,"[[(0, 8), (8, 14), (1, 28), (12, 22), (12, 25), (26, 6), (28, 7), (28, 9), (2, 11), (11, 4), (4, 1), (5, 8), (5, 21), (5, 25), (25, 12), (7, 16), (10, 24), (19, 9), (19, 29), (9, 8)]]","[[92.82431264715979, 112.06951214167633, 261.8004755396277, 88.35169960494822, 150.03932462036636, 157.827536760869, 183.0892948825399, 12.465812169523966, 45.979557253674294, 52.305011186304185, 10.277492798759882, 13.90858308553856, 111.00605006941707, 221.1747526629415, 23.2940893370513, 188.9461371597637, 43.44993955404884, 111.96252062644479, 171.64992539470083, 15.99103364865713]]"
826,"[[(0, 8), (8, 14), (1, 28), (12, 22), (12, 25), (26, 6), (28, 7), (28, 9), (2, 11), (11, 4), (4, 1), (5, 8), (5, 21), (5, 25), (25, 12), (7, 16), (10, 24), (19, 9), (19, 29), (9, 8)]]","[[51.89234214496373, 95.68992704496213, 771.2598590907928, 87.06926757808661, 48.52235182339372, 172.92354268108045, 586.2501867563947, 16.340107011180972, 75.73514455909779, 53.60363266546912, 17.02119794170395, 29.563510971047958, 112.0182334517008, 335.8277579439408, 16.580038715509822, 229.2804846327278, 26.562006918132667, 35.47098644247981, 139.20885629318514, 22.088487446347518]]"
827,"[[(0, 8), (8, 14), (1, 28), (12, 22), (12, 25), (26, 6), (28, 7), (28, 9), (2, 11), (11, 4), (4, 1), (5, 8), (5, 21), (5, 25), (25, 12), (7, 16), (10, 24), (19, 9), (19, 29), (9, 8)]]","[[90.0157094061407, 111.138242415188, 517.8945414624562, 91.60115499146582, 49.228007854297886, 173.6702463028238, 312.03972482573124, 16.66424850081645, 34.975731151446894, 53.22297171060642, 12.696320594619769, 1.8176927292278893, 111.07014817867669, 195.9953504075703, 12.83990255544056, 122.54842427154233, 37.91168372235852, 12.770051683874886, 217.3509038498851, 18.198184289934748]]"
828,"[[(0, 8), (8, 14), (1, 28), (12, 22), (12, 25), (26, 6), (28, 7), (28, 9), (2, 11), (11, 4), (4, 1), (5, 8), (5, 21), (5, 25), (25, 12), (7, 16), (10, 24), (19, 9), (19, 29), (9, 8)]]","[[88.05357476478414, 64.72778604065007, 312.12541247420097, 89.49741396589731, 85.73312839180971, 154.1513602070308, 358.74244627721646, 14.659640746163722, 41.97051779683251, 53.04477773706655, 22.183976116673644, 22.783905674436443, 112.2151849010451, 189.9470195586029, 13.892994113200622, 83.56246980554015, 30.347953083716952, 80.97304770364573, 169.50155669201305, 23.7324355494618]]"
829,"[[(0, 8), (8, 14), (1, 28), (12, 22), (12, 25), (26, 6), (28, 7), (28, 9), (2, 11), (11, 4), (4, 1), (5, 8), (5, 21), (5, 25), (25, 12), (7, 16), (10, 24), (19, 9), (19, 29), (9, 8)]]","[[29.1484627489345, 177.7898060500069, 311.5828555587255, 85.21585292291516, 88.68756962424473, 156.5244433434178, 177.20101834926814, 9.073252053071187, 37.0851066113556, 52.25230047846965, 10.455774953114279, 8.84932758369339, 111.37474284848251, 148.533861585584, 18.513601664047183, 221.72844897483074, 42.318670810513076, 55.520423753355814, 125.42925548462804, 30.738001778538013]]"
830,"[[(0, 8), (8, 14), (1, 28), (12, 22), (12, 25), (26, 6), (28, 7), (28, 9), (2, 11), (11, 4), (4, 1), (5, 8), (5, 21), (5, 25), (25, 12), (7, 16), (10, 24), (19, 9), (19, 29), (9, 8)]]","[[43.292381984883136, 72.95556162492619, 455.4812052766699, 84.0780542285519, 51.772279302916544, 172.40211094381436, 223.18571045469173, 13.102515696097932, 35.9036033964065, 52.87845192838583, 26.615366355986794, 18.125575589681425, 112.08017548426533, 95.56058187487415, 18.306623287282555, 156.26367762344162, 83.0465315705101, 97.94223079736814, 189.25429730280686, 1.5731278200412717]]"
831,"[[(0, 8), (8, 14), (1, 28), (12, 22), (12, 25), (26, 6), (28, 7), (28, 9), (2, 11), (11, 4), (4, 1), (5, 8), (5, 21), (5, 25), (25, 12), (7, 16), (10, 24), (19, 9), (19, 29), (9, 8)]]","[[88.65034599410363, 139.91347929612868, 707.6627196212124, 78.6388317521123, 161.4011789917966, 164.19099723484507, 221.52670917618423, 5.593738396650931, 81.71988960866372, 52.09393595795383, 4.015349218633409, 16.366507665693824, 111.36243900989882, 214.895471527384, 10.756569040465918, 73.50539872427416, 78.09544546619489, 55.84420444456508, 145.45558790824737, 25.141261481802804]]"
832,"[[(0, 8), (8, 14), (1, 28), (12, 22), (12, 25), (26, 6), (28, 7), (28, 9), (2, 11), (11, 4), (4, 1), (5, 8), (5, 21), (5, 25), (25, 12), (7, 16), (10, 24), (19, 9), (19, 29), (9, 8)]]","[[60.86231347061011, 133.7357343613757, 319.5467212291953, 86.88478922842079, 73.67022192240884, 155.78259994062705, 292.0381349644351, 5.466201670292664, 39.31005039545047, 52.38051765392047, 25.38272616314092, 25.342192546024155, 111.68838656218517, 248.01950322702584, 20.835826310620163, 43.26824955116698, 29.454294741199014, 48.52135397928772, 260.59652657571814, 14.455697836723036]]"
833,"[[(0, 8), (8, 14), (1, 28), (12, 22), (12, 25), (26, 6), (28, 7), (28, 9), (2, 11), (11, 4), (4, 1), (5, 8), (5, 21), (5, 25), (25, 12), (7, 16), (10, 24), (19, 9), (19, 29), (9, 8)]]","[[76.4801777913305, 75.75644223028047, 566.1104185365605, 78.4892712483022, 64.00662471857689, 166.71698974262, 401.91148789106717, 16.9873991809039, 52.47696712299049, 53.57357553723854, 21.472584797238227, 23.753474251007013, 112.51821149373158, 201.08513171951762, 18.522503946409373, 100.83352201594464, 22.668597139886835, 110.9539142819613, 134.13237613866974, 24.641047504953608]]"
834,"[[(0, 8), (8, 14), (1, 28), (12, 22), (12, 25), (26, 6), (28, 7), (28, 9), (2, 11), (11, 4), (4, 1), (5, 8), (5, 21), (5, 25), (25, 12), (7, 16), (10, 24), (19, 9), (19, 29), (9, 8)]]","[[76.48233852839167, 95.1961604711683, 645.3326828453, 78.54360247312115, 64.2206006776583, 165.23119041373198, 467.54644710006767, 6.092981321776971, 59.85736922668285, 53.27779384218564, 12.680423222071049, 5.841552698993285, 112.28370416940719, 170.46747739367564, 13.82380586763259, 149.10130858404307, 41.015624434644735, 84.63132407261482, 193.1171086672696, 21.28557639025781]]"
835,"[[(0, 8), (8, 14), (1, 28), (12, 22), (12, 25), (26, 6), (28, 7), (28, 9), (2, 11), (11, 4), (4, 1), (5, 8), (5, 21), (5, 25), (25, 12), (7, 16), (10, 24), (19, 9), (19, 29), (9, 8)]]","[[88.11362541787472, 21.991708505971566, 332.8678151105778, 74.9947186190246, 84.25869649970596, 173.36049489536117, 425.69535384726095, 15.164381574613001, 65.45503221701532, 53.1105946966779, 17.800994395759922, 32.33234420751478, 111.91384018103271, 137.614487420413, 15.283881673951745, 55.039119473255994, 80.7033687187712, 76.58560725771277, 92.41103759445309, 27.37449538019828]]"
836,"[[(0, 8), (8, 14), (1, 28), (12, 22), (12, 25), (26, 6), (28, 7), (28, 9), (2, 11), (11, 4), (4, 1), (5, 8), (5, 21), (5, 25), (25, 12), (7, 16), (10, 24), (19, 9), (19, 29), (9, 8)]]","[[55.8277172978495, 154.50938028619382, 478.0678335410911, 86.52950236478603, 140.0851389873023, 168.96577398660057, 289.9519754620409, 12.398891276633272, 22.25537194860005, 52.885312367342735, 6.548267932003258, 13.68525450243287, 111.32070866576791, 218.7355482855775, 17.43859649542402, 257.9251549995565, 74.77301138353869, 57.47991643832573, 214.84558221813265, 22.52740397989635]]"
837,"[[(0, 8), (8, 14), (1, 28), (12, 22), (12, 25), (26, 6), (28, 7), (28, 9), (2, 11), (11, 4), (4, 1), (5, 8), (5, 21), (5, 25), (25, 12), (7, 16), (10, 24), (19, 9), (19, 29), (9, 8)]]","[[87.53078131975062, 42.86291085079105, 714.7573551056104, 81.70861323265834, 136.34397027391643, 178.66941035623378, 440.4756839230878, 15.422550486084459, 37.489600501103105, 52.87397121419524, 9.426765822656188, 15.561506610335671, 112.21317217780883, 213.01110519422153, 17.93444017059601, 17.69003115632197, 38.82007398591919, 27.103120831275497, 165.21060123298236, 23.80689090282176]]"
838,"[[(0, 8), (8, 14), (1, 28), (12, 22), (12, 25), (26, 6), (28, 7), (28, 9), (2, 11), (11, 4), (4, 1), (5, 8), (5, 21), (5, 25), (25, 12), (7, 16), (10, 24), (19, 9), (19, 29), (9, 8)]]","[[65.72490721339318, 31.304463840970744, 747.154830016324, 77.91044044531029, 135.99657627653283, 178.64160116123142, 326.76777140400753, 10.217055241453448, 65.59127154409653, 52.36809042738048, 17.143104495110443, 29.58959499535757, 111.20231317072061, 302.32337096689537, 10.882505161120458, 196.20966143311944, 38.85643781879142, 11.89849903439791, 176.67075863796475, 11.187777071301781]]"
839,"[[(0, 8), (8, 14), (1, 28), (12, 22), (12, 25), (26, 6), (28, 7), (28, 9), (2, 11), (11, 4), (4, 1), (5, 8), (5, 21), (5, 25), (25, 12), (7, 16), (10, 24), (19, 9), (19, 29), (9, 8)]]","[[66.38221629997119, 118.24310060054647, 737.658740368465, 74.8611765997199, 150.38265695370123, 180.5087891082357, 348.64347875511237, 5.830822068133537, 50.85491915976997, 52.71974653460465, 31.944122448514644, 9.225968979193466, 112.57414631628482, 107.14983045856597, 24.4133244001835, 118.84812557811732, 50.23442222300265, 65.35529736067289, 158.00626299759983, 19.9867424947879]]"
840,"[[(0, 8), (8, 14), (1, 28), (12, 22), (12, 25), (26, 6), (28, 7), (28, 9), (2, 11), (11, 4), (4, 1), (5, 8), (5, 21), (5, 25), (25, 12), (7, 16), (10, 24), (19, 9), (19, 29), (9, 8)]]","[[71.35728528613554, 62.41443714895986, 243.3170480574275, 89.0640102588599, 120.34660845143642, 163.3157537608978, 43.054212205703394, 9.330713218824467, 31.70298453007566, 53.03104342676828, 28.503159939737756, 15.108502802785578, 111.75291646629783, 165.587535604454, 18.278374342459383, 204.21243514912416, 45.68359171373125, 31.173375093411742, 85.30718675845074, 19.60246726143046]]"
841,"[[(0, 8), (8, 14), (1, 28), (12, 22), (12, 25), (26, 6), (28, 7), (28, 9), (2, 11), (11, 4), (4, 1), (5, 8), (5, 21), (5, 25), (25, 12), (7, 16), (10, 24), (19, 9), (19, 29), (9, 8)]]","[[59.98970398319182, 41.94760549000405, 202.38564662057945, 89.03369130316828, 51.61633594866588, 153.61123156948182, 205.11439115851627, 5.73822112745279, 24.767249166840465, 52.832301452589334, 11.046854004156936, 18.099187595440636, 111.66770761508359, 215.83396775560377, 11.673813382481532, 13.786361311759826, 52.31889652246611, 108.2458679097949, 234.9103001553403, 30.342703299866166]]"
842,"[[(0, 8), (8, 14), (1, 28), (12, 22), (12, 25), (26, 6), (28, 7), (28, 9), (2, 11), (11, 4), (4, 1), (5, 8), (5, 21), (5, 25), (25, 12), (7, 16), (10, 24), (19, 9), (19, 29), (9, 8)]]","[[79.99284294958218, 96.95668894644744, 219.00956630819505, 81.07744921792585, 111.76764223513815, 175.58564892278636, 296.36269089071806, 3.3858153336462626, 24.426115630727217, 52.60272840480653, 6.4916082742639, 17.89876706743774, 111.59674806224147, 205.73922249490934, 19.594827435627572, 235.77894304392447, 42.339436260516266, 103.4146138949922, 242.87467275734664, 3.2862006505668404]]"
843,"[[(0, 8), (8, 14), (1, 28), (12, 22), (12, 25), (26, 6), (28, 7), (28, 9), (2, 11), (11, 4), (4, 1), (5, 8), (5, 21), (5, 25), (25, 12), (7, 16), (10, 24), (19, 9), (19, 29), (9, 8)]]","[[46.79682459818288, 81.49101860180252, 436.0770052624674, 84.30956096039891, 68.80862460642246, 157.1460544391347, 122.22415992543658, 15.056011169544332, 39.88794197011891, 52.619162054082395, 21.631376219793847, 34.9423549901791, 112.63252626160343, 303.8009015898282, 23.545213838706808, 124.08547415254272, 71.58258294441904, 33.87967920873158, 86.53291040571298, 6.872080142848663]]"
844,"[[(0, 8), (8, 14), (1, 28), (12, 22), (12, 25), (26, 6), (28, 7), (28, 9), (2, 11), (11, 4), (4, 1), (5, 8), (5, 21), (5, 25), (25, 12), (7, 16), (10, 24), (19, 9), (19, 29), (9, 8)]]","[[80.72896149665767, 171.21320614518942, 557.104557522149, 78.25028508071043, 152.66565760714303, 170.41376930236214, 82.82700760538755, 8.362704033984608, 73.0686582325167, 52.81414947716014, 15.610951078411032, 17.963370464033556, 111.27238075424641, 91.01718185440923, 22.23489736320139, 160.36838902720137, 52.148162376675955, 29.353503650149012, 168.49202133972668, 26.292455698090702]]"
845,"[[(0, 8), (8, 14), (1, 28), (12, 22), (12, 25), (26, 6), (28, 7), (28, 9), (2, 11), (11, 4), (4, 1), (5, 8), (5, 21), (5, 25), (25, 12), (7, 16), (10, 24), (19, 9), (19, 29), (9, 8)]]","[[61.90044013611616, 82.03739280254815, 485.6391688310268, 72.7928287123927, 102.51102431781935, 175.7286744719541, 484.7556147462356, 8.41033210286053, 24.30977680680307, 52.94368790682908, 28.550308444985102, 26.846896199876305, 111.35683353338193, 277.5965780964251, 16.451248396387378, 269.5989671978938, 39.463679222658754, 24.293129218065136, 214.15920796357275, 20.03053122818703]]"
846,"[[(0, 8), (8, 14), (1, 28), (12, 22), (12, 25), (26, 6), (28, 7), (28, 9), (2, 11), (11, 4), (4, 1), (5, 8), (5, 21), (5, 25), (25, 12), (7, 16), (10, 24), (19, 9), (19, 29), (9, 8)]]","[[50.46512480293935, 153.61360499657064, 781.6369119942077, 74.16458449793585, 89.92649942464195, 154.76971803215685, 431.87402213713636, 12.02896835184957, 44.21620651281039, 52.011497254201, 12.694364801488842, 21.084951670208063, 112.22548449167554, 307.1185766040844, 20.836084302935262, 15.434584983554146, 25.42922411809613, 103.51952936257027, 247.8629179228507, 8.015731345509842]]"
847,"[[(0, 8), (8, 14), (1, 28), (12, 22), (12, 25), (26, 6), (28, 7), (28, 9), (2, 11), (11, 4), (4, 1), (5, 8), (5, 21), (5, 25), (25, 12), (7, 16), (10, 24), (19, 9), (19, 29), (9, 8)]]","[[42.84192958749448, 130.8470208923705, 695.772305024356, 88.6218503875685, 133.80944166887065, 171.59876933927117, 279.7341672543432, 6.5351663779780385, 85.59047908478124, 52.2764825835401, 5.693144469403551, 12.371193337220088, 111.7430723838639, 318.7444063768741, 10.907945482018917, 168.14269847672242, 70.99861571073043, 51.998499617035414, 177.7678258574036, 13.645403978198821]]"
848,"[[(0, 8), (8, 14), (1, 28), (12, 22), (12, 25), (26, 6), (28, 7), (28, 9), (2, 11), (11, 4), (4, 1), (5, 8), (5, 21), (5, 25), (25, 12), (7, 16), (10, 24), (19, 9), (19, 29), (9, 8)]]","[[88.19034544513683, 109.6025751704558, 699.3545551134664, 79.89709161301795, 33.35977652176754, 172.84209581845533, 236.05679108102606, 9.292737654821094, 71.17831390258553, 53.19971004750523, 28.3144959562444, 14.360784207980767, 111.664985425585, 272.42762283947076, 25.26714388272317, 185.31309769040172, 52.72162392966177, 58.371406791043334, 107.42296503600679, 26.607576644894028]]"
849,"[[(0, 8), (8, 14), (1, 28), (12, 22), (12, 25), (26, 6), (28, 7), (28, 9), (2, 11), (11, 4), (4, 1), (5, 8), (5, 21), (5, 25), (25, 12), (7, 16), (10, 24), (19, 9), (19, 29), (9, 8)]]","[[66.1935627823668, 17.254019500001363, 337.4593019138321, 85.71025951110693, 33.13922946047065, 161.291808856944, 192.169160977785, 8.264874664676906, 79.09238494868204, 53.52613158031406, 23.703638254692976, 24.14089962523081, 112.33900965352575, 289.40120922989365, 14.665626041056122, 90.60094194928764, 49.068487266373914, 99.85350253095773, 255.56424837512418, 32.637971098596154]]"
850,"[[(0, 8), (8, 14), (1, 28), (12, 22), (12, 25), (26, 6), (28, 7), (28, 9), (2, 11), (11, 4), (4, 1), (5, 8), (5, 21), (5, 25), (25, 12), (7, 16), (10, 24), (19, 9), (19, 29), (9, 8)]]","[[37.674034196130755, 79.3599644170858, 520.6538064512945, 89.72009238577928, 101.96252956247541, 179.72686289242014, 541.5787781435414, 11.953355252185553, 65.3728572927996, 52.3494842858843, 28.40430737338733, 5.124593218118827, 112.52315106862113, 121.90133275249576, 13.173131317973505, 285.2602141656608, 28.999813597188023, 75.81528713139971, 68.31864464621893, 24.023187769495138]]"
851,"[[(0, 8), (8, 14), (1, 28), (12, 22), (12, 25), (26, 6), (28, 7), (28, 9), (2, 11), (11, 4), (4, 1), (5, 8), (5, 21), (5, 25), (25, 12), (7, 16), (10, 24), (19, 9), (19, 29), (9, 8)]]","[[56.14259664193281, 113.06355477318647, 263.50622205342347, 79.38077261596433, 71.09329796565436, 176.34625494851053, 138.21355884465504, 5.895534320554261, 48.3677359184615, 52.02239544180226, 21.441557479041045, 17.259378196630628, 111.0920523275542, 224.94072088811401, 23.610674672962382, 319.03915840722317, 44.92525867604807, 35.76846684317513, 122.99476150455706, 8.389926300847133]]"
852,"[[(0, 8), (8, 14), (1, 28), (12, 22), (12, 25), (26, 6), (28, 7), (28, 9), (2, 11), (11, 4), (4, 1), (5, 8), (5, 21), (5, 25), (25, 12), (7, 16), (10, 24), (19, 9), (19, 29), (9, 8)]]","[[56.97964178490696, 29.84762485129175, 787.0656690727021, 75.73654385443083, 80.84468831015303, 157.19194073193702, 175.59030633932733, 4.2106018462744945, 69.05806449285339, 52.19394858102677, 9.83570066088177, 17.426631532828928, 112.65201265156222, 326.6368182433648, 25.376039395505742, 313.8433867676942, 66.36975669133913, 13.088551093230508, 104.3202386724323, 15.63230105435094]]"
853,"[[(0, 8), (8, 14), (1, 28), (12, 22), (12, 25), (26, 6), (28, 7), (28, 9), (2, 11), (11, 4), (4, 1), (5, 8), (5, 21), (5, 25), (25, 12), (7, 16), (10, 24), (19, 9), (19, 29), (9, 8)]]","[[85.69916752427574, 76.42270333301866, 362.37289815979386, 80.94296341931332, 83.650938299807, 176.6278012494883, 118.37113548434273, 4.350518391276725, 35.753241446722576, 53.059267483722095, 26.358869552362016, 2.7495400547647, 112.80873082948625, 307.825587526341, 24.43304985877735, 215.56713097477285, 80.88219211575701, 66.69170066794348, 201.13718970015097, 1.2244460997066255]]"
854,"[[(0, 8), (8, 14), (1, 28), (12, 22), (12, 25), (26, 6), (28, 7), (28, 9), (2, 11), (11, 4), (4, 1), (5, 8), (5, 21), (5, 25), (25, 12), (7, 16), (10, 24), (19, 9), (19, 29), (9, 8)]]","[[70.504892794796, 42.24528926559623, 472.4108179146367, 83.20057021278559, 117.15649470977222, 155.47842056336629, 318.7065049161856, 14.080842016775073, 80.87743485798067, 53.82519342126392, 17.47661335360837, 3.198866783213696, 111.19002314870714, 194.88018396969755, 24.588623514365754, 196.96820423880973, 60.77998973097065, 117.94898940759509, 259.95863379715536, 8.044193181296443]]"
855,"[[(0, 8), (8, 14), (1, 28), (12, 22), (12, 25), (26, 6), (28, 7), (28, 9), (2, 11), (11, 4), (4, 1), (5, 8), (5, 21), (5, 25), (25, 12), (7, 16), (10, 24), (19, 9), (19, 29), (9, 8)]]","[[34.57115436624951, 93.24592316887168, 435.772390218384, 78.51627325858283, 57.85165556286907, 178.83323759598153, 212.29487994578275, 6.2482283167722645, 61.64931247915948, 53.642406954835344, 25.83189644120311, 25.921478666047673, 112.34584518651788, 172.27758604646868, 21.297076887145217, 274.65190130797396, 28.13323714444374, 40.47554496837344, 60.22945525449731, 8.150815507452553]]"
856,"[[(0, 8), (8, 14), (1, 28), (12, 22), (12, 25), (26, 6), (28, 7), (28, 9), (2, 11), (11, 4), (4, 1), (5, 8), (5, 21), (5, 25), (25, 12), (7, 16), (10, 24), (19, 9), (19, 29), (9, 8)]]","[[48.99591626750894, 133.57955042890256, 528.5895400709055, 93.72599935999499, 87.16356387011834, 161.00254797378582, 470.18977595117036, 15.756975447484885, 49.40454395916871, 53.501844069586056, 12.856596032589628, 5.407872986721118, 112.02058269151347, 245.7026588337177, 12.493371625020721, 79.4634682101198, 75.02024267394094, 15.489347412863406, 66.0445954879684, 11.90850548959602]]"
857,"[[(0, 8), (8, 14), (1, 28), (12, 22), (12, 25), (26, 6), (28, 7), (28, 9), (2, 11), (11, 4), (4, 1), (5, 8), (5, 21), (5, 25), (25, 12), (7, 16), (10, 24), (19, 9), (19, 29), (9, 8)]]","[[42.23777792869802, 54.271560040382205, 587.2584511307714, 72.47412133219055, 74.99932743831548, 155.47572387496476, 94.27251136470085, 10.553724417766595, 39.216215491780616, 52.86400919954733, 28.975072762351278, 28.61908833592332, 112.77351315385461, 325.07615490202807, 24.60978186436666, 34.928371129276066, 44.09403782130906, 68.70816116991391, 199.07164312725536, 32.35708250979816]]"
858,"[[(0, 8), (8, 14), (1, 28), (12, 22), (12, 25), (26, 6), (28, 7), (28, 9), (2, 11), (11, 4), (4, 1), (5, 8), (5, 21), (5, 25), (25, 12), (7, 16), (10, 24), (19, 9), (19, 29), (9, 8)]]","[[32.363082797298475, 115.49233832397059, 613.0049546964879, 92.41860806993647, 38.74344376178675, 167.1889661189723, 428.68962510056673, 9.048962072314442, 38.9996231511378, 52.77064283590892, 23.687505143626225, 16.509253420005532, 112.54504037929905, 128.60624134514313, 19.2370084202014, 324.672568074773, 44.036421277478496, 70.58753283845436, 242.63023712333936, 10.633036506655074]]"
859,"[[(0, 8), (8, 14), (1, 28), (12, 22), (12, 25), (26, 6), (28, 7), (28, 9), (2, 11), (11, 4), (4, 1), (5, 8), (5, 21), (5, 25), (25, 12), (7, 16), (10, 24), (19, 9), (19, 29), (9, 8)]]","[[84.81262884136632, 100.22100982567832, 256.24061437630917, 86.18485153039582, 46.32072726040051, 168.0399570616526, 128.78544659501807, 7.878685354067654, 71.01472183237509, 53.874850976709695, 28.298664569254683, 4.52314033694958, 111.17662871261076, 336.6107679035826, 13.147307375630001, 172.90132570483365, 59.83701823935421, 82.34105984462609, 169.80190510890333, 32.16717538665618]]"
860,"[[(0, 8), (8, 14), (1, 28), (12, 22), (12, 25), (26, 6), (28, 7), (28, 9), (2, 11), (11, 4), (4, 1), (5, 8), (5, 21), (5, 25), (25, 12), (7, 16), (10, 24), (19, 9), (19, 29), (9, 8)]]","[[66.61685913553274, 74.72269997847, 437.9727264844936, 93.86049845677667, 81.95895271258394, 162.88287791371957, 365.1331091854205, 15.675616048546619, 43.621669880659226, 52.41117717170518, 10.090507787323771, 30.447772676973823, 112.99510749982292, 228.6294871492137, 10.975714905565193, 318.60974851298323, 58.498989411261675, 40.09647607225635, 235.4191914756715, 25.4300845380168]]"
861,"[[(0, 8), (8, 14), (1, 28), (12, 22), (12, 25), (26, 6), (28, 7), (28, 9), (2, 11), (11, 4), (4, 1), (5, 8), (5, 21), (5, 25), (25, 12), (7, 16), (10, 24), (19, 9), (19, 29), (9, 8)]]","[[65.3565803678878, 54.56316550615454, 465.97239311009423, 76.60538229041288, 50.499179240059945, 161.7643466537228, 468.4216052610691, 11.905037692662248, 67.81554352468298, 52.95787775454881, 8.215039652196332, 26.93161892698015, 111.24977521560872, 123.35873562989026, 18.980024533904547, 193.9718064545904, 59.65540676535545, 45.443339350097915, 148.8618873871029, 27.18566032093951]]"
862,"[[(0, 8), (8, 14), (1, 28), (12, 22), (12, 25), (26, 6), (28, 7), (28, 9), (2, 11), (11, 4), (4, 1), (5, 8), (5, 21), (5, 25), (25, 12), (7, 16), (10, 24), (19, 9), (19, 29), (9, 8)]]","[[31.179447870474366, 71.02537619452887, 267.339019733672, 79.38916148459505, 61.045129528502954, 180.07246910033305, 247.03648730570603, 4.849825740482325, 74.93234114636337, 52.04906241087956, 21.121176170552168, 3.052906876873063, 112.72320698594474, 292.0649647400693, 25.170705890090417, 200.90406479399266, 43.27104384979107, 39.56404278652395, 241.01904267702128, 27.43497612998293]]"
863,"[[(0, 8), (8, 14), (1, 28), (12, 22), (12, 25), (26, 6), (28, 7), (28, 9), (2, 11), (11, 4), (4, 1), (5, 8), (5, 21), (5, 25), (25, 12), (7, 16), (10, 24), (19, 9), (19, 29), (9, 8)]]","[[54.69110647473143, 123.54045462557205, 654.2470247809025, 90.45438316861159, 55.65911684325862, 157.92422669049543, 120.34478242186027, 8.708949983577861, 75.49400760501311, 53.93359814519568, 15.788568300220177, 15.587016691930778, 111.61528864618344, 224.30446476461697, 24.227556472958405, 82.90122326527631, 64.35497289488558, 111.70436368740015, 215.16366910941684, 17.39774887889745]]"
864,"[[(0, 8), (8, 14), (1, 28), (12, 22), (12, 25), (26, 6), (28, 7), (28, 9), (2, 11), (11, 4), (4, 1), (5, 8), (5, 21), (5, 25), (25, 12), (7, 16), (10, 24), (19, 9), (19, 29), (9, 8)]]","[[84.2132966056507, 165.75091791592757, 782.0937460840146, 90.62815794988518, 112.95531041525017, 154.0929475529536, 116.2333298189716, 11.801936726488226, 69.11487063170742, 52.1609896823823, 20.898878454943134, 30.67110764726939, 112.14533126539283, 306.85050897042163, 10.575238455069709, 242.13257339038242, 71.64083033155316, 43.420199679531414, 175.0183546129253, 9.1577322962155]]"
865,"[[(0, 8), (8, 14), (1, 28), (12, 22), (12, 25), (26, 6), (28, 7), (28, 9), (2, 11), (11, 4), (4, 1), (5, 8), (5, 21), (5, 25), (25, 12), (7, 16), (10, 24), (19, 9), (19, 29), (9, 8)]]","[[61.96274709093327, 36.10855026042762, 386.16442614655625, 84.22571300471395, 135.40430893718576, 165.08001343970136, 160.00208096217312, 16.01471165160954, 71.71506669326645, 52.762337097926334, 22.59617661785351, 29.65707146634132, 111.84344337898878, 324.4633176041589, 25.62816447631912, 242.05722249520653, 38.148298404393614, 80.29312612645094, 115.30378917193632, 18.429739631953034]]"
866,"[[(0, 8), (8, 14), (1, 28), (12, 22), (12, 25), (26, 6), (28, 7), (28, 9), (2, 11), (11, 4), (4, 1), (5, 8), (5, 21), (5, 25), (25, 12), (7, 16), (10, 24), (19, 9), (19, 29), (9, 8)]]","[[46.42736120081111, 169.85021825093344, 318.30145617518826, 79.32537760030753, 157.74819489184944, 176.14048103624194, 203.6176309348275, 4.760678990775034, 28.537993024147845, 52.10468206662896, 21.89875037138841, 12.083968832786095, 111.65079427384589, 119.92093926539815, 22.601407221795252, 60.7938511922738, 70.47680926842398, 38.267228050373284, 109.51465077687772, 30.59367097612432]]"
867,"[[(0, 8), (8, 14), (1, 28), (12, 22), (12, 25), (26, 6), (28, 7), (28, 9), (2, 11), (11, 4), (4, 1), (5, 8), (5, 21), (5, 25), (25, 12), (7, 16), (10, 24), (19, 9), (19, 29), (9, 8)]]","[[45.480076909485774, 145.97261789754694, 710.0813277882393, 80.95984179352851, 152.45784899182442, 158.57171115387638, 544.9777901589586, 4.133945571313564, 79.4922564982225, 52.32199369583253, 16.305498259228596, 30.963695365040635, 111.76090309121842, 172.80734489303995, 20.69492403267847, 236.74743180055145, 29.137861976523677, 59.526135905359496, 188.50802049778, 22.55224779949722]]"
868,"[[(0, 8), (8, 14), (1, 28), (12, 22), (12, 25), (26, 6), (28, 7), (28, 9), (2, 11), (11, 4), (4, 1), (5, 8), (5, 21), (5, 25), (25, 12), (7, 16), (10, 24), (19, 9), (19, 29), (9, 8)]]","[[88.81731822994627, 181.88572104655043, 476.9249173518526, 83.88412297792084, 48.14010606218531, 157.07463624361677, 157.08113874000298, 13.98946469172151, 45.12407997168937, 52.67889142513696, 16.785260056042226, 4.305009143317861, 112.51450456229195, 100.293673962923, 21.915480382228886, 175.7880137932306, 26.079666646596504, 89.04719291157195, 79.95450196575204, 26.524090251806662]]"
869,"[[(0, 8), (8, 14), (1, 28), (12, 22), (12, 25), (26, 6), (28, 7), (28, 9), (2, 11), (11, 4), (4, 1), (5, 8), (5, 21), (5, 25), (25, 12), (7, 16), (10, 24), (19, 9), (19, 29), (9, 8)]]","[[63.780686381278926, 63.693094346779816, 322.62927614006446, 84.95162100998756, 102.31601588085199, 175.011726955548, 43.8960635751134, 14.901155576635919, 27.490573288769397, 52.7328672862785, 20.353561746841173, 33.174601370213345, 111.59520836344821, 268.1772602582603, 15.62477484507705, 260.8842204455012, 59.06556033667041, 29.14682330105257, 214.16244295923605, 8.80123238055543]]"
870,"[[(0, 8), (8, 14), (1, 28), (12, 22), (12, 25), (26, 6), (28, 7), (28, 9), (2, 11), (11, 4), (4, 1), (5, 8), (5, 21), (5, 25), (25, 12), (7, 16), (10, 24), (19, 9), (19, 29), (9, 8)]]","[[84.3965782215285, 121.85664110420527, 721.1807677837487, 80.07984242491617, 52.72830138925555, 152.17569574856347, 314.2633317693838, 15.335295606525175, 36.58829156078264, 53.870569214306684, 31.507364371132788, 33.297885770375615, 111.83442093466714, 333.7758826320437, 15.232313885816007, 249.90637249627943, 72.53283142731829, 24.63387051026676, 224.24838926137622, 24.974498622878617]]"
871,"[[(0, 8), (8, 14), (1, 28), (12, 22), (12, 25), (26, 6), (28, 7), (28, 9), (2, 11), (11, 4), (4, 1), (5, 8), (5, 21), (5, 25), (25, 12), (7, 16), (10, 24), (19, 9), (19, 29), (9, 8)]]","[[81.76384577993107, 65.37807710633858, 703.817693862009, 92.75727042576779, 38.44192308574174, 172.44341916740683, 50.55067418591098, 15.853240692120615, 39.44085441402146, 52.39049059848141, 27.777943533397575, 28.154646271384113, 112.45460977925988, 238.0825820933779, 22.647924266079592, 129.13286404517714, 23.294296807473692, 32.321712241158146, 108.74182042887394, 15.166233125751994]]"
872,"[[(0, 8), (8, 14), (1, 28), (12, 22), (12, 25), (26, 6), (28, 7), (28, 9), (2, 11), (11, 4), (4, 1), (5, 8), (5, 21), (5, 25), (25, 12), (7, 16), (10, 24), (19, 9), (19, 29), (9, 8)]]","[[85.91043063451953, 25.989867034051407, 318.1286428398947, 76.32598023235424, 91.09141146114845, 159.42774959285188, 398.8278876418331, 8.816514236424641, 53.383813779804775, 53.55908570837746, 9.371857045935222, 33.588802811417466, 111.88217615069655, 317.66992179934994, 16.108844712649862, 221.81960922396172, 57.39316103360757, 96.00239650417043, 211.13884008798286, 14.6047703678103]]"
873,"[[(0, 8), (8, 14), (1, 28), (12, 22), (12, 25), (26, 6), (28, 7), (28, 9), (2, 11), (11, 4), (4, 1), (5, 8), (5, 21), (5, 25), (25, 12), (7, 16), (10, 24), (19, 9), (19, 29), (9, 8)]]","[[52.34792919928502, 101.43972751484353, 212.9045661121714, 76.03371923250873, 114.26025373660583, 172.15387331940684, 430.24935361076416, 7.9695714265617275, 37.15948243032381, 53.8662000074725, 25.615616413793948, 11.640804363746474, 111.80786985984103, 114.65114005985919, 21.13374117268799, 249.38923573431526, 73.21012819611654, 110.12214882001301, 174.07111409179979, 19.30582307368049]]"
874,"[[(0, 8), (8, 14), (1, 28), (12, 22), (12, 25), (26, 6), (28, 7), (28, 9), (2, 11), (11, 4), (4, 1), (5, 8), (5, 21), (5, 25), (25, 12), (7, 16), (10, 24), (19, 9), (19, 29), (9, 8)]]","[[55.842893154152115, 40.36053609865076, 404.41975754501266, 76.61972580836145, 137.38937692786487, 171.21840188154283, 394.03134861852556, 13.602966848681815, 58.57683829366034, 53.32830073826599, 15.497812973165495, 16.240314283325365, 111.84320550879323, 305.69004393137016, 22.426667949077725, 315.80982980252503, 79.43258524577212, 31.098787264746502, 94.14404904334768, 2.385480318510865]]"
875,"[[(0, 8), (8, 14), (1, 28), (12, 22), (12, 25), (26, 6), (28, 7), (28, 9), (2, 11), (11, 4), (4, 1), (5, 8), (5, 21), (5, 25), (25, 12), (7, 16), (10, 24), (19, 9), (19, 29), (9, 8)]]","[[89.63801353771566, 40.180667664780685, 402.9421253921115, 89.03551217246493, 73.49213382065857, 169.98090880413793, 145.6736551952566, 15.633031500736642, 70.29332538876429, 53.558988190830576, 27.57737229138583, 15.71589041881521, 111.96715154067321, 125.88950453052605, 16.8269278960415, 47.847228151462126, 45.41233737335679, 110.6960169937199, 161.41962616723117, 27.600300018741226]]"
876,"[[(0, 8), (8, 14), (1, 28), (12, 22), (12, 25), (26, 6), (28, 7), (28, 9), (2, 11), (11, 4), (4, 1), (5, 8), (5, 21), (5, 25), (25, 12), (7, 16), (10, 24), (19, 9), (19, 29), (9, 8)]]","[[53.81709896996264, 143.4750272632984, 589.3643074805461, 82.00117836918587, 103.65277693752698, 156.1370673136128, 398.8421056048962, 3.458443974298411, 59.639600550865595, 53.97736009421357, 24.20881963834266, 0.7867819824031481, 112.39054748284886, 333.390377130391, 11.011639179321378, 129.62026575192476, 60.53810379246036, 24.292970640240732, 256.67215663555703, 15.666828954349537]]"
877,"[[(0, 8), (8, 14), (1, 28), (12, 22), (12, 25), (26, 6), (28, 7), (28, 9), (2, 11), (11, 4), (4, 1), (5, 8), (5, 21), (5, 25), (25, 12), (7, 16), (10, 24), (19, 9), (19, 29), (9, 8)]]","[[81.42080459144364, 158.9860941027969, 776.4606427084966, 78.609832762351, 127.65671688222946, 161.54135199589578, 171.42913603634315, 7.477855853822135, 64.55276378840355, 53.63959528682789, 25.62442691854658, 33.089681043747625, 112.40637350914865, 305.5421654472468, 13.839117815940673, 293.03635239367765, 37.35109341688084, 79.15023781799613, 82.58535360713367, 11.738923987428976]]"
878,"[[(0, 8), (8, 14), (1, 28), (12, 22), (12, 25), (26, 6), (28, 7), (28, 9), (2, 11), (11, 4), (4, 1), (5, 8), (5, 21), (5, 25), (25, 12), (7, 16), (10, 24), (19, 9), (19, 29), (9, 8)]]","[[43.06783329653272, 172.96511308478355, 763.013579593301, 82.97925018293847, 35.9812964245151, 169.3381445994467, 486.30820443543604, 16.035572866990783, 72.4926670624547, 52.411866235641625, 6.818629393121395, 33.90341066128768, 112.74898100326149, 101.26868577363454, 11.383143035819494, 178.16904891442044, 37.881347865188786, 80.47733818052728, 66.0979816834199, 14.99084672456031]]"
879,"[[(0, 8), (8, 14), (1, 28), (12, 22), (12, 25), (26, 6), (28, 7), (28, 9), (2, 11), (11, 4), (4, 1), (5, 8), (5, 21), (5, 25), (25, 12), (7, 16), (10, 24), (19, 9), (19, 29), (9, 8)]]","[[58.4647555224983, 62.953809311122235, 477.49314781045604, 91.42999046204963, 152.37534182814198, 169.265039371337, 297.1928614343545, 15.999391285760844, 75.53310632447656, 53.624370463067464, 29.85053882015522, 24.115553959291667, 112.08138991557098, 130.72519492687138, 13.02141648634806, 76.60731760439461, 60.60639065332201, 112.96657718257207, 100.6726358750058, 11.685438097410334]]"
880,"[[(0, 8), (8, 14), (1, 28), (12, 22), (12, 25), (26, 6), (28, 7), (28, 9), (2, 11), (11, 4), (4, 1), (5, 8), (5, 21), (5, 25), (25, 12), (7, 16), (10, 24), (19, 9), (19, 29), (9, 8)]]","[[91.7178419492205, 132.2789105557311, 241.49738831794195, 78.6265214715578, 128.60721529477064, 153.95028338636445, 321.560549496441, 13.36156088878139, 63.71338578690653, 53.7258542199368, 9.66451925757552, 7.436607314020499, 111.67493838353039, 209.9835123218487, 19.60807195689272, 161.86169217914843, 81.98802601401837, 36.53905539763114, 116.5884961790212, 6.196624648658876]]"
881,"[[(0, 8), (8, 14), (1, 28), (12, 22), (12, 25), (26, 6), (28, 7), (28, 9), (2, 11), (11, 4), (4, 1), (5, 8), (5, 21), (5, 25), (25, 12), (7, 16), (10, 24), (19, 9), (19, 29), (9, 8)]]","[[76.51792658932744, 25.402837695408685, 285.3660566158821, 92.01171656116854, 109.53204694420091, 170.57544208326112, 169.6982069922891, 5.300779259811373, 23.83884219893155, 53.88869433677039, 20.154921417701566, 27.810347569795724, 112.11945131814196, 281.7316661773647, 10.542326755551496, 131.80366229731047, 59.39601827929694, 44.74566181067456, 260.2674987511374, 11.872073086677926]]"
882,"[[(0, 8), (8, 14), (1, 28), (12, 22), (12, 25), (26, 6), (28, 7), (28, 9), (2, 11), (11, 4), (4, 1), (5, 8), (5, 21), (5, 25), (25, 12), (7, 16), (10, 24), (19, 9), (19, 29), (9, 8)]]","[[71.23522257545014, 107.99948056342477, 791.3928767961669, 77.92942558775391, 157.25941919890255, 153.89174839865518, 405.55714343021646, 11.161090560706143, 40.69657792377532, 53.640115292155535, 29.933280639361026, 30.56406873024865, 112.92159287833101, 227.81744721046357, 20.962356530460383, 84.18470317564056, 71.77163623576166, 74.21576375983508, 172.02729533471972, 17.409026515800967]]"
883,"[[(0, 8), (8, 14), (1, 28), (12, 22), (12, 25), (26, 6), (28, 7), (28, 9), (2, 11), (11, 4), (4, 1), (5, 8), (5, 21), (5, 25), (25, 12), (7, 16), (10, 24), (19, 9), (19, 29), (9, 8)]]","[[88.86273654553963, 38.74043539975759, 727.011124786781, 86.18291357213052, 77.01314938238141, 176.2765548080495, 91.43247355144214, 14.790853868864128, 27.86901241424458, 53.213961624813315, 11.783794099069816, 32.12610838435522, 111.59473391039568, 303.343967435066, 14.860808685646166, 210.75508760925734, 75.29469775348865, 41.93817056722574, 227.17802597348066, 22.085687808223618]]"
884,"[[(0, 8), (8, 14), (1, 28), (12, 22), (12, 25), (26, 6), (28, 7), (28, 9), (2, 11), (11, 4), (4, 1), (5, 8), (5, 21), (5, 25), (25, 12), (7, 16), (10, 24), (19, 9), (19, 29), (9, 8)]]","[[65.46324530191922, 80.7663951500919, 399.79227919478285, 84.50954584031057, 157.2944367511138, 171.7863075691468, 139.21232559699376, 10.229251905838023, 25.42048419883099, 52.666793253602776, 19.388449224428964, 34.37938594756542, 112.83292336522564, 330.16102685857607, 20.056910124056238, 41.43467014969685, 63.70229366793222, 106.51643886143822, 214.04924453302723, 31.807254371047517]]"
885,"[[(0, 8), (8, 14), (1, 28), (12, 22), (12, 25), (26, 6), (28, 7), (28, 9), (2, 11), (11, 4), (4, 1), (5, 8), (5, 21), (5, 25), (25, 12), (7, 16), (10, 24), (19, 9), (19, 29), (9, 8)]]","[[63.47746280372905, 62.01136772529968, 431.40746322787714, 81.62246065466033, 93.00351260295089, 171.42450503969616, 30.209458437282073, 10.455048203030884, 60.738316405415375, 53.10022245334465, 25.35084630919892, 25.78567931604286, 112.66557655254738, 105.70387647979382, 21.20000915933651, 80.76793743302262, 56.73275260905901, 46.59350962319257, 185.76450987215395, 27.816776852573255]]"
886,"[[(0, 8), (8, 14), (1, 28), (12, 22), (12, 25), (26, 6), (28, 7), (28, 9), (2, 11), (11, 4), (4, 1), (5, 8), (5, 21), (5, 25), (25, 12), (7, 16), (10, 24), (19, 9), (19, 29), (9, 8)]]","[[87.16116248318602, 41.99994202874061, 486.64446008558684, 93.6454686645087, 156.9999523613567, 154.51145478729433, 248.3220382134438, 15.604466733305657, 47.779307861651105, 52.6996483982832, 16.996303139702647, 6.387904080103433, 112.51340513939412, 303.9321123568246, 17.864187932335568, 83.08799250149784, 53.50511723503361, 16.07522262105127, 139.87978084231364, 13.066285145759831]]"
887,"[[(0, 8), (8, 14), (1, 28), (12, 22), (12, 25), (26, 6), (28, 7), (28, 9), (2, 11), (11, 4), (4, 1), (5, 8), (5, 21), (5, 25), (25, 12), (7, 16), (10, 24), (19, 9), (19, 29), (9, 8)]]","[[57.55941472537495, 142.43508424932676, 336.7057201002206, 89.83903950338068, 96.89201507904076, 161.04964120972488, 387.3143601193806, 4.930081551480586, 40.091812427362015, 52.926526458513635, 13.755140427087877, 11.68122972655345, 112.55895034098252, 261.60926913409173, 14.058077069207815, 40.07711151584012, 64.26701688159022, 112.31456969951171, 218.1446597564763, 31.905197108981447]]"
888,"[[(0, 8), (8, 14), (1, 28), (12, 22), (12, 25), (26, 6), (28, 7), (28, 9), (2, 11), (11, 4), (4, 1), (5, 8), (5, 21), (5, 25), (25, 12), (7, 16), (10, 24), (19, 9), (19, 29), (9, 8)]]","[[49.64673649633234, 124.95364532557727, 320.8830977867243, 92.26630847054312, 76.11589901381925, 169.5802720377388, 287.23681544102095, 12.89239869080122, 32.0355204928261, 53.97564878624837, 16.212970421275273, 4.980210621305647, 112.29946448515592, 228.47730478605294, 23.243790901567987, 88.9028819253955, 70.73099259607818, 52.243145837602654, 93.79468863807378, 32.562389664520765]]"
889,"[[(0, 8), (8, 14), (1, 28), (12, 22), (12, 25), (26, 6), (28, 7), (28, 9), (2, 11), (11, 4), (4, 1), (5, 8), (5, 21), (5, 25), (25, 12), (7, 16), (10, 24), (19, 9), (19, 29), (9, 8)]]","[[63.16749341247841, 43.715086020824856, 201.076692740603, 84.13655742773838, 102.16574673333675, 169.08906088763638, 529.9424620325929, 13.185341530963662, 66.9737628561213, 52.10900371404003, 28.527973414947247, 20.037413707209964, 112.30597828915654, 273.90678398246484, 16.822151788331965, 153.43229658172996, 36.61958889392712, 81.65988189898358, 95.47287386431745, 29.347536279558245]]"
890,"[[(0, 8), (8, 14), (1, 28), (12, 22), (12, 25), (26, 6), (28, 7), (28, 9), (2, 11), (11, 4), (4, 1), (5, 8), (5, 21), (5, 25), (25, 12), (7, 16), (10, 24), (19, 9), (19, 29), (9, 8)]]","[[29.836757454643884, 57.30213429405447, 221.53753847667392, 76.83732305157054, 152.93244144255257, 179.14607394519714, 491.2448918296285, 16.972969097000423, 43.77572933076671, 52.140775083619545, 11.31619354568108, 30.7665193002841, 112.32856264844159, 201.05629477883775, 18.5894168114769, 195.16590201638527, 45.742941416286115, 93.50588932287262, 118.38252131882797, 31.75478794642249]]"
891,"[[(0, 8), (8, 14), (1, 28), (12, 22), (12, 25), (26, 6), (28, 7), (28, 9), (2, 11), (11, 4), (4, 1), (5, 8), (5, 21), (5, 25), (25, 12), (7, 16), (10, 24), (19, 9), (19, 29), (9, 8)]]","[[84.51181453984321, 35.81028659477795, 545.6550505148008, 84.86985635291329, 154.73422493247668, 175.19946024631076, 262.653569167908, 14.12292886657395, 46.46786115615034, 52.52100947954319, 26.69434658943023, 33.81057120969765, 112.56435666398322, 140.99156800457354, 24.11611034119298, 102.17971815352108, 36.143605532740246, 38.49749661445068, 97.08693850921688, 21.233477724891483]]"
892,"[[(0, 8), (8, 14), (1, 28), (12, 22), (12, 25), (26, 6), (28, 7), (28, 9), (2, 11), (11, 4), (4, 1), (5, 8), (5, 21), (5, 25), (25, 12), (7, 16), (10, 24), (19, 9), (19, 29), (9, 8)]]","[[48.043642863883285, 43.83615760524408, 343.2624361759873, 90.91049521510604, 146.87184756938655, 179.92856390297538, 34.55720033450933, 9.595510742355886, 64.09830177269913, 53.8034462254674, 10.697573531068265, 22.37853192517564, 111.23266325950505, 294.4744391088445, 18.651533091978326, 294.7691017017526, 25.928755328370436, 41.29959470340445, 90.49604640012147, 23.68793253684844]]"
893,"[[(0, 8), (8, 14), (1, 28), (12, 22), (12, 25), (26, 6), (28, 7), (28, 9), (2, 11), (11, 4), (4, 1), (5, 8), (5, 21), (5, 25), (25, 12), (7, 16), (10, 24), (19, 9), (19, 29), (9, 8)]]","[[70.39236978251594, 41.8733884324674, 562.4403980728914, 78.989120810031, 85.87434628115082, 180.97958023446304, 283.1526650330392, 16.434337892107422, 30.579677760861323, 52.40417712207055, 25.487056497632942, 20.457112565617532, 112.72737518754468, 215.37306751144052, 15.378758719021533, 292.3020790544683, 75.96469558446478, 49.266135757380724, 93.38934529980536, 11.205843865083505]]"
894,"[[(0, 8), (8, 14), (1, 28), (12, 22), (12, 25), (26, 6), (28, 7), (28, 9), (2, 11), (11, 4), (4, 1), (5, 8), (5, 21), (5, 25), (25, 12), (7, 16), (10, 24), (19, 9), (19, 29), (9, 8)]]","[[63.08484301257648, 35.467754534258674, 319.2815891570359, 90.3276357644551, 105.15453336701012, 179.91245166393804, 159.8364491370933, 6.832027686221084, 33.56354569758791, 52.34518940288764, 4.86272089231287, 9.308509125211682, 112.23503157959522, 295.0569117171598, 24.67694257142236, 165.49372402059052, 72.76132174647131, 20.706151530460925, 91.41193192398511, 18.292702530787466]]"
895,"[[(0, 8), (8, 14), (1, 28), (12, 22), (12, 25), (26, 6), (28, 7), (28, 9), (2, 11), (11, 4), (4, 1), (5, 8), (5, 21), (5, 25), (25, 12), (7, 16), (10, 24), (19, 9), (19, 29), (9, 8)]]","[[58.760770123323354, 28.802906644276817, 614.9659203970668, 76.21543216415205, 45.236130881864206, 166.8727251180703, 492.3995967049468, 9.910747696400644, 80.49006376180071, 53.76533931847022, 21.599006909311314, 32.25043666689916, 112.8522073012015, 323.03437139589823, 15.432646356562364, 82.37587215306606, 78.48184261460312, 110.53807500026691, 108.15077508622302, 9.55852073555809]]"
896,"[[(0, 8), (8, 14), (1, 28), (12, 22), (12, 25), (26, 6), (28, 7), (28, 9), (2, 11), (11, 4), (4, 1), (5, 8), (5, 21), (5, 25), (25, 12), (7, 16), (10, 24), (19, 9), (19, 29), (9, 8)]]","[[74.57651685166968, 156.08058923966007, 211.69279515507145, 88.12951746869632, 117.78320266361892, 174.57997088004237, 203.1551612352845, 11.72839433795353, 46.43193323653336, 53.041945472143205, 27.617266274234932, 15.478516127398924, 111.40677529989843, 126.67037315807588, 11.205064338363215, 152.44310442239862, 51.53681360896756, 59.764866655468836, 238.96119403981493, 11.674087026202717]]"
897,"[[(0, 8), (8, 14), (1, 28), (12, 22), (12, 25), (26, 6), (28, 7), (28, 9), (2, 11), (11, 4), (4, 1), (5, 8), (5, 21), (5, 25), (25, 12), (7, 16), (10, 24), (19, 9), (19, 29), (9, 8)]]","[[42.29724837096062, 76.35657662888464, 462.5695875016327, 73.89244539224907, 79.31440712822226, 155.17126120567616, 498.6822438875264, 3.423555763708415, 30.078793195870155, 53.39965837718352, 17.197352802334727, 29.43900345462427, 112.20497236668058, 288.64667194080346, 15.038750921029548, 241.12083330168105, 75.53215395041428, 55.209846583432714, 70.9913834112636, 16.131759385806514]]"
898,"[[(0, 8), (8, 14), (1, 28), (12, 22), (12, 25), (26, 6), (28, 7), (28, 9), (2, 11), (11, 4), (4, 1), (5, 8), (5, 21), (5, 25), (25, 12), (7, 16), (10, 24), (19, 9), (19, 29), (9, 8)]]","[[69.33237410902805, 139.19923585827067, 315.88097261899975, 86.80235519893925, 93.20110549603926, 154.46151387660913, 566.9916926964742, 10.954116625053885, 69.88581250892088, 53.86041927387669, 8.923678325743612, 33.47354056420431, 112.28653928235413, 216.8461454417814, 15.20256655221106, 304.0058960641794, 28.36496419183921, 45.61761471569781, 153.00915399505982, 9.259304617348313]]"
899,"[[(0, 8), (8, 14), (1, 28), (12, 22), (12, 25), (26, 6), (28, 7), (28, 9), (2, 11), (11, 4), (4, 1), (5, 8), (5, 21), (5, 25), (25, 12), (7, 16), (10, 24), (19, 9), (19, 29), (9, 8)]]","[[39.86104694140173, 132.0430393242977, 341.9715335386626, 83.97044589807989, 69.91752508951191, 160.91341108582662, 36.06116288356991, 8.365815422495523, 57.53055057188568, 52.14496136292023, 4.011214085648493, 12.633102448283125, 112.23303069811413, 336.9530164226702, 13.749248787266565, 97.88064735270935, 26.940044290804032, 15.807401277224216, 216.7233503904263, 5.787276038281902]]"
900,"[[(0, 8), (8, 14), (1, 28), (12, 22), (12, 25), (26, 6), (28, 7), (28, 9), (2, 11), (11, 4), (4, 1), (5, 8), (5, 21), (5, 25), (25, 12), (7, 16), (10, 24), (19, 9), (19, 29), (9, 8)]]","[[68.16902979200626, 136.92199079243704, 317.3691344454616, 85.79696894576634, 103.11496092704783, 177.05527784487327, 499.87094560061803, 7.327007667879996, 27.08787180537933, 53.53481570338365, 16.97649119965992, 0.00971448571986322, 111.42005555904323, 264.3909053552949, 23.6483558753689, 182.44831189737295, 72.87206320450204, 80.1579031427609, 134.18035478780365, 10.858670962768418]]"
901,"[[(0, 8), (8, 14), (1, 28), (12, 22), (12, 25), (26, 6), (28, 7), (28, 9), (2, 11), (11, 4), (4, 1), (5, 8), (5, 21), (5, 25), (25, 12), (7, 16), (10, 24), (19, 9), (19, 29), (9, 8)]]","[[89.49683990823567, 89.66276393756793, 368.58245777252955, 80.02468295692219, 73.01482218831885, 156.2453436908216, 519.961685718082, 4.550452409798662, 59.295803413488514, 52.68817518947071, 28.635368239404347, 27.990681015238984, 112.40962794006231, 307.6813933771764, 15.475833758857407, 11.491406279983932, 57.526422045464535, 113.53486146679333, 197.63532273893213, 2.8464940842209145]]"
902,"[[(0, 8), (8, 14), (1, 28), (12, 22), (12, 25), (26, 6), (28, 7), (28, 9), (2, 11), (11, 4), (4, 1), (5, 8), (5, 21), (5, 25), (25, 12), (7, 16), (10, 24), (19, 9), (19, 29), (9, 8)]]","[[48.22387023829069, 115.99215477326162, 550.9036798176611, 93.28869773367025, 42.45745296088544, 154.57325241270686, 104.80425579616357, 8.563099536630483, 22.976031537971934, 52.97236883219743, 7.615446689885705, 2.2209158916892977, 111.56118343299174, 274.5791653397894, 24.062878505818365, 51.30601221792668, 62.954721434295976, 79.48384258548508, 187.03461451579534, 4.751990034256654]]"
903,"[[(0, 8), (8, 14), (1, 28), (12, 22), (12, 25), (26, 6), (28, 7), (28, 9), (2, 11), (11, 4), (4, 1), (5, 8), (5, 21), (5, 25), (25, 12), (7, 16), (10, 24), (19, 9), (19, 29), (9, 8)]]","[[34.084689306255704, 58.254290161206434, 537.9165223430514, 93.86265352504121, 122.02393666278503, 166.58771058627548, 102.02154848231109, 10.04197655842401, 37.46801291100553, 52.698780008007176, 13.440294927207812, 2.5610737014153258, 111.29385312482755, 267.7395664917167, 13.852209806692203, 322.25651856052383, 35.60689018984776, 69.25665396476506, 209.5063262045617, 22.75997305795264]]"
904,"[[(0, 8), (8, 14), (1, 28), (12, 22), (12, 25), (26, 6), (28, 7), (28, 9), (2, 11), (11, 4), (4, 1), (5, 8), (5, 21), (5, 25), (25, 12), (7, 16), (10, 24), (19, 9), (19, 29), (9, 8)]]","[[36.83183892727775, 80.36118404925415, 365.0459188724749, 84.48988260142522, 62.529116756628056, 163.379357263309, 400.8002461274289, 9.997871912466225, 34.904720852282196, 53.238789500976765, 31.6669975096677, 21.116138494519046, 111.94055381623241, 201.59613186901993, 25.22663710174254, 58.31553678727422, 36.47571087598051, 86.75642018773345, 57.90715338831354, 21.077592839870928]]"
905,"[[(0, 8), (8, 14), (1, 28), (12, 22), (12, 25), (26, 6), (28, 7), (28, 9), (2, 11), (11, 4), (4, 1), (5, 8), (5, 21), (5, 25), (25, 12), (7, 16), (10, 24), (19, 9), (19, 29), (9, 8)]]","[[67.93490980017053, 172.0534014786501, 239.54917838729997, 78.83019894879268, 137.5273587482931, 160.53502487676585, 549.308262197581, 3.9109862911868274, 74.43939207453603, 53.61279451487896, 28.559148849023178, 6.839006843753795, 112.65226452889004, 121.33803114496527, 19.703204431279197, 131.8692802338347, 64.89807825600982, 90.1609352750917, 98.290289277125, 25.24850746715438]]"
906,"[[(0, 8), (8, 14), (1, 28), (12, 22), (12, 25), (26, 6), (28, 7), (28, 9), (2, 11), (11, 4), (4, 1), (5, 8), (5, 21), (5, 25), (25, 12), (7, 16), (10, 24), (19, 9), (19, 29), (9, 8)]]","[[29.421417942167018, 86.64531517477907, 766.1534212152936, 87.5715612376477, 132.03007053547955, 168.14222408588785, 386.8019236275458, 7.406076519250018, 41.79841361666018, 52.52640714029842, 27.039050370610862, 31.396641316213366, 112.51158901420796, 109.17122128062942, 20.07196396688271, 209.6290991330513, 55.227450541947796, 92.06749332849233, 80.96015900755862, 31.431182580162098]]"
907,"[[(0, 8), (8, 14), (1, 28), (12, 22), (12, 25), (26, 6), (28, 7), (28, 9), (2, 11), (11, 4), (4, 1), (5, 8), (5, 21), (5, 25), (25, 12), (7, 16), (10, 24), (19, 9), (19, 29), (9, 8)]]","[[46.33612693867179, 166.3239286008663, 668.9550257814119, 72.16432900695385, 162.46863359519, 163.25219437307126, 516.9282004017994, 8.080487753575872, 32.119253752703294, 53.81982041891759, 28.471430743460598, 6.037650273487937, 111.63467111826093, 294.3752463836587, 16.33053457015124, 300.9210960445108, 40.198033547412734, 39.49737974591346, 239.89955139131166, 27.39937944826439]]"
908,"[[(0, 8), (8, 14), (1, 28), (12, 22), (12, 25), (26, 6), (28, 7), (28, 9), (2, 11), (11, 4), (4, 1), (5, 8), (5, 21), (5, 25), (25, 12), (7, 16), (10, 24), (19, 9), (19, 29), (9, 8)]]","[[86.61115465962448, 48.327086470186124, 254.41854972452842, 75.20689768711256, 111.20375014214696, 165.42680084980023, 219.6649553893212, 11.727605828493687, 54.49880819883383, 53.37292007000843, 5.6106296185260724, 9.441548974393216, 112.57444442431706, 326.65539938528303, 12.83656178087612, 234.44801991156896, 54.226277805409346, 91.18107405354631, 245.0631595252145, 15.48390231109412]]"
909,"[[(0, 8), (8, 14), (1, 28), (12, 22), (12, 25), (26, 6), (28, 7), (28, 9), (2, 11), (11, 4), (4, 1), (5, 8), (5, 21), (5, 25), (25, 12), (7, 16), (10, 24), (19, 9), (19, 29), (9, 8)]]","[[51.26478768336884, 154.25485356516697, 656.1187276920787, 73.02862849054851, 115.87860375703043, 164.30360725248448, 504.54707315341125, 10.030315033700788, 66.33680976736062, 53.250825727008475, 5.040830596881175, 30.57383318815335, 111.77815306537028, 290.4773665253913, 23.437043422226026, 312.2389235207944, 59.28912591024523, 67.27256283368378, 203.9138896578298, 7.4435278986069235]]"
910,"[[(0, 8), (8, 14), (1, 28), (12, 22), (12, 25), (26, 6), (28, 7), (28, 9), (2, 11), (11, 4), (4, 1), (5, 8), (5, 21), (5, 25), (25, 12), (7, 16), (10, 24), (19, 9), (19, 29), (9, 8)]]","[[60.08854048070943, 148.2939841325751, 300.6101336346917, 81.92007618585302, 53.42156436592306, 155.6354926424872, 83.09056943265597, 8.985374503721282, 80.84175463334111, 53.303062459267366, 11.540742243711986, 33.03148931763285, 111.21769441062547, 162.87916097091923, 16.99415166944437, 214.83673036306203, 49.835422334582674, 117.08099402393334, 186.58017786396536, 1.0581726097722886]]"
911,"[[(0, 8), (8, 14), (1, 28), (12, 22), (12, 25), (26, 6), (28, 7), (28, 9), (2, 11), (11, 4), (4, 1), (5, 8), (5, 21), (5, 25), (25, 12), (7, 16), (10, 24), (19, 9), (19, 29), (9, 8)]]","[[33.763897664531385, 60.54146968936963, 206.14337933731417, 81.0044383827225, 161.86383530940878, 158.30169863500254, 175.40244616562074, 6.523256797643769, 31.895618517176075, 52.55117121263567, 5.358473220839071, 1.252002770878851, 111.7882700922769, 326.27063103894994, 23.63081779920911, 128.89464023188447, 66.07547701838192, 24.541667009638005, 202.92479299175278, 24.468914346637952]]"
912,"[[(0, 8), (8, 14), (1, 28), (12, 22), (12, 25), (26, 6), (28, 7), (28, 9), (2, 11), (11, 4), (4, 1), (5, 8), (5, 21), (5, 25), (25, 12), (7, 16), (10, 24), (19, 9), (19, 29), (9, 8)]]","[[52.32619671580575, 163.37263135171625, 764.1827124528045, 79.60304308166671, 145.23293277000522, 155.02424467718498, 328.7494193373927, 13.108334185793732, 42.28535501729459, 53.505939840488175, 16.61010872365878, 9.853608961801813, 111.56654493124933, 269.49886952340665, 23.523385872034517, 279.3883335355758, 59.90392409667146, 85.12325336185974, 103.24988273669346, 7.4435382317667305]]"
913,"[[(0, 8), (8, 14), (1, 28), (12, 22), (12, 25), (26, 6), (28, 7), (28, 9), (2, 11), (11, 4), (4, 1), (5, 8), (5, 21), (5, 25), (25, 12), (7, 16), (10, 24), (19, 9), (19, 29), (9, 8)]]","[[53.64853721866412, 149.08445682746884, 360.92026588017546, 85.12246565098916, 107.22250704468975, 169.09125889275182, 456.049495934281, 15.352404260268369, 66.9938189115449, 53.88476620331595, 25.37455151885343, 24.96505653876529, 112.91532816000924, 112.41188070854, 23.113269374967935, 12.635386470497139, 33.72405060183482, 37.03820669990415, 191.52599069299038, 28.251538102978365]]"
914,"[[(0, 8), (8, 14), (1, 28), (12, 22), (12, 25), (26, 6), (28, 7), (28, 9), (2, 11), (11, 4), (4, 1), (5, 8), (5, 21), (5, 25), (25, 12), (7, 16), (10, 24), (19, 9), (19, 29), (9, 8)]]","[[48.68112923362208, 135.73457622210668, 306.0405041573788, 72.9341813905637, 41.496698552513664, 152.76271191125423, 462.12113771977437, 4.378740622885482, 43.14459924702801, 52.34509334375333, 6.771226637908293, 20.01051160315432, 112.79099250033202, 337.720104996817, 24.51290304564848, 165.0332916490603, 74.04352623135827, 108.79589373960044, 232.84021983116926, 8.264872176049494]]"
915,"[[(0, 8), (8, 14), (1, 28), (12, 22), (12, 25), (26, 6), (28, 7), (28, 9), (2, 11), (11, 4), (4, 1), (5, 8), (5, 21), (5, 25), (25, 12), (7, 16), (10, 24), (19, 9), (19, 29), (9, 8)]]","[[38.386688443372606, 137.550906445121, 463.2363672692024, 72.68422365770472, 58.455172167659555, 156.1368688112354, 76.79738491067643, 8.021427854964848, 30.705957799787512, 53.59822176541684, 5.637597997821924, 4.866405556204419, 112.72675577954466, 186.94469776127755, 13.058824087659547, 17.538410802729796, 72.24324114841119, 111.9715628459584, 174.04786518074076, 10.051609495184717]]"
916,"[[(0, 8), (8, 14), (1, 28), (12, 22), (12, 25), (26, 6), (28, 7), (28, 9), (2, 11), (11, 4), (4, 1), (5, 8), (5, 21), (5, 25), (25, 12), (7, 16), (10, 24), (19, 9), (19, 29), (9, 8)]]","[[65.86315493849933, 168.02081222204671, 213.66516547078368, 75.77411913944275, 156.68567753450682, 172.80779705434307, 558.5151785433122, 6.1354171107912725, 58.321051111196525, 52.687230985979575, 26.556109267216144, 22.745961822533932, 111.98095284257955, 139.12141119346074, 22.656312777293344, 44.09983575978272, 61.11369949919715, 49.987461411494756, 62.29074764288561, 23.025372435201714]]"
917,"[[(0, 8), (8, 14), (1, 28), (12, 22), (12, 25), (26, 6), (28, 7), (28, 9), (2, 11), (11, 4), (4, 1), (5, 8), (5, 21), (5, 25), (25, 12), (7, 16), (10, 24), (19, 9), (19, 29), (9, 8)]]","[[63.391276465160914, 70.4057238417634, 518.4591203531575, 78.28718520881267, 49.772433981285744, 152.51042761298623, 276.9762480502055, 11.523432949606692, 82.20880625345858, 52.876116385930054, 20.553697829269034, 34.36831977366441, 111.58004550480085, 107.49210586001716, 19.893349690193247, 109.01392460840093, 72.3556110887646, 78.51082410832146, 220.6890269238968, 20.46061104631245]]"
918,"[[(0, 8), (8, 14), (1, 28), (12, 22), (12, 25), (26, 6), (28, 7), (28, 9), (2, 11), (11, 4), (4, 1), (5, 8), (5, 21), (5, 25), (25, 12), (7, 16), (10, 24), (19, 9), (19, 29), (9, 8)]]","[[47.25298583433803, 104.03127517718723, 653.0356929596176, 77.11528952421878, 60.427479787590315, 174.3062658160042, 567.1656108486941, 10.67019878102011, 66.98202628448263, 52.0665619948321, 20.146956971130365, 9.947995776102513, 112.35037875447286, 207.4799654251527, 14.238056869140793, 87.99675881060256, 56.25864707663052, 66.41534203032643, 169.2888354973855, 27.678571177227006]]"
919,"[[(0, 8), (8, 14), (1, 28), (12, 22), (12, 25), (26, 6), (28, 7), (28, 9), (2, 11), (11, 4), (4, 1), (5, 8), (5, 21), (5, 25), (25, 12), (7, 16), (10, 24), (19, 9), (19, 29), (9, 8)]]","[[38.08388920063285, 18.85522711262383, 420.0453353965662, 81.3820738480734, 144.15928340741613, 174.5651843026361, 235.028610724379, 6.241127203482664, 76.6554915162719, 52.25843726836059, 17.63004331409563, 34.22572773239064, 111.89918471892129, 157.9563153529814, 25.46723121546653, 300.11897106007734, 52.96392738604857, 116.89660568587529, 58.63751444606584, 31.79826190029233]]"
920,"[[(0, 8), (8, 14), (1, 28), (12, 22), (12, 25), (26, 6), (28, 7), (28, 9), (2, 11), (11, 4), (4, 1), (5, 8), (5, 21), (5, 25), (25, 12), (7, 16), (10, 24), (19, 9), (19, 29), (9, 8)]]","[[88.44007214990881, 93.88093478591267, 251.56601451500703, 76.14187003060742, 35.063159201798115, 167.50747408479256, 304.4148995744909, 5.249539119767547, 22.921461508091156, 53.56130030343781, 25.42230821394878, 16.12543635003098, 111.57354271935111, 130.69254313260933, 18.82984363383874, 259.2617862158341, 44.31771944833494, 106.56119132905664, 90.98014029152824, 8.826936733539192]]"
921,"[[(0, 8), (8, 14), (1, 28), (12, 22), (12, 25), (26, 6), (28, 7), (28, 9), (2, 11), (11, 4), (4, 1), (5, 8), (5, 21), (5, 25), (25, 12), (7, 16), (10, 24), (19, 9), (19, 29), (9, 8)]]","[[66.32854661216217, 140.97510840114694, 229.69652559865995, 77.77007281633769, 94.1061173220227, 170.69858186652084, 582.6421721938925, 11.688041817490939, 43.76892256037348, 52.939854834746, 26.864512302177044, 26.989424621771118, 111.4900807237731, 268.2098022626916, 19.814224520461813, 79.8187931400844, 40.75785389957148, 19.381869250984295, 105.90969427617591, 19.157533765096954]]"
922,"[[(0, 8), (8, 14), (1, 28), (12, 22), (12, 25), (26, 6), (28, 7), (28, 9), (2, 11), (11, 4), (4, 1), (5, 8), (5, 21), (5, 25), (25, 12), (7, 16), (10, 24), (19, 9), (19, 29), (9, 8)]]","[[71.03079115675305, 24.38670874343622, 243.65342986377618, 83.98565498716134, 67.13190938915224, 176.28848192833854, 338.6380995985169, 9.298767849563923, 51.04457803358497, 52.91960225080942, 24.794047507597746, 29.878252622975474, 112.44060125673901, 142.71542509100567, 11.308722486947381, 138.33436980440473, 39.707085284135616, 81.77357345478445, 144.98575164429397, 26.2407239950792]]"
923,"[[(0, 8), (8, 14), (1, 28), (12, 22), (12, 25), (26, 6), (28, 7), (28, 9), (2, 11), (11, 4), (4, 1), (5, 8), (5, 21), (5, 25), (25, 12), (7, 16), (10, 24), (19, 9), (19, 29), (9, 8)]]","[[32.259629084876664, 49.0606734790823, 300.6722399977924, 87.18252291614749, 164.03447389658112, 157.70161991035923, 242.2494543440061, 4.188575631077619, 29.590203196391577, 52.669149883156315, 10.405191505625583, 18.18340042589712, 111.3769602286436, 185.91946874197532, 13.156020273902534, 27.816916798828732, 58.84813956527552, 13.59590770991856, 236.30137047375965, 15.897346511246326]]"
924,"[[(0, 8), (8, 14), (1, 28), (12, 22), (12, 25), (26, 6), (28, 7), (28, 9), (2, 11), (11, 4), (4, 1), (5, 8), (5, 21), (5, 25), (25, 12), (7, 16), (10, 24), (19, 9), (19, 29), (9, 8)]]","[[41.425208668592326, 167.5480573896722, 608.3107630719787, 78.95172859819543, 55.01219043989413, 169.79024379321788, 537.5857265681378, 15.019521045824686, 55.54069855282153, 52.6360333722483, 22.289975555227308, 17.738113144955424, 111.824534386643, 123.72448815374588, 21.91964635410632, 294.73451514329105, 23.3375245848901, 53.82860819766441, 115.80649658891997, 3.0254166532230258]]"
925,"[[(0, 8), (8, 14), (1, 28), (12, 22), (12, 25), (26, 6), (28, 7), (28, 9), (2, 11), (11, 4), (4, 1), (5, 8), (5, 21), (5, 25), (25, 12), (7, 16), (10, 24), (19, 9), (19, 29), (9, 8)]]","[[53.79158281666476, 115.55650726956917, 468.07414479144074, 84.12045831895543, 87.4574054977162, 153.71581359672678, 132.47135526614758, 11.726011682935091, 51.877693397407896, 53.11732180294996, 12.945981167137955, 5.932573861537675, 112.39386072251017, 219.37773056732556, 16.195631899296146, 139.65649078610878, 25.604888524433637, 57.901430735756826, 107.74533264850041, 30.80821327455587]]"
926,"[[(0, 8), (8, 14), (1, 28), (12, 22), (12, 25), (26, 6), (28, 7), (28, 9), (2, 11), (11, 4), (4, 1), (5, 8), (5, 21), (5, 25), (25, 12), (7, 16), (10, 24), (19, 9), (19, 29), (9, 8)]]","[[87.72829990175987, 119.2260304912054, 564.6460121263676, 93.86135172675807, 114.5830027250079, 167.64219192596252, 246.7685388498758, 9.826584147269966, 48.53871801670092, 53.94093393920651, 10.081249425961934, 30.46162153104003, 112.65510180746892, 184.2358478417952, 10.800752630453346, 281.93803090028564, 76.29952226788325, 58.19167473250741, 230.55034104326901, 1.0334317737485463]]"
927,"[[(0, 8), (8, 14), (1, 28), (12, 22), (12, 25), (26, 6), (28, 7), (28, 9), (2, 11), (11, 4), (4, 1), (5, 8), (5, 21), (5, 25), (25, 12), (7, 16), (10, 24), (19, 9), (19, 29), (9, 8)]]","[[37.97931247402245, 39.36274545304663, 359.47827447330815, 84.30435684600803, 57.914313259384016, 165.74984890003822, 244.23352190016482, 9.34712070571284, 26.659616784002246, 52.223914421252815, 17.898143898124637, 21.033049917713633, 112.11965383603393, 248.8500915245969, 24.170404509252002, 57.862017082325806, 28.604864097658385, 45.22934774596129, 57.938237515366424, 16.351941582014817]]"
928,"[[(0, 8), (8, 14), (1, 28), (12, 22), (12, 25), (26, 6), (28, 7), (28, 9), (2, 11), (11, 4), (4, 1), (5, 8), (5, 21), (5, 25), (25, 12), (7, 16), (10, 24), (19, 9), (19, 29), (9, 8)]]","[[93.71217492445558, 145.00677248015472, 421.84439343476765, 80.23139346312126, 89.3646660095842, 171.73178085096777, 473.5074938585778, 10.831426915978174, 61.700414970462916, 52.819065625825495, 26.798908086906323, 29.87801704694894, 111.64707195481432, 300.8664581542582, 11.664910096176499, 56.728729590628774, 77.23679220391804, 62.5103646645853, 251.32453669435486, 23.349447777296525]]"
929,"[[(0, 8), (8, 14), (1, 28), (12, 22), (12, 25), (26, 6), (28, 7), (28, 9), (2, 11), (11, 4), (4, 1), (5, 8), (5, 21), (5, 25), (25, 12), (7, 16), (10, 24), (19, 9), (19, 29), (9, 8)]]","[[42.51142157321114, 144.7989980532594, 483.92503266604626, 72.1032861113008, 155.89062853221827, 173.37529557422354, 571.6429476454502, 12.153470185607688, 39.875395817263275, 53.772104068082214, 22.978235171853296, 24.945350098096142, 111.9725311520584, 180.51067116821633, 10.970037815762053, 270.45054128967024, 61.03384913822342, 95.48062781021835, 63.111321202259724, 11.313689665953781]]"
930,"[[(0, 8), (8, 14), (1, 28), (12, 22), (12, 25), (26, 6), (28, 7), (28, 9), (2, 11), (11, 4), (4, 1), (5, 8), (5, 21), (5, 25), (25, 12), (7, 16), (10, 24), (19, 9), (19, 29), (9, 8)]]","[[57.3661711576025, 142.24540786909833, 529.7867722199187, 85.48922968679332, 128.42751437206104, 155.12047908193426, 575.1345946022504, 3.6349366180526275, 51.18915172353069, 53.621715864631504, 29.547203906596252, 7.10156024360106, 112.48174906442188, 121.79579066355058, 13.135422834747205, 235.47867498493918, 48.590939632302174, 10.618395020191597, 199.40271928492336, 28.73985858155034]]"
931,"[[(0, 8), (8, 14), (1, 28), (12, 22), (12, 25), (26, 6), (28, 7), (28, 9), (2, 11), (11, 4), (4, 1), (5, 8), (5, 21), (5, 25), (25, 12), (7, 16), (10, 24), (19, 9), (19, 29), (9, 8)]]","[[81.02863096931571, 100.79179363263071, 728.3116878431476, 81.96687874149858, 162.30084716945265, 172.73025524606072, 413.52662678481585, 15.385076710804688, 85.24408033585614, 53.94351439814482, 24.14936570456024, 10.74201501888154, 111.55642378368569, 211.65457364931095, 18.53945227095385, 289.1467058006959, 49.26820263718981, 38.32998805439678, 114.7296082563986, 14.861095918746038]]"
932,"[[(0, 8), (8, 14), (1, 28), (12, 22), (12, 25), (26, 6), (28, 7), (28, 9), (2, 11), (11, 4), (4, 1), (5, 8), (5, 21), (5, 25), (25, 12), (7, 16), (10, 24), (19, 9), (19, 29), (9, 8)]]","[[75.69145996747653, 112.96244546451729, 223.3305214951281, 77.36583126410568, 46.22639790508559, 172.6707505340479, 386.7385398976289, 5.147938942241585, 32.95349525955762, 52.05445504306989, 18.224259888782456, 0.31328109997781883, 112.90443434209391, 282.74344340805965, 17.55182813906181, 222.09481218945976, 40.790132444243, 18.76308644850826, 169.88635383524561, 28.993913183330633]]"
933,"[[(0, 8), (8, 14), (1, 28), (12, 22), (12, 25), (26, 6), (28, 7), (28, 9), (2, 11), (11, 4), (4, 1), (5, 8), (5, 21), (5, 25), (25, 12), (7, 16), (10, 24), (19, 9), (19, 29), (9, 8)]]","[[78.42966286240502, 167.59322366176923, 413.6049154507622, 92.59708278318908, 156.9550269317214, 153.87772668302082, 42.13469440409137, 9.147744155192905, 33.99276602062313, 53.085852236202335, 5.369402969600237, 5.753756266323601, 111.54188289945587, 235.4775810086891, 10.656777530256395, 117.98727045213161, 49.32914238414614, 46.47736534645296, 95.63639188850439, 14.458184900214341]]"
934,"[[(0, 8), (8, 14), (1, 28), (12, 22), (12, 25), (26, 6), (28, 7), (28, 9), (2, 11), (11, 4), (4, 1), (5, 8), (5, 21), (5, 25), (25, 12), (7, 16), (10, 24), (19, 9), (19, 29), (9, 8)]]","[[67.26716660065917, 127.59351337280953, 502.64003850268443, 78.48400728217928, 56.46898629190955, 165.14443488112173, 286.5773180291659, 13.847038380163879, 32.898753105275844, 52.38065729450183, 29.54238605021879, 21.449931540464654, 112.6054694941309, 170.29614757085753, 14.040940240969945, 215.79672479621382, 48.50403168491195, 101.24110851697554, 197.7441899560897, 25.328957358518828]]"
935,"[[(0, 8), (8, 14), (1, 28), (12, 22), (12, 25), (26, 6), (28, 7), (28, 9), (2, 11), (11, 4), (4, 1), (5, 8), (5, 21), (5, 25), (25, 12), (7, 16), (10, 24), (19, 9), (19, 29), (9, 8)]]","[[79.34874681761232, 143.6998686797683, 273.37812241580724, 91.82337033125138, 55.17617296601763, 164.26854896144783, 317.39597449428715, 9.302604328975637, 51.32682833782612, 53.68256394661776, 25.364959402698776, 16.84854090768686, 112.0762442099257, 135.53305257325374, 11.269031400796365, 267.9789491289445, 54.29156007458462, 85.19872687561272, 158.620693050385, 7.745101794683844]]"
936,"[[(0, 8), (8, 14), (1, 28), (12, 22), (12, 25), (26, 6), (28, 7), (28, 9), (2, 11), (11, 4), (4, 1), (5, 8), (5, 21), (5, 25), (25, 12), (7, 16), (10, 24), (19, 9), (19, 29), (9, 8)]]","[[89.57358418732912, 132.46424331105374, 353.207182262257, 78.03092478287911, 79.41827698401784, 159.0384800879758, 290.71791728882795, 3.846814070844709, 64.27975748089183, 52.87314003968054, 23.18962415175673, 35.23840186519255, 111.21890836901736, 247.415986855968, 15.585423469947516, 236.30330274545173, 46.55034179208894, 89.79459417639464, 196.741920887253, 8.982489683384717]]"
937,"[[(0, 8), (8, 14), (1, 28), (12, 22), (12, 25), (26, 6), (28, 7), (28, 9), (2, 11), (11, 4), (4, 1), (5, 8), (5, 21), (5, 25), (25, 12), (7, 16), (10, 24), (19, 9), (19, 29), (9, 8)]]","[[79.8896983331576, 165.2167305339661, 725.8392209534628, 77.88626234778353, 138.9875752801325, 180.21609981157812, 342.5334267349779, 10.58974337433921, 71.92636282481237, 52.977463810907054, 12.331156728071832, 2.0464289321954685, 111.11294714237783, 316.8466811238411, 18.93047574288226, 294.36902208489636, 29.860034315297877, 82.58658429011268, 218.79084896077822, 9.00475491539844]]"
938,"[[(0, 8), (8, 14), (1, 28), (12, 22), (12, 25), (26, 6), (28, 7), (28, 9), (2, 11), (11, 4), (4, 1), (5, 8), (5, 21), (5, 25), (25, 12), (7, 16), (10, 24), (19, 9), (19, 29), (9, 8)]]","[[85.19604720918605, 70.31447475524521, 303.45230857048085, 82.33279046143876, 87.63167205686938, 169.17939844853018, 458.0593319769616, 5.658138782563789, 85.75150120136118, 52.17999490510642, 11.209716477541157, 33.06989657869287, 112.75121558165068, 139.9910192971666, 23.221320376808173, 233.18099817924812, 29.655020351806918, 115.7078123564709, 209.24797071298096, 30.418379310178302]]"
939,"[[(0, 8), (8, 14), (1, 28), (12, 22), (12, 25), (26, 6), (28, 7), (28, 9), (2, 11), (11, 4), (4, 1), (5, 8), (5, 21), (5, 25), (25, 12), (7, 16), (10, 24), (19, 9), (19, 29), (9, 8)]]","[[35.28864651021943, 26.421616566582614, 497.6135358169493, 93.98263463087288, 93.21178089438519, 170.13016923535355, 371.3772433170755, 9.151293329729423, 22.750420368990554, 52.963220792530855, 13.824856160301808, 33.75719387413602, 112.25391887557895, 220.67159077751072, 15.89362998601886, 146.31663368710124, 66.63349435951986, 94.66273614367849, 260.5708491838551, 25.660048713828736]]"
940,"[[(0, 8), (8, 14), (1, 28), (12, 22), (12, 25), (26, 6), (28, 7), (28, 9), (2, 11), (11, 4), (4, 1), (5, 8), (5, 21), (5, 25), (25, 12), (7, 16), (10, 24), (19, 9), (19, 29), (9, 8)]]","[[54.152716898767835, 97.243291604966, 767.6914078259276, 78.87785868589009, 50.252840669557045, 178.71009681679013, 336.2517559355819, 10.746090340035305, 32.43603776933494, 52.474058442503, 28.74653147376322, 35.98148085937362, 112.41057631839082, 128.4323597562929, 21.678837555201866, 273.90399616523536, 68.35685811388375, 65.68378287428953, 247.0543743438651, 20.219888821032757]]"
941,"[[(0, 8), (8, 14), (1, 28), (12, 22), (12, 25), (26, 6), (28, 7), (28, 9), (2, 11), (11, 4), (4, 1), (5, 8), (5, 21), (5, 25), (25, 12), (7, 16), (10, 24), (19, 9), (19, 29), (9, 8)]]","[[53.52452992821149, 106.55296118586871, 201.72487332843008, 72.67268244494161, 64.58868514074614, 169.31846154032417, 309.6130322745703, 10.143915292578804, 47.30700086902959, 52.783562287782814, 29.257520727294253, 17.982628423330112, 112.28842530799822, 200.47208752425115, 25.47094393765929, 287.3912855969588, 78.85180049843979, 59.82348711827055, 171.98347682832133, 13.126298721645327]]"
942,"[[(0, 8), (8, 14), (1, 28), (12, 22), (12, 25), (26, 6), (28, 7), (28, 9), (2, 11), (11, 4), (4, 1), (5, 8), (5, 21), (5, 25), (25, 12), (7, 16), (10, 24), (19, 9), (19, 29), (9, 8)]]","[[44.10291381704575, 138.45329572001577, 668.419089715593, 82.65776479677017, 111.976212209421, 179.94002706603993, 83.50462691047, 6.914991606751537, 38.29112259611109, 52.39278713097871, 22.88682074781654, 6.472099269021772, 111.41900527419439, 233.7882216884855, 17.4476679982604, 90.24667442894305, 34.76713535796853, 59.1692702222757, 199.01821914774112, 6.52353159320614]]"
943,"[[(0, 8), (8, 14), (1, 28), (12, 22), (12, 25), (26, 6), (28, 7), (28, 9), (2, 11), (11, 4), (4, 1), (5, 8), (5, 21), (5, 25), (25, 12), (7, 16), (10, 24), (19, 9), (19, 29), (9, 8)]]","[[39.78054015571032, 98.13974503176634, 359.53604485764373, 79.91588768144862, 88.26061123537858, 156.48940885508824, 416.59362112048075, 7.503961418310334, 84.27422905063622, 53.29686852512649, 25.626656875571896, 0.8501833952571456, 112.32207542997611, 303.19067520240617, 12.64121558540606, 256.9805918510192, 38.60947620590812, 28.6376748583385, 229.91541162742294, 6.225271279039024]]"
944,"[[(0, 8), (8, 14), (1, 28), (12, 22), (12, 25), (26, 6), (28, 7), (28, 9), (2, 11), (11, 4), (4, 1), (5, 8), (5, 21), (5, 25), (25, 12), (7, 16), (10, 24), (19, 9), (19, 29), (9, 8)]]","[[67.55781582260306, 64.07195276783409, 651.9425059557595, 81.5034727250308, 90.98932013923832, 157.4424097319137, 148.0905111339389, 5.802307243056252, 35.85624455794027, 53.16224138847386, 21.677597160233258, 18.984941149998047, 111.95976807551067, 246.05313182383415, 22.42629053256192, 324.95010875147767, 26.13198876023781, 33.25946189909268, 244.1282295566768, 13.747754861475045]]"
945,"[[(0, 8), (8, 14), (1, 28), (12, 22), (12, 25), (26, 6), (28, 7), (28, 9), (2, 11), (11, 4), (4, 1), (5, 8), (5, 21), (5, 25), (25, 12), (7, 16), (10, 24), (19, 9), (19, 29), (9, 8)]]","[[65.3773082969968, 64.14647605108729, 263.6461451601679, 86.3981397176112, 91.87670082305216, 164.5397694845748, 27.05701951642973, 13.848540936249446, 74.95496899940039, 52.932563894440065, 18.868596191633355, 22.981206197841324, 112.1609995642906, 334.03872871217857, 14.476482991877175, 112.11953740658232, 56.27037204287896, 70.15607557707277, 184.9319869016623, 30.478103059483452]]"
946,"[[(0, 8), (8, 14), (1, 28), (12, 22), (12, 25), (26, 6), (28, 7), (28, 9), (2, 11), (11, 4), (4, 1), (5, 8), (5, 21), (5, 25), (25, 12), (7, 16), (10, 24), (19, 9), (19, 29), (9, 8)]]","[[51.018578264948296, 40.46846747197614, 514.7297476318214, 80.28396143850459, 132.72192887899598, 169.98462970888096, 102.59009921987911, 13.838238991670641, 75.96287721795011, 53.57054662145928, 15.883099354453119, 33.44670808565166, 111.90542498185283, 328.6199323109291, 19.627809662247333, 9.18353491596027, 31.903201455723682, 86.57939228684793, 122.50871346808455, 18.810078852730605]]"
947,"[[(0, 8), (8, 14), (1, 28), (12, 22), (12, 25), (26, 6), (28, 7), (28, 9), (2, 11), (11, 4), (4, 1), (5, 8), (5, 21), (5, 25), (25, 12), (7, 16), (10, 24), (19, 9), (19, 29), (9, 8)]]","[[33.04778939163701, 59.442787698187296, 671.4818987015842, 80.27130913376263, 75.78310048854905, 163.43513683369076, 29.787972689674486, 16.29778122732251, 32.661334837153284, 53.51713623841505, 31.64257954598387, 23.3316045566786, 112.43472014582815, 90.8825933256174, 17.816603830144636, 251.73620659909145, 78.19997185870812, 118.60775671192032, 137.7698286646466, 5.849846679450639]]"
948,"[[(0, 8), (8, 14), (1, 28), (12, 22), (12, 25), (26, 6), (28, 7), (28, 9), (2, 11), (11, 4), (4, 1), (5, 8), (5, 21), (5, 25), (25, 12), (7, 16), (10, 24), (19, 9), (19, 29), (9, 8)]]","[[68.92326949879285, 50.66572849810311, 399.66886575310366, 88.56276671813137, 109.37410921782752, 157.9351117132823, 414.4613845143286, 8.4141541410294, 51.81053184545397, 52.5846121518712, 9.821166213231255, 20.34360838480546, 111.44752861884498, 136.87722186459706, 20.723842088775644, 124.1831979516096, 58.2519413413944, 92.70676411431187, 134.42470012930232, 15.822710539373062]]"
949,"[[(0, 8), (8, 14), (1, 28), (12, 22), (12, 25), (26, 6), (28, 7), (28, 9), (2, 11), (11, 4), (4, 1), (5, 8), (5, 21), (5, 25), (25, 12), (7, 16), (10, 24), (19, 9), (19, 29), (9, 8)]]","[[56.487273802763205, 55.89222689810735, 798.936249522601, 88.6215610095508, 56.17451637567443, 159.14362922091073, 158.7998222898151, 16.85191069044659, 69.73919878938274, 52.06116488019793, 26.94097578819847, 13.995560448460473, 111.77047710051369, 292.20571077822717, 19.083263774431597, 225.41515078561818, 69.54469157700358, 90.98918475127894, 106.53396441519945, 6.125552330748054]]"
950,"[[(0, 8), (8, 14), (1, 28), (12, 22), (12, 25), (26, 6), (28, 7), (28, 9), (2, 11), (11, 4), (4, 1), (5, 8), (5, 21), (5, 25), (25, 12), (7, 16), (10, 24), (19, 9), (19, 29), (9, 8)]]","[[81.90103767007076, 69.7583027070061, 572.4804430091949, 89.55456292997826, 72.72779798389277, 155.02339141982006, 69.46052126149206, 13.223976745698835, 53.50359532359123, 52.56879350640994, 30.620524732135497, 25.647082585844704, 111.9581579548485, 274.59634379759575, 11.712084205266233, 146.9465972701971, 78.2123243321397, 91.80593407028573, 88.58301331506935, 6.737673853245681]]"
951,"[[(0, 8), (8, 14), (1, 28), (12, 22), (12, 25), (26, 6), (28, 7), (28, 9), (2, 11), (11, 4), (4, 1), (5, 8), (5, 21), (5, 25), (25, 12), (7, 16), (10, 24), (19, 9), (19, 29), (9, 8)]]","[[42.05582360283065, 29.01724940265662, 530.3199555105028, 83.80658781639292, 153.31896631757638, 154.0250292458703, 28.895228117191824, 3.246617406839942, 25.561847046733988, 53.82156395808341, 23.00499043406796, 23.87877651495046, 112.18050650148085, 123.920016585041, 22.057257291003104, 179.84103992277375, 79.9396832424781, 79.7105696551664, 153.2189092084378, 3.4738578703330774]]"
952,"[[(0, 8), (8, 14), (1, 28), (12, 22), (12, 25), (26, 6), (28, 7), (28, 9), (2, 11), (11, 4), (4, 1), (5, 8), (5, 21), (5, 25), (25, 12), (7, 16), (10, 24), (19, 9), (19, 29), (9, 8)]]","[[64.16065995823143, 36.55385985678494, 431.33141795861013, 93.03829990239905, 33.80970250101434, 174.4498521058243, 399.57580081056585, 5.480831853592253, 61.689604132130775, 53.885145814032114, 13.369573263528826, 14.833741133068532, 112.8893633824284, 183.9465278912824, 11.523941528204727, 190.54729220980175, 25.61752559992008, 18.652571698323776, 198.1795324129728, 29.703424227824325]]"
953,"[[(0, 8), (8, 14), (1, 28), (12, 22), (12, 25), (26, 6), (28, 7), (28, 9), (2, 11), (11, 4), (4, 1), (5, 8), (5, 21), (5, 25), (25, 12), (7, 16), (10, 24), (19, 9), (19, 29), (9, 8)]]","[[36.925492972993965, 43.6476942425186, 628.2644562020466, 74.13714353376315, 55.927861616583584, 170.3383763784853, 102.01184781497884, 16.689362427643946, 40.81776392912596, 53.844741224374374, 5.751321847689736, 4.772033693793151, 112.88182108704456, 255.42134696631905, 21.459234257357217, 158.49850978094335, 22.61796255125214, 107.1417624533363, 198.57712512268873, 4.16005813896011]]"
954,"[[(0, 8), (8, 14), (1, 28), (12, 22), (12, 25), (26, 6), (28, 7), (28, 9), (2, 11), (11, 4), (4, 1), (5, 8), (5, 21), (5, 25), (25, 12), (7, 16), (10, 24), (19, 9), (19, 29), (9, 8)]]","[[49.21882753936701, 62.069633474902396, 538.0408718357546, 84.96395528688447, 150.39770855273355, 177.609105729542, 34.66735927511015, 9.14635150836396, 57.396403248296956, 52.51062957662381, 8.225664362326075, 2.10981435685445, 112.5731587154648, 209.4341576965455, 16.248443497216563, 178.3587688798415, 69.3849964125443, 86.70022837101808, 251.17547261989455, 32.936089970073425]]"
955,"[[(0, 8), (8, 14), (1, 28), (12, 22), (12, 25), (26, 6), (28, 7), (28, 9), (2, 11), (11, 4), (4, 1), (5, 8), (5, 21), (5, 25), (25, 12), (7, 16), (10, 24), (19, 9), (19, 29), (9, 8)]]","[[76.65742270673178, 50.49883911211685, 247.13802548682403, 83.48558886692115, 49.43259791272609, 160.1765776686772, 88.74091796794173, 15.378548610994496, 84.28655874874232, 53.662916340650874, 11.184887024017604, 21.76392182455521, 111.0128706993196, 267.4224683045977, 15.837955418227196, 54.944901553446414, 29.57157900186964, 42.11770076114931, 107.97466689373913, 6.973044845169849]]"
956,"[[(0, 8), (8, 14), (1, 28), (12, 22), (12, 25), (26, 6), (28, 7), (28, 9), (2, 11), (11, 4), (4, 1), (5, 8), (5, 21), (5, 25), (25, 12), (7, 16), (10, 24), (19, 9), (19, 29), (9, 8)]]","[[82.3921846669806, 141.68426956128678, 795.9854496424341, 87.38538051838631, 91.69182071285991, 167.03366915431013, 253.90178613872752, 4.825637397894698, 78.677826329542, 52.539993291702054, 9.240039517278802, 24.99087795647904, 111.45263325212346, 285.9574148925592, 12.700069288658147, 125.88508858350022, 60.48919131229845, 77.96059668827141, 211.11983408957133, 26.04826685170418]]"
957,"[[(0, 8), (8, 14), (1, 28), (12, 22), (12, 25), (26, 6), (28, 7), (28, 9), (2, 11), (11, 4), (4, 1), (5, 8), (5, 21), (5, 25), (25, 12), (7, 16), (10, 24), (19, 9), (19, 29), (9, 8)]]","[[63.38456870569805, 21.43125909225078, 504.1817757856329, 77.46763369051416, 61.043107046989505, 155.07128139638402, 91.2786079086772, 16.118769454330245, 30.806246645704952, 52.81054832945929, 31.775416704316417, 16.556792876298623, 112.8683263037759, 114.32459505149278, 11.576619711496324, 103.04050310261266, 33.83150769186096, 102.14165403688469, 165.8771249707853, 12.758132229557631]]"
958,"[[(0, 8), (8, 14), (1, 28), (12, 22), (12, 25), (26, 6), (28, 7), (28, 9), (2, 11), (11, 4), (4, 1), (5, 8), (5, 21), (5, 25), (25, 12), (7, 16), (10, 24), (19, 9), (19, 29), (9, 8)]]","[[91.59388283595183, 39.36725741905934, 765.1845506680111, 93.52288824023296, 159.07044825076872, 177.7671238755621, 503.36584167772327, 15.423607928840902, 59.75834453354676, 53.59640828274243, 15.713954577208801, 1.0785433993642095, 112.02407423392688, 164.1649701784867, 25.231671162532567, 285.1812302037874, 68.75227882382885, 60.699739327467555, 204.56409752099404, 2.56651218008426]]"
959,"[[(0, 8), (8, 14), (1, 28), (12, 22), (12, 25), (26, 6), (28, 7), (28, 9), (2, 11), (11, 4), (4, 1), (5, 8), (5, 21), (5, 25), (25, 12), (7, 16), (10, 24), (19, 9), (19, 29), (9, 8)]]","[[43.554306622824186, 41.38078805837854, 307.39516344693413, 82.45732032882327, 132.63251443141039, 156.92355490038113, 400.7716182891233, 5.43628928035608, 72.55080616400417, 53.63899765344766, 27.609000161734333, 31.42044688172489, 111.99853201624383, 168.57684689467177, 15.0408933606215, 101.30512512285306, 44.78606691104942, 14.584205206663796, 198.46124162452597, 8.647892944895258]]"
960,"[[(0, 8), (8, 14), (1, 28), (12, 22), (12, 25), (26, 6), (28, 7), (28, 9), (2, 11), (11, 4), (4, 1), (5, 8), (5, 21), (5, 25), (25, 12), (7, 16), (10, 24), (19, 9), (19, 29), (9, 8)]]","[[40.93455927757148, 176.82848090896377, 631.0215458175288, 76.04701557267474, 51.501410088211586, 162.69093500478442, 139.50674289681405, 8.322040077202875, 74.09358842107653, 53.39511579189993, 23.712549655547118, 10.251717871137377, 112.58487330879868, 122.12914051772935, 24.51717836367382, 186.00018577170127, 32.759373412184324, 82.80072723607147, 114.23688190399872, 6.923985206451597]]"
961,"[[(0, 8), (8, 14), (1, 28), (12, 22), (12, 25), (26, 6), (28, 7), (28, 9), (2, 11), (11, 4), (4, 1), (5, 8), (5, 21), (5, 25), (25, 12), (7, 16), (10, 24), (19, 9), (19, 29), (9, 8)]]","[[43.83595847133873, 57.601828258473454, 331.33886602641314, 83.0371334735502, 159.34688056420111, 171.40659395263523, 290.33130584984855, 9.08645755377172, 30.397231657638038, 53.52669920264881, 28.63697414461, 34.19157371863225, 111.1922196071602, 192.92455117726718, 14.067805470989578, 17.385357306888224, 69.58911316685133, 99.10777823730902, 222.78481717892063, 8.990870396741393]]"
962,"[[(0, 8), (8, 14), (1, 28), (12, 22), (12, 25), (26, 6), (28, 7), (28, 9), (2, 11), (11, 4), (4, 1), (5, 8), (5, 21), (5, 25), (25, 12), (7, 16), (10, 24), (19, 9), (19, 29), (9, 8)]]","[[83.91749478041996, 14.649474270724951, 668.1840433851555, 87.71924118799312, 40.70432876574399, 163.28509573956364, 240.46685374985753, 16.29981171449296, 50.625404825904546, 53.62120319771546, 9.936892984508347, 10.876580259715496, 111.95417129958047, 249.64569458341194, 12.378046584112763, 67.15685290161821, 25.974948170614265, 34.1193065032979, 150.8986520147738, 17.110193203909773]]"
963,"[[(0, 8), (8, 14), (1, 28), (12, 22), (12, 25), (26, 6), (28, 7), (28, 9), (2, 11), (11, 4), (4, 1), (5, 8), (5, 21), (5, 25), (25, 12), (7, 16), (10, 24), (19, 9), (19, 29), (9, 8)]]","[[79.87812118872995, 157.3414849133727, 297.6696268083048, 89.53374875651915, 140.08552854524106, 155.65249139295756, 242.49292246495577, 8.281576864794832, 32.35965303763856, 52.18108041090309, 19.354726905818076, 15.448454324694929, 111.25108581675424, 259.90503299610464, 20.52438945063942, 234.82224839321518, 41.12460080256085, 78.94982430699761, 101.56922362468958, 7.124730278453317]]"
964,"[[(0, 8), (8, 14), (1, 28), (12, 22), (12, 25), (26, 6), (28, 7), (28, 9), (2, 11), (11, 4), (4, 1), (5, 8), (5, 21), (5, 25), (25, 12), (7, 16), (10, 24), (19, 9), (19, 29), (9, 8)]]","[[62.1137930093416, 159.39982557667827, 766.6128821290001, 87.09062929417846, 149.2687634643432, 177.64945276503786, 180.69825976190722, 5.700942126396141, 68.22592610265582, 52.785970839292965, 8.969174041943143, 15.95677353969548, 111.11147542756709, 311.84779637428295, 17.36250781280356, 232.43997194370093, 58.05847769862901, 63.8980723275812, 131.15707385000889, 4.205291869823412]]"
965,"[[(0, 8), (8, 14), (1, 28), (12, 22), (12, 25), (26, 6), (28, 7), (28, 9), (2, 11), (11, 4), (4, 1), (5, 8), (5, 21), (5, 25), (25, 12), (7, 16), (10, 24), (19, 9), (19, 29), (9, 8)]]","[[89.24899249502182, 24.062606219739056, 656.1021660956883, 73.34408116697205, 133.4149792062551, 158.05399444782364, 112.04021569468857, 9.736542838766141, 33.02884529556536, 52.49621789944061, 9.579182964829734, 2.1011385812649825, 112.81063146501675, 146.62620893739796, 15.042450630413231, 297.3843013084658, 48.748518941275144, 34.707457251181594, 261.6316823843888, 16.01548839847675]]"
966,"[[(0, 8), (8, 14), (1, 28), (12, 22), (12, 25), (26, 6), (28, 7), (28, 9), (2, 11), (11, 4), (4, 1), (5, 8), (5, 21), (5, 25), (25, 12), (7, 16), (10, 24), (19, 9), (19, 29), (9, 8)]]","[[71.80509944056114, 145.9147438630584, 535.502956558254, 91.51531335607882, 106.28548000238868, 159.92643237050623, 319.0927929778447, 6.307136162938958, 59.49241081588264, 52.569419344002284, 22.45984476285602, 24.005725547378535, 111.38476163800418, 210.5984549065829, 15.698262089183448, 14.45717190727964, 67.97670004924476, 66.17321322253632, 213.7255626697778, 32.74082579622616]]"
967,"[[(0, 8), (8, 14), (1, 28), (12, 22), (12, 25), (26, 6), (28, 7), (28, 9), (2, 11), (11, 4), (4, 1), (5, 8), (5, 21), (5, 25), (25, 12), (7, 16), (10, 24), (19, 9), (19, 29), (9, 8)]]","[[66.28435146896521, 41.122386547546284, 244.721057707355, 83.30279947992251, 143.1858733042226, 155.8490105303169, 316.8988136329565, 7.45229847292911, 65.41798168687501, 52.44707193258423, 14.581437170584545, 35.64426833116935, 111.9091936185631, 258.13321706695234, 25.841164556926508, 160.94896290898666, 49.98880175193784, 47.49317594267478, 78.54498660395225, 25.02241503611922]]"
968,"[[(0, 8), (8, 14), (1, 28), (12, 22), (12, 25), (26, 6), (28, 7), (28, 9), (2, 11), (11, 4), (4, 1), (5, 8), (5, 21), (5, 25), (25, 12), (7, 16), (10, 24), (19, 9), (19, 29), (9, 8)]]","[[47.31863547386302, 147.99752112587683, 510.3763747730854, 78.41607381826799, 116.14919596099094, 171.85000372355307, 188.77363474640518, 6.782116416596205, 83.78697222062704, 52.55469320785905, 22.541517692019593, 17.045231120380386, 112.51052650034198, 308.264566083074, 23.10234211162838, 297.69741740805927, 83.9893024486891, 80.37359052488863, 83.7312177607076, 12.404926504769577]]"
969,"[[(0, 8), (8, 14), (1, 28), (12, 22), (12, 25), (26, 6), (28, 7), (28, 9), (2, 11), (11, 4), (4, 1), (5, 8), (5, 21), (5, 25), (25, 12), (7, 16), (10, 24), (19, 9), (19, 29), (9, 8)]]","[[32.74548500089996, 137.61610125531246, 331.3309397539619, 89.02234788629221, 64.04889349940096, 180.7522974143256, 41.28951942483765, 3.889867713281924, 37.84730425616746, 52.1051793331335, 30.189291340391335, 30.730261394925204, 112.52268173795753, 292.7041798929518, 20.91791250280774, 256.8570393966562, 78.62340128777737, 49.83512369247861, 71.63017092738725, 6.028057197080479]]"
970,"[[(0, 8), (8, 14), (1, 28), (12, 22), (12, 25), (26, 6), (28, 7), (28, 9), (2, 11), (11, 4), (4, 1), (5, 8), (5, 21), (5, 25), (25, 12), (7, 16), (10, 24), (19, 9), (19, 29), (9, 8)]]","[[61.66617766417615, 156.80920067570423, 737.7633244369819, 87.46515145518549, 42.88963698182848, 153.79697953902857, 285.1346212142849, 14.354942433867567, 74.95099230467927, 52.81175548730868, 7.643743302648574, 30.32629164404624, 111.49718437623966, 244.63431999885043, 11.70489423267916, 47.641550920468895, 44.14732341702059, 96.99334490084952, 199.25766924894708, 25.016518576656512]]"
971,"[[(0, 8), (8, 14), (1, 28), (12, 22), (12, 25), (26, 6), (28, 7), (28, 9), (2, 11), (11, 4), (4, 1), (5, 8), (5, 21), (5, 25), (25, 12), (7, 16), (10, 24), (19, 9), (19, 29), (9, 8)]]","[[51.41673320451166, 102.68919702134112, 309.1562998315878, 83.85447536036014, 164.12864077030488, 170.33202612348128, 539.6834054122296, 13.471745287804971, 61.09191947848783, 52.97447464385692, 24.167078608543168, 3.203264987768516, 112.42598839510191, 117.35483580816378, 25.3596945528866, 253.21843568914738, 62.407601742936954, 55.97658134163004, 137.59585457479923, 13.807358795895635]]"
972,"[[(0, 8), (8, 14), (1, 28), (12, 22), (12, 25), (26, 6), (28, 7), (28, 9), (2, 11), (11, 4), (4, 1), (5, 8), (5, 21), (5, 25), (25, 12), (7, 16), (10, 24), (19, 9), (19, 29), (9, 8)]]","[[39.15873422990628, 183.00276870313215, 549.5278808583603, 92.5323006915842, 140.29047094268543, 174.64411376822702, 82.86363091897172, 10.487191810756748, 55.10159806311675, 53.00033959347217, 23.072325500321377, 11.867002781183224, 112.99411717176008, 123.90076169446131, 12.51623453666842, 181.9080625513888, 61.05014163638073, 61.407865478063194, 227.05434985102346, 7.227707883548629]]"
973,"[[(0, 8), (8, 14), (1, 28), (12, 22), (12, 25), (26, 6), (28, 7), (28, 9), (2, 11), (11, 4), (4, 1), (5, 8), (5, 21), (5, 25), (25, 12), (7, 16), (10, 24), (19, 9), (19, 29), (9, 8)]]","[[79.4589420380938, 159.25321037210182, 684.9342274675953, 79.79429742025779, 145.17326755126476, 163.03625416078927, 376.5399848819421, 11.850598477141673, 61.72631977604728, 52.12684705736539, 23.35059577666739, 6.348378566480136, 111.04982235129717, 282.999133390794, 20.800213708296344, 89.73248634471965, 72.04773953869264, 46.10369120420353, 218.46842404754236, 9.55753301829363]]"
974,"[[(0, 8), (8, 14), (1, 28), (12, 22), (12, 25), (26, 6), (28, 7), (28, 9), (2, 11), (11, 4), (4, 1), (5, 8), (5, 21), (5, 25), (25, 12), (7, 16), (10, 24), (19, 9), (19, 29), (9, 8)]]","[[43.09531568582608, 79.56360458755596, 594.4203575574174, 86.56105048824803, 67.93813716249782, 165.06198700969242, 474.6097799627971, 16.792569714967996, 76.19416903761706, 53.68857674728342, 31.81118208766915, 15.82292067318883, 112.79368167163996, 197.96954044356787, 15.830607557906989, 93.37052952195485, 54.24118558101029, 51.290351610817126, 128.9641374170047, 32.89970887152229]]"
975,"[[(0, 8), (8, 14), (1, 28), (12, 22), (12, 25), (26, 6), (28, 7), (28, 9), (2, 11), (11, 4), (4, 1), (5, 8), (5, 21), (5, 25), (25, 12), (7, 16), (10, 24), (19, 9), (19, 29), (9, 8)]]","[[55.40232633631739, 54.01865911074225, 241.46192922341086, 75.0133636107221, 157.40866022668024, 179.15003722074448, 250.44529017998212, 9.204847829052609, 72.80400647434924, 53.531864094028926, 9.913201307426895, 23.184317428731568, 112.97749848164497, 310.50692690921124, 19.558660461714243, 48.57335665905717, 46.21795008025819, 117.42242597639735, 246.4886674920576, 9.44074966496781]]"
976,"[[(0, 8), (8, 14), (1, 28), (12, 22), (12, 25), (26, 6), (28, 7), (28, 9), (2, 11), (11, 4), (4, 1), (5, 8), (5, 21), (5, 25), (25, 12), (7, 16), (10, 24), (19, 9), (19, 29), (9, 8)]]","[[45.24543336712277, 118.5666838022522, 562.1997408574903, 79.50572568981967, 117.63029495887137, 156.01906945538698, 64.93865646280555, 3.6854573001160364, 50.53995758707304, 53.32129760251703, 13.357009546725418, 4.6125361439031245, 112.5075490434208, 153.6752251843864, 25.350257646162177, 80.58525335613729, 26.925835179990333, 111.58946741238162, 235.2295286484492, 11.131811258768458]]"
977,"[[(0, 8), (8, 14), (1, 28), (12, 22), (12, 25), (26, 6), (28, 7), (28, 9), (2, 11), (11, 4), (4, 1), (5, 8), (5, 21), (5, 25), (25, 12), (7, 16), (10, 24), (19, 9), (19, 29), (9, 8)]]","[[61.44237590583774, 171.2771431939716, 200.1017699651293, 74.32938146783923, 88.27970837954214, 171.7588733156273, 580.1317143905158, 12.146415106144001, 40.034059291320304, 52.59633337933418, 28.546331532044015, 31.799034659377448, 112.78151043412933, 162.39415115593954, 19.04116749281616, 208.37047652147498, 68.09825600355568, 12.852664964214005, 65.32055960723132, 2.006827533862399]]"
978,"[[(0, 8), (8, 14), (1, 28), (12, 22), (12, 25), (26, 6), (28, 7), (28, 9), (2, 11), (11, 4), (4, 1), (5, 8), (5, 21), (5, 25), (25, 12), (7, 16), (10, 24), (19, 9), (19, 29), (9, 8)]]","[[64.66228287414083, 39.55272163138753, 340.3436999119051, 83.69335368528434, 38.23579712960817, 157.85343872488266, 412.23741945280807, 5.191968124106566, 73.83575350286402, 52.079498750399814, 27.22675947541671, 12.717649084357129, 112.14481871490129, 243.51734274639074, 19.520615290871177, 71.1851256678287, 47.97102908464133, 19.591776019083717, 232.83456457083253, 15.499434582076262]]"
979,"[[(0, 8), (8, 14), (1, 28), (12, 22), (12, 25), (26, 6), (28, 7), (28, 9), (2, 11), (11, 4), (4, 1), (5, 8), (5, 21), (5, 25), (25, 12), (7, 16), (10, 24), (19, 9), (19, 29), (9, 8)]]","[[72.00754819533071, 80.30946791050525, 496.8663106629969, 72.03731559842866, 142.11128057360685, 152.30568554948027, 292.3150121957502, 8.92547764327775, 84.67195127370242, 53.491790964270855, 13.47562721444162, 9.59228657849622, 112.1963773748517, 171.06463240086148, 24.976421130107827, 130.5543108498681, 33.470800793129136, 93.55606201119922, 237.98019541741607, 7.981437628745972]]"
980,"[[(0, 8), (8, 14), (1, 28), (12, 22), (12, 25), (26, 6), (28, 7), (28, 9), (2, 11), (11, 4), (4, 1), (5, 8), (5, 21), (5, 25), (25, 12), (7, 16), (10, 24), (19, 9), (19, 29), (9, 8)]]","[[30.70840941932664, 65.50626962587395, 601.7893113646301, 92.91889713891264, 52.1224603268611, 171.3459588324157, 267.65285507352326, 11.14105430261685, 27.675415757941202, 53.524632561274515, 31.098742365084725, 16.619746886303346, 112.68730450674245, 174.38467072764442, 16.45443907036845, 209.79380205462124, 47.547675112722985, 62.42820836479761, 79.71290381188457, 21.759641307624655]]"
981,"[[(0, 8), (8, 14), (1, 28), (12, 22), (12, 25), (26, 6), (28, 7), (28, 9), (2, 11), (11, 4), (4, 1), (5, 8), (5, 21), (5, 25), (25, 12), (7, 16), (10, 24), (19, 9), (19, 29), (9, 8)]]","[[39.169087550834256, 109.63043827065563, 204.31126686628733, 80.00468833040297, 66.06278250712361, 170.08557988636477, 392.83826294753294, 6.104192933894735, 28.195763451657413, 53.20236146627055, 19.34118155218554, 35.462364927737134, 111.47723256722922, 310.3363875790494, 10.640855773999244, 145.27452516735147, 82.97695724802227, 48.59071924792014, 145.83011331718865, 3.8002906766423195]]"
982,"[[(0, 8), (8, 14), (1, 28), (12, 22), (12, 25), (26, 6), (28, 7), (28, 9), (2, 11), (11, 4), (4, 1), (5, 8), (5, 21), (5, 25), (25, 12), (7, 16), (10, 24), (19, 9), (19, 29), (9, 8)]]","[[92.11903922432656, 92.49516578283388, 646.5827109057093, 92.54425853545573, 142.09874908455825, 164.17360714914207, 465.86246631838054, 5.527044469059586, 63.579954217702394, 52.18994335462742, 24.11912511968582, 17.719472364298618, 111.75156123586567, 98.71631447726405, 11.890038264880634, 26.549615305983377, 42.992764160753566, 93.5818972431917, 101.4425089419963, 31.45466891138118]]"
983,"[[(0, 8), (8, 14), (1, 28), (12, 22), (12, 25), (26, 6), (28, 7), (28, 9), (2, 11), (11, 4), (4, 1), (5, 8), (5, 21), (5, 25), (25, 12), (7, 16), (10, 24), (19, 9), (19, 29), (9, 8)]]","[[83.34940892911683, 76.35363208852263, 220.58116896410277, 91.08709816713143, 72.44655921975318, 169.35190866883377, 345.7063925949405, 5.877508790138224, 50.13201461803002, 52.353062022392436, 28.86041189583166, 25.694901493376705, 111.11371119335868, 233.44100878907076, 18.389224720878453, 218.23125534770108, 56.30095590439873, 83.74875872324193, 60.36918873782533, 1.9801245186515146]]"
984,"[[(0, 8), (8, 14), (1, 28), (12, 22), (12, 25), (26, 6), (28, 7), (28, 9), (2, 11), (11, 4), (4, 1), (5, 8), (5, 21), (5, 25), (25, 12), (7, 16), (10, 24), (19, 9), (19, 29), (9, 8)]]","[[29.83404524522997, 118.16305975044463, 315.9020580840971, 77.70895199633912, 74.70083042766592, 155.19136634972858, 375.32844001123647, 10.070739638640216, 58.49289067655282, 53.69845461778986, 10.567283545486049, 19.69289716684212, 112.44591380641835, 155.51999623658247, 17.110342773862158, 231.68484087957347, 38.3898958056683, 91.1600829236015, 165.93998987948643, 20.087777124508918]]"
985,"[[(0, 8), (8, 14), (1, 28), (12, 22), (12, 25), (26, 6), (28, 7), (28, 9), (2, 11), (11, 4), (4, 1), (5, 8), (5, 21), (5, 25), (25, 12), (7, 16), (10, 24), (19, 9), (19, 29), (9, 8)]]","[[85.70398163826681, 161.2386457503911, 711.4722386551283, 79.65822934430125, 90.76630056637813, 153.1015191317824, 160.07598568924564, 13.262975572084049, 67.2119885744614, 52.38655587758127, 9.026424347158667, 15.531140140152711, 112.64390003865621, 98.64179780755012, 22.970662459896964, 293.1018315393708, 62.28475939752477, 55.66082881083579, 205.80806846318154, 1.6097123547636123]]"
986,"[[(0, 8), (8, 14), (1, 28), (12, 22), (12, 25), (26, 6), (28, 7), (28, 9), (2, 11), (11, 4), (4, 1), (5, 8), (5, 21), (5, 25), (25, 12), (7, 16), (10, 24), (19, 9), (19, 29), (9, 8)]]","[[35.95312987496405, 94.99233295072372, 458.96054677556646, 87.49210097597216, 64.65765952188872, 172.9136733983822, 289.8431728109106, 8.222054801027324, 59.815572672633316, 52.39572757969697, 14.266557303405284, 35.99962541831422, 112.2553094852769, 155.50291837349096, 12.644718434533448, 196.45132494392107, 46.629149396956066, 116.65459056391504, 222.9891362830011, 22.51306481230477]]"
987,"[[(0, 8), (8, 14), (1, 28), (12, 22), (12, 25), (26, 6), (28, 7), (28, 9), (2, 11), (11, 4), (4, 1), (5, 8), (5, 21), (5, 25), (25, 12), (7, 16), (10, 24), (19, 9), (19, 29), (9, 8)]]","[[71.94188264811112, 42.54649819947447, 605.5613221996405, 78.1870632828816, 109.99837200636786, 179.05270657683224, 203.41549714374545, 12.797909761132281, 44.269630528710195, 53.093198071033804, 7.708460294387469, 32.26770767316225, 112.88547163619594, 185.7464993224653, 16.73283267393143, 35.48991569989559, 47.91448766905889, 102.83599370170289, 167.38018347566378, 4.533500087958338]]"
988,"[[(0, 8), (8, 14), (1, 28), (12, 22), (12, 25), (26, 6), (28, 7), (28, 9), (2, 11), (11, 4), (4, 1), (5, 8), (5, 21), (5, 25), (25, 12), (7, 16), (10, 24), (19, 9), (19, 29), (9, 8)]]","[[63.98589933510425, 62.94018450210262, 770.5338024845527, 88.51383067075918, 106.6851388178689, 177.59882089519664, 539.3986556914747, 15.631639002407935, 84.68625752652778, 52.182510463360714, 16.90944213706225, 9.60688558620706, 111.04713994187358, 240.0426559487672, 21.151249491026057, 248.72767251369996, 74.09978264177197, 47.981703307537636, 126.46697161837751, 16.265782313471956]]"
989,"[[(0, 8), (8, 14), (1, 28), (12, 22), (12, 25), (26, 6), (28, 7), (28, 9), (2, 11), (11, 4), (4, 1), (5, 8), (5, 21), (5, 25), (25, 12), (7, 16), (10, 24), (19, 9), (19, 29), (9, 8)]]","[[58.48760136040366, 130.78236050503102, 660.0265099914664, 74.6721562742049, 165.08425376332906, 178.7280776976711, 98.44074633618891, 10.270100427438766, 61.370530155192405, 53.51927449948671, 20.27196289118879, 23.74875963622048, 111.21005912246575, 323.8883773922113, 20.09399743085443, 271.74749237468995, 68.19714281071171, 58.11721530159807, 187.37463912604028, 4.579052355051484]]"
990,"[[(0, 8), (8, 14), (1, 28), (12, 22), (12, 25), (26, 6), (28, 7), (28, 9), (2, 11), (11, 4), (4, 1), (5, 8), (5, 21), (5, 25), (25, 12), (7, 16), (10, 24), (19, 9), (19, 29), (9, 8)]]","[[81.59428126214729, 62.45031343268403, 404.7620484424015, 76.47860325513932, 123.2850861999812, 165.7107500973691, 207.21190893353918, 15.694160116716848, 80.04672763658019, 53.70367614929229, 16.92559015448451, 34.45212662477045, 112.38966692816702, 195.98411196757195, 18.193931859840212, 303.50438321363873, 78.52339648479837, 39.12744935253029, 223.93957770708727, 6.588575113155109]]"
991,"[[(0, 8), (8, 14), (1, 28), (12, 22), (12, 25), (26, 6), (28, 7), (28, 9), (2, 11), (11, 4), (4, 1), (5, 8), (5, 21), (5, 25), (25, 12), (7, 16), (10, 24), (19, 9), (19, 29), (9, 8)]]","[[47.05457865926486, 32.43295411372823, 328.3723388081287, 88.23286415623406, 117.81699076198822, 163.20199904252343, 218.04015743865787, 10.293327023451829, 31.443383730376567, 53.198048843398446, 31.683872679232447, 22.551798622087155, 112.75845448576702, 178.1423089250717, 21.44525726572637, 203.36341848428287, 48.72823552899007, 107.19388730835317, 137.30990667840365, 2.8273921151723655]]"
992,"[[(0, 8), (8, 14), (1, 28), (12, 22), (12, 25), (26, 6), (28, 7), (28, 9), (2, 11), (11, 4), (4, 1), (5, 8), (5, 21), (5, 25), (25, 12), (7, 16), (10, 24), (19, 9), (19, 29), (9, 8)]]","[[57.34903495267543, 131.3666878369694, 425.5209737202725, 79.95792074159715, 140.7565914579559, 178.24422113245566, 243.02802601544582, 6.032065337698954, 33.724494661054756, 53.23997160185709, 4.1804738348305035, 24.246067645761613, 112.3051015655743, 140.9542045591961, 20.160056253816954, 226.409359057823, 22.656102974416715, 29.433947532787933, 98.34735186857122, 27.43569908480268]]"
993,"[[(0, 8), (8, 14), (1, 28), (12, 22), (12, 25), (26, 6), (28, 7), (28, 9), (2, 11), (11, 4), (4, 1), (5, 8), (5, 21), (5, 25), (25, 12), (7, 16), (10, 24), (19, 9), (19, 29), (9, 8)]]","[[33.456213687566446, 93.51004019823705, 742.943153908691, 74.67109533148694, 55.02449177112216, 163.88446855908825, 353.02894596469116, 5.922667947463413, 84.3444279240654, 53.579336492695056, 10.22268370406076, 28.6870419017063, 112.18868789761727, 324.9105477485242, 22.14631644244728, 212.28680745480335, 24.55746445528038, 73.4411559613613, 223.43000641588327, 31.178814608217003]]"
994,"[[(0, 8), (8, 14), (1, 28), (12, 22), (12, 25), (26, 6), (28, 7), (28, 9), (2, 11), (11, 4), (4, 1), (5, 8), (5, 21), (5, 25), (25, 12), (7, 16), (10, 24), (19, 9), (19, 29), (9, 8)]]","[[78.71942092092823, 98.78413905849378, 431.76018874181784, 72.86145893941331, 158.04700526125038, 177.81106671023855, 522.0117229327102, 4.612737053487296, 62.46599231475222, 52.43239627058983, 20.414186252820144, 11.1795053937008, 112.26853462055401, 169.0526208032513, 20.31793476073393, 238.1040828588804, 61.048960171788664, 21.26544387846954, 139.03956395301603, 18.623714332307447]]"
995,"[[(0, 8), (8, 14), (1, 28), (12, 22), (12, 25), (26, 6), (28, 7), (28, 9), (2, 11), (11, 4), (4, 1), (5, 8), (5, 21), (5, 25), (25, 12), (7, 16), (10, 24), (19, 9), (19, 29), (9, 8)]]","[[39.95165753015504, 91.18254476131509, 733.8374162510136, 89.10278796022689, 164.0222140591592, 160.98775313287572, 551.5050102591988, 9.539973562545203, 57.19241173130527, 52.451092702959116, 28.955461227130414, 29.863659290854102, 112.46694192423803, 315.00765820389154, 20.13860286930899, 260.2412022541024, 43.84280847396417, 85.57745287372262, 197.21844892769425, 16.47024219254024]]"
996,"[[(0, 8), (8, 14), (1, 28), (12, 22), (12, 25), (26, 6), (28, 7), (28, 9), (2, 11), (11, 4), (4, 1), (5, 8), (5, 21), (5, 25), (25, 12), (7, 16), (10, 24), (19, 9), (19, 29), (9, 8)]]","[[65.79786247137392, 51.41653852841906, 657.6913512773115, 74.65965433420709, 81.77578425418949, 154.94044069700624, 511.0741768263818, 10.26864519445286, 58.09348436175066, 53.14540070822946, 15.922115716314897, 6.847557288225103, 111.7278168488465, 247.0721786429898, 16.405991832591226, 137.17817765045322, 28.036771333517343, 114.15142875386195, 79.26571982112638, 15.046689550313378]]"
997,"[[(0, 8), (8, 14), (1, 28), (12, 22), (12, 25), (26, 6), (28, 7), (28, 9), (2, 11), (11, 4), (4, 1), (5, 8), (5, 21), (5, 25), (25, 12), (7, 16), (10, 24), (19, 9), (19, 29), (9, 8)]]","[[54.544352056158075, 131.28275674230366, 383.42089628738677, 75.22096446041085, 95.0700705606553, 172.58235623190063, 570.1703153215561, 14.825825768825279, 61.27580477717313, 53.18663085246773, 11.891717301588145, 16.45174946396187, 112.71010135141552, 291.6864191529496, 12.53951686247198, 296.32722995408596, 55.23522902197214, 62.07258720386595, 134.74434226199003, 19.28521196243854]]"
998,"[[(0, 8), (8, 14), (1, 28), (12, 22), (12, 25), (26, 6), (28, 7), (28, 9), (2, 11), (11, 4), (4, 1), (5, 8), (5, 21), (5, 25), (25, 12), (7, 16), (10, 24), (19, 9), (19, 29), (9, 8)]]","[[52.00300328316103, 102.7897905840026, 242.20389625353567, 78.67762627780455, 47.785507029167434, 157.4773524883061, 144.0847826600476, 4.039495060048579, 77.88055365118363, 53.25708221455931, 19.71156822980514, 0.3463120311618373, 111.92332519023871, 277.1868204869098, 12.422474412549615, 271.20482425862537, 24.516651877515738, 94.04938457523376, 129.09530746049683, 21.46321841625358]]"
999,"[[(0, 8), (8, 14), (1, 28), (12, 22), (12, 25), (26, 6), (28, 7), (28, 9), (2, 11), (11, 4), (4, 1), (5, 8), (5, 21), (5, 25), (25, 12), (7, 16), (10, 24), (19, 9), (19, 29), (9, 8)]]","[[33.126490030786044, 101.39015383314513, 797.0133809738549, 77.61260113275654, 147.1168960783357, 162.27795568297688, 345.70157826775215, 14.888178076252945, 47.33570261557052, 53.52542799676743, 23.911685091620484, 15.352805798504935, 111.09187048368818, 189.05602783655098, 25.030531858538158, 126.00957197946619, 67.5171647160524, 62.43596529118086, 155.0077475703052, 25.033563682980514]]"
