scene,edge,cost
0,"[[(10, 30), (10, 38), (14, 25), (14, 30), (31, 14), (31, 27), (36, 7), (8, 19), (11, 38), (22, 38), (23, 27), (25, 9), (37, 29), (2, 22), (5, 6), (9, 10), (17, 4), (17, 28), (32, 3), (28, 8), (28, 18), (28, 32), (33, 12), (33, 39), (34, 7), (20, 7), (6, 1), (18, 3), (30, 9), (30, 36), (38, 39), (12, 28), (16, 20), (13, 26), (29, 30)]]","[[220.22724331806222, 233.29496584609566, 59.282529392683195, 260.1017970090944, 130.79554841451443, 0.020196343820253482, 342.057168806674, 0.8177552515152937, 55.66000353906715, 63.306493555503764, 86.78720456996484, 120.72905918451536, 106.77830959481844, 77.2338174762194, 3.8314679918713144, 1.320905473242749, 66.99768164118655, 140.51160395462153, 93.33211345496443, 246.0138013020348, 15.35822918440968, 46.411424614211434, 366.91434482226873, 101.70215804374939, 313.33695490718816, 141.81997327434607, 68.65653618666343, 107.90001184263461, 372.5575771405141, 93.12153091166425, 6.494315282590362, 97.49906544145452, 21.915329966614966, 87.09260873920456, 4.9770331285386415]]"
1,"[[(10, 30), (10, 38), (14, 25), (14, 30), (31, 14), (31, 27), (36, 7), (8, 19), (11, 38), (22, 38), (23, 27), (25, 9), (37, 29), (2, 22), (5, 6), (9, 10), (17, 4), (17, 28), (32, 3), (28, 8), (28, 18), (28, 32), (33, 12), (33, 39), (34, 7), (20, 7), (6, 1), (18, 3), (30, 9), (30, 36), (38, 39), (12, 28), (16, 20), (13, 26), (29, 30)]]","[[254.38855999409955, 340.38526952518714, 56.01134791878984, 178.42482323938336, 127.44820320226981, 2.254573941124411, 331.61886663198356, 1.6901702500595366, 70.20960880985393, 59.73379401647845, 112.89227217463718, 143.75601883966885, 103.32773333761398, 41.07712314494645, 0.8676709756852183, 2.4957825768799773, 128.50771186747352, 155.5050785665655, 92.17918318850911, 233.2081727274682, 16.501316564316294, 38.41476951360357, 459.46183318006405, 92.47195296108656, 303.17413075447257, 154.9288568364793, 42.48375100672226, 125.63721619789457, 367.8414536955723, 77.39296293155496, 6.030429194038684, 84.56080082228068, 22.23209194447899, 125.916038512827, 8.94629796895801]]"
2,"[[(10, 30), (10, 38), (14, 25), (14, 30), (31, 14), (31, 27), (36, 7), (8, 19), (11, 38), (22, 38), (23, 27), (25, 9), (37, 29), (2, 22), (5, 6), (9, 10), (17, 4), (17, 28), (32, 3), (28, 8), (28, 18), (28, 32), (33, 12), (33, 39), (34, 7), (20, 7), (6, 1), (18, 3), (30, 9), (30, 36), (38, 39), (12, 28), (16, 20), (13, 26), (29, 30)]]","[[250.4402756912756, 302.1027021025109, 59.30410316208655, 225.033852213805, 441.97288756056207, 0.7519981455106755, 279.896794446636, 0.21981577604415192, 140.19303370561516, 64.07622697925223, 98.13132636724292, 235.23212629431734, 99.72807531545408, 74.90381700474225, 2.7255943113646404, 1.9506692630513038, 49.24620678165491, 130.08009059733243, 96.40490562412367, 253.8542215310133, 29.856227929722078, 41.14085309840526, 336.04613657750946, 98.4073915961062, 342.8183052750106, 122.87925569518642, 83.13388974886193, 98.81949873348405, 421.52593399930555, 82.6530592668347, 6.766932717711997, 62.7157184280135, 17.032484384841464, 190.24905652180047, 4.007505211198175]]"
3,"[[(10, 30), (10, 38), (14, 25), (14, 30), (31, 14), (31, 27), (36, 7), (8, 19), (11, 38), (22, 38), (23, 27), (25, 9), (37, 29), (2, 22), (5, 6), (9, 10), (17, 4), (17, 28), (32, 3), (28, 8), (28, 18), (28, 32), (33, 12), (33, 39), (34, 7), (20, 7), (6, 1), (18, 3), (30, 9), (30, 36), (38, 39), (12, 28), (16, 20), (13, 26), (29, 30)]]","[[266.93983822817177, 274.6715743391519, 27.89661451531108, 113.87643448786055, 452.3481165630368, 2.251380781899093, 262.61784361600724, 0.3550166990194781, 120.4115265814222, 64.37403412449937, 90.259923463483, 338.25191222522363, 99.7681756132939, 74.88446223274445, 3.7232308253073993, 1.6889656835449736, 93.95302168598779, 140.22262697759191, 92.7424635701997, 258.94336867466603, 13.915722170085814, 29.1611401609448, 428.5788091077583, 116.17257790464942, 343.4774653145305, 102.1381095668707, 68.53409165599318, 83.8539869993019, 477.70911507110964, 88.6292508549473, 5.478768029048296, 60.935314335659804, 8.616350126989932, 141.75880887958422, 4.491240194866927]]"
4,"[[(10, 30), (10, 38), (14, 25), (14, 30), (31, 14), (31, 27), (36, 7), (8, 19), (11, 38), (22, 38), (23, 27), (25, 9), (37, 29), (2, 22), (5, 6), (9, 10), (17, 4), (17, 28), (32, 3), (28, 8), (28, 18), (28, 32), (33, 12), (33, 39), (34, 7), (20, 7), (6, 1), (18, 3), (30, 9), (30, 36), (38, 39), (12, 28), (16, 20), (13, 26), (29, 30)]]","[[198.84506418548344, 331.3073701313336, 16.208476786072996, 243.6188167801342, 490.32843908874185, 1.2145450046341892, 250.42947053305312, 0.2519749471104542, 69.60615495564576, 57.003250807748024, 110.45215446826391, 23.737984128335125, 106.2795584437468, 52.783784071115406, 0.5177717539783302, 1.1320963056727091, 8.309693407335848, 156.4414247941277, 99.3038947214854, 300.2318389296187, 9.085692876578975, 27.972879098902673, 366.5897986351788, 55.13726097898322, 312.5004407770274, 164.8721343291964, 38.04359596587574, 41.93989756175661, 475.2215086797429, 87.0888540152114, 6.64271779408351, 59.35364422104636, 9.724317936164852, 173.53801150687175, 7.974888636372837]]"
5,"[[(10, 30), (10, 38), (14, 25), (14, 30), (31, 14), (31, 27), (36, 7), (8, 19), (11, 38), (22, 38), (23, 27), (25, 9), (37, 29), (2, 22), (5, 6), (9, 10), (17, 4), (17, 28), (32, 3), (28, 8), (28, 18), (28, 32), (33, 12), (33, 39), (34, 7), (20, 7), (6, 1), (18, 3), (30, 9), (30, 36), (38, 39), (12, 28), (16, 20), (13, 26), (29, 30)]]","[[239.82911567840222, 274.82193932217837, 29.975736837651766, 183.46704906528578, 337.625047037996, 1.3198380774404277, 260.38039644858793, 0.9515707177507366, 146.58431710353278, 63.20668199376379, 15.558552742294651, 8.07153679098947, 102.21758836648542, 42.867494263419154, 1.2340708708934374, 2.027338696634935, 12.200893564803753, 154.66161543511373, 92.25933623288856, 250.40748015306735, 27.187047239432275, 27.466109300084014, 350.4122219698357, 123.01564514783043, 296.9502880653027, 82.2487022233649, 40.946880685643166, 42.59930214030733, 419.14446145403264, 84.00605449382996, 5.208923592305297, 86.09252270389413, 3.870969127642943, 193.63403006361006, 12.353829576798844]]"
6,"[[(10, 30), (10, 38), (14, 25), (14, 30), (31, 14), (31, 27), (36, 7), (8, 19), (11, 38), (22, 38), (23, 27), (25, 9), (37, 29), (2, 22), (5, 6), (9, 10), (17, 4), (17, 28), (32, 3), (28, 8), (28, 18), (28, 32), (33, 12), (33, 39), (34, 7), (20, 7), (6, 1), (18, 3), (30, 9), (30, 36), (38, 39), (12, 28), (16, 20), (13, 26), (29, 30)]]","[[304.4813847181956, 334.6335870425255, 74.51801304990491, 154.60510427077236, 189.6819745992119, 1.3275605601733131, 311.3705004361463, 1.768617654823105, 111.06224490210376, 62.15762113233421, 26.039357274920896, 98.44199218805367, 101.47229985627544, 40.11692398653201, 0.254471375776121, 2.3972132148478096, 72.65781649042749, 133.38450989665927, 98.13166960941813, 248.00988348572733, 31.350923607727005, 37.60201625225395, 341.95709062908173, 78.40325791345104, 335.6256099035347, 73.14885330819925, 67.4511022626184, 121.47775886727186, 394.7242979420464, 86.8074725897972, 5.853936089790164, 73.37422911393463, 28.09915825928257, 99.09893821131446, 9.057233412317082]]"
7,"[[(10, 30), (10, 38), (14, 25), (14, 30), (31, 14), (31, 27), (36, 7), (8, 19), (11, 38), (22, 38), (23, 27), (25, 9), (37, 29), (2, 22), (5, 6), (9, 10), (17, 4), (17, 28), (32, 3), (28, 8), (28, 18), (28, 32), (33, 12), (33, 39), (34, 7), (20, 7), (6, 1), (18, 3), (30, 9), (30, 36), (38, 39), (12, 28), (16, 20), (13, 26), (29, 30)]]","[[274.60033410928554, 319.48349555961613, 37.366061998877974, 128.6387086796152, 196.16331622656688, 3.5456238399980204, 269.2149321692808, 0.3314322815254507, 138.104315262307, 64.63167233812152, 114.04479892661139, 98.14178765378067, 99.80155874018682, 48.06082597459307, 3.3408211425964556, 1.1366288883949167, 78.96841248645597, 134.00587634210154, 90.79459932098895, 230.0899905510979, 38.47702291631145, 29.65611069128863, 382.5375748387482, 72.06744991294845, 348.9316829360298, 142.6385631069839, 83.01977419977368, 124.00336141344896, 427.0944453411891, 78.60526870929392, 5.696614979343231, 75.07789529095004, 32.034551684799865, 172.4281280503169, 5.699504897631888]]"
8,"[[(10, 30), (10, 38), (14, 25), (14, 30), (31, 14), (31, 27), (36, 7), (8, 19), (11, 38), (22, 38), (23, 27), (25, 9), (37, 29), (2, 22), (5, 6), (9, 10), (17, 4), (17, 28), (32, 3), (28, 8), (28, 18), (28, 32), (33, 12), (33, 39), (34, 7), (20, 7), (6, 1), (18, 3), (30, 9), (30, 36), (38, 39), (12, 28), (16, 20), (13, 26), (29, 30)]]","[[255.17998363527562, 290.5387888089218, 44.56075099838549, 263.33194206926964, 254.07725646422261, 0.8677154639220697, 265.3603036283863, 0.24206303951290087, 44.989342725746624, 62.437734716407796, 87.4031637315102, 333.1273116801624, 100.47908339784826, 45.37620554068914, 3.7124827546541646, 2.8913607040557396, 27.830389929001026, 142.70210281660096, 98.53997594647535, 300.3883585527706, 11.168757202132884, 46.280349907371146, 377.78733487501296, 71.27763601173848, 306.6340575886214, 108.38561305949952, 33.82711270475088, 115.35132385469785, 352.8458293091315, 74.62921897314851, 6.9001233717150035, 86.32977136599695, 31.581236135773636, 135.12225010018153, 13.623199430814534]]"
9,"[[(10, 30), (10, 38), (14, 25), (14, 30), (31, 14), (31, 27), (36, 7), (8, 19), (11, 38), (22, 38), (23, 27), (25, 9), (37, 29), (2, 22), (5, 6), (9, 10), (17, 4), (17, 28), (32, 3), (28, 8), (28, 18), (28, 32), (33, 12), (33, 39), (34, 7), (20, 7), (6, 1), (18, 3), (30, 9), (30, 36), (38, 39), (12, 28), (16, 20), (13, 26), (29, 30)]]","[[240.09986219285213, 355.73096366783795, 23.38261222670108, 178.91981767789449, 129.55973354898, 0.5241258403535496, 244.22037371692988, 0.7027931985936449, 143.31843154005972, 59.12611608780516, 44.45496334084449, 340.8000405432535, 99.19123478211597, 47.93946768397892, 1.0464237922742545, 2.170939129828297, 61.57270206033116, 139.53753467684197, 91.79390797990418, 299.44795421545484, 16.032084178326283, 31.489669000521726, 389.13071452734806, 44.38257197319783, 336.88361035302717, 151.82694063850937, 68.24630928888499, 49.73010681666719, 383.5864403378162, 77.79398136317184, 5.042136076525466, 55.861075737832955, 30.743015879014283, 222.16916477322602, 10.783037224375459]]"
10,"[[(10, 30), (10, 38), (14, 25), (14, 30), (31, 14), (31, 27), (36, 7), (8, 19), (11, 38), (22, 38), (23, 27), (25, 9), (37, 29), (2, 22), (5, 6), (9, 10), (17, 4), (17, 28), (32, 3), (28, 8), (28, 18), (28, 32), (33, 12), (33, 39), (34, 7), (20, 7), (6, 1), (18, 3), (30, 9), (30, 36), (38, 39), (12, 28), (16, 20), (13, 26), (29, 30)]]","[[239.15627482745262, 362.92980699522445, 13.030979656794988, 195.40927304844394, 143.3661725389532, 1.108539412920682, 246.34306708018966, 0.40295790211310134, 39.71505792935548, 65.1336795746975, 58.08631163470458, 317.02468923730476, 110.80658323926073, 49.48885768328861, 1.304272304982721, 1.936667506279468, 115.20383027180148, 155.23333605246694, 94.8381671210472, 273.42837152852485, 15.98107245283158, 27.990185345123276, 449.9485371037411, 79.20487556006968, 299.7923686291173, 121.20866447994143, 70.81772927854632, 50.8686610908934, 413.44538066587484, 92.47606087428485, 5.829698356002038, 96.79867312328349, 8.575314396331034, 95.32972381088331, 5.565846266693108]]"
11,"[[(10, 30), (10, 38), (14, 25), (14, 30), (31, 14), (31, 27), (36, 7), (8, 19), (11, 38), (22, 38), (23, 27), (25, 9), (37, 29), (2, 22), (5, 6), (9, 10), (17, 4), (17, 28), (32, 3), (28, 8), (28, 18), (28, 32), (33, 12), (33, 39), (34, 7), (20, 7), (6, 1), (18, 3), (30, 9), (30, 36), (38, 39), (12, 28), (16, 20), (13, 26), (29, 30)]]","[[229.54022743553406, 317.44458530131925, 73.65655789145937, 199.06465567970736, 616.6333735389809, 3.735817748352907, 242.93287226622954, 0.3330160728278966, 131.74504051960412, 66.7465544960547, 105.5301716434877, 208.2960579214799, 104.93577650480843, 43.462409530132845, 1.7851119533235043, 1.2772496329940204, 87.89110983301448, 133.07767555384834, 95.12085869506771, 254.77223611013744, 35.30831905495701, 40.56516035552587, 412.5298692178857, 107.47757516754204, 345.5941054299967, 164.85204400931093, 84.0578416202764, 47.66059612246734, 400.3723754784935, 78.8197529543919, 5.971364617788931, 82.82748130836553, 28.821089365009495, 93.73866597030953, 11.16517934029697]]"
12,"[[(10, 30), (10, 38), (14, 25), (14, 30), (31, 14), (31, 27), (36, 7), (8, 19), (11, 38), (22, 38), (23, 27), (25, 9), (37, 29), (2, 22), (5, 6), (9, 10), (17, 4), (17, 28), (32, 3), (28, 8), (28, 18), (28, 32), (33, 12), (33, 39), (34, 7), (20, 7), (6, 1), (18, 3), (30, 9), (30, 36), (38, 39), (12, 28), (16, 20), (13, 26), (29, 30)]]","[[200.36282600965748, 250.55874024228416, 28.46488691138235, 258.95028194415625, 239.91800320955372, 1.3542932824915916, 358.426297667648, 0.27704541284204387, 105.67309167097004, 60.485801637345446, 69.15567540802871, 148.90746549041793, 103.53504798627353, 50.24698249494567, 1.8606174865804306, 1.7179565576744582, 57.31537233173873, 147.69182502523338, 92.7654693615545, 311.320778709976, 18.980278082576888, 29.24266359762551, 431.43955127004494, 77.55059512197859, 325.7924392050684, 74.91237013929006, 60.95199840433971, 92.47909030979504, 370.07717542103916, 91.86315601681753, 5.672569640176851, 75.8784744370672, 23.474316074845344, 84.95957560227059, 5.259727574328232]]"
13,"[[(10, 30), (10, 38), (14, 25), (14, 30), (31, 14), (31, 27), (36, 7), (8, 19), (11, 38), (22, 38), (23, 27), (25, 9), (37, 29), (2, 22), (5, 6), (9, 10), (17, 4), (17, 28), (32, 3), (28, 8), (28, 18), (28, 32), (33, 12), (33, 39), (34, 7), (20, 7), (6, 1), (18, 3), (30, 9), (30, 36), (38, 39), (12, 28), (16, 20), (13, 26), (29, 30)]]","[[280.60967047732606, 314.3739368872802, 37.43354415684089, 255.31786978819125, 313.96222020251815, 1.3924940703512068, 355.389361128986, 0.2663392592790277, 66.33349259114632, 57.02016121071943, 58.52679543530307, 333.89955397771087, 99.7094163247559, 69.66050620383426, 1.3291900245806842, 1.4213027863906027, 126.84295077662905, 156.85265749099912, 99.63388185877918, 308.23583529388065, 28.490610360679405, 37.61053415641897, 390.9611638214144, 46.30778801195102, 298.0692794185674, 71.53699393552971, 56.92733725613646, 107.72206548792141, 418.70467391919885, 86.54278334412238, 6.335425966952665, 55.28223872900618, 23.968286187157364, 203.65757469452558, 13.333301254112628]]"
14,"[[(10, 30), (10, 38), (14, 25), (14, 30), (31, 14), (31, 27), (36, 7), (8, 19), (11, 38), (22, 38), (23, 27), (25, 9), (37, 29), (2, 22), (5, 6), (9, 10), (17, 4), (17, 28), (32, 3), (28, 8), (28, 18), (28, 32), (33, 12), (33, 39), (34, 7), (20, 7), (6, 1), (18, 3), (30, 9), (30, 36), (38, 39), (12, 28), (16, 20), (13, 26), (29, 30)]]","[[199.84820183428158, 294.1213636481314, 12.32767252577609, 173.76424388671262, 608.1610887131282, 2.629987138097708, 272.2365978242406, 0.2903410519034404, 142.95006284074486, 60.09676643865463, 87.37737367854446, 291.9053801473081, 105.72262270662097, 77.37087772942623, 1.9885325966612988, 2.9898709004041697, 100.25445330625278, 134.12274983426204, 94.94014671826521, 298.08545587357935, 31.30065618728362, 29.397681528156422, 388.65737397460265, 65.38601182147333, 321.6810197535383, 75.64609405886539, 38.00186458410638, 67.19124184100654, 451.83592405784213, 84.24867856280667, 6.424169157304168, 77.77108683895275, 25.537420325942943, 195.0244656830728, 5.819995694064311]]"
15,"[[(10, 30), (10, 38), (14, 25), (14, 30), (31, 14), (31, 27), (36, 7), (8, 19), (11, 38), (22, 38), (23, 27), (25, 9), (37, 29), (2, 22), (5, 6), (9, 10), (17, 4), (17, 28), (32, 3), (28, 8), (28, 18), (28, 32), (33, 12), (33, 39), (34, 7), (20, 7), (6, 1), (18, 3), (30, 9), (30, 36), (38, 39), (12, 28), (16, 20), (13, 26), (29, 30)]]","[[247.13095749430863, 260.38989993719315, 54.00220926614569, 199.13661853543562, 322.15842521290904, 3.1294284383960105, 301.63216322371517, 0.11891220351647536, 112.86230902028427, 61.91100434343987, 44.028874081114225, 235.48408105223382, 111.12542319270351, 71.98779129257275, 3.7385636693492277, 2.452715034754117, 91.80791710294679, 159.05056467713098, 96.5010359839901, 265.26876352178925, 11.938765303625608, 31.93311971465277, 372.01774113653886, 116.53024552525359, 317.03566335654716, 98.11201357477881, 67.36396958802086, 64.88699014181017, 410.05886184758793, 78.1785570613584, 6.970664905397953, 89.04570467611276, 29.641403454094462, 188.05885548616175, 11.511412494820952]]"
16,"[[(10, 30), (10, 38), (14, 25), (14, 30), (31, 14), (31, 27), (36, 7), (8, 19), (11, 38), (22, 38), (23, 27), (25, 9), (37, 29), (2, 22), (5, 6), (9, 10), (17, 4), (17, 28), (32, 3), (28, 8), (28, 18), (28, 32), (33, 12), (33, 39), (34, 7), (20, 7), (6, 1), (18, 3), (30, 9), (30, 36), (38, 39), (12, 28), (16, 20), (13, 26), (29, 30)]]","[[294.68058529259764, 256.1495852158769, 80.54922704557897, 148.83415456987638, 6.0328611945238215, 1.5518360423932562, 253.07167671595695, 1.3551605379533236, 96.76738873346942, 63.037349443902336, 55.834542083960585, 265.67101279952686, 105.6501617019936, 74.47182501226642, 3.380975884824002, 1.8312930536160352, 109.54425746864128, 159.8477154351452, 99.09105689425553, 321.8949281807722, 23.903327537682138, 31.89539662136914, 387.4247965076125, 65.13699417047893, 297.7720536327967, 145.83376886943046, 52.915418824472674, 96.12324899584894, 357.04402882179124, 81.21032829396977, 6.071746888156676, 62.74207008556697, 3.8972057174532964, 80.93377352393617, 13.470877840424787]]"
17,"[[(10, 30), (10, 38), (14, 25), (14, 30), (31, 14), (31, 27), (36, 7), (8, 19), (11, 38), (22, 38), (23, 27), (25, 9), (37, 29), (2, 22), (5, 6), (9, 10), (17, 4), (17, 28), (32, 3), (28, 8), (28, 18), (28, 32), (33, 12), (33, 39), (34, 7), (20, 7), (6, 1), (18, 3), (30, 9), (30, 36), (38, 39), (12, 28), (16, 20), (13, 26), (29, 30)]]","[[240.94145042889323, 297.57804265387216, 16.71124268893473, 181.85022687325107, 70.72569829226624, 1.159225263549816, 307.58274069412886, 0.5649936636785426, 35.535187323339855, 63.708876408376184, 80.09574959001993, 189.02972834320977, 109.00068507907659, 43.21629517705798, 0.17836247780508607, 2.103049622308832, 110.72500499157238, 155.41478746161127, 96.11175401733207, 257.9411429626215, 26.905943355297048, 45.64949305138137, 412.1065473078384, 62.62510382322897, 328.83263025363266, 135.63374938979524, 66.04885823038859, 60.232033153765954, 458.5384440005631, 75.22784463749684, 6.617678133295033, 79.73794131999124, 9.70632604116697, 126.05148123920486, 11.923555556024963]]"
18,"[[(10, 30), (10, 38), (14, 25), (14, 30), (31, 14), (31, 27), (36, 7), (8, 19), (11, 38), (22, 38), (23, 27), (25, 9), (37, 29), (2, 22), (5, 6), (9, 10), (17, 4), (17, 28), (32, 3), (28, 8), (28, 18), (28, 32), (33, 12), (33, 39), (34, 7), (20, 7), (6, 1), (18, 3), (30, 9), (30, 36), (38, 39), (12, 28), (16, 20), (13, 26), (29, 30)]]","[[203.3438668047486, 252.5602764464462, 57.84814435510186, 121.43801747186322, 38.95940564099922, 1.777730943680596, 335.45063540378135, 1.9517666104861517, 141.19665401698632, 59.573494682672376, 85.90005195249122, 183.105396290553, 105.63534115595337, 68.78057919389022, 0.461647024245325, 1.1042109318026867, 87.88906500276211, 145.98676441569816, 91.85561993704604, 323.1301585084946, 25.581339566515705, 39.62787302549553, 353.8676257256818, 140.7892948787573, 304.48002702451436, 167.53049534902271, 58.163790858168504, 52.347788414122846, 455.13606438344533, 93.97349481574733, 5.131316964384697, 93.16391389788376, 21.9307134792426, 209.22989099519907, 10.019306649004475]]"
19,"[[(10, 30), (10, 38), (14, 25), (14, 30), (31, 14), (31, 27), (36, 7), (8, 19), (11, 38), (22, 38), (23, 27), (25, 9), (37, 29), (2, 22), (5, 6), (9, 10), (17, 4), (17, 28), (32, 3), (28, 8), (28, 18), (28, 32), (33, 12), (33, 39), (34, 7), (20, 7), (6, 1), (18, 3), (30, 9), (30, 36), (38, 39), (12, 28), (16, 20), (13, 26), (29, 30)]]","[[300.1253778525641, 346.18596982549434, 63.64929410268176, 94.27414534005158, 343.4486568373481, 1.070444204296955, 240.30152168841215, 1.0504298688003122, 112.82777750639032, 65.89620205827734, 105.43199702585515, 368.14549151250725, 110.75144937643195, 70.2916851249024, 1.4760058010739496, 2.540118321017199, 130.23045424520598, 149.43718894445465, 95.8383563319719, 285.34436020942735, 18.234078371142772, 39.49806823363581, 410.21042684918694, 75.04906967435201, 337.0772282664502, 119.95421864216019, 53.7016002312365, 90.5014675940044, 389.91484861159705, 90.33518293081738, 6.624687153986754, 93.64365618167372, 10.355302672509264, 130.73670664256395, 12.067169091554408]]"
20,"[[(10, 30), (10, 38), (14, 25), (14, 30), (31, 14), (31, 27), (36, 7), (8, 19), (11, 38), (22, 38), (23, 27), (25, 9), (37, 29), (2, 22), (5, 6), (9, 10), (17, 4), (17, 28), (32, 3), (28, 8), (28, 18), (28, 32), (33, 12), (33, 39), (34, 7), (20, 7), (6, 1), (18, 3), (30, 9), (30, 36), (38, 39), (12, 28), (16, 20), (13, 26), (29, 30)]]","[[238.10413362908525, 271.14288862301777, 15.701935394240332, 154.58878921655088, 111.67893803039293, 0.6795291449951604, 292.720108983474, 1.2037602955928335, 78.46857479980476, 66.3118781137199, 46.22997986214732, 300.0977390783571, 103.10863819470818, 76.51846443146492, 0.6124549758733511, 2.4861980560797834, 11.69862199980885, 155.13059452625313, 91.8753829721132, 252.07469765461187, 7.690697446081831, 46.971633062476855, 369.1520631633239, 129.07223221020064, 315.3823054075423, 142.57839026531389, 38.90411401771932, 119.36408680150866, 454.7937913413367, 80.03720234366118, 6.541983652231939, 94.08322427554722, 12.895691645397658, 232.70176678237058, 10.85202614369779]]"
21,"[[(10, 30), (10, 38), (14, 25), (14, 30), (31, 14), (31, 27), (36, 7), (8, 19), (11, 38), (22, 38), (23, 27), (25, 9), (37, 29), (2, 22), (5, 6), (9, 10), (17, 4), (17, 28), (32, 3), (28, 8), (28, 18), (28, 32), (33, 12), (33, 39), (34, 7), (20, 7), (6, 1), (18, 3), (30, 9), (30, 36), (38, 39), (12, 28), (16, 20), (13, 26), (29, 30)]]","[[213.54641763060835, 259.5807300323609, 45.0296520795603, 222.47848110555856, 375.52288539333927, 0.3552626667586325, 283.908683806682, 0.8764625939753665, 48.97816169013227, 66.86939328743725, 37.72506255063554, 96.04271448801808, 99.69706455062627, 54.79253996650876, 1.7379424817452613, 1.8480498884825012, 46.41612770884942, 155.78520999454076, 94.14706740587975, 262.14900417825777, 14.597063640101723, 35.971035465843066, 344.6397742198718, 109.57624946064655, 300.5332934693746, 127.66930243743336, 67.2289190656985, 142.396972658474, 417.41184088288276, 91.02465213609844, 6.5622611385498, 88.19239918488516, 19.873222316138676, 219.7491070828888, 6.105149718239462]]"
22,"[[(10, 30), (10, 38), (14, 25), (14, 30), (31, 14), (31, 27), (36, 7), (8, 19), (11, 38), (22, 38), (23, 27), (25, 9), (37, 29), (2, 22), (5, 6), (9, 10), (17, 4), (17, 28), (32, 3), (28, 8), (28, 18), (28, 32), (33, 12), (33, 39), (34, 7), (20, 7), (6, 1), (18, 3), (30, 9), (30, 36), (38, 39), (12, 28), (16, 20), (13, 26), (29, 30)]]","[[188.305590784177, 357.70726577025164, 34.5050312407718, 236.96732412466378, 7.397945592919619, 3.265856596927424, 288.9024524344196, 0.6247086611072559, 42.79412357600455, 66.39766302628726, 46.32750553127362, 53.16425987428617, 110.50725975333258, 71.40668371305871, 1.8798296976766187, 2.758148537734723, 119.51847694558639, 143.99682690682386, 95.43336190039116, 269.0061594560194, 38.694599554654246, 45.86632042292955, 366.2332317071082, 146.95196828372775, 307.1160500444168, 97.85654178598429, 74.76239725586221, 47.95938422820025, 460.3760404162384, 88.65944459394333, 6.010956327183754, 74.61317766590435, 18.13899760178633, 150.4158731816447, 11.164475564614612]]"
23,"[[(10, 30), (10, 38), (14, 25), (14, 30), (31, 14), (31, 27), (36, 7), (8, 19), (11, 38), (22, 38), (23, 27), (25, 9), (37, 29), (2, 22), (5, 6), (9, 10), (17, 4), (17, 28), (32, 3), (28, 8), (28, 18), (28, 32), (33, 12), (33, 39), (34, 7), (20, 7), (6, 1), (18, 3), (30, 9), (30, 36), (38, 39), (12, 28), (16, 20), (13, 26), (29, 30)]]","[[226.89591704896364, 309.7022321000811, 21.643993033833482, 144.25316869545298, 350.6738073856656, 3.144436413824179, 288.2504314971784, 1.2655192570314795, 39.406595689082366, 58.38201561707736, 111.68904351086053, 46.40823622290518, 103.20939093858797, 50.295001489044935, 1.3475565612320355, 2.9951829435603465, 60.32655505098711, 129.17318690021892, 99.21788976321511, 315.47136003700945, 11.720135957134854, 42.477934113867185, 400.96266945148886, 81.73798581102758, 333.52359621991775, 118.7900774546118, 39.46640337828866, 76.41722896906239, 404.48480456638464, 82.14481197392107, 5.925152756395719, 75.4325156409138, 28.865706835530904, 152.48032735841684, 7.556640630918144]]"
24,"[[(10, 30), (10, 38), (14, 25), (14, 30), (31, 14), (31, 27), (36, 7), (8, 19), (11, 38), (22, 38), (23, 27), (25, 9), (37, 29), (2, 22), (5, 6), (9, 10), (17, 4), (17, 28), (32, 3), (28, 8), (28, 18), (28, 32), (33, 12), (33, 39), (34, 7), (20, 7), (6, 1), (18, 3), (30, 9), (30, 36), (38, 39), (12, 28), (16, 20), (13, 26), (29, 30)]]","[[268.42635639144123, 275.1206203919391, 6.5639666484820225, 188.33015760628436, 497.8256094126326, 2.5062772651389236, 255.082209536031, 1.2035320046158786, 69.17140854042383, 61.25370942989522, 18.817936627457875, 150.0952200959311, 103.06121216617537, 40.66694932665267, 0.7039788596337289, 1.610299295732209, 2.815651894445697, 149.12011852620634, 90.77904497123652, 239.39825019385873, 33.858262192610866, 39.45710877458133, 472.73011205181376, 100.77189686489373, 331.31449366121666, 103.6302543087065, 66.96011261927876, 111.81262955348635, 444.6124988326656, 83.48418343441341, 5.823860865858342, 80.9620872576806, 32.35421059373883, 135.42313031818864, 12.591403030211792]]"
25,"[[(10, 30), (10, 38), (14, 25), (14, 30), (31, 14), (31, 27), (36, 7), (8, 19), (11, 38), (22, 38), (23, 27), (25, 9), (37, 29), (2, 22), (5, 6), (9, 10), (17, 4), (17, 28), (32, 3), (28, 8), (28, 18), (28, 32), (33, 12), (33, 39), (34, 7), (20, 7), (6, 1), (18, 3), (30, 9), (30, 36), (38, 39), (12, 28), (16, 20), (13, 26), (29, 30)]]","[[251.2806284276645, 284.3769661393634, 8.784682322149855, 89.82019891500231, 644.6891687696981, 2.474205497265293, 257.83207802468496, 1.633067182655599, 122.04982859011915, 59.26052177385936, 76.49626396534683, 199.99629800091012, 98.82202975575144, 58.82329746820615, 3.3117767950312706, 1.180282068671351, 5.170793217253226, 148.77864688619664, 91.77129959326643, 240.99280256511133, 33.128218413963566, 44.408792327503065, 442.25913531727423, 42.668342262103934, 291.5419566383439, 73.13883919983716, 44.43503274019719, 44.62684590425656, 413.25369341664634, 78.2468137793978, 6.660797776506282, 92.70024000894591, 13.675433007550469, 166.93526500063882, 12.450988843217337]]"
26,"[[(10, 30), (10, 38), (14, 25), (14, 30), (31, 14), (31, 27), (36, 7), (8, 19), (11, 38), (22, 38), (23, 27), (25, 9), (37, 29), (2, 22), (5, 6), (9, 10), (17, 4), (17, 28), (32, 3), (28, 8), (28, 18), (28, 32), (33, 12), (33, 39), (34, 7), (20, 7), (6, 1), (18, 3), (30, 9), (30, 36), (38, 39), (12, 28), (16, 20), (13, 26), (29, 30)]]","[[281.98344069575404, 321.64207661628984, 32.7232808964497, 110.01131214110895, 97.80277147549931, 3.8110861371605034, 291.039244562417, 0.5491524550861171, 124.85545833664037, 59.40477701047569, 109.78323453215995, 223.6548957659338, 103.24987334336899, 51.97622730998429, 2.1400914156117863, 1.548583590520152, 65.5251100976761, 151.63635687182907, 92.72815118783376, 300.06114663881453, 27.07920920953064, 35.16029138305896, 351.8014876999299, 137.90674163350997, 294.4579924757647, 92.60760661436714, 72.05690698123198, 92.51389099155037, 474.1475997162919, 76.26758480123435, 6.828839014948894, 66.19554082933857, 17.475422425185908, 181.06270952952195, 6.229787473524938]]"
27,"[[(10, 30), (10, 38), (14, 25), (14, 30), (31, 14), (31, 27), (36, 7), (8, 19), (11, 38), (22, 38), (23, 27), (25, 9), (37, 29), (2, 22), (5, 6), (9, 10), (17, 4), (17, 28), (32, 3), (28, 8), (28, 18), (28, 32), (33, 12), (33, 39), (34, 7), (20, 7), (6, 1), (18, 3), (30, 9), (30, 36), (38, 39), (12, 28), (16, 20), (13, 26), (29, 30)]]","[[210.73645648522296, 273.3102073072286, 64.56675904574212, 156.7350684062711, 447.03672118337016, 0.060267817841118454, 241.37914790563255, 1.1628396272724137, 82.02851724172353, 63.64033148592016, 86.59568801475105, 351.61293235087817, 111.80669463382497, 59.945006679339144, 1.3204438887973389, 2.52557126086988, 128.1433866552448, 149.57702206037118, 91.59246154834105, 285.6722657766505, 37.05244755216401, 32.11385976236429, 336.9188191596553, 102.58461008888038, 344.8597383735031, 152.32190092914408, 78.30589740654547, 75.81821684857039, 481.6566157340367, 92.84170240945585, 6.146040549909375, 72.92537903082201, 12.999245720733388, 103.92425363247133, 9.836069475436751]]"
28,"[[(10, 30), (10, 38), (14, 25), (14, 30), (31, 14), (31, 27), (36, 7), (8, 19), (11, 38), (22, 38), (23, 27), (25, 9), (37, 29), (2, 22), (5, 6), (9, 10), (17, 4), (17, 28), (32, 3), (28, 8), (28, 18), (28, 32), (33, 12), (33, 39), (34, 7), (20, 7), (6, 1), (18, 3), (30, 9), (30, 36), (38, 39), (12, 28), (16, 20), (13, 26), (29, 30)]]","[[295.51613602441427, 283.09003110656664, 55.37693207803826, 261.68576689189194, 456.97230065762295, 0.43097336568038846, 353.5998353460771, 1.7163951040972552, 33.4290910042574, 58.26209150267007, 122.93659769038507, 156.56504717813624, 111.23911282341088, 75.71240131219683, 3.2324334103585097, 1.9373614548450946, 122.08176831370841, 143.10710296791788, 92.93810827580515, 272.19416123822543, 36.70023882086751, 33.42221362206315, 383.34634996627364, 34.37801079714973, 295.16677077996945, 86.53342008312555, 82.06425185116314, 76.5127002740874, 474.4330234779312, 74.18921058968769, 6.687881044701754, 70.50985438892404, 14.178045977083254, 137.55517535988471, 9.464956922621171]]"
29,"[[(10, 30), (10, 38), (14, 25), (14, 30), (31, 14), (31, 27), (36, 7), (8, 19), (11, 38), (22, 38), (23, 27), (25, 9), (37, 29), (2, 22), (5, 6), (9, 10), (17, 4), (17, 28), (32, 3), (28, 8), (28, 18), (28, 32), (33, 12), (33, 39), (34, 7), (20, 7), (6, 1), (18, 3), (30, 9), (30, 36), (38, 39), (12, 28), (16, 20), (13, 26), (29, 30)]]","[[311.5712986697123, 361.58033515234774, 59.385999348942356, 183.6039108086996, 263.02156872107537, 0.6778161048912543, 255.8125623620428, 1.0460588107313111, 85.10975473272694, 65.08839280017163, 63.55516438130569, 267.6044508083582, 98.24788761818358, 40.140724820419045, 3.572938986859034, 1.5229170685949613, 127.05206747915726, 139.47136148579446, 99.03226843267063, 310.9342327718698, 22.733730263526624, 36.99436606785265, 404.0605675517964, 125.97155473963082, 330.70539729760327, 167.39043168819677, 57.33787412839354, 57.760745019685764, 449.4939264262056, 90.94337961607738, 6.325982737501961, 58.03701674585922, 18.768879128141492, 193.09072437491142, 4.678780002319746]]"
30,"[[(10, 30), (10, 38), (14, 25), (14, 30), (31, 14), (31, 27), (36, 7), (8, 19), (11, 38), (22, 38), (23, 27), (25, 9), (37, 29), (2, 22), (5, 6), (9, 10), (17, 4), (17, 28), (32, 3), (28, 8), (28, 18), (28, 32), (33, 12), (33, 39), (34, 7), (20, 7), (6, 1), (18, 3), (30, 9), (30, 36), (38, 39), (12, 28), (16, 20), (13, 26), (29, 30)]]","[[190.91265453157405, 261.687753102081, 56.248418330404874, 226.71693494816114, 387.5493897645863, 3.7854578841225544, 323.49455441596496, 1.4895808439714098, 101.76224238528, 63.7202858611709, 50.31612469794175, 313.1288493218218, 99.61196717014283, 66.55822681486006, 0.8821674471290843, 2.4063837486541457, 122.70970430940544, 132.62275039202862, 96.98949020887812, 271.0775517243167, 24.173315610648785, 40.249570259620654, 337.432602324698, 43.696262039418485, 352.1892514418103, 92.85898999313741, 37.472530778067664, 131.50455784695527, 415.58825957630324, 90.59368097477416, 5.063103404935987, 98.48256505767696, 10.780720388679661, 210.77622892873558, 7.581165870749152]]"
31,"[[(10, 30), (10, 38), (14, 25), (14, 30), (31, 14), (31, 27), (36, 7), (8, 19), (11, 38), (22, 38), (23, 27), (25, 9), (37, 29), (2, 22), (5, 6), (9, 10), (17, 4), (17, 28), (32, 3), (28, 8), (28, 18), (28, 32), (33, 12), (33, 39), (34, 7), (20, 7), (6, 1), (18, 3), (30, 9), (30, 36), (38, 39), (12, 28), (16, 20), (13, 26), (29, 30)]]","[[190.59666802509042, 355.07060999757823, 41.640866603006366, 243.7051648043583, 476.28604192959654, 0.009411567082463712, 276.61842744391805, 0.5543042361723729, 144.00768991413486, 66.85892974689962, 118.05706523416542, 168.78838766673073, 104.40656695225755, 41.70644269654858, 0.9697457607837316, 2.567816810911155, 48.777792065361666, 130.61885532537258, 94.85143980165773, 323.41086386054957, 7.2966904947992255, 45.133676675962384, 421.58420530980834, 147.31023063719564, 315.7229348286115, 68.47091678018698, 86.2251352634292, 134.1529419035366, 437.3034077233019, 84.36658918795492, 5.304033052011509, 63.90857178370138, 30.12503615205281, 146.10657947051362, 9.912651540469678]]"
32,"[[(10, 30), (10, 38), (14, 25), (14, 30), (31, 14), (31, 27), (36, 7), (8, 19), (11, 38), (22, 38), (23, 27), (25, 9), (37, 29), (2, 22), (5, 6), (9, 10), (17, 4), (17, 28), (32, 3), (28, 8), (28, 18), (28, 32), (33, 12), (33, 39), (34, 7), (20, 7), (6, 1), (18, 3), (30, 9), (30, 36), (38, 39), (12, 28), (16, 20), (13, 26), (29, 30)]]","[[190.5691545203328, 306.924209438909, 4.31204328886599, 232.86771982602662, 72.65836433504536, 2.472286344195136, 365.3240373389487, 1.1962365339488812, 129.05804365102765, 60.76549358977901, 60.47154761119807, 78.03981346189936, 104.04220657145353, 53.41613101113522, 0.75858079993372, 1.3670247398996846, 82.4639392066179, 148.86003608729536, 95.54619139102581, 263.6277506620049, 27.61858186412942, 40.71959631881152, 462.001595101358, 125.68069572755125, 297.20531985479215, 166.9455723482523, 66.65817670520983, 40.30686066776995, 403.949128629145, 89.7076847112705, 6.435954302926405, 68.50972521114169, 31.468036197341174, 231.29996798472578, 11.944501676794204]]"
33,"[[(10, 30), (10, 38), (14, 25), (14, 30), (31, 14), (31, 27), (36, 7), (8, 19), (11, 38), (22, 38), (23, 27), (25, 9), (37, 29), (2, 22), (5, 6), (9, 10), (17, 4), (17, 28), (32, 3), (28, 8), (28, 18), (28, 32), (33, 12), (33, 39), (34, 7), (20, 7), (6, 1), (18, 3), (30, 9), (30, 36), (38, 39), (12, 28), (16, 20), (13, 26), (29, 30)]]","[[270.9242742670144, 353.57769240433873, 63.54222700806902, 251.8535770364923, 47.029670049357925, 0.411941130502548, 320.06605200805944, 1.2963331790596868, 79.58535925949217, 61.734465680548695, 65.88433630726811, 272.3948102961267, 108.33731417598742, 44.60796087262784, 1.408546449537185, 2.286936132201951, 103.83222282990398, 134.62528650982372, 92.89203452712059, 323.71056749943125, 7.391135958405041, 29.965599269338995, 346.8620892821469, 129.7758190107533, 296.75418575605494, 132.01081744478904, 67.32017109158693, 98.59039006399686, 407.31068442865177, 88.49563402328093, 6.654902838983721, 96.19972172997872, 18.51719579826678, 150.25226904584326, 10.71542082014401]]"
34,"[[(10, 30), (10, 38), (14, 25), (14, 30), (31, 14), (31, 27), (36, 7), (8, 19), (11, 38), (22, 38), (23, 27), (25, 9), (37, 29), (2, 22), (5, 6), (9, 10), (17, 4), (17, 28), (32, 3), (28, 8), (28, 18), (28, 32), (33, 12), (33, 39), (34, 7), (20, 7), (6, 1), (18, 3), (30, 9), (30, 36), (38, 39), (12, 28), (16, 20), (13, 26), (29, 30)]]","[[201.34932972479496, 242.37071235462824, 84.09603749755465, 136.42524498565516, 584.125143873248, 3.4755467502334696, 265.19605508140495, 0.16140927981329267, 73.4997687212551, 66.47620458974409, 81.79169028671312, 84.70682740270085, 108.88709507420201, 75.76829250501109, 3.5097634757294567, 1.7882786939767128, 54.073094137272534, 150.51898084947553, 92.32633848462918, 238.73741986707554, 17.423059880581086, 41.49665003656641, 356.8035351758401, 34.43908312677287, 320.4698716681039, 150.07621617931346, 85.49328541714692, 115.70071788242434, 404.4929028385563, 90.94250390023647, 6.593612321853096, 84.20942846481326, 20.616750425583653, 151.27258877747448, 11.431650924354637]]"
35,"[[(10, 30), (10, 38), (14, 25), (14, 30), (31, 14), (31, 27), (36, 7), (8, 19), (11, 38), (22, 38), (23, 27), (25, 9), (37, 29), (2, 22), (5, 6), (9, 10), (17, 4), (17, 28), (32, 3), (28, 8), (28, 18), (28, 32), (33, 12), (33, 39), (34, 7), (20, 7), (6, 1), (18, 3), (30, 9), (30, 36), (38, 39), (12, 28), (16, 20), (13, 26), (29, 30)]]","[[241.43588939662106, 314.1901678564949, 77.83920588746237, 115.27207391017348, 175.4379255739678, 0.22079880451624412, 289.95241110318153, 1.814166425558298, 97.9910523363872, 61.28759776013656, 17.065791209308685, 184.5424640929455, 110.75841975899144, 67.99771110981416, 1.763511260871942, 2.1586230257696677, 19.904747895034788, 138.203013893345, 96.40903846047203, 267.1001976800434, 28.370524246244305, 28.41025993741767, 350.64122565448446, 123.7089611953107, 346.31734996379555, 75.45488289108843, 58.57946657666768, 77.47671744920149, 426.06847350198325, 85.08829504846153, 6.567168227314487, 68.87447510568214, 4.737700031799373, 206.53055162547034, 12.882937674710329]]"
36,"[[(10, 30), (10, 38), (14, 25), (14, 30), (31, 14), (31, 27), (36, 7), (8, 19), (11, 38), (22, 38), (23, 27), (25, 9), (37, 29), (2, 22), (5, 6), (9, 10), (17, 4), (17, 28), (32, 3), (28, 8), (28, 18), (28, 32), (33, 12), (33, 39), (34, 7), (20, 7), (6, 1), (18, 3), (30, 9), (30, 36), (38, 39), (12, 28), (16, 20), (13, 26), (29, 30)]]","[[213.14419538903314, 252.88197746227786, 58.92224623563098, 261.00320021598986, 203.65196323366428, 2.6822760333268727, 328.46377125260165, 0.3520123855110968, 122.87296596910889, 60.22574102537216, 94.91498206161393, 357.810569877424, 110.06530785917434, 65.65389222969229, 3.3772560272155836, 1.1736235595669446, 46.62793600231155, 131.21794224640107, 93.7509622699889, 230.62105773571307, 36.39631674784734, 45.455673902377924, 434.9060015159805, 72.07372404056997, 312.76591934541824, 79.51093124465976, 31.950279216663922, 41.63310378167528, 482.06240046629796, 88.95019642791436, 5.665572494664782, 97.95372300162443, 32.49958126841686, 168.3657970381123, 13.672188213321505]]"
37,"[[(10, 30), (10, 38), (14, 25), (14, 30), (31, 14), (31, 27), (36, 7), (8, 19), (11, 38), (22, 38), (23, 27), (25, 9), (37, 29), (2, 22), (5, 6), (9, 10), (17, 4), (17, 28), (32, 3), (28, 8), (28, 18), (28, 32), (33, 12), (33, 39), (34, 7), (20, 7), (6, 1), (18, 3), (30, 9), (30, 36), (38, 39), (12, 28), (16, 20), (13, 26), (29, 30)]]","[[322.003918476835, 235.88459744667676, 33.7699456475079, 257.56385606638736, 624.6643762622348, 2.862041930790328, 333.17594926097775, 0.12027113396845945, 31.559268140361553, 63.25232930937536, 96.06696102960834, 252.35933375764012, 105.0825530616622, 72.37434137817743, 2.1461856304567712, 2.9085573713019865, 137.08012067574316, 150.94294050287957, 96.03301500874628, 251.25717270017935, 35.20969635930447, 35.537963114285226, 405.23975980816397, 39.56622055972548, 305.9185665463022, 154.36007821658487, 86.84532687041079, 86.72610266789329, 409.0868876993276, 74.3575936593538, 5.04146840086438, 88.42990764139438, 28.166432497848295, 173.709980085923, 12.813134937403639]]"
38,"[[(10, 30), (10, 38), (14, 25), (14, 30), (31, 14), (31, 27), (36, 7), (8, 19), (11, 38), (22, 38), (23, 27), (25, 9), (37, 29), (2, 22), (5, 6), (9, 10), (17, 4), (17, 28), (32, 3), (28, 8), (28, 18), (28, 32), (33, 12), (33, 39), (34, 7), (20, 7), (6, 1), (18, 3), (30, 9), (30, 36), (38, 39), (12, 28), (16, 20), (13, 26), (29, 30)]]","[[298.40366471864013, 268.7190161774701, 79.94239753638637, 151.19627438057896, 548.6218545112833, 2.9827005293218973, 336.5444134436162, 1.0515458544549325, 136.51734420341722, 57.6010603836608, 44.98883921628274, 364.6383017554325, 107.90802014628358, 69.18302219812264, 0.5864935888075262, 1.8220526680451832, 13.123787703325895, 151.77912468092228, 99.96332454411768, 244.48934990431275, 11.907686215236119, 41.082698476302326, 417.9883925764436, 118.01060577363222, 352.59949191350034, 152.54315208246712, 31.21416162907328, 102.45847993568265, 361.8649356421243, 73.6678899211351, 6.793087042080252, 67.98126764162225, 3.399706686758554, 208.34393972036554, 5.567728271633303]]"
39,"[[(10, 30), (10, 38), (14, 25), (14, 30), (31, 14), (31, 27), (36, 7), (8, 19), (11, 38), (22, 38), (23, 27), (25, 9), (37, 29), (2, 22), (5, 6), (9, 10), (17, 4), (17, 28), (32, 3), (28, 8), (28, 18), (28, 32), (33, 12), (33, 39), (34, 7), (20, 7), (6, 1), (18, 3), (30, 9), (30, 36), (38, 39), (12, 28), (16, 20), (13, 26), (29, 30)]]","[[198.11771350216785, 245.79213056489223, 47.667856977765666, 125.69298354893826, 222.5821728791954, 1.6101320383633166, 316.6905426311793, 1.6667403820606626, 98.38201382690667, 66.9236914338723, 23.923047151323438, 285.7887098944137, 109.87807508347026, 76.00587751998606, 1.1373775285403602, 1.4833660847493346, 135.70928604393504, 150.9602432326584, 92.63971245693958, 311.7121350855634, 30.82194247211514, 29.52475796957311, 420.55907051300073, 140.49440523776224, 339.52905202959255, 90.92698021698445, 32.55346633063897, 133.88760608619788, 407.63870799214, 76.315430598125, 6.7143894611972685, 76.17264624417714, 25.10070841886499, 168.38529960474767, 12.34838329926406]]"
40,"[[(10, 30), (10, 38), (14, 25), (14, 30), (31, 14), (31, 27), (36, 7), (8, 19), (11, 38), (22, 38), (23, 27), (25, 9), (37, 29), (2, 22), (5, 6), (9, 10), (17, 4), (17, 28), (32, 3), (28, 8), (28, 18), (28, 32), (33, 12), (33, 39), (34, 7), (20, 7), (6, 1), (18, 3), (30, 9), (30, 36), (38, 39), (12, 28), (16, 20), (13, 26), (29, 30)]]","[[260.4558973516434, 276.86499802567494, 67.00734803162669, 132.33485406879925, 621.4317263104584, 1.509760421730451, 242.14055345096244, 1.1456440348036523, 141.05425607784198, 64.48935556667884, 45.15403283100288, 39.47529423882791, 101.8146311291559, 71.3391059586258, 3.1008391076541635, 2.1032419896930854, 39.527700533855786, 138.38373932659732, 98.33705265142412, 297.2913500742061, 29.65407441677091, 35.58461988931666, 443.55776028423804, 136.34588470315225, 332.3437658715179, 89.55787880119874, 80.28749760228499, 98.06401893120588, 426.8200513597787, 93.06812111866918, 6.369031756659645, 75.22158797821585, 30.86390752872882, 214.71213402081042, 13.765867418281758]]"
41,"[[(10, 30), (10, 38), (14, 25), (14, 30), (31, 14), (31, 27), (36, 7), (8, 19), (11, 38), (22, 38), (23, 27), (25, 9), (37, 29), (2, 22), (5, 6), (9, 10), (17, 4), (17, 28), (32, 3), (28, 8), (28, 18), (28, 32), (33, 12), (33, 39), (34, 7), (20, 7), (6, 1), (18, 3), (30, 9), (30, 36), (38, 39), (12, 28), (16, 20), (13, 26), (29, 30)]]","[[264.2406011595339, 344.4508479954386, 7.8474646285408145, 211.69145825881424, 570.1737671207503, 0.2694573960768798, 282.7168959446028, 1.1423306800912894, 70.77479011068421, 63.51716466143682, 44.57453369335699, 221.48368967617543, 98.49871691768573, 69.87297457584691, 0.6430999317000263, 1.558387110054334, 134.05280850586976, 140.345607327889, 91.865900854154, 323.5288217991989, 18.299427504686648, 38.688768310640455, 427.13599236895647, 61.11486487432279, 330.04059963365205, 102.59173374300273, 63.67791531719059, 84.36744434242364, 404.43610348892713, 91.44362732697405, 6.195305586672227, 78.45894819969945, 3.4492634804967977, 220.47304865870606, 13.05479773488349]]"
42,"[[(10, 30), (10, 38), (14, 25), (14, 30), (31, 14), (31, 27), (36, 7), (8, 19), (11, 38), (22, 38), (23, 27), (25, 9), (37, 29), (2, 22), (5, 6), (9, 10), (17, 4), (17, 28), (32, 3), (28, 8), (28, 18), (28, 32), (33, 12), (33, 39), (34, 7), (20, 7), (6, 1), (18, 3), (30, 9), (30, 36), (38, 39), (12, 28), (16, 20), (13, 26), (29, 30)]]","[[226.41448512909903, 247.92835698689314, 39.006094394543496, 86.78112129657174, 328.78722426109596, 1.441577150334497, 320.64093345925545, 1.6032943902159977, 116.74153261055831, 64.4364959922297, 71.18981440346454, 315.8209355055549, 106.62399017820707, 40.494429905012346, 1.332210465297579, 1.0065579521774, 128.10821476055673, 153.19875581367347, 93.38544258339918, 265.45702744018917, 17.49032081254752, 44.87976346899913, 411.47629943212496, 63.437424518674504, 350.88303231360226, 71.49550661111991, 83.63521707716593, 40.079052722147864, 413.34814158492213, 80.02616553683207, 5.191817113838008, 83.6464036010434, 20.660104875781606, 153.51611577099317, 8.89702574040492]]"
43,"[[(10, 30), (10, 38), (14, 25), (14, 30), (31, 14), (31, 27), (36, 7), (8, 19), (11, 38), (22, 38), (23, 27), (25, 9), (37, 29), (2, 22), (5, 6), (9, 10), (17, 4), (17, 28), (32, 3), (28, 8), (28, 18), (28, 32), (33, 12), (33, 39), (34, 7), (20, 7), (6, 1), (18, 3), (30, 9), (30, 36), (38, 39), (12, 28), (16, 20), (13, 26), (29, 30)]]","[[303.7845654613984, 322.26246646819266, 40.917343927016304, 226.49642313471423, 327.5915376088366, 1.8131605072954993, 317.1476441846443, 0.9273499367981626, 112.39376850876143, 66.5036398804932, 14.434027165617762, 6.295373063324833, 104.95244939304695, 49.357354867831226, 2.617134181048081, 2.057656684131854, 66.44581237069116, 131.3730449308662, 94.73431315275383, 281.67852703210025, 16.92653106511413, 38.28974021528382, 438.80933005624564, 133.1558854022969, 326.6054996244784, 73.52005531528309, 60.051301193909524, 58.98731125255736, 415.9777704549768, 80.23395722234251, 5.791935480886223, 57.15584716431841, 10.725639375127491, 237.8037306345763, 10.714438872544992]]"
44,"[[(10, 30), (10, 38), (14, 25), (14, 30), (31, 14), (31, 27), (36, 7), (8, 19), (11, 38), (22, 38), (23, 27), (25, 9), (37, 29), (2, 22), (5, 6), (9, 10), (17, 4), (17, 28), (32, 3), (28, 8), (28, 18), (28, 32), (33, 12), (33, 39), (34, 7), (20, 7), (6, 1), (18, 3), (30, 9), (30, 36), (38, 39), (12, 28), (16, 20), (13, 26), (29, 30)]]","[[211.9221790152485, 307.7151996100306, 20.81838963349694, 195.20280332847432, 155.35281290969755, 2.638304546979833, 340.68642624129336, 0.7738653155029454, 137.75942914423996, 64.75023120074778, 97.59983467689732, 115.51897981211171, 104.67286975216874, 55.118384106338965, 1.1167477955380747, 2.673174588611973, 127.00653760587115, 153.39216058834248, 97.79994572331306, 290.84501151275475, 27.56093216964863, 38.07256723215535, 423.2798664193033, 23.30652858566961, 335.7915975303697, 165.9274041225816, 84.942019472835, 116.27360128753467, 471.6478724701113, 86.28234867501304, 5.4841462380154855, 55.405047212607876, 5.636583484977394, 218.7735920581128, 12.48702957711015]]"
45,"[[(10, 30), (10, 38), (14, 25), (14, 30), (31, 14), (31, 27), (36, 7), (8, 19), (11, 38), (22, 38), (23, 27), (25, 9), (37, 29), (2, 22), (5, 6), (9, 10), (17, 4), (17, 28), (32, 3), (28, 8), (28, 18), (28, 32), (33, 12), (33, 39), (34, 7), (20, 7), (6, 1), (18, 3), (30, 9), (30, 36), (38, 39), (12, 28), (16, 20), (13, 26), (29, 30)]]","[[254.602866337958, 247.62618557443693, 10.767754337624165, 123.83041537501688, 20.712774608782773, 3.1560820781251153, 320.32342108311224, 0.9920728925970066, 153.00527708033684, 57.895234295805366, 37.747541568933066, 237.0887375283918, 105.91681822060791, 75.30848070718646, 1.2538442026588474, 1.4473858788320533, 50.922214103961956, 137.3820670856861, 92.28150365480249, 282.56024143011166, 23.057145900099027, 32.471842121094255, 446.30828484057383, 36.22579009118566, 310.997547742621, 142.17008205998837, 51.12995752093785, 115.8820994549016, 360.874481725711, 74.78176638213831, 6.701961996889013, 71.6707072628788, 30.011849404138058, 111.4625899113405, 11.716343947719228]]"
46,"[[(10, 30), (10, 38), (14, 25), (14, 30), (31, 14), (31, 27), (36, 7), (8, 19), (11, 38), (22, 38), (23, 27), (25, 9), (37, 29), (2, 22), (5, 6), (9, 10), (17, 4), (17, 28), (32, 3), (28, 8), (28, 18), (28, 32), (33, 12), (33, 39), (34, 7), (20, 7), (6, 1), (18, 3), (30, 9), (30, 36), (38, 39), (12, 28), (16, 20), (13, 26), (29, 30)]]","[[235.01225706389943, 300.39007950039297, 36.630622746702166, 151.3291845316695, 591.7446337178684, 2.3154640895942578, 342.1007714392245, 1.4243688021106908, 47.25178259785184, 65.08829692291535, 114.25224641949507, 84.20347122528432, 107.1773633154344, 68.92830882294527, 2.8861796698283384, 1.7241484652431252, 42.77759102430846, 144.6556255455808, 92.56827885264869, 244.59368719276992, 10.279243261058454, 34.0889862281756, 368.2419220883655, 27.62614025895992, 319.37443958068866, 153.9422014516499, 82.19998139401713, 110.8155314396182, 428.99491257936, 84.11083722629856, 6.867251163697693, 74.98220202890217, 17.472019728721822, 178.2111059006357, 5.219478637249315]]"
47,"[[(10, 30), (10, 38), (14, 25), (14, 30), (31, 14), (31, 27), (36, 7), (8, 19), (11, 38), (22, 38), (23, 27), (25, 9), (37, 29), (2, 22), (5, 6), (9, 10), (17, 4), (17, 28), (32, 3), (28, 8), (28, 18), (28, 32), (33, 12), (33, 39), (34, 7), (20, 7), (6, 1), (18, 3), (30, 9), (30, 36), (38, 39), (12, 28), (16, 20), (13, 26), (29, 30)]]","[[254.93212254154807, 352.15119138717176, 81.97130226822141, 245.30431322945876, 611.6298295792653, 1.0106353098080536, 294.64262903292, 0.7920694080687827, 71.38308921460984, 61.23506684750855, 100.15406723034599, 81.23289601566445, 105.1948788626718, 64.59831321220581, 1.5070347515596834, 1.8894906654972994, 63.61375135038966, 150.97878982101838, 97.4639499664334, 304.18557564026855, 26.88724298033786, 28.354988654874802, 385.4363568440353, 82.27342631877632, 309.9427698976178, 124.22112561245498, 71.61055835644488, 48.970830090232795, 354.36591310954407, 73.30302766577928, 5.3980441245501805, 69.45511819385288, 20.538319220835408, 198.7492131892967, 5.419788176754545]]"
48,"[[(10, 30), (10, 38), (14, 25), (14, 30), (31, 14), (31, 27), (36, 7), (8, 19), (11, 38), (22, 38), (23, 27), (25, 9), (37, 29), (2, 22), (5, 6), (9, 10), (17, 4), (17, 28), (32, 3), (28, 8), (28, 18), (28, 32), (33, 12), (33, 39), (34, 7), (20, 7), (6, 1), (18, 3), (30, 9), (30, 36), (38, 39), (12, 28), (16, 20), (13, 26), (29, 30)]]","[[206.42699030589435, 286.92827743963625, 23.389019656231635, 96.71164467074682, 79.42963832638858, 3.6059025334213635, 275.82379518657416, 1.9891055879068222, 87.42144261867793, 62.15302731323251, 17.027896182908687, 340.33716431878037, 105.49266961970554, 64.41555187577782, 0.919782285558211, 1.4159066957398614, 98.59086390005352, 138.76628640129084, 99.36317730016479, 272.9736098055769, 34.380228227701, 46.150610358654674, 414.20438859950497, 84.64822142108524, 322.41721565580553, 91.98106649012524, 32.827579656348234, 131.41066969519864, 412.8627947556375, 80.74155418960699, 6.444591010425093, 79.34288645854842, 26.330944158710523, 103.41022660682093, 5.507205168189026]]"
49,"[[(10, 30), (10, 38), (14, 25), (14, 30), (31, 14), (31, 27), (36, 7), (8, 19), (11, 38), (22, 38), (23, 27), (25, 9), (37, 29), (2, 22), (5, 6), (9, 10), (17, 4), (17, 28), (32, 3), (28, 8), (28, 18), (28, 32), (33, 12), (33, 39), (34, 7), (20, 7), (6, 1), (18, 3), (30, 9), (30, 36), (38, 39), (12, 28), (16, 20), (13, 26), (29, 30)]]","[[220.16312906574927, 298.9441836426166, 54.924252551786374, 241.03295598960563, 561.7891833040258, 3.204949552459623, 242.39065376975648, 0.025495152006136612, 124.22243195747643, 65.60965917828474, 25.772515172340697, 293.9951124314633, 107.49230310930784, 43.64500397299662, 2.222637508349035, 1.6718644944690746, 14.673389801980623, 145.48050540321225, 93.77464517512742, 247.92729784211596, 16.04980899990844, 31.522837276389925, 375.9208881426011, 142.64730387837648, 328.35637937123903, 112.45063945027641, 73.34459640752016, 85.96280802216748, 437.2022234685445, 76.26043471600961, 6.980716088416501, 80.26270632652736, 21.646674896935874, 92.76198336782709, 8.66257747421663]]"
50,"[[(10, 30), (10, 38), (14, 25), (14, 30), (31, 14), (31, 27), (36, 7), (8, 19), (11, 38), (22, 38), (23, 27), (25, 9), (37, 29), (2, 22), (5, 6), (9, 10), (17, 4), (17, 28), (32, 3), (28, 8), (28, 18), (28, 32), (33, 12), (33, 39), (34, 7), (20, 7), (6, 1), (18, 3), (30, 9), (30, 36), (38, 39), (12, 28), (16, 20), (13, 26), (29, 30)]]","[[307.3246017908873, 272.68882096264787, 11.590585478619857, 260.05519764812163, 35.53114132476158, 2.1220383609594213, 255.88332331575015, 0.5741404839472757, 49.0971846259783, 66.54488178483814, 76.14853280723925, 152.7721625195691, 106.09951158127447, 74.34751693648087, 2.6937796913745595, 2.2938891780662503, 72.37936836203306, 142.05033155353166, 93.05981659770025, 320.0407101256547, 19.539745816270738, 31.519328773541055, 347.86352884332166, 147.88572374110677, 319.1507151702281, 124.83296447743817, 71.5859510344465, 86.02667684900887, 391.6923985209044, 83.36641138632304, 5.590575118936808, 64.32347781674686, 19.3465747996826, 195.67944069652026, 4.824327721260143]]"
51,"[[(10, 30), (10, 38), (14, 25), (14, 30), (31, 14), (31, 27), (36, 7), (8, 19), (11, 38), (22, 38), (23, 27), (25, 9), (37, 29), (2, 22), (5, 6), (9, 10), (17, 4), (17, 28), (32, 3), (28, 8), (28, 18), (28, 32), (33, 12), (33, 39), (34, 7), (20, 7), (6, 1), (18, 3), (30, 9), (30, 36), (38, 39), (12, 28), (16, 20), (13, 26), (29, 30)]]","[[257.7885416180845, 354.51359008624183, 20.948025681171274, 162.23311378516382, 101.10402269491127, 3.8903127586764947, 316.04851377458175, 1.8861579550414194, 108.72893696371894, 61.004265252282245, 48.57660690214982, 143.22560578669038, 110.87881719742961, 62.69571174884075, 0.7665069415383865, 2.223243530209488, 17.381358141355754, 129.71736692103394, 92.20024231458528, 299.65920467909825, 17.51103358300128, 36.930250365367954, 472.0276009894454, 32.87278897439198, 337.2092053752763, 138.86244463217548, 49.51892314580286, 91.21111161807868, 413.9885859541869, 79.23358845895874, 5.023805175358949, 65.34268001552148, 6.818543947120379, 169.2230683181652, 4.82732021320396]]"
52,"[[(10, 30), (10, 38), (14, 25), (14, 30), (31, 14), (31, 27), (36, 7), (8, 19), (11, 38), (22, 38), (23, 27), (25, 9), (37, 29), (2, 22), (5, 6), (9, 10), (17, 4), (17, 28), (32, 3), (28, 8), (28, 18), (28, 32), (33, 12), (33, 39), (34, 7), (20, 7), (6, 1), (18, 3), (30, 9), (30, 36), (38, 39), (12, 28), (16, 20), (13, 26), (29, 30)]]","[[239.2115338669759, 241.75145773572842, 55.07058593337947, 140.72385511115888, 287.89736328790485, 1.1310929357211226, 295.0177403021628, 1.480424361351851, 141.92737188026337, 59.77307094432845, 63.31792553163924, 369.21656451293865, 103.7838324373501, 72.64384971693768, 0.25046365296092077, 2.7567253031689627, 119.81187804097728, 134.6009339225871, 93.21533160638127, 254.95567788178454, 31.948472300396737, 35.07462599539352, 359.30857153823774, 55.03246777098752, 348.5342687970157, 69.23313371363548, 79.72825389974643, 136.63022676684773, 369.682780383453, 95.20822675490182, 6.130305095262932, 78.91092453950901, 29.91244938535383, 200.78575755600963, 4.97988806147582]]"
53,"[[(10, 30), (10, 38), (14, 25), (14, 30), (31, 14), (31, 27), (36, 7), (8, 19), (11, 38), (22, 38), (23, 27), (25, 9), (37, 29), (2, 22), (5, 6), (9, 10), (17, 4), (17, 28), (32, 3), (28, 8), (28, 18), (28, 32), (33, 12), (33, 39), (34, 7), (20, 7), (6, 1), (18, 3), (30, 9), (30, 36), (38, 39), (12, 28), (16, 20), (13, 26), (29, 30)]]","[[229.26960014893808, 325.58453829203086, 80.65855527775454, 241.88347319056663, 592.8944852402856, 1.7265758206819162, 352.02767395198725, 0.7768473142395742, 83.76045732765755, 65.17261703677303, 63.358768443943745, 185.2835542257913, 103.23105238278626, 65.54025761169729, 1.2238263132740723, 2.369901256486598, 31.79587756572448, 140.40746899558374, 98.42862736010552, 272.25843278292456, 38.16731956389687, 40.42984418785122, 409.98469294699817, 27.196881873694224, 309.7292307765588, 138.53809962410637, 52.30825331460812, 49.39200688312977, 370.82461014606577, 85.59166789960892, 5.23646683533523, 63.414993746271556, 28.659206421584873, 206.4093024850507, 4.206724432388658]]"
54,"[[(10, 30), (10, 38), (14, 25), (14, 30), (31, 14), (31, 27), (36, 7), (8, 19), (11, 38), (22, 38), (23, 27), (25, 9), (37, 29), (2, 22), (5, 6), (9, 10), (17, 4), (17, 28), (32, 3), (28, 8), (28, 18), (28, 32), (33, 12), (33, 39), (34, 7), (20, 7), (6, 1), (18, 3), (30, 9), (30, 36), (38, 39), (12, 28), (16, 20), (13, 26), (29, 30)]]","[[275.06170447092586, 309.93697590256943, 72.26240964802254, 109.42866191510232, 243.7384109098941, 1.2903955764646744, 346.3433307652755, 1.8448570426719255, 63.63660930956212, 57.20988240572158, 113.2979415366892, 88.94044135516256, 99.21199518354457, 49.66675247684896, 2.738714472495995, 2.6135916110532307, 96.15549070722864, 155.13104366317572, 96.38585452349022, 277.2085614681175, 31.172354004494114, 39.94341473260228, 377.7196310747907, 95.89282614406659, 332.8274730957603, 112.04757832066352, 47.83455500646421, 101.02103778034862, 402.78601317934647, 83.34748603112351, 5.568671581265114, 63.19036394235777, 27.711125053287333, 155.35535373297648, 7.292229497469834]]"
55,"[[(10, 30), (10, 38), (14, 25), (14, 30), (31, 14), (31, 27), (36, 7), (8, 19), (11, 38), (22, 38), (23, 27), (25, 9), (37, 29), (2, 22), (5, 6), (9, 10), (17, 4), (17, 28), (32, 3), (28, 8), (28, 18), (28, 32), (33, 12), (33, 39), (34, 7), (20, 7), (6, 1), (18, 3), (30, 9), (30, 36), (38, 39), (12, 28), (16, 20), (13, 26), (29, 30)]]","[[237.44621717034258, 351.4595088194878, 20.36682825554408, 164.52389197727518, 551.0975241287517, 0.532901626841483, 358.3064270732326, 0.18781212295760863, 146.7056158846607, 62.42153379178977, 34.87010574733074, 52.66523663965826, 110.5317885166712, 58.418347660973055, 0.23574250228829507, 1.7463769535955582, 90.50088571403727, 160.21961796019318, 90.72031226655689, 291.2817613298568, 34.86894565561059, 40.975987508951384, 375.88818370630133, 22.716675495380386, 317.13967524007796, 66.91346232453644, 68.46602938333456, 106.23773788984762, 405.07611537364625, 94.9363443414831, 6.069811804409868, 84.46101872179679, 8.980407442517397, 191.16491462655952, 12.350341243119981]]"
56,"[[(10, 30), (10, 38), (14, 25), (14, 30), (31, 14), (31, 27), (36, 7), (8, 19), (11, 38), (22, 38), (23, 27), (25, 9), (37, 29), (2, 22), (5, 6), (9, 10), (17, 4), (17, 28), (32, 3), (28, 8), (28, 18), (28, 32), (33, 12), (33, 39), (34, 7), (20, 7), (6, 1), (18, 3), (30, 9), (30, 36), (38, 39), (12, 28), (16, 20), (13, 26), (29, 30)]]","[[200.4659528244895, 255.51592531678557, 60.96045892054726, 144.41326313656796, 11.104823242613762, 3.957319527520722, 284.3946514673109, 1.7179574539525242, 79.69914178018203, 57.05408899157729, 29.91325695920836, 44.16297261286761, 105.67678497670494, 52.55434960699371, 2.6912776649588777, 1.4610909268059005, 16.09386912172572, 143.20296325653936, 99.64196559953093, 303.2615460778248, 15.505536841483611, 43.808851746895925, 419.6729527993014, 99.1615251328797, 302.41359594416923, 64.98912967623221, 79.42559724610015, 68.97793937052514, 395.60935678668136, 93.67747469484306, 5.440071990149425, 96.43771865357823, 29.773723856638515, 186.46130712187693, 13.054566477103423]]"
57,"[[(10, 30), (10, 38), (14, 25), (14, 30), (31, 14), (31, 27), (36, 7), (8, 19), (11, 38), (22, 38), (23, 27), (25, 9), (37, 29), (2, 22), (5, 6), (9, 10), (17, 4), (17, 28), (32, 3), (28, 8), (28, 18), (28, 32), (33, 12), (33, 39), (34, 7), (20, 7), (6, 1), (18, 3), (30, 9), (30, 36), (38, 39), (12, 28), (16, 20), (13, 26), (29, 30)]]","[[200.9906991465812, 300.57071232518035, 85.38606379307745, 188.4306359889698, 508.9464657004751, 0.7863360328309938, 357.06776888528066, 0.2334108046502099, 130.73443435238613, 57.09320294222167, 43.86232064854022, 121.32023271312856, 110.48827224147449, 69.49283417470934, 1.5866233728898727, 1.9415738899954011, 60.6862814010919, 146.17972570314927, 98.99738827378363, 320.5384715958509, 38.84772356300026, 35.52249997437093, 431.56072381951, 27.355831723903137, 343.3558526979385, 141.22241856723707, 74.67224695587853, 110.62105406357968, 389.0046026957237, 93.98336449336091, 6.443463387395517, 61.11273489808031, 31.610833434839826, 81.17160476009096, 5.737523443608381]]"
58,"[[(10, 30), (10, 38), (14, 25), (14, 30), (31, 14), (31, 27), (36, 7), (8, 19), (11, 38), (22, 38), (23, 27), (25, 9), (37, 29), (2, 22), (5, 6), (9, 10), (17, 4), (17, 28), (32, 3), (28, 8), (28, 18), (28, 32), (33, 12), (33, 39), (34, 7), (20, 7), (6, 1), (18, 3), (30, 9), (30, 36), (38, 39), (12, 28), (16, 20), (13, 26), (29, 30)]]","[[213.8167966593249, 310.9237789138392, 77.27127183003171, 182.82936546131003, 219.07496388510378, 2.7813658861898563, 354.8549368542457, 0.70752521703077, 74.33166955460807, 65.87666593917758, 121.64770701382282, 156.75955148094903, 111.42350985698256, 61.98751152144062, 3.5907177719504424, 2.465143333709395, 105.31486129136978, 145.51415701798066, 92.50708928274763, 322.394188391478, 29.236241836053498, 35.50765640920958, 465.86445374811535, 50.000773996250544, 329.7036580751401, 74.4614163629862, 37.999407349806134, 83.34323081803944, 476.8777852934658, 81.87042542262202, 5.39345122389179, 65.10988223115295, 29.73915106080245, 151.44503465087828, 9.50686886172133]]"
59,"[[(10, 30), (10, 38), (14, 25), (14, 30), (31, 14), (31, 27), (36, 7), (8, 19), (11, 38), (22, 38), (23, 27), (25, 9), (37, 29), (2, 22), (5, 6), (9, 10), (17, 4), (17, 28), (32, 3), (28, 8), (28, 18), (28, 32), (33, 12), (33, 39), (34, 7), (20, 7), (6, 1), (18, 3), (30, 9), (30, 36), (38, 39), (12, 28), (16, 20), (13, 26), (29, 30)]]","[[272.83395031665964, 326.28812694522344, 15.527598515837807, 144.60215022210912, 54.377721305650134, 3.706009541175524, 280.4208712928351, 0.6348730188923963, 80.8729364628407, 65.69027131453765, 29.943837679697523, 275.3258993012544, 103.42121942621134, 46.11533096959371, 2.7798873440435785, 1.931968025793971, 24.970809955245826, 131.1020564733493, 92.39963983972424, 321.9505539655217, 33.77488355759782, 39.89636622153624, 436.89052926412177, 89.71778884224594, 341.6733584728241, 122.93568508994133, 81.06055590261403, 142.12919256909774, 398.99353206567486, 81.2978564946471, 5.566875728387405, 61.11525002854511, 8.199725941890211, 177.97454176448497, 12.54690961005531]]"
60,"[[(10, 30), (10, 38), (14, 25), (14, 30), (31, 14), (31, 27), (36, 7), (8, 19), (11, 38), (22, 38), (23, 27), (25, 9), (37, 29), (2, 22), (5, 6), (9, 10), (17, 4), (17, 28), (32, 3), (28, 8), (28, 18), (28, 32), (33, 12), (33, 39), (34, 7), (20, 7), (6, 1), (18, 3), (30, 9), (30, 36), (38, 39), (12, 28), (16, 20), (13, 26), (29, 30)]]","[[212.67662454867926, 276.7771289896258, 18.853236766250717, 135.88218133534951, 446.3989588536067, 3.346712866355687, 333.479003126155, 1.476279763328609, 121.43262387927231, 63.51840121004132, 114.70748769016338, 358.69937328102196, 100.23793482673588, 75.97227524477722, 3.1845582378492927, 2.4889574513048918, 58.573897250344935, 144.50910446033959, 91.78567854543584, 234.08908216104663, 35.44905967697788, 34.012094951984295, 336.2643011210385, 36.56782593920134, 321.8657167610733, 129.73042550569147, 75.8061742785059, 68.02597290654515, 438.9879584701421, 80.56961399274849, 6.150393474051864, 60.72684036960561, 15.17266159696294, 117.0730941953145, 6.95192704405034]]"
61,"[[(10, 30), (10, 38), (14, 25), (14, 30), (31, 14), (31, 27), (36, 7), (8, 19), (11, 38), (22, 38), (23, 27), (25, 9), (37, 29), (2, 22), (5, 6), (9, 10), (17, 4), (17, 28), (32, 3), (28, 8), (28, 18), (28, 32), (33, 12), (33, 39), (34, 7), (20, 7), (6, 1), (18, 3), (30, 9), (30, 36), (38, 39), (12, 28), (16, 20), (13, 26), (29, 30)]]","[[192.5596029615138, 259.3517309269902, 55.949443796190955, 236.21807923664016, 647.3163206102669, 2.729702233533709, 268.2729825580767, 1.3208603235595493, 87.5459290638076, 66.56822772670387, 21.64889274665893, 110.55661178737182, 101.3702822201929, 49.19633967580174, 3.602868372328907, 1.7703011787886764, 122.42019603361751, 141.02908878247808, 96.96980208062148, 286.2712051373943, 22.023162802631624, 37.53201616140706, 427.43587340828356, 63.183961097540006, 318.2807677945626, 76.47501986334302, 82.60375627599889, 119.9647051518105, 441.68426691956165, 76.40125655767257, 5.528504253617972, 64.1151827577206, 28.258318458254397, 223.70783736613856, 11.860541725414809]]"
62,"[[(10, 30), (10, 38), (14, 25), (14, 30), (31, 14), (31, 27), (36, 7), (8, 19), (11, 38), (22, 38), (23, 27), (25, 9), (37, 29), (2, 22), (5, 6), (9, 10), (17, 4), (17, 28), (32, 3), (28, 8), (28, 18), (28, 32), (33, 12), (33, 39), (34, 7), (20, 7), (6, 1), (18, 3), (30, 9), (30, 36), (38, 39), (12, 28), (16, 20), (13, 26), (29, 30)]]","[[254.85067800418037, 258.8438952193851, 29.77027121985392, 246.0536491489585, 317.5179086067469, 0.9239937841285069, 273.8372319048731, 0.8673984756766004, 123.55286495045786, 64.4459901459739, 68.58436151946606, 358.5963634740066, 101.75598265621976, 75.94684267498184, 3.1724252607806176, 1.369100978634229, 95.04900081285494, 139.45254147444302, 91.50885342508182, 318.3661671735838, 16.940822724115396, 37.06069275602275, 436.3379675117123, 129.6936500978812, 298.99273615652214, 120.76338971707574, 36.160365237055295, 110.4069244684967, 357.525788711521, 79.42901681923252, 6.929906069089264, 65.88347545052596, 21.109942190147642, 178.23196870135274, 5.45522596238308]]"
63,"[[(10, 30), (10, 38), (14, 25), (14, 30), (31, 14), (31, 27), (36, 7), (8, 19), (11, 38), (22, 38), (23, 27), (25, 9), (37, 29), (2, 22), (5, 6), (9, 10), (17, 4), (17, 28), (32, 3), (28, 8), (28, 18), (28, 32), (33, 12), (33, 39), (34, 7), (20, 7), (6, 1), (18, 3), (30, 9), (30, 36), (38, 39), (12, 28), (16, 20), (13, 26), (29, 30)]]","[[241.04804076630995, 267.4274470351434, 5.76440954068971, 224.68009876642063, 39.12677259867603, 3.0832434597127145, 271.30411651040345, 0.18716631499358893, 122.20107739483406, 58.17659000152392, 84.39655604577132, 19.73543441697708, 108.4998403047369, 76.86850239023192, 0.9343780632003167, 1.2437846758625586, 104.52135423964748, 130.9019213128915, 93.53017726754233, 251.4357047803426, 10.668412531575242, 43.527083298803916, 375.68273095848235, 139.17029938012553, 311.19695738004845, 81.68172001083332, 77.90523671247983, 85.17528002299034, 376.6487258006597, 77.11291220910685, 6.522457571519133, 88.90220961709869, 10.84495573491374, 136.76079465105218, 12.157643169292509]]"
64,"[[(10, 30), (10, 38), (14, 25), (14, 30), (31, 14), (31, 27), (36, 7), (8, 19), (11, 38), (22, 38), (23, 27), (25, 9), (37, 29), (2, 22), (5, 6), (9, 10), (17, 4), (17, 28), (32, 3), (28, 8), (28, 18), (28, 32), (33, 12), (33, 39), (34, 7), (20, 7), (6, 1), (18, 3), (30, 9), (30, 36), (38, 39), (12, 28), (16, 20), (13, 26), (29, 30)]]","[[235.43905190321544, 337.3322239599787, 81.15008192182496, 223.73634807631635, 387.64096117658653, 3.9945689489316667, 296.10843189452027, 1.4321717392742381, 143.5062837049008, 65.60652012440873, 39.55422398284915, 109.63278475917116, 107.05124322997646, 53.57962078226412, 2.844528823102581, 2.6676234637077894, 136.17255458013656, 159.35599132419142, 90.4499488424915, 272.5989717348058, 11.36338155019055, 27.972192457761412, 408.43654055533824, 102.27253843691277, 295.7545994779623, 126.24780774382603, 82.40406766467333, 123.99770302914355, 414.39002778243315, 88.21071824149891, 5.934369759243337, 88.68520232131476, 27.414371659468458, 215.69829403734113, 13.348891624765296]]"
65,"[[(10, 30), (10, 38), (14, 25), (14, 30), (31, 14), (31, 27), (36, 7), (8, 19), (11, 38), (22, 38), (23, 27), (25, 9), (37, 29), (2, 22), (5, 6), (9, 10), (17, 4), (17, 28), (32, 3), (28, 8), (28, 18), (28, 32), (33, 12), (33, 39), (34, 7), (20, 7), (6, 1), (18, 3), (30, 9), (30, 36), (38, 39), (12, 28), (16, 20), (13, 26), (29, 30)]]","[[255.34628414109358, 278.3222059902694, 29.130032969244752, 87.68267142246934, 152.09506518013748, 1.02830519159127, 337.71642948422544, 0.3264614746762502, 46.35403939967382, 65.77258711176793, 123.37879863988583, 15.68577389963509, 99.8054588987938, 56.174564113135126, 1.4772889165465601, 2.5879516164613117, 122.39581774753236, 155.62881586936277, 90.74941168239478, 257.80693678175413, 9.662501374984629, 30.06000377562135, 418.14594480098117, 128.15338600476008, 301.1141133983529, 66.56743325589487, 32.00142483585935, 116.28229191691345, 354.06242838647927, 78.10267357640319, 6.15291416453457, 74.32085761146178, 30.729695416610493, 125.72752156489852, 6.740010295635461]]"
66,"[[(10, 30), (10, 38), (14, 25), (14, 30), (31, 14), (31, 27), (36, 7), (8, 19), (11, 38), (22, 38), (23, 27), (25, 9), (37, 29), (2, 22), (5, 6), (9, 10), (17, 4), (17, 28), (32, 3), (28, 8), (28, 18), (28, 32), (33, 12), (33, 39), (34, 7), (20, 7), (6, 1), (18, 3), (30, 9), (30, 36), (38, 39), (12, 28), (16, 20), (13, 26), (29, 30)]]","[[310.8993224619425, 291.8855956017974, 78.91009775439913, 166.02382389563442, 550.0900861949218, 2.9461807290399133, 350.6017302334443, 1.3703246316449709, 141.09492182291342, 66.77421536100694, 68.05530094822194, 12.967553217936011, 103.30879657854841, 53.54817156876608, 2.7352148316986815, 2.79715309198266, 64.33298522162798, 136.30444924028723, 93.31400401483364, 309.93293412241064, 19.19393211475499, 33.02662599715962, 407.08836525061537, 74.54022610363349, 323.58027040938407, 64.16743643931781, 47.96410438240777, 40.93666738993254, 372.0402496489278, 85.89137765166107, 5.424315813279541, 55.96162600304301, 32.255615952661685, 200.84846293898357, 9.149103651882465]]"
67,"[[(10, 30), (10, 38), (14, 25), (14, 30), (31, 14), (31, 27), (36, 7), (8, 19), (11, 38), (22, 38), (23, 27), (25, 9), (37, 29), (2, 22), (5, 6), (9, 10), (17, 4), (17, 28), (32, 3), (28, 8), (28, 18), (28, 32), (33, 12), (33, 39), (34, 7), (20, 7), (6, 1), (18, 3), (30, 9), (30, 36), (38, 39), (12, 28), (16, 20), (13, 26), (29, 30)]]","[[214.4956836997697, 334.84408632102657, 41.52465729223424, 200.22044989931695, 293.74527199793505, 1.0663576705560955, 359.4417659190986, 1.5188291656262916, 149.76577791935364, 65.70954227824257, 122.12860431887607, 222.54618126621534, 103.7355082630779, 48.59287802892285, 2.5812748600756676, 2.473055175800269, 39.84914877274683, 148.7326010509579, 96.50659541794381, 237.25896606532777, 15.847319291109027, 43.84388386301438, 368.4008462925941, 93.53070948645029, 302.841610189174, 120.73442982023582, 61.914822521904696, 75.52846492074437, 362.0990061383688, 81.98223540010149, 5.349589867357022, 90.9419530345354, 25.439787783438774, 235.03659693521044, 5.882586475187891]]"
68,"[[(10, 30), (10, 38), (14, 25), (14, 30), (31, 14), (31, 27), (36, 7), (8, 19), (11, 38), (22, 38), (23, 27), (25, 9), (37, 29), (2, 22), (5, 6), (9, 10), (17, 4), (17, 28), (32, 3), (28, 8), (28, 18), (28, 32), (33, 12), (33, 39), (34, 7), (20, 7), (6, 1), (18, 3), (30, 9), (30, 36), (38, 39), (12, 28), (16, 20), (13, 26), (29, 30)]]","[[263.27906941827734, 278.72827434574594, 36.87201203885555, 193.15278153686643, 570.2395353795439, 0.040975143662688396, 324.40611547569154, 0.8677755713551096, 149.08800581613892, 64.14472382212699, 18.31829826695698, 59.45721581161709, 100.01024641188302, 60.00612761921828, 2.671159807852555, 2.963640458002321, 83.65263795575108, 153.8896549965718, 98.25771431721674, 321.82613522478647, 26.172698725030376, 40.919945283074526, 380.78381633857987, 53.044517757889494, 337.72844562768347, 134.04886606433013, 79.94372027837366, 47.19845852863966, 437.9383409835552, 76.8682890027218, 5.68412756049868, 83.0790017603838, 11.41456007827992, 175.61075316446596, 8.268307795012106]]"
69,"[[(10, 30), (10, 38), (14, 25), (14, 30), (31, 14), (31, 27), (36, 7), (8, 19), (11, 38), (22, 38), (23, 27), (25, 9), (37, 29), (2, 22), (5, 6), (9, 10), (17, 4), (17, 28), (32, 3), (28, 8), (28, 18), (28, 32), (33, 12), (33, 39), (34, 7), (20, 7), (6, 1), (18, 3), (30, 9), (30, 36), (38, 39), (12, 28), (16, 20), (13, 26), (29, 30)]]","[[230.8620379961962, 303.5644533124363, 7.497363764846575, 101.48227136459928, 604.3723224995886, 3.631133535441402, 253.71894694523786, 1.0392964793099675, 75.10124190760597, 64.62815993811815, 108.65688453136111, 153.6291462122105, 102.44715327347858, 47.13320340023656, 1.258183659288898, 2.613920627784266, 27.250561856561088, 160.93232695238456, 90.57520929432728, 250.85948521237242, 35.817308716577344, 45.953492231561285, 447.67849789493084, 134.5576219857894, 318.8596764496141, 110.98206938544544, 79.13431331300016, 101.66952606819447, 424.5866917393008, 91.12620656575136, 5.580784376820871, 78.41923764994138, 26.58153559409863, 178.48607761885938, 11.888468422071794]]"
70,"[[(10, 30), (10, 38), (14, 25), (14, 30), (31, 14), (31, 27), (36, 7), (8, 19), (11, 38), (22, 38), (23, 27), (25, 9), (37, 29), (2, 22), (5, 6), (9, 10), (17, 4), (17, 28), (32, 3), (28, 8), (28, 18), (28, 32), (33, 12), (33, 39), (34, 7), (20, 7), (6, 1), (18, 3), (30, 9), (30, 36), (38, 39), (12, 28), (16, 20), (13, 26), (29, 30)]]","[[264.3421731761306, 351.2625780124473, 18.553633811763444, 234.84652856940636, 448.9980447922832, 3.579350310785978, 350.54599924692207, 1.5136935668312355, 81.08691859454768, 65.79431361882612, 84.4125687661792, 197.84005106060454, 110.72954329959512, 43.64620881398301, 1.0623832761220613, 1.7446512234208442, 113.7815247207058, 151.28659118964367, 90.50041876814518, 290.14279498159794, 24.13584437674823, 44.043711815247185, 422.1665578105934, 145.62509574455157, 315.4889898328607, 110.40366982978195, 64.37881125009606, 96.66668986414794, 475.1918478607361, 93.55680983800266, 5.488982350935298, 82.07104013613652, 5.086477591267747, 128.11024600071704, 6.175493065343868]]"
71,"[[(10, 30), (10, 38), (14, 25), (14, 30), (31, 14), (31, 27), (36, 7), (8, 19), (11, 38), (22, 38), (23, 27), (25, 9), (37, 29), (2, 22), (5, 6), (9, 10), (17, 4), (17, 28), (32, 3), (28, 8), (28, 18), (28, 32), (33, 12), (33, 39), (34, 7), (20, 7), (6, 1), (18, 3), (30, 9), (30, 36), (38, 39), (12, 28), (16, 20), (13, 26), (29, 30)]]","[[317.2380655022356, 310.0412189832277, 83.31911444409438, 143.56605045131872, 95.9581771752978, 3.5874343208331654, 299.7843711655512, 0.007070667645550088, 110.23845694854029, 66.94778048568433, 42.921746399748535, 267.56069933201843, 99.20025644038525, 51.37496048550734, 3.6900202265059434, 2.240708840933744, 91.11223323302623, 156.93748979879695, 94.67958224583936, 316.59737968127513, 36.312125887492556, 29.637851531698075, 403.46345469296807, 101.33470794193407, 306.29477787892057, 155.07071428357173, 42.45250820338691, 102.44258917155793, 378.27129239148223, 93.63864765558145, 6.727729456150014, 81.2026891093157, 4.7623700470737855, 219.559606578862, 7.397155200199272]]"
72,"[[(10, 30), (10, 38), (14, 25), (14, 30), (31, 14), (31, 27), (36, 7), (8, 19), (11, 38), (22, 38), (23, 27), (25, 9), (37, 29), (2, 22), (5, 6), (9, 10), (17, 4), (17, 28), (32, 3), (28, 8), (28, 18), (28, 32), (33, 12), (33, 39), (34, 7), (20, 7), (6, 1), (18, 3), (30, 9), (30, 36), (38, 39), (12, 28), (16, 20), (13, 26), (29, 30)]]","[[219.66969492677606, 288.9996270753263, 26.260404798866173, 93.63348668358621, 525.5196684418373, 0.15529510670963154, 347.2909504251494, 0.7442244461966405, 46.38288642422589, 66.47202004824742, 119.42935256424563, 60.67016781011536, 99.0055186090591, 47.74872139680289, 3.5999472706661613, 1.8288845169236922, 11.477770875123355, 145.21618293428736, 96.90727723750194, 299.49394352135647, 35.268956241803664, 27.901040015131727, 464.08501871517456, 24.070315606142387, 311.12469616257897, 107.98566061541618, 43.29797156996754, 99.93830633929127, 430.6834317856204, 88.59377111110696, 5.760957525861022, 70.20050232374221, 3.811727890901434, 158.47064311620454, 11.599542575007407]]"
73,"[[(10, 30), (10, 38), (14, 25), (14, 30), (31, 14), (31, 27), (36, 7), (8, 19), (11, 38), (22, 38), (23, 27), (25, 9), (37, 29), (2, 22), (5, 6), (9, 10), (17, 4), (17, 28), (32, 3), (28, 8), (28, 18), (28, 32), (33, 12), (33, 39), (34, 7), (20, 7), (6, 1), (18, 3), (30, 9), (30, 36), (38, 39), (12, 28), (16, 20), (13, 26), (29, 30)]]","[[195.60837196845685, 291.4737412610341, 59.199849114840916, 195.1891708327169, 358.83070100607097, 2.9297211463159, 353.7948253357485, 0.2203505378320505, 118.40347052848672, 60.458698713264646, 23.496200884814904, 261.84269777446707, 107.42500957524464, 40.504574591948675, 1.853640422133651, 1.0268052284674702, 82.24803557903512, 149.9382972017424, 92.63098469297994, 234.5380183835952, 14.463709216144249, 33.363568626173475, 432.1687661136768, 34.14806886711375, 301.2224478414138, 82.80639285218203, 80.14444852348976, 45.494176826368616, 410.3261351742945, 74.65718218789664, 6.239435730604631, 93.96043995055072, 6.78723282204784, 197.71943893644772, 5.908700904248692]]"
74,"[[(10, 30), (10, 38), (14, 25), (14, 30), (31, 14), (31, 27), (36, 7), (8, 19), (11, 38), (22, 38), (23, 27), (25, 9), (37, 29), (2, 22), (5, 6), (9, 10), (17, 4), (17, 28), (32, 3), (28, 8), (28, 18), (28, 32), (33, 12), (33, 39), (34, 7), (20, 7), (6, 1), (18, 3), (30, 9), (30, 36), (38, 39), (12, 28), (16, 20), (13, 26), (29, 30)]]","[[289.7051078689499, 237.5622644244383, 36.21318454671638, 121.66337263966795, 208.0593057704965, 3.9515738693766784, 246.15409698707458, 1.9978577707438214, 65.9886960422913, 57.958887543701756, 60.691834361701495, 205.83376079123812, 106.49508800131615, 44.691020286537274, 0.4339076362406926, 1.781537939264207, 84.36559062935281, 149.68169804136582, 96.25485803282818, 298.1013652549679, 9.484896175040596, 31.26614471481831, 467.3102331815986, 130.98640728968815, 334.74060953070295, 65.44716921790366, 59.57128624503606, 90.29611718286228, 358.49191906597025, 77.97518690342594, 5.304249941285242, 62.13792915133295, 17.567687130951605, 221.0724396448707, 13.88041112514486]]"
75,"[[(10, 30), (10, 38), (14, 25), (14, 30), (31, 14), (31, 27), (36, 7), (8, 19), (11, 38), (22, 38), (23, 27), (25, 9), (37, 29), (2, 22), (5, 6), (9, 10), (17, 4), (17, 28), (32, 3), (28, 8), (28, 18), (28, 32), (33, 12), (33, 39), (34, 7), (20, 7), (6, 1), (18, 3), (30, 9), (30, 36), (38, 39), (12, 28), (16, 20), (13, 26), (29, 30)]]","[[201.93510603542552, 271.41299315620023, 8.007665087324462, 257.52184265385813, 485.353684170955, 1.532865062151012, 264.96791773371893, 0.5528304574548226, 142.61601990619516, 64.66310893071447, 112.82668877455151, 91.99846225504629, 99.75592289591785, 60.152880204448806, 1.6345983391526437, 2.00375697229391, 124.15170636475223, 144.75844626258643, 92.97734235278669, 260.3173645602116, 16.429804750242262, 27.16804577061554, 407.4476590844867, 123.63539458756044, 310.8268016235572, 78.29296552052736, 74.2109926622662, 121.73422806293541, 382.15652824679614, 94.25585952831472, 5.287025476012357, 61.671813379793775, 17.5617451370473, 86.08890349686696, 9.506788047260928]]"
76,"[[(10, 30), (10, 38), (14, 25), (14, 30), (31, 14), (31, 27), (36, 7), (8, 19), (11, 38), (22, 38), (23, 27), (25, 9), (37, 29), (2, 22), (5, 6), (9, 10), (17, 4), (17, 28), (32, 3), (28, 8), (28, 18), (28, 32), (33, 12), (33, 39), (34, 7), (20, 7), (6, 1), (18, 3), (30, 9), (30, 36), (38, 39), (12, 28), (16, 20), (13, 26), (29, 30)]]","[[288.68319396100645, 302.25041447199436, 37.614870982644334, 110.48177385711796, 568.8866578181089, 3.4314899569410597, 347.58778159380046, 0.4381575791211785, 110.44433224817038, 59.4083699734805, 119.41323627376555, 257.76360518846565, 110.7347113035436, 77.33776861739037, 1.3798636992896678, 2.4973971688620047, 124.0772241413084, 138.48726920390706, 92.61766867891899, 279.62145762843033, 28.436805351786713, 34.387866747182755, 468.14886470798035, 135.84530420571713, 332.08119909086037, 64.27210372253397, 76.90443841448828, 41.677191613789844, 372.5409840080553, 81.62552663488556, 6.182414210710477, 92.96990803594505, 4.510080455576361, 87.77073187399472, 10.588827447637586]]"
77,"[[(10, 30), (10, 38), (14, 25), (14, 30), (31, 14), (31, 27), (36, 7), (8, 19), (11, 38), (22, 38), (23, 27), (25, 9), (37, 29), (2, 22), (5, 6), (9, 10), (17, 4), (17, 28), (32, 3), (28, 8), (28, 18), (28, 32), (33, 12), (33, 39), (34, 7), (20, 7), (6, 1), (18, 3), (30, 9), (30, 36), (38, 39), (12, 28), (16, 20), (13, 26), (29, 30)]]","[[292.91090669854606, 348.7852585843346, 26.243838414624513, 245.2660113561608, 7.4163856053433665, 0.48918852580171723, 314.1597052070274, 1.8373809384956445, 99.00780288457203, 60.67791640160003, 33.18228179314687, 71.94763343166281, 109.84952117296822, 51.14011160112551, 3.624671225229857, 2.0102698970214865, 86.22020728475549, 133.08187728606345, 97.13166324987101, 318.57044285271616, 34.892618213200976, 29.095548220138102, 382.37656729357764, 88.13241792787188, 294.7603972720555, 65.07862258835931, 56.14846611822719, 43.23008461764743, 428.33839290836505, 72.30200682243255, 6.346209932870971, 86.76505450205407, 3.169440621363014, 85.41615852137856, 5.800911087786624]]"
78,"[[(10, 30), (10, 38), (14, 25), (14, 30), (31, 14), (31, 27), (36, 7), (8, 19), (11, 38), (22, 38), (23, 27), (25, 9), (37, 29), (2, 22), (5, 6), (9, 10), (17, 4), (17, 28), (32, 3), (28, 8), (28, 18), (28, 32), (33, 12), (33, 39), (34, 7), (20, 7), (6, 1), (18, 3), (30, 9), (30, 36), (38, 39), (12, 28), (16, 20), (13, 26), (29, 30)]]","[[205.47529815203805, 253.5650548774922, 26.826373262830693, 142.74283380044946, 390.57091353943747, 2.448045633316596, 350.2628365155124, 1.7574846774291304, 56.45511553232336, 58.72364813499843, 45.580008789879436, 175.10235527202346, 101.24129288820598, 44.17812244748513, 2.3272107741555863, 1.0241873663424461, 86.22673015368187, 153.81081122908847, 92.72170492535297, 262.72195849533927, 25.626498423499633, 27.236894108010144, 463.508015882245, 110.03052129069663, 309.52207094019127, 160.056667240264, 59.12464570089672, 59.85027455317522, 351.7471286140151, 73.61518844752771, 5.570058346823933, 69.26525868261216, 17.216553825366596, 180.85234789060263, 12.588611552054745]]"
79,"[[(10, 30), (10, 38), (14, 25), (14, 30), (31, 14), (31, 27), (36, 7), (8, 19), (11, 38), (22, 38), (23, 27), (25, 9), (37, 29), (2, 22), (5, 6), (9, 10), (17, 4), (17, 28), (32, 3), (28, 8), (28, 18), (28, 32), (33, 12), (33, 39), (34, 7), (20, 7), (6, 1), (18, 3), (30, 9), (30, 36), (38, 39), (12, 28), (16, 20), (13, 26), (29, 30)]]","[[323.4712975754335, 294.0180178052053, 4.630667301495762, 118.70525065044038, 63.97058360796169, 3.069614583896252, 238.02537731282274, 1.9900114467605672, 95.30309266748615, 64.41448417714005, 75.9774181668144, 229.6924761024529, 109.11849459880288, 63.95973972987445, 1.4158593229030587, 2.4277193393072762, 126.6785897484861, 154.4657638896982, 97.37208773129856, 279.45105272978367, 15.924974024450208, 33.201366710064555, 465.1883294838683, 115.26321778165399, 295.90384012662633, 100.65390177385562, 41.827996032586384, 92.11186778203393, 431.3677307175292, 95.15234617023276, 5.8942697667209085, 71.90559926464366, 11.903064758601486, 153.51245976864556, 10.00151450031515]]"
80,"[[(10, 30), (10, 38), (14, 25), (14, 30), (31, 14), (31, 27), (36, 7), (8, 19), (11, 38), (22, 38), (23, 27), (25, 9), (37, 29), (2, 22), (5, 6), (9, 10), (17, 4), (17, 28), (32, 3), (28, 8), (28, 18), (28, 32), (33, 12), (33, 39), (34, 7), (20, 7), (6, 1), (18, 3), (30, 9), (30, 36), (38, 39), (12, 28), (16, 20), (13, 26), (29, 30)]]","[[295.10548100375405, 304.5982268067735, 37.98361898819545, 132.43618028516542, 237.15926211068947, 1.851526708079862, 365.67493867988014, 0.3308992405330762, 98.76941668409617, 58.34793285442012, 41.70511572005057, 240.30148336175455, 105.24932247906617, 67.69025595100968, 3.071767355691345, 1.2680004733323451, 62.153499742326886, 146.12623068085824, 90.50425909634819, 324.776839340376, 19.16151735515349, 39.8149385595525, 449.38402825236517, 93.87963667311789, 314.70527965594584, 89.31757652695521, 74.99253065612906, 83.69054870282315, 404.21187288139265, 95.08423059049969, 6.157217578019985, 75.30826059635984, 25.01803440394352, 221.84588147852796, 6.812095977047435]]"
81,"[[(10, 30), (10, 38), (14, 25), (14, 30), (31, 14), (31, 27), (36, 7), (8, 19), (11, 38), (22, 38), (23, 27), (25, 9), (37, 29), (2, 22), (5, 6), (9, 10), (17, 4), (17, 28), (32, 3), (28, 8), (28, 18), (28, 32), (33, 12), (33, 39), (34, 7), (20, 7), (6, 1), (18, 3), (30, 9), (30, 36), (38, 39), (12, 28), (16, 20), (13, 26), (29, 30)]]","[[279.58133738445497, 305.5662852534485, 37.395729724792886, 120.72681461389803, 265.9695609163862, 1.1376381640491675, 294.6023435362966, 1.0509753918653175, 63.733694006006914, 62.337666089597874, 30.982575708526195, 325.5386815437235, 99.13485308999955, 44.22906545189107, 0.6775501021012116, 2.180057014012135, 94.96227567532623, 157.26489492193235, 96.85637999186616, 236.26862381604008, 24.295656767621605, 46.009203196984664, 475.8117574232079, 99.2758385196292, 336.81792421996573, 167.4319971135647, 70.79116341687887, 91.30186677807495, 472.76107110304946, 84.88328071375811, 6.524803360946999, 57.163987390293855, 27.009625655373252, 223.31588330341927, 5.06579054402081]]"
82,"[[(10, 30), (10, 38), (14, 25), (14, 30), (31, 14), (31, 27), (36, 7), (8, 19), (11, 38), (22, 38), (23, 27), (25, 9), (37, 29), (2, 22), (5, 6), (9, 10), (17, 4), (17, 28), (32, 3), (28, 8), (28, 18), (28, 32), (33, 12), (33, 39), (34, 7), (20, 7), (6, 1), (18, 3), (30, 9), (30, 36), (38, 39), (12, 28), (16, 20), (13, 26), (29, 30)]]","[[253.77110314045473, 362.40097847581944, 54.03250085036233, 259.8104496136906, 307.7494981172571, 0.17383503342236262, 245.36226494036342, 1.3871027929977346, 74.28076927893946, 58.42798380786563, 21.91072046357894, 12.557216631925868, 99.76070669133419, 70.47487584822025, 1.9247451982936363, 2.008257120240164, 78.49637839346262, 142.14717554078197, 98.64736848117435, 248.40374649904706, 9.232829921433886, 45.495712498033384, 335.3547096063023, 136.68879057783062, 321.0101777007247, 133.37560090781355, 80.04594034105497, 119.12229050848583, 372.3030166665443, 91.29485738428117, 5.699453487521481, 73.57725949748956, 24.193161414872705, 176.30170436507692, 10.50094867674159]]"
83,"[[(10, 30), (10, 38), (14, 25), (14, 30), (31, 14), (31, 27), (36, 7), (8, 19), (11, 38), (22, 38), (23, 27), (25, 9), (37, 29), (2, 22), (5, 6), (9, 10), (17, 4), (17, 28), (32, 3), (28, 8), (28, 18), (28, 32), (33, 12), (33, 39), (34, 7), (20, 7), (6, 1), (18, 3), (30, 9), (30, 36), (38, 39), (12, 28), (16, 20), (13, 26), (29, 30)]]","[[309.9599510727246, 338.3876804418838, 18.860622851664246, 254.45586778564655, 341.0936637951164, 2.444325499336904, 297.81796932965227, 0.16643706477182385, 112.72569013820214, 59.77489937471899, 35.008409838620736, 100.93391312050264, 102.83722857492455, 72.10365238235136, 0.5350910478082884, 1.389807941336423, 99.05766569133155, 143.7651747912672, 91.82496249702206, 309.44480257663463, 14.312517810047396, 45.69625226197329, 389.7783197808482, 37.181298904911046, 294.52257460677595, 98.38509560588298, 36.04315609281304, 77.30213286849443, 353.7763456298706, 88.14201708779235, 6.111721728485162, 96.80404272861065, 21.59105243113249, 158.76240795661045, 13.707548009343666]]"
84,"[[(10, 30), (10, 38), (14, 25), (14, 30), (31, 14), (31, 27), (36, 7), (8, 19), (11, 38), (22, 38), (23, 27), (25, 9), (37, 29), (2, 22), (5, 6), (9, 10), (17, 4), (17, 28), (32, 3), (28, 8), (28, 18), (28, 32), (33, 12), (33, 39), (34, 7), (20, 7), (6, 1), (18, 3), (30, 9), (30, 36), (38, 39), (12, 28), (16, 20), (13, 26), (29, 30)]]","[[249.40245001992446, 308.74053309256635, 71.1041250253644, 243.99541054728496, 485.0222669183584, 3.066894272328604, 280.9936155153136, 0.6263608889880257, 128.32855641249762, 61.9367947859149, 92.66521630094438, 70.67440942063126, 107.71672970774793, 74.06760660133071, 2.143776435302631, 2.3638529894201055, 19.449247362475216, 138.56290557664724, 91.22699396187846, 287.44670533307635, 27.599629439571935, 37.43016266160241, 332.8412877567535, 94.62363474854872, 291.5371342520369, 97.60890285123591, 86.27457499353777, 64.75808574957802, 394.3709884820654, 87.02579412052866, 5.510594794263918, 59.26121433841353, 22.94365755569212, 80.62837246783339, 10.703579701974434]]"
85,"[[(10, 30), (10, 38), (14, 25), (14, 30), (31, 14), (31, 27), (36, 7), (8, 19), (11, 38), (22, 38), (23, 27), (25, 9), (37, 29), (2, 22), (5, 6), (9, 10), (17, 4), (17, 28), (32, 3), (28, 8), (28, 18), (28, 32), (33, 12), (33, 39), (34, 7), (20, 7), (6, 1), (18, 3), (30, 9), (30, 36), (38, 39), (12, 28), (16, 20), (13, 26), (29, 30)]]","[[286.5365096459134, 304.5099240704868, 83.2001171281396, 153.90107560590235, 614.0065672225064, 2.8895331075340374, 358.3070932926518, 0.040745809259042476, 87.43596864086729, 65.28082649306018, 29.126942413903986, 148.02327352469894, 107.51780583930848, 74.96441354100197, 0.00543957348140367, 2.792637970369575, 24.942353703398453, 141.52998861216537, 96.77195705667656, 248.69146967194848, 17.703466614167805, 42.23999793032331, 429.4784605883775, 144.19785495817976, 327.12725653259383, 115.21395213183314, 39.44073665801985, 114.4033919288452, 457.41387607067924, 79.84270324871028, 5.1190601510193785, 79.07227080062592, 25.22593362083723, 124.66872705802692, 12.491305459895823]]"
86,"[[(10, 30), (10, 38), (14, 25), (14, 30), (31, 14), (31, 27), (36, 7), (8, 19), (11, 38), (22, 38), (23, 27), (25, 9), (37, 29), (2, 22), (5, 6), (9, 10), (17, 4), (17, 28), (32, 3), (28, 8), (28, 18), (28, 32), (33, 12), (33, 39), (34, 7), (20, 7), (6, 1), (18, 3), (30, 9), (30, 36), (38, 39), (12, 28), (16, 20), (13, 26), (29, 30)]]","[[246.82668045382, 333.90472771738337, 27.31375555988692, 119.52874180629948, 185.20435248335102, 0.8498995301426144, 336.0681508278573, 1.3945203603044518, 116.56607318459506, 58.680554969418466, 18.999067555727635, 129.57346377757258, 98.27523993655956, 69.98358459836658, 1.0085128806818093, 1.7787349348972075, 125.65306574866361, 140.62120244670385, 98.85946783903745, 243.90379044506457, 18.64947105264662, 32.39074420801984, 379.6971366820533, 109.07414652230166, 323.34695939987773, 74.3242296777135, 73.02733664163344, 109.38130846796778, 436.6381820697669, 80.33792293440034, 6.64417722651205, 70.1662575713911, 32.936197561615096, 144.67336220795212, 10.005400045542629]]"
87,"[[(10, 30), (10, 38), (14, 25), (14, 30), (31, 14), (31, 27), (36, 7), (8, 19), (11, 38), (22, 38), (23, 27), (25, 9), (37, 29), (2, 22), (5, 6), (9, 10), (17, 4), (17, 28), (32, 3), (28, 8), (28, 18), (28, 32), (33, 12), (33, 39), (34, 7), (20, 7), (6, 1), (18, 3), (30, 9), (30, 36), (38, 39), (12, 28), (16, 20), (13, 26), (29, 30)]]","[[254.79364098579273, 258.14496267347755, 35.260387863932245, 251.17883808529152, 36.437101486486675, 0.6006422963636648, 270.08259360458635, 1.2834739233739658, 42.12813195270364, 65.68352137937256, 30.20860518031582, 139.9075575115417, 100.99970438198885, 58.66390470063446, 0.3949352176259344, 2.6119282102353045, 88.23063939729276, 160.75487157591456, 92.1497351038621, 250.1470778073861, 35.522412239347744, 38.85478440265683, 437.99451299945883, 38.988724575789774, 297.0650793120498, 86.96983098893125, 57.33693983215445, 45.96508941722813, 416.0321989704448, 76.67394009197754, 5.640553832131747, 88.5379456396659, 7.159614364820242, 106.11346068664479, 8.560495606495742]]"
88,"[[(10, 30), (10, 38), (14, 25), (14, 30), (31, 14), (31, 27), (36, 7), (8, 19), (11, 38), (22, 38), (23, 27), (25, 9), (37, 29), (2, 22), (5, 6), (9, 10), (17, 4), (17, 28), (32, 3), (28, 8), (28, 18), (28, 32), (33, 12), (33, 39), (34, 7), (20, 7), (6, 1), (18, 3), (30, 9), (30, 36), (38, 39), (12, 28), (16, 20), (13, 26), (29, 30)]]","[[275.71823700859835, 318.7850015553659, 66.44825992473193, 122.12252381184089, 161.9653387703745, 1.6738673180269497, 241.22322161661825, 1.3926127459464226, 47.791742681143106, 61.545710977438205, 50.462060933362565, 269.1258257017248, 105.63208088042765, 77.89423940787918, 2.4403234471824096, 1.46574335810396, 68.97826671662942, 132.89299333356553, 91.16114753472006, 278.7854914711288, 19.67965118927412, 46.07017791245512, 335.26316277980703, 62.310642578537966, 308.65889031351406, 79.78091648753407, 80.04661938776458, 55.298603708508836, 409.089171114348, 85.2570422095551, 5.445560361600993, 72.1533230537188, 21.5350784999476, 124.2651690352277, 11.114984185518114]]"
89,"[[(10, 30), (10, 38), (14, 25), (14, 30), (31, 14), (31, 27), (36, 7), (8, 19), (11, 38), (22, 38), (23, 27), (25, 9), (37, 29), (2, 22), (5, 6), (9, 10), (17, 4), (17, 28), (32, 3), (28, 8), (28, 18), (28, 32), (33, 12), (33, 39), (34, 7), (20, 7), (6, 1), (18, 3), (30, 9), (30, 36), (38, 39), (12, 28), (16, 20), (13, 26), (29, 30)]]","[[238.98768507841143, 324.28947504704894, 71.2003803977122, 108.81452906653374, 263.95636181055835, 3.79227539734271, 324.18677315627826, 1.6927719506832974, 104.96968134327317, 65.94025662552073, 107.7258555002219, 361.61670027783026, 108.45064125254926, 51.721819060838946, 2.2260728955888416, 1.8928670054458625, 19.18842249188744, 135.04180548717105, 93.7548609277943, 288.0150212444829, 35.451747027996035, 43.60376899864557, 381.3993964369008, 31.087349895066396, 311.8892914610033, 68.51398903826924, 76.8879079314175, 89.42981698907622, 452.36222902078663, 83.03338196785117, 6.9003607088191625, 79.6679707620477, 6.968230336892868, 224.9886483623548, 9.845999137252235]]"
90,"[[(10, 30), (10, 38), (14, 25), (14, 30), (31, 14), (31, 27), (36, 7), (8, 19), (11, 38), (22, 38), (23, 27), (25, 9), (37, 29), (2, 22), (5, 6), (9, 10), (17, 4), (17, 28), (32, 3), (28, 8), (28, 18), (28, 32), (33, 12), (33, 39), (34, 7), (20, 7), (6, 1), (18, 3), (30, 9), (30, 36), (38, 39), (12, 28), (16, 20), (13, 26), (29, 30)]]","[[279.0547054740577, 292.5346586536395, 25.21935745656502, 138.8351682176261, 589.8323078328552, 3.1863110736021536, 326.402905812178, 0.8667043119099305, 56.18857733857374, 64.11148493580272, 104.40858252306066, 21.046445813258792, 109.87371709822071, 71.16298586554106, 2.2939420527228207, 2.069882613110659, 88.0931376829675, 137.71414966757422, 99.18532751957898, 239.6457417148684, 32.24830219898119, 42.2850651574463, 382.17749635084795, 77.45224864189768, 337.48888466017365, 137.8592302753695, 34.94959140214089, 122.59250039052503, 430.389109056516, 91.95458991415185, 6.771359690218045, 89.4538766578034, 9.18223135112048, 172.81497126831854, 12.73376979769182]]"
91,"[[(10, 30), (10, 38), (14, 25), (14, 30), (31, 14), (31, 27), (36, 7), (8, 19), (11, 38), (22, 38), (23, 27), (25, 9), (37, 29), (2, 22), (5, 6), (9, 10), (17, 4), (17, 28), (32, 3), (28, 8), (28, 18), (28, 32), (33, 12), (33, 39), (34, 7), (20, 7), (6, 1), (18, 3), (30, 9), (30, 36), (38, 39), (12, 28), (16, 20), (13, 26), (29, 30)]]","[[199.3498097011059, 256.0538178705591, 6.55235475188698, 138.9170971586047, 520.702127167725, 1.6319072751339219, 312.76019051749796, 0.4467138384341458, 68.10864387124192, 66.7386836755363, 81.99096311852011, 169.0739947949351, 98.82438063472725, 66.09402743529293, 1.6194609290142883, 1.3897512395304088, 64.16982140479908, 159.33351025693085, 94.4474652730749, 323.78372978073423, 11.759454394927815, 33.061747881972146, 472.755987238627, 138.30707072668218, 292.0813766965132, 74.4824887113811, 67.30826145417177, 85.92673983183157, 416.638068474248, 94.7949444935673, 5.303974074794976, 58.065719903969615, 29.64351113212418, 168.48629403042293, 9.121009561359564]]"
92,"[[(10, 30), (10, 38), (14, 25), (14, 30), (31, 14), (31, 27), (36, 7), (8, 19), (11, 38), (22, 38), (23, 27), (25, 9), (37, 29), (2, 22), (5, 6), (9, 10), (17, 4), (17, 28), (32, 3), (28, 8), (28, 18), (28, 32), (33, 12), (33, 39), (34, 7), (20, 7), (6, 1), (18, 3), (30, 9), (30, 36), (38, 39), (12, 28), (16, 20), (13, 26), (29, 30)]]","[[227.2272798284455, 299.34478208488713, 29.183372393502108, 148.4196860345665, 582.3024365098512, 1.886233366430731, 341.2010051488157, 0.532960626317226, 28.00727494500461, 62.55247582941757, 43.19085369254645, 227.73376050551636, 103.50894577600137, 60.206204170235, 2.7968281644967994, 2.285953528354315, 59.741965964600105, 156.98791263459088, 96.79939776387026, 305.9366063927306, 10.6189021027368, 28.021353667324018, 337.0399211957144, 115.5065221547647, 345.19414315476985, 64.70399599316224, 70.06374634053417, 76.44960944756122, 475.0684302725636, 82.0101805470197, 6.487370855476382, 95.76466815282149, 18.262839295103312, 202.66601121703803, 13.495530054750104]]"
93,"[[(10, 30), (10, 38), (14, 25), (14, 30), (31, 14), (31, 27), (36, 7), (8, 19), (11, 38), (22, 38), (23, 27), (25, 9), (37, 29), (2, 22), (5, 6), (9, 10), (17, 4), (17, 28), (32, 3), (28, 8), (28, 18), (28, 32), (33, 12), (33, 39), (34, 7), (20, 7), (6, 1), (18, 3), (30, 9), (30, 36), (38, 39), (12, 28), (16, 20), (13, 26), (29, 30)]]","[[283.8015114295719, 269.8685552328491, 33.139167115476, 254.31951935450653, 562.9306887467852, 0.3096491699150201, 312.5338203375324, 1.5195605491490833, 105.3403746377008, 62.06758991009896, 30.733409386418597, 61.74924908537154, 106.0431353722625, 57.10466279571537, 1.1236192635528988, 2.339759044510047, 69.49031372300952, 156.00412687306434, 95.12862365149648, 242.52308232478018, 33.102214409803466, 37.12858623998065, 383.76715995351003, 79.02988812974294, 338.4604194485809, 91.6855082586646, 70.03105190947903, 61.73427134117881, 414.738509805694, 88.02758415545543, 5.050162364148896, 90.14472540922387, 30.12407008832712, 101.18466748619394, 9.983756934609572]]"
94,"[[(10, 30), (10, 38), (14, 25), (14, 30), (31, 14), (31, 27), (36, 7), (8, 19), (11, 38), (22, 38), (23, 27), (25, 9), (37, 29), (2, 22), (5, 6), (9, 10), (17, 4), (17, 28), (32, 3), (28, 8), (28, 18), (28, 32), (33, 12), (33, 39), (34, 7), (20, 7), (6, 1), (18, 3), (30, 9), (30, 36), (38, 39), (12, 28), (16, 20), (13, 26), (29, 30)]]","[[203.66377937074847, 362.1673833833959, 38.07480463212265, 86.74714744714205, 547.8469501573327, 3.8893079270871245, 297.438435600716, 1.8353752621779846, 106.09726638606125, 62.00733991681069, 64.03216752231762, 208.30013799800685, 104.20309049094914, 70.7706504816127, 0.27424048556949865, 1.4766260262227717, 19.161771345388765, 138.34528094021815, 97.36008579377331, 261.5506727389798, 18.43327532369346, 27.79472200381393, 394.748488025689, 121.69153367877443, 307.83076072746434, 135.09301442490315, 62.542629207123206, 42.20804580612092, 436.9477559374962, 89.95428903852147, 5.883984649519545, 77.04025253935819, 5.356946584257908, 202.26055952306876, 12.834991807009677]]"
95,"[[(10, 30), (10, 38), (14, 25), (14, 30), (31, 14), (31, 27), (36, 7), (8, 19), (11, 38), (22, 38), (23, 27), (25, 9), (37, 29), (2, 22), (5, 6), (9, 10), (17, 4), (17, 28), (32, 3), (28, 8), (28, 18), (28, 32), (33, 12), (33, 39), (34, 7), (20, 7), (6, 1), (18, 3), (30, 9), (30, 36), (38, 39), (12, 28), (16, 20), (13, 26), (29, 30)]]","[[268.3390525886803, 271.5782410181587, 21.3571445346483, 114.66384562095726, 290.4011963625534, 2.3529236051534927, 300.06440083106185, 0.4894863639132847, 39.92617942039118, 62.795711496385685, 71.64454169737648, 318.7191768873645, 111.73055825423063, 50.03814796190349, 0.19604854968389773, 2.837376480602601, 136.28862484912034, 135.00016711563617, 90.86293396102693, 240.54426038531193, 23.728778715932144, 38.5956470715412, 364.0429233311297, 55.66382819876611, 325.1250779342068, 70.06016843809772, 40.683203900565495, 53.20092517915319, 477.992888208566, 92.08905285201084, 6.404226249513018, 61.03677033378841, 14.039543599038176, 123.92931623572991, 8.94859628432074]]"
96,"[[(10, 30), (10, 38), (14, 25), (14, 30), (31, 14), (31, 27), (36, 7), (8, 19), (11, 38), (22, 38), (23, 27), (25, 9), (37, 29), (2, 22), (5, 6), (9, 10), (17, 4), (17, 28), (32, 3), (28, 8), (28, 18), (28, 32), (33, 12), (33, 39), (34, 7), (20, 7), (6, 1), (18, 3), (30, 9), (30, 36), (38, 39), (12, 28), (16, 20), (13, 26), (29, 30)]]","[[316.17920129661655, 309.2108725929044, 70.60231548346003, 203.14664795352783, 370.95616139570245, 1.6401781745781268, 263.427528532074, 0.16147223882474027, 98.13537472216352, 66.59283986543434, 40.504485754545264, 113.92729880647663, 98.86875151682577, 62.41889103010023, 2.6481604055702315, 2.4304361379439845, 42.856245849149715, 142.01785937826983, 93.24239103301505, 306.80762764676956, 17.473189490534654, 45.88103089693379, 474.90237079201324, 133.95090692983683, 351.7753218889205, 86.2773577616324, 76.90440284016904, 107.79653812625793, 364.81349879385436, 79.07143371399016, 5.1520193370574106, 70.3394777274389, 23.055735206466068, 142.9429371005042, 12.973610065515361]]"
97,"[[(10, 30), (10, 38), (14, 25), (14, 30), (31, 14), (31, 27), (36, 7), (8, 19), (11, 38), (22, 38), (23, 27), (25, 9), (37, 29), (2, 22), (5, 6), (9, 10), (17, 4), (17, 28), (32, 3), (28, 8), (28, 18), (28, 32), (33, 12), (33, 39), (34, 7), (20, 7), (6, 1), (18, 3), (30, 9), (30, 36), (38, 39), (12, 28), (16, 20), (13, 26), (29, 30)]]","[[297.58813092758146, 337.7390457554087, 16.341177838817224, 167.47954785883041, 536.2928968569507, 2.823714527749925, 252.15227343091027, 1.746023868569431, 65.81463179730048, 57.97558134316794, 87.0015704972943, 291.51101760957204, 100.50899711981683, 57.37204756634421, 2.109123579371273, 2.480087742056723, 8.78231252592679, 148.012752941739, 97.26593302552791, 277.2456732228682, 36.07152385077109, 31.613285545683482, 350.75589331599446, 99.7363976025951, 291.1085652894471, 133.003025565641, 58.485987351910154, 78.17868409901419, 433.3309630069053, 78.30471706718464, 6.545076991568401, 98.51324827951217, 14.453971583937824, 132.53259099813297, 10.325061851763774]]"
98,"[[(10, 30), (10, 38), (14, 25), (14, 30), (31, 14), (31, 27), (36, 7), (8, 19), (11, 38), (22, 38), (23, 27), (25, 9), (37, 29), (2, 22), (5, 6), (9, 10), (17, 4), (17, 28), (32, 3), (28, 8), (28, 18), (28, 32), (33, 12), (33, 39), (34, 7), (20, 7), (6, 1), (18, 3), (30, 9), (30, 36), (38, 39), (12, 28), (16, 20), (13, 26), (29, 30)]]","[[268.6957455961158, 270.6858330464631, 23.8251452058664, 173.40701977030506, 246.7643599454661, 0.9062497142967114, 280.0220409841975, 0.6563259606609895, 71.08830680128723, 60.74221583583555, 54.32682602367893, 203.2797983049703, 103.73403588030563, 44.77200479986699, 0.49873918770206505, 2.8269592504654693, 4.789751230816336, 135.3244927049757, 96.57240881378881, 294.502496987255, 37.849932555725225, 44.229501943818725, 409.1209993271901, 87.91285653595246, 310.9065545814705, 99.40103410644008, 50.623749675286284, 54.57975535178016, 424.2674727009172, 92.8517770408988, 5.622964550835755, 84.74957390115092, 24.016820170840127, 133.7517188972267, 6.169064516632585]]"
99,"[[(10, 30), (10, 38), (14, 25), (14, 30), (31, 14), (31, 27), (36, 7), (8, 19), (11, 38), (22, 38), (23, 27), (25, 9), (37, 29), (2, 22), (5, 6), (9, 10), (17, 4), (17, 28), (32, 3), (28, 8), (28, 18), (28, 32), (33, 12), (33, 39), (34, 7), (20, 7), (6, 1), (18, 3), (30, 9), (30, 36), (38, 39), (12, 28), (16, 20), (13, 26), (29, 30)]]","[[244.61749746475076, 360.70318172614975, 4.585135559213229, 132.16811490512953, 474.20528942425227, 3.7634309771967325, 354.63330819357543, 0.3476570064273401, 36.184481857444695, 60.50140981791985, 68.14555021861517, 71.19182515178038, 99.75124298665034, 40.82131848175716, 2.747458516694799, 2.901769299660467, 115.73763672909013, 141.08785087915692, 94.87218576157466, 321.6438522500742, 9.638946563140099, 39.43261390069105, 424.43494998545884, 112.22798095065997, 292.0576941354114, 121.0822532379857, 42.65989976740048, 41.69193576864623, 473.70870780167854, 84.24010836850351, 6.2851080895805636, 85.47298254015367, 29.54491034645443, 119.1703815885121, 11.122499397370792]]"
