scene,edge,cost
0,"[[(0, 6), (0, 12), (0, 16), (6, 3), (6, 13), (6, 17), (7, 45), (12, 10), (12, 44), (15, 21), (15, 36), (16, 14), (16, 30), (18, 41), (18, 45), (26, 38), (27, 35), (43, 24), (44, 26), (45, 26), (45, 42), (1, 3), (1, 38), (3, 13), (8, 46), (9, 5), (38, 26), (38, 48), (42, 29), (36, 39), (48, 46), (13, 49), (14, 1), (29, 14), (37, 7), (37, 47), (4, 46), (23, 1), (33, 16), (33, 39), (33, 44), (46, 6), (46, 20), (17, 13), (31, 20), (31, 34), (20, 14), (20, 47), (19, 20), (24, 43), (40, 6), (40, 32), (11, 26), (35, 16), (47, 20), (22, 41), (39, 13)]]","[[66.1666225253218, 14.399246775941823, 5.4141653682571595, 22.011931250265576, 81.4951275453139, 237.65291862656525, 673.8151534605936, 23.954753386637964, 603.9048745813122, 5.181989732863446, 404.6471212522507, 22.82152973440055, 144.3958286497961, 140.53790074376784, 242.640685189977, 124.59759976121268, 56.364834953497564, 298.59989426946487, 6.4800849681761665, 36.344065158191285, 47.99944380753763, 21.66276934112272, 672.4950446340167, 132.42560498389918, 429.80745917574853, 63.55478033567772, 204.06709827818358, 150.54570098195114, 143.46874885528337, 11.437356033087317, 26.142542502996474, 54.110594670161205, 176.260256020954, 60.10666658342821, 336.7738259637625, 136.4912488141197, 355.1643247615501, 194.02135906764178, 69.04369344924771, 7.706111518857653, 87.38624780002206, 180.78740794384711, 13.96901955127376, 51.14957729999322, 215.8317449177909, 40.81297437349213, 7.271159823899284, 29.172701602536012, 30.83879080828881, 84.75625849816846, 50.60266449908426, 98.0198567908742, 43.72573306266617, 348.6013647705557, 89.11680694655568, 52.95593291159789, 469.6425602600748]]"
1,"[[(0, 6), (0, 12), (0, 16), (6, 3), (6, 13), (6, 17), (7, 45), (12, 10), (12, 44), (15, 21), (15, 36), (16, 14), (16, 30), (18, 41), (18, 45), (26, 38), (27, 35), (43, 24), (44, 26), (45, 26), (45, 42), (1, 3), (1, 38), (3, 13), (8, 46), (9, 5), (38, 26), (38, 48), (42, 29), (36, 39), (48, 46), (13, 49), (14, 1), (29, 14), (37, 7), (37, 47), (4, 46), (23, 1), (33, 16), (33, 39), (33, 44), (46, 6), (46, 20), (17, 13), (31, 20), (31, 34), (20, 14), (20, 47), (19, 20), (24, 43), (40, 6), (40, 32), (11, 26), (35, 16), (47, 20), (22, 41), (39, 13)]]","[[47.597169118118735, 14.009917628456826, 3.218410612695681, 14.16507358359289, 121.55459128974536, 169.84322765135892, 299.79448368727407, 23.306826296724104, 742.8354202823391, 2.5897424537473723, 311.81640604717734, 22.35295338842725, 207.6193030853215, 385.94014415974044, 380.54538816013707, 105.15952657315077, 35.32417412427998, 285.52168077789537, 6.911068930125173, 51.14055018404314, 59.83169949015236, 26.79425268780991, 625.5800103716118, 162.33267236320845, 411.51426190305494, 51.15679536714605, 228.39642543568158, 149.91875288581514, 253.0851471671994, 10.223345556348498, 21.004088216579845, 45.560617765150745, 51.55468831770949, 126.89223614748545, 427.7546281735289, 45.79354579228133, 310.5157874001957, 123.80614466575727, 34.21692075852842, 4.971200592435179, 108.84282401850857, 64.10437409745012, 9.374127456250756, 54.56237733040304, 200.59300112205503, 31.032691067438975, 5.7389076538404815, 34.412795490222074, 11.95086307847169, 63.2211236081271, 87.90091804519584, 80.26088436303823, 15.23323295315782, 235.8627707209805, 106.6799031285238, 89.86885640456617, 509.3843120530492]]"
2,"[[(0, 6), (0, 12), (0, 16), (6, 3), (6, 13), (6, 17), (7, 45), (12, 10), (12, 44), (15, 21), (15, 36), (16, 14), (16, 30), (18, 41), (18, 45), (26, 38), (27, 35), (43, 24), (44, 26), (45, 26), (45, 42), (1, 3), (1, 38), (3, 13), (8, 46), (9, 5), (38, 26), (38, 48), (42, 29), (36, 39), (48, 46), (13, 49), (14, 1), (29, 14), (37, 7), (37, 47), (4, 46), (23, 1), (33, 16), (33, 39), (33, 44), (46, 6), (46, 20), (17, 13), (31, 20), (31, 34), (20, 14), (20, 47), (19, 20), (24, 43), (40, 6), (40, 32), (11, 26), (35, 16), (47, 20), (22, 41), (39, 13)]]","[[64.22305062120503, 15.170753612390156, 6.130582348110699, 31.153445172291175, 127.74547943045164, 26.19373623335097, 478.2864956558325, 32.080189526382895, 498.67740791083077, 3.2374572318468484, 186.64548161420683, 23.461937973076406, 260.7661628040954, 282.13952744189083, 246.16595963844935, 119.2956120176093, 41.78748212396234, 270.4287316834878, 6.651039047829992, 29.196225698417095, 63.11066777417976, 22.649319780269007, 636.7921987467058, 90.5935387670509, 753.8385857385472, 91.19233468361418, 226.75565252506615, 174.23192303871045, 259.93670819386597, 10.644643286915201, 19.04715598617537, 46.59140582915617, 162.3812574759864, 68.59899762647257, 309.39888941632887, 133.27138042464605, 232.09913483180628, 262.4926732054364, 79.1414884805167, 9.71237293158938, 107.30115355418766, 225.62224333175925, 15.806510676081217, 49.85662036701704, 196.6130584962851, 23.208514631032646, 5.097546623354457, 17.668759305787653, 17.354825925221128, 58.656177856131464, 107.45743284914246, 93.581495064595, 25.575683078534247, 167.50706127762527, 112.24220378656042, 106.79237102852755, 549.4596865740707]]"
3,"[[(0, 6), (0, 12), (0, 16), (6, 3), (6, 13), (6, 17), (7, 45), (12, 10), (12, 44), (15, 21), (15, 36), (16, 14), (16, 30), (18, 41), (18, 45), (26, 38), (27, 35), (43, 24), (44, 26), (45, 26), (45, 42), (1, 3), (1, 38), (3, 13), (8, 46), (9, 5), (38, 26), (38, 48), (42, 29), (36, 39), (48, 46), (13, 49), (14, 1), (29, 14), (37, 7), (37, 47), (4, 46), (23, 1), (33, 16), (33, 39), (33, 44), (46, 6), (46, 20), (17, 13), (31, 20), (31, 34), (20, 14), (20, 47), (19, 20), (24, 43), (40, 6), (40, 32), (11, 26), (35, 16), (47, 20), (22, 41), (39, 13)]]","[[38.899687362614145, 12.381415423709933, 12.414890888281457, 28.422682070427584, 134.83404213132798, 135.09531398094137, 600.0362097194823, 13.741600929211522, 526.5833423996307, 3.174930193685139, 293.1695410402457, 23.034039663390832, 335.96267360737363, 403.7686342459852, 361.62543380512494, 148.6703005158697, 44.90838511820331, 285.0032290089919, 6.004077632995976, 47.87706965854889, 56.6391802109259, 23.366117124676137, 712.5777850674176, 95.46657623770095, 804.9634886921582, 44.17530432098678, 218.91875927135402, 157.00906044983546, 114.88140624231025, 11.45051579981543, 11.51263661875274, 33.16238531451772, 41.42075307779951, 62.293242500246826, 185.0373341243117, 115.49061059681323, 509.4154181490114, 248.59152686501935, 67.78425172573348, 1.1770467428596112, 106.45515501703068, 36.73058615285001, 13.662501130178986, 53.5107090365516, 206.3885410393624, 35.1563970685626, 3.5415551270484222, 19.424248606047755, 24.115013265262235, 94.5439290780524, 109.73913205798081, 81.09071684193374, 53.263531079171685, 285.36432838646556, 97.54666913364312, 50.52865607530969, 461.4897345251096]]"
4,"[[(0, 6), (0, 12), (0, 16), (6, 3), (6, 13), (6, 17), (7, 45), (12, 10), (12, 44), (15, 21), (15, 36), (16, 14), (16, 30), (18, 41), (18, 45), (26, 38), (27, 35), (43, 24), (44, 26), (45, 26), (45, 42), (1, 3), (1, 38), (3, 13), (8, 46), (9, 5), (38, 26), (38, 48), (42, 29), (36, 39), (48, 46), (13, 49), (14, 1), (29, 14), (37, 7), (37, 47), (4, 46), (23, 1), (33, 16), (33, 39), (33, 44), (46, 6), (46, 20), (17, 13), (31, 20), (31, 34), (20, 14), (20, 47), (19, 20), (24, 43), (40, 6), (40, 32), (11, 26), (35, 16), (47, 20), (22, 41), (39, 13)]]","[[55.4619440745594, 14.606377111033865, 2.7636302865448723, 26.429992728087967, 88.66899351743714, 131.2215313210261, 177.57492311996407, 5.97167374688852, 506.3645906064291, 3.3821054785997213, 199.70612496884635, 23.007206972352165, 71.19908704935342, 216.80907163463803, 191.0869715725074, 39.7730933024677, 50.29043181342335, 284.21820582723745, 6.4610105790180645, 48.78696609597172, 51.313230328871775, 36.41079594276479, 713.5123038796157, 69.64707941344838, 1083.0418638770545, 93.62137274826266, 178.82527469972158, 123.36170184979039, 74.56363079248898, 11.939576724051621, 16.670896379553973, 58.43489578346471, 46.90953291045103, 121.8913192212688, 343.6263979517304, 158.21395706016153, 396.7428233584866, 287.9915712661932, 55.873859734908805, 2.3467967260316414, 108.07626757268704, 34.35501225423167, 10.524421393509773, 49.1388515999994, 206.5496316655965, 37.33780203793975, 2.2164046146709535, 30.275206954506956, 16.20979706815379, 100.34002675879643, 162.07240526507886, 78.69370630313401, 31.944795560736637, 175.64725750598413, 87.98873338958884, 48.17483712404969, 463.4477182524025]]"
5,"[[(0, 6), (0, 12), (0, 16), (6, 3), (6, 13), (6, 17), (7, 45), (12, 10), (12, 44), (15, 21), (15, 36), (16, 14), (16, 30), (18, 41), (18, 45), (26, 38), (27, 35), (43, 24), (44, 26), (45, 26), (45, 42), (1, 3), (1, 38), (3, 13), (8, 46), (9, 5), (38, 26), (38, 48), (42, 29), (36, 39), (48, 46), (13, 49), (14, 1), (29, 14), (37, 7), (37, 47), (4, 46), (23, 1), (33, 16), (33, 39), (33, 44), (46, 6), (46, 20), (17, 13), (31, 20), (31, 34), (20, 14), (20, 47), (19, 20), (24, 43), (40, 6), (40, 32), (11, 26), (35, 16), (47, 20), (22, 41), (39, 13)]]","[[58.734098395252914, 15.181968088816266, 15.832115433852941, 27.723681629501357, 33.686452278134425, 133.2660521294863, 415.39621958001686, 26.419613329075965, 554.5953351796763, 5.510952237369593, 218.47823621075392, 23.321037367216967, 377.8105403634878, 277.8360225652761, 403.5229396273336, 77.83048227203467, 32.160385603040744, 265.634849759748, 6.853849776084597, 41.22704199483867, 62.77176585730389, 36.032605981041904, 676.9514220522271, 163.02237365411258, 595.9627655158699, 50.317930136102774, 217.14445211516937, 154.93486909142746, 80.60241015898544, 10.836491862924309, 14.008082404062716, 51.01423487619602, 160.88831629197998, 79.051741179506, 289.27459211625336, 39.34219056361708, 378.2464928390821, 196.81318722702235, 39.18517602560604, 2.057872376251888, 114.9244692913239, 167.7087952867159, 8.580813363784273, 49.25692762338047, 215.46377363441394, 52.602116083571616, 7.702915208793205, 36.7695625009375, 10.069043576000933, 90.18252625894715, 116.18493181102676, 102.89527353715708, 16.178174248735218, 279.03134250686435, 124.07144774450843, 100.95365683424993, 518.0810477214263]]"
6,"[[(0, 6), (0, 12), (0, 16), (6, 3), (6, 13), (6, 17), (7, 45), (12, 10), (12, 44), (15, 21), (15, 36), (16, 14), (16, 30), (18, 41), (18, 45), (26, 38), (27, 35), (43, 24), (44, 26), (45, 26), (45, 42), (1, 3), (1, 38), (3, 13), (8, 46), (9, 5), (38, 26), (38, 48), (42, 29), (36, 39), (48, 46), (13, 49), (14, 1), (29, 14), (37, 7), (37, 47), (4, 46), (23, 1), (33, 16), (33, 39), (33, 44), (46, 6), (46, 20), (17, 13), (31, 20), (31, 34), (20, 14), (20, 47), (19, 20), (24, 43), (40, 6), (40, 32), (11, 26), (35, 16), (47, 20), (22, 41), (39, 13)]]","[[40.0844885335602, 14.714573691212452, 5.700498354079389, 21.512201841022183, 99.76598012273521, 137.3365710949397, 665.9837185421857, 30.80693914711628, 507.7260594970536, 3.392777761547323, 445.89191410406306, 23.107920853521797, 37.45312886161068, 355.9314815419622, 172.73544955896625, 77.23476633267819, 29.695011575724127, 287.8087948224711, 5.626159288774531, 47.96938785047979, 49.036565433476575, 24.68262869467609, 748.249355777875, 61.56918633822633, 779.0642042480805, 50.55663506789219, 185.200181702024, 126.17496061122235, 291.2490942223825, 10.500474588301488, 11.3688072707173, 33.80239333003504, 90.78025532748964, 113.9728722737077, 282.37829204105543, 163.34261479354464, 341.9251028731637, 223.68100076861543, 23.470668984579795, 10.315320002736543, 130.59396622053944, 184.24507376258387, 9.97123402178503, 55.12213786835215, 211.06311198832444, 32.108536529738146, 4.964883893050111, 32.19057556966625, 5.755864058205416, 107.6435971280034, 186.04751812471744, 97.09777287890986, 19.198196429677036, 187.69872408175334, 113.96227275609087, 99.5013583840763, 495.89038280997966]]"
7,"[[(0, 6), (0, 12), (0, 16), (6, 3), (6, 13), (6, 17), (7, 45), (12, 10), (12, 44), (15, 21), (15, 36), (16, 14), (16, 30), (18, 41), (18, 45), (26, 38), (27, 35), (43, 24), (44, 26), (45, 26), (45, 42), (1, 3), (1, 38), (3, 13), (8, 46), (9, 5), (38, 26), (38, 48), (42, 29), (36, 39), (48, 46), (13, 49), (14, 1), (29, 14), (37, 7), (37, 47), (4, 46), (23, 1), (33, 16), (33, 39), (33, 44), (46, 6), (46, 20), (17, 13), (31, 20), (31, 34), (20, 14), (20, 47), (19, 20), (24, 43), (40, 6), (40, 32), (11, 26), (35, 16), (47, 20), (22, 41), (39, 13)]]","[[48.34495685846967, 12.282202222754362, 11.925108475642665, 26.299309496702996, 128.82033834549537, 61.748562169062424, 594.5120092942491, 5.035607434480448, 715.7494530082511, 5.714340365602178, 295.8638316723359, 23.339625215640673, 265.41849340520724, 146.6237192299203, 216.9172642615677, 58.52557115018277, 28.870168679114556, 297.1335307849282, 6.913860197738014, 59.50424988419868, 60.610313889032255, 27.086981039060515, 669.7558829384609, 106.82186835412116, 1227.6899685065405, 78.40316597910501, 225.01649125561948, 117.93459511941424, 194.27680740840765, 11.502384369455942, 11.19324001394826, 50.257506766396986, 123.12494302820346, 64.34263298070933, 260.9005537928676, 95.42373698287567, 421.93461665025933, 163.5089051862971, 28.94049752690925, 5.492102465262798, 123.43652470441208, 93.4713927971103, 10.318446763856755, 51.76698944832284, 215.61004488729867, 57.797131553213376, 7.936738452665477, 36.1948958728132, 16.191479273368305, 106.71730317991327, 15.329165506772, 84.12677844795294, 52.59543676449474, 361.49934209109085, 104.38951119847945, 121.16469663111103, 532.2784028305232]]"
8,"[[(0, 6), (0, 12), (0, 16), (6, 3), (6, 13), (6, 17), (7, 45), (12, 10), (12, 44), (15, 21), (15, 36), (16, 14), (16, 30), (18, 41), (18, 45), (26, 38), (27, 35), (43, 24), (44, 26), (45, 26), (45, 42), (1, 3), (1, 38), (3, 13), (8, 46), (9, 5), (38, 26), (38, 48), (42, 29), (36, 39), (48, 46), (13, 49), (14, 1), (29, 14), (37, 7), (37, 47), (4, 46), (23, 1), (33, 16), (33, 39), (33, 44), (46, 6), (46, 20), (17, 13), (31, 20), (31, 34), (20, 14), (20, 47), (19, 20), (24, 43), (40, 6), (40, 32), (11, 26), (35, 16), (47, 20), (22, 41), (39, 13)]]","[[41.66284094843437, 13.324928264100082, 12.237470298682208, 23.259383214489347, 65.93751017695243, 240.29998020354304, 229.4002834443703, 16.901102578760216, 489.59614832827936, 5.262429386467945, 100.03139033071173, 22.428400685701824, 192.2347776656128, 379.0924549533201, 174.12365793783948, 78.7106809397529, 46.519570500106965, 314.44101514607183, 6.026398873255177, 57.91842311684678, 49.97144689004124, 33.753435970924514, 695.2443387495746, 44.762249684238, 985.6576963792793, 56.469366919859105, 227.8032404377102, 166.22425172131798, 207.0786661671242, 11.765378436272549, 25.248822603520317, 41.836612324499754, 55.03671673609042, 88.27788152267323, 298.7010850751716, 87.95735468537168, 240.4796998800621, 265.6028877104409, 91.2811615855412, 5.609351348089062, 138.4950188695445, 102.0621793913927, 10.721381282205538, 49.90612346421041, 198.17267516684467, 60.94177182533871, 6.20156458252979, 35.159331260122364, 23.04496201019413, 56.67799074397109, 55.92368404173164, 96.07010177171666, 41.497875030639804, 358.8716692902897, 112.48716046747286, 60.16766464487773, 465.7738391003961]]"
9,"[[(0, 6), (0, 12), (0, 16), (6, 3), (6, 13), (6, 17), (7, 45), (12, 10), (12, 44), (15, 21), (15, 36), (16, 14), (16, 30), (18, 41), (18, 45), (26, 38), (27, 35), (43, 24), (44, 26), (45, 26), (45, 42), (1, 3), (1, 38), (3, 13), (8, 46), (9, 5), (38, 26), (38, 48), (42, 29), (36, 39), (48, 46), (13, 49), (14, 1), (29, 14), (37, 7), (37, 47), (4, 46), (23, 1), (33, 16), (33, 39), (33, 44), (46, 6), (46, 20), (17, 13), (31, 20), (31, 34), (20, 14), (20, 47), (19, 20), (24, 43), (40, 6), (40, 32), (11, 26), (35, 16), (47, 20), (22, 41), (39, 13)]]","[[67.27547166044764, 12.346133964133845, 13.506853011570332, 26.443284528165226, 112.68167567323225, 243.4007480219933, 243.4385380324108, 28.1641768044153, 595.2075254083246, 4.7093442164456745, 214.04676212367187, 22.93024960734198, 218.4853576268585, 194.22453196793316, 167.1436709271771, 71.95573199205771, 24.00185013557362, 269.63111858339823, 5.125260377288914, 45.76156233500303, 59.17711559170435, 24.91461238426269, 666.9340785036593, 115.36368341096167, 163.4587458627575, 85.94540501843134, 182.29124493880437, 152.6776035551585, 147.9686786180541, 10.412663922689141, 11.252074483365638, 39.719327223034014, 48.80944648929288, 120.870778717425, 196.35384545352554, 145.99645740267374, 310.5422560553807, 266.5938066834165, 82.8776804159096, 2.3673120547142483, 121.76510090931964, 121.06690591604723, 10.182768283077888, 48.311946397077584, 200.33021991604488, 34.5610808591655, 4.552241561359198, 25.570665320767947, 15.75191541354235, 69.36507311052364, 188.28310608783025, 102.83184711703652, 42.92489554911003, 116.11500870584905, 125.02726139490167, 77.4160329009774, 434.6296287828128]]"
10,"[[(0, 6), (0, 12), (0, 16), (6, 3), (6, 13), (6, 17), (7, 45), (12, 10), (12, 44), (15, 21), (15, 36), (16, 14), (16, 30), (18, 41), (18, 45), (26, 38), (27, 35), (43, 24), (44, 26), (45, 26), (45, 42), (1, 3), (1, 38), (3, 13), (8, 46), (9, 5), (38, 26), (38, 48), (42, 29), (36, 39), (48, 46), (13, 49), (14, 1), (29, 14), (37, 7), (37, 47), (4, 46), (23, 1), (33, 16), (33, 39), (33, 44), (46, 6), (46, 20), (17, 13), (31, 20), (31, 34), (20, 14), (20, 47), (19, 20), (24, 43), (40, 6), (40, 32), (11, 26), (35, 16), (47, 20), (22, 41), (39, 13)]]","[[39.74693499924927, 15.067273450254987, 4.527213103780635, 25.78203444904957, 113.47732088881837, 155.715347580397, 194.67497496894413, 10.150603552945373, 540.7093937528639, 5.311187738035464, 205.11672187369663, 23.458583490910193, 15.49941005910874, 131.88136695442316, 189.13848754697045, 84.60770313336617, 26.643484011671745, 299.1670817771554, 5.158846605278208, 59.081562326064024, 59.431891050618674, 26.164878639596107, 617.760421023947, 152.89940369454416, 583.1805016656807, 84.89056807073757, 224.17790733891846, 148.1726384451258, 162.95679774981838, 11.362738064315582, 17.06492017235625, 44.42100593710552, 116.25160497105954, 60.92330659220557, 292.4162336533719, 80.74784860382408, 486.6985430241242, 152.11245647186428, 116.60469545594168, 1.7613475175289253, 107.93467466185986, 62.18369849996243, 14.998509308593047, 55.28922942263782, 201.10226034735072, 56.633999350051994, 2.0450175950506013, 22.198878579596293, 26.13137999993184, 89.45141367253089, 159.69904539238857, 92.80822763163141, 29.449050415633454, 77.60177838438534, 119.78242167202566, 87.89286625535189, 514.1931689412892]]"
11,"[[(0, 6), (0, 12), (0, 16), (6, 3), (6, 13), (6, 17), (7, 45), (12, 10), (12, 44), (15, 21), (15, 36), (16, 14), (16, 30), (18, 41), (18, 45), (26, 38), (27, 35), (43, 24), (44, 26), (45, 26), (45, 42), (1, 3), (1, 38), (3, 13), (8, 46), (9, 5), (38, 26), (38, 48), (42, 29), (36, 39), (48, 46), (13, 49), (14, 1), (29, 14), (37, 7), (37, 47), (4, 46), (23, 1), (33, 16), (33, 39), (33, 44), (46, 6), (46, 20), (17, 13), (31, 20), (31, 34), (20, 14), (20, 47), (19, 20), (24, 43), (40, 6), (40, 32), (11, 26), (35, 16), (47, 20), (22, 41), (39, 13)]]","[[36.04575083361734, 15.910201464821286, 4.294168128865674, 21.251020271014234, 61.379250784278454, 250.9651018173198, 567.202749422356, 24.961569138179065, 533.8932216199083, 2.6834780493025505, 89.63557435675934, 23.95606044349485, 265.1408644236377, 265.1741147585719, 294.7077660996795, 124.44418328130718, 54.994098336015135, 281.6064763826576, 6.205592547674168, 35.15781954703539, 49.15124619759672, 22.986491787830836, 679.7857570616138, 31.968903170470963, 684.6883133856278, 88.74830768245016, 209.98196051842478, 129.36081973334217, 110.08652871155209, 10.417880647100635, 14.905730464295058, 58.93985639987399, 172.10818746960732, 85.04334878182496, 415.8520265223058, 42.50876413889593, 230.9432897201427, 210.47959659708792, 65.79467799547955, 4.507296624569443, 79.7283174751485, 92.88189421254827, 14.418159750488076, 52.241494734114184, 197.59366431958338, 55.4117222094083, 2.1692904776703985, 30.931154089748837, 29.703363630759856, 58.75969348727945, 144.81454117929843, 100.90748944112254, 17.91917596820146, 391.4343543216785, 117.71445338798885, 97.67292282447528, 409.5371225176989]]"
12,"[[(0, 6), (0, 12), (0, 16), (6, 3), (6, 13), (6, 17), (7, 45), (12, 10), (12, 44), (15, 21), (15, 36), (16, 14), (16, 30), (18, 41), (18, 45), (26, 38), (27, 35), (43, 24), (44, 26), (45, 26), (45, 42), (1, 3), (1, 38), (3, 13), (8, 46), (9, 5), (38, 26), (38, 48), (42, 29), (36, 39), (48, 46), (13, 49), (14, 1), (29, 14), (37, 7), (37, 47), (4, 46), (23, 1), (33, 16), (33, 39), (33, 44), (46, 6), (46, 20), (17, 13), (31, 20), (31, 34), (20, 14), (20, 47), (19, 20), (24, 43), (40, 6), (40, 32), (11, 26), (35, 16), (47, 20), (22, 41), (39, 13)]]","[[35.74767849607754, 15.897016393531786, 8.41402926442019, 18.466807141786404, 63.615802763896085, 146.70688991818528, 555.9700513922978, 6.805257020078388, 707.9163525964481, 3.1736810371452204, 387.01061969457385, 22.831082619693735, 365.88259175328415, 340.4383021284785, 156.99812850069583, 120.66893838337569, 70.90498698829074, 308.22584282861595, 5.929713802137345, 42.83380655544717, 50.98189500726776, 22.36833838950235, 666.1961738743558, 98.65678263249225, 1218.7616609723102, 81.85798783991748, 173.2324348063974, 171.49271406410298, 260.0999068713121, 10.471313452373554, 21.478130067712783, 50.909359175721946, 115.77638933519204, 101.73398470364113, 260.61370779407, 99.63842641373736, 237.9131915881454, 244.98023717752417, 34.41500056961859, 2.272001383185021, 82.40764608347075, 237.63189930133123, 14.1917702113163, 55.003714155947236, 213.40889169624057, 52.96765286222204, 5.501292763588449, 25.680637065563594, 30.110641704021827, 110.06827616342575, 178.20560047616564, 96.29809906549917, 34.98772458813156, 282.1618982433376, 87.21733023629386, 118.79070590463252, 438.089186999904]]"
13,"[[(0, 6), (0, 12), (0, 16), (6, 3), (6, 13), (6, 17), (7, 45), (12, 10), (12, 44), (15, 21), (15, 36), (16, 14), (16, 30), (18, 41), (18, 45), (26, 38), (27, 35), (43, 24), (44, 26), (45, 26), (45, 42), (1, 3), (1, 38), (3, 13), (8, 46), (9, 5), (38, 26), (38, 48), (42, 29), (36, 39), (48, 46), (13, 49), (14, 1), (29, 14), (37, 7), (37, 47), (4, 46), (23, 1), (33, 16), (33, 39), (33, 44), (46, 6), (46, 20), (17, 13), (31, 20), (31, 34), (20, 14), (20, 47), (19, 20), (24, 43), (40, 6), (40, 32), (11, 26), (35, 16), (47, 20), (22, 41), (39, 13)]]","[[61.21366855842909, 15.66116152683441, 15.016473365841344, 17.598313320105262, 118.42933625799512, 96.60498808415444, 191.00377277527082, 27.176554990972196, 649.8934690010811, 3.7117536045212143, 206.5402122844591, 23.79667903430446, 119.20431315224867, 186.55173286801386, 168.24362143687034, 24.770805683395952, 48.786087775843825, 285.99373103417963, 5.003537145968987, 40.15477294333121, 63.48878679388462, 21.503832614352046, 631.493898400871, 145.25302609659218, 195.05581778988227, 71.75354246279755, 218.67756652346407, 138.7089782982111, 256.1409297712962, 10.242333614328265, 25.26397447014694, 53.34364359313109, 115.5633939084071, 100.52611830103142, 456.7899635304836, 117.47948261459354, 295.27977917531445, 269.5811519388656, 96.1459651006601, 3.9826941071624793, 82.73461557741703, 96.88143944684329, 9.763968450208441, 55.16695326773862, 206.0672014379128, 54.20925339388077, 5.16123593708332, 27.51441667109348, 16.761635663229715, 90.03353641537018, 98.48222142860784, 101.05153519149805, 39.61099385284336, 338.2126316058272, 128.3487672865511, 60.5582695214218, 392.9791209316658]]"
14,"[[(0, 6), (0, 12), (0, 16), (6, 3), (6, 13), (6, 17), (7, 45), (12, 10), (12, 44), (15, 21), (15, 36), (16, 14), (16, 30), (18, 41), (18, 45), (26, 38), (27, 35), (43, 24), (44, 26), (45, 26), (45, 42), (1, 3), (1, 38), (3, 13), (8, 46), (9, 5), (38, 26), (38, 48), (42, 29), (36, 39), (48, 46), (13, 49), (14, 1), (29, 14), (37, 7), (37, 47), (4, 46), (23, 1), (33, 16), (33, 39), (33, 44), (46, 6), (46, 20), (17, 13), (31, 20), (31, 34), (20, 14), (20, 47), (19, 20), (24, 43), (40, 6), (40, 32), (11, 26), (35, 16), (47, 20), (22, 41), (39, 13)]]","[[60.35804388520498, 15.995015347662445, 6.635709587931023, 36.563498173698335, 76.31014971242939, 186.94603714306714, 360.2188704893223, 7.806089807577452, 581.9641213013861, 2.2490914666267465, 356.4675804295409, 23.610209649243295, 382.1669718003019, 129.556468600316, 154.06559022983157, 58.959984206452326, 49.73094807495644, 245.5355171571464, 6.066715025355098, 55.98934458354198, 47.084771769851876, 37.270246450928475, 722.212234714194, 29.355674851245396, 247.10288547366014, 66.94352704858001, 205.9589401746186, 171.5327855665446, 169.10996375892248, 11.391608132812225, 15.02994829801917, 58.66441296772862, 173.1621910616858, 94.03485909674964, 379.55156865520854, 164.52427146126215, 324.2859329867183, 232.17319898209377, 80.18480196850001, 3.6635844697114974, 117.20578436538136, 83.34831160843503, 8.0878253059809, 50.945773846595294, 198.76422906609244, 46.561503224137006, 7.789356522119699, 30.58847673972555, 32.93492222144104, 108.0961341203311, 157.03405339396198, 89.02690678443871, 33.324133613707815, 101.02501840921943, 100.58592036304161, 111.01541836912654, 532.7865770828324]]"
15,"[[(0, 6), (0, 12), (0, 16), (6, 3), (6, 13), (6, 17), (7, 45), (12, 10), (12, 44), (15, 21), (15, 36), (16, 14), (16, 30), (18, 41), (18, 45), (26, 38), (27, 35), (43, 24), (44, 26), (45, 26), (45, 42), (1, 3), (1, 38), (3, 13), (8, 46), (9, 5), (38, 26), (38, 48), (42, 29), (36, 39), (48, 46), (13, 49), (14, 1), (29, 14), (37, 7), (37, 47), (4, 46), (23, 1), (33, 16), (33, 39), (33, 44), (46, 6), (46, 20), (17, 13), (31, 20), (31, 34), (20, 14), (20, 47), (19, 20), (24, 43), (40, 6), (40, 32), (11, 26), (35, 16), (47, 20), (22, 41), (39, 13)]]","[[45.12296292159819, 12.764389838724384, 14.572611321851019, 21.38221968180725, 95.14073223061513, 164.36377701192748, 452.1172311384307, 29.634635428111935, 522.3539550587212, 4.727286744547269, 49.41552404020335, 22.474789264405477, 195.91043586633958, 347.1779727742347, 361.3738391685648, 93.34404534401708, 25.770001437325995, 250.42346826743716, 6.725171968291072, 29.363570286338685, 48.06299484669749, 37.73522059306085, 628.7690852564192, 102.01781335188227, 451.64251365106406, 64.36059284504643, 170.91726219429222, 134.0066034585875, 202.6388311270528, 10.220304461731772, 21.054387844794412, 35.25316883933908, 118.54557346598793, 66.4607512220332, 408.4351054921535, 134.81106195422, 484.0902286130332, 245.09540769364577, 73.28887165741986, 5.622184784063243, 84.61469397643053, 242.05271608389768, 15.693565632585925, 51.841565007243155, 210.3862517558542, 56.659741661810564, 7.025213847183051, 29.52760865668677, 20.738675570545674, 67.96117909224972, 38.74163537153515, 92.85422439794172, 13.42867495856021, 68.33054516272611, 115.05715386852081, 99.22632118405511, 440.8498351822926]]"
16,"[[(0, 6), (0, 12), (0, 16), (6, 3), (6, 13), (6, 17), (7, 45), (12, 10), (12, 44), (15, 21), (15, 36), (16, 14), (16, 30), (18, 41), (18, 45), (26, 38), (27, 35), (43, 24), (44, 26), (45, 26), (45, 42), (1, 3), (1, 38), (3, 13), (8, 46), (9, 5), (38, 26), (38, 48), (42, 29), (36, 39), (48, 46), (13, 49), (14, 1), (29, 14), (37, 7), (37, 47), (4, 46), (23, 1), (33, 16), (33, 39), (33, 44), (46, 6), (46, 20), (17, 13), (31, 20), (31, 34), (20, 14), (20, 47), (19, 20), (24, 43), (40, 6), (40, 32), (11, 26), (35, 16), (47, 20), (22, 41), (39, 13)]]","[[40.15534597945579, 13.945947908741775, 5.863837593643356, 21.579176500793295, 45.273648971678, 163.15143148818788, 218.12193108371744, 24.997790988479267, 749.330701153264, 5.815805361444408, 169.25016505674583, 22.280703869638252, 253.76220681264027, 301.41055714828576, 404.01660708521865, 33.946456776808375, 68.83711763358684, 247.06485697414627, 5.7175490993056375, 30.951687641907732, 50.50452156919317, 22.011311854247083, 754.100429542046, 82.08694272549458, 897.6397468613039, 51.580971513188715, 187.37231962491936, 168.70776753278972, 275.7847893166213, 10.576893949498272, 17.84048504462249, 41.15788948863994, 180.62822324362787, 64.44780117191826, 251.12286439019485, 136.44285993024215, 427.3055979064602, 116.62065672554496, 42.4837352749802, 9.08153320843087, 76.11240269178197, 215.69674502417516, 13.150116939719517, 48.06450784022147, 203.94098758696265, 43.75953121900724, 5.227063829124537, 35.96648720861339, 18.699352060162276, 67.09774222400412, 24.596729991142034, 102.518508470102, 49.90811244797045, 212.93914478037593, 90.27952018924839, 121.69732133545725, 434.90864128532104]]"
17,"[[(0, 6), (0, 12), (0, 16), (6, 3), (6, 13), (6, 17), (7, 45), (12, 10), (12, 44), (15, 21), (15, 36), (16, 14), (16, 30), (18, 41), (18, 45), (26, 38), (27, 35), (43, 24), (44, 26), (45, 26), (45, 42), (1, 3), (1, 38), (3, 13), (8, 46), (9, 5), (38, 26), (38, 48), (42, 29), (36, 39), (48, 46), (13, 49), (14, 1), (29, 14), (37, 7), (37, 47), (4, 46), (23, 1), (33, 16), (33, 39), (33, 44), (46, 6), (46, 20), (17, 13), (31, 20), (31, 34), (20, 14), (20, 47), (19, 20), (24, 43), (40, 6), (40, 32), (11, 26), (35, 16), (47, 20), (22, 41), (39, 13)]]","[[36.14601704306083, 14.57586622513201, 6.62390804587547, 34.226722468179275, 155.3364678917846, 161.85309656928123, 479.21149421763226, 12.931922740555258, 482.29185349530576, 3.80664377250837, 55.48226288234537, 22.909074723900464, 340.9661445931338, 363.9077118273022, 231.49972787994338, 25.20037152498985, 35.04427987269405, 236.84228373179647, 6.956885379664545, 32.22661159648267, 63.42257136200722, 32.780999111857675, 693.405283970909, 149.32647927067967, 740.3532359837997, 54.26347977277078, 194.0773926272829, 167.42195815535976, 240.2733988505807, 10.353280208623579, 11.453379280282043, 34.666373946463374, 56.17379207209777, 82.20898993284578, 394.6847560070962, 153.66184965645584, 328.2357801996102, 259.3107254763694, 54.36214291769479, 2.8513267269913825, 107.72717433863889, 147.7612533039062, 15.826336022965005, 50.9285075075294, 196.3612601040679, 24.262871769204317, 6.500158156961357, 27.92527224105506, 15.513219111682165, 53.36139371658432, 75.0243308776665, 84.94318909331523, 40.70831974957692, 395.8615747649781, 88.62828028291526, 60.44547754167377, 515.8861732353093]]"
18,"[[(0, 6), (0, 12), (0, 16), (6, 3), (6, 13), (6, 17), (7, 45), (12, 10), (12, 44), (15, 21), (15, 36), (16, 14), (16, 30), (18, 41), (18, 45), (26, 38), (27, 35), (43, 24), (44, 26), (45, 26), (45, 42), (1, 3), (1, 38), (3, 13), (8, 46), (9, 5), (38, 26), (38, 48), (42, 29), (36, 39), (48, 46), (13, 49), (14, 1), (29, 14), (37, 7), (37, 47), (4, 46), (23, 1), (33, 16), (33, 39), (33, 44), (46, 6), (46, 20), (17, 13), (31, 20), (31, 34), (20, 14), (20, 47), (19, 20), (24, 43), (40, 6), (40, 32), (11, 26), (35, 16), (47, 20), (22, 41), (39, 13)]]","[[60.79683288004015, 14.502148113794407, 14.362593879870102, 33.637757403367516, 151.96858029372117, 79.76613521663933, 253.47689989202357, 12.81506719752964, 701.2988743673019, 3.1728500659442487, 360.5707631636277, 22.563569223987223, 33.6480659457399, 336.62955523023254, 294.9625900386403, 141.50480410721775, 45.38822170770263, 266.5531875298581, 6.9768027777015025, 50.65431025927471, 63.712950214121776, 35.42610006647363, 629.4093696359178, 55.831250818772176, 950.4664918739276, 79.37042667534695, 183.2992008128077, 136.99877009530246, 127.83641997200084, 11.405388993982552, 21.08437895430455, 40.55878250883348, 134.0718524401367, 64.1184471529449, 385.77255482378337, 90.05552824082675, 373.63186307459944, 237.66218122820317, 36.548395922056876, 1.400623085136681, 88.15192089625222, 217.22931027885534, 15.064861859950177, 54.19907237889507, 198.72613557541703, 33.69683627384988, 3.13753855701621, 25.144031974513517, 26.058941268816334, 80.08761626025188, 166.28259766066017, 81.13057784149359, 26.44582677425108, 209.8290483710947, 107.70663258185513, 74.06079763181049, 396.5697827503979]]"
19,"[[(0, 6), (0, 12), (0, 16), (6, 3), (6, 13), (6, 17), (7, 45), (12, 10), (12, 44), (15, 21), (15, 36), (16, 14), (16, 30), (18, 41), (18, 45), (26, 38), (27, 35), (43, 24), (44, 26), (45, 26), (45, 42), (1, 3), (1, 38), (3, 13), (8, 46), (9, 5), (38, 26), (38, 48), (42, 29), (36, 39), (48, 46), (13, 49), (14, 1), (29, 14), (37, 7), (37, 47), (4, 46), (23, 1), (33, 16), (33, 39), (33, 44), (46, 6), (46, 20), (17, 13), (31, 20), (31, 34), (20, 14), (20, 47), (19, 20), (24, 43), (40, 6), (40, 32), (11, 26), (35, 16), (47, 20), (22, 41), (39, 13)]]","[[65.67631903105229, 14.439980346188126, 4.815730619835226, 25.274948184315555, 111.96330743132204, 113.71433389179315, 500.25990045384475, 19.493939439935385, 482.7881779755198, 4.504998746152847, 158.43211143141392, 23.99669342323333, 66.45577415302095, 261.57593916580436, 351.59065726974836, 100.230473049618, 24.97510619955827, 232.78185163705407, 5.599242645648779, 44.37543347439359, 64.13596429546448, 36.95239328147576, 705.6642868024543, 169.96198530513965, 750.7554053062054, 42.13873740943935, 182.30154165708038, 139.70202046130294, 254.7165639360872, 11.38310884127499, 20.21225734611903, 43.797469805015886, 106.27655814459652, 54.367736555735156, 363.93791379445497, 112.07861533868525, 494.2936715028718, 180.2175690505284, 68.61786491234074, 1.6013483471009184, 106.34187239678003, 118.59467352648687, 14.90078148809037, 54.90527588885492, 212.1349740110339, 23.941521532741227, 7.858519753318703, 19.123060020398068, 12.366001770354565, 95.52673967051936, 135.82407015345945, 80.42842021443958, 41.73182753691427, 244.7036784253297, 88.16487203472276, 58.02652401186377, 397.5853134013834]]"
20,"[[(0, 6), (0, 12), (0, 16), (6, 3), (6, 13), (6, 17), (7, 45), (12, 10), (12, 44), (15, 21), (15, 36), (16, 14), (16, 30), (18, 41), (18, 45), (26, 38), (27, 35), (43, 24), (44, 26), (45, 26), (45, 42), (1, 3), (1, 38), (3, 13), (8, 46), (9, 5), (38, 26), (38, 48), (42, 29), (36, 39), (48, 46), (13, 49), (14, 1), (29, 14), (37, 7), (37, 47), (4, 46), (23, 1), (33, 16), (33, 39), (33, 44), (46, 6), (46, 20), (17, 13), (31, 20), (31, 34), (20, 14), (20, 47), (19, 20), (24, 43), (40, 6), (40, 32), (11, 26), (35, 16), (47, 20), (22, 41), (39, 13)]]","[[42.34981241630541, 14.771490330065033, 13.24137207041175, 35.43838880643224, 153.22450707730997, 64.32767568126842, 421.3990568681845, 11.836371298603044, 741.6537726516365, 3.3826269033206517, 403.4639672621932, 23.73855174890227, 74.35838492424693, 165.0738965777191, 302.0729842028186, 18.517039275027457, 67.83333952604436, 318.4036626028443, 5.516581567201819, 34.74685401193254, 50.73672274841211, 24.823042794904143, 685.0366201478448, 38.20210338972241, 438.02327482911784, 90.42986524874976, 210.79351373441165, 161.18444618272787, 180.15473082353975, 11.999729293561428, 20.913685800313782, 43.9000847881568, 175.81243551509536, 127.48901165345183, 340.1210538234494, 58.26790419282813, 297.12665807405966, 257.1655736433583, 23.425166670021664, 9.021636933900957, 127.09625476756614, 42.33633137067913, 8.38127174624329, 52.92663568950064, 214.92235025197888, 45.252806767709096, 4.911293490674676, 26.872769571691, 23.277855409071215, 89.33960495706981, 100.29388615893856, 80.98730382044643, 33.95777885609925, 105.54615021511731, 126.65951462385259, 99.64030707036457, 456.24574369053073]]"
21,"[[(0, 6), (0, 12), (0, 16), (6, 3), (6, 13), (6, 17), (7, 45), (12, 10), (12, 44), (15, 21), (15, 36), (16, 14), (16, 30), (18, 41), (18, 45), (26, 38), (27, 35), (43, 24), (44, 26), (45, 26), (45, 42), (1, 3), (1, 38), (3, 13), (8, 46), (9, 5), (38, 26), (38, 48), (42, 29), (36, 39), (48, 46), (13, 49), (14, 1), (29, 14), (37, 7), (37, 47), (4, 46), (23, 1), (33, 16), (33, 39), (33, 44), (46, 6), (46, 20), (17, 13), (31, 20), (31, 34), (20, 14), (20, 47), (19, 20), (24, 43), (40, 6), (40, 32), (11, 26), (35, 16), (47, 20), (22, 41), (39, 13)]]","[[31.129960310842968, 12.381720933751371, 7.124728885728464, 26.576641499381445, 111.35556878878651, 258.11946864817594, 252.95840436945974, 15.922139777924079, 567.5835215176239, 5.279905372273301, 75.85240486772105, 23.825669146112148, 236.26495444418913, 104.24751002662629, 191.37006271941664, 45.055302118477236, 43.594590356011, 286.16895056566455, 5.360290659119393, 46.68102526742982, 51.24502563196451, 33.69321753729727, 619.1710014062228, 33.5096319873805, 1182.1819673928517, 75.68087369459175, 192.79452854677817, 180.39425493166408, 186.79975745757176, 11.53569575401811, 24.484465601411152, 52.29933931017615, 161.62406835881978, 112.60522729054993, 228.5662224962538, 69.95879281513979, 401.38452681256143, 273.64307811098104, 75.580821967388, 7.6336355018043305, 95.8579239764112, 247.73717741441007, 8.282211107310012, 55.97869185327054, 201.75994986563026, 42.97658524789129, 7.533374372698566, 17.107871076056718, 22.157491341620222, 71.67837282074281, 133.26077405595282, 90.3649792833065, 31.569675666327058, 322.97083942060385, 122.72595393447807, 78.91824999092897, 428.4896374722416]]"
22,"[[(0, 6), (0, 12), (0, 16), (6, 3), (6, 13), (6, 17), (7, 45), (12, 10), (12, 44), (15, 21), (15, 36), (16, 14), (16, 30), (18, 41), (18, 45), (26, 38), (27, 35), (43, 24), (44, 26), (45, 26), (45, 42), (1, 3), (1, 38), (3, 13), (8, 46), (9, 5), (38, 26), (38, 48), (42, 29), (36, 39), (48, 46), (13, 49), (14, 1), (29, 14), (37, 7), (37, 47), (4, 46), (23, 1), (33, 16), (33, 39), (33, 44), (46, 6), (46, 20), (17, 13), (31, 20), (31, 34), (20, 14), (20, 47), (19, 20), (24, 43), (40, 6), (40, 32), (11, 26), (35, 16), (47, 20), (22, 41), (39, 13)]]","[[36.29113322898252, 12.027622601036082, 12.873766760696888, 15.4885507082157, 31.65265998737334, 210.49330124701348, 327.1012266225191, 31.93480433141067, 677.9818050681813, 4.169438291635551, 136.07731082619034, 23.514132195770763, 372.1635604005315, 192.05555798428844, 319.5051799652155, 85.26659314559552, 34.002083657856, 245.73083704186848, 6.126524105929496, 30.84905297872056, 57.82894150875891, 21.353244799532728, 723.4930530274918, 152.94603894213873, 990.5754975879282, 93.9294844276647, 226.56197004789, 160.0438080454347, 176.68724484542562, 11.287540411888308, 21.704518187081163, 42.820651047861375, 125.48886260593336, 82.56801454267625, 253.47783492916597, 60.88236884471786, 464.87317146679936, 254.28837758375, 65.13248971104255, 3.1430432816201685, 96.50457978993148, 161.99224869310171, 13.404589961427645, 49.55631538402364, 206.56602918115215, 53.8649707476774, 3.3047350691129056, 17.462883708165766, 12.661956217837062, 69.04899228948786, 23.96143653840795, 100.39356339799724, 13.64901533796584, 314.4436262857361, 110.78874871479306, 47.65656929608458, 523.7045315592947]]"
23,"[[(0, 6), (0, 12), (0, 16), (6, 3), (6, 13), (6, 17), (7, 45), (12, 10), (12, 44), (15, 21), (15, 36), (16, 14), (16, 30), (18, 41), (18, 45), (26, 38), (27, 35), (43, 24), (44, 26), (45, 26), (45, 42), (1, 3), (1, 38), (3, 13), (8, 46), (9, 5), (38, 26), (38, 48), (42, 29), (36, 39), (48, 46), (13, 49), (14, 1), (29, 14), (37, 7), (37, 47), (4, 46), (23, 1), (33, 16), (33, 39), (33, 44), (46, 6), (46, 20), (17, 13), (31, 20), (31, 34), (20, 14), (20, 47), (19, 20), (24, 43), (40, 6), (40, 32), (11, 26), (35, 16), (47, 20), (22, 41), (39, 13)]]","[[56.19658567928593, 15.12856761327052, 10.262532594265474, 19.667354614960686, 110.81968245148305, 105.70487838998706, 537.2609282608809, 28.399549932275576, 743.4458270765754, 3.852795282603325, 45.20424056085294, 22.22232667704223, 381.5337106794052, 87.63790318899116, 318.58975457453033, 145.58728819516247, 76.44795476254342, 301.87665491808525, 6.987395559273137, 27.201333594104476, 51.190877950362, 23.064246505277595, 662.3554108537504, 75.68530834844911, 411.0126219118754, 53.98042648018954, 232.8607625014781, 180.00849936943513, 149.14722331126129, 11.315330830756753, 23.7096830880111, 58.76098858529469, 156.05989017280118, 65.56053913134971, 243.95955345129582, 78.55354701626497, 442.4071752450907, 238.23650489147553, 125.46188137657914, 10.632175149277183, 78.84331475446311, 192.74495098502356, 14.860137919609105, 55.536674035149105, 215.05297219985857, 34.50579033911806, 4.594978397318679, 32.01128494394456, 12.735672909918272, 69.92292954072175, 159.4961803781321, 90.50624216045243, 32.91198825980594, 122.21001676719678, 104.42428459684115, 81.88727297256149, 545.755740146016]]"
24,"[[(0, 6), (0, 12), (0, 16), (6, 3), (6, 13), (6, 17), (7, 45), (12, 10), (12, 44), (15, 21), (15, 36), (16, 14), (16, 30), (18, 41), (18, 45), (26, 38), (27, 35), (43, 24), (44, 26), (45, 26), (45, 42), (1, 3), (1, 38), (3, 13), (8, 46), (9, 5), (38, 26), (38, 48), (42, 29), (36, 39), (48, 46), (13, 49), (14, 1), (29, 14), (37, 7), (37, 47), (4, 46), (23, 1), (33, 16), (33, 39), (33, 44), (46, 6), (46, 20), (17, 13), (31, 20), (31, 34), (20, 14), (20, 47), (19, 20), (24, 43), (40, 6), (40, 32), (11, 26), (35, 16), (47, 20), (22, 41), (39, 13)]]","[[56.22660291111234, 15.57406723373676, 10.887354507775212, 35.21287846096928, 149.68936504446907, 190.4612610886793, 650.9241260735856, 9.689794038142415, 627.1535932602087, 3.1721502255467064, 242.25277764366962, 23.47727327432611, 129.58687519988663, 242.4095855139593, 186.17152276295704, 49.80562937822105, 32.40206105777985, 258.7124523648753, 6.07464412857336, 46.40562673565255, 52.005025499645626, 28.813417955309657, 697.059334098345, 182.49876081277074, 134.097616075104, 68.33743719197507, 169.3228009212824, 110.04254800879971, 280.48795009710017, 10.416243559413044, 26.26199738861481, 36.89743756942522, 53.43104142960937, 56.613817945052624, 220.34920917468855, 148.90422725207614, 525.1411245804838, 252.14479879920137, 55.93763699357828, 9.468765074665358, 80.84546505873537, 67.2576064035614, 13.839010122305309, 48.64389535320673, 210.2099154823446, 49.37133950911945, 4.404068876959096, 22.561263250232983, 32.55038220388663, 98.58364918086781, 24.71347624294014, 99.97829494708023, 31.44607710425651, 383.02897152989965, 108.25962805637471, 68.25152666369887, 413.33594504750477]]"
25,"[[(0, 6), (0, 12), (0, 16), (6, 3), (6, 13), (6, 17), (7, 45), (12, 10), (12, 44), (15, 21), (15, 36), (16, 14), (16, 30), (18, 41), (18, 45), (26, 38), (27, 35), (43, 24), (44, 26), (45, 26), (45, 42), (1, 3), (1, 38), (3, 13), (8, 46), (9, 5), (38, 26), (38, 48), (42, 29), (36, 39), (48, 46), (13, 49), (14, 1), (29, 14), (37, 7), (37, 47), (4, 46), (23, 1), (33, 16), (33, 39), (33, 44), (46, 6), (46, 20), (17, 13), (31, 20), (31, 34), (20, 14), (20, 47), (19, 20), (24, 43), (40, 6), (40, 32), (11, 26), (35, 16), (47, 20), (22, 41), (39, 13)]]","[[61.88807203260406, 12.280605459629154, 14.80689272304912, 21.682395085592045, 46.46136696811858, 79.4325347867133, 539.5874126250078, 5.4007918223344396, 657.2882537149432, 2.2442866996736224, 300.28122368326706, 22.08685816578754, 253.08567279238395, 192.23492373195134, 299.0036215894205, 97.23893341966077, 25.841239816394335, 246.47419548175887, 5.41572845350958, 39.12425813825071, 50.57729226608813, 28.71538389717792, 715.8614920758213, 182.4355587057021, 763.3448149285041, 92.14935292174842, 209.11760595092812, 149.82354532269807, 179.02552727116566, 10.833986949437882, 15.728211186521175, 44.49469781200378, 177.6142630709348, 108.6341663414592, 376.449003791496, 74.01806905148257, 327.18466633067425, 161.01081967532554, 87.5326959722032, 8.761263355084315, 144.81557877034373, 175.04026337053213, 15.67596127478223, 49.43103536292318, 212.679817418331, 30.922763670833074, 4.27947145132103, 25.228432041699435, 29.07151361393893, 95.21934709766796, 46.618731078266215, 86.6937497348484, 28.39863913099987, 293.5569058846546, 101.42838480202343, 93.73477069439414, 519.4625896439704]]"
26,"[[(0, 6), (0, 12), (0, 16), (6, 3), (6, 13), (6, 17), (7, 45), (12, 10), (12, 44), (15, 21), (15, 36), (16, 14), (16, 30), (18, 41), (18, 45), (26, 38), (27, 35), (43, 24), (44, 26), (45, 26), (45, 42), (1, 3), (1, 38), (3, 13), (8, 46), (9, 5), (38, 26), (38, 48), (42, 29), (36, 39), (48, 46), (13, 49), (14, 1), (29, 14), (37, 7), (37, 47), (4, 46), (23, 1), (33, 16), (33, 39), (33, 44), (46, 6), (46, 20), (17, 13), (31, 20), (31, 34), (20, 14), (20, 47), (19, 20), (24, 43), (40, 6), (40, 32), (11, 26), (35, 16), (47, 20), (22, 41), (39, 13)]]","[[29.599427548906995, 12.667052480152444, 2.798239088272736, 36.871547919667385, 121.42618067400417, 30.817819191417872, 255.98157189018715, 29.23989984797639, 623.6994038240442, 5.864350043055918, 418.91842827336285, 23.36669534577611, 148.08511685193724, 337.84379964362233, 412.3574628319494, 72.55389816961389, 31.935888134912666, 236.61008353593616, 6.037356503460859, 62.713497962282545, 51.97615889212208, 26.28466469518739, 619.4016884646794, 119.99690447651005, 1158.9917494277518, 87.65786877716074, 206.1847453999366, 169.79195221571905, 69.14242470664242, 10.227701949326622, 20.863201868519724, 36.09082337923558, 61.2294119939984, 96.25379033707088, 391.5044948198767, 44.64694757199578, 246.58094354492627, 122.31901524472593, 31.446778491470397, 2.2375261858247377, 106.1461809281524, 216.4775143108479, 12.463402248798296, 55.89530187400454, 214.9001169689492, 27.090968601409006, 7.742343778541568, 25.730886541229182, 17.311539987422734, 109.99854150698073, 81.85428179417757, 101.52558481981, 15.227040565590688, 126.3500425704679, 93.59031283660809, 93.98627054035077, 545.2042796299125]]"
27,"[[(0, 6), (0, 12), (0, 16), (6, 3), (6, 13), (6, 17), (7, 45), (12, 10), (12, 44), (15, 21), (15, 36), (16, 14), (16, 30), (18, 41), (18, 45), (26, 38), (27, 35), (43, 24), (44, 26), (45, 26), (45, 42), (1, 3), (1, 38), (3, 13), (8, 46), (9, 5), (38, 26), (38, 48), (42, 29), (36, 39), (48, 46), (13, 49), (14, 1), (29, 14), (37, 7), (37, 47), (4, 46), (23, 1), (33, 16), (33, 39), (33, 44), (46, 6), (46, 20), (17, 13), (31, 20), (31, 34), (20, 14), (20, 47), (19, 20), (24, 43), (40, 6), (40, 32), (11, 26), (35, 16), (47, 20), (22, 41), (39, 13)]]","[[62.141811677758284, 12.814378222478119, 2.4461825015598646, 32.02395142861157, 100.99272218267397, 34.19311062762564, 486.2342407865241, 17.664490699136174, 750.628067771922, 5.789657025334332, 356.57710779100404, 23.821451836229635, 17.59966813498754, 276.68014308568104, 224.99488439085877, 126.85520390760209, 32.24759020638264, 251.09540915059733, 5.014020398489469, 59.40533013930143, 64.94916150395822, 23.87002069374914, 769.5561848051361, 42.803816145072446, 443.8075276669451, 47.795158354609256, 184.79028342185785, 122.56330342353144, 132.35951150678284, 11.100431951100585, 22.29218882834771, 52.05042625369268, 99.80772500390358, 102.58760814110465, 301.2761051347387, 67.43121141675081, 444.9597078603804, 174.2980208075072, 106.89205240729018, 8.941654049450651, 145.9135411244871, 162.33795190591323, 9.558451460804722, 52.725354861551125, 208.20121181788684, 49.35684668842468, 5.500215301672938, 20.793825079042367, 28.423753573296985, 67.228305797464, 180.68941615496917, 95.88235042675196, 15.318176131763627, 351.79187505133547, 130.0853389399659, 119.6367155810843, 403.7776522328013]]"
28,"[[(0, 6), (0, 12), (0, 16), (6, 3), (6, 13), (6, 17), (7, 45), (12, 10), (12, 44), (15, 21), (15, 36), (16, 14), (16, 30), (18, 41), (18, 45), (26, 38), (27, 35), (43, 24), (44, 26), (45, 26), (45, 42), (1, 3), (1, 38), (3, 13), (8, 46), (9, 5), (38, 26), (38, 48), (42, 29), (36, 39), (48, 46), (13, 49), (14, 1), (29, 14), (37, 7), (37, 47), (4, 46), (23, 1), (33, 16), (33, 39), (33, 44), (46, 6), (46, 20), (17, 13), (31, 20), (31, 34), (20, 14), (20, 47), (19, 20), (24, 43), (40, 6), (40, 32), (11, 26), (35, 16), (47, 20), (22, 41), (39, 13)]]","[[56.52316566118016, 13.497701256251219, 2.24945493728334, 20.761874703830856, 48.812899855178784, 114.93055815689203, 287.79723967990117, 34.04984676477152, 547.8267320872793, 2.72412940385429, 406.8575633966897, 22.020582679419398, 276.0770505299195, 200.30313780708258, 381.42843626270917, 160.38949731817888, 23.573852655537223, 277.5166291283813, 6.064226872791409, 65.32270371745508, 62.423619964832135, 21.65277362303079, 762.8857653467752, 129.19195721395613, 149.3531618266986, 82.00904182115713, 214.19920378723725, 183.66528798548603, 213.42571222077777, 10.678679323788353, 22.99057456780497, 44.352885518804285, 94.01345984281943, 50.623600079307536, 200.20832562680462, 95.46582900971775, 359.7183335233119, 115.71268824223802, 95.18136728978774, 5.1360620536129, 79.14173908607678, 190.05935017040875, 8.81101275393232, 48.63436507298259, 212.44488331427667, 26.216015426350154, 2.0192071782995553, 27.43314094481247, 32.78232190543717, 91.74204249385852, 17.465304642579632, 101.11143110128269, 54.45397485852381, 116.46909672410789, 103.70957106379166, 67.82333525513229, 499.92486957643473]]"
29,"[[(0, 6), (0, 12), (0, 16), (6, 3), (6, 13), (6, 17), (7, 45), (12, 10), (12, 44), (15, 21), (15, 36), (16, 14), (16, 30), (18, 41), (18, 45), (26, 38), (27, 35), (43, 24), (44, 26), (45, 26), (45, 42), (1, 3), (1, 38), (3, 13), (8, 46), (9, 5), (38, 26), (38, 48), (42, 29), (36, 39), (48, 46), (13, 49), (14, 1), (29, 14), (37, 7), (37, 47), (4, 46), (23, 1), (33, 16), (33, 39), (33, 44), (46, 6), (46, 20), (17, 13), (31, 20), (31, 34), (20, 14), (20, 47), (19, 20), (24, 43), (40, 6), (40, 32), (11, 26), (35, 16), (47, 20), (22, 41), (39, 13)]]","[[54.33777256316301, 15.834914073230722, 2.1673388363185415, 24.267634828971445, 84.76972709670383, 133.4687514827458, 293.38402578385154, 18.41481623849163, 656.6037783834888, 3.1787531484619764, 97.16553209378007, 22.71281692791612, 222.9977959372314, 225.31114675332552, 215.3152631494197, 145.8686587081572, 27.094119323585133, 318.76683125481196, 6.309741307008322, 30.17162117610861, 61.74211279760192, 34.456923006646015, 685.7783235122225, 104.40430059243724, 568.2200377237571, 56.626053990558745, 184.41286874223218, 115.12225529695712, 167.8854259412756, 11.624450387795338, 23.562202713542867, 47.1241687666585, 162.30686995127644, 97.16013086461848, 357.48265480484406, 44.14890096914753, 342.9615339862789, 258.7940182895379, 34.62007007955361, 3.027200562433644, 86.55841636201669, 94.87986695731657, 12.494919514893333, 51.90912374538021, 201.58719372548262, 43.469700423715665, 5.496647891326344, 30.778374211779422, 5.478671640529916, 93.74316689755321, 164.0323084468339, 92.96444191069848, 36.784664299686284, 65.2730218911774, 115.92889182637572, 69.36976763540768, 474.4026380062641]]"
30,"[[(0, 6), (0, 12), (0, 16), (6, 3), (6, 13), (6, 17), (7, 45), (12, 10), (12, 44), (15, 21), (15, 36), (16, 14), (16, 30), (18, 41), (18, 45), (26, 38), (27, 35), (43, 24), (44, 26), (45, 26), (45, 42), (1, 3), (1, 38), (3, 13), (8, 46), (9, 5), (38, 26), (38, 48), (42, 29), (36, 39), (48, 46), (13, 49), (14, 1), (29, 14), (37, 7), (37, 47), (4, 46), (23, 1), (33, 16), (33, 39), (33, 44), (46, 6), (46, 20), (17, 13), (31, 20), (31, 34), (20, 14), (20, 47), (19, 20), (24, 43), (40, 6), (40, 32), (11, 26), (35, 16), (47, 20), (22, 41), (39, 13)]]","[[41.4732179805347, 14.98084480102755, 3.9248081874770735, 28.885597821412716, 137.9404703330838, 119.92011752249329, 369.29812846593063, 24.19871782708708, 554.0712080419606, 5.280656521138381, 168.92185295815244, 22.710076917620224, 17.040667850375343, 189.29399071565075, 204.41304366127378, 84.4152310361082, 63.12353459350595, 316.0682434887822, 5.1481106187055605, 27.195414537037028, 48.14778567099816, 37.17696788772871, 757.8676279991051, 30.390577397752793, 902.8190173511911, 45.186210583499864, 197.04444159467215, 150.60229153107542, 159.06997242208448, 11.3209008040586, 13.477320772896022, 35.89328491333326, 44.6746158692406, 49.18641829837611, 350.4212195171643, 124.47996834413523, 312.9546980063667, 168.32234666557395, 113.48829456396307, 5.977193782240702, 106.16881478638015, 168.00601329983502, 10.71906624674687, 51.559343813770035, 201.79780612491552, 50.99902210856956, 4.23088503242025, 35.749938297770505, 15.764793011447747, 61.40355555306794, 72.51984154398777, 99.75684591164358, 23.620540216215158, 130.34999275628678, 107.1335895248245, 93.18709350168862, 418.53763508538884]]"
31,"[[(0, 6), (0, 12), (0, 16), (6, 3), (6, 13), (6, 17), (7, 45), (12, 10), (12, 44), (15, 21), (15, 36), (16, 14), (16, 30), (18, 41), (18, 45), (26, 38), (27, 35), (43, 24), (44, 26), (45, 26), (45, 42), (1, 3), (1, 38), (3, 13), (8, 46), (9, 5), (38, 26), (38, 48), (42, 29), (36, 39), (48, 46), (13, 49), (14, 1), (29, 14), (37, 7), (37, 47), (4, 46), (23, 1), (33, 16), (33, 39), (33, 44), (46, 6), (46, 20), (17, 13), (31, 20), (31, 34), (20, 14), (20, 47), (19, 20), (24, 43), (40, 6), (40, 32), (11, 26), (35, 16), (47, 20), (22, 41), (39, 13)]]","[[50.38476602473808, 14.856637265213516, 12.056099989579923, 22.67374567593881, 87.60816294974022, 46.346331693419636, 616.5410405805833, 18.98200408537543, 718.4108782562447, 5.442069618362636, 390.0457519189142, 23.344554119320296, 24.852136666557726, 311.5226717213641, 316.01629058558626, 41.058602798014924, 34.89579313432529, 325.7054304536666, 6.138377965226507, 51.83932000638715, 58.43507920146, 24.302144616660048, 641.8143331247784, 171.15249064131967, 730.9311002739711, 65.76612275802691, 201.46494745945103, 147.14008456817078, 111.33935581802902, 10.062145640606614, 24.702437039188382, 43.26390354393776, 124.44824625558813, 127.26516039840119, 352.9497443804472, 69.0823096805996, 523.3469564953065, 283.72772604955617, 33.71299111625338, 4.682468412247802, 132.22810464343283, 198.16158514973048, 9.756584945672756, 55.953553967146064, 203.51463538127857, 24.292421844369166, 2.432000589859957, 18.951107150322564, 28.444653786893685, 92.99353282942731, 194.8754606177648, 91.0717448481066, 22.91344186508762, 348.3638650381332, 129.59043832862056, 63.916802811464215, 470.9872498442479]]"
32,"[[(0, 6), (0, 12), (0, 16), (6, 3), (6, 13), (6, 17), (7, 45), (12, 10), (12, 44), (15, 21), (15, 36), (16, 14), (16, 30), (18, 41), (18, 45), (26, 38), (27, 35), (43, 24), (44, 26), (45, 26), (45, 42), (1, 3), (1, 38), (3, 13), (8, 46), (9, 5), (38, 26), (38, 48), (42, 29), (36, 39), (48, 46), (13, 49), (14, 1), (29, 14), (37, 7), (37, 47), (4, 46), (23, 1), (33, 16), (33, 39), (33, 44), (46, 6), (46, 20), (17, 13), (31, 20), (31, 34), (20, 14), (20, 47), (19, 20), (24, 43), (40, 6), (40, 32), (11, 26), (35, 16), (47, 20), (22, 41), (39, 13)]]","[[35.69925895665119, 14.647966270030231, 8.842896250994894, 13.104741541013642, 73.91751428872055, 196.58225641513351, 192.75098746674848, 8.093276292581333, 517.2014417509353, 5.102497527218563, 364.61569664460114, 23.66501346950986, 72.52783533332381, 236.02035319686638, 292.0690950263655, 108.84680495717879, 34.051056079466136, 294.59739693335206, 5.157282369080487, 52.945554907452824, 49.752564395486125, 27.76160658017379, 780.5424438299112, 49.96657859333426, 769.1724552591007, 62.95952043956022, 192.61152312636847, 130.8796996481065, 159.78486285814967, 11.701048788579659, 20.73442840548669, 40.88013322190437, 69.66098065957817, 50.1947363305839, 445.2396473093295, 123.11943058081116, 523.4920113021008, 135.0134575449785, 90.15154193110492, 9.423495466944605, 102.0329542486397, 162.7872867634195, 14.950902119197941, 52.79892808517963, 198.7258327726507, 40.11632863622812, 5.411779348844403, 31.91629990218276, 7.70336929477828, 70.98156380433355, 76.06148413346308, 85.38262431179865, 20.094198981174834, 128.5788857551153, 109.5196722308666, 55.462724144324824, 529.8117229322557]]"
33,"[[(0, 6), (0, 12), (0, 16), (6, 3), (6, 13), (6, 17), (7, 45), (12, 10), (12, 44), (15, 21), (15, 36), (16, 14), (16, 30), (18, 41), (18, 45), (26, 38), (27, 35), (43, 24), (44, 26), (45, 26), (45, 42), (1, 3), (1, 38), (3, 13), (8, 46), (9, 5), (38, 26), (38, 48), (42, 29), (36, 39), (48, 46), (13, 49), (14, 1), (29, 14), (37, 7), (37, 47), (4, 46), (23, 1), (33, 16), (33, 39), (33, 44), (46, 6), (46, 20), (17, 13), (31, 20), (31, 34), (20, 14), (20, 47), (19, 20), (24, 43), (40, 6), (40, 32), (11, 26), (35, 16), (47, 20), (22, 41), (39, 13)]]","[[37.602430003079995, 14.123852641413569, 15.139084245751286, 27.041405281673434, 62.615334145280755, 5.910276791779067, 634.6837932649856, 33.295838059182515, 675.3736465978498, 2.321940886231899, 379.4075462531162, 23.152940524743613, 61.14340220410614, 307.04891124911126, 244.73619938807954, 67.61495286283545, 36.991037191948216, 313.709152625317, 6.495879943378866, 42.95877415885119, 55.620857476367696, 29.824954884452794, 742.3979896130041, 143.45964297091496, 772.6086684431091, 90.00938525669063, 165.79629390752226, 173.49724904782252, 119.11186456496722, 10.692066931691462, 20.43361386937449, 61.134227469098164, 130.57047229859012, 123.49309992351196, 281.3184483900824, 43.28311578566422, 398.1269486331581, 139.13222265038075, 93.22811756096937, 7.794077366967766, 95.66826106189754, 244.21999241651955, 14.95209521520471, 50.496512608602174, 197.60640025917616, 46.776992475870344, 7.727589803901823, 18.772851114071663, 18.03849088965881, 52.55009125933907, 135.83354770086564, 97.73498725978101, 17.591857982430213, 169.8618028813999, 86.02147939085313, 73.36748209508299, 450.97334324457194]]"
34,"[[(0, 6), (0, 12), (0, 16), (6, 3), (6, 13), (6, 17), (7, 45), (12, 10), (12, 44), (15, 21), (15, 36), (16, 14), (16, 30), (18, 41), (18, 45), (26, 38), (27, 35), (43, 24), (44, 26), (45, 26), (45, 42), (1, 3), (1, 38), (3, 13), (8, 46), (9, 5), (38, 26), (38, 48), (42, 29), (36, 39), (48, 46), (13, 49), (14, 1), (29, 14), (37, 7), (37, 47), (4, 46), (23, 1), (33, 16), (33, 39), (33, 44), (46, 6), (46, 20), (17, 13), (31, 20), (31, 34), (20, 14), (20, 47), (19, 20), (24, 43), (40, 6), (40, 32), (11, 26), (35, 16), (47, 20), (22, 41), (39, 13)]]","[[48.70680216144953, 12.168466762915584, 8.17078204984088, 14.066358098419332, 130.69346647334876, 62.71666094827701, 482.92217400477125, 23.665658141538728, 607.0174192374062, 4.323323803296988, 292.0561975659443, 23.165901693530135, 186.82969809460445, 381.4976414842586, 265.8422427049398, 121.52133602678286, 73.41692652421418, 280.77285642143477, 6.929419719319562, 43.23457441877997, 48.72213415029337, 32.22255323795944, 644.3928098020858, 63.93130782158365, 1143.3010738429407, 70.04400567837872, 202.69263652077538, 127.81244499755071, 124.29976557269613, 10.48514346863154, 14.992436409403426, 49.06199153576484, 42.763022929462466, 125.7827647762612, 234.12386606725067, 156.99804232552938, 390.20804016160764, 250.70585792037826, 113.75013582029092, 9.633340581083214, 137.23277358063015, 71.39344391648967, 8.127052818664293, 49.13530230048319, 204.65925490791386, 29.73335626792744, 2.4084022198857156, 17.93588446498665, 30.342234288544226, 99.1287895666912, 107.5209778640719, 83.9254183950003, 45.01147276776439, 119.17173406530243, 133.2926789186505, 55.96757472386551, 528.5866770235335]]"
35,"[[(0, 6), (0, 12), (0, 16), (6, 3), (6, 13), (6, 17), (7, 45), (12, 10), (12, 44), (15, 21), (15, 36), (16, 14), (16, 30), (18, 41), (18, 45), (26, 38), (27, 35), (43, 24), (44, 26), (45, 26), (45, 42), (1, 3), (1, 38), (3, 13), (8, 46), (9, 5), (38, 26), (38, 48), (42, 29), (36, 39), (48, 46), (13, 49), (14, 1), (29, 14), (37, 7), (37, 47), (4, 46), (23, 1), (33, 16), (33, 39), (33, 44), (46, 6), (46, 20), (17, 13), (31, 20), (31, 34), (20, 14), (20, 47), (19, 20), (24, 43), (40, 6), (40, 32), (11, 26), (35, 16), (47, 20), (22, 41), (39, 13)]]","[[63.9853676379194, 12.089788898812163, 10.430085969140736, 30.294551813582668, 104.44140725196807, 233.42239977553857, 215.08530347283025, 10.518286047382519, 703.1117539858506, 2.2846943903754027, 131.87363225137062, 22.067706715380435, 379.8862438271297, 323.2853295531376, 185.48475011262377, 130.16612741778536, 40.17818503817702, 298.2523150373278, 5.661838680549831, 37.80607191282023, 47.97860263965204, 38.92310544970317, 784.0638542616305, 44.548933131647004, 356.12273279511936, 89.62072103070511, 208.9360403463258, 159.37922720108025, 283.6017786389266, 11.897819852383638, 19.026284274061467, 48.599390732990344, 67.56124146275236, 71.91537848925758, 220.6977975241254, 107.440208470156, 427.2413252937886, 144.6723722564207, 47.933040764994225, 5.842363058962618, 83.27571305627443, 219.33965750529626, 13.106616676062874, 53.62659999866707, 206.79190148220113, 47.30433025509318, 4.518939927249692, 29.59318852951992, 19.65110511117242, 67.57110068094697, 172.0461180014617, 79.10927864687257, 51.27834029654832, 288.2363061552119, 115.18651385770215, 62.8383568192141, 468.3601980188258]]"
36,"[[(0, 6), (0, 12), (0, 16), (6, 3), (6, 13), (6, 17), (7, 45), (12, 10), (12, 44), (15, 21), (15, 36), (16, 14), (16, 30), (18, 41), (18, 45), (26, 38), (27, 35), (43, 24), (44, 26), (45, 26), (45, 42), (1, 3), (1, 38), (3, 13), (8, 46), (9, 5), (38, 26), (38, 48), (42, 29), (36, 39), (48, 46), (13, 49), (14, 1), (29, 14), (37, 7), (37, 47), (4, 46), (23, 1), (33, 16), (33, 39), (33, 44), (46, 6), (46, 20), (17, 13), (31, 20), (31, 34), (20, 14), (20, 47), (19, 20), (24, 43), (40, 6), (40, 32), (11, 26), (35, 16), (47, 20), (22, 41), (39, 13)]]","[[47.60066134345685, 14.634111476312516, 13.830702254448939, 30.199124712496896, 87.81406522085662, 234.513774879748, 273.08786576560874, 15.452195541238343, 629.1408926885031, 2.110453727411542, 177.87859492565758, 22.480532741809363, 329.2924277036453, 75.14554506696054, 160.72533640644664, 105.81644243043021, 76.96290140378156, 276.71915184576307, 5.708049261696049, 61.7070980627575, 62.179741598472646, 36.804428256596296, 693.4655741563447, 108.88532086705494, 620.100507631447, 81.52803913630228, 177.64308735550387, 146.08538679796646, 94.46229744339337, 11.161350978126999, 21.440181024608293, 33.7035206436704, 59.991516824770784, 83.34627344055454, 277.2133561813289, 86.29753771016863, 438.98811964006984, 288.30803961610246, 85.93247035537598, 7.96932331744633, 138.21830062267787, 204.17201703078516, 9.398242358400477, 53.54501050977665, 210.99701000670407, 47.57711395106807, 7.178106600506947, 27.45345080099984, 9.651526191525239, 96.73213845774899, 99.32899868279517, 97.77387456967524, 23.3846873687041, 350.39947687951314, 114.16797373276928, 109.05469923900282, 547.2068364303523]]"
37,"[[(0, 6), (0, 12), (0, 16), (6, 3), (6, 13), (6, 17), (7, 45), (12, 10), (12, 44), (15, 21), (15, 36), (16, 14), (16, 30), (18, 41), (18, 45), (26, 38), (27, 35), (43, 24), (44, 26), (45, 26), (45, 42), (1, 3), (1, 38), (3, 13), (8, 46), (9, 5), (38, 26), (38, 48), (42, 29), (36, 39), (48, 46), (13, 49), (14, 1), (29, 14), (37, 7), (37, 47), (4, 46), (23, 1), (33, 16), (33, 39), (33, 44), (46, 6), (46, 20), (17, 13), (31, 20), (31, 34), (20, 14), (20, 47), (19, 20), (24, 43), (40, 6), (40, 32), (11, 26), (35, 16), (47, 20), (22, 41), (39, 13)]]","[[27.310588827849823, 12.286446520265505, 2.2190947548653375, 15.197291190919962, 125.28687499436319, 263.0506731653417, 293.2343541428632, 33.24847408433021, 675.9393273731105, 5.211559715843177, 103.43015887571747, 22.951760249228524, 95.51225822111076, 394.2804022252315, 302.2644607617778, 100.51546746680431, 54.517753104400136, 242.5625981510458, 6.39389661337878, 59.115085973927734, 57.34635063481373, 22.237915663694004, 657.8198266283757, 38.80552613960578, 712.5855554549572, 59.64831331565797, 207.58775663009465, 142.62052692490806, 226.87353493483883, 11.083414618990991, 17.603537635916673, 36.85878276645535, 127.92188210623814, 63.21600444005092, 372.50009184962863, 159.65253964978507, 417.0819502889274, 196.6853039134091, 23.355079265619366, 2.9429533437172077, 91.77669033630379, 219.31645382461863, 13.089691645237814, 53.43720705262666, 197.46859454280903, 58.02721590182413, 6.037149257302675, 21.40770543818767, 27.96817255933849, 70.99390440730227, 91.86127916805069, 97.96637353334249, 16.939346869944465, 107.39299053694396, 115.54398642072978, 60.529468204088715, 406.8261906014473]]"
38,"[[(0, 6), (0, 12), (0, 16), (6, 3), (6, 13), (6, 17), (7, 45), (12, 10), (12, 44), (15, 21), (15, 36), (16, 14), (16, 30), (18, 41), (18, 45), (26, 38), (27, 35), (43, 24), (44, 26), (45, 26), (45, 42), (1, 3), (1, 38), (3, 13), (8, 46), (9, 5), (38, 26), (38, 48), (42, 29), (36, 39), (48, 46), (13, 49), (14, 1), (29, 14), (37, 7), (37, 47), (4, 46), (23, 1), (33, 16), (33, 39), (33, 44), (46, 6), (46, 20), (17, 13), (31, 20), (31, 34), (20, 14), (20, 47), (19, 20), (24, 43), (40, 6), (40, 32), (11, 26), (35, 16), (47, 20), (22, 41), (39, 13)]]","[[46.0159458004951, 13.475587488519395, 4.783713437280664, 21.098174075125364, 71.81627635615631, 19.40010197745089, 600.4115399407631, 12.902308686150274, 727.4472614537023, 5.671464275342535, 289.20837408444834, 22.771081230829232, 225.8560674598393, 190.7626401508776, 300.3645063495262, 68.94977900663598, 34.957202084152975, 276.40320514887844, 6.630651371782446, 32.38934851338376, 59.64570097672751, 25.633166918625992, 639.7671934559409, 189.6807739916333, 778.2303621505358, 62.054199611447984, 175.37921218782628, 182.4754908697197, 56.92258001370873, 10.41007024577998, 16.870903981458632, 60.356173989334835, 175.32893728882408, 111.47923343572826, 337.055856206696, 109.96194193393168, 327.76136315809185, 280.74580867225995, 107.90208100322218, 3.021444800283654, 96.91642473994486, 246.3508664488617, 9.403493588966406, 49.50421275303498, 213.82919345523732, 30.607145232273012, 3.992839067817507, 26.777022505023762, 30.46041463230714, 71.71641711831785, 82.70867619989869, 79.32253507233936, 39.00682497138985, 151.15492728967104, 95.95606736014014, 105.66147634519069, 460.56666194339783]]"
39,"[[(0, 6), (0, 12), (0, 16), (6, 3), (6, 13), (6, 17), (7, 45), (12, 10), (12, 44), (15, 21), (15, 36), (16, 14), (16, 30), (18, 41), (18, 45), (26, 38), (27, 35), (43, 24), (44, 26), (45, 26), (45, 42), (1, 3), (1, 38), (3, 13), (8, 46), (9, 5), (38, 26), (38, 48), (42, 29), (36, 39), (48, 46), (13, 49), (14, 1), (29, 14), (37, 7), (37, 47), (4, 46), (23, 1), (33, 16), (33, 39), (33, 44), (46, 6), (46, 20), (17, 13), (31, 20), (31, 34), (20, 14), (20, 47), (19, 20), (24, 43), (40, 6), (40, 32), (11, 26), (35, 16), (47, 20), (22, 41), (39, 13)]]","[[28.187823883004977, 14.454553814554624, 13.860153279990046, 17.272818483191887, 110.9176551527473, 175.82583405714786, 312.65515601072667, 15.370780278104842, 525.4259824017687, 3.1479971474952473, 101.89183789651254, 22.21247169097037, 44.701317445249956, 366.9916032018675, 327.0048505651167, 159.25366552896799, 34.671843402538926, 318.0424027807944, 5.808754391622108, 55.047792634401524, 50.560205305834195, 38.91605633735689, 683.0378650721088, 50.07534538374237, 492.89303075886033, 62.37057062623113, 184.7264481764466, 125.57890477977313, 77.43817810363524, 11.906515805150919, 23.586295826542642, 53.31982173450983, 180.58427298976002, 93.6058335927294, 300.4256424650462, 144.0063956991894, 239.132457447235, 243.83445022580023, 31.566316931721282, 6.8623054396699334, 114.14396870174636, 133.68167518421046, 10.384819371962859, 50.34775455063699, 206.22727125015004, 60.40146548741176, 2.4463752029805237, 29.796221642532377, 17.634385663971244, 96.1339482058886, 89.37131469648693, 94.19123473244066, 32.71531051914635, 340.6820790015838, 123.42778875717435, 44.47392414480332, 505.7582350312168]]"
40,"[[(0, 6), (0, 12), (0, 16), (6, 3), (6, 13), (6, 17), (7, 45), (12, 10), (12, 44), (15, 21), (15, 36), (16, 14), (16, 30), (18, 41), (18, 45), (26, 38), (27, 35), (43, 24), (44, 26), (45, 26), (45, 42), (1, 3), (1, 38), (3, 13), (8, 46), (9, 5), (38, 26), (38, 48), (42, 29), (36, 39), (48, 46), (13, 49), (14, 1), (29, 14), (37, 7), (37, 47), (4, 46), (23, 1), (33, 16), (33, 39), (33, 44), (46, 6), (46, 20), (17, 13), (31, 20), (31, 34), (20, 14), (20, 47), (19, 20), (24, 43), (40, 6), (40, 32), (11, 26), (35, 16), (47, 20), (22, 41), (39, 13)]]","[[35.12392567842763, 14.549137086640776, 9.715361877413132, 18.660061746145285, 119.47839859167189, 182.27330222642107, 281.9371774229111, 32.269893446474725, 739.5454487098395, 4.799198225233122, 399.42721621132875, 22.518549137709915, 282.1028325482755, 104.05997774921927, 222.1140360548183, 85.61527060030932, 53.26872695407951, 232.99538861503885, 5.327029918542721, 31.8252867915174, 51.372881596383635, 30.609251678669505, 683.9770996362429, 104.33414899115154, 921.0142414981533, 85.4510538927018, 169.44320214793495, 153.68623991750383, 61.142659025019526, 11.68637019697147, 26.099872644712615, 32.09236811204756, 54.2116186219617, 69.4563024546683, 221.51078311288433, 37.994838247511844, 233.30108811297507, 173.4832946527726, 111.2361310812341, 6.98514166749837, 134.16742207671237, 262.67795578061646, 11.66891861439751, 52.21331887152877, 203.60410579626048, 48.62595154033484, 6.902475518513114, 22.98038550046322, 9.958500905854354, 106.59609070523385, 96.40862202527977, 81.96207524841496, 30.185360249055076, 73.24428173579369, 128.59895501862152, 64.27057708696431, 512.0688454105691]]"
41,"[[(0, 6), (0, 12), (0, 16), (6, 3), (6, 13), (6, 17), (7, 45), (12, 10), (12, 44), (15, 21), (15, 36), (16, 14), (16, 30), (18, 41), (18, 45), (26, 38), (27, 35), (43, 24), (44, 26), (45, 26), (45, 42), (1, 3), (1, 38), (3, 13), (8, 46), (9, 5), (38, 26), (38, 48), (42, 29), (36, 39), (48, 46), (13, 49), (14, 1), (29, 14), (37, 7), (37, 47), (4, 46), (23, 1), (33, 16), (33, 39), (33, 44), (46, 6), (46, 20), (17, 13), (31, 20), (31, 34), (20, 14), (20, 47), (19, 20), (24, 43), (40, 6), (40, 32), (11, 26), (35, 16), (47, 20), (22, 41), (39, 13)]]","[[42.568767555122655, 14.936553472856687, 14.573097915777245, 13.288213705690845, 112.48159418258794, 94.98051238161369, 384.769381124804, 23.34158527918205, 647.717024832325, 3.6540046826121984, 421.863818200245, 23.00938648496818, 113.28894076124872, 125.35700578440229, 158.81438645608978, 76.4941576173253, 42.603062257582536, 282.97474636095984, 6.449619216816547, 46.872899943339576, 53.859949029332505, 27.45331482255684, 638.7197956764645, 157.05104769956955, 864.6393102991176, 65.33866795737006, 187.10393058757296, 175.07493983744223, 245.71646726229685, 11.277872692815277, 11.55321799539178, 37.568276685531806, 55.28389978190218, 63.73113303499782, 248.08910740467675, 34.458806447431456, 244.9859162968935, 123.97656923925466, 89.07775673404477, 8.66764649744996, 92.16349437952887, 261.5856685405681, 8.434151845235103, 49.67849779907407, 210.62429158490997, 48.62440831329103, 4.504281027256929, 24.36299444726358, 17.00298568789406, 86.06663579029481, 152.70745835304757, 93.66760243217175, 14.334956758600836, 281.2103839816383, 97.87452275174675, 100.30911664724931, 398.1990221626891]]"
42,"[[(0, 6), (0, 12), (0, 16), (6, 3), (6, 13), (6, 17), (7, 45), (12, 10), (12, 44), (15, 21), (15, 36), (16, 14), (16, 30), (18, 41), (18, 45), (26, 38), (27, 35), (43, 24), (44, 26), (45, 26), (45, 42), (1, 3), (1, 38), (3, 13), (8, 46), (9, 5), (38, 26), (38, 48), (42, 29), (36, 39), (48, 46), (13, 49), (14, 1), (29, 14), (37, 7), (37, 47), (4, 46), (23, 1), (33, 16), (33, 39), (33, 44), (46, 6), (46, 20), (17, 13), (31, 20), (31, 34), (20, 14), (20, 47), (19, 20), (24, 43), (40, 6), (40, 32), (11, 26), (35, 16), (47, 20), (22, 41), (39, 13)]]","[[39.76548898179045, 12.099146993962586, 7.638683654159873, 28.43379564211179, 91.39150066159152, 229.92500949301458, 259.56536870051366, 29.485784923735956, 575.4782513396331, 3.36131776855289, 311.4287546405304, 22.282195968265935, 289.89669864040593, 282.6525985987265, 285.7780778579262, 15.044055535805416, 43.908913617808906, 253.7849039443621, 5.723376733941609, 41.64631705335306, 58.60134311816726, 28.147025069416888, 645.5288854669678, 43.53032748336656, 906.0540533152722, 65.30290293703143, 173.25472770447058, 149.74178244719772, 44.71773253424712, 10.935858719387808, 11.363175663602549, 33.23804680189354, 87.06164375464883, 75.41118206729227, 384.2293669200333, 63.38372424406191, 473.1533745307669, 232.24029708303473, 65.19217973517408, 10.06957823617176, 134.83328053716411, 105.7379023023701, 11.353949461999616, 52.98961258154648, 204.982103036154, 38.23771915175131, 5.585491324750014, 21.46563861751695, 11.921098799733851, 82.0611306904814, 168.77888511553863, 83.15278094331013, 43.78890456586551, 304.1742193537614, 130.11414519641755, 81.34626294797512, 495.5088277730216]]"
43,"[[(0, 6), (0, 12), (0, 16), (6, 3), (6, 13), (6, 17), (7, 45), (12, 10), (12, 44), (15, 21), (15, 36), (16, 14), (16, 30), (18, 41), (18, 45), (26, 38), (27, 35), (43, 24), (44, 26), (45, 26), (45, 42), (1, 3), (1, 38), (3, 13), (8, 46), (9, 5), (38, 26), (38, 48), (42, 29), (36, 39), (48, 46), (13, 49), (14, 1), (29, 14), (37, 7), (37, 47), (4, 46), (23, 1), (33, 16), (33, 39), (33, 44), (46, 6), (46, 20), (17, 13), (31, 20), (31, 34), (20, 14), (20, 47), (19, 20), (24, 43), (40, 6), (40, 32), (11, 26), (35, 16), (47, 20), (22, 41), (39, 13)]]","[[52.70307221155091, 12.821033890062292, 6.8027366694985645, 36.81243116629906, 123.02123558845314, 59.337608511188044, 408.0927746638349, 17.684830743503554, 565.9999812102394, 3.9272628151873117, 65.58444142340801, 23.23701553743921, 322.6869256525464, 348.4588210356314, 371.6631588207294, 33.18164400560094, 75.9012514063846, 257.24254393264437, 5.4000245926075445, 65.1617721688379, 52.90429818600075, 23.17278155798143, 711.3898369061644, 50.334090940427686, 369.35980484200746, 56.72443921560581, 214.6778883384926, 110.06080216347951, 289.10730238755195, 10.350451259403568, 17.595354287911334, 52.80355875201856, 114.04081573490717, 74.12899714508862, 454.72941360462914, 163.19596446284734, 326.0921749053369, 116.49699458629348, 106.21022320811967, 4.441388050634392, 111.33870159294693, 123.31096872069111, 8.186744274909696, 48.22649322147377, 199.33714565399853, 51.19832130954104, 6.423405361968099, 25.7933232597415, 22.628857601246864, 106.76556892507116, 15.476108458526884, 101.78013368123143, 38.00635326312204, 272.77458923213624, 109.11566136604912, 59.77129184372533, 430.65521779291896]]"
44,"[[(0, 6), (0, 12), (0, 16), (6, 3), (6, 13), (6, 17), (7, 45), (12, 10), (12, 44), (15, 21), (15, 36), (16, 14), (16, 30), (18, 41), (18, 45), (26, 38), (27, 35), (43, 24), (44, 26), (45, 26), (45, 42), (1, 3), (1, 38), (3, 13), (8, 46), (9, 5), (38, 26), (38, 48), (42, 29), (36, 39), (48, 46), (13, 49), (14, 1), (29, 14), (37, 7), (37, 47), (4, 46), (23, 1), (33, 16), (33, 39), (33, 44), (46, 6), (46, 20), (17, 13), (31, 20), (31, 34), (20, 14), (20, 47), (19, 20), (24, 43), (40, 6), (40, 32), (11, 26), (35, 16), (47, 20), (22, 41), (39, 13)]]","[[39.48216426544924, 12.998759004789576, 15.566588886646693, 13.483016752373308, 55.396927972400505, 181.65477324703787, 627.525703652928, 13.427048305166725, 483.7643668615729, 2.368812872144307, 314.46052642052734, 22.331742192397524, 388.67788251486013, 310.25212496052245, 283.53349141103075, 101.26774736628404, 74.85760807520235, 240.4619210490348, 6.08325838539634, 37.37186740814071, 48.03267813913182, 28.335058987989264, 620.5266684417475, 163.7433287160151, 809.0550946092262, 42.51563293843962, 209.2069145816726, 146.6235335060644, 208.63207472183387, 10.828572449503168, 26.822228879432068, 48.581806123176925, 104.580626163395, 95.14615762486139, 344.7602441735028, 74.60430933331921, 464.7861626932647, 130.22367820490635, 58.34163566298574, 5.081399450068758, 129.18288164558123, 153.53030070805085, 8.711502459618881, 52.347222548615335, 201.74975665029507, 52.834745651884205, 2.9003738035017124, 25.297767350374308, 11.676089861929807, 86.65482435342068, 135.29827233751826, 82.76895859077626, 22.32147861849776, 396.4810793450108, 120.298672827243, 48.46648984963009, 414.05022615775954]]"
45,"[[(0, 6), (0, 12), (0, 16), (6, 3), (6, 13), (6, 17), (7, 45), (12, 10), (12, 44), (15, 21), (15, 36), (16, 14), (16, 30), (18, 41), (18, 45), (26, 38), (27, 35), (43, 24), (44, 26), (45, 26), (45, 42), (1, 3), (1, 38), (3, 13), (8, 46), (9, 5), (38, 26), (38, 48), (42, 29), (36, 39), (48, 46), (13, 49), (14, 1), (29, 14), (37, 7), (37, 47), (4, 46), (23, 1), (33, 16), (33, 39), (33, 44), (46, 6), (46, 20), (17, 13), (31, 20), (31, 34), (20, 14), (20, 47), (19, 20), (24, 43), (40, 6), (40, 32), (11, 26), (35, 16), (47, 20), (22, 41), (39, 13)]]","[[37.66169185078014, 15.245730220580494, 12.376692333381431, 12.680733980081376, 88.37167419871221, 260.15665611189985, 594.6629818082805, 25.752945231010514, 705.6214113213541, 4.788130039401742, 295.9085470742586, 22.113633875040943, 91.35009676636943, 117.91427016463913, 395.2175733255509, 9.166734604158325, 33.75979600752022, 283.0234017053059, 5.319542889467446, 50.84903677848389, 63.501444013504866, 38.75790188124898, 674.2625961452287, 102.06847793130376, 723.1592165994259, 55.45070524072726, 222.4529412914997, 123.91456174968422, 50.64393706419263, 11.342484796766678, 26.199834915574122, 47.27926346420264, 65.55960563350023, 98.69962568697191, 308.27633806629535, 140.09587330904083, 402.283440014893, 122.2949612889206, 93.51216471102742, 5.499947878387271, 134.88541682893594, 88.14740654731747, 9.674123892341573, 50.90836193592096, 202.78754156905563, 49.50909318295156, 6.014968457262241, 35.3428532577492, 11.787124663280132, 92.73167829080413, 128.87724146278705, 79.43731804835126, 24.700320861804876, 128.9763206301812, 116.45857129217853, 106.78334736744398, 476.5178142143202]]"
46,"[[(0, 6), (0, 12), (0, 16), (6, 3), (6, 13), (6, 17), (7, 45), (12, 10), (12, 44), (15, 21), (15, 36), (16, 14), (16, 30), (18, 41), (18, 45), (26, 38), (27, 35), (43, 24), (44, 26), (45, 26), (45, 42), (1, 3), (1, 38), (3, 13), (8, 46), (9, 5), (38, 26), (38, 48), (42, 29), (36, 39), (48, 46), (13, 49), (14, 1), (29, 14), (37, 7), (37, 47), (4, 46), (23, 1), (33, 16), (33, 39), (33, 44), (46, 6), (46, 20), (17, 13), (31, 20), (31, 34), (20, 14), (20, 47), (19, 20), (24, 43), (40, 6), (40, 32), (11, 26), (35, 16), (47, 20), (22, 41), (39, 13)]]","[[53.40747339505776, 13.831855055813456, 8.716250268915502, 22.61434973869514, 50.11653190772138, 250.8910355363522, 231.6467499510649, 7.272823789235224, 620.4741659982101, 3.787956822244108, 347.1788482431032, 23.248641134868972, 42.354905437336484, 395.80718490797716, 359.2020998259661, 108.75677078962006, 32.5834611209452, 302.2712653990985, 6.395623976156582, 45.91987063937738, 62.415475771500894, 31.374337754078958, 710.4111343639535, 67.65875494222374, 577.887043104902, 63.29382293504926, 172.0573020383857, 181.93941865333267, 247.81525422347977, 10.339241575929089, 11.910067654681445, 48.220106380406335, 126.73314786082959, 125.84532734787427, 450.10623315569353, 78.93903134665842, 328.64182075743076, 223.90918938668597, 28.02495249562764, 4.256808908862788, 127.9142076577755, 161.2967051041322, 12.40200058674846, 50.36566390912012, 198.13762497531266, 59.99741022826436, 5.361647075036083, 17.597118984060693, 19.711187338855247, 107.08322987851969, 101.13050189959927, 89.63940666762517, 28.488250157150446, 329.8444491805413, 114.18093299369693, 73.5974411478634, 410.74350368344545]]"
47,"[[(0, 6), (0, 12), (0, 16), (6, 3), (6, 13), (6, 17), (7, 45), (12, 10), (12, 44), (15, 21), (15, 36), (16, 14), (16, 30), (18, 41), (18, 45), (26, 38), (27, 35), (43, 24), (44, 26), (45, 26), (45, 42), (1, 3), (1, 38), (3, 13), (8, 46), (9, 5), (38, 26), (38, 48), (42, 29), (36, 39), (48, 46), (13, 49), (14, 1), (29, 14), (37, 7), (37, 47), (4, 46), (23, 1), (33, 16), (33, 39), (33, 44), (46, 6), (46, 20), (17, 13), (31, 20), (31, 34), (20, 14), (20, 47), (19, 20), (24, 43), (40, 6), (40, 32), (11, 26), (35, 16), (47, 20), (22, 41), (39, 13)]]","[[28.952639016072073, 12.68367140479448, 10.594438993747456, 28.759477865794775, 129.34109165054224, 78.13814278961868, 378.66239480153183, 9.353607102843036, 602.9553073168884, 3.1689523733089575, 375.06705093241897, 22.506043743772175, 180.77543601067134, 163.1273864373635, 302.2186769750417, 131.17648969545783, 24.321767797597186, 326.4003075775341, 5.284974892947151, 32.42955237758139, 50.23766445377091, 38.94090157767542, 734.1209147665459, 30.52586234612907, 214.4805364394303, 67.79527434972499, 181.1076668098338, 135.51659078958076, 226.51437460634682, 11.7821286069724, 17.093068945390122, 38.94582331250305, 118.68332374670183, 111.09985418713153, 327.57538048156425, 89.88958213645495, 374.08009075916505, 182.7097425766416, 57.47059261297898, 10.274453598041106, 141.53333514657433, 240.79063062616322, 15.237262349088109, 49.03630573855259, 211.3586736250739, 50.600783823136055, 6.741429834172871, 19.153424153858612, 32.044067571630066, 108.6891642369354, 57.70030186553121, 86.77251430441251, 52.018251618049554, 343.7152672385783, 123.35675741332662, 89.5089679610093, 472.8462310595879]]"
48,"[[(0, 6), (0, 12), (0, 16), (6, 3), (6, 13), (6, 17), (7, 45), (12, 10), (12, 44), (15, 21), (15, 36), (16, 14), (16, 30), (18, 41), (18, 45), (26, 38), (27, 35), (43, 24), (44, 26), (45, 26), (45, 42), (1, 3), (1, 38), (3, 13), (8, 46), (9, 5), (38, 26), (38, 48), (42, 29), (36, 39), (48, 46), (13, 49), (14, 1), (29, 14), (37, 7), (37, 47), (4, 46), (23, 1), (33, 16), (33, 39), (33, 44), (46, 6), (46, 20), (17, 13), (31, 20), (31, 34), (20, 14), (20, 47), (19, 20), (24, 43), (40, 6), (40, 32), (11, 26), (35, 16), (47, 20), (22, 41), (39, 13)]]","[[49.80438178549838, 13.302565984310263, 8.660957693131497, 27.99048025688804, 123.04682071660677, 32.78766644292509, 391.85668402825195, 25.95340852934212, 509.2423016704254, 4.795419811166703, 342.9231284103678, 22.609078125848924, 82.81977515849609, 104.3932869388282, 304.6397030989491, 13.454858901251498, 38.255998844719706, 238.62275505095715, 6.618272864440099, 27.522955684180356, 47.48343534486953, 33.240036171701675, 655.1742962467616, 101.79673069107548, 235.57877680125324, 57.6175150172094, 214.4339214135438, 173.47320839871293, 136.77840982131062, 11.24995161352279, 12.526575270152843, 42.468043456890925, 42.29183043455463, 58.31281774326712, 317.2461449014654, 92.8057280879461, 292.4186928796361, 272.0915070067291, 54.14796523642011, 3.240792968402814, 130.9828076230401, 172.2818795054115, 10.041648011297927, 53.57564451018482, 205.35421877281203, 30.613805474868602, 4.980179534656049, 25.963204599873542, 7.927718027210631, 66.19903017196415, 97.19558176744735, 89.20221010819411, 26.920760591765855, 172.3362630573512, 102.18449746990305, 101.08561288222052, 468.22834917596526]]"
49,"[[(0, 6), (0, 12), (0, 16), (6, 3), (6, 13), (6, 17), (7, 45), (12, 10), (12, 44), (15, 21), (15, 36), (16, 14), (16, 30), (18, 41), (18, 45), (26, 38), (27, 35), (43, 24), (44, 26), (45, 26), (45, 42), (1, 3), (1, 38), (3, 13), (8, 46), (9, 5), (38, 26), (38, 48), (42, 29), (36, 39), (48, 46), (13, 49), (14, 1), (29, 14), (37, 7), (37, 47), (4, 46), (23, 1), (33, 16), (33, 39), (33, 44), (46, 6), (46, 20), (17, 13), (31, 20), (31, 34), (20, 14), (20, 47), (19, 20), (24, 43), (40, 6), (40, 32), (11, 26), (35, 16), (47, 20), (22, 41), (39, 13)]]","[[64.88192556388458, 13.357365759570166, 7.383453699594957, 34.687443713205106, 122.03860464836967, 115.07256888248686, 608.1565230209521, 8.719682778318484, 729.5239587512131, 4.525630350944018, 365.2511516719644, 23.371408086160095, 349.7531546541417, 317.74122525708697, 329.8225022209123, 107.01625275759886, 22.036157330559725, 245.7371347762413, 5.765095948078441, 54.71619835707466, 56.86376561410574, 38.12732880138557, 690.0813262256589, 174.94177664631118, 328.67605494424174, 77.43966526827455, 208.92976805459514, 114.67429673982986, 258.0697046257011, 10.933812939676038, 25.066908735496934, 51.15352675329666, 165.64346899817292, 81.56061130646184, 201.41920249284308, 132.61805208147956, 353.31413389821336, 282.62952082926535, 62.96921784478292, 1.7508069759093294, 119.41440141380636, 247.06016746824855, 10.754843978412872, 53.288000174038146, 207.57401955948325, 43.02088489613744, 6.803543984336513, 17.97884834374674, 24.849331108044467, 74.13661999575439, 198.8417909185818, 87.94148692646421, 40.197067645800885, 141.69893793786463, 99.77806459280583, 85.46440126642308, 548.1089727040458]]"
50,"[[(0, 6), (0, 12), (0, 16), (6, 3), (6, 13), (6, 17), (7, 45), (12, 10), (12, 44), (15, 21), (15, 36), (16, 14), (16, 30), (18, 41), (18, 45), (26, 38), (27, 35), (43, 24), (44, 26), (45, 26), (45, 42), (1, 3), (1, 38), (3, 13), (8, 46), (9, 5), (38, 26), (38, 48), (42, 29), (36, 39), (48, 46), (13, 49), (14, 1), (29, 14), (37, 7), (37, 47), (4, 46), (23, 1), (33, 16), (33, 39), (33, 44), (46, 6), (46, 20), (17, 13), (31, 20), (31, 34), (20, 14), (20, 47), (19, 20), (24, 43), (40, 6), (40, 32), (11, 26), (35, 16), (47, 20), (22, 41), (39, 13)]]","[[57.57279310435642, 14.749856344499193, 6.586771471143162, 13.714244526252154, 130.46643165400334, 141.03573656574173, 458.88117453517503, 12.138737706176652, 740.5867250672231, 2.58625534235254, 339.75825286436867, 23.158081519362895, 375.827790294331, 282.3973512913145, 176.99688515143848, 87.74818424317698, 67.0759297172149, 277.0724715627935, 5.9142348804229865, 53.24603486214424, 61.56596169540751, 27.373564626493653, 617.8355037586488, 49.1542518055016, 884.3234261906248, 74.59910060940423, 199.42691609974187, 128.08536140676637, 237.66437168163128, 10.336690905543833, 11.999292254418172, 42.13879371669889, 170.16565157028313, 90.60384533340797, 374.7032991587959, 112.78920064816533, 249.01609196211047, 291.09104057692423, 30.845058097657947, 1.640478440780774, 136.57280097131198, 41.65656793189413, 10.58827449891061, 51.133785860386666, 214.1198899743215, 35.45602918430488, 5.841436180868177, 26.513728420565904, 18.848798555852678, 108.97056051862151, 155.6668611034656, 90.62204334185559, 38.99335087912982, 144.22797169069256, 106.00614763948172, 105.53996259275533, 424.47065221485906]]"
51,"[[(0, 6), (0, 12), (0, 16), (6, 3), (6, 13), (6, 17), (7, 45), (12, 10), (12, 44), (15, 21), (15, 36), (16, 14), (16, 30), (18, 41), (18, 45), (26, 38), (27, 35), (43, 24), (44, 26), (45, 26), (45, 42), (1, 3), (1, 38), (3, 13), (8, 46), (9, 5), (38, 26), (38, 48), (42, 29), (36, 39), (48, 46), (13, 49), (14, 1), (29, 14), (37, 7), (37, 47), (4, 46), (23, 1), (33, 16), (33, 39), (33, 44), (46, 6), (46, 20), (17, 13), (31, 20), (31, 34), (20, 14), (20, 47), (19, 20), (24, 43), (40, 6), (40, 32), (11, 26), (35, 16), (47, 20), (22, 41), (39, 13)]]","[[64.24499451757003, 15.329076802966721, 11.310052100731337, 36.89329177544859, 88.9310213991535, 60.18789482104163, 456.17753125902266, 18.857427651527722, 624.6112663034489, 3.764744217538093, 340.0725215958988, 23.281529896214565, 222.897724663358, 327.6773684278235, 202.41488501124445, 106.76821262777531, 22.640173619238155, 261.7437104881996, 6.959945101127168, 51.37469930848483, 47.2288220851308, 32.51091175268814, 695.5065215875787, 149.82926374733117, 154.67985936913126, 49.71749370714093, 226.19045575972999, 127.89790913798419, 231.13451085574403, 11.607488866031956, 18.96736547628621, 59.54547692562811, 74.77131890405522, 93.10303706231207, 203.4771532061868, 162.75999035586426, 257.7166854426905, 188.45479058500982, 102.24792427068269, 7.88697864624069, 123.18190722832179, 67.94661718484176, 12.693854765983476, 51.887987098358956, 208.6118488480149, 44.746376491926334, 3.823546912943247, 30.305417372454656, 9.98451198056465, 63.215335307286885, 126.60413418081103, 79.60046451665586, 50.537850810016145, 268.7267461325687, 135.48637993732916, 58.5464321108764, 542.1036894413867]]"
52,"[[(0, 6), (0, 12), (0, 16), (6, 3), (6, 13), (6, 17), (7, 45), (12, 10), (12, 44), (15, 21), (15, 36), (16, 14), (16, 30), (18, 41), (18, 45), (26, 38), (27, 35), (43, 24), (44, 26), (45, 26), (45, 42), (1, 3), (1, 38), (3, 13), (8, 46), (9, 5), (38, 26), (38, 48), (42, 29), (36, 39), (48, 46), (13, 49), (14, 1), (29, 14), (37, 7), (37, 47), (4, 46), (23, 1), (33, 16), (33, 39), (33, 44), (46, 6), (46, 20), (17, 13), (31, 20), (31, 34), (20, 14), (20, 47), (19, 20), (24, 43), (40, 6), (40, 32), (11, 26), (35, 16), (47, 20), (22, 41), (39, 13)]]","[[33.21913771633501, 14.433103557734306, 10.018702004856213, 12.336254322096746, 105.66916748080224, 58.69310806774672, 187.02649918369744, 18.598514025701377, 708.0848694543898, 5.635712845210517, 234.46985133167965, 22.45541815626114, 219.9218704384575, 292.49425066478665, 200.67959712932537, 117.4485731184504, 75.80653274550619, 306.09624541923256, 5.084278290332577, 30.21453608971951, 64.22518975808083, 37.7552706820944, 710.814043437932, 96.66955173462347, 331.5926437839208, 42.1622995069191, 212.50871748396798, 138.3722641688214, 244.60637814403194, 11.530691941080978, 14.202308200263708, 46.984443791506465, 157.9443735230014, 103.34423877191477, 321.92192310324816, 122.15167565932856, 333.33791675317946, 280.03105016048244, 60.322818954466136, 7.756588923647747, 115.2460124133235, 106.79412014932099, 15.45868252855714, 55.13354455877662, 209.31427973132395, 42.18095628250501, 4.479835726733052, 35.37240050545138, 26.559526083593756, 73.9333087784574, 72.16770855679525, 81.65326270944526, 36.78365053940101, 80.16620353081865, 92.10273386264234, 90.57830941628643, 487.2892711161447]]"
53,"[[(0, 6), (0, 12), (0, 16), (6, 3), (6, 13), (6, 17), (7, 45), (12, 10), (12, 44), (15, 21), (15, 36), (16, 14), (16, 30), (18, 41), (18, 45), (26, 38), (27, 35), (43, 24), (44, 26), (45, 26), (45, 42), (1, 3), (1, 38), (3, 13), (8, 46), (9, 5), (38, 26), (38, 48), (42, 29), (36, 39), (48, 46), (13, 49), (14, 1), (29, 14), (37, 7), (37, 47), (4, 46), (23, 1), (33, 16), (33, 39), (33, 44), (46, 6), (46, 20), (17, 13), (31, 20), (31, 34), (20, 14), (20, 47), (19, 20), (24, 43), (40, 6), (40, 32), (11, 26), (35, 16), (47, 20), (22, 41), (39, 13)]]","[[63.200172765617104, 14.525046259049253, 10.468732122749262, 29.679121812552548, 127.31911885062844, 29.0854243118236, 339.77151445682404, 11.269242599245597, 521.8815420686248, 3.610785861500129, 68.06556619000884, 22.715088726991464, 377.036402301274, 191.07546465166354, 381.5950959845917, 162.75526019788882, 64.00846362856066, 299.88504508170195, 5.837637928351752, 64.81018016767823, 47.89707999307258, 35.885107803647585, 656.1279661087917, 71.01775045110091, 468.8986526005528, 73.47338704920573, 177.24760329513376, 112.81244837889376, 265.28947395850366, 11.516593328840198, 22.5470291560589, 58.65600040394686, 109.5680702288513, 63.86264141440467, 415.9105984973838, 85.25014000630055, 285.783483587657, 205.0155418970296, 129.565519868234, 9.032834427002708, 116.79634294765819, 69.2101169970312, 15.854373742856218, 55.72901109816609, 205.46328679423448, 34.04769109728611, 2.199762185492414, 22.91064594642324, 25.3843564537061, 107.70057845957999, 26.43270335628025, 99.03361331471848, 28.37496664775368, 355.1765306763921, 134.039306264815, 84.1125187658762, 460.2547514646525]]"
54,"[[(0, 6), (0, 12), (0, 16), (6, 3), (6, 13), (6, 17), (7, 45), (12, 10), (12, 44), (15, 21), (15, 36), (16, 14), (16, 30), (18, 41), (18, 45), (26, 38), (27, 35), (43, 24), (44, 26), (45, 26), (45, 42), (1, 3), (1, 38), (3, 13), (8, 46), (9, 5), (38, 26), (38, 48), (42, 29), (36, 39), (48, 46), (13, 49), (14, 1), (29, 14), (37, 7), (37, 47), (4, 46), (23, 1), (33, 16), (33, 39), (33, 44), (46, 6), (46, 20), (17, 13), (31, 20), (31, 34), (20, 14), (20, 47), (19, 20), (24, 43), (40, 6), (40, 32), (11, 26), (35, 16), (47, 20), (22, 41), (39, 13)]]","[[67.73552193797303, 14.773431799683657, 6.362245835507128, 22.78441277301394, 42.44318657983571, 6.097707103946661, 505.2208544764001, 20.26092118902114, 534.9893180819621, 5.479614995301269, 424.55648614382926, 22.58297732458368, 353.7084807509099, 398.25496059689, 337.45255492983176, 15.510398224153242, 72.53552882144133, 256.43953949322196, 6.892199954363547, 57.475192172838206, 51.15277299681594, 38.829967289623895, 659.7101050678023, 48.907422437894795, 324.3313029663259, 82.69841791661685, 166.89022374426955, 159.71135426846, 226.31247957739873, 10.135330271483577, 22.954374683568883, 46.37232155859154, 146.0097221495393, 58.15497385174868, 269.15348846938934, 59.314908878291675, 304.68934444022887, 253.28860219260622, 85.66868332687147, 7.207394136085203, 142.41833729993107, 185.80757622620686, 11.778284471699916, 53.742772123282606, 202.20071131732465, 40.342220029654186, 3.6307685035315993, 29.45467286842065, 30.484137136662618, 64.838328462218, 11.192451091294107, 85.70305885203344, 17.18534919139751, 132.09074398252488, 99.57310744318262, 84.53102112441672, 430.89605414336233]]"
55,"[[(0, 6), (0, 12), (0, 16), (6, 3), (6, 13), (6, 17), (7, 45), (12, 10), (12, 44), (15, 21), (15, 36), (16, 14), (16, 30), (18, 41), (18, 45), (26, 38), (27, 35), (43, 24), (44, 26), (45, 26), (45, 42), (1, 3), (1, 38), (3, 13), (8, 46), (9, 5), (38, 26), (38, 48), (42, 29), (36, 39), (48, 46), (13, 49), (14, 1), (29, 14), (37, 7), (37, 47), (4, 46), (23, 1), (33, 16), (33, 39), (33, 44), (46, 6), (46, 20), (17, 13), (31, 20), (31, 34), (20, 14), (20, 47), (19, 20), (24, 43), (40, 6), (40, 32), (11, 26), (35, 16), (47, 20), (22, 41), (39, 13)]]","[[45.62432358797941, 14.273851275983965, 2.4388412774140127, 33.945165846401494, 52.87891934869266, 194.63698199264402, 556.6870205701797, 20.202757836379817, 652.1664226375615, 4.016950492450155, 260.3944692982117, 23.751266007931847, 395.66469460088973, 147.89795628315917, 318.42427012444443, 50.071595287200886, 40.151403983122535, 254.5966555523859, 5.888033995765827, 57.951451081906995, 60.81972677157863, 37.16677937121359, 753.7080873373806, 139.2372220202561, 320.7497029847443, 89.66215462674793, 221.02273405883457, 159.58355992660725, 66.47122439211495, 10.352668765389513, 23.857617044736145, 42.19314427610998, 125.67605929391775, 98.24796879756875, 210.6422485798047, 85.62946537203169, 398.79713529220555, 152.8435579054178, 42.564693423492656, 3.850169600134026, 112.51305375846565, 66.76034743953458, 13.007569527288613, 53.87965893851992, 198.37998435940253, 32.40492396574317, 7.61556360208316, 35.77171053039831, 18.328201238313504, 57.65946481984993, 63.898017847301894, 80.90848377586883, 23.13477016277325, 90.61471412069753, 131.1521364644119, 52.653566857831876, 489.2784056949653]]"
56,"[[(0, 6), (0, 12), (0, 16), (6, 3), (6, 13), (6, 17), (7, 45), (12, 10), (12, 44), (15, 21), (15, 36), (16, 14), (16, 30), (18, 41), (18, 45), (26, 38), (27, 35), (43, 24), (44, 26), (45, 26), (45, 42), (1, 3), (1, 38), (3, 13), (8, 46), (9, 5), (38, 26), (38, 48), (42, 29), (36, 39), (48, 46), (13, 49), (14, 1), (29, 14), (37, 7), (37, 47), (4, 46), (23, 1), (33, 16), (33, 39), (33, 44), (46, 6), (46, 20), (17, 13), (31, 20), (31, 34), (20, 14), (20, 47), (19, 20), (24, 43), (40, 6), (40, 32), (11, 26), (35, 16), (47, 20), (22, 41), (39, 13)]]","[[55.37789827019063, 15.418168625313509, 13.732933017542058, 17.914759488445785, 32.43476555435963, 32.48983460252618, 218.09229089418255, 19.098597356948254, 499.8104945838197, 2.497288978707279, 110.61098670484178, 23.75576091826914, 353.4745421600175, 391.999301309413, 413.58270429343287, 157.6975246209436, 53.441219487107006, 325.91658753349304, 6.423146037607662, 65.28706146588303, 51.54651366339126, 28.8388677617408, 677.6690324538844, 97.81920722578889, 602.391454413714, 74.46132948100774, 166.87595813988136, 156.5353508322433, 219.7940874370058, 10.680320745831954, 20.14565969966615, 32.80637547706875, 138.1254325265293, 87.44819818487727, 226.71390210600498, 77.06427361787766, 489.0296355636492, 285.01595971948257, 71.02753639816665, 10.093928753330328, 126.73608160882783, 264.4261254967, 11.717717883868037, 53.7943532261212, 197.40597366497752, 51.83439881589752, 4.023223684376049, 18.17532428245547, 21.386071269603544, 96.27087491400147, 93.73130540004568, 95.73399463505665, 45.24781298391943, 143.15258141353607, 86.19509769854515, 86.98786633556213, 523.0915617044296]]"
57,"[[(0, 6), (0, 12), (0, 16), (6, 3), (6, 13), (6, 17), (7, 45), (12, 10), (12, 44), (15, 21), (15, 36), (16, 14), (16, 30), (18, 41), (18, 45), (26, 38), (27, 35), (43, 24), (44, 26), (45, 26), (45, 42), (1, 3), (1, 38), (3, 13), (8, 46), (9, 5), (38, 26), (38, 48), (42, 29), (36, 39), (48, 46), (13, 49), (14, 1), (29, 14), (37, 7), (37, 47), (4, 46), (23, 1), (33, 16), (33, 39), (33, 44), (46, 6), (46, 20), (17, 13), (31, 20), (31, 34), (20, 14), (20, 47), (19, 20), (24, 43), (40, 6), (40, 32), (11, 26), (35, 16), (47, 20), (22, 41), (39, 13)]]","[[50.97513470543032, 13.907595614398371, 13.193712753408732, 28.643332546115236, 125.15212186971092, 76.87622328803813, 311.278872090337, 5.3672175041425465, 578.0880303345176, 5.6704147302855485, 83.59371508560037, 22.297701742970645, 115.77580658394302, 359.87488667509376, 402.8056455210353, 20.187375405511755, 20.10359982125323, 262.9264482847278, 6.743711404865211, 47.028552032080455, 54.332058037034706, 37.84048036970084, 769.7414438870803, 93.99012060563156, 1041.788339013301, 51.62696492634478, 182.89107067046385, 141.7917070901353, 230.101219923624, 10.51107880543556, 16.63677629751382, 34.64208701117797, 85.08087547918484, 120.84240117585416, 438.5971733976751, 126.8289392769521, 485.53819746043104, 267.5323069690237, 121.01062446262561, 6.149804454617168, 98.64761408402703, 136.0529239891236, 14.029102913207897, 53.717732421301136, 196.1608430781883, 27.531271067762134, 5.118611978527399, 24.769921003833367, 23.304443897258942, 53.08318632764138, 180.72280780700572, 82.9694898724681, 40.95001233830003, 274.9194826873966, 108.08483266538025, 56.605768433262206, 459.4557866046363]]"
58,"[[(0, 6), (0, 12), (0, 16), (6, 3), (6, 13), (6, 17), (7, 45), (12, 10), (12, 44), (15, 21), (15, 36), (16, 14), (16, 30), (18, 41), (18, 45), (26, 38), (27, 35), (43, 24), (44, 26), (45, 26), (45, 42), (1, 3), (1, 38), (3, 13), (8, 46), (9, 5), (38, 26), (38, 48), (42, 29), (36, 39), (48, 46), (13, 49), (14, 1), (29, 14), (37, 7), (37, 47), (4, 46), (23, 1), (33, 16), (33, 39), (33, 44), (46, 6), (46, 20), (17, 13), (31, 20), (31, 34), (20, 14), (20, 47), (19, 20), (24, 43), (40, 6), (40, 32), (11, 26), (35, 16), (47, 20), (22, 41), (39, 13)]]","[[54.11290868986389, 14.969025609623772, 15.99453286689691, 22.72503955446662, 140.50443624511126, 20.998391645053204, 546.03465241187, 26.099902319256614, 661.5024562120375, 5.347922515197897, 169.20180602319698, 23.140180644454784, 164.86520754815245, 202.5370104510774, 394.6832374499812, 47.306932082961616, 61.77036780454371, 248.20089771435175, 6.676831355864778, 66.55177771450921, 49.11074340465523, 34.99040298523453, 658.4161460538376, 36.325801402111026, 338.90538399928096, 73.9613862088508, 169.00715263679274, 123.76136750938946, 163.84745919379156, 10.035257661280982, 26.033264795113706, 56.3299049024707, 137.3780992445746, 90.19890353209615, 277.366705605298, 134.63635721545393, 403.04336624718667, 207.70616715909892, 76.42044982548113, 1.3689347450486091, 132.8544290239451, 122.78287223527215, 11.355993525632304, 48.47150116193717, 210.73360795842117, 55.9839508992228, 4.481881318859651, 17.344804379893308, 23.487977057659116, 61.4153681637553, 118.13497570959413, 91.39329397433447, 31.688189193837974, 312.889943500991, 95.41782951867732, 49.07896750124939, 544.7340895216284]]"
59,"[[(0, 6), (0, 12), (0, 16), (6, 3), (6, 13), (6, 17), (7, 45), (12, 10), (12, 44), (15, 21), (15, 36), (16, 14), (16, 30), (18, 41), (18, 45), (26, 38), (27, 35), (43, 24), (44, 26), (45, 26), (45, 42), (1, 3), (1, 38), (3, 13), (8, 46), (9, 5), (38, 26), (38, 48), (42, 29), (36, 39), (48, 46), (13, 49), (14, 1), (29, 14), (37, 7), (37, 47), (4, 46), (23, 1), (33, 16), (33, 39), (33, 44), (46, 6), (46, 20), (17, 13), (31, 20), (31, 34), (20, 14), (20, 47), (19, 20), (24, 43), (40, 6), (40, 32), (11, 26), (35, 16), (47, 20), (22, 41), (39, 13)]]","[[48.57979685896832, 13.179845374551299, 13.911482423223873, 34.86083827615798, 108.47570407116775, 41.236721777634756, 337.5989090793156, 24.892955687001333, 695.339907632317, 3.532291662560639, 353.4997695192687, 23.951424746660827, 176.2410096297382, 188.17327251285462, 182.83361130320696, 148.00148969429884, 19.713860112839807, 290.6009485548033, 5.057866741956873, 66.85438082152444, 56.22574465786575, 30.270075339745695, 743.9489313628109, 118.34267121879971, 239.86138450121942, 54.2040628148288, 193.73937555219143, 114.07202898477908, 199.575125842886, 10.575153118597727, 15.839076715343632, 42.55875689800874, 67.38117855378337, 60.725946285182005, 337.994538946885, 68.98801957920102, 387.30018848947464, 169.23041948376928, 95.36721242801765, 10.366370625059412, 88.58767768082234, 33.81307500372413, 15.579018280906649, 51.27392899515871, 197.6376757135855, 41.981995033797645, 4.333194478626629, 26.02364422224009, 25.791594497215364, 105.49155804932002, 152.42298594484805, 88.03050080464097, 13.352372883304813, 333.2607476356197, 99.11541846085385, 117.4867907564204, 435.36687677958025]]"
60,"[[(0, 6), (0, 12), (0, 16), (6, 3), (6, 13), (6, 17), (7, 45), (12, 10), (12, 44), (15, 21), (15, 36), (16, 14), (16, 30), (18, 41), (18, 45), (26, 38), (27, 35), (43, 24), (44, 26), (45, 26), (45, 42), (1, 3), (1, 38), (3, 13), (8, 46), (9, 5), (38, 26), (38, 48), (42, 29), (36, 39), (48, 46), (13, 49), (14, 1), (29, 14), (37, 7), (37, 47), (4, 46), (23, 1), (33, 16), (33, 39), (33, 44), (46, 6), (46, 20), (17, 13), (31, 20), (31, 34), (20, 14), (20, 47), (19, 20), (24, 43), (40, 6), (40, 32), (11, 26), (35, 16), (47, 20), (22, 41), (39, 13)]]","[[50.621521350572905, 12.550035386316004, 6.909408998706003, 33.87742323771295, 105.29052352807905, 55.80045133552605, 660.6788054679921, 34.98182190350472, 575.3378359234248, 4.196439440848071, 312.93234994121366, 22.45687273365991, 147.36847129234366, 78.82521349409136, 397.25766053663585, 1.4442911838332968, 74.46172343515389, 279.6374021100072, 6.99576363893655, 51.69948341237341, 61.27326364658011, 38.470296290938094, 697.0092083492322, 150.7897538525371, 622.4801008694006, 71.03169485324838, 216.09645346682848, 172.8824666387627, 267.1581365476035, 11.506654502125299, 19.956848926365275, 56.01659708493318, 142.6436480882216, 124.67622373561645, 215.86747934002605, 35.956628688850046, 255.37178848056558, 270.20593837405295, 23.62110565054951, 5.928407432983716, 113.7624469407503, 263.48475371431164, 10.106706998018016, 53.115534635002675, 197.45710937761066, 52.68010186578938, 5.178950384655296, 34.05391723152023, 12.026089768806495, 63.87566162059493, 67.02048869728887, 95.80787177423204, 33.48479776878676, 198.33843617070954, 98.9277865830571, 97.2898666192111, 473.64259423680824]]"
61,"[[(0, 6), (0, 12), (0, 16), (6, 3), (6, 13), (6, 17), (7, 45), (12, 10), (12, 44), (15, 21), (15, 36), (16, 14), (16, 30), (18, 41), (18, 45), (26, 38), (27, 35), (43, 24), (44, 26), (45, 26), (45, 42), (1, 3), (1, 38), (3, 13), (8, 46), (9, 5), (38, 26), (38, 48), (42, 29), (36, 39), (48, 46), (13, 49), (14, 1), (29, 14), (37, 7), (37, 47), (4, 46), (23, 1), (33, 16), (33, 39), (33, 44), (46, 6), (46, 20), (17, 13), (31, 20), (31, 34), (20, 14), (20, 47), (19, 20), (24, 43), (40, 6), (40, 32), (11, 26), (35, 16), (47, 20), (22, 41), (39, 13)]]","[[33.36769396537229, 12.596063307563803, 10.828477553888407, 28.080516623560346, 120.58711027821889, 40.05454741442033, 364.5188529952353, 19.2591757212074, 627.2062256154371, 5.9333410915144995, 291.95565463708556, 23.522207671963805, 128.96054492200614, 182.56219255292729, 182.00503496664257, 119.5514366978265, 31.67356374517893, 259.46718464392546, 6.907114155647305, 65.52013972328302, 57.03649085636121, 30.383155207893648, 717.1825922695489, 135.0985177665748, 1163.3255431956181, 60.44002763093005, 180.4904868398244, 141.66887693248117, 291.809015696551, 10.328035805693364, 25.829378323232817, 42.00804899531956, 176.45782373879717, 63.239099918712185, 432.5162902692885, 142.09143706796257, 299.9007036835228, 286.59580942398475, 26.513071971949984, 8.267707035171469, 101.62877599885587, 119.6765912959886, 14.358945957565854, 53.9557264881368, 196.9878482086801, 35.387991172028066, 5.388115646403686, 29.544243267696785, 9.840257471294692, 91.1166451499233, 66.65279391756908, 84.54343778139128, 24.353412802100845, 211.2514841248077, 95.204482712241, 49.327603101933974, 483.52294678207136]]"
62,"[[(0, 6), (0, 12), (0, 16), (6, 3), (6, 13), (6, 17), (7, 45), (12, 10), (12, 44), (15, 21), (15, 36), (16, 14), (16, 30), (18, 41), (18, 45), (26, 38), (27, 35), (43, 24), (44, 26), (45, 26), (45, 42), (1, 3), (1, 38), (3, 13), (8, 46), (9, 5), (38, 26), (38, 48), (42, 29), (36, 39), (48, 46), (13, 49), (14, 1), (29, 14), (37, 7), (37, 47), (4, 46), (23, 1), (33, 16), (33, 39), (33, 44), (46, 6), (46, 20), (17, 13), (31, 20), (31, 34), (20, 14), (20, 47), (19, 20), (24, 43), (40, 6), (40, 32), (11, 26), (35, 16), (47, 20), (22, 41), (39, 13)]]","[[34.52339394390128, 14.2559442483525, 8.331761390379372, 28.17078476141637, 41.62920194244306, 26.26273772566089, 317.74385290819754, 28.950145578645156, 639.1910486467963, 2.9531673299238, 371.6531455962121, 22.002172076962538, 368.4185163524902, 193.10778052786594, 389.62877550504317, 45.82040827177135, 63.062806645687076, 287.9631868937217, 6.606588378371606, 56.15823409179514, 60.090089212356645, 34.98951724474786, 677.5142574071907, 74.52824834968169, 733.6601002241647, 59.63295656950254, 228.5996413406105, 145.49492366874773, 113.15536593196923, 10.935094211139855, 15.776444703107122, 36.26682746712413, 105.40951500280437, 124.14749823500415, 347.0741172537221, 87.02259738801212, 320.9191865168978, 252.16253794569872, 112.30107256563538, 2.2056261420231285, 76.5024843330818, 173.27143786931575, 14.676419541792548, 53.77304539777679, 215.451868602903, 61.39356555369889, 6.5513737049847425, 32.14433973293235, 12.158812051646496, 95.15131902043635, 59.63368977697475, 90.03567315079059, 19.561576471152502, 392.7106694033518, 97.51528079942943, 51.582961561455626, 493.0174647738879]]"
63,"[[(0, 6), (0, 12), (0, 16), (6, 3), (6, 13), (6, 17), (7, 45), (12, 10), (12, 44), (15, 21), (15, 36), (16, 14), (16, 30), (18, 41), (18, 45), (26, 38), (27, 35), (43, 24), (44, 26), (45, 26), (45, 42), (1, 3), (1, 38), (3, 13), (8, 46), (9, 5), (38, 26), (38, 48), (42, 29), (36, 39), (48, 46), (13, 49), (14, 1), (29, 14), (37, 7), (37, 47), (4, 46), (23, 1), (33, 16), (33, 39), (33, 44), (46, 6), (46, 20), (17, 13), (31, 20), (31, 34), (20, 14), (20, 47), (19, 20), (24, 43), (40, 6), (40, 32), (11, 26), (35, 16), (47, 20), (22, 41), (39, 13)]]","[[46.73076520494329, 14.653091870136157, 14.219698328546954, 36.50568363437234, 53.96197701345275, 239.40210503585328, 671.166864618222, 24.59570606809457, 643.9962926143821, 2.220476178913609, 50.795819456220435, 22.505368409933894, 199.94161565144537, 355.41959533771137, 338.12915302139356, 160.79625832146166, 39.74410780350284, 308.0501547573131, 6.701118911455124, 31.660019000664978, 53.2233178500586, 21.118270096778147, 687.1726562565126, 163.0236435094447, 895.3489096565459, 88.53088977642636, 234.11384766096697, 174.76468488217418, 117.66641900995539, 11.509704989741909, 19.82381273841918, 48.3736051021429, 69.72704280265185, 69.2544739995607, 398.69747835859937, 64.324614757473, 320.38114324959963, 277.91487018689963, 26.45510760139467, 4.623145115202182, 126.44886741885144, 160.18200820731425, 12.656642420753599, 54.42386602279812, 202.43619236030904, 30.326960300336186, 3.6869167484336343, 17.08678534712679, 13.843546326140117, 60.37074551616868, 80.47728230105149, 79.97501863212263, 17.068334383407993, 195.11039840778116, 120.28828818716818, 45.2680678821025, 543.1992218762732]]"
64,"[[(0, 6), (0, 12), (0, 16), (6, 3), (6, 13), (6, 17), (7, 45), (12, 10), (12, 44), (15, 21), (15, 36), (16, 14), (16, 30), (18, 41), (18, 45), (26, 38), (27, 35), (43, 24), (44, 26), (45, 26), (45, 42), (1, 3), (1, 38), (3, 13), (8, 46), (9, 5), (38, 26), (38, 48), (42, 29), (36, 39), (48, 46), (13, 49), (14, 1), (29, 14), (37, 7), (37, 47), (4, 46), (23, 1), (33, 16), (33, 39), (33, 44), (46, 6), (46, 20), (17, 13), (31, 20), (31, 34), (20, 14), (20, 47), (19, 20), (24, 43), (40, 6), (40, 32), (11, 26), (35, 16), (47, 20), (22, 41), (39, 13)]]","[[51.70635939177269, 13.46009020113041, 14.46202056040066, 20.253523130279177, 40.98620956520557, 198.75423569254932, 671.9347299836274, 18.788636182897314, 666.6457358164403, 4.352817840455235, 272.92841229393207, 23.56796574785644, 199.20811631800512, 296.3194674976322, 340.43054667158583, 137.28716342567486, 51.957133181488956, 258.94067737280085, 5.424668564840775, 59.53841180133917, 60.88853439003164, 29.554686904322594, 715.8276655056169, 48.28276810202283, 466.2563305071165, 70.97454864255646, 219.41966522084846, 116.90909546053491, 259.5720462771317, 11.057287181200827, 15.492371504603936, 49.031428768831645, 42.837977829155186, 76.09784193988341, 207.9453238749244, 90.71288549218261, 476.1140465369594, 159.45206008956075, 112.97492747931612, 6.368093163586138, 117.9350678864954, 143.11096806236458, 12.80679437225355, 49.136848333028816, 214.44958975775162, 48.1668598295769, 6.782627790384323, 36.29085521728906, 9.096856298879693, 77.49662951524346, 55.435289502864, 101.06677784944196, 51.102387575587244, 337.3981499400942, 99.13378373664436, 124.83971945217768, 554.643840475945]]"
65,"[[(0, 6), (0, 12), (0, 16), (6, 3), (6, 13), (6, 17), (7, 45), (12, 10), (12, 44), (15, 21), (15, 36), (16, 14), (16, 30), (18, 41), (18, 45), (26, 38), (27, 35), (43, 24), (44, 26), (45, 26), (45, 42), (1, 3), (1, 38), (3, 13), (8, 46), (9, 5), (38, 26), (38, 48), (42, 29), (36, 39), (48, 46), (13, 49), (14, 1), (29, 14), (37, 7), (37, 47), (4, 46), (23, 1), (33, 16), (33, 39), (33, 44), (46, 6), (46, 20), (17, 13), (31, 20), (31, 34), (20, 14), (20, 47), (19, 20), (24, 43), (40, 6), (40, 32), (11, 26), (35, 16), (47, 20), (22, 41), (39, 13)]]","[[37.72279866542182, 14.59369500786949, 3.7027032337018704, 14.926902931351345, 95.68037485006722, 144.32086299556616, 356.368786440853, 12.109373956485138, 498.9390251071528, 4.27023277568078, 171.5409173711979, 22.333238633125333, 218.24366963163746, 386.9964312542423, 403.49226831333345, 8.281696961081886, 62.9415312128249, 259.43492018352924, 6.090283630138179, 28.879415330647277, 61.12890552034484, 27.12769416373834, 680.6883730136393, 162.39739020736792, 666.1042877052299, 47.536831258033736, 227.42257836335014, 137.92188153760208, 101.80566960217715, 11.691126247418639, 19.9711167274231, 52.641870697836424, 166.0026356167953, 53.03092626083994, 287.6515412911642, 53.957508990141, 457.1486845438381, 108.28648100571164, 82.99384626086209, 1.2251054026425225, 88.68731015118134, 219.149477347715, 9.781386995052348, 54.871887234664875, 210.6693466696917, 25.7237727225587, 5.5256636666893275, 20.086996804475138, 14.21474893586975, 104.93422913169583, 166.3281233097885, 93.1104042223065, 47.06761534842528, 207.84202742345894, 98.92992157436366, 97.93241074304179, 438.48312397629167]]"
66,"[[(0, 6), (0, 12), (0, 16), (6, 3), (6, 13), (6, 17), (7, 45), (12, 10), (12, 44), (15, 21), (15, 36), (16, 14), (16, 30), (18, 41), (18, 45), (26, 38), (27, 35), (43, 24), (44, 26), (45, 26), (45, 42), (1, 3), (1, 38), (3, 13), (8, 46), (9, 5), (38, 26), (38, 48), (42, 29), (36, 39), (48, 46), (13, 49), (14, 1), (29, 14), (37, 7), (37, 47), (4, 46), (23, 1), (33, 16), (33, 39), (33, 44), (46, 6), (46, 20), (17, 13), (31, 20), (31, 34), (20, 14), (20, 47), (19, 20), (24, 43), (40, 6), (40, 32), (11, 26), (35, 16), (47, 20), (22, 41), (39, 13)]]","[[32.73424332126839, 15.272011061629875, 9.217765574448787, 20.41760567554863, 76.52335118907625, 243.03742644373992, 427.9597194965305, 20.85218279217717, 667.588671689056, 5.526605202079628, 177.5172295696541, 23.0397135077564, 147.1712168048902, 94.75478183639174, 257.8280795189804, 56.45947205847874, 41.10293635630789, 274.08993358682136, 5.7631366453042645, 62.78643064742015, 49.8673810488892, 24.251989149101384, 627.9518431445756, 86.42928677818978, 762.4513937149486, 57.38988242651156, 196.75826697860816, 168.66171293764663, 54.795315098941245, 11.688040289361096, 17.36623092413359, 46.50131448082716, 72.57080719410362, 115.56375020531661, 206.39124619951411, 163.69014576202954, 511.62175239284267, 159.63753060965195, 92.31685089912368, 5.807450123229032, 112.10152059620599, 106.37136876096163, 9.348623876910132, 55.619907243691664, 210.89459137695002, 30.07244150559367, 4.777904831646963, 20.386620319386108, 27.895106694521278, 107.47084049486222, 79.78121896304344, 90.37389934475954, 41.47154548769556, 332.7289048707998, 92.2355878918184, 64.90523995695288, 552.8843304961229]]"
67,"[[(0, 6), (0, 12), (0, 16), (6, 3), (6, 13), (6, 17), (7, 45), (12, 10), (12, 44), (15, 21), (15, 36), (16, 14), (16, 30), (18, 41), (18, 45), (26, 38), (27, 35), (43, 24), (44, 26), (45, 26), (45, 42), (1, 3), (1, 38), (3, 13), (8, 46), (9, 5), (38, 26), (38, 48), (42, 29), (36, 39), (48, 46), (13, 49), (14, 1), (29, 14), (37, 7), (37, 47), (4, 46), (23, 1), (33, 16), (33, 39), (33, 44), (46, 6), (46, 20), (17, 13), (31, 20), (31, 34), (20, 14), (20, 47), (19, 20), (24, 43), (40, 6), (40, 32), (11, 26), (35, 16), (47, 20), (22, 41), (39, 13)]]","[[27.875438338612, 14.466705392229528, 9.772124015240053, 21.971379916465292, 45.61618317075245, 99.48023842972405, 591.3963334570306, 7.8981372376534615, 708.8991060879821, 4.873453657142596, 254.16503812436153, 22.14614723843272, 361.3807229523321, 292.6173340107481, 313.7692325919569, 76.46373794203433, 34.28678090190754, 289.06787409452437, 5.3377897387971505, 60.718948533183685, 59.53516619673515, 25.34990454770538, 632.1457827172765, 172.30125459927518, 755.4752784166535, 42.033115056042995, 227.88122879071236, 158.43633896623945, 85.73439068119079, 10.92966182308187, 22.56390951271952, 34.52075365151783, 103.54171504141972, 81.40817643266423, 310.216820994429, 43.577524429716675, 379.31375232967434, 169.73774447825917, 23.82073396957501, 2.6625086381272993, 100.81391764996626, 86.1197232197344, 13.029242500369612, 51.942968836511575, 198.91709486207174, 36.75098889140568, 6.555477452044358, 33.560858466573144, 7.838688796212336, 63.788914211862334, 55.271179056385584, 82.50891749754669, 13.101987322765236, 260.46277119791205, 101.44499185334988, 63.77283465467602, 496.028268860175]]"
68,"[[(0, 6), (0, 12), (0, 16), (6, 3), (6, 13), (6, 17), (7, 45), (12, 10), (12, 44), (15, 21), (15, 36), (16, 14), (16, 30), (18, 41), (18, 45), (26, 38), (27, 35), (43, 24), (44, 26), (45, 26), (45, 42), (1, 3), (1, 38), (3, 13), (8, 46), (9, 5), (38, 26), (38, 48), (42, 29), (36, 39), (48, 46), (13, 49), (14, 1), (29, 14), (37, 7), (37, 47), (4, 46), (23, 1), (33, 16), (33, 39), (33, 44), (46, 6), (46, 20), (17, 13), (31, 20), (31, 34), (20, 14), (20, 47), (19, 20), (24, 43), (40, 6), (40, 32), (11, 26), (35, 16), (47, 20), (22, 41), (39, 13)]]","[[40.83167771395068, 12.433387924722501, 5.469411443765162, 28.148666091589984, 70.87566918711754, 137.41980023283756, 444.0941242947352, 19.652096770809365, 709.8269870158477, 3.8782691890120318, 80.84637000988242, 23.497912342545252, 81.46913776060336, 79.51210906012777, 154.55922731194397, 35.69505910508621, 76.46019444669241, 247.23108103819845, 5.093672141517562, 37.71356216830311, 62.02050150313647, 22.500595471795123, 621.6638731971831, 62.547804940966884, 156.15687903096295, 63.67208091986747, 214.40004132291202, 143.93603760270946, 135.99671723160543, 11.683998737768125, 14.911941048899385, 50.12785801560332, 149.61661664848899, 59.23144364751487, 315.6422347974283, 146.5270261819962, 281.8388675661207, 211.11325750601895, 55.28218418982857, 9.766669234042572, 106.92701074760654, 228.4633668581684, 11.94384431067349, 50.91583396333115, 204.8670611729468, 29.30897204864641, 2.5704236167816044, 24.113434456427257, 8.591903619887226, 90.43451072140343, 156.2973398595759, 85.4871379237182, 39.31233139462626, 88.73523484184724, 93.53540356905441, 74.53658037849688, 494.7254274181158]]"
69,"[[(0, 6), (0, 12), (0, 16), (6, 3), (6, 13), (6, 17), (7, 45), (12, 10), (12, 44), (15, 21), (15, 36), (16, 14), (16, 30), (18, 41), (18, 45), (26, 38), (27, 35), (43, 24), (44, 26), (45, 26), (45, 42), (1, 3), (1, 38), (3, 13), (8, 46), (9, 5), (38, 26), (38, 48), (42, 29), (36, 39), (48, 46), (13, 49), (14, 1), (29, 14), (37, 7), (37, 47), (4, 46), (23, 1), (33, 16), (33, 39), (33, 44), (46, 6), (46, 20), (17, 13), (31, 20), (31, 34), (20, 14), (20, 47), (19, 20), (24, 43), (40, 6), (40, 32), (11, 26), (35, 16), (47, 20), (22, 41), (39, 13)]]","[[32.346880089819514, 14.583455163629088, 6.303543624874032, 24.213359514119464, 149.46371452027375, 210.51972822502904, 465.1319222553376, 28.04480224431228, 736.419168488094, 5.157223548294741, 255.89626632893038, 22.500717500611906, 324.80055855464, 174.74430337749368, 273.8805813434632, 2.4110940424225467, 35.23974908446774, 233.0129215766421, 5.958431917341995, 31.10430417483592, 48.772487334919866, 27.39127231095768, 638.5581516533158, 118.52565824200862, 339.4125522433608, 89.38109149470273, 170.0742008043591, 127.71516897453881, 177.2767371418663, 10.257349195855214, 24.441291854733894, 41.05980891197187, 161.207450087373, 102.45246280769115, 226.11695661456446, 57.66037963476966, 360.3072104790971, 203.04780451169074, 61.273780538750366, 6.369270939961516, 136.42264926515375, 232.33025665993202, 15.740850659060118, 49.48104060923622, 212.17082344804194, 42.19542249173251, 5.335490348258341, 34.97778440826245, 9.3503868377042, 81.87534150599001, 189.94838493910672, 97.45076748919017, 39.169328037016285, 79.17132463858294, 99.0285855946193, 111.65680545946044, 554.2108946393085]]"
70,"[[(0, 6), (0, 12), (0, 16), (6, 3), (6, 13), (6, 17), (7, 45), (12, 10), (12, 44), (15, 21), (15, 36), (16, 14), (16, 30), (18, 41), (18, 45), (26, 38), (27, 35), (43, 24), (44, 26), (45, 26), (45, 42), (1, 3), (1, 38), (3, 13), (8, 46), (9, 5), (38, 26), (38, 48), (42, 29), (36, 39), (48, 46), (13, 49), (14, 1), (29, 14), (37, 7), (37, 47), (4, 46), (23, 1), (33, 16), (33, 39), (33, 44), (46, 6), (46, 20), (17, 13), (31, 20), (31, 34), (20, 14), (20, 47), (19, 20), (24, 43), (40, 6), (40, 32), (11, 26), (35, 16), (47, 20), (22, 41), (39, 13)]]","[[41.16208757556403, 14.161351921961819, 7.2613403288665825, 29.917207907384817, 99.69443831543612, 8.789977973196903, 488.6842650535452, 7.843108237835078, 619.4189212922491, 5.502592485434748, 209.14055614572524, 23.44963644168509, 126.58753840117717, 229.04811443890904, 155.59592580832737, 32.1441314230279, 54.716420043930015, 315.54959407449087, 6.139218402046752, 34.2804304870613, 48.57031965320344, 34.1974722573668, 709.5890478586341, 99.40887310691569, 752.7323365368732, 45.91523177271522, 216.56363200693977, 143.78226843149628, 166.3342709545554, 10.117530597295138, 14.725077541390649, 52.739035192163655, 164.82083251512012, 107.42192303844541, 252.49910482139143, 93.10945020877482, 450.9810475732266, 191.5320284335268, 125.20456215634282, 4.572879970624454, 84.47821139227301, 72.59310232401131, 12.965404962231425, 50.623365324580654, 213.10220250814132, 52.113887981593415, 2.768785576244597, 23.81475201876939, 32.11728910315973, 97.83333162370302, 79.05968791073849, 92.75361411308555, 49.16220757442412, 275.6970367586554, 99.60591429485129, 48.27295531358541, 481.36177659687337]]"
71,"[[(0, 6), (0, 12), (0, 16), (6, 3), (6, 13), (6, 17), (7, 45), (12, 10), (12, 44), (15, 21), (15, 36), (16, 14), (16, 30), (18, 41), (18, 45), (26, 38), (27, 35), (43, 24), (44, 26), (45, 26), (45, 42), (1, 3), (1, 38), (3, 13), (8, 46), (9, 5), (38, 26), (38, 48), (42, 29), (36, 39), (48, 46), (13, 49), (14, 1), (29, 14), (37, 7), (37, 47), (4, 46), (23, 1), (33, 16), (33, 39), (33, 44), (46, 6), (46, 20), (17, 13), (31, 20), (31, 34), (20, 14), (20, 47), (19, 20), (24, 43), (40, 6), (40, 32), (11, 26), (35, 16), (47, 20), (22, 41), (39, 13)]]","[[58.410206735780775, 12.619222742307947, 6.067263029956031, 12.59071071132504, 110.92745296619681, 78.3796811783456, 608.8969575318742, 10.967445271873473, 733.4178865344645, 4.00889019809593, 424.1791973176943, 23.14069825893991, 265.1896193722828, 236.70090933967174, 239.12800863177154, 162.58510073262877, 66.23746485614274, 234.79261106541009, 5.673139976673013, 58.80639398044044, 61.58465675839411, 35.32063625855335, 696.6273180060806, 92.65039030816337, 830.2860906978825, 53.24610862898092, 213.32351652595136, 115.99050252169624, 108.50952899618697, 11.181606402525958, 17.14544691100511, 43.40697024664014, 124.97546371910097, 129.00776102745627, 408.55581793065863, 93.06812548006985, 242.86162237377198, 188.20385523332868, 72.27666221599618, 7.661427600633853, 84.29384087958888, 106.23102142718585, 8.80114212247642, 54.82168300615607, 200.34787148822852, 53.85554535411846, 7.815165778846803, 24.47107689091912, 31.568315468586775, 83.77868665885501, 98.70409651887351, 91.25447544255647, 24.148565243526228, 77.24443719725105, 104.02362761272032, 52.93280426329003, 412.55410789670185]]"
72,"[[(0, 6), (0, 12), (0, 16), (6, 3), (6, 13), (6, 17), (7, 45), (12, 10), (12, 44), (15, 21), (15, 36), (16, 14), (16, 30), (18, 41), (18, 45), (26, 38), (27, 35), (43, 24), (44, 26), (45, 26), (45, 42), (1, 3), (1, 38), (3, 13), (8, 46), (9, 5), (38, 26), (38, 48), (42, 29), (36, 39), (48, 46), (13, 49), (14, 1), (29, 14), (37, 7), (37, 47), (4, 46), (23, 1), (33, 16), (33, 39), (33, 44), (46, 6), (46, 20), (17, 13), (31, 20), (31, 34), (20, 14), (20, 47), (19, 20), (24, 43), (40, 6), (40, 32), (11, 26), (35, 16), (47, 20), (22, 41), (39, 13)]]","[[60.76625928239076, 15.984797636854672, 7.160157202096526, 16.473403618583397, 141.74942286531757, 95.60958741159551, 427.33934701892144, 15.782724394061404, 536.5677226789708, 4.181694584281788, 379.3420772611152, 23.116096368173718, 91.56797278258631, 96.29316405323934, 157.47640463947593, 10.687915847476969, 71.10747571695137, 308.16326663197975, 5.576876096842491, 62.070820293326214, 63.19951646835392, 38.57557703887652, 674.1575052303702, 99.2925705315868, 747.5537993767155, 78.86006412563155, 207.83914970387414, 144.3046528699472, 260.01563424829413, 10.34219519375975, 15.611062775437615, 34.95970639549111, 161.91420156844777, 118.42029505477976, 233.54596027739095, 131.45457843425856, 467.94914642192794, 212.84485213613786, 78.4814649100258, 3.7969798455346293, 95.07417021737264, 185.25044951203287, 13.065202431670578, 55.48496306153964, 214.49488888288067, 30.340165181368068, 7.667669213723408, 36.50038462991267, 11.284462380322982, 104.73703997452256, 51.32085498239519, 78.66622914725671, 37.437446123463346, 112.13887322019728, 91.85450073197482, 54.66762715935962, 557.2463968272386]]"
73,"[[(0, 6), (0, 12), (0, 16), (6, 3), (6, 13), (6, 17), (7, 45), (12, 10), (12, 44), (15, 21), (15, 36), (16, 14), (16, 30), (18, 41), (18, 45), (26, 38), (27, 35), (43, 24), (44, 26), (45, 26), (45, 42), (1, 3), (1, 38), (3, 13), (8, 46), (9, 5), (38, 26), (38, 48), (42, 29), (36, 39), (48, 46), (13, 49), (14, 1), (29, 14), (37, 7), (37, 47), (4, 46), (23, 1), (33, 16), (33, 39), (33, 44), (46, 6), (46, 20), (17, 13), (31, 20), (31, 34), (20, 14), (20, 47), (19, 20), (24, 43), (40, 6), (40, 32), (11, 26), (35, 16), (47, 20), (22, 41), (39, 13)]]","[[32.278737901745025, 15.397373379784323, 6.156630412247014, 37.57963639954103, 60.938892135804565, 146.718398620848, 488.4724903727639, 20.896467290446132, 569.236393385731, 5.309765025160017, 308.0463386324816, 22.722028459496112, 133.96726651022334, 347.15333438387967, 310.027052918428, 40.32389173333319, 70.22325290441378, 255.56517748074094, 5.746593195350034, 57.82783977644309, 63.04018710647365, 29.21516979338817, 682.6114226686122, 189.44319911643495, 667.0083793320579, 45.62339516740601, 188.4585306825601, 181.64543511979156, 175.16021710319094, 11.783375785967113, 25.102028880547728, 34.596929912597275, 143.86572987982998, 77.14171465894353, 371.5151239246486, 99.73500836673682, 241.04508341748692, 191.32899771027874, 100.67516136214047, 5.974897966250547, 80.73976576684746, 180.72970276658037, 13.212525721507353, 51.87650721021936, 204.44370230102564, 44.950703304389734, 5.536392831063825, 34.90785381872712, 9.91528198882119, 58.636822978200286, 65.81632263887792, 101.9682703275926, 36.29552545420615, 273.996143452268, 115.23644833895645, 60.38306089585598, 543.4739515194212]]"
74,"[[(0, 6), (0, 12), (0, 16), (6, 3), (6, 13), (6, 17), (7, 45), (12, 10), (12, 44), (15, 21), (15, 36), (16, 14), (16, 30), (18, 41), (18, 45), (26, 38), (27, 35), (43, 24), (44, 26), (45, 26), (45, 42), (1, 3), (1, 38), (3, 13), (8, 46), (9, 5), (38, 26), (38, 48), (42, 29), (36, 39), (48, 46), (13, 49), (14, 1), (29, 14), (37, 7), (37, 47), (4, 46), (23, 1), (33, 16), (33, 39), (33, 44), (46, 6), (46, 20), (17, 13), (31, 20), (31, 34), (20, 14), (20, 47), (19, 20), (24, 43), (40, 6), (40, 32), (11, 26), (35, 16), (47, 20), (22, 41), (39, 13)]]","[[45.077593958762186, 12.007457349518404, 12.261379766701804, 27.745305659819635, 92.33568956062304, 197.97075915958442, 213.52927964957487, 19.557844754414695, 523.9030755653968, 3.0384193535321806, 414.7829269527414, 23.126221661975606, 262.35512931933107, 222.44423615031764, 165.39943408934087, 71.86773995402218, 74.50243256750643, 296.39966206424435, 5.632256141834585, 35.84967745328364, 51.031981349599086, 27.23278032864975, 700.0081533961636, 133.98635972046736, 152.51573289740696, 54.820308361836474, 223.09674622988257, 137.77259405466276, 157.80749171583503, 10.668461995658506, 11.498091822275487, 56.48962931908434, 65.70525007968617, 115.83682083154216, 252.36180752560378, 162.570947628816, 314.565168153158, 256.27961309376036, 130.48494968587403, 1.4831672749049365, 138.05574313021623, 149.36634669127497, 10.406498958251243, 54.30503440269283, 213.4766016730123, 44.850334833301346, 7.394773257692308, 27.959663401162167, 11.468595068896995, 97.145161019927, 144.83277472114224, 96.81084143257134, 20.449481586981413, 116.60363886332863, 90.83310181824325, 109.55372510346538, 516.0212450828265]]"
75,"[[(0, 6), (0, 12), (0, 16), (6, 3), (6, 13), (6, 17), (7, 45), (12, 10), (12, 44), (15, 21), (15, 36), (16, 14), (16, 30), (18, 41), (18, 45), (26, 38), (27, 35), (43, 24), (44, 26), (45, 26), (45, 42), (1, 3), (1, 38), (3, 13), (8, 46), (9, 5), (38, 26), (38, 48), (42, 29), (36, 39), (48, 46), (13, 49), (14, 1), (29, 14), (37, 7), (37, 47), (4, 46), (23, 1), (33, 16), (33, 39), (33, 44), (46, 6), (46, 20), (17, 13), (31, 20), (31, 34), (20, 14), (20, 47), (19, 20), (24, 43), (40, 6), (40, 32), (11, 26), (35, 16), (47, 20), (22, 41), (39, 13)]]","[[52.40105459445396, 13.225815597362246, 4.236784973191297, 21.42072242685245, 92.10445929133978, 54.01047127365617, 524.2888549873421, 11.066189567131874, 748.2598581974323, 5.040897860877335, 438.9304718511604, 22.456052539909265, 169.67616496163868, 276.7791634737524, 334.4010408763626, 10.996788554758329, 74.98530111298061, 316.4678016072832, 6.0242209378792415, 50.57666126076775, 54.87964394557945, 32.36770986046329, 653.0003366300415, 107.0411184099689, 820.576965797021, 43.96194061238562, 210.47432067210607, 132.95499621564127, 138.96609828296232, 11.10976393883195, 25.12143607866123, 36.423312862709786, 80.01849167676264, 117.10749875540188, 410.2454185230602, 153.7088532209431, 443.41712742376643, 215.6408182428408, 30.299897688557436, 1.0135066445191911, 114.20879436419422, 260.8239187004293, 12.537327226961818, 54.962450474321074, 212.1378338385373, 54.90667028603142, 6.50188700942325, 31.07511352774844, 28.12079341364188, 55.039776640399204, 132.60965870947865, 89.19832261268951, 49.48434438448491, 312.8427582606165, 123.44361995750097, 81.2745193727842, 397.2185401673764]]"
76,"[[(0, 6), (0, 12), (0, 16), (6, 3), (6, 13), (6, 17), (7, 45), (12, 10), (12, 44), (15, 21), (15, 36), (16, 14), (16, 30), (18, 41), (18, 45), (26, 38), (27, 35), (43, 24), (44, 26), (45, 26), (45, 42), (1, 3), (1, 38), (3, 13), (8, 46), (9, 5), (38, 26), (38, 48), (42, 29), (36, 39), (48, 46), (13, 49), (14, 1), (29, 14), (37, 7), (37, 47), (4, 46), (23, 1), (33, 16), (33, 39), (33, 44), (46, 6), (46, 20), (17, 13), (31, 20), (31, 34), (20, 14), (20, 47), (19, 20), (24, 43), (40, 6), (40, 32), (11, 26), (35, 16), (47, 20), (22, 41), (39, 13)]]","[[34.415388584657336, 14.310487550303408, 11.574568661232602, 32.51912148922663, 111.41711962728782, 57.01637463436822, 652.217095071323, 13.060846448675273, 750.8807631827469, 3.4766747275677465, 349.68636201813865, 22.073651781405488, 313.41907814721543, 230.03460537165856, 245.73878706609503, 41.66927789376613, 21.52532971361949, 274.54558197294324, 5.114998767783813, 57.469971612261716, 54.24262381437575, 33.08837854460819, 651.79483356569, 78.76894506190845, 1032.5693921190232, 55.21498128199754, 232.53452100376626, 174.6405656730072, 134.48478288735487, 11.61218015492651, 13.980787346384094, 42.411811654761436, 98.52080578208806, 91.20780171600485, 280.7920878090575, 148.64858963323408, 437.2858826502924, 160.08138332903422, 44.03984050216205, 4.626655014227214, 134.26146951330873, 245.33512059723512, 8.899133427175293, 51.56454376496727, 206.8875479476902, 58.75660856408315, 3.8814577046353094, 27.069962167690534, 11.448101860126016, 67.38077677080466, 197.66764263754376, 94.74446266339493, 35.28106226366554, 179.1025387959615, 96.11649466837923, 59.08460490338213, 456.24695355529525]]"
77,"[[(0, 6), (0, 12), (0, 16), (6, 3), (6, 13), (6, 17), (7, 45), (12, 10), (12, 44), (15, 21), (15, 36), (16, 14), (16, 30), (18, 41), (18, 45), (26, 38), (27, 35), (43, 24), (44, 26), (45, 26), (45, 42), (1, 3), (1, 38), (3, 13), (8, 46), (9, 5), (38, 26), (38, 48), (42, 29), (36, 39), (48, 46), (13, 49), (14, 1), (29, 14), (37, 7), (37, 47), (4, 46), (23, 1), (33, 16), (33, 39), (33, 44), (46, 6), (46, 20), (17, 13), (31, 20), (31, 34), (20, 14), (20, 47), (19, 20), (24, 43), (40, 6), (40, 32), (11, 26), (35, 16), (47, 20), (22, 41), (39, 13)]]","[[65.99916394984811, 15.810912384078517, 10.959603733177602, 33.14641343975982, 65.24891216906283, 171.97955933468364, 608.7253645958374, 20.992537442147523, 522.4375284964533, 5.3814519460850505, 85.93189748540794, 23.587599405441203, 205.58525602906454, 71.45698391363574, 404.5563365438811, 129.71988509742033, 19.4539072506751, 291.4767275216893, 5.647313043852199, 57.67219944007721, 49.8597560092654, 21.20538995449792, 759.0006659027266, 136.876417118245, 949.9787282903224, 77.76746277515723, 179.02872517380578, 169.80115074255974, 267.84028712788984, 10.903731631836948, 19.105225048465464, 35.1878508096423, 118.84663934486078, 126.74319208349166, 446.52390281676446, 106.58003674358595, 428.08809098764135, 172.96126961243107, 98.05578889783703, 8.88305781445974, 76.91367104428116, 57.38271436240716, 15.39713957400544, 53.32590884427589, 196.74968140999138, 30.58944843340298, 7.86573285070436, 27.429431673752457, 25.55341680727882, 61.10510449156691, 54.028549854744085, 94.40020762007394, 46.900558539225564, 228.85565423108585, 123.56080793733864, 120.131429410809, 484.6343724481668]]"
78,"[[(0, 6), (0, 12), (0, 16), (6, 3), (6, 13), (6, 17), (7, 45), (12, 10), (12, 44), (15, 21), (15, 36), (16, 14), (16, 30), (18, 41), (18, 45), (26, 38), (27, 35), (43, 24), (44, 26), (45, 26), (45, 42), (1, 3), (1, 38), (3, 13), (8, 46), (9, 5), (38, 26), (38, 48), (42, 29), (36, 39), (48, 46), (13, 49), (14, 1), (29, 14), (37, 7), (37, 47), (4, 46), (23, 1), (33, 16), (33, 39), (33, 44), (46, 6), (46, 20), (17, 13), (31, 20), (31, 34), (20, 14), (20, 47), (19, 20), (24, 43), (40, 6), (40, 32), (11, 26), (35, 16), (47, 20), (22, 41), (39, 13)]]","[[48.943120723013834, 12.3661489095844, 8.74554084359469, 16.709788114651552, 95.20232414092033, 63.04884215872893, 353.7591805174725, 30.825198269799397, 506.9563029112239, 5.814191691669075, 314.3463132614562, 23.64562477646977, 31.819171787149898, 111.20817136902406, 348.3456917623603, 45.08008201745842, 72.28232977391798, 316.98600204875424, 6.172428031681167, 56.260795476528614, 54.1913441035112, 35.69873789522774, 728.6728607590458, 57.45458692172055, 852.8831220463876, 91.10850708371973, 177.15677809600862, 154.47623420631837, 182.51746877327182, 10.12646035869848, 11.926013664123882, 50.154100903517985, 106.4629655650687, 97.08909497845187, 424.47748063319386, 117.07050438347427, 422.16287690952925, 238.37438552703324, 23.536036757493434, 6.334155509728821, 116.96070191653453, 147.53132442802297, 15.79915500138391, 48.54586474247931, 214.02315689057738, 36.6052123946417, 5.311333710787634, 25.835228178966247, 29.27758845821866, 75.39291810017642, 93.76304925057708, 94.45705240336243, 33.76375572968347, 66.16744563146213, 132.2594154370035, 56.909974744326945, 437.96259815831917]]"
79,"[[(0, 6), (0, 12), (0, 16), (6, 3), (6, 13), (6, 17), (7, 45), (12, 10), (12, 44), (15, 21), (15, 36), (16, 14), (16, 30), (18, 41), (18, 45), (26, 38), (27, 35), (43, 24), (44, 26), (45, 26), (45, 42), (1, 3), (1, 38), (3, 13), (8, 46), (9, 5), (38, 26), (38, 48), (42, 29), (36, 39), (48, 46), (13, 49), (14, 1), (29, 14), (37, 7), (37, 47), (4, 46), (23, 1), (33, 16), (33, 39), (33, 44), (46, 6), (46, 20), (17, 13), (31, 20), (31, 34), (20, 14), (20, 47), (19, 20), (24, 43), (40, 6), (40, 32), (11, 26), (35, 16), (47, 20), (22, 41), (39, 13)]]","[[67.43444042496934, 13.806834216545703, 10.644712738024163, 21.00548751517541, 47.93077340902177, 154.11998480399038, 564.4687463290982, 26.55492126496154, 610.9176183223196, 5.622024604857132, 414.37523378239746, 22.190964692783385, 286.73542003530275, 115.0733077515122, 300.5120651885121, 132.49960085411618, 44.3992881550964, 319.155429507716, 6.21486652343752, 50.0424657691477, 47.92208519927163, 27.77307013622774, 643.8096777016997, 41.97754167568969, 924.0350880847019, 83.10796597978941, 166.59048563418477, 126.95005518147903, 255.1062217702873, 11.694831069537372, 16.571995796497326, 41.78683248491698, 93.68344660234229, 124.22812511931004, 232.38831340212892, 34.66571066943633, 343.38656555572015, 232.3337671086647, 70.4970941833532, 4.436444113774555, 100.90880791432687, 109.12586793712492, 9.147821349979674, 55.783006507581845, 206.8115819947894, 28.859023071242525, 6.968887091479221, 30.817637443631163, 25.711129320194182, 94.86211977417987, 47.25976626121429, 81.67419048632553, 19.323386974012113, 350.6120566316975, 115.36363198653333, 113.33482294830999, 420.85599240582906]]"
80,"[[(0, 6), (0, 12), (0, 16), (6, 3), (6, 13), (6, 17), (7, 45), (12, 10), (12, 44), (15, 21), (15, 36), (16, 14), (16, 30), (18, 41), (18, 45), (26, 38), (27, 35), (43, 24), (44, 26), (45, 26), (45, 42), (1, 3), (1, 38), (3, 13), (8, 46), (9, 5), (38, 26), (38, 48), (42, 29), (36, 39), (48, 46), (13, 49), (14, 1), (29, 14), (37, 7), (37, 47), (4, 46), (23, 1), (33, 16), (33, 39), (33, 44), (46, 6), (46, 20), (17, 13), (31, 20), (31, 34), (20, 14), (20, 47), (19, 20), (24, 43), (40, 6), (40, 32), (11, 26), (35, 16), (47, 20), (22, 41), (39, 13)]]","[[46.88158235567428, 13.720112567627238, 12.105530082936713, 16.09187366135417, 34.49256037532746, 18.041554637781537, 500.52002537557144, 24.6513177256247, 565.1115640786659, 3.7984223449675247, 338.1219924805656, 22.396713728310583, 375.8546228491763, 224.0092706896668, 224.69001836670472, 135.10068784760415, 46.95744711351293, 302.93103708901975, 6.356157222867953, 59.48079263504604, 56.584347044537296, 30.296387280517337, 644.1275297598739, 102.27594055976502, 639.1454322535875, 89.95833169317905, 229.9736842564845, 168.4467862740887, 251.42722520319663, 10.812316857542143, 13.61167566199094, 56.4120084842908, 68.84978701217477, 87.60710641966674, 459.16423352896396, 150.87441616531532, 490.45856682541995, 109.23011686618091, 23.72034081423028, 6.378435863960478, 121.38222943763762, 199.30465189839293, 14.689705258413214, 50.9247407329926, 207.72189188323262, 43.0346364726056, 7.554245886215869, 21.57687521061319, 25.516477352150773, 68.67796609558027, 82.47624153658353, 84.30686784681563, 13.086099861388075, 165.1768414278655, 122.55917385260585, 61.35593189545948, 440.5736653408545]]"
81,"[[(0, 6), (0, 12), (0, 16), (6, 3), (6, 13), (6, 17), (7, 45), (12, 10), (12, 44), (15, 21), (15, 36), (16, 14), (16, 30), (18, 41), (18, 45), (26, 38), (27, 35), (43, 24), (44, 26), (45, 26), (45, 42), (1, 3), (1, 38), (3, 13), (8, 46), (9, 5), (38, 26), (38, 48), (42, 29), (36, 39), (48, 46), (13, 49), (14, 1), (29, 14), (37, 7), (37, 47), (4, 46), (23, 1), (33, 16), (33, 39), (33, 44), (46, 6), (46, 20), (17, 13), (31, 20), (31, 34), (20, 14), (20, 47), (19, 20), (24, 43), (40, 6), (40, 32), (11, 26), (35, 16), (47, 20), (22, 41), (39, 13)]]","[[59.04234707308478, 13.97181621972912, 10.476213390305261, 18.188680564076655, 149.18589533230949, 143.92819885294512, 312.93101276980383, 9.642713272368438, 664.3312200417092, 5.260853234264312, 395.06483283626727, 22.044123658316753, 269.410938100848, 107.13208118568727, 224.95490794934028, 81.53711405938434, 51.57172464744936, 282.49001113103935, 6.491687617356676, 59.44176892228677, 51.47623941340184, 34.69718973740473, 754.9989957179548, 121.96503950127492, 587.3548124124425, 61.22068186892519, 201.16995232652224, 138.26095816681703, 121.37328240310941, 11.751699509479927, 16.458956265543286, 49.20854192512121, 87.13090813779898, 82.17249317176018, 286.4324927059712, 160.79951130442996, 363.36529371843807, 133.43057790629334, 62.05519084595935, 7.12841464352149, 138.57935417904503, 258.22717655969535, 15.849810034358654, 54.21387570195216, 206.160721555764, 60.10216096887526, 6.440697506761172, 35.385615614181404, 19.170688949291385, 96.56426081695784, 46.20546107824683, 88.57717026685805, 44.558172665970915, 172.9765531955089, 104.15894485061088, 67.79715929435083, 524.5292834527938]]"
82,"[[(0, 6), (0, 12), (0, 16), (6, 3), (6, 13), (6, 17), (7, 45), (12, 10), (12, 44), (15, 21), (15, 36), (16, 14), (16, 30), (18, 41), (18, 45), (26, 38), (27, 35), (43, 24), (44, 26), (45, 26), (45, 42), (1, 3), (1, 38), (3, 13), (8, 46), (9, 5), (38, 26), (38, 48), (42, 29), (36, 39), (48, 46), (13, 49), (14, 1), (29, 14), (37, 7), (37, 47), (4, 46), (23, 1), (33, 16), (33, 39), (33, 44), (46, 6), (46, 20), (17, 13), (31, 20), (31, 34), (20, 14), (20, 47), (19, 20), (24, 43), (40, 6), (40, 32), (11, 26), (35, 16), (47, 20), (22, 41), (39, 13)]]","[[62.364385120434676, 12.745064761982526, 7.891508916390383, 19.282043601126567, 138.02619967810762, 23.204539885864477, 182.11544278228365, 13.461373807710249, 606.3464449294622, 3.2946983669246617, 433.81833823241703, 22.282067209148202, 142.4843375936793, 287.41815266929524, 242.40302323905226, 45.77001002031893, 23.458201177436752, 295.40710856358373, 6.145169622308188, 47.649265885937304, 64.73958158132581, 31.208539729611914, 784.3450416787331, 151.3547828183123, 976.4873609116183, 79.00380775352264, 175.78545052605364, 134.50933264164354, 74.58384092520848, 11.489932672103759, 17.100159982866387, 38.15271254119472, 91.04264796253972, 109.7102276958635, 410.5787809555217, 160.04730218264575, 327.24418900381005, 267.8490134435027, 61.46740091674529, 10.09536506330806, 93.6964290334619, 216.04533230051146, 11.725001449132005, 49.631500943806564, 206.40290949130485, 61.625255537366684, 7.625081903088029, 34.31379430861814, 31.672280402112445, 112.86175466225507, 43.822887527705724, 87.73832980256151, 35.55841383560275, 256.2542496796359, 105.25716419093233, 81.03953723569, 424.1606733954923]]"
83,"[[(0, 6), (0, 12), (0, 16), (6, 3), (6, 13), (6, 17), (7, 45), (12, 10), (12, 44), (15, 21), (15, 36), (16, 14), (16, 30), (18, 41), (18, 45), (26, 38), (27, 35), (43, 24), (44, 26), (45, 26), (45, 42), (1, 3), (1, 38), (3, 13), (8, 46), (9, 5), (38, 26), (38, 48), (42, 29), (36, 39), (48, 46), (13, 49), (14, 1), (29, 14), (37, 7), (37, 47), (4, 46), (23, 1), (33, 16), (33, 39), (33, 44), (46, 6), (46, 20), (17, 13), (31, 20), (31, 34), (20, 14), (20, 47), (19, 20), (24, 43), (40, 6), (40, 32), (11, 26), (35, 16), (47, 20), (22, 41), (39, 13)]]","[[50.13917877966479, 15.50349314533232, 12.634151714924482, 15.24113641513914, 95.73208490454397, 67.4536478750463, 619.6942069878456, 7.844617600632056, 670.8583711637953, 2.7356967897644786, 403.26754891553026, 22.557030693206976, 320.9477331326417, 248.53770223177784, 322.8626470394029, 44.59533943735708, 33.33345241989529, 321.64543332961046, 5.206191140829653, 47.26451299993111, 58.835224460638564, 36.019879423429906, 615.9070394792286, 160.14195162547992, 805.9202118753282, 44.75223368226602, 211.05887772208357, 115.07368857116602, 218.55222605833973, 10.03138464174578, 22.893513664870827, 42.34271925427214, 127.22052730659165, 75.42233646356976, 423.09205744605356, 50.14540149350518, 358.59009102142574, 273.72695833257967, 100.81142403351592, 3.4242570801713645, 105.40855607209271, 55.00950587362492, 13.273744571200407, 55.68379194264358, 208.1040889726254, 38.13028381327226, 2.285566428937021, 26.197975616331085, 32.71734148442943, 56.25057131442661, 114.68541978301023, 79.26080441475128, 46.95580498129005, 382.66102240525595, 87.5561667866581, 51.28246952734095, 475.2376443651675]]"
84,"[[(0, 6), (0, 12), (0, 16), (6, 3), (6, 13), (6, 17), (7, 45), (12, 10), (12, 44), (15, 21), (15, 36), (16, 14), (16, 30), (18, 41), (18, 45), (26, 38), (27, 35), (43, 24), (44, 26), (45, 26), (45, 42), (1, 3), (1, 38), (3, 13), (8, 46), (9, 5), (38, 26), (38, 48), (42, 29), (36, 39), (48, 46), (13, 49), (14, 1), (29, 14), (37, 7), (37, 47), (4, 46), (23, 1), (33, 16), (33, 39), (33, 44), (46, 6), (46, 20), (17, 13), (31, 20), (31, 34), (20, 14), (20, 47), (19, 20), (24, 43), (40, 6), (40, 32), (11, 26), (35, 16), (47, 20), (22, 41), (39, 13)]]","[[39.034463934198335, 14.79750268061797, 8.203902981357727, 12.546044711196686, 128.61864092443386, 201.35920425405268, 339.62083879561055, 14.991510571604117, 571.4721083350103, 2.6327465102199668, 335.9183580925126, 23.00621830892927, 57.648254405243435, 278.92853877474556, 294.76853699755156, 97.30986973267258, 43.961259012144104, 234.81861292471166, 6.807229129140066, 27.454403993166217, 52.68207305344331, 26.276571745694426, 629.9780283326081, 160.8632482019916, 1121.0788302011078, 77.60276356109321, 205.94618306330597, 144.6027478477894, 141.50815867786235, 11.180478438614383, 18.564964218695902, 33.88416741725149, 64.97544478865605, 116.89173671458424, 305.41224141040806, 124.01005019890535, 273.49955491826455, 230.98967009098988, 73.04231695209641, 1.8288859644452717, 81.73341014665218, 153.18668299795348, 12.542584539401252, 49.92934492767743, 210.20973423249146, 58.949799706450435, 6.661424036167122, 20.45992432745261, 12.321031049717, 53.51806834156556, 127.19150240962394, 85.27705915203217, 42.19527267256234, 262.7950330318788, 131.7155764203849, 80.72903270952867, 455.25588535421866]]"
85,"[[(0, 6), (0, 12), (0, 16), (6, 3), (6, 13), (6, 17), (7, 45), (12, 10), (12, 44), (15, 21), (15, 36), (16, 14), (16, 30), (18, 41), (18, 45), (26, 38), (27, 35), (43, 24), (44, 26), (45, 26), (45, 42), (1, 3), (1, 38), (3, 13), (8, 46), (9, 5), (38, 26), (38, 48), (42, 29), (36, 39), (48, 46), (13, 49), (14, 1), (29, 14), (37, 7), (37, 47), (4, 46), (23, 1), (33, 16), (33, 39), (33, 44), (46, 6), (46, 20), (17, 13), (31, 20), (31, 34), (20, 14), (20, 47), (19, 20), (24, 43), (40, 6), (40, 32), (11, 26), (35, 16), (47, 20), (22, 41), (39, 13)]]","[[48.112889228154486, 13.847221559376926, 10.748668395908208, 25.426502980269795, 73.6046432079017, 235.8668359789257, 479.57802143464136, 5.713375690902909, 537.6975086582864, 5.376918171577907, 100.13309656289468, 23.735565765058965, 180.9019523563815, 408.5658246480797, 320.0884214067969, 34.01450747209794, 37.50386770692364, 243.9291428879952, 5.710262748065794, 30.882065815870632, 49.589033287725826, 38.93873218607804, 646.3967124750402, 56.81852917479972, 1111.8537109175354, 59.2633454200099, 224.35745872903664, 119.785541871384, 129.2330230091468, 10.668053078602682, 19.593696835778054, 48.04790824472485, 55.460724067446456, 64.12354221976068, 284.3564258600904, 156.40141040989602, 420.6299509079239, 205.82947738698985, 111.50908109057558, 7.635428579000204, 137.10749632033873, 102.16569716571681, 13.50271454548719, 53.711865084159456, 200.18988193559306, 42.12959918770902, 7.73319372241539, 34.59641050958179, 16.88709834691512, 109.34774901273185, 167.23100987958733, 101.04443368349375, 51.346629767108496, 198.3120468322204, 97.48531669640029, 119.15076751192613, 396.10705816253784]]"
86,"[[(0, 6), (0, 12), (0, 16), (6, 3), (6, 13), (6, 17), (7, 45), (12, 10), (12, 44), (15, 21), (15, 36), (16, 14), (16, 30), (18, 41), (18, 45), (26, 38), (27, 35), (43, 24), (44, 26), (45, 26), (45, 42), (1, 3), (1, 38), (3, 13), (8, 46), (9, 5), (38, 26), (38, 48), (42, 29), (36, 39), (48, 46), (13, 49), (14, 1), (29, 14), (37, 7), (37, 47), (4, 46), (23, 1), (33, 16), (33, 39), (33, 44), (46, 6), (46, 20), (17, 13), (31, 20), (31, 34), (20, 14), (20, 47), (19, 20), (24, 43), (40, 6), (40, 32), (11, 26), (35, 16), (47, 20), (22, 41), (39, 13)]]","[[37.69340099847511, 14.35378809657207, 15.609403445397353, 18.801010488038457, 130.70692486776667, 240.58861053254424, 343.00111358915257, 24.267290582685423, 593.5837053060463, 5.380686500858358, 336.09543278965145, 23.982725565431192, 16.375196167906225, 309.87414125551675, 169.77045861800406, 138.49849382520327, 26.969676334983482, 272.72006512530737, 6.472881355451891, 54.70665503408086, 56.08845412023588, 37.983983656006004, 781.5561265447947, 146.36606171395567, 621.5391569708152, 77.49066020116507, 172.01790719161392, 162.33437355475132, 282.56853713847045, 10.219212591297893, 15.425766987306686, 54.320062096991215, 139.23416773478263, 57.33099757898038, 374.52388219870573, 126.40511542682707, 438.7087749254548, 224.70221848444862, 30.79912745197646, 6.487656463807216, 139.95626001709502, 174.26679599729766, 8.225701255969842, 50.9989859087417, 203.477430425804, 61.18433230176225, 2.2865577214539003, 26.025552594845436, 9.121409159740924, 99.05035486047754, 14.283537442788347, 102.5515007735876, 41.99850039826592, 179.26778095567732, 120.98006000874875, 93.42787196621626, 412.058409702764]]"
87,"[[(0, 6), (0, 12), (0, 16), (6, 3), (6, 13), (6, 17), (7, 45), (12, 10), (12, 44), (15, 21), (15, 36), (16, 14), (16, 30), (18, 41), (18, 45), (26, 38), (27, 35), (43, 24), (44, 26), (45, 26), (45, 42), (1, 3), (1, 38), (3, 13), (8, 46), (9, 5), (38, 26), (38, 48), (42, 29), (36, 39), (48, 46), (13, 49), (14, 1), (29, 14), (37, 7), (37, 47), (4, 46), (23, 1), (33, 16), (33, 39), (33, 44), (46, 6), (46, 20), (17, 13), (31, 20), (31, 34), (20, 14), (20, 47), (19, 20), (24, 43), (40, 6), (40, 32), (11, 26), (35, 16), (47, 20), (22, 41), (39, 13)]]","[[36.711319747103026, 14.190803508016014, 6.951554407844246, 23.75013952084099, 52.64244239858192, 263.7549368279592, 476.24420954858465, 9.227281773134036, 501.7289439204723, 5.763413454433243, 423.0607151215588, 23.42752315103849, 129.71451628626448, 236.05486741334838, 264.5922614401143, 159.71769924438064, 60.1141029275136, 316.95165269810184, 6.098657499420833, 27.785489863247783, 49.19649123135599, 35.53607635476651, 611.958848280569, 113.01680510359259, 483.12892544253197, 56.146577402708154, 211.25340106163125, 142.08836968096236, 167.7939233899345, 10.522912052164235, 20.074060773970896, 36.20881993331368, 126.43810169768187, 109.65745359464546, 355.2636404791157, 144.40027672021702, 336.1310445508317, 225.83207406843678, 95.46360068311756, 4.716771029672927, 89.19508793739881, 139.00572557934615, 10.962989307938564, 48.919155941969386, 203.83589262543597, 27.51823284608425, 2.3962267428060944, 20.88701743659481, 20.022427798706136, 90.56494940950253, 100.69665690976873, 97.10631459214494, 29.7320101290513, 112.05436230389381, 125.46959957868057, 90.17773149579475, 410.3736643479976]]"
88,"[[(0, 6), (0, 12), (0, 16), (6, 3), (6, 13), (6, 17), (7, 45), (12, 10), (12, 44), (15, 21), (15, 36), (16, 14), (16, 30), (18, 41), (18, 45), (26, 38), (27, 35), (43, 24), (44, 26), (45, 26), (45, 42), (1, 3), (1, 38), (3, 13), (8, 46), (9, 5), (38, 26), (38, 48), (42, 29), (36, 39), (48, 46), (13, 49), (14, 1), (29, 14), (37, 7), (37, 47), (4, 46), (23, 1), (33, 16), (33, 39), (33, 44), (46, 6), (46, 20), (17, 13), (31, 20), (31, 34), (20, 14), (20, 47), (19, 20), (24, 43), (40, 6), (40, 32), (11, 26), (35, 16), (47, 20), (22, 41), (39, 13)]]","[[31.050310437394952, 12.935062122745265, 2.8617401914160143, 28.365036075425742, 104.86966155400167, 175.45795900373878, 624.3033663676847, 22.561032768014115, 621.0801691716899, 3.6209786035080853, 158.85948302367717, 22.292124595316444, 19.146753921913927, 178.17542026241944, 375.68426628228855, 106.0097521877198, 40.67900398648379, 236.92495967305285, 5.26106368751511, 46.2762975809577, 52.53337892595084, 38.94842112188714, 774.2314633522373, 92.96545374667306, 357.94892977055474, 47.989182735021096, 234.08253558388344, 182.72316622312863, 119.32465766537274, 11.057092957560362, 12.852574914373552, 47.68295046116775, 90.86283438723076, 84.40688344480266, 356.9735932464431, 79.83362567531843, 462.4678069225496, 162.12308230890537, 103.90901352570509, 4.842339233241702, 103.30155053424694, 170.24783959826684, 10.410475462246481, 55.12583442527877, 197.80631118147988, 49.52911727566407, 4.843643990495654, 32.092229755368315, 18.011257278404464, 71.75417914673721, 37.29591490651385, 88.54591763732067, 54.05778148014482, 385.89868224459735, 135.54582085051015, 84.35676058425352, 454.63266515531734]]"
89,"[[(0, 6), (0, 12), (0, 16), (6, 3), (6, 13), (6, 17), (7, 45), (12, 10), (12, 44), (15, 21), (15, 36), (16, 14), (16, 30), (18, 41), (18, 45), (26, 38), (27, 35), (43, 24), (44, 26), (45, 26), (45, 42), (1, 3), (1, 38), (3, 13), (8, 46), (9, 5), (38, 26), (38, 48), (42, 29), (36, 39), (48, 46), (13, 49), (14, 1), (29, 14), (37, 7), (37, 47), (4, 46), (23, 1), (33, 16), (33, 39), (33, 44), (46, 6), (46, 20), (17, 13), (31, 20), (31, 34), (20, 14), (20, 47), (19, 20), (24, 43), (40, 6), (40, 32), (11, 26), (35, 16), (47, 20), (22, 41), (39, 13)]]","[[65.19751691635977, 15.615747869807056, 9.929946941475539, 18.81226411561724, 150.61388280604803, 81.29597195760266, 496.30996513253393, 30.600294477029752, 508.3237256570241, 4.761523567855342, 376.31158831314445, 22.358765084387468, 285.50555346309415, 196.18135886937384, 379.53062719111097, 41.17972884431389, 24.428636883176324, 299.31699103416275, 6.131565740376395, 31.55355969004519, 61.2846628468331, 35.635795826685055, 615.5153951204745, 87.59421887118974, 553.1527106104484, 77.29096320338174, 210.31261732326487, 167.30135284944726, 73.86233022264432, 11.478871914519063, 22.187181625732183, 40.32783830568367, 97.62186216333897, 71.05213912461546, 388.8244621908826, 58.08092013218385, 499.90965151379993, 168.44115850587434, 43.9465502807728, 4.109640306140603, 130.08901787682333, 231.81245563351774, 9.779686878232663, 54.59499094091071, 205.7082535777638, 28.99296754534182, 3.0636347433853963, 31.884212707451024, 27.567477464972757, 91.10074870360319, 54.04695230859345, 85.43830623153671, 21.29075424828264, 98.8290600381229, 97.62540541600808, 60.77480429169119, 554.2523694596483]]"
90,"[[(0, 6), (0, 12), (0, 16), (6, 3), (6, 13), (6, 17), (7, 45), (12, 10), (12, 44), (15, 21), (15, 36), (16, 14), (16, 30), (18, 41), (18, 45), (26, 38), (27, 35), (43, 24), (44, 26), (45, 26), (45, 42), (1, 3), (1, 38), (3, 13), (8, 46), (9, 5), (38, 26), (38, 48), (42, 29), (36, 39), (48, 46), (13, 49), (14, 1), (29, 14), (37, 7), (37, 47), (4, 46), (23, 1), (33, 16), (33, 39), (33, 44), (46, 6), (46, 20), (17, 13), (31, 20), (31, 34), (20, 14), (20, 47), (19, 20), (24, 43), (40, 6), (40, 32), (11, 26), (35, 16), (47, 20), (22, 41), (39, 13)]]","[[48.66156831134174, 15.309646046721374, 9.657985483046746, 12.123629298456663, 68.77912014006087, 158.1362158856387, 452.6933418483536, 5.759481684369504, 609.4881437556712, 3.4585032073481665, 284.87823704471276, 22.05818912783443, 20.00997072248839, 121.0743493808006, 298.5879290314839, 154.55474785684166, 73.19412072654954, 248.56295285898338, 6.903593472193646, 34.575867429593714, 59.43207130738224, 25.017651635964505, 713.7168050540677, 90.36692207932981, 1038.9120118548635, 84.6868124108223, 217.41974051907465, 149.35427995237856, 291.118091232301, 10.751804137597908, 12.913401507150386, 50.48132175666452, 58.78532615940931, 89.31326379097706, 455.32020912976526, 78.38573597174823, 282.59811866656264, 232.91150244663817, 90.76318187924582, 4.4971169628712495, 109.99650178528142, 167.95539284985048, 15.152907785671676, 49.6187030675945, 201.86040012237774, 35.77462701820748, 6.665937382987255, 36.023328142998665, 13.921244270123555, 86.26466592577614, 108.1611388102631, 92.9884418708999, 31.059377815504355, 315.28186110392363, 104.02603530953633, 121.97777557162837, 537.2816977434788]]"
91,"[[(0, 6), (0, 12), (0, 16), (6, 3), (6, 13), (6, 17), (7, 45), (12, 10), (12, 44), (15, 21), (15, 36), (16, 14), (16, 30), (18, 41), (18, 45), (26, 38), (27, 35), (43, 24), (44, 26), (45, 26), (45, 42), (1, 3), (1, 38), (3, 13), (8, 46), (9, 5), (38, 26), (38, 48), (42, 29), (36, 39), (48, 46), (13, 49), (14, 1), (29, 14), (37, 7), (37, 47), (4, 46), (23, 1), (33, 16), (33, 39), (33, 44), (46, 6), (46, 20), (17, 13), (31, 20), (31, 34), (20, 14), (20, 47), (19, 20), (24, 43), (40, 6), (40, 32), (11, 26), (35, 16), (47, 20), (22, 41), (39, 13)]]","[[55.12252550256505, 14.403296629234998, 3.7693870639610827, 35.13716679671816, 43.87373005640383, 23.035355458778206, 194.28130868483984, 19.119579748671526, 609.4114571228146, 4.82340352917439, 32.10917250859329, 23.154606368125922, 125.06391339386322, 100.61499543793859, 208.15898266964132, 109.0228474010164, 19.743041802180045, 300.7224972052744, 5.955916291388935, 43.24296297894546, 49.978007234043005, 23.952719040609658, 758.7149183958401, 103.3466878676218, 137.4973935315601, 93.0442724914617, 211.2837155716527, 136.37935159202837, 277.2432945956565, 11.192527520957277, 24.47473636297218, 59.78548740805296, 78.34710585370452, 96.27554595379314, 382.257888565041, 73.61899262486658, 260.20496406692655, 201.4284976749646, 21.356480869757306, 10.921268082259957, 119.98503430219483, 239.9263575654646, 13.386597070320635, 48.39529431876681, 210.5192047982835, 59.06014445109359, 6.005439736831341, 26.006902193340906, 9.647393181710408, 71.93560594320293, 44.278604472651935, 77.57239330644555, 13.978862831289243, 261.2146660571586, 99.64682573899103, 83.48045192630167, 535.707072163294]]"
92,"[[(0, 6), (0, 12), (0, 16), (6, 3), (6, 13), (6, 17), (7, 45), (12, 10), (12, 44), (15, 21), (15, 36), (16, 14), (16, 30), (18, 41), (18, 45), (26, 38), (27, 35), (43, 24), (44, 26), (45, 26), (45, 42), (1, 3), (1, 38), (3, 13), (8, 46), (9, 5), (38, 26), (38, 48), (42, 29), (36, 39), (48, 46), (13, 49), (14, 1), (29, 14), (37, 7), (37, 47), (4, 46), (23, 1), (33, 16), (33, 39), (33, 44), (46, 6), (46, 20), (17, 13), (31, 20), (31, 34), (20, 14), (20, 47), (19, 20), (24, 43), (40, 6), (40, 32), (11, 26), (35, 16), (47, 20), (22, 41), (39, 13)]]","[[29.26460998681418, 13.345605525651592, 8.470512903937546, 25.90529921712006, 155.0932029088234, 41.0124513607646, 540.0423220492617, 8.159300697772117, 609.9718724617657, 2.641334011647177, 303.92499686857616, 22.986304829980995, 123.0202405068263, 233.82493887568896, 213.35072480305584, 108.90618430286068, 75.4986604017272, 313.091746367941, 5.4101081258781445, 44.4585366154101, 56.568904483746195, 31.077098853821884, 688.2332611949213, 85.24651080236043, 318.3078462944376, 47.478051743787546, 205.78542161312322, 179.46414763827278, 132.58700803311098, 10.190280336057528, 13.788221990798888, 33.06912460714895, 99.60429282017797, 48.64821777715308, 205.69971331267914, 154.47711526786753, 304.530043309307, 243.4541656694063, 68.75858382909327, 5.81027615369773, 122.44732896157811, 168.58999270451204, 8.860033139786834, 48.16240122816406, 214.10827302530657, 57.139836220476, 4.448785573257875, 20.1631218050736, 14.282041742727944, 93.00206917807887, 33.90110559239253, 80.96134300317928, 31.398533494855982, 71.73593759702996, 135.69105268064027, 69.7720296045395, 504.0301265691665]]"
93,"[[(0, 6), (0, 12), (0, 16), (6, 3), (6, 13), (6, 17), (7, 45), (12, 10), (12, 44), (15, 21), (15, 36), (16, 14), (16, 30), (18, 41), (18, 45), (26, 38), (27, 35), (43, 24), (44, 26), (45, 26), (45, 42), (1, 3), (1, 38), (3, 13), (8, 46), (9, 5), (38, 26), (38, 48), (42, 29), (36, 39), (48, 46), (13, 49), (14, 1), (29, 14), (37, 7), (37, 47), (4, 46), (23, 1), (33, 16), (33, 39), (33, 44), (46, 6), (46, 20), (17, 13), (31, 20), (31, 34), (20, 14), (20, 47), (19, 20), (24, 43), (40, 6), (40, 32), (11, 26), (35, 16), (47, 20), (22, 41), (39, 13)]]","[[41.742965702589004, 13.096446080789947, 5.8446927791899626, 20.591519119349293, 42.156133538071586, 204.54642289800387, 404.24755058798615, 26.10456120225054, 700.376937060905, 4.838877984556376, 300.09037228452183, 23.690692358042142, 261.51102502307486, 115.59221617137047, 400.98978002069674, 53.47444128431478, 43.0988699756718, 278.7521481920827, 5.35663054564309, 33.54558317974561, 51.919708269709915, 32.865010488872045, 704.1478719046225, 153.80843243411846, 586.2058449954743, 79.82405577102853, 230.8063157539989, 166.1442149241047, 119.29782911953536, 10.23270292815317, 26.987620994962796, 60.52163197671611, 113.30624911113185, 108.67633276888641, 408.2712926886636, 109.5482146436284, 334.7159926453096, 122.59699837600314, 63.54760482833576, 10.755070586897652, 81.27383938588744, 187.248501156939, 10.935657211663457, 51.15140719791918, 208.05391484119622, 55.91499235315152, 4.586276329375007, 34.488186174415304, 19.17884532293002, 88.72782582833975, 93.58251741255944, 78.84050721164536, 18.372714685982388, 317.1492726481062, 114.28845316683217, 117.22850138678197, 480.77780782227217]]"
94,"[[(0, 6), (0, 12), (0, 16), (6, 3), (6, 13), (6, 17), (7, 45), (12, 10), (12, 44), (15, 21), (15, 36), (16, 14), (16, 30), (18, 41), (18, 45), (26, 38), (27, 35), (43, 24), (44, 26), (45, 26), (45, 42), (1, 3), (1, 38), (3, 13), (8, 46), (9, 5), (38, 26), (38, 48), (42, 29), (36, 39), (48, 46), (13, 49), (14, 1), (29, 14), (37, 7), (37, 47), (4, 46), (23, 1), (33, 16), (33, 39), (33, 44), (46, 6), (46, 20), (17, 13), (31, 20), (31, 34), (20, 14), (20, 47), (19, 20), (24, 43), (40, 6), (40, 32), (11, 26), (35, 16), (47, 20), (22, 41), (39, 13)]]","[[49.86392151443227, 13.762966253242421, 8.997293425248035, 31.18709806286206, 95.0467212622063, 93.00344685012739, 473.93615385650253, 8.71416608601842, 660.6940334296258, 2.5691308228597114, 284.50330747981104, 22.767134714872125, 137.1562338835266, 165.13317709174237, 362.67223318904064, 36.04812388573062, 35.15603347264893, 304.00839734218147, 6.759595234761914, 40.67653463683932, 60.034713954475144, 32.28613755707309, 616.7774772831743, 31.513996668564502, 884.279485179314, 85.29954363662802, 188.4914131189969, 126.3737539823422, 123.89325560724599, 11.501533246089666, 21.625123644939613, 55.34868243972875, 80.03736066295892, 90.04540686943733, 214.42808756831752, 103.3653106533987, 394.27154332276115, 157.95406003537286, 53.878791919945755, 9.493057387611069, 83.58851961125008, 66.04387815078664, 11.500265908322657, 54.14093032785836, 197.9043591244792, 51.48354003296093, 4.908175736485365, 19.944484295637764, 24.10204996394716, 104.47110520791543, 120.79890134253596, 77.192433987536, 21.587853391790787, 108.88639938017263, 132.66940603467404, 119.97310941708281, 544.7146957685726]]"
95,"[[(0, 6), (0, 12), (0, 16), (6, 3), (6, 13), (6, 17), (7, 45), (12, 10), (12, 44), (15, 21), (15, 36), (16, 14), (16, 30), (18, 41), (18, 45), (26, 38), (27, 35), (43, 24), (44, 26), (45, 26), (45, 42), (1, 3), (1, 38), (3, 13), (8, 46), (9, 5), (38, 26), (38, 48), (42, 29), (36, 39), (48, 46), (13, 49), (14, 1), (29, 14), (37, 7), (37, 47), (4, 46), (23, 1), (33, 16), (33, 39), (33, 44), (46, 6), (46, 20), (17, 13), (31, 20), (31, 34), (20, 14), (20, 47), (19, 20), (24, 43), (40, 6), (40, 32), (11, 26), (35, 16), (47, 20), (22, 41), (39, 13)]]","[[40.00275037284383, 14.894953304987641, 4.381404487411742, 35.25670842676628, 135.2093156490535, 118.3880509769456, 462.24605483341776, 18.69813346996616, 546.501936843241, 5.158220440903811, 84.94694557374177, 23.20751855836309, 308.7014458745439, 289.9205620876577, 370.04053673323784, 72.29308688538892, 22.76754168370304, 279.45052944611683, 6.82516655781853, 55.761307286965085, 60.548858131443296, 26.533433427227585, 683.9975214410188, 28.61782789850558, 649.4707446661762, 49.58254032014402, 223.18469924663702, 148.65266297855743, 288.8649181082932, 11.32037125825824, 19.774138713254487, 40.12817875023615, 46.50017246984401, 46.03365726439886, 340.69845608078185, 152.51711650992945, 318.44610116146174, 113.72912169865586, 24.9900751607191, 10.958529714716644, 85.55675943633938, 67.65363344187816, 14.689254062267327, 52.13882591890743, 211.77907464560292, 52.24918257867293, 2.8120781865804787, 24.514461469747694, 15.426684872961664, 96.72374710224724, 151.83643411393052, 91.7993303556451, 50.635490570407015, 91.6277379727257, 101.10096426297748, 99.0103137149512, 546.4836478567952]]"
96,"[[(0, 6), (0, 12), (0, 16), (6, 3), (6, 13), (6, 17), (7, 45), (12, 10), (12, 44), (15, 21), (15, 36), (16, 14), (16, 30), (18, 41), (18, 45), (26, 38), (27, 35), (43, 24), (44, 26), (45, 26), (45, 42), (1, 3), (1, 38), (3, 13), (8, 46), (9, 5), (38, 26), (38, 48), (42, 29), (36, 39), (48, 46), (13, 49), (14, 1), (29, 14), (37, 7), (37, 47), (4, 46), (23, 1), (33, 16), (33, 39), (33, 44), (46, 6), (46, 20), (17, 13), (31, 20), (31, 34), (20, 14), (20, 47), (19, 20), (24, 43), (40, 6), (40, 32), (11, 26), (35, 16), (47, 20), (22, 41), (39, 13)]]","[[64.74509810647373, 12.947134625210689, 2.624285048868426, 12.446777251739219, 136.49507674964644, 99.06234532230629, 496.9062479123818, 6.391098195031063, 549.4552866535709, 2.9757535854963697, 437.01319545927555, 23.081304552071916, 50.03036152166102, 301.4408075287241, 337.0853021252924, 57.358283497479164, 19.96240642003253, 271.29927670874656, 6.5850572314834235, 35.70483457589671, 49.1961616888859, 35.04494748100395, 715.7813492254851, 143.9700774174077, 1226.845909417077, 83.80198506780614, 177.13053660055044, 165.39779174568804, 126.80833607210785, 10.758359826138117, 11.892091573454643, 40.30696475847366, 66.5406353627362, 78.3552953073534, 243.3956706790758, 41.86663125831426, 374.06718580526535, 178.20171776113506, 118.12160512011567, 3.019386148722119, 118.82405796495902, 153.56639750643, 14.243814810739137, 50.122490063844126, 196.2173271507168, 23.097719415507164, 2.8806224114571317, 23.999726342587614, 16.091465852055734, 67.51818443516987, 129.44783816592948, 86.79217236705786, 17.322073517479986, 210.36971669929264, 97.49969689567837, 67.0328293319289, 556.6413695683418]]"
97,"[[(0, 6), (0, 12), (0, 16), (6, 3), (6, 13), (6, 17), (7, 45), (12, 10), (12, 44), (15, 21), (15, 36), (16, 14), (16, 30), (18, 41), (18, 45), (26, 38), (27, 35), (43, 24), (44, 26), (45, 26), (45, 42), (1, 3), (1, 38), (3, 13), (8, 46), (9, 5), (38, 26), (38, 48), (42, 29), (36, 39), (48, 46), (13, 49), (14, 1), (29, 14), (37, 7), (37, 47), (4, 46), (23, 1), (33, 16), (33, 39), (33, 44), (46, 6), (46, 20), (17, 13), (31, 20), (31, 34), (20, 14), (20, 47), (19, 20), (24, 43), (40, 6), (40, 32), (11, 26), (35, 16), (47, 20), (22, 41), (39, 13)]]","[[54.75416477106864, 12.825559289946751, 5.527528936106808, 34.21326531941881, 59.09760183591625, 54.52190616117751, 581.7402975389434, 17.749309156205012, 672.4066469106793, 4.5337217754741586, 35.48525017579941, 22.63634029268828, 57.83357906521748, 291.81774445223505, 231.45730363739133, 4.472197295783255, 70.01837596243595, 249.13121534489406, 5.42407163997056, 48.19601885733117, 47.97963670526491, 26.0743060018394, 705.320594008465, 94.9981026091891, 511.0329566317534, 76.66328566256789, 229.80941128378407, 166.98188648209612, 153.96397738955238, 11.359388312038451, 21.97601253993068, 57.62864934978412, 92.58787590801475, 60.195506987594456, 224.27529386592406, 80.14878254509543, 473.7154536512443, 228.38474520103517, 29.103534038270542, 4.189998731301778, 89.97457130177838, 131.8816756592223, 15.83735883192535, 54.23009391653701, 204.88577364572365, 45.838386793993855, 7.047082930651301, 26.570718977749216, 11.987538862783536, 81.82418945067693, 61.230030983235444, 98.47400352306734, 38.198558605588474, 326.4887191735699, 86.50152330959843, 77.90050038584802, 406.9593818231458]]"
98,"[[(0, 6), (0, 12), (0, 16), (6, 3), (6, 13), (6, 17), (7, 45), (12, 10), (12, 44), (15, 21), (15, 36), (16, 14), (16, 30), (18, 41), (18, 45), (26, 38), (27, 35), (43, 24), (44, 26), (45, 26), (45, 42), (1, 3), (1, 38), (3, 13), (8, 46), (9, 5), (38, 26), (38, 48), (42, 29), (36, 39), (48, 46), (13, 49), (14, 1), (29, 14), (37, 7), (37, 47), (4, 46), (23, 1), (33, 16), (33, 39), (33, 44), (46, 6), (46, 20), (17, 13), (31, 20), (31, 34), (20, 14), (20, 47), (19, 20), (24, 43), (40, 6), (40, 32), (11, 26), (35, 16), (47, 20), (22, 41), (39, 13)]]","[[53.35759680997407, 14.817105774659463, 2.6644403690338856, 35.43882501675986, 56.0243886111398, 15.918494498354757, 585.7841757228384, 22.888158544012178, 585.1683821348192, 5.2738810416374236, 330.2224789402414, 22.35919229273157, 311.6078221309097, 343.37104096776324, 291.85279407273435, 156.84430164009711, 19.512302417352554, 306.51526958585066, 6.923539298802092, 58.923050181844815, 54.94474991406293, 21.668979711875096, 731.8905765767521, 173.5301715199999, 830.5725564224509, 73.80725246478464, 225.815513524192, 157.1210957533164, 220.4382898563905, 11.772820317878802, 18.129834518019585, 46.21363192770056, 49.31671881954226, 70.55769008327786, 268.45798673223294, 140.8496714704316, 492.3657940879266, 113.78593184423919, 33.63959422081143, 9.453134555733286, 129.39323459652263, 74.07771216318002, 9.76113965374775, 49.758722976530365, 207.3640057923378, 52.95584963496067, 3.7326589442444904, 28.11819356069907, 13.640143452614904, 90.7458785524961, 128.06870511149037, 87.89079252371135, 14.425106598828613, 202.2649520812389, 93.7162398608694, 46.19121986529478, 544.4873464497832]]"
99,"[[(0, 6), (0, 12), (0, 16), (6, 3), (6, 13), (6, 17), (7, 45), (12, 10), (12, 44), (15, 21), (15, 36), (16, 14), (16, 30), (18, 41), (18, 45), (26, 38), (27, 35), (43, 24), (44, 26), (45, 26), (45, 42), (1, 3), (1, 38), (3, 13), (8, 46), (9, 5), (38, 26), (38, 48), (42, 29), (36, 39), (48, 46), (13, 49), (14, 1), (29, 14), (37, 7), (37, 47), (4, 46), (23, 1), (33, 16), (33, 39), (33, 44), (46, 6), (46, 20), (17, 13), (31, 20), (31, 34), (20, 14), (20, 47), (19, 20), (24, 43), (40, 6), (40, 32), (11, 26), (35, 16), (47, 20), (22, 41), (39, 13)]]","[[38.31162959298754, 12.37096377523592, 2.660558396916036, 13.270357110929908, 31.862863956840783, 179.77127765317718, 613.5293151853984, 9.472471610725979, 512.5914065321646, 3.271472299135397, 178.46674777274993, 23.78841826445947, 143.92214364967094, 339.3942050092319, 204.46203031840014, 148.7828612483673, 52.72413781479307, 240.91412819692272, 5.663360612516637, 42.43151073530053, 56.53641522170425, 32.37713461900529, 697.2775829383583, 177.03119808090722, 858.5119574541458, 50.14422418978016, 221.55133124434315, 158.47939971446456, 129.65285243821833, 11.398896043474394, 25.78017577861974, 55.05222428362836, 48.69056184284017, 117.10224709548325, 455.23432305401525, 75.71990703122421, 508.8708141981328, 127.64403609906756, 21.224444939230136, 10.580365255847942, 85.68319857389412, 258.81382171339123, 13.540971946835954, 48.978675883440886, 197.9987199323569, 52.70836416555882, 5.167432096376965, 17.325400186104087, 8.969579216450118, 98.5888522786296, 121.41219990699744, 85.33009970525688, 21.122601350918124, 130.4234716675844, 135.3243706588954, 84.6846131534297, 494.0667897277772]]"
