scene,edge,cost
0,"[[(0, 47), (15, 31), (22, 20), (24, 46), (24, 49), (37, 31), (47, 6), (47, 9), (1, 14), (1, 41), (1, 49), (20, 11), (20, 13), (20, 43), (2, 31), (29, 4), (29, 18), (29, 33), (30, 7), (35, 2), (35, 33), (35, 36), (39, 4), (39, 12), (39, 30), (39, 47), (6, 38), (21, 16), (42, 25), (42, 34), (5, 35), (9, 22), (13, 24), (13, 32), (13, 40), (23, 9), (26, 15), (28, 12), (38, 29), (40, 47), (43, 30), (45, 13), (45, 16), (45, 24), (10, 9), (10, 47), (18, 14), (18, 38), (27, 17), (8, 47), (19, 34), (34, 46), (12, 15), (11, 6), (11, 15), (11, 31), (25, 1), (36, 32), (36, 45)]]","[[129.61177955488017, 12.853080597978394, 8.693047898298973, 8.052608748534633, 385.7251808755298, 96.79887483226905, 434.11179831681807, 376.47345893358147, 126.75365483624418, 822.1643880924734, 927.1041855162406, 143.80994619096978, 104.92038987529475, 233.7105775693846, 148.7945195593467, 130.89185034953186, 240.03106487521018, 26.44739278842743, 70.54414979838735, 1087.0953738714682, 11.318302039058198, 3.460079396147856, 413.60606493554525, 95.50203786927848, 49.801112351693845, 32.16064885693575, 380.20317803776913, 34.763596221425985, 299.92005893748694, 144.55510502944873, 287.4174615094837, 47.25701582946059, 104.9465958111984, 361.398629595831, 10.130987054983622, 247.4140697468655, 67.77583626986969, 276.29199756084273, 48.761764831347556, 26.137251637959576, 180.70306902651024, 283.676790216981, 298.82742055804863, 324.0418347220843, 6.97875181711388, 419.41760202261503, 63.60009083089151, 11.266041388199218, 103.16070915997409, 440.2268191965173, 154.65390509237926, 169.5666345211036, 6.250137090881971, 72.84163940762926, 14.321792229961806, 166.66360834354808, 199.63791991589426, 12.928769149483482, 61.49809643060227]]"
1,"[[(0, 47), (15, 31), (22, 20), (24, 46), (24, 49), (37, 31), (47, 6), (47, 9), (1, 14), (1, 41), (1, 49), (20, 11), (20, 13), (20, 43), (2, 31), (29, 4), (29, 18), (29, 33), (30, 7), (35, 2), (35, 33), (35, 36), (39, 4), (39, 12), (39, 30), (39, 47), (6, 38), (21, 16), (42, 25), (42, 34), (5, 35), (9, 22), (13, 24), (13, 32), (13, 40), (23, 9), (26, 15), (28, 12), (38, 29), (40, 47), (43, 30), (45, 13), (45, 16), (45, 24), (10, 9), (10, 47), (18, 14), (18, 38), (27, 17), (8, 47), (19, 34), (34, 46), (12, 15), (11, 6), (11, 15), (11, 31), (25, 1), (36, 32), (36, 45)]]","[[186.9117025224417, 14.727733585343152, 20.020956139369467, 15.938140548452838, 342.1447843638477, 51.8651449535784, 247.87067221947856, 638.6913966649167, 130.18958968355662, 541.63240149433, 891.8722034940388, 77.24256315307417, 59.058824201363976, 168.4940928803317, 200.72354791069395, 118.22307717891448, 60.57225444432389, 39.19731665155785, 70.72654172812511, 323.1107220046099, 12.975755536583808, 8.18734555712734, 604.0510856481599, 80.76743841770636, 77.04059195562039, 32.20930415949668, 329.5964496491894, 46.60927316075602, 228.96825356184885, 165.77772089621192, 174.46514541067785, 21.285334300582175, 105.7618918143527, 370.57817610971216, 17.83627726417859, 203.95288796420695, 36.77652976275049, 356.44193289041857, 65.3573631990837, 14.230778234153993, 207.86712780765396, 338.1401294665736, 770.991081620695, 303.6947516651206, 14.940502674775145, 404.3361298330084, 60.0639545624215, 10.534002036504239, 139.19847446915514, 480.6654988695345, 132.42610817445086, 200.08953738924657, 8.694434445189149, 56.60926813971665, 13.719500773179433, 135.85953393990025, 411.79619281803826, 9.845669044776093, 80.80973364494696]]"
2,"[[(0, 47), (15, 31), (22, 20), (24, 46), (24, 49), (37, 31), (47, 6), (47, 9), (1, 14), (1, 41), (1, 49), (20, 11), (20, 13), (20, 43), (2, 31), (29, 4), (29, 18), (29, 33), (30, 7), (35, 2), (35, 33), (35, 36), (39, 4), (39, 12), (39, 30), (39, 47), (6, 38), (21, 16), (42, 25), (42, 34), (5, 35), (9, 22), (13, 24), (13, 32), (13, 40), (23, 9), (26, 15), (28, 12), (38, 29), (40, 47), (43, 30), (45, 13), (45, 16), (45, 24), (10, 9), (10, 47), (18, 14), (18, 38), (27, 17), (8, 47), (19, 34), (34, 46), (12, 15), (11, 6), (11, 15), (11, 31), (25, 1), (36, 32), (36, 45)]]","[[95.38138713577528, 10.901001003632123, 31.39235024221977, 7.369790255351807, 236.09228362642537, 118.69442959252979, 568.2956469135593, 635.4664198131518, 153.92704053959488, 1207.6179846574623, 911.0002786055737, 37.832812732144625, 107.14170420882292, 224.23069567694716, 340.0451863406186, 191.2289129096682, 125.98829614659715, 37.374094129863145, 70.30634974297004, 994.5308667466086, 14.50506726163342, 0.34436791812660683, 1034.7108893112418, 89.41307363068488, 43.80768409752842, 55.661224922173766, 298.435535080231, 4.459033023543495, 213.8707543582509, 128.3182369996758, 674.2068489125016, 16.58386380381761, 104.49349292223668, 360.5571419545106, 13.891964490734116, 215.2502362864511, 82.81975030082677, 317.93295667729274, 47.98873254696217, 15.35205230111517, 150.38154340316703, 395.86587650662807, 715.194091888119, 314.5777221443421, 20.27237358922865, 383.07265181601514, 59.24299305897402, 11.076141359190412, 74.57423683429609, 506.9590201225096, 244.65472484926485, 167.46650747697942, 6.973948366819441, 46.16166270119932, 14.648218279831113, 197.4054441350841, 281.867541647243, 15.447613623908225, 69.21405172858171]]"
3,"[[(0, 47), (15, 31), (22, 20), (24, 46), (24, 49), (37, 31), (47, 6), (47, 9), (1, 14), (1, 41), (1, 49), (20, 11), (20, 13), (20, 43), (2, 31), (29, 4), (29, 18), (29, 33), (30, 7), (35, 2), (35, 33), (35, 36), (39, 4), (39, 12), (39, 30), (39, 47), (6, 38), (21, 16), (42, 25), (42, 34), (5, 35), (9, 22), (13, 24), (13, 32), (13, 40), (23, 9), (26, 15), (28, 12), (38, 29), (40, 47), (43, 30), (45, 13), (45, 16), (45, 24), (10, 9), (10, 47), (18, 14), (18, 38), (27, 17), (8, 47), (19, 34), (34, 46), (12, 15), (11, 6), (11, 15), (11, 31), (25, 1), (36, 32), (36, 45)]]","[[125.40400541626728, 9.089728647020223, 8.914340776017076, 8.531967182438947, 255.88417298836214, 78.12598853913556, 205.41481181745596, 249.5136931818266, 107.35151907442001, 108.27138687081447, 868.5312411238716, 58.12886492115248, 103.77113093413669, 207.88173583797447, 154.69220325400667, 79.20717382840311, 109.20725653519365, 29.341829069570114, 70.95876825011489, 767.7751094623163, 13.301518887119334, 5.992580437548406, 1044.6402164830843, 79.24416184683092, 93.07349690925216, 54.28850146838735, 388.11415318002577, 49.42795120922694, 257.55293503959314, 152.83576011727348, 737.0939220750872, 24.71827279317746, 105.0380558840768, 370.2154679570194, 15.06086207322075, 206.54493238927972, 63.50971434026626, 271.37984966027847, 48.835208522443324, 28.810165007132323, 235.4786526365221, 280.7571362283131, 830.4973667893868, 289.3131968279107, 9.381386527348013, 407.8840967140453, 59.42164839363359, 10.617905905001205, 122.22831785713785, 639.5819308236541, 156.83083785891742, 67.53985696131205, 7.2394610625829365, 38.023578534648365, 13.506347302203919, 167.73887161669663, 173.9648575000922, 11.328546314397785, 112.66945632784922]]"
4,"[[(0, 47), (15, 31), (22, 20), (24, 46), (24, 49), (37, 31), (47, 6), (47, 9), (1, 14), (1, 41), (1, 49), (20, 11), (20, 13), (20, 43), (2, 31), (29, 4), (29, 18), (29, 33), (30, 7), (35, 2), (35, 33), (35, 36), (39, 4), (39, 12), (39, 30), (39, 47), (6, 38), (21, 16), (42, 25), (42, 34), (5, 35), (9, 22), (13, 24), (13, 32), (13, 40), (23, 9), (26, 15), (28, 12), (38, 29), (40, 47), (43, 30), (45, 13), (45, 16), (45, 24), (10, 9), (10, 47), (18, 14), (18, 38), (27, 17), (8, 47), (19, 34), (34, 46), (12, 15), (11, 6), (11, 15), (11, 31), (25, 1), (36, 32), (36, 45)]]","[[83.16964492095164, 14.957467925130047, 25.16309450150036, 12.684590159831593, 389.5178794886, 95.49603018848157, 130.33587701655603, 364.4372719706985, 154.9919588735264, 619.5077576499017, 910.0569824545705, 93.2473287284763, 71.28546978576581, 142.9904301415775, 89.19294306409923, 72.72915466979705, 88.38450399746365, 35.58905661223491, 71.96345720956046, 112.2390832315877, 7.711227484412959, 0.4115615736638034, 351.9715422642016, 92.25888617667376, 64.29494870485411, 34.119258199740116, 361.2748071006836, 38.18683198203319, 205.68264720593893, 138.33179443157255, 802.5133727450849, 49.351308552213354, 104.88346457980407, 367.5863305085666, 17.424319724717066, 231.32991548649866, 56.14206682170062, 332.9520493342941, 69.40107958575692, 25.632527804124457, 246.79029798068404, 298.7277529065603, 516.285067286225, 321.13296766517243, 17.31855027987062, 406.97114206840706, 59.24003904704524, 9.398661897486473, 75.06684829475458, 373.1421026404687, 160.76127290498343, 60.107019048395955, 6.351846220954704, 31.47280732601588, 13.942749716679208, 179.32523143100667, 247.72147118487993, 9.804887486452039, 109.11311819178512]]"
5,"[[(0, 47), (15, 31), (22, 20), (24, 46), (24, 49), (37, 31), (47, 6), (47, 9), (1, 14), (1, 41), (1, 49), (20, 11), (20, 13), (20, 43), (2, 31), (29, 4), (29, 18), (29, 33), (30, 7), (35, 2), (35, 33), (35, 36), (39, 4), (39, 12), (39, 30), (39, 47), (6, 38), (21, 16), (42, 25), (42, 34), (5, 35), (9, 22), (13, 24), (13, 32), (13, 40), (23, 9), (26, 15), (28, 12), (38, 29), (40, 47), (43, 30), (45, 13), (45, 16), (45, 24), (10, 9), (10, 47), (18, 14), (18, 38), (27, 17), (8, 47), (19, 34), (34, 46), (12, 15), (11, 6), (11, 15), (11, 31), (25, 1), (36, 32), (36, 45)]]","[[183.29227365976524, 11.517589116933301, 18.48626220932764, 7.126888093688292, 339.5922581822284, 57.363417218552286, 165.62209960872923, 785.3714449797892, 162.60370170692352, 455.5837673732426, 860.696427163482, 136.92776542673326, 100.43523819011767, 94.51096611075145, 198.98040304787722, 141.6912941618795, 130.93121426972561, 31.83625523696492, 71.90275399742907, 485.67090021806644, 6.863501630000709, 4.064022294380055, 207.33946740697186, 86.77899193714148, 76.17454070516496, 50.25636679119064, 355.24895262321115, 1.1943513650525086, 296.6077038394407, 159.66348494068114, 399.82647881248187, 34.93425868631161, 105.00578838381071, 369.18591764842944, 17.51578689019618, 257.9965750553767, 57.516098085036774, 261.06222991647047, 45.54231861397099, 23.51452028158787, 221.78743084848304, 352.0660975722718, 683.546764972741, 326.48933880142926, 18.310388045006096, 400.1367722375256, 60.28462876960876, 10.99011953289151, 115.03215028317305, 784.8858113880466, 118.75772101076062, 80.4478478944928, 6.756930387596456, 30.544412397691644, 14.986902458816884, 115.4978866926725, 280.40232677039927, 8.642117454966579, 90.19630537490013]]"
6,"[[(0, 47), (15, 31), (22, 20), (24, 46), (24, 49), (37, 31), (47, 6), (47, 9), (1, 14), (1, 41), (1, 49), (20, 11), (20, 13), (20, 43), (2, 31), (29, 4), (29, 18), (29, 33), (30, 7), (35, 2), (35, 33), (35, 36), (39, 4), (39, 12), (39, 30), (39, 47), (6, 38), (21, 16), (42, 25), (42, 34), (5, 35), (9, 22), (13, 24), (13, 32), (13, 40), (23, 9), (26, 15), (28, 12), (38, 29), (40, 47), (43, 30), (45, 13), (45, 16), (45, 24), (10, 9), (10, 47), (18, 14), (18, 38), (27, 17), (8, 47), (19, 34), (34, 46), (12, 15), (11, 6), (11, 15), (11, 31), (25, 1), (36, 32), (36, 45)]]","[[186.12233100024798, 10.995787979087838, 28.60072688709186, 6.041292424707146, 113.81949769126898, 41.62759514914585, 331.07466351892725, 440.5063130101653, 103.19530015035748, 476.19025347898315, 923.1218891774644, 125.8119130487429, 92.01640841761551, 244.13601140176763, 48.19792971414745, 61.42893093172827, 196.92409475217616, 56.154324194344184, 70.23606083684732, 986.72814882472, 16.781956552225672, 8.642321612302181, 639.3690162155774, 76.57824861657863, 41.50239767864423, 31.42009181627594, 434.3478339143535, 30.668385351213406, 318.8320876438042, 168.32808413782953, 320.9835806869987, 28.592484662106983, 105.52569711940228, 371.5973526467188, 17.027654138456363, 216.72851482827835, 64.86122213158697, 216.6278751305961, 59.14398616172698, 29.31507900717814, 198.73796267178273, 363.5725506201468, 458.543852444844, 313.84270511610055, 29.55432658695452, 412.20414516065114, 61.7729978387242, 9.628879841614697, 64.36271187294984, 530.5280683272542, 155.1118043390222, 170.56741263101037, 8.360058743907924, 60.334292849742866, 14.198894935936046, 95.6203734105986, 157.38168027889066, 9.913624684854032, 97.78467701469273]]"
7,"[[(0, 47), (15, 31), (22, 20), (24, 46), (24, 49), (37, 31), (47, 6), (47, 9), (1, 14), (1, 41), (1, 49), (20, 11), (20, 13), (20, 43), (2, 31), (29, 4), (29, 18), (29, 33), (30, 7), (35, 2), (35, 33), (35, 36), (39, 4), (39, 12), (39, 30), (39, 47), (6, 38), (21, 16), (42, 25), (42, 34), (5, 35), (9, 22), (13, 24), (13, 32), (13, 40), (23, 9), (26, 15), (28, 12), (38, 29), (40, 47), (43, 30), (45, 13), (45, 16), (45, 24), (10, 9), (10, 47), (18, 14), (18, 38), (27, 17), (8, 47), (19, 34), (34, 46), (12, 15), (11, 6), (11, 15), (11, 31), (25, 1), (36, 32), (36, 45)]]","[[116.48177000147233, 13.048017965986366, 4.899994116163548, 9.3129041366724, 151.06093229852365, 108.97002883204581, 524.6923935181717, 706.9170125965752, 128.28608654106387, 507.4912762990654, 907.0233169842346, 144.60330087809825, 51.292290642747346, 178.66610071328898, 96.88641797806093, 92.35485401810138, 124.87731490818638, 6.439788743960097, 71.14375743882904, 588.0078037470834, 9.490083400046975, 6.758061049580246, 1049.8419245838763, 95.6902207956528, 54.90463592115728, 30.20639005962652, 308.3590611329356, 4.258970249367332, 213.72664203438907, 153.0351273521709, 559.747502976672, 46.32111537899834, 105.33462911190689, 368.315538488221, 15.174630273596579, 219.55705656834456, 60.2100532337768, 245.29434953927847, 61.03551134743096, 11.806138770731739, 203.22756464417137, 287.05459795403357, 738.4490450572491, 318.58893826039207, 27.36806364190826, 418.0880366987927, 63.36812330628836, 11.00952316749637, 106.91435832005092, 595.2533746490665, 202.00177590968815, 217.35571056867477, 7.236336985052193, 44.92702512596584, 14.295644845510346, 141.99335878571065, 239.39269960958146, 12.66390571587361, 86.22896679097921]]"
8,"[[(0, 47), (15, 31), (22, 20), (24, 46), (24, 49), (37, 31), (47, 6), (47, 9), (1, 14), (1, 41), (1, 49), (20, 11), (20, 13), (20, 43), (2, 31), (29, 4), (29, 18), (29, 33), (30, 7), (35, 2), (35, 33), (35, 36), (39, 4), (39, 12), (39, 30), (39, 47), (6, 38), (21, 16), (42, 25), (42, 34), (5, 35), (9, 22), (13, 24), (13, 32), (13, 40), (23, 9), (26, 15), (28, 12), (38, 29), (40, 47), (43, 30), (45, 13), (45, 16), (45, 24), (10, 9), (10, 47), (18, 14), (18, 38), (27, 17), (8, 47), (19, 34), (34, 46), (12, 15), (11, 6), (11, 15), (11, 31), (25, 1), (36, 32), (36, 45)]]","[[71.19249607621367, 14.608534384875245, 3.6001215560035686, 15.921906441075171, 265.6752908403321, 96.96149864353082, 180.28844367465354, 312.2953518153556, 130.53211616843745, 104.52173982023982, 890.6133238427226, 47.325330364833526, 63.09775475048765, 108.96397085745029, 61.80071379986085, 65.68065928189834, 98.73387904948194, 55.361910418158516, 71.917071999592, 336.5664102678478, 16.225739434436953, 3.125620072921158, 413.9698584991813, 88.65124335543864, 36.84235300360084, 33.36781945616957, 384.2983707157324, 49.968091841660346, 210.21995666039751, 122.72847205627752, 681.3809740613892, 38.817927073427306, 103.56540491798734, 364.48110050060836, 12.195390772302588, 221.70681074535077, 59.34067421806302, 318.303089816159, 42.77938101723766, 12.687898900504496, 253.08720889952713, 278.3544358957583, 850.3894360158461, 319.9849035537024, 38.85507726692711, 406.632636733016, 63.858321290507504, 10.927244559799222, 158.49581377134334, 698.1037684591591, 200.5139862032872, 152.1823632398971, 11.474982133962259, 68.04371087076568, 14.871412289042672, 197.24238966925637, 421.6796807704204, 9.377082451266975, 114.73625901744379]]"
9,"[[(0, 47), (15, 31), (22, 20), (24, 46), (24, 49), (37, 31), (47, 6), (47, 9), (1, 14), (1, 41), (1, 49), (20, 11), (20, 13), (20, 43), (2, 31), (29, 4), (29, 18), (29, 33), (30, 7), (35, 2), (35, 33), (35, 36), (39, 4), (39, 12), (39, 30), (39, 47), (6, 38), (21, 16), (42, 25), (42, 34), (5, 35), (9, 22), (13, 24), (13, 32), (13, 40), (23, 9), (26, 15), (28, 12), (38, 29), (40, 47), (43, 30), (45, 13), (45, 16), (45, 24), (10, 9), (10, 47), (18, 14), (18, 38), (27, 17), (8, 47), (19, 34), (34, 46), (12, 15), (11, 6), (11, 15), (11, 31), (25, 1), (36, 32), (36, 45)]]","[[51.124271400177285, 9.502910666664649, 15.253651920555772, 9.796015690491888, 363.41989045848834, 128.14590328620613, 123.98207588018668, 473.9496505696554, 143.75965422852676, 694.8647875206071, 940.322190427046, 42.97804664228643, 57.52795730162846, 92.26420202812659, 214.35015534229504, 57.05386108296438, 121.98422833472402, 26.17191476581388, 70.04645904401104, 566.3722929215435, 9.856054203054606, 4.0630394127790925, 293.8611143544123, 82.08894601974507, 84.20887650027498, 47.337547408847726, 396.899007953255, 13.480272389827457, 297.3580022839978, 159.2181241048266, 176.2554974936757, 1.3385255570783714, 103.61508011714531, 371.1967700708674, 12.921302116066954, 244.86238221077534, 53.699411356406486, 263.9939243639061, 70.80243448250542, 29.48498025218489, 164.76109352556492, 370.82015134987944, 531.100107650361, 298.9876395805383, 29.692428285247384, 398.7613555881959, 62.23069468927837, 10.4210281145973, 78.19534544925713, 584.8186973244113, 83.90135806086215, 106.38390324298081, 11.449016189924006, 58.200560021462884, 14.137389952729647, 182.3472624100567, 240.6112243704339, 8.114171149383232, 119.64282153235128]]"
10,"[[(0, 47), (15, 31), (22, 20), (24, 46), (24, 49), (37, 31), (47, 6), (47, 9), (1, 14), (1, 41), (1, 49), (20, 11), (20, 13), (20, 43), (2, 31), (29, 4), (29, 18), (29, 33), (30, 7), (35, 2), (35, 33), (35, 36), (39, 4), (39, 12), (39, 30), (39, 47), (6, 38), (21, 16), (42, 25), (42, 34), (5, 35), (9, 22), (13, 24), (13, 32), (13, 40), (23, 9), (26, 15), (28, 12), (38, 29), (40, 47), (43, 30), (45, 13), (45, 16), (45, 24), (10, 9), (10, 47), (18, 14), (18, 38), (27, 17), (8, 47), (19, 34), (34, 46), (12, 15), (11, 6), (11, 15), (11, 31), (25, 1), (36, 32), (36, 45)]]","[[166.37939735147935, 13.741803814887444, 8.516120883770263, 7.299559272059005, 415.2205692445745, 123.11636699473526, 505.7964806813308, 826.2737598364714, 171.37896242516297, 106.87999142748606, 945.9827524231239, 53.773856028730805, 84.79777149073684, 239.2658688742206, 14.185361467038774, 84.356382137673, 249.18329679043535, 19.26480786500962, 70.52285124045179, 490.43128216394894, 16.43785023445291, 3.291018105642276, 531.4160025146193, 79.99848041788515, 89.33636301140135, 34.4888826358677, 440.4775948717315, 34.75859786464275, 248.30615045393333, 164.7629331034792, 731.3779253499406, 45.55417203916479, 103.98020828671142, 372.6847378384838, 18.67652600203222, 213.48280597052613, 55.613162710756015, 214.43463416208408, 57.240729065232294, 16.598893250806434, 170.89597705473346, 369.7733807301739, 743.0035321870008, 291.43520722710997, 12.301515712220507, 387.8786851623462, 61.43104175639859, 11.524803536826372, 133.34514716570067, 363.5327295915714, 266.30364897365894, 52.71827102353375, 10.780213403124936, 33.894320830319735, 13.512221407339174, 162.08450024720645, 383.86347106728647, 15.949574017361297, 108.67949393987276]]"
11,"[[(0, 47), (15, 31), (22, 20), (24, 46), (24, 49), (37, 31), (47, 6), (47, 9), (1, 14), (1, 41), (1, 49), (20, 11), (20, 13), (20, 43), (2, 31), (29, 4), (29, 18), (29, 33), (30, 7), (35, 2), (35, 33), (35, 36), (39, 4), (39, 12), (39, 30), (39, 47), (6, 38), (21, 16), (42, 25), (42, 34), (5, 35), (9, 22), (13, 24), (13, 32), (13, 40), (23, 9), (26, 15), (28, 12), (38, 29), (40, 47), (43, 30), (45, 13), (45, 16), (45, 24), (10, 9), (10, 47), (18, 14), (18, 38), (27, 17), (8, 47), (19, 34), (34, 46), (12, 15), (11, 6), (11, 15), (11, 31), (25, 1), (36, 32), (36, 45)]]","[[145.91077078414932, 11.900556391476718, 3.9867778354899266, 8.10990267864867, 413.9023290096541, 96.62711987351513, 183.29047413799253, 318.49119754220766, 126.00157045021662, 1160.598724706086, 933.1391498943849, 57.60782676102302, 50.169349174215434, 196.95678407238762, 138.35262599096916, 95.63650852744473, 160.16832741622363, 14.585463772144621, 71.56131337312662, 1017.7259316105042, 7.057021712889272, 0.10732992204538716, 180.06731618594995, 85.3611393633014, 94.29984990739206, 33.800084108742624, 433.6353222964094, 47.33472893689037, 250.60699370534843, 166.80843761146974, 223.29232800327517, 31.66307269852311, 104.46099435269758, 371.8713076348132, 15.486241048236419, 230.53855130560402, 59.6633240576532, 282.12719863819075, 43.97560868989966, 15.793606682166544, 222.0730172768533, 397.1520120654251, 470.5033915525206, 312.70534779141144, 6.2931891889611125, 417.93881162093885, 62.4347638322359, 10.784945547537317, 71.34839013917248, 166.78552098948776, 170.1329476940258, 76.24371304488962, 9.157121562205742, 48.48984812506516, 13.342269682956289, 187.87483660708057, 350.9148143508665, 13.614700800659104, 90.07705372183374]]"
12,"[[(0, 47), (15, 31), (22, 20), (24, 46), (24, 49), (37, 31), (47, 6), (47, 9), (1, 14), (1, 41), (1, 49), (20, 11), (20, 13), (20, 43), (2, 31), (29, 4), (29, 18), (29, 33), (30, 7), (35, 2), (35, 33), (35, 36), (39, 4), (39, 12), (39, 30), (39, 47), (6, 38), (21, 16), (42, 25), (42, 34), (5, 35), (9, 22), (13, 24), (13, 32), (13, 40), (23, 9), (26, 15), (28, 12), (38, 29), (40, 47), (43, 30), (45, 13), (45, 16), (45, 24), (10, 9), (10, 47), (18, 14), (18, 38), (27, 17), (8, 47), (19, 34), (34, 46), (12, 15), (11, 6), (11, 15), (11, 31), (25, 1), (36, 32), (36, 45)]]","[[112.66497037110119, 12.256043426260433, 5.86606732756043, 9.511576169458547, 419.1507354169455, 19.24345166598323, 344.380464902934, 840.2860711742992, 143.71189262440902, 586.1526261264216, 899.247253219634, 115.63887646449805, 120.05533069461124, 159.19719614040903, 208.42706248258548, 56.22980617328389, 87.29180305566314, 15.299423926988196, 70.39796535634127, 593.531775122083, 14.238374236708934, 0.8652186720796062, 1072.0425216261121, 90.83633850466892, 91.68792750358578, 27.94120820874365, 376.2039483130819, 43.77206658564406, 214.5032623135002, 159.93014724787673, 367.5571411620992, 44.14974838709317, 102.38710128903035, 363.5195461586802, 17.5106212982301, 262.2623302659009, 54.145426365771925, 232.30013110720037, 42.05595873344822, 10.533400824806389, 159.84174808799992, 307.9591494435002, 627.9427984465613, 318.9381184903765, 15.96028557711314, 394.30032085285995, 58.08549852780531, 12.984134169494924, 83.33618580833381, 741.6972773907938, 133.3302395646869, 230.13426164960657, 7.722112983459337, 51.94353140983188, 14.346576944695796, 97.37437903066598, 371.5648115027773, 15.736118379836334, 119.91320642070167]]"
13,"[[(0, 47), (15, 31), (22, 20), (24, 46), (24, 49), (37, 31), (47, 6), (47, 9), (1, 14), (1, 41), (1, 49), (20, 11), (20, 13), (20, 43), (2, 31), (29, 4), (29, 18), (29, 33), (30, 7), (35, 2), (35, 33), (35, 36), (39, 4), (39, 12), (39, 30), (39, 47), (6, 38), (21, 16), (42, 25), (42, 34), (5, 35), (9, 22), (13, 24), (13, 32), (13, 40), (23, 9), (26, 15), (28, 12), (38, 29), (40, 47), (43, 30), (45, 13), (45, 16), (45, 24), (10, 9), (10, 47), (18, 14), (18, 38), (27, 17), (8, 47), (19, 34), (34, 46), (12, 15), (11, 6), (11, 15), (11, 31), (25, 1), (36, 32), (36, 45)]]","[[145.63799538313583, 10.388914658147637, 10.172442568772896, 15.047935688715844, 186.51604896824426, 58.14850522862509, 255.0272443079573, 798.2895901151669, 131.3222012005869, 908.3136263274562, 863.784541232501, 103.51140525152914, 83.05642709452047, 128.83789691438457, 157.29692190296458, 83.83005864237339, 282.6299935085915, 7.957416366878518, 70.59383057247634, 765.680317042046, 15.059812255821399, 7.175834546945877, 1145.8405428619153, 89.84599632450254, 92.80971303286351, 57.571219903110396, 333.59902496449934, 23.912131515757416, 258.95036216345846, 122.39838472468139, 142.86746571989812, 34.94758336598428, 104.62317088349387, 360.6792253645006, 17.073497093755194, 201.9857451867253, 69.86724577913847, 294.4868623521906, 40.412692430367976, 10.155678039147954, 133.65121175481522, 380.8295384248263, 406.5282785284491, 325.61750933050473, 38.9329960311244, 403.7984224657909, 63.24398892642641, 12.224047998164922, 86.03542120910589, 306.6810532346353, 114.0368587111194, 48.711690252530026, 7.8718089497226655, 35.62745297718318, 14.043840134185192, 78.53178699499182, 409.45597236529613, 10.98054671142004, 77.36603191681439]]"
14,"[[(0, 47), (15, 31), (22, 20), (24, 46), (24, 49), (37, 31), (47, 6), (47, 9), (1, 14), (1, 41), (1, 49), (20, 11), (20, 13), (20, 43), (2, 31), (29, 4), (29, 18), (29, 33), (30, 7), (35, 2), (35, 33), (35, 36), (39, 4), (39, 12), (39, 30), (39, 47), (6, 38), (21, 16), (42, 25), (42, 34), (5, 35), (9, 22), (13, 24), (13, 32), (13, 40), (23, 9), (26, 15), (28, 12), (38, 29), (40, 47), (43, 30), (45, 13), (45, 16), (45, 24), (10, 9), (10, 47), (18, 14), (18, 38), (27, 17), (8, 47), (19, 34), (34, 46), (12, 15), (11, 6), (11, 15), (11, 31), (25, 1), (36, 32), (36, 45)]]","[[186.3735440778289, 9.520941905063099, 15.21460132315393, 9.897158328176982, 440.04295616170936, 34.6915726365481, 407.2537389105316, 380.4562478227716, 138.1244764953699, 353.2939992990475, 883.4184673550704, 79.53615191134074, 98.71816512797037, 11.552619394752007, 420.9365017045579, 149.4986023960288, 173.01421859292986, 17.068695815958936, 70.2993648802312, 394.25672925030415, 11.981808464620876, 8.98311627321906, 601.221976944789, 94.0060349590399, 55.75609387383314, 57.758501217021745, 454.57680026772584, 16.011442882484403, 250.67038162318516, 120.87100460703384, 287.51481657743636, 53.425264541370396, 103.62091877201767, 362.74490039652113, 9.113725586885428, 202.39123385877778, 76.39484896211641, 324.64649130239076, 40.546536203423365, 28.0805023033211, 179.82055538542363, 336.7452080052691, 802.0534679345742, 302.6783259176531, 11.950574784343209, 410.1340469165214, 61.7227724293263, 10.602351122438474, 63.51374942142806, 716.9361784923287, 131.6744009618248, 184.6168707826799, 8.819228887740431, 29.42561776102307, 13.675924691441969, 200.34625054874724, 232.6153349357137, 9.084800841236373, 114.06930712104133]]"
15,"[[(0, 47), (15, 31), (22, 20), (24, 46), (24, 49), (37, 31), (47, 6), (47, 9), (1, 14), (1, 41), (1, 49), (20, 11), (20, 13), (20, 43), (2, 31), (29, 4), (29, 18), (29, 33), (30, 7), (35, 2), (35, 33), (35, 36), (39, 4), (39, 12), (39, 30), (39, 47), (6, 38), (21, 16), (42, 25), (42, 34), (5, 35), (9, 22), (13, 24), (13, 32), (13, 40), (23, 9), (26, 15), (28, 12), (38, 29), (40, 47), (43, 30), (45, 13), (45, 16), (45, 24), (10, 9), (10, 47), (18, 14), (18, 38), (27, 17), (8, 47), (19, 34), (34, 46), (12, 15), (11, 6), (11, 15), (11, 31), (25, 1), (36, 32), (36, 45)]]","[[74.25665702530559, 12.741387545414568, 33.037276449694374, 7.1568560317269, 237.93744584799697, 53.009560069989625, 523.4641036055052, 820.9473525121116, 155.8786257061407, 879.3483095151098, 873.8061109667782, 101.90806850008205, 66.53425507957937, 169.8950248802097, 123.0926415352733, 87.90541848641956, 138.0884005472576, 59.88918115252917, 71.88687949558549, 214.88867968502908, 15.64081045767463, 7.175718702883174, 947.7872038830881, 84.45525287326849, 88.32370808854267, 31.126238203687674, 451.4435649701859, 18.28493043298395, 323.9482888567011, 157.0461194731105, 279.0740094813144, 21.0076970475137, 104.51393535424158, 371.20125110818424, 15.265850088694393, 248.835033604293, 38.02301496743806, 369.70188900996186, 43.43859605120434, 21.41616765314739, 269.22338795795986, 334.9342054576657, 399.5525073626958, 300.05567431048775, 13.6750878317679, 396.50690013176524, 60.73066125945086, 12.920175760411416, 137.0210948333326, 545.5364995771251, 101.77741703100023, 109.70786951746823, 6.9219356699416785, 44.822672185429965, 13.228580992998184, 135.32160434214808, 268.2101001419554, 12.393677820351828, 66.18527748800413]]"
16,"[[(0, 47), (15, 31), (22, 20), (24, 46), (24, 49), (37, 31), (47, 6), (47, 9), (1, 14), (1, 41), (1, 49), (20, 11), (20, 13), (20, 43), (2, 31), (29, 4), (29, 18), (29, 33), (30, 7), (35, 2), (35, 33), (35, 36), (39, 4), (39, 12), (39, 30), (39, 47), (6, 38), (21, 16), (42, 25), (42, 34), (5, 35), (9, 22), (13, 24), (13, 32), (13, 40), (23, 9), (26, 15), (28, 12), (38, 29), (40, 47), (43, 30), (45, 13), (45, 16), (45, 24), (10, 9), (10, 47), (18, 14), (18, 38), (27, 17), (8, 47), (19, 34), (34, 46), (12, 15), (11, 6), (11, 15), (11, 31), (25, 1), (36, 32), (36, 45)]]","[[112.8358551735298, 11.41535365648732, 6.994001733693164, 13.742578059442334, 126.26302750732974, 20.764348887828906, 493.7479040558428, 836.7113661347721, 117.23684926670448, 1329.2432302457116, 863.2285507052529, 61.786821047386724, 88.57537982456637, 143.33294420916823, 392.4894851783448, 206.92283507452953, 80.4060892850355, 38.13418213878704, 70.35071372142141, 190.9327423780665, 13.001586397113597, 0.4665907596221819, 208.94598571171468, 84.93093028278906, 90.35819100845345, 40.617350330369405, 403.5038100348193, 21.0188944812283, 272.86723608570196, 138.19427610868593, 780.9788864609694, 32.043544052552576, 105.77316304392053, 369.11363024679486, 10.241637212771003, 212.20532247206486, 25.290173572796213, 276.8327549950088, 51.26188421529794, 26.86910534835254, 160.01519547429078, 328.393196327328, 893.1738914664704, 304.10586155947726, 18.36199464783037, 393.44453838407213, 59.09962451607556, 9.278994881444449, 81.6106490743023, 341.72233507743374, 117.25237553121373, 231.47587155983993, 8.098525694992997, 46.33348159163348, 13.272046300836895, 74.00211338788111, 401.3091778806187, 11.023266407334098, 107.85384032614179]]"
17,"[[(0, 47), (15, 31), (22, 20), (24, 46), (24, 49), (37, 31), (47, 6), (47, 9), (1, 14), (1, 41), (1, 49), (20, 11), (20, 13), (20, 43), (2, 31), (29, 4), (29, 18), (29, 33), (30, 7), (35, 2), (35, 33), (35, 36), (39, 4), (39, 12), (39, 30), (39, 47), (6, 38), (21, 16), (42, 25), (42, 34), (5, 35), (9, 22), (13, 24), (13, 32), (13, 40), (23, 9), (26, 15), (28, 12), (38, 29), (40, 47), (43, 30), (45, 13), (45, 16), (45, 24), (10, 9), (10, 47), (18, 14), (18, 38), (27, 17), (8, 47), (19, 34), (34, 46), (12, 15), (11, 6), (11, 15), (11, 31), (25, 1), (36, 32), (36, 45)]]","[[42.59563369985653, 13.158558618574029, 22.724902779808275, 13.563714031458352, 400.2610324903176, 113.17173505164897, 565.6682442726506, 351.3571640255868, 102.06977480886074, 592.0687478214581, 959.1676900244355, 117.35359487114235, 79.73902688412011, 144.86965989584576, 214.0724992355398, 128.3256180907661, 182.8313707351937, 37.04997065870363, 70.89782572416294, 450.9649526894824, 4.810637537661233, 3.1459014664552942, 846.7856729665621, 78.36125723082726, 68.65248096801412, 53.30594441150349, 337.00153679148, 37.01132716756854, 309.0171790404047, 169.80614026013387, 549.6977619094996, 29.27306536465932, 102.44997737414606, 362.37574169533025, 15.251021538087286, 239.30761459910818, 41.162344693294585, 282.0514585706253, 41.64412951857316, 20.322155764066274, 165.4897357303201, 380.1243825216369, 968.1212986456705, 326.37617474591906, 10.656566538201462, 403.0873676497078, 63.73661029594574, 12.194352854811777, 93.04498594608954, 677.6366721005799, 147.60081053560577, 103.38340605518547, 7.563680992658621, 76.70646377414204, 13.344043262201618, 110.04883644053805, 242.49752547807864, 8.16725731135163, 103.16114130561968]]"
18,"[[(0, 47), (15, 31), (22, 20), (24, 46), (24, 49), (37, 31), (47, 6), (47, 9), (1, 14), (1, 41), (1, 49), (20, 11), (20, 13), (20, 43), (2, 31), (29, 4), (29, 18), (29, 33), (30, 7), (35, 2), (35, 33), (35, 36), (39, 4), (39, 12), (39, 30), (39, 47), (6, 38), (21, 16), (42, 25), (42, 34), (5, 35), (9, 22), (13, 24), (13, 32), (13, 40), (23, 9), (26, 15), (28, 12), (38, 29), (40, 47), (43, 30), (45, 13), (45, 16), (45, 24), (10, 9), (10, 47), (18, 14), (18, 38), (27, 17), (8, 47), (19, 34), (34, 46), (12, 15), (11, 6), (11, 15), (11, 31), (25, 1), (36, 32), (36, 45)]]","[[200.10923803790584, 13.249302284496984, 16.9832573010252, 14.393352883054806, 396.8256959676795, 109.72323732520356, 465.7671446926746, 360.24897080003893, 142.05161247711231, 890.628613925549, 926.6371193603906, 148.93991880785632, 50.84268089084928, 201.83374064678, 450.40434032796117, 188.70458861035658, 122.2822011582088, 53.613670843492734, 70.69501777400177, 1035.495511682464, 13.243733940260388, 4.627516587757967, 899.4904922974689, 96.88701915785894, 74.93402573754351, 51.53294317897885, 311.41272487540925, 23.250311931279903, 316.70948747580445, 168.35448136244668, 796.0407600477093, 28.776350216395116, 105.2895148978767, 362.2127393837403, 15.89874651206645, 227.45188827960266, 87.1738312832804, 214.6700608227675, 52.88575038435999, 10.64791226448646, 154.2471985675967, 363.54418026738506, 146.097400142872, 307.80304727502346, 26.6511270718002, 398.46334872844795, 60.56237433510389, 11.8049678355551, 86.57307021437535, 693.5334283464919, 147.2484847115548, 176.44511661563226, 6.323310171418399, 75.72568498379113, 14.029543124762185, 182.13229042414787, 170.09325833897444, 8.735835173500018, 109.80838932369258]]"
19,"[[(0, 47), (15, 31), (22, 20), (24, 46), (24, 49), (37, 31), (47, 6), (47, 9), (1, 14), (1, 41), (1, 49), (20, 11), (20, 13), (20, 43), (2, 31), (29, 4), (29, 18), (29, 33), (30, 7), (35, 2), (35, 33), (35, 36), (39, 4), (39, 12), (39, 30), (39, 47), (6, 38), (21, 16), (42, 25), (42, 34), (5, 35), (9, 22), (13, 24), (13, 32), (13, 40), (23, 9), (26, 15), (28, 12), (38, 29), (40, 47), (43, 30), (45, 13), (45, 16), (45, 24), (10, 9), (10, 47), (18, 14), (18, 38), (27, 17), (8, 47), (19, 34), (34, 46), (12, 15), (11, 6), (11, 15), (11, 31), (25, 1), (36, 32), (36, 45)]]","[[22.39009266216718, 14.081313073651618, 27.354356124684575, 12.354400271671599, 251.3975097310223, 79.49035759574085, 582.0386683171635, 800.5988341984028, 171.78433735933316, 671.7654028053875, 948.5160856380646, 39.181348031697055, 87.68251745407841, 130.73407183537472, 89.93709204947474, 153.2724923905702, 55.91634719015542, 14.801076941170228, 70.2953964819664, 764.7138434170092, 18.614352016106043, 0.8915953522344422, 977.5675240035623, 86.01489822076658, 44.62403110160714, 35.17139271407431, 420.7182379966116, 39.68074577243303, 311.4545550800798, 153.8629700177899, 155.41698182716473, 52.83858400880863, 105.94891957360375, 364.32795682126306, 11.12687842303707, 257.62990357006373, 27.740415090675622, 330.6046325907986, 58.696611600523426, 22.13672773667409, 272.88266210766153, 321.97648904893873, 557.6334336594748, 323.9897592418221, 38.20584670683378, 412.0607382356535, 61.346958171227016, 9.089798088534275, 53.91961873211394, 348.32198938025, 121.29011449093255, 243.4573274832041, 9.092946914052227, 60.93785643442095, 13.327103437624581, 78.70949526935078, 161.58814173884997, 9.306659066992118, 65.82216202732515]]"
20,"[[(0, 47), (15, 31), (22, 20), (24, 46), (24, 49), (37, 31), (47, 6), (47, 9), (1, 14), (1, 41), (1, 49), (20, 11), (20, 13), (20, 43), (2, 31), (29, 4), (29, 18), (29, 33), (30, 7), (35, 2), (35, 33), (35, 36), (39, 4), (39, 12), (39, 30), (39, 47), (6, 38), (21, 16), (42, 25), (42, 34), (5, 35), (9, 22), (13, 24), (13, 32), (13, 40), (23, 9), (26, 15), (28, 12), (38, 29), (40, 47), (43, 30), (45, 13), (45, 16), (45, 24), (10, 9), (10, 47), (18, 14), (18, 38), (27, 17), (8, 47), (19, 34), (34, 46), (12, 15), (11, 6), (11, 15), (11, 31), (25, 1), (36, 32), (36, 45)]]","[[70.86509798349132, 14.273662672112184, 15.582986962840016, 11.041713053408465, 372.4290399627526, 14.610154172336433, 283.1257322990426, 771.7919876047466, 120.10480027671434, 430.7790752303662, 874.1909049781113, 132.36959017058797, 49.9593692147922, 155.08825564029328, 60.37725179466693, 199.9192406103607, 218.56426349764283, 44.45750989050875, 71.5332952670135, 231.50762951411735, 6.279361552301436, 0.15733907945174153, 1000.9868842515011, 85.41319904069546, 84.74221255457016, 39.22048445096487, 444.8132563030914, 43.370353225676475, 212.52273016779586, 142.9626578231921, 743.3916777942053, 44.30420363821643, 102.84825789491788, 369.4547018454617, 18.41061784857481, 199.39166447818917, 34.39566833591688, 221.7286935741015, 39.13561164313045, 24.784605194419033, 174.27350706897957, 387.88098742223843, 459.6520483292392, 317.96630395833824, 39.010684351495996, 398.86366173551784, 63.021804600352354, 9.275202336653653, 103.26099032229318, 691.6034105691897, 119.68829197372614, 189.1919299238279, 8.772604139897531, 70.01914466749238, 14.178340487716117, 224.34362900989976, 309.4907166854053, 8.99763383675494, 94.32318896561023]]"
21,"[[(0, 47), (15, 31), (22, 20), (24, 46), (24, 49), (37, 31), (47, 6), (47, 9), (1, 14), (1, 41), (1, 49), (20, 11), (20, 13), (20, 43), (2, 31), (29, 4), (29, 18), (29, 33), (30, 7), (35, 2), (35, 33), (35, 36), (39, 4), (39, 12), (39, 30), (39, 47), (6, 38), (21, 16), (42, 25), (42, 34), (5, 35), (9, 22), (13, 24), (13, 32), (13, 40), (23, 9), (26, 15), (28, 12), (38, 29), (40, 47), (43, 30), (45, 13), (45, 16), (45, 24), (10, 9), (10, 47), (18, 14), (18, 38), (27, 17), (8, 47), (19, 34), (34, 46), (12, 15), (11, 6), (11, 15), (11, 31), (25, 1), (36, 32), (36, 45)]]","[[142.59732138115046, 9.01854124154103, 31.487510825787968, 12.02581642006046, 250.87646887201782, 44.048077584097726, 145.72537936177417, 675.3422218915617, 128.1924510770393, 275.20952752271296, 911.6542261325493, 149.00970595574205, 73.48955145068369, 232.23765342117858, 164.77291932027603, 244.8014713403382, 233.99180515291866, 42.61334233121347, 71.56482229353368, 1012.5427634310737, 12.05136728308149, 9.578978943985692, 895.6764633430373, 91.15486964328915, 79.01052925714315, 27.526171676561777, 377.20299853211907, 8.85794836975523, 297.5876943225768, 135.1129614773466, 523.0373394373062, 11.464828862852627, 103.46610926355447, 375.8248404315451, 16.74156712832923, 225.2433411166184, 79.4250772451734, 234.22667483927694, 51.25782370610064, 18.056516648332405, 182.07866763256948, 318.81742373176803, 292.1303343016581, 299.4920121263423, 1.1588215752028441, 393.8894372170996, 59.869533415020314, 10.240793765209274, 61.03550045892302, 538.6982879943854, 250.03026307595445, 90.05840293709365, 7.121039569141789, 57.84267822804695, 14.249836909705001, 115.30277998522931, 411.60738890156233, 14.697085862893424, 102.69009665926949]]"
22,"[[(0, 47), (15, 31), (22, 20), (24, 46), (24, 49), (37, 31), (47, 6), (47, 9), (1, 14), (1, 41), (1, 49), (20, 11), (20, 13), (20, 43), (2, 31), (29, 4), (29, 18), (29, 33), (30, 7), (35, 2), (35, 33), (35, 36), (39, 4), (39, 12), (39, 30), (39, 47), (6, 38), (21, 16), (42, 25), (42, 34), (5, 35), (9, 22), (13, 24), (13, 32), (13, 40), (23, 9), (26, 15), (28, 12), (38, 29), (40, 47), (43, 30), (45, 13), (45, 16), (45, 24), (10, 9), (10, 47), (18, 14), (18, 38), (27, 17), (8, 47), (19, 34), (34, 46), (12, 15), (11, 6), (11, 15), (11, 31), (25, 1), (36, 32), (36, 45)]]","[[88.85124607752566, 14.883592418380248, 37.682472480966304, 15.905285164371659, 420.92624926756343, 88.09426194031758, 202.23726744450906, 398.45464688697064, 97.76374869465941, 651.6100550518267, 888.2076830068908, 85.25408479749439, 120.23701772181427, 121.54220392023615, 331.46705719602653, 135.8966678646517, 126.19395861135297, 48.39878220095531, 71.7818463974232, 289.2191395685203, 13.774400158914993, 6.96129072585455, 595.075625826355, 96.42795507936918, 50.07253540286585, 43.22643060974562, 335.5740487384586, 7.346226392947979, 204.887522166052, 133.41422054674254, 439.03443560997624, 25.799677031861794, 103.67024338125778, 360.59859659099106, 13.494062652851873, 200.42861305387544, 37.452852550299134, 303.2924589633537, 70.93858066698513, 27.76088717743219, 133.8344287072037, 352.1027491171667, 593.9923125222028, 300.9781232847141, 0.2117860005642802, 392.6469242858661, 58.991551677716906, 12.38765517505052, 62.18607175433011, 651.6035856777332, 84.30287746518349, 94.13745666834546, 8.459125147628676, 36.74727545274153, 14.260546752577307, 205.33295571507006, 230.19917643397613, 9.485772178404074, 103.71286812030604]]"
23,"[[(0, 47), (15, 31), (22, 20), (24, 46), (24, 49), (37, 31), (47, 6), (47, 9), (1, 14), (1, 41), (1, 49), (20, 11), (20, 13), (20, 43), (2, 31), (29, 4), (29, 18), (29, 33), (30, 7), (35, 2), (35, 33), (35, 36), (39, 4), (39, 12), (39, 30), (39, 47), (6, 38), (21, 16), (42, 25), (42, 34), (5, 35), (9, 22), (13, 24), (13, 32), (13, 40), (23, 9), (26, 15), (28, 12), (38, 29), (40, 47), (43, 30), (45, 13), (45, 16), (45, 24), (10, 9), (10, 47), (18, 14), (18, 38), (27, 17), (8, 47), (19, 34), (34, 46), (12, 15), (11, 6), (11, 15), (11, 31), (25, 1), (36, 32), (36, 45)]]","[[179.90015648790762, 11.396415485975881, 3.5214275362174567, 10.18848176630932, 442.33951629042673, 128.23774878862997, 398.4546709996411, 307.9116159219543, 106.02675050870822, 498.0172766936251, 870.6996790692734, 39.76670310316997, 78.19773966113561, 18.805570314444594, 370.8944363927215, 105.48519055080519, 205.69647568408985, 17.56346744949263, 70.71951032898812, 412.5687168935442, 13.820071339757954, 6.288902437361545, 524.5778615937231, 79.9135311700762, 50.17254957491828, 41.84741318696434, 313.37958120176165, 13.54112903450565, 224.8520043268169, 126.61659325280328, 373.32474415635005, 42.2084256630858, 104.67058952584912, 375.017651970843, 12.313811074444825, 230.43131965604653, 30.66128142447137, 291.87115950389125, 71.23922956696464, 21.13060863908809, 253.28107717933972, 339.43270252151285, 163.10326692052783, 297.1774189959775, 2.2080758828803093, 410.9564013710434, 58.10216709873972, 10.238615382236992, 107.81050948098087, 326.496392250363, 270.20965510010035, 76.62082487325796, 8.797339044976614, 67.38551939681655, 13.798581192418713, 152.80340763814752, 313.05331594458653, 11.623359726211696, 114.0998981704546]]"
24,"[[(0, 47), (15, 31), (22, 20), (24, 46), (24, 49), (37, 31), (47, 6), (47, 9), (1, 14), (1, 41), (1, 49), (20, 11), (20, 13), (20, 43), (2, 31), (29, 4), (29, 18), (29, 33), (30, 7), (35, 2), (35, 33), (35, 36), (39, 4), (39, 12), (39, 30), (39, 47), (6, 38), (21, 16), (42, 25), (42, 34), (5, 35), (9, 22), (13, 24), (13, 32), (13, 40), (23, 9), (26, 15), (28, 12), (38, 29), (40, 47), (43, 30), (45, 13), (45, 16), (45, 24), (10, 9), (10, 47), (18, 14), (18, 38), (27, 17), (8, 47), (19, 34), (34, 46), (12, 15), (11, 6), (11, 15), (11, 31), (25, 1), (36, 32), (36, 45)]]","[[82.73797547433591, 14.209684340130845, 38.69310813456009, 13.308949016505135, 437.2016425080196, 42.27258264658387, 276.51929530242205, 425.8099500169731, 113.51783869491868, 926.3574224315066, 928.4947683134187, 71.57443174694234, 80.74085346010433, 180.93406942314192, 449.36418552685353, 94.50444923379983, 283.3155813783327, 23.661973184747396, 70.38538128889064, 214.1033940982274, 18.228106065846546, 8.447154453133907, 350.90083943150296, 85.59069511395464, 85.49835946735305, 34.43026818175913, 342.19863269967357, 2.4649527886181235, 267.2283114427082, 126.0398401920445, 498.42254117869913, 6.3273177631552056, 105.30811707636185, 366.1856245924898, 8.889985889366912, 196.1082593771593, 38.72125168184309, 351.82329419936224, 69.17666925121817, 27.825685011973725, 132.05489798049922, 334.5189772613411, 131.08281373470786, 288.6151307175805, 29.145752995267948, 417.3708956680288, 59.83599798433542, 12.518749461356656, 130.66835376932312, 741.9156945327413, 129.95918908288579, 140.07672385254804, 7.88010060163111, 47.95757786146687, 13.331528409217587, 154.49681225005412, 322.21785804124147, 12.823649063817836, 103.05449738609781]]"
25,"[[(0, 47), (15, 31), (22, 20), (24, 46), (24, 49), (37, 31), (47, 6), (47, 9), (1, 14), (1, 41), (1, 49), (20, 11), (20, 13), (20, 43), (2, 31), (29, 4), (29, 18), (29, 33), (30, 7), (35, 2), (35, 33), (35, 36), (39, 4), (39, 12), (39, 30), (39, 47), (6, 38), (21, 16), (42, 25), (42, 34), (5, 35), (9, 22), (13, 24), (13, 32), (13, 40), (23, 9), (26, 15), (28, 12), (38, 29), (40, 47), (43, 30), (45, 13), (45, 16), (45, 24), (10, 9), (10, 47), (18, 14), (18, 38), (27, 17), (8, 47), (19, 34), (34, 46), (12, 15), (11, 6), (11, 15), (11, 31), (25, 1), (36, 32), (36, 45)]]","[[150.91375083744487, 13.283342853367596, 6.225689628783751, 15.437827830590262, 295.92108095912306, 48.083834353049845, 143.46322707050763, 403.8491001016286, 114.58868104369984, 467.88888503741777, 925.6428937561991, 32.898909924813275, 58.22508684274385, 190.05105836487405, 340.22108807966634, 60.23803274280731, 162.88956414949385, 10.429641044480132, 71.70600145321033, 963.8150344888368, 6.185685260957261, 4.289890083254883, 1113.389220193771, 92.73303569159079, 51.5742872893882, 30.377267085071313, 430.4297143006688, 11.350580520087005, 304.6745034809001, 163.88310364966418, 275.0531567896983, 33.42270588395888, 105.00061299765356, 365.1986038151314, 12.66219846901642, 235.01884799626237, 59.023284266545595, 279.71015375756735, 55.5998899318648, 12.370644788626677, 183.28168362775764, 342.13763825867807, 921.6310469240852, 301.5433966063461, 24.563258389958854, 388.6209656638446, 62.65076177063051, 12.601051302920645, 151.11584967688867, 199.94176145998352, 74.6106041072642, 99.57603613310562, 7.529507930168152, 28.11139589607106, 14.919259722943677, 55.97255275165869, 371.82339046854054, 13.530247913032053, 73.85912914192619]]"
26,"[[(0, 47), (15, 31), (22, 20), (24, 46), (24, 49), (37, 31), (47, 6), (47, 9), (1, 14), (1, 41), (1, 49), (20, 11), (20, 13), (20, 43), (2, 31), (29, 4), (29, 18), (29, 33), (30, 7), (35, 2), (35, 33), (35, 36), (39, 4), (39, 12), (39, 30), (39, 47), (6, 38), (21, 16), (42, 25), (42, 34), (5, 35), (9, 22), (13, 24), (13, 32), (13, 40), (23, 9), (26, 15), (28, 12), (38, 29), (40, 47), (43, 30), (45, 13), (45, 16), (45, 24), (10, 9), (10, 47), (18, 14), (18, 38), (27, 17), (8, 47), (19, 34), (34, 46), (12, 15), (11, 6), (11, 15), (11, 31), (25, 1), (36, 32), (36, 45)]]","[[66.14065642557418, 13.595364534022295, 21.989550012260693, 11.512446598580832, 307.0192748666341, 56.59248909375726, 302.25290242096935, 860.7390688483184, 104.58681286511387, 1345.0779074200318, 891.0508364982283, 84.15045139961698, 110.87280479857847, 11.012210043861549, 88.3711464726895, 240.63061036495137, 156.20159850432114, 53.61806021273293, 71.54116488603138, 155.94923068066527, 9.273065972909931, 2.500224058920656, 1163.7008604567886, 83.96616246887659, 62.191268031894786, 46.27926465533018, 429.09939183058214, 5.5494293555360885, 265.37830677639505, 169.68471224900816, 156.47051723886835, 8.987579313725195, 102.49084734686699, 366.8740211466409, 14.448605913948017, 207.8772516036536, 41.42402115345972, 224.484308983294, 58.915999208459525, 28.088082268507897, 242.53187965852027, 346.28508068826153, 1045.4458943813524, 301.3924804787474, 1.1873056987079877, 417.2903257284682, 60.671619494999184, 12.33305439169353, 76.9765880935011, 505.7873318165825, 95.00457495547928, 187.84400793533402, 8.147416736483471, 58.646614215879566, 14.73801352026845, 210.54161403843878, 180.52319451623669, 11.77265611771664, 75.60491526094519]]"
27,"[[(0, 47), (15, 31), (22, 20), (24, 46), (24, 49), (37, 31), (47, 6), (47, 9), (1, 14), (1, 41), (1, 49), (20, 11), (20, 13), (20, 43), (2, 31), (29, 4), (29, 18), (29, 33), (30, 7), (35, 2), (35, 33), (35, 36), (39, 4), (39, 12), (39, 30), (39, 47), (6, 38), (21, 16), (42, 25), (42, 34), (5, 35), (9, 22), (13, 24), (13, 32), (13, 40), (23, 9), (26, 15), (28, 12), (38, 29), (40, 47), (43, 30), (45, 13), (45, 16), (45, 24), (10, 9), (10, 47), (18, 14), (18, 38), (27, 17), (8, 47), (19, 34), (34, 46), (12, 15), (11, 6), (11, 15), (11, 31), (25, 1), (36, 32), (36, 45)]]","[[68.04256837881414, 10.019189768787585, 20.17578829977108, 11.645379749948134, 231.25128135938917, 125.53983527661157, 126.54734193685965, 494.8782703312186, 165.48297389402268, 538.4029964669495, 887.5944351437505, 121.38661417491521, 76.39504339104292, 32.75344750594864, 277.2598426302985, 86.39487880051212, 206.87044987580717, 28.615799726225127, 70.82196716567368, 651.6888992302264, 4.6473801645042965, 9.692120973120682, 882.7822336073783, 95.34083942133265, 72.45749347300992, 57.77901538084434, 311.766476317217, 13.92073945845425, 250.96415188988732, 136.34391612055595, 528.7027727735294, 5.363398763243607, 104.66442483330479, 367.78763252937165, 13.262424179272347, 246.77847235489327, 71.57967897762168, 331.0984215921189, 48.225865547933694, 18.82361273878652, 150.24788955395599, 329.2661644447571, 724.2130446145836, 288.2869343435712, 12.301578638956618, 410.30717138489, 62.29543936430599, 10.11049120827922, 129.58254135398056, 295.56216407233666, 113.2452407960431, 183.12051819875938, 7.550628000602256, 63.51788971013023, 14.038113442542572, 57.23923261722892, 391.1746173735083, 12.780245794198144, 94.05542156225948]]"
28,"[[(0, 47), (15, 31), (22, 20), (24, 46), (24, 49), (37, 31), (47, 6), (47, 9), (1, 14), (1, 41), (1, 49), (20, 11), (20, 13), (20, 43), (2, 31), (29, 4), (29, 18), (29, 33), (30, 7), (35, 2), (35, 33), (35, 36), (39, 4), (39, 12), (39, 30), (39, 47), (6, 38), (21, 16), (42, 25), (42, 34), (5, 35), (9, 22), (13, 24), (13, 32), (13, 40), (23, 9), (26, 15), (28, 12), (38, 29), (40, 47), (43, 30), (45, 13), (45, 16), (45, 24), (10, 9), (10, 47), (18, 14), (18, 38), (27, 17), (8, 47), (19, 34), (34, 46), (12, 15), (11, 6), (11, 15), (11, 31), (25, 1), (36, 32), (36, 45)]]","[[46.34291451077453, 10.232107082667886, 27.07727476299406, 11.255355917593128, 204.49500002205383, 69.89467485784108, 497.793731301837, 574.7124943341221, 122.06840256253099, 606.8704880813984, 903.1571732183478, 125.70164540151386, 85.91215212083873, 72.61614653117083, 192.85591733235816, 201.83757043047228, 83.59365113730536, 44.34958160804075, 71.14456208945961, 659.6401613740801, 13.845292237572352, 5.817987462869504, 971.6141796111508, 94.77181951134949, 75.6459084089675, 26.430586389383276, 352.4793345100745, 8.339398957855348, 246.0739566032852, 150.4186991773469, 399.6063202535963, 26.371900610658244, 103.22606781950077, 366.74509587542013, 15.245112097243723, 224.37655887337917, 23.545426105859303, 226.84614218368364, 39.60712207462851, 11.397738543397464, 234.48379431905545, 370.5198796085033, 643.4954560069865, 312.84469945806717, 31.830804700515912, 392.5031990360526, 61.917719657538, 10.981645965559647, 121.09834396984141, 731.3175612504323, 223.0728527362, 109.31725725693292, 8.910298010246883, 46.35221511282364, 14.523817594477304, 225.6951810830764, 317.2864451158995, 14.658212992327071, 91.33599570625707]]"
29,"[[(0, 47), (15, 31), (22, 20), (24, 46), (24, 49), (37, 31), (47, 6), (47, 9), (1, 14), (1, 41), (1, 49), (20, 11), (20, 13), (20, 43), (2, 31), (29, 4), (29, 18), (29, 33), (30, 7), (35, 2), (35, 33), (35, 36), (39, 4), (39, 12), (39, 30), (39, 47), (6, 38), (21, 16), (42, 25), (42, 34), (5, 35), (9, 22), (13, 24), (13, 32), (13, 40), (23, 9), (26, 15), (28, 12), (38, 29), (40, 47), (43, 30), (45, 13), (45, 16), (45, 24), (10, 9), (10, 47), (18, 14), (18, 38), (27, 17), (8, 47), (19, 34), (34, 46), (12, 15), (11, 6), (11, 15), (11, 31), (25, 1), (36, 32), (36, 45)]]","[[20.737253026788984, 11.754943616067393, 30.554330985540226, 14.469545324837823, 268.0289627222156, 77.10323856561922, 275.40151769764464, 539.3832032290145, 137.5956223589142, 809.0837026945022, 954.5740799354797, 148.74921026337614, 57.921731899506625, 62.06799370983264, 121.16143887802036, 58.33582980274486, 261.53908075423425, 48.71266572959936, 70.61501997891445, 51.551337412319775, 9.488037522156128, 8.71399779994261, 219.42145893484937, 95.48067363321414, 44.66342386978378, 54.92071837000704, 368.71331442747737, 29.311854654903556, 256.95804119635596, 120.88330045335871, 635.3321606551477, 37.92527268714725, 102.14109875984433, 361.942584156532, 14.277941295311068, 207.74542028505277, 41.11169864823609, 350.3171051580965, 52.11018152969187, 22.192745213637387, 153.78159987126566, 384.8669692518469, 98.5746422305603, 297.2544824307016, 30.4160653727399, 408.4322746907682, 63.6581442592612, 12.273766093350613, 65.28557616606047, 228.59183064198555, 244.4131409901255, 89.11120741084544, 11.540295587466247, 67.49214261588101, 14.015663595401305, 164.06043452955004, 254.63014308965938, 15.253608803088966, 109.879693076852]]"
30,"[[(0, 47), (15, 31), (22, 20), (24, 46), (24, 49), (37, 31), (47, 6), (47, 9), (1, 14), (1, 41), (1, 49), (20, 11), (20, 13), (20, 43), (2, 31), (29, 4), (29, 18), (29, 33), (30, 7), (35, 2), (35, 33), (35, 36), (39, 4), (39, 12), (39, 30), (39, 47), (6, 38), (21, 16), (42, 25), (42, 34), (5, 35), (9, 22), (13, 24), (13, 32), (13, 40), (23, 9), (26, 15), (28, 12), (38, 29), (40, 47), (43, 30), (45, 13), (45, 16), (45, 24), (10, 9), (10, 47), (18, 14), (18, 38), (27, 17), (8, 47), (19, 34), (34, 46), (12, 15), (11, 6), (11, 15), (11, 31), (25, 1), (36, 32), (36, 45)]]","[[54.90940568584663, 12.926673899181049, 19.975919408773027, 10.213759540401583, 313.10767593131885, 28.987000666627267, 390.9662821862511, 756.1722150940942, 112.6937980129061, 1172.150531354686, 930.7454237361985, 57.23798285287859, 48.0243917953614, 74.8363475162594, 388.98181893736387, 231.42409793858764, 75.66861006211496, 13.286355884704061, 70.96925368209465, 805.7300998206815, 10.449582999027074, 2.1219969099440164, 1060.295445626332, 75.54284613748243, 62.52973783013259, 37.586803553495635, 371.41921468222046, 13.543840707298282, 314.67114003220513, 118.96385821047076, 685.7803928471662, 39.7229854450764, 105.97692104770783, 372.18736700851167, 8.436437944053111, 204.24231021230815, 73.63341781022567, 276.3184592307274, 55.641496169030724, 11.04474711832278, 151.10588891802075, 270.98404232062666, 386.087884623694, 293.3905182539938, 21.403542881226056, 408.9632342460548, 58.18751680177463, 9.397204586644312, 61.525465572058785, 191.0051612815961, 188.52920267376305, 131.3653407243229, 6.5266020173735395, 79.82760384135725, 14.951831059306166, 114.36804770834225, 356.45694901524956, 8.933971892712353, 77.47760361024511]]"
31,"[[(0, 47), (15, 31), (22, 20), (24, 46), (24, 49), (37, 31), (47, 6), (47, 9), (1, 14), (1, 41), (1, 49), (20, 11), (20, 13), (20, 43), (2, 31), (29, 4), (29, 18), (29, 33), (30, 7), (35, 2), (35, 33), (35, 36), (39, 4), (39, 12), (39, 30), (39, 47), (6, 38), (21, 16), (42, 25), (42, 34), (5, 35), (9, 22), (13, 24), (13, 32), (13, 40), (23, 9), (26, 15), (28, 12), (38, 29), (40, 47), (43, 30), (45, 13), (45, 16), (45, 24), (10, 9), (10, 47), (18, 14), (18, 38), (27, 17), (8, 47), (19, 34), (34, 46), (12, 15), (11, 6), (11, 15), (11, 31), (25, 1), (36, 32), (36, 45)]]","[[60.01175747182282, 9.194917580028044, 21.08309750154716, 9.230169553405212, 227.6744867914187, 30.728096438213367, 457.21445807363676, 556.1522098621706, 149.8831267346098, 132.7503067210131, 888.2049056956466, 89.12362760387825, 85.42435713466864, 21.115680597300162, 193.99164715930556, 92.23312341535741, 210.35217619088533, 45.94961156792113, 71.19848104991586, 768.4020837440125, 13.057341976879375, 3.0305568087673906, 390.7813631043309, 80.16601920935152, 86.02814290241437, 33.97238623476011, 358.2560385741174, 32.69420520118998, 278.59521586435756, 152.28949175691494, 347.6835482791139, 19.133346365170016, 104.78226565224288, 364.47589979057466, 17.280322880907278, 211.55989841059932, 62.27916865610046, 239.71793658144512, 61.555342370725725, 22.12349910025181, 174.66353187057888, 381.39205181071804, 346.7204104184276, 313.7143095873752, 15.740788208221721, 412.8501459602829, 63.825233850283794, 10.349446460768602, 112.11397677713627, 319.7480131367181, 142.90377828266128, 169.94183109729116, 6.409143770700915, 58.329835538581534, 14.898123228154123, 54.78643676536518, 181.29468911773807, 15.40202330082324, 71.04260206679035]]"
32,"[[(0, 47), (15, 31), (22, 20), (24, 46), (24, 49), (37, 31), (47, 6), (47, 9), (1, 14), (1, 41), (1, 49), (20, 11), (20, 13), (20, 43), (2, 31), (29, 4), (29, 18), (29, 33), (30, 7), (35, 2), (35, 33), (35, 36), (39, 4), (39, 12), (39, 30), (39, 47), (6, 38), (21, 16), (42, 25), (42, 34), (5, 35), (9, 22), (13, 24), (13, 32), (13, 40), (23, 9), (26, 15), (28, 12), (38, 29), (40, 47), (43, 30), (45, 13), (45, 16), (45, 24), (10, 9), (10, 47), (18, 14), (18, 38), (27, 17), (8, 47), (19, 34), (34, 46), (12, 15), (11, 6), (11, 15), (11, 31), (25, 1), (36, 32), (36, 45)]]","[[105.89048081864368, 10.130570872435836, 14.14051310124669, 15.42315941859328, 364.7047457141313, 102.96849589028768, 169.57291200668305, 462.6208296001692, 168.38846642569195, 264.11013505393663, 863.6023154375307, 130.75595288399043, 68.32381680212922, 172.3778485626016, 280.02391890097334, 162.24088738152872, 197.83581319141433, 14.37288229788325, 70.9541572831346, 580.5846337273878, 6.88607150323651, 3.0673912064582973, 798.9522059059045, 87.07332810845841, 43.36088769117812, 39.63493597548508, 352.69409607391776, 19.35169071769008, 247.68105470879755, 142.14272809019894, 119.5933514108752, 49.07099024570069, 103.9209014635549, 375.1977174013866, 19.79715198160841, 201.52555083501304, 74.72725933440147, 213.4145239394631, 69.58018747878236, 13.959475726493602, 190.6940199940123, 321.94649760639874, 470.64554393355985, 298.3937574484953, 33.402342758828055, 402.2282425680571, 60.65828093979666, 9.892529745227243, 121.42087138567625, 318.65099125494714, 140.37582523951858, 128.26265361069213, 6.65223997871678, 77.4054525379421, 13.299352909965954, 161.1081338430957, 261.8693698110394, 14.822952578844454, 85.43953889736324]]"
33,"[[(0, 47), (15, 31), (22, 20), (24, 46), (24, 49), (37, 31), (47, 6), (47, 9), (1, 14), (1, 41), (1, 49), (20, 11), (20, 13), (20, 43), (2, 31), (29, 4), (29, 18), (29, 33), (30, 7), (35, 2), (35, 33), (35, 36), (39, 4), (39, 12), (39, 30), (39, 47), (6, 38), (21, 16), (42, 25), (42, 34), (5, 35), (9, 22), (13, 24), (13, 32), (13, 40), (23, 9), (26, 15), (28, 12), (38, 29), (40, 47), (43, 30), (45, 13), (45, 16), (45, 24), (10, 9), (10, 47), (18, 14), (18, 38), (27, 17), (8, 47), (19, 34), (34, 46), (12, 15), (11, 6), (11, 15), (11, 31), (25, 1), (36, 32), (36, 45)]]","[[170.5835390370263, 14.012025384569487, 29.896546468565038, 9.339917280916122, 439.6538118968868, 22.467696389508653, 370.76240791220494, 820.0772661023983, 141.4192950964509, 367.8743578931579, 902.6797753089375, 43.301908567500675, 97.81330241951572, 83.89012357841689, 263.4807524846183, 112.40383160379155, 295.58194167385784, 59.377895747683034, 71.79999705337761, 674.4594163528012, 14.61404209583919, 5.027024710624217, 972.7395413040826, 79.42783761169989, 51.20097537722066, 51.70330726607396, 399.52850921715185, 30.45516093595895, 236.98946530840598, 132.64645801802857, 768.2718811375241, 21.192224047398167, 103.93326308314515, 375.1554754216556, 16.00219990944255, 227.7922201493691, 63.553417145681514, 335.37421894114175, 56.35630446304323, 28.761947461264473, 265.2344776663463, 303.48582724805675, 313.68322414131273, 322.8715966082349, 1.331815304977897, 380.0758867480539, 61.5397356003708, 12.738715436088611, 130.43874094366805, 323.25928426980624, 185.36242825695211, 90.27084379457014, 10.598770126620817, 30.68124913345285, 14.312890581516823, 84.59272435146514, 215.21376964862748, 8.691154925750638, 74.22843363949112]]"
34,"[[(0, 47), (15, 31), (22, 20), (24, 46), (24, 49), (37, 31), (47, 6), (47, 9), (1, 14), (1, 41), (1, 49), (20, 11), (20, 13), (20, 43), (2, 31), (29, 4), (29, 18), (29, 33), (30, 7), (35, 2), (35, 33), (35, 36), (39, 4), (39, 12), (39, 30), (39, 47), (6, 38), (21, 16), (42, 25), (42, 34), (5, 35), (9, 22), (13, 24), (13, 32), (13, 40), (23, 9), (26, 15), (28, 12), (38, 29), (40, 47), (43, 30), (45, 13), (45, 16), (45, 24), (10, 9), (10, 47), (18, 14), (18, 38), (27, 17), (8, 47), (19, 34), (34, 46), (12, 15), (11, 6), (11, 15), (11, 31), (25, 1), (36, 32), (36, 45)]]","[[117.30813009804932, 13.6152711899948, 37.77743220530405, 8.337833004372566, 367.65799173791896, 127.93028337086587, 530.5763903384958, 730.9989238871024, 160.81834695285812, 294.0492522206014, 926.242277861555, 119.0286517619427, 84.11489128183591, 131.05337033509284, 414.54869285280176, 210.97058562103553, 200.84724023355477, 58.25072307255045, 71.40912126494183, 139.00783592749622, 10.536472367907901, 1.6489266332103647, 193.07308501603484, 85.39495171624475, 76.03921168857948, 41.95148697480792, 318.7000597986224, 45.08834591910428, 242.79610489429868, 137.24035610999232, 272.7264320705955, 17.0302588692576, 103.75512095364883, 375.5757268050782, 14.838569394466056, 250.0129923186647, 54.59628910022155, 306.1879053054857, 70.75372537311398, 14.515764892313483, 197.13538609407018, 296.2368310243312, 208.62151199039727, 286.7402040465053, 39.46921678867815, 410.4653143199143, 63.984365839581024, 10.225160116350228, 127.40602785924978, 451.8644562785418, 103.00157901879943, 163.11136295364236, 9.350490592990251, 64.41371293807805, 14.993570348925036, 177.89687313206161, 270.2406424669897, 8.997351678177905, 111.3268804939216]]"
35,"[[(0, 47), (15, 31), (22, 20), (24, 46), (24, 49), (37, 31), (47, 6), (47, 9), (1, 14), (1, 41), (1, 49), (20, 11), (20, 13), (20, 43), (2, 31), (29, 4), (29, 18), (29, 33), (30, 7), (35, 2), (35, 33), (35, 36), (39, 4), (39, 12), (39, 30), (39, 47), (6, 38), (21, 16), (42, 25), (42, 34), (5, 35), (9, 22), (13, 24), (13, 32), (13, 40), (23, 9), (26, 15), (28, 12), (38, 29), (40, 47), (43, 30), (45, 13), (45, 16), (45, 24), (10, 9), (10, 47), (18, 14), (18, 38), (27, 17), (8, 47), (19, 34), (34, 46), (12, 15), (11, 6), (11, 15), (11, 31), (25, 1), (36, 32), (36, 45)]]","[[145.230014363075, 14.49791729830093, 10.151751967117459, 11.679494696735013, 384.0791889550685, 126.1012223870078, 432.8923508578559, 822.9781403659945, 112.44290682730943, 1055.1678360769968, 964.1967195136242, 68.33905870067512, 99.37023755901873, 154.6587236511013, 379.4672709557357, 247.27197847529982, 253.2962012766366, 49.997573460305205, 71.19789315925993, 459.4878808798566, 8.504867428869805, 2.7677846407466755, 586.7009784903291, 82.46095200686324, 64.824943866066, 52.14190455950627, 404.6980759082766, 18.76101397844198, 306.4393292568849, 162.6827636789722, 313.0210799278596, 13.157155050685983, 102.52735816737027, 375.56148175154874, 13.52972057023575, 218.91702291958845, 52.0371113650764, 275.687741675497, 69.47996734993905, 13.148768937951356, 164.2555452069672, 300.05836002239806, 350.75212785420854, 299.93739223900656, 24.018645021766424, 386.8924841333034, 63.40613453856605, 11.77323290585879, 125.11226414678524, 403.65481079379674, 166.9958208890757, 101.63576183252364, 10.599091755020702, 79.52172281710068, 14.109203246161238, 79.42127036867511, 173.1483340830676, 11.193916475676845, 75.22581347889624]]"
36,"[[(0, 47), (15, 31), (22, 20), (24, 46), (24, 49), (37, 31), (47, 6), (47, 9), (1, 14), (1, 41), (1, 49), (20, 11), (20, 13), (20, 43), (2, 31), (29, 4), (29, 18), (29, 33), (30, 7), (35, 2), (35, 33), (35, 36), (39, 4), (39, 12), (39, 30), (39, 47), (6, 38), (21, 16), (42, 25), (42, 34), (5, 35), (9, 22), (13, 24), (13, 32), (13, 40), (23, 9), (26, 15), (28, 12), (38, 29), (40, 47), (43, 30), (45, 13), (45, 16), (45, 24), (10, 9), (10, 47), (18, 14), (18, 38), (27, 17), (8, 47), (19, 34), (34, 46), (12, 15), (11, 6), (11, 15), (11, 31), (25, 1), (36, 32), (36, 45)]]","[[124.13385260781617, 11.76078549100492, 18.452622629288363, 8.739892312177936, 168.56723115884836, 75.30282897972515, 473.75752311603884, 531.3815837707095, 164.33481510378732, 105.35642383029767, 866.8602476193792, 49.080024449432436, 121.87778406874398, 154.9076470507073, 211.0355797495727, 169.7731466509291, 213.16631851340532, 34.222586338904456, 71.42128176406571, 725.5782233937874, 12.68357026192701, 0.801893847755607, 323.3565228148069, 80.03819045550965, 45.7526545842302, 41.83280479959452, 389.7183305427264, 2.764770274373262, 229.6223743607022, 158.36756779387412, 218.4898115572103, 52.39340375833779, 104.37698925643284, 364.68635825435854, 14.066140422361812, 258.1860536748971, 25.290408331833387, 281.47515231717705, 52.96502834292148, 20.21006979846886, 147.21855807336496, 377.440377793187, 97.90972480137468, 321.0152805984807, 26.296379993858924, 419.4553216699859, 59.21624133236823, 10.753753151336122, 156.0258652930081, 399.6870204378231, 115.92784813380061, 173.5549571212487, 6.0807340864288495, 41.174549243482446, 14.155804583937005, 165.1594220383813, 284.27464644052435, 10.655616093673768, 96.76666666983063]]"
37,"[[(0, 47), (15, 31), (22, 20), (24, 46), (24, 49), (37, 31), (47, 6), (47, 9), (1, 14), (1, 41), (1, 49), (20, 11), (20, 13), (20, 43), (2, 31), (29, 4), (29, 18), (29, 33), (30, 7), (35, 2), (35, 33), (35, 36), (39, 4), (39, 12), (39, 30), (39, 47), (6, 38), (21, 16), (42, 25), (42, 34), (5, 35), (9, 22), (13, 24), (13, 32), (13, 40), (23, 9), (26, 15), (28, 12), (38, 29), (40, 47), (43, 30), (45, 13), (45, 16), (45, 24), (10, 9), (10, 47), (18, 14), (18, 38), (27, 17), (8, 47), (19, 34), (34, 46), (12, 15), (11, 6), (11, 15), (11, 31), (25, 1), (36, 32), (36, 45)]]","[[92.10944362009553, 11.123233861209378, 6.806865364199856, 14.872241072646842, 386.4203223483764, 102.52107728466498, 491.5066171988882, 517.2184766513806, 153.32175489710903, 259.1062749623803, 930.3582003550721, 93.45068577370651, 96.59741276164051, 157.37250256381608, 313.8378666937146, 240.47239444116394, 277.9317559935128, 18.5284267098669, 70.95485433935858, 967.96974416073, 4.236066387108917, 5.38076627716486, 1157.396093364674, 80.02308790240986, 82.56780121577938, 27.641093859449164, 368.8375655593193, 13.246265220386682, 300.20471650649205, 163.80839156914178, 694.9989934588339, 36.88922655203318, 102.52063058321326, 362.90376337086815, 8.105043501351314, 248.93054514497868, 82.86962758633436, 278.9375621978736, 44.37621617108381, 24.496682818794362, 150.2477602693148, 357.9022414283249, 801.3643666256351, 296.22520344773375, 0.33491921561172866, 393.23159940518025, 58.97552297485385, 10.631554159016794, 84.12820537656893, 605.3230075337972, 95.05967358356152, 102.07125373120039, 11.40503501924797, 59.02307831627563, 14.652640652750838, 75.88776232467167, 387.94593940712423, 13.9521339188008, 97.48803561249566]]"
38,"[[(0, 47), (15, 31), (22, 20), (24, 46), (24, 49), (37, 31), (47, 6), (47, 9), (1, 14), (1, 41), (1, 49), (20, 11), (20, 13), (20, 43), (2, 31), (29, 4), (29, 18), (29, 33), (30, 7), (35, 2), (35, 33), (35, 36), (39, 4), (39, 12), (39, 30), (39, 47), (6, 38), (21, 16), (42, 25), (42, 34), (5, 35), (9, 22), (13, 24), (13, 32), (13, 40), (23, 9), (26, 15), (28, 12), (38, 29), (40, 47), (43, 30), (45, 13), (45, 16), (45, 24), (10, 9), (10, 47), (18, 14), (18, 38), (27, 17), (8, 47), (19, 34), (34, 46), (12, 15), (11, 6), (11, 15), (11, 31), (25, 1), (36, 32), (36, 45)]]","[[123.60297423411167, 13.31631973033252, 3.6775265830633805, 10.44778986139534, 383.24713769705335, 77.22468257902005, 219.200241580837, 390.8017198003156, 153.82168954815484, 103.32317981341221, 903.8425279052233, 67.9457338799971, 97.24883012155937, 153.72789647656185, 411.4744232398589, 79.43108266394384, 224.37055810448666, 50.79062012065694, 71.50185959431259, 556.886419279959, 5.974994756799179, 4.238730669021431, 970.6970225415295, 92.51112854354646, 40.81011305254758, 52.14375224213465, 301.94113296898473, 31.43001144949119, 208.05310436368296, 161.4581396880401, 677.4487769939419, 27.137739308762225, 103.32335432337892, 362.8906829068467, 19.18742667924674, 241.9152267272232, 35.098316297786944, 249.63446987854198, 44.777095624355454, 27.15434204635965, 198.42796927525268, 392.4150391801419, 101.58440217247788, 286.28561194565975, 37.72498361152439, 418.67307472504314, 63.976597701020644, 9.546114866354216, 60.12495691447659, 757.1272454179737, 138.53565437514857, 104.0164589946783, 8.993223391628986, 56.71858694046503, 14.797089834345424, 70.63813112498825, 257.36732423917476, 12.070500999359217, 112.2982359041398]]"
39,"[[(0, 47), (15, 31), (22, 20), (24, 46), (24, 49), (37, 31), (47, 6), (47, 9), (1, 14), (1, 41), (1, 49), (20, 11), (20, 13), (20, 43), (2, 31), (29, 4), (29, 18), (29, 33), (30, 7), (35, 2), (35, 33), (35, 36), (39, 4), (39, 12), (39, 30), (39, 47), (6, 38), (21, 16), (42, 25), (42, 34), (5, 35), (9, 22), (13, 24), (13, 32), (13, 40), (23, 9), (26, 15), (28, 12), (38, 29), (40, 47), (43, 30), (45, 13), (45, 16), (45, 24), (10, 9), (10, 47), (18, 14), (18, 38), (27, 17), (8, 47), (19, 34), (34, 46), (12, 15), (11, 6), (11, 15), (11, 31), (25, 1), (36, 32), (36, 45)]]","[[34.487281774610295, 10.172407134972817, 13.3730046605654, 9.166122129810223, 162.41156609150002, 74.26315293702226, 586.8269018799521, 679.307200591496, 139.92027702711493, 923.9885830341003, 907.1464360613638, 138.2948787241108, 86.47375712241383, 61.22684625520529, 279.01579197100403, 108.8100810926775, 120.29300050851305, 16.94417005202734, 70.54063218618633, 529.9982620763045, 12.347240863994505, 5.81043875301519, 371.72683631076694, 89.36313113875745, 103.26979277239107, 30.42418823838643, 446.4214207391634, 33.211761974746715, 299.5094422604411, 138.13593952832696, 109.44707205134884, 17.987918945439553, 103.19547649197935, 365.255165833917, 13.654163786197234, 216.7142622894197, 36.49206576427251, 329.3203119040671, 72.83631133274679, 19.32377967535492, 190.73865222023107, 377.9038702736507, 467.47078894492796, 301.5051001101754, 31.51096343992124, 411.0104663390016, 61.47148672160528, 12.704647813160078, 113.27798720810085, 446.84849985717176, 206.210423917671, 76.27373849833072, 6.547524487801591, 61.970381216018644, 13.57255992658089, 68.7310011766257, 188.98903153130794, 9.402174542625763, 79.93586766510538]]"
40,"[[(0, 47), (15, 31), (22, 20), (24, 46), (24, 49), (37, 31), (47, 6), (47, 9), (1, 14), (1, 41), (1, 49), (20, 11), (20, 13), (20, 43), (2, 31), (29, 4), (29, 18), (29, 33), (30, 7), (35, 2), (35, 33), (35, 36), (39, 4), (39, 12), (39, 30), (39, 47), (6, 38), (21, 16), (42, 25), (42, 34), (5, 35), (9, 22), (13, 24), (13, 32), (13, 40), (23, 9), (26, 15), (28, 12), (38, 29), (40, 47), (43, 30), (45, 13), (45, 16), (45, 24), (10, 9), (10, 47), (18, 14), (18, 38), (27, 17), (8, 47), (19, 34), (34, 46), (12, 15), (11, 6), (11, 15), (11, 31), (25, 1), (36, 32), (36, 45)]]","[[97.88612834678187, 11.518558641541897, 11.482536647526313, 14.069126174186934, 372.39313792699596, 100.74274599153551, 614.8079170548299, 751.2426237421832, 97.45979364191804, 486.9273060252835, 949.5144341465449, 108.2697913889596, 49.04779072749684, 113.81584522683875, 295.25156943385366, 113.35319320217505, 268.6783947372847, 11.365579346271973, 70.363321992111, 808.031687952739, 14.55768425603817, 8.659750664757338, 878.2846044296588, 83.82510232852616, 81.17533206683382, 45.67188191904944, 356.00967491316914, 40.91168727556273, 220.45008439031216, 158.5562434757439, 687.4378693767239, 47.09364123009977, 104.68813543510176, 362.6078981406585, 16.713359212358583, 215.51198312955566, 78.60848614730027, 313.88161953322594, 62.076389997573756, 20.69970947309067, 250.2244879969241, 310.35441237091544, 929.3148506038197, 308.9696114379973, 26.247372200148696, 400.8737020204677, 58.82228419484601, 11.538909642639661, 158.572311176432, 751.961170136677, 254.7266149935304, 194.1710455460192, 7.2413831929151105, 49.50850917028649, 13.807751920219582, 62.09365813435869, 156.41232389209816, 14.90965487068372, 63.09118135484803]]"
41,"[[(0, 47), (15, 31), (22, 20), (24, 46), (24, 49), (37, 31), (47, 6), (47, 9), (1, 14), (1, 41), (1, 49), (20, 11), (20, 13), (20, 43), (2, 31), (29, 4), (29, 18), (29, 33), (30, 7), (35, 2), (35, 33), (35, 36), (39, 4), (39, 12), (39, 30), (39, 47), (6, 38), (21, 16), (42, 25), (42, 34), (5, 35), (9, 22), (13, 24), (13, 32), (13, 40), (23, 9), (26, 15), (28, 12), (38, 29), (40, 47), (43, 30), (45, 13), (45, 16), (45, 24), (10, 9), (10, 47), (18, 14), (18, 38), (27, 17), (8, 47), (19, 34), (34, 46), (12, 15), (11, 6), (11, 15), (11, 31), (25, 1), (36, 32), (36, 45)]]","[[20.769795082471784, 10.673027145972252, 38.843021484890336, 12.182503826899882, 300.50081873059435, 48.186389613325325, 436.51323389067124, 841.0432366505338, 156.98323742557724, 774.2714772754015, 877.8923416757578, 40.265955112378265, 80.74167413966558, 117.77447375311071, 446.5902848974702, 110.69275658319552, 70.08379955894479, 34.7630493944671, 70.62373562427936, 597.894220897391, 11.685264322760561, 1.9569545497527285, 1115.4538031380903, 78.63261119842178, 65.32266282209552, 51.1029063682991, 455.9559768649683, 46.21945603550973, 252.38304077529563, 155.9090264752767, 226.9673955614262, 32.11847110346986, 102.26873492578994, 369.49112220949837, 12.172056762547681, 254.00042467213882, 38.39070870345004, 230.80383262429123, 66.71562528647043, 22.40912283472058, 246.19424608909173, 396.15956750056426, 449.55311016985644, 323.4163447848067, 16.383298503607463, 388.62652154350053, 63.09876913709056, 10.738466963710914, 134.0208126661739, 420.8751785074195, 231.16954817184154, 128.1820803300227, 8.917541220370293, 39.02573895027515, 13.491496491822899, 163.92498663844327, 342.29045088112275, 14.33658972649912, 94.52271528989911]]"
42,"[[(0, 47), (15, 31), (22, 20), (24, 46), (24, 49), (37, 31), (47, 6), (47, 9), (1, 14), (1, 41), (1, 49), (20, 11), (20, 13), (20, 43), (2, 31), (29, 4), (29, 18), (29, 33), (30, 7), (35, 2), (35, 33), (35, 36), (39, 4), (39, 12), (39, 30), (39, 47), (6, 38), (21, 16), (42, 25), (42, 34), (5, 35), (9, 22), (13, 24), (13, 32), (13, 40), (23, 9), (26, 15), (28, 12), (38, 29), (40, 47), (43, 30), (45, 13), (45, 16), (45, 24), (10, 9), (10, 47), (18, 14), (18, 38), (27, 17), (8, 47), (19, 34), (34, 46), (12, 15), (11, 6), (11, 15), (11, 31), (25, 1), (36, 32), (36, 45)]]","[[63.414609750713474, 12.798839141991138, 33.71996462799099, 12.42203520147454, 309.54009711744806, 128.63131751838313, 536.1157016770583, 475.96213994390763, 130.52785200102795, 1118.2404306677224, 917.9537234304081, 84.68254964119677, 50.000922357333806, 145.1703642787612, 71.66359317321955, 63.218475612475885, 305.95037557469755, 39.72925299697532, 71.41574687147559, 887.9964625500482, 16.07219031548435, 9.823609313717363, 1158.184002341105, 96.6049249330517, 93.8613191274093, 30.448184005291175, 393.02498175089244, 13.54876424909579, 276.90833373849637, 158.64868876985085, 230.87769361197556, 49.13912877624425, 102.54781586593054, 369.4001713907213, 14.556372124659962, 206.37522343941527, 71.26893348287115, 242.81191517924916, 53.88187649891562, 20.581676855247725, 147.8726393273812, 329.83353815099764, 969.6752210232263, 300.8798314400227, 16.2708817990621, 399.95138802962583, 60.02753091423629, 10.869030727528628, 68.96042000229782, 297.8174305513202, 239.97835742677844, 245.95446421096884, 11.013684819278062, 53.60400551640599, 13.101050088869467, 140.77914297197, 319.5070342538975, 8.377788190545687, 90.46208683781269]]"
43,"[[(0, 47), (15, 31), (22, 20), (24, 46), (24, 49), (37, 31), (47, 6), (47, 9), (1, 14), (1, 41), (1, 49), (20, 11), (20, 13), (20, 43), (2, 31), (29, 4), (29, 18), (29, 33), (30, 7), (35, 2), (35, 33), (35, 36), (39, 4), (39, 12), (39, 30), (39, 47), (6, 38), (21, 16), (42, 25), (42, 34), (5, 35), (9, 22), (13, 24), (13, 32), (13, 40), (23, 9), (26, 15), (28, 12), (38, 29), (40, 47), (43, 30), (45, 13), (45, 16), (45, 24), (10, 9), (10, 47), (18, 14), (18, 38), (27, 17), (8, 47), (19, 34), (34, 46), (12, 15), (11, 6), (11, 15), (11, 31), (25, 1), (36, 32), (36, 45)]]","[[169.72003009775258, 12.766873102776369, 28.530995899390337, 6.96910373605401, 381.9580049698829, 107.07273178102014, 551.8469020590072, 809.4452473569844, 119.15205856890074, 788.6645615927501, 866.6245364482245, 116.02114649433494, 51.95501702395336, 197.18872798422376, 108.87519074997334, 90.31302328483929, 235.41633584432464, 27.734784479951717, 71.74154128511796, 394.1531541054776, 16.16260553991702, 0.1004614141075566, 987.1703466359877, 94.93182740626447, 100.92288696153858, 48.34168220446518, 306.3993259146152, 39.004234658903954, 324.75286313989, 163.68718905784553, 327.56083115872934, 34.30604879382765, 105.17412788459283, 370.0996649887088, 16.620571062401055, 246.41862122238263, 46.05331083053682, 229.46251661746805, 72.65054230379057, 13.503256126145725, 255.92722711172826, 297.7003132465082, 860.4230139335828, 296.84850528005086, 24.8855033219945, 400.33185292408865, 60.052646458664256, 12.77626402723811, 70.02228750273635, 738.7928044552132, 71.97678822926665, 46.576008313290934, 9.302702622393856, 35.83647487578252, 13.027707805254396, 225.03592984479477, 404.2867869459362, 8.547166579866328, 94.91175044998124]]"
44,"[[(0, 47), (15, 31), (22, 20), (24, 46), (24, 49), (37, 31), (47, 6), (47, 9), (1, 14), (1, 41), (1, 49), (20, 11), (20, 13), (20, 43), (2, 31), (29, 4), (29, 18), (29, 33), (30, 7), (35, 2), (35, 33), (35, 36), (39, 4), (39, 12), (39, 30), (39, 47), (6, 38), (21, 16), (42, 25), (42, 34), (5, 35), (9, 22), (13, 24), (13, 32), (13, 40), (23, 9), (26, 15), (28, 12), (38, 29), (40, 47), (43, 30), (45, 13), (45, 16), (45, 24), (10, 9), (10, 47), (18, 14), (18, 38), (27, 17), (8, 47), (19, 34), (34, 46), (12, 15), (11, 6), (11, 15), (11, 31), (25, 1), (36, 32), (36, 45)]]","[[191.21370671873265, 10.493910270002504, 19.46374226394783, 15.420682863589148, 184.79696186683188, 91.61029952998574, 117.54810126984498, 429.850473362937, 168.54750049791963, 229.7235004944844, 940.4117669251352, 73.98939593142376, 50.868893945067725, 181.88508920319032, 250.80946052632507, 178.04243358158942, 184.65918873054383, 33.67709583052851, 70.44403510345249, 342.9903155769645, 12.86743191647813, 1.011919818829059, 515.2839499591253, 75.36099438951986, 76.19605778653883, 40.762433934288616, 348.02145194890437, 29.278647188808588, 231.93921905062697, 169.94108524877925, 425.40649712005086, 13.606802644487201, 103.7810915057817, 367.2785424300397, 10.45437723733738, 206.0007343718731, 79.98127554393746, 250.16672131559477, 46.67202537863731, 19.753229379952334, 217.9224880994884, 405.4005030985235, 1048.1862819853836, 322.86939525434695, 25.25400870576345, 395.39236853093695, 63.66225105335591, 10.04299584936579, 78.3552284452523, 749.7832943344376, 153.55792799658093, 81.98065000334547, 8.60442758660349, 65.72803256327408, 13.963696108867367, 66.97503514332699, 229.7445265707141, 13.309879834179451, 64.50562181045645]]"
45,"[[(0, 47), (15, 31), (22, 20), (24, 46), (24, 49), (37, 31), (47, 6), (47, 9), (1, 14), (1, 41), (1, 49), (20, 11), (20, 13), (20, 43), (2, 31), (29, 4), (29, 18), (29, 33), (30, 7), (35, 2), (35, 33), (35, 36), (39, 4), (39, 12), (39, 30), (39, 47), (6, 38), (21, 16), (42, 25), (42, 34), (5, 35), (9, 22), (13, 24), (13, 32), (13, 40), (23, 9), (26, 15), (28, 12), (38, 29), (40, 47), (43, 30), (45, 13), (45, 16), (45, 24), (10, 9), (10, 47), (18, 14), (18, 38), (27, 17), (8, 47), (19, 34), (34, 46), (12, 15), (11, 6), (11, 15), (11, 31), (25, 1), (36, 32), (36, 45)]]","[[75.67693497348205, 9.938959903810062, 18.693150435819327, 11.532070592215216, 379.16947745426114, 98.47139031847932, 433.5491124746591, 521.5168810678866, 155.3031065935465, 737.1979960023783, 959.6475092001276, 117.89157714146633, 118.80438250204531, 79.10791538129706, 228.4616953700589, 61.9766635814515, 163.8284618153162, 41.940737293935975, 71.41754181360368, 68.06229846928372, 7.864487153007602, 7.92503906131656, 852.2183087201779, 95.74338270768133, 102.61043606692103, 54.203528214336444, 372.06826223964623, 11.116884694563616, 279.4749107798159, 126.82632713884423, 364.97464677231375, 36.115791298571786, 103.4325772387062, 362.305940448551, 19.166939381389767, 247.9864689208624, 40.28902994441408, 272.1677556124212, 61.13847345460101, 29.31017115651807, 195.18398250714816, 315.877887032, 626.6489751003171, 309.0550395642205, 0.8619050988633514, 391.9860497072024, 62.40594892043569, 10.951470668173338, 107.07993059794595, 358.0879727299276, 82.37547769620642, 222.67924066783598, 11.112580746588813, 69.2489286852125, 13.621205591609217, 233.14217372501963, 191.26760036753845, 14.96051436033682, 112.9668506525135]]"
46,"[[(0, 47), (15, 31), (22, 20), (24, 46), (24, 49), (37, 31), (47, 6), (47, 9), (1, 14), (1, 41), (1, 49), (20, 11), (20, 13), (20, 43), (2, 31), (29, 4), (29, 18), (29, 33), (30, 7), (35, 2), (35, 33), (35, 36), (39, 4), (39, 12), (39, 30), (39, 47), (6, 38), (21, 16), (42, 25), (42, 34), (5, 35), (9, 22), (13, 24), (13, 32), (13, 40), (23, 9), (26, 15), (28, 12), (38, 29), (40, 47), (43, 30), (45, 13), (45, 16), (45, 24), (10, 9), (10, 47), (18, 14), (18, 38), (27, 17), (8, 47), (19, 34), (34, 46), (12, 15), (11, 6), (11, 15), (11, 31), (25, 1), (36, 32), (36, 45)]]","[[28.00862586568754, 11.168704498268564, 16.806891891436393, 13.003528234180653, 157.5616340436478, 78.93879856436158, 559.4685424120183, 390.31824837184655, 144.46286527897598, 933.6552338425215, 913.8120174964962, 56.258152630610056, 115.68424789831023, 121.43944272229021, 385.0694477241762, 65.7377170268982, 221.7297673753005, 33.83519508422445, 71.7483861239087, 388.64300463373144, 4.997789191478331, 4.23365051231043, 725.875305051622, 79.98285366327629, 95.12067507924695, 29.41194223145708, 344.9323899994493, 22.95889078080081, 319.5360043807919, 146.42058044021462, 107.11690539748939, 6.5944832547620384, 103.10184412888974, 363.3885102048199, 16.691479432514093, 255.74455544946827, 81.88052620701876, 364.70789242484483, 68.03216521226615, 23.153498036444006, 152.42914651152972, 394.2140140206434, 175.0607280054604, 293.5063166758819, 34.328579687603685, 417.7191369010849, 59.26098897816235, 12.802479331939212, 100.31552727736894, 185.29639743293083, 144.7042148552087, 162.202814874973, 9.605917550998223, 35.02990818187127, 14.17277100379389, 133.77091476911198, 262.09336603143515, 8.543435137874921, 113.5113110677589]]"
47,"[[(0, 47), (15, 31), (22, 20), (24, 46), (24, 49), (37, 31), (47, 6), (47, 9), (1, 14), (1, 41), (1, 49), (20, 11), (20, 13), (20, 43), (2, 31), (29, 4), (29, 18), (29, 33), (30, 7), (35, 2), (35, 33), (35, 36), (39, 4), (39, 12), (39, 30), (39, 47), (6, 38), (21, 16), (42, 25), (42, 34), (5, 35), (9, 22), (13, 24), (13, 32), (13, 40), (23, 9), (26, 15), (28, 12), (38, 29), (40, 47), (43, 30), (45, 13), (45, 16), (45, 24), (10, 9), (10, 47), (18, 14), (18, 38), (27, 17), (8, 47), (19, 34), (34, 46), (12, 15), (11, 6), (11, 15), (11, 31), (25, 1), (36, 32), (36, 45)]]","[[115.37729901651987, 13.639644527819812, 12.582372963105971, 12.535800054582669, 218.7624965940199, 88.79673055428154, 382.4681043568252, 548.9705795858513, 100.29900279925951, 1160.4964685540544, 963.8321422416417, 51.89186602583152, 76.84017319673661, 94.79501402101238, 432.01900801715067, 112.66463402179681, 307.9850676317644, 45.499204532948006, 71.3775209323057, 90.5416287509685, 13.232468837868751, 3.4369806869291617, 819.0721074250357, 78.67778316084777, 38.4858541148553, 47.27379405460627, 437.92022453556245, 30.41675168077978, 218.68394753242205, 167.16303805606958, 535.1336507409997, 26.03437801530847, 104.40702243567371, 370.76916763636456, 16.905404292375998, 230.68717076677132, 74.87412043940051, 274.3998832064887, 52.30374739627078, 15.646183627628016, 248.0971883043572, 280.8636668228443, 549.7115156630057, 310.9327276975477, 34.40529314826625, 398.5395565692655, 61.517410114857434, 10.576891119006826, 151.89612799192935, 549.7006264597278, 238.33273748360187, 136.3222074636472, 8.839992412639681, 80.54562997283264, 14.451986654275242, 220.60459071664607, 341.08929401349945, 14.120931338786681, 78.18999179276508]]"
48,"[[(0, 47), (15, 31), (22, 20), (24, 46), (24, 49), (37, 31), (47, 6), (47, 9), (1, 14), (1, 41), (1, 49), (20, 11), (20, 13), (20, 43), (2, 31), (29, 4), (29, 18), (29, 33), (30, 7), (35, 2), (35, 33), (35, 36), (39, 4), (39, 12), (39, 30), (39, 47), (6, 38), (21, 16), (42, 25), (42, 34), (5, 35), (9, 22), (13, 24), (13, 32), (13, 40), (23, 9), (26, 15), (28, 12), (38, 29), (40, 47), (43, 30), (45, 13), (45, 16), (45, 24), (10, 9), (10, 47), (18, 14), (18, 38), (27, 17), (8, 47), (19, 34), (34, 46), (12, 15), (11, 6), (11, 15), (11, 31), (25, 1), (36, 32), (36, 45)]]","[[59.48980494938181, 11.686693156977007, 12.66391211261293, 6.7444997133848785, 408.443812264992, 8.912244549667166, 402.21181646547006, 708.0282105936171, 122.51853401185932, 922.3366164853062, 871.105048238301, 143.28607386926575, 49.95210532364742, 33.77493750105892, 252.3629200289995, 111.03513023275768, 150.64078077009538, 55.72524763302688, 70.09721628751977, 854.0270773213952, 8.802426234708964, 1.493237662120851, 264.0700541967574, 81.7815381443529, 45.87501664254665, 47.131057164852976, 443.1771390659347, 21.563538416080686, 302.04733885237255, 138.56079824054785, 685.2945220699627, 11.806954992136804, 105.40767007618787, 373.8801602767082, 18.976365732020817, 238.65948640190598, 30.5165946487579, 308.9963048928536, 52.71959822973023, 16.03158644018606, 144.52299039210442, 308.3926313215874, 929.5285716175271, 293.8866487896361, 23.65137109032494, 419.80987990089744, 63.381848916494235, 10.967779512566716, 56.980524683992954, 869.4238166109836, 158.58687622751575, 205.94685531040759, 9.61156317918423, 74.55923407141356, 13.331407110447074, 204.7047573186982, 374.3623755478299, 10.108441358151712, 106.25152731408241]]"
49,"[[(0, 47), (15, 31), (22, 20), (24, 46), (24, 49), (37, 31), (47, 6), (47, 9), (1, 14), (1, 41), (1, 49), (20, 11), (20, 13), (20, 43), (2, 31), (29, 4), (29, 18), (29, 33), (30, 7), (35, 2), (35, 33), (35, 36), (39, 4), (39, 12), (39, 30), (39, 47), (6, 38), (21, 16), (42, 25), (42, 34), (5, 35), (9, 22), (13, 24), (13, 32), (13, 40), (23, 9), (26, 15), (28, 12), (38, 29), (40, 47), (43, 30), (45, 13), (45, 16), (45, 24), (10, 9), (10, 47), (18, 14), (18, 38), (27, 17), (8, 47), (19, 34), (34, 46), (12, 15), (11, 6), (11, 15), (11, 31), (25, 1), (36, 32), (36, 45)]]","[[110.64820576556504, 11.009102293553022, 35.73910018747913, 8.740065286184938, 282.08400385263565, 8.486255930551685, 310.8823277356489, 376.8086808454454, 167.75147070324232, 1226.0984333772562, 892.3560060427237, 134.22060870230183, 96.35065340516765, 77.27665444335857, 95.92039947419215, 113.36670110153476, 84.7273510618543, 57.01910334557979, 71.92166495381663, 387.5601776567461, 8.70493942522382, 0.9507552890997528, 649.4040059441064, 89.20355078132884, 80.76485357022285, 47.4835037408682, 397.4695742544547, 43.858046692671024, 256.95244299771707, 158.46510178741426, 660.6674518709482, 22.314959684859204, 103.65145114363447, 375.0582212186406, 12.953824852495977, 261.360303047611, 31.199854595498778, 332.6482744907199, 69.46838121893977, 27.073874065925196, 149.44631953329446, 382.39817650378484, 333.1743192749289, 294.67659469855124, 33.192945535893394, 404.2733699069192, 59.784434850300016, 10.30152449763395, 117.75803254560223, 360.1726718201105, 132.1230385644743, 204.13962841006497, 6.663734729117055, 53.423206990044555, 14.282145331642177, 203.79527266962552, 300.40042187696383, 8.914431917600226, 92.66558195452606]]"
50,"[[(0, 47), (15, 31), (22, 20), (24, 46), (24, 49), (37, 31), (47, 6), (47, 9), (1, 14), (1, 41), (1, 49), (20, 11), (20, 13), (20, 43), (2, 31), (29, 4), (29, 18), (29, 33), (30, 7), (35, 2), (35, 33), (35, 36), (39, 4), (39, 12), (39, 30), (39, 47), (6, 38), (21, 16), (42, 25), (42, 34), (5, 35), (9, 22), (13, 24), (13, 32), (13, 40), (23, 9), (26, 15), (28, 12), (38, 29), (40, 47), (43, 30), (45, 13), (45, 16), (45, 24), (10, 9), (10, 47), (18, 14), (18, 38), (27, 17), (8, 47), (19, 34), (34, 46), (12, 15), (11, 6), (11, 15), (11, 31), (25, 1), (36, 32), (36, 45)]]","[[32.51746697929556, 14.342801784339422, 18.808313792636483, 11.120668024815622, 432.8720327794857, 55.304762282414806, 433.0797985689632, 581.4955479314202, 164.60577203280224, 812.4195825889426, 969.5288897938166, 123.8068774738138, 119.94243913302272, 194.8758235434387, 309.5011083142709, 244.21399887495937, 203.13286843731507, 54.611403063957376, 70.61499212037644, 623.5299307930866, 15.710726451624556, 9.702371921300621, 193.44828815306633, 89.99957790933087, 62.762203930815055, 44.94237334266712, 347.31358041030336, 14.090342196319298, 317.95414874313843, 137.79315775038822, 179.79592407563226, 22.195086073987873, 102.56408932975907, 373.8798087768257, 10.453904910012504, 239.41268072055053, 76.0357837845847, 337.52305634628306, 44.28467636899519, 26.775218179658125, 239.88654725615157, 317.25779719492596, 535.2469376379177, 287.30904958989817, 9.61028354858204, 380.3205211627943, 62.374715262644266, 10.703916274734544, 55.84187337252975, 294.68941532856525, 112.2622361959603, 46.893176739227236, 11.89281238003238, 74.64928803953285, 14.614750377284993, 64.16854245080313, 428.6084399250058, 13.905753035084135, 103.69127264151754]]"
51,"[[(0, 47), (15, 31), (22, 20), (24, 46), (24, 49), (37, 31), (47, 6), (47, 9), (1, 14), (1, 41), (1, 49), (20, 11), (20, 13), (20, 43), (2, 31), (29, 4), (29, 18), (29, 33), (30, 7), (35, 2), (35, 33), (35, 36), (39, 4), (39, 12), (39, 30), (39, 47), (6, 38), (21, 16), (42, 25), (42, 34), (5, 35), (9, 22), (13, 24), (13, 32), (13, 40), (23, 9), (26, 15), (28, 12), (38, 29), (40, 47), (43, 30), (45, 13), (45, 16), (45, 24), (10, 9), (10, 47), (18, 14), (18, 38), (27, 17), (8, 47), (19, 34), (34, 46), (12, 15), (11, 6), (11, 15), (11, 31), (25, 1), (36, 32), (36, 45)]]","[[136.56591769568132, 13.175383643965816, 20.44404509097109, 13.340012157016794, 188.831998531355, 14.548324390140401, 535.3803288288043, 279.48461386332764, 112.31687343513843, 335.6033994913347, 863.9119051725901, 112.49037131224101, 52.253528757008766, 19.62542698325503, 461.8213946178131, 58.348720219335554, 233.5708433621594, 32.320607155087984, 71.48025104681685, 992.8468218057008, 9.568826341299888, 1.8686002231170418, 1039.1302308443633, 80.1031514250144, 100.17074529144345, 30.048423525783505, 341.29867904114775, 43.48098133201503, 229.82734952350145, 151.75925756288723, 753.5834902185549, 46.70930511672408, 102.62847707704489, 361.68606184197506, 14.431370093484361, 227.20003671349352, 74.12826179245329, 333.06186217989114, 48.73340346336479, 24.726515160468665, 217.32423737719995, 390.18052772978336, 754.8262335960922, 291.7727325858711, 22.143316138793544, 411.88937749476923, 63.613134565614594, 9.42070733556791, 77.94841246934119, 594.211921194138, 145.46961984556788, 119.32056814786891, 9.266927466978888, 80.48887350832584, 14.089214712192092, 118.65674679858596, 400.4426189627564, 9.428944780392673, 96.43483990275521]]"
52,"[[(0, 47), (15, 31), (22, 20), (24, 46), (24, 49), (37, 31), (47, 6), (47, 9), (1, 14), (1, 41), (1, 49), (20, 11), (20, 13), (20, 43), (2, 31), (29, 4), (29, 18), (29, 33), (30, 7), (35, 2), (35, 33), (35, 36), (39, 4), (39, 12), (39, 30), (39, 47), (6, 38), (21, 16), (42, 25), (42, 34), (5, 35), (9, 22), (13, 24), (13, 32), (13, 40), (23, 9), (26, 15), (28, 12), (38, 29), (40, 47), (43, 30), (45, 13), (45, 16), (45, 24), (10, 9), (10, 47), (18, 14), (18, 38), (27, 17), (8, 47), (19, 34), (34, 46), (12, 15), (11, 6), (11, 15), (11, 31), (25, 1), (36, 32), (36, 45)]]","[[188.9219767392055, 11.58913433358256, 32.283913964537305, 10.534714678873346, 438.58554717783574, 74.21755908481285, 434.14021557712874, 764.2190991373473, 123.19088671215115, 569.2267348445338, 871.3080063105876, 73.73746607679874, 114.3001447338895, 64.67715757808296, 343.22958485908936, 64.41587889514079, 312.31626874920863, 47.38680567971989, 70.93953747533679, 1101.0872073892886, 12.459046436591992, 3.9287259926637565, 1139.7354392514335, 83.84443693287604, 78.80304608194348, 32.56847169641599, 392.1781698866261, 20.89116324157451, 270.3707745047096, 123.32951552975702, 270.9064663655533, 53.34919559648471, 103.61543625003378, 369.2674104612283, 16.78041232501099, 220.65919078953883, 87.43851872588061, 244.79000413571111, 46.909486343107346, 10.847050592429516, 140.36917547918318, 357.6892992057914, 732.2042573547145, 324.33363495335766, 34.46549161341241, 399.3616681466388, 60.80285263530884, 10.921023947724679, 86.37432110796202, 270.53561004677215, 190.25819882875038, 68.18465876652525, 8.666557205826834, 33.796217687105795, 14.787694758684708, 104.8692104231975, 301.40755076993764, 10.927955377185615, 91.24476330444364]]"
53,"[[(0, 47), (15, 31), (22, 20), (24, 46), (24, 49), (37, 31), (47, 6), (47, 9), (1, 14), (1, 41), (1, 49), (20, 11), (20, 13), (20, 43), (2, 31), (29, 4), (29, 18), (29, 33), (30, 7), (35, 2), (35, 33), (35, 36), (39, 4), (39, 12), (39, 30), (39, 47), (6, 38), (21, 16), (42, 25), (42, 34), (5, 35), (9, 22), (13, 24), (13, 32), (13, 40), (23, 9), (26, 15), (28, 12), (38, 29), (40, 47), (43, 30), (45, 13), (45, 16), (45, 24), (10, 9), (10, 47), (18, 14), (18, 38), (27, 17), (8, 47), (19, 34), (34, 46), (12, 15), (11, 6), (11, 15), (11, 31), (25, 1), (36, 32), (36, 45)]]","[[141.21179675582715, 11.134922932255826, 23.634546239829252, 14.677800331672334, 282.14850373181014, 22.673189307324353, 604.1939155601715, 553.9426298700082, 116.37536634452178, 615.6451951739734, 885.9168828578738, 75.85342106363537, 100.33417826319805, 58.50736754896529, 194.94809881858976, 205.02432725944743, 165.45244556194467, 23.303571248299804, 71.22640725787497, 672.1945072755698, 17.483798356723774, 3.21953426110108, 1150.2086992340983, 93.60915061202655, 65.6211497647185, 54.970529933236136, 352.3369874355903, 42.73471931194207, 284.069543807066, 159.45647316399655, 144.255846756595, 39.467466753418066, 105.11895863963032, 365.91982840407115, 14.918734714225366, 249.36461199970046, 76.5207172471298, 283.2786420014114, 62.73986681721284, 20.374216570769743, 210.5512921571651, 362.0920860783082, 923.1159786472799, 291.79049441692, 11.882388927665982, 396.7748903462676, 62.455209001763066, 11.042829493701463, 149.12472971160395, 551.4490319811264, 111.14862987057072, 240.5082586000273, 11.074284718918893, 79.6521291607696, 13.433327468442661, 85.02526878141096, 387.1315868683104, 9.978444188229112, 103.44981905386996]]"
54,"[[(0, 47), (15, 31), (22, 20), (24, 46), (24, 49), (37, 31), (47, 6), (47, 9), (1, 14), (1, 41), (1, 49), (20, 11), (20, 13), (20, 43), (2, 31), (29, 4), (29, 18), (29, 33), (30, 7), (35, 2), (35, 33), (35, 36), (39, 4), (39, 12), (39, 30), (39, 47), (6, 38), (21, 16), (42, 25), (42, 34), (5, 35), (9, 22), (13, 24), (13, 32), (13, 40), (23, 9), (26, 15), (28, 12), (38, 29), (40, 47), (43, 30), (45, 13), (45, 16), (45, 24), (10, 9), (10, 47), (18, 14), (18, 38), (27, 17), (8, 47), (19, 34), (34, 46), (12, 15), (11, 6), (11, 15), (11, 31), (25, 1), (36, 32), (36, 45)]]","[[68.27014393120126, 14.461920458044878, 8.71604742028076, 10.400819312390805, 140.39688653327363, 90.67064685268397, 556.8340193842113, 793.7359624572525, 142.26514839165873, 659.2821209014872, 965.9840678551184, 126.82110236126853, 74.45648526777546, 196.85137870936447, 186.22754021603302, 141.60447995485242, 291.51928033951316, 39.93070213948367, 71.0984553460943, 871.7126978440596, 10.2381567253832, 4.7949465502675395, 464.84677342148615, 83.24068495021969, 97.5081160041564, 39.000522903332914, 455.52583106676354, 31.107945732954516, 275.2651686080255, 121.66084299657325, 139.13804411399065, 32.41418112754391, 105.74950213055031, 371.27524754235935, 10.479332269237316, 217.58221438256814, 67.41776327962063, 295.43710778137995, 39.13255497723495, 24.471542041711324, 241.7113488635695, 352.0696781578889, 241.61062282299798, 321.68076174208363, 34.989656450905315, 391.27360369605725, 62.05364310562936, 11.145627384903248, 159.49520670041235, 371.96530120938496, 270.3331061849502, 240.83509855909102, 10.997495644704262, 41.455365651601554, 14.161071264903244, 221.6467939603561, 165.7267661928588, 10.16930828744072, 109.47039719802467]]"
55,"[[(0, 47), (15, 31), (22, 20), (24, 46), (24, 49), (37, 31), (47, 6), (47, 9), (1, 14), (1, 41), (1, 49), (20, 11), (20, 13), (20, 43), (2, 31), (29, 4), (29, 18), (29, 33), (30, 7), (35, 2), (35, 33), (35, 36), (39, 4), (39, 12), (39, 30), (39, 47), (6, 38), (21, 16), (42, 25), (42, 34), (5, 35), (9, 22), (13, 24), (13, 32), (13, 40), (23, 9), (26, 15), (28, 12), (38, 29), (40, 47), (43, 30), (45, 13), (45, 16), (45, 24), (10, 9), (10, 47), (18, 14), (18, 38), (27, 17), (8, 47), (19, 34), (34, 46), (12, 15), (11, 6), (11, 15), (11, 31), (25, 1), (36, 32), (36, 45)]]","[[59.197158844200246, 10.845781178074681, 17.647814917609267, 12.816538492762117, 421.79659415308186, 18.17120223054158, 354.3157401194577, 253.48657638269697, 126.10359619496657, 1163.7521707399005, 863.3524092516163, 140.369053432074, 90.90750182721771, 20.053346338957954, 350.9624143459563, 250.3326446835079, 271.27303819411225, 26.861817450350948, 71.76994848765179, 927.568696611206, 4.359941603100182, 9.163968395191391, 192.2095206173007, 91.17753808139734, 38.045526492621484, 41.25776193371169, 327.75463985740237, 6.419132762738887, 283.65941159047065, 150.4469686129175, 335.84390530828733, 48.755605678546985, 105.62677297197055, 372.9260422891186, 16.22965573107917, 206.04874539428332, 81.96821958341243, 349.19001345383515, 37.20137486606728, 28.334157541991217, 255.72601379221487, 347.40004224475376, 594.3395952837219, 311.8858763613153, 24.01669539421286, 418.366361022463, 60.74327592934071, 11.505126413750272, 124.22596686249662, 879.2075218036747, 250.95546228831495, 80.25507997082704, 7.813369707947665, 33.23961517635274, 13.893662140684848, 210.77847040580318, 391.99336549406803, 10.659256647291091, 60.940771351119885]]"
56,"[[(0, 47), (15, 31), (22, 20), (24, 46), (24, 49), (37, 31), (47, 6), (47, 9), (1, 14), (1, 41), (1, 49), (20, 11), (20, 13), (20, 43), (2, 31), (29, 4), (29, 18), (29, 33), (30, 7), (35, 2), (35, 33), (35, 36), (39, 4), (39, 12), (39, 30), (39, 47), (6, 38), (21, 16), (42, 25), (42, 34), (5, 35), (9, 22), (13, 24), (13, 32), (13, 40), (23, 9), (26, 15), (28, 12), (38, 29), (40, 47), (43, 30), (45, 13), (45, 16), (45, 24), (10, 9), (10, 47), (18, 14), (18, 38), (27, 17), (8, 47), (19, 34), (34, 46), (12, 15), (11, 6), (11, 15), (11, 31), (25, 1), (36, 32), (36, 45)]]","[[30.08445924117123, 9.507458497102085, 3.3285430585270417, 9.173553171819929, 324.57546070426406, 49.86986776254397, 356.48537364641027, 552.1670770066626, 163.0918599563482, 1057.8971619003182, 926.3031368197077, 147.4351837587654, 119.81887782251869, 54.569321033698316, 136.98877427977212, 191.57916966244846, 314.74134778751244, 39.87116931874412, 71.41994495921668, 1012.4043032626577, 12.61555949563912, 0.2246722565880943, 745.1506278468124, 88.60301084078269, 90.79544932277621, 54.89257796355068, 305.8234702284444, 4.210735651193991, 323.3993834782728, 169.6237125727366, 698.3854113955915, 14.424695832514232, 102.81713261970144, 360.59638690053123, 16.042727181738183, 214.99117372126125, 60.56427161322372, 372.6468975702654, 55.90165405319708, 13.372337277705586, 245.85929941375946, 349.46758000029354, 136.7830980804889, 293.2898090284561, 21.372964108656344, 416.4707707672894, 58.39294811409407, 9.323291678626227, 141.54796187619883, 331.25769265835413, 211.8450318953201, 173.1548542290806, 6.668765586014952, 40.68188064042078, 14.916937590647121, 132.23737653721918, 245.9298786049024, 15.98878481785621, 95.3098332983554]]"
57,"[[(0, 47), (15, 31), (22, 20), (24, 46), (24, 49), (37, 31), (47, 6), (47, 9), (1, 14), (1, 41), (1, 49), (20, 11), (20, 13), (20, 43), (2, 31), (29, 4), (29, 18), (29, 33), (30, 7), (35, 2), (35, 33), (35, 36), (39, 4), (39, 12), (39, 30), (39, 47), (6, 38), (21, 16), (42, 25), (42, 34), (5, 35), (9, 22), (13, 24), (13, 32), (13, 40), (23, 9), (26, 15), (28, 12), (38, 29), (40, 47), (43, 30), (45, 13), (45, 16), (45, 24), (10, 9), (10, 47), (18, 14), (18, 38), (27, 17), (8, 47), (19, 34), (34, 46), (12, 15), (11, 6), (11, 15), (11, 31), (25, 1), (36, 32), (36, 45)]]","[[163.570663198215, 9.361554005193895, 32.577786785252364, 13.934660946568522, 186.70235267403814, 122.13025177927571, 440.8173479972444, 515.9353835700583, 163.29676814514156, 844.9740608518503, 873.4360909086307, 54.33756055709666, 70.81862678692639, 9.645582760072614, 268.08220918570123, 226.2142620577789, 211.99870648860107, 51.301831573633756, 70.73274770244326, 1024.0984084256122, 5.410500914543757, 7.33485592856049, 776.9142118433347, 83.06852917273736, 58.17275910786654, 51.22094681339388, 383.80875102199417, 8.358859962549541, 232.9265223197649, 151.931332568567, 183.334917294338, 52.17702443649049, 102.6537985310605, 375.33917728787753, 19.013388864332022, 239.14671832928917, 58.8770702441279, 290.07279963461303, 59.13482743432559, 10.369110627572763, 236.23256292398514, 396.24499580251086, 68.45060240621436, 288.23952241351583, 11.142042248216356, 412.4233508236426, 62.80111976331324, 11.172574555034997, 119.66659794266057, 684.502256621662, 171.8875032357804, 115.515533369206, 9.416034456086422, 80.15374040059285, 13.94082305738518, 148.49561015371313, 420.98730328467946, 8.617340565097997, 108.08089294490458]]"
58,"[[(0, 47), (15, 31), (22, 20), (24, 46), (24, 49), (37, 31), (47, 6), (47, 9), (1, 14), (1, 41), (1, 49), (20, 11), (20, 13), (20, 43), (2, 31), (29, 4), (29, 18), (29, 33), (30, 7), (35, 2), (35, 33), (35, 36), (39, 4), (39, 12), (39, 30), (39, 47), (6, 38), (21, 16), (42, 25), (42, 34), (5, 35), (9, 22), (13, 24), (13, 32), (13, 40), (23, 9), (26, 15), (28, 12), (38, 29), (40, 47), (43, 30), (45, 13), (45, 16), (45, 24), (10, 9), (10, 47), (18, 14), (18, 38), (27, 17), (8, 47), (19, 34), (34, 46), (12, 15), (11, 6), (11, 15), (11, 31), (25, 1), (36, 32), (36, 45)]]","[[197.47169271466026, 14.882362113210245, 33.7111014669667, 15.265470251748578, 360.31801705201053, 23.08464427149797, 108.85999917100656, 357.9851555040252, 116.53806315534308, 475.0819302464352, 938.0211750323854, 147.04548419701348, 76.53019695714323, 33.29515477459059, 80.69016170218619, 104.1915048909116, 185.99220365713003, 24.369451260950147, 70.43805677510537, 971.0581687205516, 18.248208299247093, 5.401524844081056, 498.9286064283452, 80.30655579899435, 85.00839216457189, 45.298895184222715, 351.5820509703846, 41.812931792360686, 292.8825693483014, 127.40615690780652, 295.8542736164604, 16.306369557073115, 104.76663213950967, 362.3253887589997, 8.13849378024398, 199.85147374746617, 47.034661171841876, 328.1719329897202, 63.44614934523922, 26.40964839196037, 142.43487793420982, 326.60520417165407, 639.8065693340388, 313.83807026382556, 25.278394786291134, 401.00237127952903, 61.52365204439481, 12.467610737661802, 114.92980078599075, 155.37956059133012, 77.91278146338456, 176.27806056358688, 10.363157621552048, 34.99807298607777, 13.744584404511867, 227.88539376765468, 222.38450469325932, 13.732354992753969, 118.48247063900467]]"
59,"[[(0, 47), (15, 31), (22, 20), (24, 46), (24, 49), (37, 31), (47, 6), (47, 9), (1, 14), (1, 41), (1, 49), (20, 11), (20, 13), (20, 43), (2, 31), (29, 4), (29, 18), (29, 33), (30, 7), (35, 2), (35, 33), (35, 36), (39, 4), (39, 12), (39, 30), (39, 47), (6, 38), (21, 16), (42, 25), (42, 34), (5, 35), (9, 22), (13, 24), (13, 32), (13, 40), (23, 9), (26, 15), (28, 12), (38, 29), (40, 47), (43, 30), (45, 13), (45, 16), (45, 24), (10, 9), (10, 47), (18, 14), (18, 38), (27, 17), (8, 47), (19, 34), (34, 46), (12, 15), (11, 6), (11, 15), (11, 31), (25, 1), (36, 32), (36, 45)]]","[[96.60483430764806, 11.078616413850519, 35.64528673859646, 7.385763018897746, 230.08624984633508, 63.17118292109285, 375.991772967336, 277.30534270562384, 98.83834088476351, 678.9183427127118, 919.6442302823365, 50.730779146818435, 64.82085658841851, 137.19834500448928, 128.06372840327924, 240.65513213089585, 93.15464082599317, 12.405210998353112, 70.5788815588165, 115.80209428687178, 9.808301483863632, 3.8742954450998734, 841.6336014914515, 80.74249140724214, 90.1149777117131, 43.486447829249116, 310.2396853147246, 15.322466519169152, 302.0012135431277, 164.12647134879143, 460.77237998726747, 53.07703502672955, 103.133196035745, 375.7689651226301, 13.969049565183223, 221.73503463908682, 63.095470405390216, 330.2196137358157, 69.46358127023692, 15.949205840492645, 231.4478209011632, 354.78005158135704, 637.6490492268894, 303.1809893751031, 16.787070272367153, 415.11999689983594, 62.293140708227554, 12.992484100688026, 62.99774319045779, 195.26581552915366, 197.735506531861, 207.34578143241404, 11.377703186549535, 56.90012268944581, 14.649893731095418, 95.26376398937481, 321.0768900585623, 8.639208980124803, 112.24842559852874]]"
60,"[[(0, 47), (15, 31), (22, 20), (24, 46), (24, 49), (37, 31), (47, 6), (47, 9), (1, 14), (1, 41), (1, 49), (20, 11), (20, 13), (20, 43), (2, 31), (29, 4), (29, 18), (29, 33), (30, 7), (35, 2), (35, 33), (35, 36), (39, 4), (39, 12), (39, 30), (39, 47), (6, 38), (21, 16), (42, 25), (42, 34), (5, 35), (9, 22), (13, 24), (13, 32), (13, 40), (23, 9), (26, 15), (28, 12), (38, 29), (40, 47), (43, 30), (45, 13), (45, 16), (45, 24), (10, 9), (10, 47), (18, 14), (18, 38), (27, 17), (8, 47), (19, 34), (34, 46), (12, 15), (11, 6), (11, 15), (11, 31), (25, 1), (36, 32), (36, 45)]]","[[189.84158878775, 10.042717817538625, 4.3514062826426025, 6.874128604230724, 381.3695265243271, 89.0624039239644, 430.3472816765812, 586.2431945371552, 97.34629145188423, 1393.1971670658825, 946.3533785701167, 67.01959930305264, 105.8002586958385, 186.62569697663793, 198.65643965808027, 243.47980014609325, 150.34655483204887, 39.701618423319175, 70.49072176996418, 698.8568852062346, 10.466213109789436, 2.030121827582213, 415.54274090239153, 77.14927221908067, 97.41696941281228, 57.681633737202745, 328.38173700516546, 27.581244626184, 308.60736556610703, 142.01025800227217, 327.0261555912116, 31.123708237111583, 105.38171559619326, 366.2874962388784, 10.174101347666163, 257.4239563750129, 39.28197550055529, 229.54528214645777, 51.08366304054094, 15.356030153054018, 229.29468120428538, 390.1778441406844, 403.77109439014015, 323.64162276684567, 11.75561321082213, 402.60711204246843, 63.95045235303337, 10.423136736999183, 159.51501174385425, 280.0129216606298, 91.0611766973445, 148.10255056709548, 8.211963509054122, 39.79603376818536, 14.534783641001944, 81.93241787169993, 417.0427253549573, 12.330865252753927, 85.93484245422441]]"
61,"[[(0, 47), (15, 31), (22, 20), (24, 46), (24, 49), (37, 31), (47, 6), (47, 9), (1, 14), (1, 41), (1, 49), (20, 11), (20, 13), (20, 43), (2, 31), (29, 4), (29, 18), (29, 33), (30, 7), (35, 2), (35, 33), (35, 36), (39, 4), (39, 12), (39, 30), (39, 47), (6, 38), (21, 16), (42, 25), (42, 34), (5, 35), (9, 22), (13, 24), (13, 32), (13, 40), (23, 9), (26, 15), (28, 12), (38, 29), (40, 47), (43, 30), (45, 13), (45, 16), (45, 24), (10, 9), (10, 47), (18, 14), (18, 38), (27, 17), (8, 47), (19, 34), (34, 46), (12, 15), (11, 6), (11, 15), (11, 31), (25, 1), (36, 32), (36, 45)]]","[[73.5756135816288, 14.852630283414038, 7.576713573266465, 10.563324358454823, 273.83352161504644, 91.9788172336353, 534.8971986803992, 550.0226064326097, 118.71268875818934, 1322.3676089241317, 916.5370563181508, 94.02871833880317, 59.60330804594383, 221.229073766381, 50.59475715402146, 146.68621196158887, 103.59760855756414, 11.011668243290444, 71.41549601712998, 834.7645601074926, 8.11914403799071, 0.03892693015162596, 538.6884087067247, 90.7091331128532, 92.91651330258294, 52.38348192965661, 367.54612739866695, 8.05186738909499, 232.76570266072304, 170.85579348246168, 816.37093997638, 21.335178564443435, 102.10515563652226, 374.30733722388163, 19.412199870210813, 206.63074059017686, 45.90860216962406, 338.44612492236024, 57.34381777003509, 23.76911478794694, 164.73309782465222, 407.8838761466281, 113.85490220288744, 306.00968472384994, 18.384515259361805, 380.8495021088966, 58.001299168597875, 12.131142654332152, 64.36703318507062, 160.37489116417504, 131.1384178679894, 182.66986042933007, 9.428632180194004, 55.15160948555799, 14.838931555467383, 67.7778071446055, 411.2594551501485, 11.01481981881874, 94.19083530918799]]"
62,"[[(0, 47), (15, 31), (22, 20), (24, 46), (24, 49), (37, 31), (47, 6), (47, 9), (1, 14), (1, 41), (1, 49), (20, 11), (20, 13), (20, 43), (2, 31), (29, 4), (29, 18), (29, 33), (30, 7), (35, 2), (35, 33), (35, 36), (39, 4), (39, 12), (39, 30), (39, 47), (6, 38), (21, 16), (42, 25), (42, 34), (5, 35), (9, 22), (13, 24), (13, 32), (13, 40), (23, 9), (26, 15), (28, 12), (38, 29), (40, 47), (43, 30), (45, 13), (45, 16), (45, 24), (10, 9), (10, 47), (18, 14), (18, 38), (27, 17), (8, 47), (19, 34), (34, 46), (12, 15), (11, 6), (11, 15), (11, 31), (25, 1), (36, 32), (36, 45)]]","[[168.4248909643188, 14.33817160477949, 21.054675109075436, 13.341055008158474, 189.1670815481184, 44.02657788390431, 214.46080684809152, 882.8154031665745, 105.97448201835579, 249.2384078950292, 930.6416565923801, 45.30436653071655, 101.73733589910081, 15.133618085116366, 25.51105046166034, 168.67825249104504, 208.39460845428346, 29.174036701415208, 70.43203262209147, 440.48870147955427, 16.97706648304257, 8.52491734392221, 735.548239434237, 88.7505761036025, 100.30270987464391, 52.52014930267006, 398.1795758696537, 15.715556872522134, 276.6496239841727, 169.29684426841334, 278.4026723899492, 6.629044254927144, 105.22040703546976, 365.32524052633585, 8.0972327608301, 221.77030571739374, 23.052941735854453, 363.5934122474671, 67.34696487346842, 22.242505594547907, 231.21670759696866, 284.01439381773935, 441.97184564681595, 314.6949665759333, 26.40357071063947, 413.4313636043028, 60.58353545834957, 12.034687031144891, 116.05903074966375, 423.49067960976845, 90.62690681379655, 79.7929276396016, 6.022343182119317, 56.95136589512002, 13.043532094569441, 173.7956361316717, 199.22012985209292, 14.629149454262837, 77.34161607235403]]"
63,"[[(0, 47), (15, 31), (22, 20), (24, 46), (24, 49), (37, 31), (47, 6), (47, 9), (1, 14), (1, 41), (1, 49), (20, 11), (20, 13), (20, 43), (2, 31), (29, 4), (29, 18), (29, 33), (30, 7), (35, 2), (35, 33), (35, 36), (39, 4), (39, 12), (39, 30), (39, 47), (6, 38), (21, 16), (42, 25), (42, 34), (5, 35), (9, 22), (13, 24), (13, 32), (13, 40), (23, 9), (26, 15), (28, 12), (38, 29), (40, 47), (43, 30), (45, 13), (45, 16), (45, 24), (10, 9), (10, 47), (18, 14), (18, 38), (27, 17), (8, 47), (19, 34), (34, 46), (12, 15), (11, 6), (11, 15), (11, 31), (25, 1), (36, 32), (36, 45)]]","[[187.1446269330179, 10.426292751944045, 16.118268325869344, 9.77138350865783, 259.0820441613041, 39.166634615476234, 95.40750077852518, 804.0626011513955, 167.16591081412605, 1190.0909324580205, 966.665749783069, 139.59007369169728, 102.01810413043597, 16.215152165860523, 413.46599512294364, 87.01134342839947, 106.79822163084583, 38.08297694197021, 71.52002941837758, 1053.175878355911, 10.787952348669512, 0.593853128596068, 1140.136637833648, 91.25111678537573, 81.90402845702639, 53.95702146545307, 394.18372941651654, 9.468238931060274, 307.649707367155, 142.25266100210482, 494.68012538886643, 51.23426956476946, 103.3636526182684, 371.1772815968303, 11.874074955784767, 262.84106979447097, 47.47578239187681, 267.21868648670187, 65.6752088469019, 10.201516681295073, 234.7146895150945, 360.85499583979174, 728.7133823575472, 313.95986609320465, 14.529935879077831, 415.9496077214721, 63.787884273389864, 9.294416352268374, 62.346842529890544, 592.2858944681852, 199.17959571504358, 224.68673384138438, 8.414501818486112, 53.709696656020824, 13.349654504010518, 198.2290360254822, 210.41662702428178, 14.408181471649407, 81.31708546838132]]"
64,"[[(0, 47), (15, 31), (22, 20), (24, 46), (24, 49), (37, 31), (47, 6), (47, 9), (1, 14), (1, 41), (1, 49), (20, 11), (20, 13), (20, 43), (2, 31), (29, 4), (29, 18), (29, 33), (30, 7), (35, 2), (35, 33), (35, 36), (39, 4), (39, 12), (39, 30), (39, 47), (6, 38), (21, 16), (42, 25), (42, 34), (5, 35), (9, 22), (13, 24), (13, 32), (13, 40), (23, 9), (26, 15), (28, 12), (38, 29), (40, 47), (43, 30), (45, 13), (45, 16), (45, 24), (10, 9), (10, 47), (18, 14), (18, 38), (27, 17), (8, 47), (19, 34), (34, 46), (12, 15), (11, 6), (11, 15), (11, 31), (25, 1), (36, 32), (36, 45)]]","[[104.07045905676644, 12.140616377970618, 14.199314229084457, 14.166254971841918, 390.30996150475795, 129.72750436501073, 495.94895149633476, 843.7988885370969, 149.80252111679602, 891.5388449700256, 880.819253330651, 149.9952308572532, 58.51860181604704, 207.28133253569743, 431.15726919674466, 64.54682862602635, 268.23694398981394, 38.13023392702616, 70.18036856379322, 684.4742036055814, 16.222093313332024, 7.71413201612158, 268.51978256493555, 94.71130059696242, 81.74612789656277, 51.612859950302564, 456.72399967113444, 40.92690110075433, 307.155733204851, 154.8763147952002, 761.1198139456998, 37.857126355470385, 104.40291321089197, 362.8775140725082, 12.173880823360783, 250.39333985611898, 69.12480168848852, 306.90016796282293, 64.55155990791573, 12.584379040901286, 265.49988622640615, 320.9304512905287, 196.46630212608696, 324.26039085291904, 8.473851387527187, 385.2503962319947, 59.34731077925144, 11.157551935624683, 133.16296079352938, 421.700365531593, 92.4296698267386, 95.72922271358081, 6.45569118402953, 36.76138788504928, 14.963425608083204, 156.68008536260766, 272.83825134792755, 11.727072933317775, 109.3720350343551]]"
65,"[[(0, 47), (15, 31), (22, 20), (24, 46), (24, 49), (37, 31), (47, 6), (47, 9), (1, 14), (1, 41), (1, 49), (20, 11), (20, 13), (20, 43), (2, 31), (29, 4), (29, 18), (29, 33), (30, 7), (35, 2), (35, 33), (35, 36), (39, 4), (39, 12), (39, 30), (39, 47), (6, 38), (21, 16), (42, 25), (42, 34), (5, 35), (9, 22), (13, 24), (13, 32), (13, 40), (23, 9), (26, 15), (28, 12), (38, 29), (40, 47), (43, 30), (45, 13), (45, 16), (45, 24), (10, 9), (10, 47), (18, 14), (18, 38), (27, 17), (8, 47), (19, 34), (34, 46), (12, 15), (11, 6), (11, 15), (11, 31), (25, 1), (36, 32), (36, 45)]]","[[196.53948491030116, 12.56553322244403, 31.392096579349513, 9.02639412352962, 310.78315105353045, 30.904856603891414, 362.30611194105404, 540.3353275140187, 129.2686838011163, 485.97041975575576, 892.2123253597545, 83.85586942503294, 91.96593783167202, 119.12626132426938, 135.9500990863876, 163.97896131443508, 166.28690554538505, 36.02668744977231, 70.19575513372074, 749.5829476355068, 7.670836067370997, 1.3157069316757852, 887.5620335038142, 89.87116161980573, 87.13789743465219, 35.69652180144565, 376.07357884953007, 4.3611834110034655, 299.96106097723657, 151.76973236177326, 145.4800885901054, 30.026914501860546, 104.18037727756813, 364.3554614026334, 9.055437325231805, 233.65708095085802, 28.32045448030552, 311.0242106973918, 46.634425309144355, 15.689183072638668, 145.34180589956657, 388.8880303939572, 889.290031213029, 324.71570932498145, 39.263713366424476, 384.1637181696593, 58.35711454884008, 11.223637344494122, 151.37353020603769, 710.3952067448313, 251.19753897696495, 159.22885563789328, 6.475598741086883, 28.098487012211915, 13.175996139374499, 110.48068432819497, 314.3175780904552, 12.261853414618027, 86.80411819245649]]"
66,"[[(0, 47), (15, 31), (22, 20), (24, 46), (24, 49), (37, 31), (47, 6), (47, 9), (1, 14), (1, 41), (1, 49), (20, 11), (20, 13), (20, 43), (2, 31), (29, 4), (29, 18), (29, 33), (30, 7), (35, 2), (35, 33), (35, 36), (39, 4), (39, 12), (39, 30), (39, 47), (6, 38), (21, 16), (42, 25), (42, 34), (5, 35), (9, 22), (13, 24), (13, 32), (13, 40), (23, 9), (26, 15), (28, 12), (38, 29), (40, 47), (43, 30), (45, 13), (45, 16), (45, 24), (10, 9), (10, 47), (18, 14), (18, 38), (27, 17), (8, 47), (19, 34), (34, 46), (12, 15), (11, 6), (11, 15), (11, 31), (25, 1), (36, 32), (36, 45)]]","[[119.57275445048772, 12.927938697100286, 3.1573445747360016, 15.122443433958233, 329.75452484204493, 63.56405244702285, 359.52642154294034, 332.6022955837328, 166.12830895473138, 998.6096337522678, 934.0507691763498, 65.56123073712732, 57.07275297671102, 160.69216352576987, 232.9524597429623, 177.30394649706636, 220.30280464138585, 58.28296087278215, 70.09729299833478, 748.9967370848285, 5.7269118228835865, 1.1742301109083075, 593.3462626896105, 77.91414200232725, 101.3645321592003, 37.07615925423025, 348.2441614470237, 37.326598057424796, 324.75574134400506, 125.01630980149848, 579.3613073497163, 23.37693742408141, 102.43214849603031, 371.04704318667206, 13.260153078824867, 254.4782752681435, 45.53667922153227, 361.7857180799457, 49.16962036681121, 15.365241113594637, 254.67341465562725, 381.1912111443378, 727.5105086548917, 297.61339099872424, 34.24818936570497, 415.25964434036723, 59.0073201804777, 9.46163964943651, 105.70324188165986, 674.3616235878706, 196.04490923862943, 116.29333997563953, 8.28314101696147, 43.42946760689288, 14.354551452204163, 199.56288586949134, 211.81260359119378, 11.63465699549116, 72.7936597760505]]"
67,"[[(0, 47), (15, 31), (22, 20), (24, 46), (24, 49), (37, 31), (47, 6), (47, 9), (1, 14), (1, 41), (1, 49), (20, 11), (20, 13), (20, 43), (2, 31), (29, 4), (29, 18), (29, 33), (30, 7), (35, 2), (35, 33), (35, 36), (39, 4), (39, 12), (39, 30), (39, 47), (6, 38), (21, 16), (42, 25), (42, 34), (5, 35), (9, 22), (13, 24), (13, 32), (13, 40), (23, 9), (26, 15), (28, 12), (38, 29), (40, 47), (43, 30), (45, 13), (45, 16), (45, 24), (10, 9), (10, 47), (18, 14), (18, 38), (27, 17), (8, 47), (19, 34), (34, 46), (12, 15), (11, 6), (11, 15), (11, 31), (25, 1), (36, 32), (36, 45)]]","[[199.45801670603183, 10.418939840213008, 19.014880333655547, 8.554970793247284, 238.52004789641407, 23.642993865908448, 74.77582750784327, 530.8905226285763, 102.55076470425647, 885.931285519276, 881.544094607366, 44.41827636041863, 63.536039395215795, 156.4697027172087, 384.19160371567966, 99.63750758294627, 232.71200355583784, 49.18006584027221, 71.13569850029506, 761.231242156189, 15.68738415594069, 4.345475256139363, 1002.9983795513003, 92.49059609021592, 87.4082509219613, 49.392793115293976, 337.07873392804737, 38.13144051215883, 211.00375524488996, 152.34717246563363, 740.6315432221189, 46.587055318729554, 104.54038562833055, 366.2580228568106, 14.968885457570567, 253.79684873133326, 33.59395609626678, 218.45709781244426, 47.22718981123861, 15.570604586907423, 175.93534357681997, 289.7842575829067, 519.773775912128, 291.83139719927243, 37.02780665747819, 401.9347037837397, 63.51555902263608, 9.864651034313383, 101.51980229873143, 577.6679437167094, 117.90013513480302, 228.10881362443612, 8.324935325841869, 64.3989823739745, 14.282884541859767, 137.6806046029618, 173.28182838394432, 9.959445120637472, 88.5005309010954]]"
68,"[[(0, 47), (15, 31), (22, 20), (24, 46), (24, 49), (37, 31), (47, 6), (47, 9), (1, 14), (1, 41), (1, 49), (20, 11), (20, 13), (20, 43), (2, 31), (29, 4), (29, 18), (29, 33), (30, 7), (35, 2), (35, 33), (35, 36), (39, 4), (39, 12), (39, 30), (39, 47), (6, 38), (21, 16), (42, 25), (42, 34), (5, 35), (9, 22), (13, 24), (13, 32), (13, 40), (23, 9), (26, 15), (28, 12), (38, 29), (40, 47), (43, 30), (45, 13), (45, 16), (45, 24), (10, 9), (10, 47), (18, 14), (18, 38), (27, 17), (8, 47), (19, 34), (34, 46), (12, 15), (11, 6), (11, 15), (11, 31), (25, 1), (36, 32), (36, 45)]]","[[58.74747520755825, 13.308518860606199, 10.122802330371076, 11.925853607830518, 163.81025654547594, 92.15139033814853, 491.91304515471717, 782.5996245784926, 134.12810534145524, 384.2712134705415, 932.0921439238729, 126.96426723588297, 75.95433043953241, 51.58141480249207, 445.2790007692091, 128.09849808124025, 297.26996393023825, 11.485260269126126, 70.01688900938032, 893.9321701234048, 11.85219979455067, 3.7130721411378675, 1015.5559859807813, 96.50167738013901, 53.08037863986837, 46.87881918878834, 443.590091016237, 18.771885369187245, 306.77074545607695, 145.75171238838624, 677.2784841202224, 28.599680726073753, 105.65649596270312, 373.3207884639052, 9.099419988261452, 216.75396436737677, 68.86992135378077, 311.14419134874123, 61.89407012892275, 25.344209613090847, 163.48818123877498, 291.0618598328462, 275.18276159035514, 326.18730810285706, 28.403872096489433, 412.87643719326894, 59.265270067334846, 11.589053965371477, 57.645262296763306, 333.8468683459304, 127.49642064877237, 218.27981375263855, 9.635098547595753, 66.7984244020162, 14.218514020906168, 94.93280223913524, 389.6003501171475, 10.7535219460155, 78.5123390675482]]"
69,"[[(0, 47), (15, 31), (22, 20), (24, 46), (24, 49), (37, 31), (47, 6), (47, 9), (1, 14), (1, 41), (1, 49), (20, 11), (20, 13), (20, 43), (2, 31), (29, 4), (29, 18), (29, 33), (30, 7), (35, 2), (35, 33), (35, 36), (39, 4), (39, 12), (39, 30), (39, 47), (6, 38), (21, 16), (42, 25), (42, 34), (5, 35), (9, 22), (13, 24), (13, 32), (13, 40), (23, 9), (26, 15), (28, 12), (38, 29), (40, 47), (43, 30), (45, 13), (45, 16), (45, 24), (10, 9), (10, 47), (18, 14), (18, 38), (27, 17), (8, 47), (19, 34), (34, 46), (12, 15), (11, 6), (11, 15), (11, 31), (25, 1), (36, 32), (36, 45)]]","[[75.47639426333086, 9.873768136823445, 10.392202901637129, 10.2218292504832, 277.31667264049236, 55.98064199237571, 267.71665244858957, 648.7964688678386, 137.3558890114449, 239.01092503857083, 901.4902434661556, 112.02859669460867, 117.6661433746216, 116.49466653387839, 365.5371258835228, 159.61733130742934, 74.72090759321975, 58.07361278737457, 71.37387719456054, 692.6747047091193, 12.766733696827016, 8.249239587356238, 1087.2373568169073, 92.9257349516901, 95.72477294280087, 40.37173800504871, 437.8387178405742, 46.96237396940601, 271.91251160963367, 143.66600108124717, 557.3805027576691, 24.84060378250509, 105.93653197994853, 370.25343569411876, 12.185317496728917, 212.76932156921677, 57.273466442659604, 351.51310226245585, 57.60404644570412, 29.103952519619835, 140.05028963000242, 273.9194466818874, 771.9073388224655, 322.1619758303759, 38.54165066968098, 400.529178568945, 60.32259782506441, 12.289136983578231, 81.73834620203695, 519.5620546289219, 109.81379976043345, 231.4538282404659, 11.242106607140036, 32.21169612486302, 13.156147884239589, 192.4854630386143, 230.9387501221407, 14.342916816283825, 111.40911752015916]]"
70,"[[(0, 47), (15, 31), (22, 20), (24, 46), (24, 49), (37, 31), (47, 6), (47, 9), (1, 14), (1, 41), (1, 49), (20, 11), (20, 13), (20, 43), (2, 31), (29, 4), (29, 18), (29, 33), (30, 7), (35, 2), (35, 33), (35, 36), (39, 4), (39, 12), (39, 30), (39, 47), (6, 38), (21, 16), (42, 25), (42, 34), (5, 35), (9, 22), (13, 24), (13, 32), (13, 40), (23, 9), (26, 15), (28, 12), (38, 29), (40, 47), (43, 30), (45, 13), (45, 16), (45, 24), (10, 9), (10, 47), (18, 14), (18, 38), (27, 17), (8, 47), (19, 34), (34, 46), (12, 15), (11, 6), (11, 15), (11, 31), (25, 1), (36, 32), (36, 45)]]","[[200.61517391579483, 14.142238580186625, 30.05064480605853, 15.252277694637986, 215.8844667427763, 35.43363387714881, 387.77534993097754, 488.8156079606134, 171.97466427862594, 1033.873194276679, 955.3546283651575, 108.64639291211823, 58.68718554230768, 31.52473158276759, 123.85518119409261, 163.48042911502125, 166.22742640146612, 25.83714738394506, 71.08127566400239, 543.1012114305897, 10.482383818459255, 6.195375360060503, 952.0538363207037, 94.57518420209695, 74.24001417142503, 54.36626268166732, 402.7932936764703, 3.7598507626082958, 255.2911914345383, 153.99996704573346, 192.32995515577267, 40.188517184452124, 102.35696567206432, 370.8982166967895, 8.4975559552031, 229.67066887589465, 41.9801076105735, 240.0954770647706, 63.7610059680549, 22.974642817689706, 258.0737720090959, 311.62726333045634, 732.5488356089807, 295.28885979405095, 33.367733921809, 383.5056985869827, 63.29787864105285, 10.537622106099843, 101.66123437650728, 768.0434979414515, 191.87876687861967, 195.0642665242395, 9.057509655468216, 50.20929439434483, 13.094259226278718, 78.94325466305298, 215.0394182680059, 12.755458888278707, 101.61537008885686]]"
71,"[[(0, 47), (15, 31), (22, 20), (24, 46), (24, 49), (37, 31), (47, 6), (47, 9), (1, 14), (1, 41), (1, 49), (20, 11), (20, 13), (20, 43), (2, 31), (29, 4), (29, 18), (29, 33), (30, 7), (35, 2), (35, 33), (35, 36), (39, 4), (39, 12), (39, 30), (39, 47), (6, 38), (21, 16), (42, 25), (42, 34), (5, 35), (9, 22), (13, 24), (13, 32), (13, 40), (23, 9), (26, 15), (28, 12), (38, 29), (40, 47), (43, 30), (45, 13), (45, 16), (45, 24), (10, 9), (10, 47), (18, 14), (18, 38), (27, 17), (8, 47), (19, 34), (34, 46), (12, 15), (11, 6), (11, 15), (11, 31), (25, 1), (36, 32), (36, 45)]]","[[179.67052461220683, 11.210749074267682, 28.351466154006033, 14.564577284530447, 178.72805235562555, 49.39974271780283, 271.94460724903996, 379.74506230584615, 159.4904045308337, 1364.3967139011165, 869.0289014513249, 64.09986166430899, 123.43870000577225, 226.53249374441197, 258.00527320148336, 131.41309725978246, 47.760316801060156, 49.23952551415497, 70.31052445079942, 997.8983868400768, 18.91543697236284, 5.79802161938057, 502.0440137159272, 80.7420243912193, 47.63918738005371, 38.070627379490205, 298.84023744781786, 31.668438134223507, 309.7299347020055, 118.4438976667976, 416.97967828667737, 11.100226036510065, 105.7036691317734, 364.9886610917971, 10.897925303858827, 208.74074356252805, 45.50264144420168, 316.0222975457151, 67.8020431651721, 25.987964240048704, 242.81218389187205, 314.56430499661076, 508.7056995458109, 310.3592052582045, 4.028987888577591, 415.0617971090918, 63.288420681714804, 9.453866845909479, 157.2599127155714, 193.99346884091267, 208.46268321965636, 53.32428219802429, 9.58651758274923, 51.310274583914314, 14.651751666295755, 61.93822155618996, 184.68310478279466, 8.012987856996137, 63.662402669354876]]"
72,"[[(0, 47), (15, 31), (22, 20), (24, 46), (24, 49), (37, 31), (47, 6), (47, 9), (1, 14), (1, 41), (1, 49), (20, 11), (20, 13), (20, 43), (2, 31), (29, 4), (29, 18), (29, 33), (30, 7), (35, 2), (35, 33), (35, 36), (39, 4), (39, 12), (39, 30), (39, 47), (6, 38), (21, 16), (42, 25), (42, 34), (5, 35), (9, 22), (13, 24), (13, 32), (13, 40), (23, 9), (26, 15), (28, 12), (38, 29), (40, 47), (43, 30), (45, 13), (45, 16), (45, 24), (10, 9), (10, 47), (18, 14), (18, 38), (27, 17), (8, 47), (19, 34), (34, 46), (12, 15), (11, 6), (11, 15), (11, 31), (25, 1), (36, 32), (36, 45)]]","[[100.68572539141633, 12.684748867632178, 16.628214938135752, 13.16637375315317, 254.82281906716656, 110.6127240941023, 221.2991678972281, 554.3889472672524, 121.73213798151798, 662.5506334170003, 930.1083631221265, 109.43215283912122, 104.215987686868, 100.29526455076063, 238.71871247216697, 120.06529916824529, 58.123672326907936, 10.040073782403201, 70.15190564115817, 985.3337131772773, 9.380053759518514, 7.4715409565426585, 580.353071657018, 95.40672296300197, 86.44412640871232, 42.04469760619355, 365.0757283921303, 41.68300406013255, 319.7896038069423, 161.83572249643817, 661.4050256143812, 39.87496483035364, 103.2965162900365, 360.2678251161362, 18.798085771674128, 204.14745499641452, 58.70103408708346, 228.13012973285356, 71.67182500731543, 23.885189817376276, 228.35398313699565, 353.8205723899744, 492.9678717006244, 294.14097998654313, 9.669709931121355, 393.9893522561211, 63.98425270078513, 10.21800429192562, 82.49088274994655, 216.8702959390358, 207.42356194718087, 44.01207894333706, 6.1171269580091, 44.91125878946132, 14.51852560242063, 114.48808304159374, 327.564582503722, 11.824598503042033, 88.10613530285525]]"
73,"[[(0, 47), (15, 31), (22, 20), (24, 46), (24, 49), (37, 31), (47, 6), (47, 9), (1, 14), (1, 41), (1, 49), (20, 11), (20, 13), (20, 43), (2, 31), (29, 4), (29, 18), (29, 33), (30, 7), (35, 2), (35, 33), (35, 36), (39, 4), (39, 12), (39, 30), (39, 47), (6, 38), (21, 16), (42, 25), (42, 34), (5, 35), (9, 22), (13, 24), (13, 32), (13, 40), (23, 9), (26, 15), (28, 12), (38, 29), (40, 47), (43, 30), (45, 13), (45, 16), (45, 24), (10, 9), (10, 47), (18, 14), (18, 38), (27, 17), (8, 47), (19, 34), (34, 46), (12, 15), (11, 6), (11, 15), (11, 31), (25, 1), (36, 32), (36, 45)]]","[[63.02268267090118, 14.493642483749415, 7.01173464490647, 14.571029368814605, 134.18126132586093, 106.33908014687542, 292.24475057883717, 600.3419907435662, 149.21307393591962, 243.25054259659717, 942.3923528773049, 31.14959088969649, 89.73431967219867, 247.53935843094445, 14.701855485951425, 210.6712132491473, 296.52018223474687, 10.601458765024198, 71.21479390874899, 829.9820218518163, 16.957427248495726, 8.343675391143654, 580.1521602402437, 76.43376119304857, 66.38983917927544, 41.87996075164587, 294.64814142485915, 16.574810465553142, 320.7959792989921, 169.3283289086095, 431.62372870785606, 18.798889769263045, 105.23926530875518, 368.5113852753401, 16.449107467662657, 197.3132000072123, 85.78450780306315, 234.41916889776613, 66.02453721956084, 29.675889129481018, 132.3153531510921, 334.0125987242759, 371.61323095209195, 321.20662144659514, 29.080479489121878, 400.75892166452087, 62.438427380263306, 9.712215066305177, 73.36027584111852, 412.82573879377634, 156.03447364845772, 101.20205821799931, 6.78095244392031, 58.377105370573474, 13.270619690937668, 209.275028188327, 240.65057227018963, 8.393375825050047, 99.74988944318655]]"
74,"[[(0, 47), (15, 31), (22, 20), (24, 46), (24, 49), (37, 31), (47, 6), (47, 9), (1, 14), (1, 41), (1, 49), (20, 11), (20, 13), (20, 43), (2, 31), (29, 4), (29, 18), (29, 33), (30, 7), (35, 2), (35, 33), (35, 36), (39, 4), (39, 12), (39, 30), (39, 47), (6, 38), (21, 16), (42, 25), (42, 34), (5, 35), (9, 22), (13, 24), (13, 32), (13, 40), (23, 9), (26, 15), (28, 12), (38, 29), (40, 47), (43, 30), (45, 13), (45, 16), (45, 24), (10, 9), (10, 47), (18, 14), (18, 38), (27, 17), (8, 47), (19, 34), (34, 46), (12, 15), (11, 6), (11, 15), (11, 31), (25, 1), (36, 32), (36, 45)]]","[[40.78971666086859, 12.017368908210925, 25.639420114260005, 13.836723948560465, 309.7303433471554, 54.74694977373492, 457.2941729906823, 753.9700234150769, 135.3058175812227, 1256.0810342899717, 880.7614755309908, 114.59792018375799, 113.32540729904665, 208.57040773031477, 459.4964650295099, 126.24973038518863, 184.55840691020137, 15.246481949398422, 71.20850299315912, 140.89897152104894, 15.564469647789293, 5.722267631344958, 721.8233053706615, 92.63112794486051, 40.50604477983322, 53.563880329135436, 338.20494657217347, 32.760002750990786, 268.29138438887315, 134.80272905324696, 456.57069846197356, 24.069341462366456, 102.43536551478303, 364.3820975492, 10.01002505644678, 224.80911084981798, 41.59491072469208, 357.98459107652474, 55.13429706549036, 24.30628815135167, 219.6073645106979, 286.0577274953888, 842.7803168681606, 323.44775153991793, 4.155875532988147, 386.16691039307574, 59.25285186177113, 12.109876640404405, 153.71887967136786, 804.7883721127382, 119.02234677305998, 224.50669560028877, 9.711897465672266, 70.95950992899769, 14.882176575445735, 221.3678021201772, 253.5275514593523, 12.576940307964183, 112.79344913296724]]"
75,"[[(0, 47), (15, 31), (22, 20), (24, 46), (24, 49), (37, 31), (47, 6), (47, 9), (1, 14), (1, 41), (1, 49), (20, 11), (20, 13), (20, 43), (2, 31), (29, 4), (29, 18), (29, 33), (30, 7), (35, 2), (35, 33), (35, 36), (39, 4), (39, 12), (39, 30), (39, 47), (6, 38), (21, 16), (42, 25), (42, 34), (5, 35), (9, 22), (13, 24), (13, 32), (13, 40), (23, 9), (26, 15), (28, 12), (38, 29), (40, 47), (43, 30), (45, 13), (45, 16), (45, 24), (10, 9), (10, 47), (18, 14), (18, 38), (27, 17), (8, 47), (19, 34), (34, 46), (12, 15), (11, 6), (11, 15), (11, 31), (25, 1), (36, 32), (36, 45)]]","[[82.86003820008763, 12.594855075179183, 26.99062760604926, 6.671407170928537, 405.38628645990065, 37.87831167936876, 237.78855132290346, 879.5790545163388, 116.7108767638019, 410.454214407176, 898.0775125709564, 134.5494917341536, 66.99235132969683, 20.83485016230481, 440.36090666038837, 115.56972471928071, 159.0432970147017, 12.356969782541466, 70.39112405709137, 168.60479769936524, 5.646069608982041, 7.136223008143788, 497.25290035364077, 78.1550470981597, 61.63766664637427, 54.121428650412106, 442.17347078103, 47.81101327528342, 302.9806457634205, 136.25637807546482, 401.9657594401938, 51.31292864907116, 104.62299454761178, 368.6274386840266, 10.642870219715395, 248.18613971826233, 60.77993105805616, 284.0537591510212, 62.85111170588143, 14.627333132105784, 184.14395804706027, 354.4150033697657, 206.71880140880523, 315.6707019092756, 39.23894498966536, 401.183793471485, 58.824043334977304, 12.318395571600204, 147.36562936237013, 837.0909788533844, 233.77242764042154, 199.731740118648, 7.8081554298420475, 41.08456862824518, 13.457984231339307, 164.77225135138673, 252.4750946716405, 9.718186593366298, 119.93949547229684]]"
76,"[[(0, 47), (15, 31), (22, 20), (24, 46), (24, 49), (37, 31), (47, 6), (47, 9), (1, 14), (1, 41), (1, 49), (20, 11), (20, 13), (20, 43), (2, 31), (29, 4), (29, 18), (29, 33), (30, 7), (35, 2), (35, 33), (35, 36), (39, 4), (39, 12), (39, 30), (39, 47), (6, 38), (21, 16), (42, 25), (42, 34), (5, 35), (9, 22), (13, 24), (13, 32), (13, 40), (23, 9), (26, 15), (28, 12), (38, 29), (40, 47), (43, 30), (45, 13), (45, 16), (45, 24), (10, 9), (10, 47), (18, 14), (18, 38), (27, 17), (8, 47), (19, 34), (34, 46), (12, 15), (11, 6), (11, 15), (11, 31), (25, 1), (36, 32), (36, 45)]]","[[37.75520945972481, 14.817962407522877, 6.423083879711491, 9.883102641584145, 411.16874283884613, 109.97691893437174, 320.87177070805427, 292.5619489720704, 143.94723790324448, 341.19177363570714, 948.2734490927115, 37.06113932568531, 49.00177295095256, 146.11016782311916, 360.84356277183656, 140.24016731008044, 86.45984014833448, 46.65083004476338, 71.70902525660775, 892.716801634621, 6.0395955892291, 4.853596199125956, 851.302282235326, 88.30616504994636, 80.84323606822772, 40.125316661795196, 364.7912680344323, 45.38583968220106, 293.73418238631217, 138.69657361334524, 773.8535528039209, 10.877609060164794, 103.14722085429865, 370.6493390518219, 15.919580305360627, 228.3028063936103, 60.81757405950908, 224.43775974213358, 43.11518194494582, 10.428464562327138, 242.48476259502104, 383.80506985871716, 402.4983056805469, 291.7872009007498, 12.494671007759845, 389.16893464290024, 60.70840644592204, 10.045574811791658, 115.560195690871, 165.45585704018, 79.22152167863413, 172.05916737903516, 8.394652395989823, 34.25870225278366, 13.207481738495725, 73.77422383595585, 336.9649343381111, 8.047055593816648, 68.11111771302882]]"
77,"[[(0, 47), (15, 31), (22, 20), (24, 46), (24, 49), (37, 31), (47, 6), (47, 9), (1, 14), (1, 41), (1, 49), (20, 11), (20, 13), (20, 43), (2, 31), (29, 4), (29, 18), (29, 33), (30, 7), (35, 2), (35, 33), (35, 36), (39, 4), (39, 12), (39, 30), (39, 47), (6, 38), (21, 16), (42, 25), (42, 34), (5, 35), (9, 22), (13, 24), (13, 32), (13, 40), (23, 9), (26, 15), (28, 12), (38, 29), (40, 47), (43, 30), (45, 13), (45, 16), (45, 24), (10, 9), (10, 47), (18, 14), (18, 38), (27, 17), (8, 47), (19, 34), (34, 46), (12, 15), (11, 6), (11, 15), (11, 31), (25, 1), (36, 32), (36, 45)]]","[[164.1666540206549, 12.371212122766025, 15.750348705609339, 10.048599423954686, 292.16785574757984, 13.412479375614431, 135.75623217846956, 638.6107099085584, 113.07809780538436, 141.22120079941072, 928.2558644283338, 93.32137685865013, 120.77645282478822, 12.481095910453602, 387.56001911525647, 191.01840201139973, 308.60283710143733, 34.33014008738621, 71.62768791932429, 747.1355220892486, 14.97089801463975, 2.319130607061819, 1029.3323637585995, 94.38363749243699, 37.57125758875373, 57.281892406577114, 333.9767402855229, 27.562661377514573, 309.03475849063676, 118.60257159038524, 176.95668308678748, 6.46019911966427, 103.35343920828979, 370.59917631205883, 13.706446263946237, 200.42008924511615, 35.23879557216127, 223.61214584495804, 48.21504541049108, 14.466003654142451, 252.3269266446367, 396.61861545380464, 135.45953987085682, 292.6944223496939, 17.886942253028216, 410.3527192895989, 63.88601689278938, 11.65709792917, 100.27716166353699, 855.278586434606, 143.78240060264943, 161.28491205135768, 10.683049342913435, 71.00981097668404, 13.895723345207248, 173.11521493262111, 400.56708675518234, 15.322711248906659, 98.39810673466452]]"
78,"[[(0, 47), (15, 31), (22, 20), (24, 46), (24, 49), (37, 31), (47, 6), (47, 9), (1, 14), (1, 41), (1, 49), (20, 11), (20, 13), (20, 43), (2, 31), (29, 4), (29, 18), (29, 33), (30, 7), (35, 2), (35, 33), (35, 36), (39, 4), (39, 12), (39, 30), (39, 47), (6, 38), (21, 16), (42, 25), (42, 34), (5, 35), (9, 22), (13, 24), (13, 32), (13, 40), (23, 9), (26, 15), (28, 12), (38, 29), (40, 47), (43, 30), (45, 13), (45, 16), (45, 24), (10, 9), (10, 47), (18, 14), (18, 38), (27, 17), (8, 47), (19, 34), (34, 46), (12, 15), (11, 6), (11, 15), (11, 31), (25, 1), (36, 32), (36, 45)]]","[[52.53460094793625, 12.893659547661677, 26.002178897796693, 7.10896271035007, 241.50986041560486, 20.119279029822625, 307.80581324450657, 832.3702102370985, 121.5719559149157, 1274.9584562570265, 937.437142025667, 87.42593797066522, 67.65215208009583, 12.272627421438496, 218.59294627691844, 139.212131119915, 314.4150772340481, 45.3098406634566, 71.24696554497456, 316.33276159424264, 8.739952197779523, 5.158492434798582, 273.47075024238563, 84.68983405533533, 49.3467878042399, 37.02482125984107, 397.49284804102103, 38.862967883748574, 293.07479855950135, 122.74383447710933, 143.37425734465688, 11.684330326098605, 102.80447576280024, 360.37514118895234, 14.661881601197097, 233.2975732440398, 35.95918518228301, 218.14783402863569, 69.67179919469828, 23.132753081408485, 217.0713635993999, 327.9562870246681, 448.122342249561, 320.77241456131935, 10.01732908676221, 395.8850270087533, 58.20563896196162, 9.622406813125068, 77.57503827917661, 582.9709460853709, 121.89386923648988, 157.34798428502415, 8.99323714885028, 79.1929381300215, 13.21136671626066, 172.07743888369953, 424.18261318426016, 14.343171362663703, 117.89857937474207]]"
79,"[[(0, 47), (15, 31), (22, 20), (24, 46), (24, 49), (37, 31), (47, 6), (47, 9), (1, 14), (1, 41), (1, 49), (20, 11), (20, 13), (20, 43), (2, 31), (29, 4), (29, 18), (29, 33), (30, 7), (35, 2), (35, 33), (35, 36), (39, 4), (39, 12), (39, 30), (39, 47), (6, 38), (21, 16), (42, 25), (42, 34), (5, 35), (9, 22), (13, 24), (13, 32), (13, 40), (23, 9), (26, 15), (28, 12), (38, 29), (40, 47), (43, 30), (45, 13), (45, 16), (45, 24), (10, 9), (10, 47), (18, 14), (18, 38), (27, 17), (8, 47), (19, 34), (34, 46), (12, 15), (11, 6), (11, 15), (11, 31), (25, 1), (36, 32), (36, 45)]]","[[80.15086445210547, 12.688704929130058, 3.735159759760388, 8.613485823414265, 417.45314397666505, 121.99764394752512, 447.8856481617599, 508.8304274346805, 140.85486046694047, 934.228191046274, 919.9717660314245, 63.65262519389497, 105.45413898457014, 22.47504438470013, 11.714445047630235, 225.7948894320556, 240.662394396389, 36.78072338144652, 70.09067541077178, 706.2370399725553, 4.338145518468659, 8.347442831448422, 397.8855891234578, 83.06198194838196, 71.60348398495557, 30.34230747108946, 341.98783557179667, 25.895219207982304, 315.63982398625757, 163.9135149409862, 258.411794989119, 35.89499881040275, 105.3801913264006, 371.5527028052725, 19.735655054596698, 238.86238029355803, 47.5845658372096, 288.10507190335784, 69.82401050402072, 10.15255124246732, 245.3702155383017, 336.01598700482145, 893.0742242048848, 297.00223485534764, 26.559928462218775, 405.82274140930986, 58.503906152757565, 10.945399478903978, 116.76626181311474, 761.1967369459568, 172.86281348149248, 70.81716497971426, 6.979973808425201, 29.891190575955836, 14.616237146264526, 97.79980445050955, 276.3449556529914, 12.907107195743915, 67.32823705405556]]"
80,"[[(0, 47), (15, 31), (22, 20), (24, 46), (24, 49), (37, 31), (47, 6), (47, 9), (1, 14), (1, 41), (1, 49), (20, 11), (20, 13), (20, 43), (2, 31), (29, 4), (29, 18), (29, 33), (30, 7), (35, 2), (35, 33), (35, 36), (39, 4), (39, 12), (39, 30), (39, 47), (6, 38), (21, 16), (42, 25), (42, 34), (5, 35), (9, 22), (13, 24), (13, 32), (13, 40), (23, 9), (26, 15), (28, 12), (38, 29), (40, 47), (43, 30), (45, 13), (45, 16), (45, 24), (10, 9), (10, 47), (18, 14), (18, 38), (27, 17), (8, 47), (19, 34), (34, 46), (12, 15), (11, 6), (11, 15), (11, 31), (25, 1), (36, 32), (36, 45)]]","[[149.18966065249182, 13.094365630019775, 29.81970204863037, 6.3130081644076625, 355.55235857786977, 76.57792143334015, 414.14968210767347, 791.7248190775117, 112.68677404633317, 816.1377819676094, 901.3590214016489, 110.07974165108973, 93.19176329519499, 67.56675837955402, 9.584320454403418, 230.02535426593371, 186.5138182213176, 58.93252348821311, 71.68477708112917, 101.82312020851845, 9.612265425294979, 5.829627530506508, 269.1382237830955, 89.88803241035588, 103.01336840368985, 56.787244384852166, 432.41224151319614, 17.40159495802625, 286.2920971278809, 125.88609660533352, 443.14212910515676, 10.544364102300406, 105.5831841599255, 365.0707383833408, 12.7221366857807, 236.89653543573883, 82.71522068173662, 244.38886439105315, 56.81103511997378, 14.746104488256254, 212.88801031225273, 362.1970932793233, 318.30565944772394, 303.9165618145088, 21.664495348992915, 398.9343444329902, 60.834074158280416, 9.63703335781216, 101.849764024053, 278.639481503365, 133.6219778038273, 91.24182839235782, 9.572429949170793, 25.933461258951453, 13.105844782192625, 144.8001695653947, 365.29575705454886, 9.735118160806717, 62.158541170752905]]"
81,"[[(0, 47), (15, 31), (22, 20), (24, 46), (24, 49), (37, 31), (47, 6), (47, 9), (1, 14), (1, 41), (1, 49), (20, 11), (20, 13), (20, 43), (2, 31), (29, 4), (29, 18), (29, 33), (30, 7), (35, 2), (35, 33), (35, 36), (39, 4), (39, 12), (39, 30), (39, 47), (6, 38), (21, 16), (42, 25), (42, 34), (5, 35), (9, 22), (13, 24), (13, 32), (13, 40), (23, 9), (26, 15), (28, 12), (38, 29), (40, 47), (43, 30), (45, 13), (45, 16), (45, 24), (10, 9), (10, 47), (18, 14), (18, 38), (27, 17), (8, 47), (19, 34), (34, 46), (12, 15), (11, 6), (11, 15), (11, 31), (25, 1), (36, 32), (36, 45)]]","[[106.06703548295859, 14.131122349956623, 27.283417008433545, 7.242174586455863, 120.96037367376712, 42.28648524019239, 132.20234438473187, 788.4522936773647, 117.95740845721284, 426.5973024929579, 956.8567724465856, 126.54008444363079, 65.87963885596369, 167.43446573172457, 214.4045389709448, 248.09727744416784, 210.86446882478387, 46.328404691411684, 71.20110149754152, 777.3349879519246, 13.261062461028324, 9.651343620477677, 236.55310645929347, 89.50428751364252, 41.77572400618487, 53.9160894216497, 302.53425853608456, 29.997778255400092, 269.12862325575514, 156.79758911297233, 755.559779242197, 8.59595219256068, 103.56435518312637, 372.2946172975508, 14.520504533647296, 243.07902331788677, 42.091143929479394, 219.04385628064097, 52.31679511850937, 26.151048317570528, 236.49935484887607, 345.93183635509644, 280.21875882887593, 293.54308219404015, 36.29978153380521, 406.25426725982044, 58.437655973954485, 9.389084273382675, 130.7394551085877, 718.721975254596, 139.66102770990034, 148.93271184435525, 8.53803804115381, 77.42918449371517, 13.72234176249646, 73.69439631749582, 184.64830479369, 10.130539236944529, 84.16262267816238]]"
82,"[[(0, 47), (15, 31), (22, 20), (24, 46), (24, 49), (37, 31), (47, 6), (47, 9), (1, 14), (1, 41), (1, 49), (20, 11), (20, 13), (20, 43), (2, 31), (29, 4), (29, 18), (29, 33), (30, 7), (35, 2), (35, 33), (35, 36), (39, 4), (39, 12), (39, 30), (39, 47), (6, 38), (21, 16), (42, 25), (42, 34), (5, 35), (9, 22), (13, 24), (13, 32), (13, 40), (23, 9), (26, 15), (28, 12), (38, 29), (40, 47), (43, 30), (45, 13), (45, 16), (45, 24), (10, 9), (10, 47), (18, 14), (18, 38), (27, 17), (8, 47), (19, 34), (34, 46), (12, 15), (11, 6), (11, 15), (11, 31), (25, 1), (36, 32), (36, 45)]]","[[196.80433306842258, 10.336842795385145, 19.639493203844413, 9.190845918210941, 339.9062126377029, 50.36032653504786, 155.0570698522786, 310.9158057251384, 150.9161865363729, 899.0502559564792, 960.2340872730745, 89.77346352781584, 114.89029815337584, 59.033808009413654, 64.91562962071633, 208.25654149772865, 281.6458970994777, 48.26947868641051, 70.80568438631244, 69.64060386454102, 14.946953971153748, 9.69604470738226, 895.9209314491773, 78.20652746907983, 80.02940453978148, 38.66982130427978, 390.63730062472723, 17.174738545263885, 299.97999754140113, 169.46987117679754, 534.49712437927, 42.038725469893016, 105.60705262355707, 361.831487551025, 8.034949932125407, 262.29842561047377, 60.57396062759423, 334.753456718384, 72.97232877111138, 13.927219887825249, 216.27534681242275, 328.0224935406397, 59.31847121292102, 287.84799711909716, 33.02850594025356, 388.7578035614557, 60.474716418734914, 12.000985665031642, 110.07216003460098, 866.6428698088016, 248.69271140305173, 84.81376743490597, 9.835427341672522, 68.19583322199105, 13.062147366277761, 143.05139930788778, 182.19382884288365, 8.02987229479158, 103.52394188472411]]"
83,"[[(0, 47), (15, 31), (22, 20), (24, 46), (24, 49), (37, 31), (47, 6), (47, 9), (1, 14), (1, 41), (1, 49), (20, 11), (20, 13), (20, 43), (2, 31), (29, 4), (29, 18), (29, 33), (30, 7), (35, 2), (35, 33), (35, 36), (39, 4), (39, 12), (39, 30), (39, 47), (6, 38), (21, 16), (42, 25), (42, 34), (5, 35), (9, 22), (13, 24), (13, 32), (13, 40), (23, 9), (26, 15), (28, 12), (38, 29), (40, 47), (43, 30), (45, 13), (45, 16), (45, 24), (10, 9), (10, 47), (18, 14), (18, 38), (27, 17), (8, 47), (19, 34), (34, 46), (12, 15), (11, 6), (11, 15), (11, 31), (25, 1), (36, 32), (36, 45)]]","[[135.91456250520966, 12.090135871983804, 38.165193392318926, 15.333426742864015, 228.8954209968423, 105.89049803182967, 307.1866708214661, 492.56658062336396, 138.6992113432423, 669.5654755938373, 890.0194740750449, 39.74313544974329, 72.54217275727308, 116.1055898965811, 294.0999552043484, 82.39571709088403, 69.3158073728228, 13.637499021865583, 70.33113819076381, 111.07561001881803, 14.254515612172481, 8.699556658706282, 530.1715316170026, 82.1886575469018, 83.16542059356419, 56.85880607610286, 410.8710572337397, 41.40723056433592, 276.788509535311, 131.41152636882885, 496.4131674235248, 14.781958218663268, 104.81371790257265, 374.1430480456854, 11.690456505550927, 216.73245558826116, 24.36754035976136, 255.65074064618406, 44.468801858352215, 11.334765048050414, 144.07224167658146, 375.75306010470933, 311.280152255919, 285.3027848672168, 0.3323225410381525, 381.93348148017077, 60.270358529729265, 12.3921244444041, 143.20987015927847, 407.1538604207323, 206.83451369033207, 157.83844672079616, 11.815468598877352, 59.59906016492502, 14.85806288454193, 150.97206797661016, 332.5331163199306, 11.234279500978637, 95.18573940265883]]"
84,"[[(0, 47), (15, 31), (22, 20), (24, 46), (24, 49), (37, 31), (47, 6), (47, 9), (1, 14), (1, 41), (1, 49), (20, 11), (20, 13), (20, 43), (2, 31), (29, 4), (29, 18), (29, 33), (30, 7), (35, 2), (35, 33), (35, 36), (39, 4), (39, 12), (39, 30), (39, 47), (6, 38), (21, 16), (42, 25), (42, 34), (5, 35), (9, 22), (13, 24), (13, 32), (13, 40), (23, 9), (26, 15), (28, 12), (38, 29), (40, 47), (43, 30), (45, 13), (45, 16), (45, 24), (10, 9), (10, 47), (18, 14), (18, 38), (27, 17), (8, 47), (19, 34), (34, 46), (12, 15), (11, 6), (11, 15), (11, 31), (25, 1), (36, 32), (36, 45)]]","[[154.54829804516692, 10.814988461399938, 23.850145262835195, 11.90764667409342, 355.4087443709743, 52.13948139659938, 426.8316191198648, 766.0990197591308, 113.6522789010794, 518.9825534042557, 949.3638035114451, 135.86979255021856, 104.41541736634701, 119.91319166510058, 285.9237772853296, 151.82070872789433, 181.08478050695757, 19.85082136864895, 71.69455639265531, 744.9585154549798, 8.061488504668915, 1.0171742688516427, 718.5358064376513, 76.09380754548263, 43.97095497379178, 57.81333480946203, 366.6023598674348, 7.21252668915786, 273.6850812000107, 148.54259057889163, 411.0542665813574, 11.667996805204364, 102.76256190224015, 366.7603127379543, 12.639126944612242, 224.1085408643794, 49.776304687429516, 302.7650055990756, 55.93947048805509, 21.103415158797304, 211.017282069521, 294.6419275328724, 810.3751952975455, 314.7471405372826, 16.019266170141066, 386.3975587607015, 61.61153568958475, 11.495379650412248, 112.90570073632897, 786.2672679254538, 193.69786499754073, 91.31283769121524, 10.34452707432875, 76.91211655978185, 13.758689549609358, 103.1098227835187, 385.2939708884943, 10.33293416189306, 114.007905566842]]"
85,"[[(0, 47), (15, 31), (22, 20), (24, 46), (24, 49), (37, 31), (47, 6), (47, 9), (1, 14), (1, 41), (1, 49), (20, 11), (20, 13), (20, 43), (2, 31), (29, 4), (29, 18), (29, 33), (30, 7), (35, 2), (35, 33), (35, 36), (39, 4), (39, 12), (39, 30), (39, 47), (6, 38), (21, 16), (42, 25), (42, 34), (5, 35), (9, 22), (13, 24), (13, 32), (13, 40), (23, 9), (26, 15), (28, 12), (38, 29), (40, 47), (43, 30), (45, 13), (45, 16), (45, 24), (10, 9), (10, 47), (18, 14), (18, 38), (27, 17), (8, 47), (19, 34), (34, 46), (12, 15), (11, 6), (11, 15), (11, 31), (25, 1), (36, 32), (36, 45)]]","[[32.78111275493756, 9.780910195619187, 29.94435898231272, 10.43854153960417, 389.9515404909036, 29.40734011501359, 292.4499515898872, 313.72974733171225, 166.93056216312402, 384.29649444309064, 959.370672597066, 123.18296924986237, 105.12625253564596, 21.50027944560741, 13.04600393938744, 235.34854022656563, 198.87053319368192, 31.693256801294844, 71.42896730405239, 899.7575385020903, 10.856037829035902, 7.830000539263873, 527.5887723545677, 81.72489220543278, 77.75809376136183, 46.18642981103623, 299.2506292058387, 48.21048208190265, 212.91007314230032, 156.22757027988507, 554.8243670118059, 22.049014352243866, 102.82055603369184, 362.94337185531276, 18.34459119101666, 240.65150411227006, 72.63333728499201, 268.9195264220348, 58.153161592941316, 18.555030909219226, 164.79453390345358, 331.3198515583754, 276.5057617587996, 322.7662827265753, 36.395630461738506, 405.12677994040916, 60.84471197007123, 10.423725768439091, 142.12311223347058, 506.76372620061454, 135.63469778960166, 46.88929238360193, 6.3713877179232865, 68.41401936900355, 13.749183005679235, 139.74444777658022, 427.2388959644422, 10.563315677298856, 115.30275728322778]]"
86,"[[(0, 47), (15, 31), (22, 20), (24, 46), (24, 49), (37, 31), (47, 6), (47, 9), (1, 14), (1, 41), (1, 49), (20, 11), (20, 13), (20, 43), (2, 31), (29, 4), (29, 18), (29, 33), (30, 7), (35, 2), (35, 33), (35, 36), (39, 4), (39, 12), (39, 30), (39, 47), (6, 38), (21, 16), (42, 25), (42, 34), (5, 35), (9, 22), (13, 24), (13, 32), (13, 40), (23, 9), (26, 15), (28, 12), (38, 29), (40, 47), (43, 30), (45, 13), (45, 16), (45, 24), (10, 9), (10, 47), (18, 14), (18, 38), (27, 17), (8, 47), (19, 34), (34, 46), (12, 15), (11, 6), (11, 15), (11, 31), (25, 1), (36, 32), (36, 45)]]","[[54.45116011768781, 9.48524165413651, 38.00437291730624, 6.521353665803654, 366.6944851275756, 43.49836812450515, 173.03934750863792, 432.92880758498046, 123.13138514590324, 238.77536017761014, 899.0697226991508, 96.10861729766069, 106.04864870038806, 188.0232587547393, 244.29586462927998, 213.26946633879214, 149.49813902849436, 34.714904080560544, 71.91665781144991, 1031.9681208025474, 9.991091087508797, 8.12946370885899, 713.4834364183631, 78.32856098143554, 65.84165783395423, 48.50725171534657, 295.75650098578177, 28.42152679467355, 292.655631688562, 119.83474350501737, 607.9608177448092, 10.126368414783949, 102.3289754213407, 360.74256135851766, 19.79644352010886, 212.7042101066151, 32.876288253228886, 224.2201230241014, 72.27134738394398, 13.363328859192498, 228.83208936511778, 360.7448709490611, 155.1156868687934, 314.8274243365441, 34.78820511472477, 380.8371751148446, 62.52224270189501, 12.282097390326992, 88.7277099375028, 220.6446303367211, 84.3617379751214, 171.5049058180959, 11.471951534282601, 37.866572252847135, 14.638713429477791, 134.00548506040656, 355.2573262226572, 15.142432723010575, 112.85777372784563]]"
87,"[[(0, 47), (15, 31), (22, 20), (24, 46), (24, 49), (37, 31), (47, 6), (47, 9), (1, 14), (1, 41), (1, 49), (20, 11), (20, 13), (20, 43), (2, 31), (29, 4), (29, 18), (29, 33), (30, 7), (35, 2), (35, 33), (35, 36), (39, 4), (39, 12), (39, 30), (39, 47), (6, 38), (21, 16), (42, 25), (42, 34), (5, 35), (9, 22), (13, 24), (13, 32), (13, 40), (23, 9), (26, 15), (28, 12), (38, 29), (40, 47), (43, 30), (45, 13), (45, 16), (45, 24), (10, 9), (10, 47), (18, 14), (18, 38), (27, 17), (8, 47), (19, 34), (34, 46), (12, 15), (11, 6), (11, 15), (11, 31), (25, 1), (36, 32), (36, 45)]]","[[20.888002231632548, 11.889631047649852, 12.122698489498125, 9.60559888975942, 214.0315750607865, 47.12404151317224, 164.7791257809472, 621.2953072274448, 147.44391951735014, 115.60266970092079, 942.4458474533078, 65.30569602397033, 83.44602701611285, 93.16700032653826, 436.3517425255966, 181.19831935438782, 118.01914405207317, 14.753244196381301, 70.403521790011, 831.8204739733834, 14.074318779133398, 3.6083009639315353, 319.24229251752615, 83.53995225863545, 54.68965495810042, 40.19276357323323, 328.6417076429882, 39.97152633390831, 324.46651444193384, 131.72882115017978, 123.63310519239946, 0.9667522142568463, 104.29721859937897, 375.3814897171858, 13.354146131815646, 263.372935692866, 76.57344740495041, 258.9783018517319, 70.34431546563115, 18.87162804875814, 217.4929206206776, 294.88949262253516, 242.2982986732107, 321.6633857642422, 16.956283353736325, 416.09976013911194, 58.54922641459592, 12.210884024225543, 151.90414763388625, 585.1761297009359, 121.02836847696739, 147.88567606134657, 6.732910756171166, 75.21155708219798, 14.52783363435799, 104.00495985553262, 431.4901066416047, 8.420557525436449, 114.04365373097602]]"
88,"[[(0, 47), (15, 31), (22, 20), (24, 46), (24, 49), (37, 31), (47, 6), (47, 9), (1, 14), (1, 41), (1, 49), (20, 11), (20, 13), (20, 43), (2, 31), (29, 4), (29, 18), (29, 33), (30, 7), (35, 2), (35, 33), (35, 36), (39, 4), (39, 12), (39, 30), (39, 47), (6, 38), (21, 16), (42, 25), (42, 34), (5, 35), (9, 22), (13, 24), (13, 32), (13, 40), (23, 9), (26, 15), (28, 12), (38, 29), (40, 47), (43, 30), (45, 13), (45, 16), (45, 24), (10, 9), (10, 47), (18, 14), (18, 38), (27, 17), (8, 47), (19, 34), (34, 46), (12, 15), (11, 6), (11, 15), (11, 31), (25, 1), (36, 32), (36, 45)]]","[[118.36216147857091, 9.718695532709713, 12.104810268273395, 10.70976447414278, 241.34987267805582, 57.89047161473214, 188.38070055057722, 740.1688720447921, 155.47449798068087, 529.529222391074, 901.2316359009606, 119.63734473163841, 68.93027494759374, 23.476345164755422, 385.2042724509871, 91.83654149895942, 305.2194097621319, 20.872035684527077, 70.81468230460789, 400.8550780341354, 15.450754927026066, 8.386216888801322, 644.8566737676512, 93.56668347807933, 69.29067172561034, 46.03896021886962, 382.9280044670856, 44.1030914276038, 225.8703985265758, 122.46449012390823, 345.5387266312982, 32.827515632421154, 103.49087452392529, 370.59765133007096, 13.259652550645166, 220.7551765170154, 76.62327952058875, 215.17581842719238, 63.77291868391198, 14.697533815337602, 257.6091098103224, 372.01695715636413, 915.6590878341708, 287.826552864078, 15.493952555762029, 410.2177828864797, 62.754622593418446, 10.535287337508514, 55.713243408174904, 546.0316943272587, 262.87613811810724, 240.41315437341083, 11.526328487227536, 72.14873669416966, 14.890051369214584, 158.33252766885792, 265.57418601764255, 14.213266832039551, 75.47895039114525]]"
89,"[[(0, 47), (15, 31), (22, 20), (24, 46), (24, 49), (37, 31), (47, 6), (47, 9), (1, 14), (1, 41), (1, 49), (20, 11), (20, 13), (20, 43), (2, 31), (29, 4), (29, 18), (29, 33), (30, 7), (35, 2), (35, 33), (35, 36), (39, 4), (39, 12), (39, 30), (39, 47), (6, 38), (21, 16), (42, 25), (42, 34), (5, 35), (9, 22), (13, 24), (13, 32), (13, 40), (23, 9), (26, 15), (28, 12), (38, 29), (40, 47), (43, 30), (45, 13), (45, 16), (45, 24), (10, 9), (10, 47), (18, 14), (18, 38), (27, 17), (8, 47), (19, 34), (34, 46), (12, 15), (11, 6), (11, 15), (11, 31), (25, 1), (36, 32), (36, 45)]]","[[70.28816717030611, 10.96742095539985, 35.236553378317474, 6.923574622585046, 175.22970268380706, 88.71669123697197, 246.24346560470283, 291.54933864067334, 142.40895773147787, 927.0624482756333, 960.5135504660183, 83.88527995344896, 86.36933288942524, 55.713079055525945, 348.5937013543811, 102.17626655715388, 65.57977001135576, 21.47569731578473, 70.86684532445192, 747.5048898440979, 19.123808113816864, 4.227613787851469, 690.4521444340835, 90.27220978209841, 40.91742892950495, 51.99334630887536, 341.318100953991, 16.92848116930123, 214.21204488727506, 148.56849875656584, 114.19281818844318, 44.53186815708403, 103.89259119014058, 372.68933507361163, 16.712910581920088, 236.52631488262415, 83.96664814110785, 367.5688131924709, 52.896682001002205, 16.220063321819893, 256.6368229971038, 337.95732861212673, 64.86679159437153, 318.0720357991359, 25.544015617463977, 387.643243640774, 58.326331101911656, 11.365265767754376, 104.93957493037442, 852.9420622838779, 121.46816348244064, 80.5051360283725, 11.64849380740441, 68.70627020310098, 13.872680901442449, 96.7422829262839, 348.24328640141, 14.771244083385241, 109.46614657405777]]"
90,"[[(0, 47), (15, 31), (22, 20), (24, 46), (24, 49), (37, 31), (47, 6), (47, 9), (1, 14), (1, 41), (1, 49), (20, 11), (20, 13), (20, 43), (2, 31), (29, 4), (29, 18), (29, 33), (30, 7), (35, 2), (35, 33), (35, 36), (39, 4), (39, 12), (39, 30), (39, 47), (6, 38), (21, 16), (42, 25), (42, 34), (5, 35), (9, 22), (13, 24), (13, 32), (13, 40), (23, 9), (26, 15), (28, 12), (38, 29), (40, 47), (43, 30), (45, 13), (45, 16), (45, 24), (10, 9), (10, 47), (18, 14), (18, 38), (27, 17), (8, 47), (19, 34), (34, 46), (12, 15), (11, 6), (11, 15), (11, 31), (25, 1), (36, 32), (36, 45)]]","[[188.83221699933242, 14.494508187819314, 24.325251484255716, 9.111055440631317, 317.6026886914909, 41.10068911170995, 374.14074753175254, 473.5231702964038, 97.40733254903076, 687.9954962839747, 890.8937771651835, 82.70829009602974, 117.64875149676514, 140.4753673755041, 355.0438666277287, 136.40182630442766, 74.15049199782268, 14.451698342130914, 70.24294269771899, 456.1893226604623, 9.356411995760258, 4.775809495600043, 1026.2794982311118, 81.84152295379269, 55.47118445466912, 29.038863622456248, 302.32236657636724, 19.27060827460512, 307.13229232193817, 141.37435403777442, 567.1235910140185, 51.349366022661094, 104.00313538705191, 369.645722532365, 19.061887685704097, 254.13410080152687, 72.72143942768767, 370.4189253606348, 46.09048576961863, 10.397684288356086, 148.3709074531589, 401.45563760053517, 718.9160273209493, 306.0155861183678, 17.00973294386309, 380.4644333483784, 60.5870000635241, 11.020114971476442, 144.51345528598046, 501.4419899361543, 143.09645034610583, 214.33121258287156, 8.259629590201964, 45.81704015155223, 13.839178496533606, 126.47795894333773, 396.65521786240697, 13.619292353884896, 85.46174291095801]]"
91,"[[(0, 47), (15, 31), (22, 20), (24, 46), (24, 49), (37, 31), (47, 6), (47, 9), (1, 14), (1, 41), (1, 49), (20, 11), (20, 13), (20, 43), (2, 31), (29, 4), (29, 18), (29, 33), (30, 7), (35, 2), (35, 33), (35, 36), (39, 4), (39, 12), (39, 30), (39, 47), (6, 38), (21, 16), (42, 25), (42, 34), (5, 35), (9, 22), (13, 24), (13, 32), (13, 40), (23, 9), (26, 15), (28, 12), (38, 29), (40, 47), (43, 30), (45, 13), (45, 16), (45, 24), (10, 9), (10, 47), (18, 14), (18, 38), (27, 17), (8, 47), (19, 34), (34, 46), (12, 15), (11, 6), (11, 15), (11, 31), (25, 1), (36, 32), (36, 45)]]","[[26.11906196828724, 14.377528489706872, 30.716783586954406, 10.454862357528604, 267.66414350823345, 51.753926651435236, 563.5859221253711, 325.0961106175595, 104.19857808926481, 863.4215818159449, 886.2086161352357, 51.256552513223255, 64.70403253326583, 50.459363054154885, 82.45161941088236, 114.02505216540754, 261.74190224456606, 58.151761524699516, 71.63612875613914, 780.0854768975137, 16.07120599361738, 9.045053615238986, 893.6689913971952, 93.55335248860825, 49.76126906177033, 54.97587021505487, 396.4540078799057, 3.0596960403465756, 214.3809942927107, 150.67502325241512, 271.89158909752734, 19.971782799896648, 103.6409745368094, 374.9460038132994, 16.13131652063921, 224.30742057332102, 50.276935302171154, 363.06316243450965, 67.05278778928039, 13.540246952085154, 215.18032269352602, 389.76556272991485, 502.42724715743583, 302.45678292022524, 23.487701425658656, 406.1438380346681, 60.09668397847412, 10.03461772254869, 132.9521892792366, 687.7427722392562, 153.721580881924, 65.71252977886043, 8.713241214072834, 53.67628244918164, 13.38117523286962, 96.92760089736143, 232.4418794294255, 12.614823370034642, 61.86129580806705]]"
92,"[[(0, 47), (15, 31), (22, 20), (24, 46), (24, 49), (37, 31), (47, 6), (47, 9), (1, 14), (1, 41), (1, 49), (20, 11), (20, 13), (20, 43), (2, 31), (29, 4), (29, 18), (29, 33), (30, 7), (35, 2), (35, 33), (35, 36), (39, 4), (39, 12), (39, 30), (39, 47), (6, 38), (21, 16), (42, 25), (42, 34), (5, 35), (9, 22), (13, 24), (13, 32), (13, 40), (23, 9), (26, 15), (28, 12), (38, 29), (40, 47), (43, 30), (45, 13), (45, 16), (45, 24), (10, 9), (10, 47), (18, 14), (18, 38), (27, 17), (8, 47), (19, 34), (34, 46), (12, 15), (11, 6), (11, 15), (11, 31), (25, 1), (36, 32), (36, 45)]]","[[139.0417990598059, 13.983391229531247, 34.79957402584488, 10.930485448202392, 391.80684110411704, 40.503763440722395, 494.17167219221443, 307.44336303645616, 124.43245411432287, 415.24936873607845, 968.1873383751555, 51.54650729927526, 62.41921029282577, 212.74002090638982, 295.8763490222509, 130.4490750290268, 81.06175170767106, 59.3810752477856, 71.81962626632699, 1079.756538354879, 16.643444159767075, 5.376757334856375, 1074.1699829708855, 84.82253173773228, 42.5140454895486, 36.232038461436744, 304.83334418747927, 25.83295373065495, 274.8247134033687, 144.73451498649032, 638.0571003907627, 51.515920001404126, 105.16484979092856, 360.86387138822687, 8.874205810715155, 243.74764251467343, 32.96528500997628, 236.5511506151724, 44.641255470960054, 16.04872806056371, 169.99448793491246, 382.5736952581269, 488.0241902651378, 302.4885780827871, 8.960795455396546, 397.2611302263022, 61.68246149796193, 12.193796862126847, 102.2912617971165, 556.342244151143, 171.83126928322315, 220.20518589489404, 9.082491368263355, 50.9600467060149, 14.461713966269851, 206.67688152336495, 286.887186817131, 8.363827830706065, 76.28044001580767]]"
93,"[[(0, 47), (15, 31), (22, 20), (24, 46), (24, 49), (37, 31), (47, 6), (47, 9), (1, 14), (1, 41), (1, 49), (20, 11), (20, 13), (20, 43), (2, 31), (29, 4), (29, 18), (29, 33), (30, 7), (35, 2), (35, 33), (35, 36), (39, 4), (39, 12), (39, 30), (39, 47), (6, 38), (21, 16), (42, 25), (42, 34), (5, 35), (9, 22), (13, 24), (13, 32), (13, 40), (23, 9), (26, 15), (28, 12), (38, 29), (40, 47), (43, 30), (45, 13), (45, 16), (45, 24), (10, 9), (10, 47), (18, 14), (18, 38), (27, 17), (8, 47), (19, 34), (34, 46), (12, 15), (11, 6), (11, 15), (11, 31), (25, 1), (36, 32), (36, 45)]]","[[128.5989082913357, 11.577414748087918, 19.765924660884266, 7.918889853900662, 366.22260159500377, 118.74025193076812, 97.4591103885179, 829.2689851044001, 163.00691163351144, 1161.4563845841158, 952.4460425979383, 87.74991820871486, 58.10710969538036, 119.85436650274757, 330.1406474377223, 148.85585147000478, 249.11996397795596, 36.93186541510582, 71.95310665668309, 281.8241538201605, 14.450945840443369, 3.5077267341996343, 785.564984693622, 89.79502617942714, 55.26784712496943, 37.5435188954059, 443.04283911105586, 49.06263094055044, 304.0939767517094, 130.8014033595763, 550.379774003075, 1.2088031985772425, 103.63383097926064, 374.3827696987447, 12.698450426590295, 225.42732404785207, 56.54602078519815, 229.65707890842947, 46.43368318873349, 17.49256779189723, 195.5536230285319, 346.1143844749063, 894.5343185352623, 325.5292747600819, 29.38411507609823, 417.7187465818091, 61.27287856803239, 12.353142646819544, 68.52804703915848, 269.9122327452098, 259.6958818240363, 174.67535888393033, 8.912832566133424, 53.97825470770184, 14.218229722719004, 230.5893078073996, 333.64420935284403, 13.491101039415033, 77.81013662925274]]"
94,"[[(0, 47), (15, 31), (22, 20), (24, 46), (24, 49), (37, 31), (47, 6), (47, 9), (1, 14), (1, 41), (1, 49), (20, 11), (20, 13), (20, 43), (2, 31), (29, 4), (29, 18), (29, 33), (30, 7), (35, 2), (35, 33), (35, 36), (39, 4), (39, 12), (39, 30), (39, 47), (6, 38), (21, 16), (42, 25), (42, 34), (5, 35), (9, 22), (13, 24), (13, 32), (13, 40), (23, 9), (26, 15), (28, 12), (38, 29), (40, 47), (43, 30), (45, 13), (45, 16), (45, 24), (10, 9), (10, 47), (18, 14), (18, 38), (27, 17), (8, 47), (19, 34), (34, 46), (12, 15), (11, 6), (11, 15), (11, 31), (25, 1), (36, 32), (36, 45)]]","[[87.43452815581774, 9.415615310715113, 5.301388658531856, 8.98022486906592, 119.07850494850801, 78.59303695434738, 137.92384042904985, 370.8696317248702, 125.90188552388727, 160.5863414514339, 872.8768347882001, 66.494389683392, 62.593534247462316, 171.89807206398459, 72.7235431847033, 174.21812565357118, 100.19862931211517, 22.381635501407008, 71.74360292318872, 465.90363339954536, 11.559963203360475, 6.550099816927453, 1153.4968458224898, 92.25719947601254, 62.77287694951806, 47.223314770732024, 364.46490667990463, 5.089699422981774, 291.781819159915, 126.19386104233939, 675.6805319962807, 51.05716000253442, 103.56973601203248, 360.29678278202664, 16.703127716184134, 213.82546433018678, 42.06148409502375, 283.3163578350064, 53.5750214483522, 18.95092551936503, 252.36695260577005, 383.64773887067645, 691.5864554780909, 293.3277645129167, 2.964756062119247, 402.3004878890613, 59.28745407310845, 10.809824036572417, 55.21086053471041, 661.2137029825498, 232.2160208499479, 190.28061018018553, 6.721460569640559, 40.41446369776409, 14.488808591848471, 154.13854987952385, 386.8620384011598, 11.574840785193057, 77.96559283776752]]"
95,"[[(0, 47), (15, 31), (22, 20), (24, 46), (24, 49), (37, 31), (47, 6), (47, 9), (1, 14), (1, 41), (1, 49), (20, 11), (20, 13), (20, 43), (2, 31), (29, 4), (29, 18), (29, 33), (30, 7), (35, 2), (35, 33), (35, 36), (39, 4), (39, 12), (39, 30), (39, 47), (6, 38), (21, 16), (42, 25), (42, 34), (5, 35), (9, 22), (13, 24), (13, 32), (13, 40), (23, 9), (26, 15), (28, 12), (38, 29), (40, 47), (43, 30), (45, 13), (45, 16), (45, 24), (10, 9), (10, 47), (18, 14), (18, 38), (27, 17), (8, 47), (19, 34), (34, 46), (12, 15), (11, 6), (11, 15), (11, 31), (25, 1), (36, 32), (36, 45)]]","[[195.99124897090692, 11.670320169673722, 21.765615427778382, 14.514797618196331, 108.23932993078417, 63.51686475310218, 515.9595766178311, 888.3615913366898, 168.96364096834697, 114.81321893766446, 953.7687390288951, 54.5301422425864, 59.59267847859215, 147.42036905507203, 82.182177033746, 125.01263206762204, 184.3390251679966, 18.5535139880906, 70.82202725753709, 910.1755736852316, 5.139492465086253, 2.7195539707187057, 1028.838152728551, 83.38304269750677, 95.44594203184747, 56.46492528668149, 304.66708198394275, 35.1322728646444, 269.5093476149721, 147.6210595252427, 387.99043473607566, 15.49563085373631, 103.99888656755537, 375.02356813704984, 9.274866937732403, 259.87786650633865, 33.21343365444314, 324.1966342970452, 72.83786388909348, 13.826793032458388, 233.4787184418994, 272.02058390433035, 902.9474508043694, 287.34581471363543, 14.857176449406545, 396.56122704639927, 61.23762033180718, 12.564954693128849, 65.3211182487772, 861.5988905561347, 205.83205538088168, 237.33557290613086, 11.035532171056635, 68.83165740837828, 13.412949763326306, 103.57454232808928, 308.5136729845166, 13.54978291683138, 114.23723686320153]]"
96,"[[(0, 47), (15, 31), (22, 20), (24, 46), (24, 49), (37, 31), (47, 6), (47, 9), (1, 14), (1, 41), (1, 49), (20, 11), (20, 13), (20, 43), (2, 31), (29, 4), (29, 18), (29, 33), (30, 7), (35, 2), (35, 33), (35, 36), (39, 4), (39, 12), (39, 30), (39, 47), (6, 38), (21, 16), (42, 25), (42, 34), (5, 35), (9, 22), (13, 24), (13, 32), (13, 40), (23, 9), (26, 15), (28, 12), (38, 29), (40, 47), (43, 30), (45, 13), (45, 16), (45, 24), (10, 9), (10, 47), (18, 14), (18, 38), (27, 17), (8, 47), (19, 34), (34, 46), (12, 15), (11, 6), (11, 15), (11, 31), (25, 1), (36, 32), (36, 45)]]","[[90.53724064143148, 11.698228253757083, 16.80170616867212, 11.627465994464819, 125.67744627642641, 69.48720588675823, 189.45129334928293, 876.1653942757029, 141.66396722791515, 120.61703365447298, 959.0618422218155, 123.94507448843244, 107.66965782089049, 57.17004494696704, 65.07967271409998, 223.00039396790655, 110.22458851887353, 42.4896022036497, 70.8388471465336, 895.9200517531144, 9.162918028809083, 0.5946330956154611, 200.7724805262368, 91.74932216863424, 98.04576275529718, 33.22565082918351, 414.45351511054423, 21.1417809261286, 207.6938893783532, 136.37309721230167, 540.859153181113, 4.059372245959855, 103.48310717828936, 364.3669037858893, 8.537817733415155, 252.79148048851968, 72.40722752143728, 265.8112000443117, 63.73867263837643, 11.734541947584951, 176.26861628876296, 280.4894606836397, 434.716998227452, 312.2504257730766, 20.165241188250928, 394.8530934715858, 62.48856247518745, 9.660445670908608, 74.50154151933852, 535.4492501643921, 173.4898188881216, 220.56558185130706, 6.6604585948555, 33.50299177792786, 14.216087468258381, 68.8926856062322, 191.968698908954, 13.766147062702359, 93.63627348000085]]"
97,"[[(0, 47), (15, 31), (22, 20), (24, 46), (24, 49), (37, 31), (47, 6), (47, 9), (1, 14), (1, 41), (1, 49), (20, 11), (20, 13), (20, 43), (2, 31), (29, 4), (29, 18), (29, 33), (30, 7), (35, 2), (35, 33), (35, 36), (39, 4), (39, 12), (39, 30), (39, 47), (6, 38), (21, 16), (42, 25), (42, 34), (5, 35), (9, 22), (13, 24), (13, 32), (13, 40), (23, 9), (26, 15), (28, 12), (38, 29), (40, 47), (43, 30), (45, 13), (45, 16), (45, 24), (10, 9), (10, 47), (18, 14), (18, 38), (27, 17), (8, 47), (19, 34), (34, 46), (12, 15), (11, 6), (11, 15), (11, 31), (25, 1), (36, 32), (36, 45)]]","[[197.17024658086507, 13.638370902420935, 10.602570091495453, 15.359482056413253, 296.7635602367866, 95.72018499259754, 545.8226234576515, 376.56698901915183, 166.76874000043608, 474.2260904617025, 933.8212355544529, 105.83424503149114, 107.42221096203352, 100.9470556178629, 270.1000130125578, 204.71704606415318, 208.03003423734785, 47.57681789454652, 70.01828385015051, 411.47394164406643, 4.967240304705811, 5.921579289196817, 372.71972438875105, 75.71366660230015, 76.10231035451847, 51.48757615935595, 369.7338040408098, 34.50623049470601, 308.57228708668134, 142.68228016524003, 146.93392018324076, 0.07213978524571263, 103.8319776488868, 367.30148457093156, 19.549511770019887, 214.75450494106488, 43.55494757675167, 225.19898091377505, 55.84737441074605, 18.660610906120926, 146.9598885403613, 345.82077714468437, 106.94260151274595, 309.7366443988502, 13.74671085112162, 404.28683144346854, 58.60116838398102, 12.993350891089896, 144.5308617058556, 481.6886619746915, 184.82355130642276, 227.6911862291668, 7.276497568878041, 63.090441899137446, 14.072604144885647, 206.517219625637, 363.1788727762115, 15.295295268186223, 78.1784966264497]]"
98,"[[(0, 47), (15, 31), (22, 20), (24, 46), (24, 49), (37, 31), (47, 6), (47, 9), (1, 14), (1, 41), (1, 49), (20, 11), (20, 13), (20, 43), (2, 31), (29, 4), (29, 18), (29, 33), (30, 7), (35, 2), (35, 33), (35, 36), (39, 4), (39, 12), (39, 30), (39, 47), (6, 38), (21, 16), (42, 25), (42, 34), (5, 35), (9, 22), (13, 24), (13, 32), (13, 40), (23, 9), (26, 15), (28, 12), (38, 29), (40, 47), (43, 30), (45, 13), (45, 16), (45, 24), (10, 9), (10, 47), (18, 14), (18, 38), (27, 17), (8, 47), (19, 34), (34, 46), (12, 15), (11, 6), (11, 15), (11, 31), (25, 1), (36, 32), (36, 45)]]","[[138.00147172584175, 12.522934100320768, 27.881244050692647, 6.78015869958624, 289.0071389984682, 78.45150424396034, 280.646699729094, 745.3433043209188, 114.55528220647042, 455.65814924466827, 871.7796516913136, 53.09591227980377, 71.02966631570787, 11.511122430585653, 285.0512973277167, 134.82133294115317, 111.6395793345132, 46.54611814377864, 71.84600566154538, 450.7512563597215, 7.973596631857273, 7.598268900726612, 669.5127520514233, 85.66515846678725, 48.648864525353254, 33.78070815036274, 355.34650970521847, 39.88112139116857, 308.8522486743, 128.18489064188321, 726.4067387171152, 2.3239506582502374, 104.72190205682452, 374.13667815169424, 17.347734043760298, 249.46166549936444, 26.491133408033093, 250.1566865284433, 44.69329040752086, 16.906574237849554, 246.4709788809944, 299.68464232060495, 226.55149133129888, 304.779902449346, 16.438105411048547, 385.2327314227732, 63.81797435522573, 9.306548904693711, 124.83926532541486, 198.027364280785, 72.99622384124383, 211.7589018702652, 8.743763352348182, 27.8637787591293, 13.788239917522368, 131.64957936271466, 161.3520705200533, 14.595340972251215, 98.16091675730587]]"
99,"[[(0, 47), (15, 31), (22, 20), (24, 46), (24, 49), (37, 31), (47, 6), (47, 9), (1, 14), (1, 41), (1, 49), (20, 11), (20, 13), (20, 43), (2, 31), (29, 4), (29, 18), (29, 33), (30, 7), (35, 2), (35, 33), (35, 36), (39, 4), (39, 12), (39, 30), (39, 47), (6, 38), (21, 16), (42, 25), (42, 34), (5, 35), (9, 22), (13, 24), (13, 32), (13, 40), (23, 9), (26, 15), (28, 12), (38, 29), (40, 47), (43, 30), (45, 13), (45, 16), (45, 24), (10, 9), (10, 47), (18, 14), (18, 38), (27, 17), (8, 47), (19, 34), (34, 46), (12, 15), (11, 6), (11, 15), (11, 31), (25, 1), (36, 32), (36, 45)]]","[[191.85909412448746, 14.101525734214178, 28.420693978386954, 6.86421953739789, 347.10779485336104, 97.95599850358722, 279.5099623594895, 707.5280877560508, 149.19156882685462, 780.3482506039023, 898.2626693447326, 67.35052840911871, 50.63588031436661, 177.16306876752006, 128.84979272496466, 99.7032417622933, 98.76751833218711, 23.19906537879902, 70.96180905948681, 346.45296163228335, 16.60165628905491, 5.246864526683771, 212.2154260825919, 75.98328103136892, 89.68973385586935, 51.669252531075415, 350.33999094767455, 44.16800273273674, 301.32439029728624, 126.33905774038146, 258.7007257489113, 27.993487293856454, 105.4321275700512, 363.77025520259707, 14.95508491023418, 222.13846153320395, 85.9861522533676, 230.83408131210655, 63.188998599931985, 15.248812649166648, 173.66537396927896, 396.3410672423195, 219.95756011356872, 306.4090422077832, 23.72301738205042, 417.4376395016931, 61.1696171596473, 11.202768515056693, 107.89511688056511, 550.6422312648722, 259.00936123653673, 59.262703346717245, 10.945721450018363, 74.68057094900811, 14.14967658534625, 163.1024216506918, 226.49649144644036, 15.93142908028462, 95.66384487937992]]"
