scene,edge,cost
0,"[[(0, 3), (0, 34), (13, 7), (19, 4), (19, 21), (24, 8), (24, 18), (34, 36), (4, 11), (17, 18), (17, 19), (23, 32), (32, 18), (32, 37), (2, 11), (2, 20), (2, 31), (11, 17), (15, 8), (20, 7), (20, 10), (31, 14), (31, 23), (12, 15), (12, 18), (22, 10), (37, 4), (37, 10), (37, 14), (14, 4), (38, 12), (38, 16), (5, 6), (5, 30), (6, 8), (6, 23), (33, 13), (28, 37), (7, 30), (27, 11), (27, 23), (27, 31), (27, 36), (9, 38), (16, 35), (16, 39), (29, 13)]]","[[26.60225839443735, 660.4937783063631, 30.487393031458637, 103.48518186854292, 25.192942208651697, 86.60288004456498, 57.767262111853256, 47.51015279421169, 66.81308272050174, 12.669178841315528, 4.350711825755263, 65.85728370804108, 286.84435412059514, 42.167046550096664, 64.96163222772283, 14.4523269975314, 166.5477452953219, 42.183585612611985, 37.25404196571393, 23.209670775552354, 164.60815831105333, 28.338338428071623, 135.07515851812514, 52.37589883467912, 135.32079747229727, 89.1607093862953, 143.32798400246196, 396.21086003234427, 418.66438127867553, 103.16714372511834, 4.493764938221249, 135.02938406277974, 7.906055575844839, 404.32964610670706, 10.206932408252804, 56.79430620476129, 1.9534020880181393, 105.06587310220678, 143.53370177490498, 142.4337184289571, 57.75168628413335, 12.263885780181148, 168.5541214139054, 596.0898659438124, 160.0853882801582, 38.980956487816286, 231.73235261386594]]"
1,"[[(0, 3), (0, 34), (13, 7), (19, 4), (19, 21), (24, 8), (24, 18), (34, 36), (4, 11), (17, 18), (17, 19), (23, 32), (32, 18), (32, 37), (2, 11), (2, 20), (2, 31), (11, 17), (15, 8), (20, 7), (20, 10), (31, 14), (31, 23), (12, 15), (12, 18), (22, 10), (37, 4), (37, 10), (37, 14), (14, 4), (38, 12), (38, 16), (5, 6), (5, 30), (6, 8), (6, 23), (33, 13), (28, 37), (7, 30), (27, 11), (27, 23), (27, 31), (27, 36), (9, 38), (16, 35), (16, 39), (29, 13)]]","[[32.596712688820034, 660.3377480295998, 67.70008249327321, 178.52773277269148, 28.81404411061099, 44.749249545143385, 91.16378647128263, 34.29043672375469, 64.62248186992358, 8.379287667019026, 5.131870277761526, 69.1574076130854, 239.53428496286375, 38.09939678248075, 106.40200435478795, 9.416412079808488, 152.2721900687097, 27.35475136937974, 35.748440084763175, 27.426444495440446, 178.8249464241996, 148.68693663541714, 122.55304934511796, 51.48834834878669, 53.49117375855699, 72.7266346546381, 394.48789159464167, 373.6514621208821, 225.21792421530557, 141.2247486135705, 3.1579224627457094, 195.70570936899404, 7.705174450967491, 463.42496370807606, 8.328342883428679, 50.685967310554304, 12.029869990554458, 68.30714793361594, 54.43717893833473, 98.88989311897267, 73.2288571677513, 2.725999173290741, 168.79254529329717, 512.0151901418558, 166.41365119501916, 15.008125081480765, 170.05643891403668]]"
2,"[[(0, 3), (0, 34), (13, 7), (19, 4), (19, 21), (24, 8), (24, 18), (34, 36), (4, 11), (17, 18), (17, 19), (23, 32), (32, 18), (32, 37), (2, 11), (2, 20), (2, 31), (11, 17), (15, 8), (20, 7), (20, 10), (31, 14), (31, 23), (12, 15), (12, 18), (22, 10), (37, 4), (37, 10), (37, 14), (14, 4), (38, 12), (38, 16), (5, 6), (5, 30), (6, 8), (6, 23), (33, 13), (28, 37), (7, 30), (27, 11), (27, 23), (27, 31), (27, 36), (9, 38), (16, 35), (16, 39), (29, 13)]]","[[26.05977513164287, 638.0771329454368, 56.48793496885311, 91.73647739821016, 30.137011037642424, 68.69737502960194, 62.76287301282414, 34.237853181849545, 93.54520279220894, 11.69756406917454, 7.803110721792771, 68.69825422849158, 125.77275502940432, 43.7423994989439, 38.909980430943875, 4.804518733824702, 179.3095873125245, 83.91556616269625, 20.691457245373865, 18.30958200923302, 171.12299344933987, 44.276213386482226, 115.49814716169416, 52.09267732646622, 109.38422596192407, 25.034894680781406, 215.77285086674252, 442.09216035090594, 355.83501858452445, 79.41003383921442, 2.2563140899056218, 36.98690777298626, 8.362975876054644, 443.6424541894072, 14.294914557321718, 27.020829247496824, 24.80961782275736, 83.22331976011112, 239.0859411027431, 113.94184840900492, 65.75663813256631, 0.6086296940977616, 141.91220331627784, 514.5438693909381, 162.7539844302586, 10.873214795056306, 215.59334477362808]]"
3,"[[(0, 3), (0, 34), (13, 7), (19, 4), (19, 21), (24, 8), (24, 18), (34, 36), (4, 11), (17, 18), (17, 19), (23, 32), (32, 18), (32, 37), (2, 11), (2, 20), (2, 31), (11, 17), (15, 8), (20, 7), (20, 10), (31, 14), (31, 23), (12, 15), (12, 18), (22, 10), (37, 4), (37, 10), (37, 14), (14, 4), (38, 12), (38, 16), (5, 6), (5, 30), (6, 8), (6, 23), (33, 13), (28, 37), (7, 30), (27, 11), (27, 23), (27, 31), (27, 36), (9, 38), (16, 35), (16, 39), (29, 13)]]","[[34.2071145336989, 652.6479705904054, 97.84058622357234, 102.59929957809263, 24.39429714111319, 51.504788976764004, 73.12201234673537, 55.25055427750416, 87.66899039898585, 9.331582069058019, 7.886463738797779, 70.36552517193616, 296.89839378605234, 42.681606380363576, 72.12050051535724, 13.5902135449671, 170.6174590250314, 47.89212131508029, 21.27659962684726, 26.742457722060827, 152.78527911639546, 93.15900117031529, 133.3146154776951, 52.4127393730335, 24.170314591176933, 63.5526367409615, 80.67030454470445, 445.4334699654846, 303.5347553550936, 105.20231346292003, 2.9072826950606534, 42.203794223584715, 7.484161799948602, 436.9471328863957, 9.452344129280707, 33.66378349896293, 30.123114711871334, 83.59887192362115, 277.99878679442344, 74.18659366664086, 88.65522222620669, 4.573232292808326, 112.14226572498303, 582.8923538699676, 136.6018570227194, 12.061959234984307, 242.13025850785493]]"
4,"[[(0, 3), (0, 34), (13, 7), (19, 4), (19, 21), (24, 8), (24, 18), (34, 36), (4, 11), (17, 18), (17, 19), (23, 32), (32, 18), (32, 37), (2, 11), (2, 20), (2, 31), (11, 17), (15, 8), (20, 7), (20, 10), (31, 14), (31, 23), (12, 15), (12, 18), (22, 10), (37, 4), (37, 10), (37, 14), (14, 4), (38, 12), (38, 16), (5, 6), (5, 30), (6, 8), (6, 23), (33, 13), (28, 37), (7, 30), (27, 11), (27, 23), (27, 31), (27, 36), (9, 38), (16, 35), (16, 39), (29, 13)]]","[[30.647046821451223, 653.0116983457465, 84.99932967189828, 173.83555241476319, 33.530826529923615, 94.96453622593654, 66.66205789840495, 45.8349737992006, 72.97027369450038, 12.05483936244599, 6.784867485849217, 66.47128546174213, 251.28345632646256, 40.44872358224865, 69.18402320077946, 6.033274837569992, 133.13073028640713, 57.60727701577875, 37.19162820268599, 19.376546828444447, 192.26473868447516, 188.64400148607075, 142.37522231843926, 51.39185618172192, 29.181589054638884, 40.447342899790065, 382.0632571543804, 470.570700662764, 278.01588869767124, 149.83009142112593, 4.177697098547599, 93.55969731136699, 8.04026989599825, 455.7693414188278, 15.008183806273536, 45.69287217952272, 14.949265473228639, 97.10313570316099, 127.86977084653275, 165.07836171379014, 56.18288119475662, 11.570812566377429, 183.59146713002468, 629.165365256003, 138.2583469674398, 34.14078101976335, 254.83570431741134]]"
5,"[[(0, 3), (0, 34), (13, 7), (19, 4), (19, 21), (24, 8), (24, 18), (34, 36), (4, 11), (17, 18), (17, 19), (23, 32), (32, 18), (32, 37), (2, 11), (2, 20), (2, 31), (11, 17), (15, 8), (20, 7), (20, 10), (31, 14), (31, 23), (12, 15), (12, 18), (22, 10), (37, 4), (37, 10), (37, 14), (14, 4), (38, 12), (38, 16), (5, 6), (5, 30), (6, 8), (6, 23), (33, 13), (28, 37), (7, 30), (27, 11), (27, 23), (27, 31), (27, 36), (9, 38), (16, 35), (16, 39), (29, 13)]]","[[35.763403981622744, 644.0160576963134, 47.471252546815236, 196.4043100741423, 30.585983898536462, 96.46405596348234, 71.82718637746001, 27.225889725190534, 119.28816184143814, 7.537963511070009, 1.6876968008699258, 69.33509035739434, 155.48049720574733, 39.83380918644976, 23.414246661500492, 11.417180909677448, 166.50651864278734, 38.03808047597499, 37.9125334042403, 21.0640738606879, 189.39380848853017, 108.02940771340998, 113.18514499676994, 51.63033216627619, 88.2381203535704, 114.57578930634033, 352.4542065239936, 439.7092910309002, 293.2837878115529, 68.29964686145607, 3.8632723521772045, 42.277174279398956, 8.952205298715583, 437.5301780255372, 17.2798332945014, 42.991069811971585, 5.183868667441438, 62.38630462230992, 268.9879076541209, 134.01706034324542, 51.45139578445693, 0.6754986655821602, 169.41787420895992, 579.6341842967959, 154.51534033891042, 19.387852909824215, 280.9978475945618]]"
6,"[[(0, 3), (0, 34), (13, 7), (19, 4), (19, 21), (24, 8), (24, 18), (34, 36), (4, 11), (17, 18), (17, 19), (23, 32), (32, 18), (32, 37), (2, 11), (2, 20), (2, 31), (11, 17), (15, 8), (20, 7), (20, 10), (31, 14), (31, 23), (12, 15), (12, 18), (22, 10), (37, 4), (37, 10), (37, 14), (14, 4), (38, 12), (38, 16), (5, 6), (5, 30), (6, 8), (6, 23), (33, 13), (28, 37), (7, 30), (27, 11), (27, 23), (27, 31), (27, 36), (9, 38), (16, 35), (16, 39), (29, 13)]]","[[28.862870205874074, 656.267343764156, 89.30852906978483, 131.24257957011994, 29.95158369360646, 82.07830427431267, 55.96853292565031, 51.76332429257734, 29.008786498257138, 8.227504368085022, 2.710151772709061, 68.292461240308, 211.10077034051437, 41.14227024320633, 65.22507574964467, 15.351534817684605, 139.530343182561, 34.79762132916465, 50.984489268126644, 18.482917574508317, 173.99943647551055, 121.59687546764708, 116.31915694562765, 51.632916041856745, 28.733377590127066, 45.40645242856925, 176.37785470365708, 416.19387014351196, 415.40957399477844, 90.66657599459992, 3.439888850330374, 202.45645458917824, 8.567909815774584, 414.1340329890805, 7.229403438097479, 34.64227696199036, 10.734938102381449, 77.40623532944132, 206.0675111042507, 70.86970424307822, 89.52885790801541, 0.8368204778927881, 148.01124043686042, 579.1310730563388, 160.99398128915573, 37.791861302233734, 288.37824353210453]]"
7,"[[(0, 3), (0, 34), (13, 7), (19, 4), (19, 21), (24, 8), (24, 18), (34, 36), (4, 11), (17, 18), (17, 19), (23, 32), (32, 18), (32, 37), (2, 11), (2, 20), (2, 31), (11, 17), (15, 8), (20, 7), (20, 10), (31, 14), (31, 23), (12, 15), (12, 18), (22, 10), (37, 4), (37, 10), (37, 14), (14, 4), (38, 12), (38, 16), (5, 6), (5, 30), (6, 8), (6, 23), (33, 13), (28, 37), (7, 30), (27, 11), (27, 23), (27, 31), (27, 36), (9, 38), (16, 35), (16, 39), (29, 13)]]","[[35.50892327075309, 639.9769634589547, 37.91086871728139, 142.4369256165956, 36.270587404961255, 50.32274704098376, 69.67774228374674, 32.25587265538831, 154.62613177993595, 10.271500769742866, 6.386848637749958, 70.22341629414225, 220.16220506369655, 39.95733863277514, 100.96769388965849, 5.139782148127518, 126.32339202072637, 60.80291672473913, 56.18835459124783, 17.592032324669205, 189.06851400589608, 201.20028335990708, 125.42606230977643, 52.8509536292647, 171.34025308115292, 98.94784921037053, 443.15693644090516, 439.6588627619919, 316.6714594530104, 101.08039556097009, 4.849695759454695, 169.9716524914939, 7.7025255887609685, 430.06623002058006, 6.542590377048691, 43.955465198511995, 16.34875805153391, 103.90822823565351, 136.88908117872197, 21.447248932303154, 29.121151260645888, 7.735971430924296, 140.2977378553651, 630.1745705387772, 155.97095953987272, 33.89248744191532, 283.4511816620317]]"
8,"[[(0, 3), (0, 34), (13, 7), (19, 4), (19, 21), (24, 8), (24, 18), (34, 36), (4, 11), (17, 18), (17, 19), (23, 32), (32, 18), (32, 37), (2, 11), (2, 20), (2, 31), (11, 17), (15, 8), (20, 7), (20, 10), (31, 14), (31, 23), (12, 15), (12, 18), (22, 10), (37, 4), (37, 10), (37, 14), (14, 4), (38, 12), (38, 16), (5, 6), (5, 30), (6, 8), (6, 23), (33, 13), (28, 37), (7, 30), (27, 11), (27, 23), (27, 31), (27, 36), (9, 38), (16, 35), (16, 39), (29, 13)]]","[[31.495961864559654, 657.412392190536, 108.88433254607115, 216.65350379932354, 36.740919822833426, 114.32390555290142, 88.62049733040598, 22.48320582559873, 110.26877043030433, 8.276335123810506, 7.077369989211119, 65.74650563502391, 156.4564192448285, 42.18724422496307, 124.16531710919932, 15.146358100488653, 167.89024157966853, 81.71771418747174, 45.447914971122074, 23.760573990652823, 172.02242039545743, 195.37563350106174, 138.0661799337873, 52.94647553163544, 47.57828199831134, 41.2974543318406, 410.96194703375863, 412.2018604896662, 333.4858734963782, 41.92837730189605, 1.115659293725853, 178.4426163487327, 7.361367183332152, 405.27063300091197, 11.652420958525067, 29.78457925904013, 2.1279513984563163, 125.5938845903838, 229.77919567236586, 98.8678011188877, 83.9606613048512, 7.947298035670817, 159.24953761458048, 559.8700709795705, 153.02135984253158, 35.873131728065985, 245.25264942206454]]"
9,"[[(0, 3), (0, 34), (13, 7), (19, 4), (19, 21), (24, 8), (24, 18), (34, 36), (4, 11), (17, 18), (17, 19), (23, 32), (32, 18), (32, 37), (2, 11), (2, 20), (2, 31), (11, 17), (15, 8), (20, 7), (20, 10), (31, 14), (31, 23), (12, 15), (12, 18), (22, 10), (37, 4), (37, 10), (37, 14), (14, 4), (38, 12), (38, 16), (5, 6), (5, 30), (6, 8), (6, 23), (33, 13), (28, 37), (7, 30), (27, 11), (27, 23), (27, 31), (27, 36), (9, 38), (16, 35), (16, 39), (29, 13)]]","[[30.80571433814947, 655.0603619329626, 79.96236384792346, 140.83118150945506, 38.01147712788935, 45.41050663664923, 59.50502504916455, 48.84598991871082, 10.175917365846725, 10.236826866713075, 7.4283027496891885, 70.73113221906512, 201.4259289725729, 43.30444153275565, 111.4838155368544, 10.25565180738106, 143.13382245997045, 30.799392154981874, 58.23394212692867, 26.12982023976312, 195.99924097161266, 168.70386202478196, 125.78911201436092, 52.67759244909128, 129.13464848721532, 71.21822650723433, 124.470620337381, 477.9627193960132, 434.56502065901816, 115.807173314377, 3.706107238291196, 53.56292534778538, 8.568620585471168, 428.376437813279, 10.274849043095294, 56.833975401200576, 10.684323412585778, 120.8455096184069, 167.65187707845305, 119.86381030741974, 19.822233855944347, 13.285692982407225, 166.37916450153122, 475.08021255518145, 138.51071099452466, 24.752645493782687, 256.5447558266163]]"
10,"[[(0, 3), (0, 34), (13, 7), (19, 4), (19, 21), (24, 8), (24, 18), (34, 36), (4, 11), (17, 18), (17, 19), (23, 32), (32, 18), (32, 37), (2, 11), (2, 20), (2, 31), (11, 17), (15, 8), (20, 7), (20, 10), (31, 14), (31, 23), (12, 15), (12, 18), (22, 10), (37, 4), (37, 10), (37, 14), (14, 4), (38, 12), (38, 16), (5, 6), (5, 30), (6, 8), (6, 23), (33, 13), (28, 37), (7, 30), (27, 11), (27, 23), (27, 31), (27, 36), (9, 38), (16, 35), (16, 39), (29, 13)]]","[[33.924810183457105, 658.5572292483128, 113.40435897260829, 163.67104834634756, 35.3191863430835, 54.038585243602284, 59.29971234441844, 43.59018332151618, 54.64002872818915, 8.517622049627317, 4.008540931081838, 71.22045655091273, 213.2292630339336, 40.36490687103077, 53.938663109411436, 6.298396936874152, 179.88708547260575, 55.49128140774667, 43.89246536101169, 23.371254174526214, 178.59385030977458, 80.73334518571399, 145.3169099916733, 51.885598394399835, 174.41461235126363, 94.88203066071236, 435.222730698851, 330.45681611059894, 455.8287212928449, 60.72431406182791, 3.783719003792086, 193.2627400987971, 7.213859688859999, 475.17036722710156, 16.337538968167003, 31.421771559159517, 23.651881127040046, 100.9952570955348, 150.56628962745467, 90.8658869286509, 37.87975427095115, 11.227602115329498, 128.6373020876225, 612.0093072325246, 176.10539575253074, 18.844580096112892, 224.0952876356135]]"
11,"[[(0, 3), (0, 34), (13, 7), (19, 4), (19, 21), (24, 8), (24, 18), (34, 36), (4, 11), (17, 18), (17, 19), (23, 32), (32, 18), (32, 37), (2, 11), (2, 20), (2, 31), (11, 17), (15, 8), (20, 7), (20, 10), (31, 14), (31, 23), (12, 15), (12, 18), (22, 10), (37, 4), (37, 10), (37, 14), (14, 4), (38, 12), (38, 16), (5, 6), (5, 30), (6, 8), (6, 23), (33, 13), (28, 37), (7, 30), (27, 11), (27, 23), (27, 31), (27, 36), (9, 38), (16, 35), (16, 39), (29, 13)]]","[[35.682399256726505, 640.9185770853414, 84.30810319205834, 169.0702373508759, 33.51865718851191, 48.49581513486605, 58.85912210151626, 21.51660187226277, 60.863298319808045, 12.289439734374355, 5.092489738654643, 69.79502462399056, 181.471629134465, 44.43834082408167, 70.0527671870723, 8.853261081968006, 152.18957287920372, 17.52144363321028, 24.280716333557592, 27.915720467289752, 171.79303825115375, 127.06184072404211, 135.196126454807, 52.50680641884329, 140.01470012963767, 26.189346036153157, 275.4724365493488, 438.4712572257913, 451.9259214339953, 69.7530600338539, 4.832399560754615, 55.96500143911149, 7.45989773113933, 458.90979660230335, 8.605855978531368, 27.370109827541178, 8.963631393142308, 51.39102489465425, 61.99498443982402, 123.90646440744436, 31.898520645421634, 5.319235704924929, 163.3295912183409, 512.0040310360306, 143.04413471236253, 5.5230314825738684, 229.98495335533863]]"
12,"[[(0, 3), (0, 34), (13, 7), (19, 4), (19, 21), (24, 8), (24, 18), (34, 36), (4, 11), (17, 18), (17, 19), (23, 32), (32, 18), (32, 37), (2, 11), (2, 20), (2, 31), (11, 17), (15, 8), (20, 7), (20, 10), (31, 14), (31, 23), (12, 15), (12, 18), (22, 10), (37, 4), (37, 10), (37, 14), (14, 4), (38, 12), (38, 16), (5, 6), (5, 30), (6, 8), (6, 23), (33, 13), (28, 37), (7, 30), (27, 11), (27, 23), (27, 31), (27, 36), (9, 38), (16, 35), (16, 39), (29, 13)]]","[[26.272081972369712, 648.8623059811295, 50.46865048074741, 188.46352736929884, 28.739423454750536, 52.392281596663224, 90.09668672137013, 20.09853271990826, 94.76411979545205, 11.472080902552044, 0.5748326209383423, 70.95533341989446, 119.64493501710662, 39.64659779150703, 115.63948128327789, 12.659697858654303, 125.25006435905549, 21.059736904860408, 37.83562754656077, 29.819203638244048, 132.45857869128568, 121.37361376770204, 148.59141521112835, 51.54761402031105, 117.97449512619093, 47.56917468547374, 322.70416789880574, 427.76233422818444, 241.51217967693782, 140.94720041604342, 4.305566764292077, 107.79812231046284, 8.705689455799622, 393.66052227883137, 6.824471328854053, 31.594769408514992, 8.768954800168107, 40.47958120236443, 292.5936507698525, 94.43826315112295, 41.379837627035016, 10.592900649043466, 112.00064890785863, 598.1347909925306, 148.7264192195827, 9.833105697443838, 185.30877077495188]]"
13,"[[(0, 3), (0, 34), (13, 7), (19, 4), (19, 21), (24, 8), (24, 18), (34, 36), (4, 11), (17, 18), (17, 19), (23, 32), (32, 18), (32, 37), (2, 11), (2, 20), (2, 31), (11, 17), (15, 8), (20, 7), (20, 10), (31, 14), (31, 23), (12, 15), (12, 18), (22, 10), (37, 4), (37, 10), (37, 14), (14, 4), (38, 12), (38, 16), (5, 6), (5, 30), (6, 8), (6, 23), (33, 13), (28, 37), (7, 30), (27, 11), (27, 23), (27, 31), (27, 36), (9, 38), (16, 35), (16, 39), (29, 13)]]","[[31.15342718442554, 654.2503238642464, 65.05714124603193, 110.03981552573936, 32.29326423023592, 45.891049359498226, 72.86990607493686, 36.86686112445765, 12.904852911221564, 12.639298200642987, 1.4293177702148627, 69.66479418209984, 265.28054961978813, 43.456745716826156, 58.03029931952291, 8.4760384535728, 177.58474410313053, 47.696571006036656, 34.87454651058197, 17.58085317163204, 191.32971106612644, 172.6985872679892, 141.9202524075523, 51.32898945224271, 127.02249530009634, 70.87335875629219, 160.76832496600684, 426.83540269023297, 309.59912021288847, 127.45414186977493, 3.8163390085951727, 63.94973638897774, 7.643940209680328, 441.09936554853266, 10.62669931533853, 40.857279986613406, 24.2120786477004, 70.599884847252, 185.7796344950079, 168.79350269101687, 78.96653230613146, 8.140315043800168, 182.96968860013956, 480.6870579274932, 133.58926040017917, 33.184419697727094, 178.274981157039]]"
14,"[[(0, 3), (0, 34), (13, 7), (19, 4), (19, 21), (24, 8), (24, 18), (34, 36), (4, 11), (17, 18), (17, 19), (23, 32), (32, 18), (32, 37), (2, 11), (2, 20), (2, 31), (11, 17), (15, 8), (20, 7), (20, 10), (31, 14), (31, 23), (12, 15), (12, 18), (22, 10), (37, 4), (37, 10), (37, 14), (14, 4), (38, 12), (38, 16), (5, 6), (5, 30), (6, 8), (6, 23), (33, 13), (28, 37), (7, 30), (27, 11), (27, 23), (27, 31), (27, 36), (9, 38), (16, 35), (16, 39), (29, 13)]]","[[35.84334331522771, 645.3751983307995, 55.47393862310593, 97.99621387594594, 32.80353659575265, 37.96160999245084, 52.484974592146315, 31.87196853599176, 7.009675256962595, 8.335264901862788, 4.201395843893726, 64.56977518416691, 136.84936236791123, 44.457189624157955, 133.30871795292643, 4.098448799205698, 165.70519212850147, 36.24135185260223, 55.2628211191544, 26.57633450290311, 182.83376765158573, 48.90110363933157, 138.28958085279265, 52.5454409519564, 147.34405055434473, 112.23601690563167, 94.41964876758519, 438.8673512309354, 353.86727408293825, 156.82514942259087, 2.8706631051058653, 64.19740768708172, 8.04435023492346, 472.87014938307294, 9.265755529773637, 51.96996056446789, 9.255415721745049, 39.327378344448555, 97.86924722380581, 34.19739540132215, 55.89321093913852, 11.718340589313925, 144.68077624713789, 547.9440692647623, 154.80292181149838, 6.6367140841181556, 277.769303413462]]"
15,"[[(0, 3), (0, 34), (13, 7), (19, 4), (19, 21), (24, 8), (24, 18), (34, 36), (4, 11), (17, 18), (17, 19), (23, 32), (32, 18), (32, 37), (2, 11), (2, 20), (2, 31), (11, 17), (15, 8), (20, 7), (20, 10), (31, 14), (31, 23), (12, 15), (12, 18), (22, 10), (37, 4), (37, 10), (37, 14), (14, 4), (38, 12), (38, 16), (5, 6), (5, 30), (6, 8), (6, 23), (33, 13), (28, 37), (7, 30), (27, 11), (27, 23), (27, 31), (27, 36), (9, 38), (16, 35), (16, 39), (29, 13)]]","[[27.162078849343565, 640.6874482737788, 50.07257285296997, 111.47935101477985, 33.04362476586851, 44.897755636049915, 55.99703223811199, 41.519663148478195, 136.45098507892075, 11.93682117174799, 3.079382157194341, 70.38191363067541, 195.8680582442533, 37.479657569373614, 42.337065375619964, 6.6908331502100635, 156.99403041954176, 48.74886205272871, 48.750312194247265, 29.13687550852491, 162.95089752487235, 41.73756725886176, 137.243889547836, 51.61340543795324, 129.9533171070807, 103.73085004938744, 328.8536701134251, 377.6383109992383, 316.01610555374475, 49.01034396760621, 1.3006260789468844, 59.2295223602254, 8.304896224283226, 401.93750587315435, 8.675860602044931, 43.45110898122266, 15.987414052367598, 137.3191523849871, 213.36800315726276, 165.53022419475258, 60.48780766212163, 11.24148164362403, 178.31285238639032, 537.0347872159098, 168.0598991416917, 27.384497412284926, 154.21367294045706]]"
16,"[[(0, 3), (0, 34), (13, 7), (19, 4), (19, 21), (24, 8), (24, 18), (34, 36), (4, 11), (17, 18), (17, 19), (23, 32), (32, 18), (32, 37), (2, 11), (2, 20), (2, 31), (11, 17), (15, 8), (20, 7), (20, 10), (31, 14), (31, 23), (12, 15), (12, 18), (22, 10), (37, 4), (37, 10), (37, 14), (14, 4), (38, 12), (38, 16), (5, 6), (5, 30), (6, 8), (6, 23), (33, 13), (28, 37), (7, 30), (27, 11), (27, 23), (27, 31), (27, 36), (9, 38), (16, 35), (16, 39), (29, 13)]]","[[35.1998409224082, 657.7660748611614, 62.486520632837426, 176.33123356938222, 25.173253289711475, 72.96023677007732, 62.825426566927355, 27.154279196042662, 41.01835512555897, 7.137269761879116, 4.186997074878279, 65.06757439863436, 196.62717126003048, 44.29615443634755, 33.22015490911273, 9.37759816348521, 161.86943519758563, 80.70081860477117, 52.10695004277355, 16.650345287083745, 131.76901195894752, 149.98187913825413, 144.57715256788256, 51.427466633276225, 156.69123086681302, 47.10998213802718, 119.21021827160429, 435.49340494660396, 336.20074014814213, 43.90559102419367, 3.5340283985154843, 200.4268655553679, 8.767692879625653, 451.819634210731, 8.736670419760522, 56.055668845430446, 9.853095540332593, 94.63652460815669, 294.38133248969524, 117.297856487551, 99.76117320776893, 11.17684546669867, 119.77689742277532, 490.5434443573296, 142.73459466674606, 29.068938894755703, 249.78462427732973]]"
17,"[[(0, 3), (0, 34), (13, 7), (19, 4), (19, 21), (24, 8), (24, 18), (34, 36), (4, 11), (17, 18), (17, 19), (23, 32), (32, 18), (32, 37), (2, 11), (2, 20), (2, 31), (11, 17), (15, 8), (20, 7), (20, 10), (31, 14), (31, 23), (12, 15), (12, 18), (22, 10), (37, 4), (37, 10), (37, 14), (14, 4), (38, 12), (38, 16), (5, 6), (5, 30), (6, 8), (6, 23), (33, 13), (28, 37), (7, 30), (27, 11), (27, 23), (27, 31), (27, 36), (9, 38), (16, 35), (16, 39), (29, 13)]]","[[33.638427821241166, 660.4342999082646, 42.20265364967704, 132.33053996831683, 35.79598790603398, 51.688774321303995, 63.97404890556796, 23.93918771393315, 34.414825560906614, 12.216482223172022, 2.97768235310412, 68.98978037041051, 285.19444454208355, 38.91829209776583, 59.84412976695073, 10.261710758596385, 144.1245582796444, 55.92442165682215, 57.58783164754494, 26.409951842016326, 152.30941588943176, 33.29562175348366, 132.64817395585555, 51.356456985032914, 96.73179050921026, 109.67036238461984, 251.80707899933523, 386.8950139494375, 384.80462091819277, 92.65362172828864, 1.2383982931583115, 185.22968140928836, 7.572733829452581, 470.9733542088629, 15.044764580814746, 38.96013564291442, 15.824549711940243, 35.60251098300318, 112.23472069115103, 170.97631950423013, 61.99349562541401, 4.449666061268221, 155.74236553132744, 603.3676787220104, 138.96491856208453, 10.658843341671304, 265.6694885804973]]"
18,"[[(0, 3), (0, 34), (13, 7), (19, 4), (19, 21), (24, 8), (24, 18), (34, 36), (4, 11), (17, 18), (17, 19), (23, 32), (32, 18), (32, 37), (2, 11), (2, 20), (2, 31), (11, 17), (15, 8), (20, 7), (20, 10), (31, 14), (31, 23), (12, 15), (12, 18), (22, 10), (37, 4), (37, 10), (37, 14), (14, 4), (38, 12), (38, 16), (5, 6), (5, 30), (6, 8), (6, 23), (33, 13), (28, 37), (7, 30), (27, 11), (27, 23), (27, 31), (27, 36), (9, 38), (16, 35), (16, 39), (29, 13)]]","[[29.634311901159055, 643.8151842262796, 39.14269738204773, 222.2723303099231, 28.278696062535218, 117.92175674771912, 76.33310352341255, 37.80792753996337, 84.02644636685204, 9.237039904714443, 7.081314744195441, 71.50829549778027, 240.93162888078774, 40.64112817115893, 111.99971586826896, 11.881708868462843, 161.54773740598455, 25.904989255644928, 47.392860005276745, 20.682641530204226, 185.01290159531652, 121.60371549459295, 127.2217732148836, 51.47183799117582, 42.45516060547931, 47.00631405524753, 253.7644945516836, 421.1946011595022, 210.37563686437767, 78.88440185789018, 2.982181546082525, 68.76103031063604, 7.186740111700857, 409.54095508830704, 15.686032877285761, 53.8044261859435, 19.275885114206876, 52.918647741145826, 188.01973688674826, 37.202989545969494, 75.53259356661513, 10.497710182228335, 128.19387942974913, 642.0915637613389, 164.49664930418774, 20.780443463333512, 185.0400989643598]]"
19,"[[(0, 3), (0, 34), (13, 7), (19, 4), (19, 21), (24, 8), (24, 18), (34, 36), (4, 11), (17, 18), (17, 19), (23, 32), (32, 18), (32, 37), (2, 11), (2, 20), (2, 31), (11, 17), (15, 8), (20, 7), (20, 10), (31, 14), (31, 23), (12, 15), (12, 18), (22, 10), (37, 4), (37, 10), (37, 14), (14, 4), (38, 12), (38, 16), (5, 6), (5, 30), (6, 8), (6, 23), (33, 13), (28, 37), (7, 30), (27, 11), (27, 23), (27, 31), (27, 36), (9, 38), (16, 35), (16, 39), (29, 13)]]","[[30.70395215558104, 647.756798288411, 25.12170685549541, 139.12843978198742, 28.939793625765212, 97.59984685980953, 55.934522985820166, 35.28155950469453, 152.3091243748552, 7.516496339893341, 0.5035763789434826, 65.51514544239345, 229.11557156292236, 38.50527884511844, 131.7735383389164, 15.161680045555302, 163.61523461427856, 20.636868097249696, 12.77983305939779, 17.581321470202347, 158.90546921599412, 135.1510153198326, 113.73743492429936, 51.73849268042385, 63.38981012191557, 79.64687820924769, 292.4164206907404, 371.3675857838706, 414.25904871386035, 96.69011625579135, 4.7009574225667, 189.3208203141911, 7.478280236840467, 457.6450894130833, 7.208642095333432, 28.92336079615127, 17.329237203678517, 40.28163533334, 181.0540013667933, 146.84007077649045, 15.46793231276456, 10.882600066353003, 113.32508656523925, 489.58131568033514, 169.7724828637899, 12.228584882628901, 143.44539554064178]]"
20,"[[(0, 3), (0, 34), (13, 7), (19, 4), (19, 21), (24, 8), (24, 18), (34, 36), (4, 11), (17, 18), (17, 19), (23, 32), (32, 18), (32, 37), (2, 11), (2, 20), (2, 31), (11, 17), (15, 8), (20, 7), (20, 10), (31, 14), (31, 23), (12, 15), (12, 18), (22, 10), (37, 4), (37, 10), (37, 14), (14, 4), (38, 12), (38, 16), (5, 6), (5, 30), (6, 8), (6, 23), (33, 13), (28, 37), (7, 30), (27, 11), (27, 23), (27, 31), (27, 36), (9, 38), (16, 35), (16, 39), (29, 13)]]","[[28.502547625131637, 657.6156832879508, 30.18265451685617, 183.56023125696234, 33.32943677157792, 84.62638604433397, 61.54317869208418, 37.300291020486725, 108.26792759985226, 12.094747139870439, 4.220691313093336, 67.58255748903404, 127.69150183997014, 41.910918559533656, 39.80252713119918, 11.975001174929714, 137.45277635306937, 41.83803060122449, 28.499750401607436, 25.296355701195196, 183.9847388440045, 191.452929643927, 143.16934066570252, 51.249177903450054, 185.55713439116974, 63.169260440981844, 296.3515342014126, 467.47244750431946, 394.4562994115158, 159.89428035945937, 1.653429327182721, 129.23919986358214, 8.040204737443698, 475.6616900912369, 9.363958667216497, 29.141743482138505, 17.707488906635515, 33.32785301548602, 33.273670116208145, 36.00825660385374, 41.36272443487874, 5.320462472359773, 133.69413924064193, 577.0575723930265, 131.68188326367158, 16.331317378123785, 257.13267210407787]]"
21,"[[(0, 3), (0, 34), (13, 7), (19, 4), (19, 21), (24, 8), (24, 18), (34, 36), (4, 11), (17, 18), (17, 19), (23, 32), (32, 18), (32, 37), (2, 11), (2, 20), (2, 31), (11, 17), (15, 8), (20, 7), (20, 10), (31, 14), (31, 23), (12, 15), (12, 18), (22, 10), (37, 4), (37, 10), (37, 14), (14, 4), (38, 12), (38, 16), (5, 6), (5, 30), (6, 8), (6, 23), (33, 13), (28, 37), (7, 30), (27, 11), (27, 23), (27, 31), (27, 36), (9, 38), (16, 35), (16, 39), (29, 13)]]","[[29.09435810143071, 643.3532331957362, 38.555857167256335, 103.7316331158013, 38.219803332032356, 122.36336559009807, 55.17343120743493, 34.31805479240238, 151.62920955887608, 12.253567013650652, 5.995787284902434, 70.19801179556829, 180.6762290586578, 42.23826713333746, 27.423889753942582, 15.287637160880006, 185.09569984770616, 88.4931831180444, 23.884051045561293, 22.934378736246693, 165.69385756191727, 178.71559783557584, 116.51910820119835, 52.10965174110188, 128.08152036054298, 94.80002323715301, 426.8567146954212, 388.0173295229384, 384.5025082131996, 84.40676724404685, 2.552349461692045, 66.25366806000721, 8.5232729559781, 390.3267797363668, 16.71631755930535, 43.07812920600098, 25.45303807228001, 111.70565905161685, 166.72498354093875, 23.868512776549895, 98.76267981279027, 4.707014179967822, 171.20406930515736, 548.0489077674885, 179.07520154860345, 28.503983784954883, 274.2031539189928]]"
22,"[[(0, 3), (0, 34), (13, 7), (19, 4), (19, 21), (24, 8), (24, 18), (34, 36), (4, 11), (17, 18), (17, 19), (23, 32), (32, 18), (32, 37), (2, 11), (2, 20), (2, 31), (11, 17), (15, 8), (20, 7), (20, 10), (31, 14), (31, 23), (12, 15), (12, 18), (22, 10), (37, 4), (37, 10), (37, 14), (14, 4), (38, 12), (38, 16), (5, 6), (5, 30), (6, 8), (6, 23), (33, 13), (28, 37), (7, 30), (27, 11), (27, 23), (27, 31), (27, 36), (9, 38), (16, 35), (16, 39), (29, 13)]]","[[31.7832435275222, 656.745595606206, 84.25915624844976, 139.52371759053324, 37.0254690524369, 115.71152695011959, 85.63157831124411, 42.10444049059949, 120.56779051985414, 8.73907265505914, 7.941577199041676, 69.69485748156683, 132.19312707801743, 37.37077716149534, 111.37650364174043, 8.896767166537927, 169.3186510091686, 33.9606748286658, 43.10250616854551, 24.266718079318743, 185.80349709960626, 175.0015045206008, 126.36334207365924, 51.8776218587861, 106.80570536050436, 32.06332695355129, 229.23782936038822, 443.575899026065, 258.99969813424116, 111.34232992231783, 2.8373571361235004, 155.8055861044322, 8.3060608880658, 433.0144611502761, 16.28412143498751, 51.363726039584456, 10.612832783039618, 84.60810276428293, 148.4521444429816, 35.09100873863572, 60.81748654832151, 4.613340018792524, 178.38774504624178, 579.627874419368, 150.926180578248, 22.6583955822049, 158.61902491361082]]"
23,"[[(0, 3), (0, 34), (13, 7), (19, 4), (19, 21), (24, 8), (24, 18), (34, 36), (4, 11), (17, 18), (17, 19), (23, 32), (32, 18), (32, 37), (2, 11), (2, 20), (2, 31), (11, 17), (15, 8), (20, 7), (20, 10), (31, 14), (31, 23), (12, 15), (12, 18), (22, 10), (37, 4), (37, 10), (37, 14), (14, 4), (38, 12), (38, 16), (5, 6), (5, 30), (6, 8), (6, 23), (33, 13), (28, 37), (7, 30), (27, 11), (27, 23), (27, 31), (27, 36), (9, 38), (16, 35), (16, 39), (29, 13)]]","[[31.411128806714075, 660.8270368961888, 25.855114682425434, 158.1006625443208, 31.352226681459534, 38.03695443730617, 88.89284721456855, 45.09407035219269, 58.35208609399049, 8.592855462521477, 4.42610832928303, 65.2765051416479, 246.20709137380942, 40.46533506323077, 125.9957764050099, 4.032522297127238, 169.89910935200737, 87.15282182114045, 45.19107031498722, 23.96063639618005, 133.49402214460284, 106.51393285335514, 136.92550954293412, 52.76620681950096, 66.36056549123418, 97.800995340026, 337.00772384164094, 387.14074631661595, 334.8558458378177, 148.97292287697803, 4.638808250161733, 143.69430875669167, 7.051825972378168, 464.6243995789865, 5.289582214538307, 33.045558945553005, 4.711328173718295, 118.39323778451559, 43.04853443237742, 81.52105935183758, 48.410252174625846, 11.87256383859374, 159.67354074009864, 605.2546668158833, 165.06620978377973, 24.46176542299031, 152.31708847173707]]"
24,"[[(0, 3), (0, 34), (13, 7), (19, 4), (19, 21), (24, 8), (24, 18), (34, 36), (4, 11), (17, 18), (17, 19), (23, 32), (32, 18), (32, 37), (2, 11), (2, 20), (2, 31), (11, 17), (15, 8), (20, 7), (20, 10), (31, 14), (31, 23), (12, 15), (12, 18), (22, 10), (37, 4), (37, 10), (37, 14), (14, 4), (38, 12), (38, 16), (5, 6), (5, 30), (6, 8), (6, 23), (33, 13), (28, 37), (7, 30), (27, 11), (27, 23), (27, 31), (27, 36), (9, 38), (16, 35), (16, 39), (29, 13)]]","[[34.21831717047581, 638.4149295370372, 61.308578416637424, 199.0023437883762, 30.57787219289552, 72.41045943085311, 72.65126441752463, 50.81141140039557, 73.7523946261383, 8.03081576120569, 5.995927408066027, 69.3476128993399, 179.28415010043193, 38.62982693669791, 50.04105493341082, 15.176087546167414, 134.4134342339255, 29.77663143444978, 36.28859950804757, 18.456442306283662, 185.4926909753754, 186.06011713317778, 125.82842881852874, 52.311086451006744, 176.2091060407757, 81.95388638698068, 358.9832583173832, 357.25385501056167, 386.7112135959808, 87.98401673409325, 3.968450647189033, 96.77887224920727, 7.784753205004918, 408.62500814624275, 11.435200811726034, 28.58047700212877, 8.064024385818193, 34.949681373742266, 145.33701223682817, 171.66114341141193, 68.95626875608963, 2.609981567426236, 182.20276726570978, 648.4052478825122, 139.63611309228327, 26.301274277878296, 275.64417756318596]]"
25,"[[(0, 3), (0, 34), (13, 7), (19, 4), (19, 21), (24, 8), (24, 18), (34, 36), (4, 11), (17, 18), (17, 19), (23, 32), (32, 18), (32, 37), (2, 11), (2, 20), (2, 31), (11, 17), (15, 8), (20, 7), (20, 10), (31, 14), (31, 23), (12, 15), (12, 18), (22, 10), (37, 4), (37, 10), (37, 14), (14, 4), (38, 12), (38, 16), (5, 6), (5, 30), (6, 8), (6, 23), (33, 13), (28, 37), (7, 30), (27, 11), (27, 23), (27, 31), (27, 36), (9, 38), (16, 35), (16, 39), (29, 13)]]","[[29.960894000360685, 647.9099493559241, 93.83377422312691, 107.47095278011258, 29.383234553864618, 93.67120242879913, 49.90215155575761, 30.214134590699913, 149.59512615290603, 10.321872919896418, 1.4091360939383621, 64.71570991386254, 162.04167994953738, 38.639648210804566, 106.61843496498784, 6.767645272358058, 143.32427565127864, 76.0154480309679, 47.09872384621358, 16.41035334654277, 141.46017518617498, 124.2132640887564, 111.29428326712552, 51.137790730558706, 136.80531654495329, 68.96475492253593, 228.02797444901483, 376.5116649499778, 416.75206652863875, 47.62214274478402, 4.301644793129293, 214.67211520537265, 8.696586193494513, 393.0168625140942, 5.993322389302909, 54.11306635006048, 24.499118964887778, 111.08022058123193, 229.79994866361952, 150.08842132795837, 70.03409007062501, 0.9955219278265375, 116.8104611636935, 560.722772438014, 180.48617516384945, 29.79861628863223, 258.43164070934716]]"
26,"[[(0, 3), (0, 34), (13, 7), (19, 4), (19, 21), (24, 8), (24, 18), (34, 36), (4, 11), (17, 18), (17, 19), (23, 32), (32, 18), (32, 37), (2, 11), (2, 20), (2, 31), (11, 17), (15, 8), (20, 7), (20, 10), (31, 14), (31, 23), (12, 15), (12, 18), (22, 10), (37, 4), (37, 10), (37, 14), (14, 4), (38, 12), (38, 16), (5, 6), (5, 30), (6, 8), (6, 23), (33, 13), (28, 37), (7, 30), (27, 11), (27, 23), (27, 31), (27, 36), (9, 38), (16, 35), (16, 39), (29, 13)]]","[[26.462658579354596, 653.2753788928286, 57.697841365835096, 145.81727315155177, 25.71457875282089, 83.99843425084028, 51.1151127011734, 30.721705524839553, 89.57397172802582, 8.344462499465408, 0.4941698470778437, 64.96212820579474, 236.05629064778108, 39.902306896134576, 73.49988291392026, 10.687870468329614, 150.36717837359947, 82.94955015131536, 26.126163119845113, 26.496843249155244, 164.82527528555545, 47.74634479246885, 112.71795220120437, 52.37510197810574, 94.8269267649868, 45.93279597872647, 342.85770490766316, 357.22917787193444, 226.96718816385325, 33.90150709780025, 3.391393862545982, 67.91128693456835, 7.29763526864573, 425.2389289882265, 5.814167320350837, 33.59830322225437, 10.42746604153353, 81.8296039839129, 293.05745982796475, 162.97613517391096, 32.139351600792764, 2.6130060731525764, 148.5764706591911, 622.2346441710233, 163.85205700742975, 6.342214088898213, 182.4473226109344]]"
27,"[[(0, 3), (0, 34), (13, 7), (19, 4), (19, 21), (24, 8), (24, 18), (34, 36), (4, 11), (17, 18), (17, 19), (23, 32), (32, 18), (32, 37), (2, 11), (2, 20), (2, 31), (11, 17), (15, 8), (20, 7), (20, 10), (31, 14), (31, 23), (12, 15), (12, 18), (22, 10), (37, 4), (37, 10), (37, 14), (14, 4), (38, 12), (38, 16), (5, 6), (5, 30), (6, 8), (6, 23), (33, 13), (28, 37), (7, 30), (27, 11), (27, 23), (27, 31), (27, 36), (9, 38), (16, 35), (16, 39), (29, 13)]]","[[26.241613874760247, 658.7844157141935, 52.95912015610638, 193.47463357623081, 30.741158042256565, 105.6899000910622, 82.58814470802194, 41.06500018386846, 128.59732004562568, 10.629755463272659, 4.752375472000144, 71.31570714434375, 116.28110628294804, 39.99626660500836, 99.93990304815375, 9.06997310774118, 186.88035410750058, 61.15883587595317, 57.428139110779625, 24.58175017781966, 183.77487952961627, 83.17658515583835, 146.5967891378806, 52.30793958573399, 28.194967636598193, 100.94696338410827, 187.7986031746259, 423.51479366033794, 430.09819700902494, 79.8622285103885, 1.6864426300506148, 50.09693009822602, 8.968139907153347, 481.51391554092106, 6.976011933892863, 40.520126023330945, 10.687052638362522, 59.44907549447237, 94.2060405177856, 127.03375717147375, 58.63774549259307, 11.56559363598992, 165.53942759762793, 512.6754315221903, 141.5573772529256, 7.024238988981323, 227.774961865363]]"
28,"[[(0, 3), (0, 34), (13, 7), (19, 4), (19, 21), (24, 8), (24, 18), (34, 36), (4, 11), (17, 18), (17, 19), (23, 32), (32, 18), (32, 37), (2, 11), (2, 20), (2, 31), (11, 17), (15, 8), (20, 7), (20, 10), (31, 14), (31, 23), (12, 15), (12, 18), (22, 10), (37, 4), (37, 10), (37, 14), (14, 4), (38, 12), (38, 16), (5, 6), (5, 30), (6, 8), (6, 23), (33, 13), (28, 37), (7, 30), (27, 11), (27, 23), (27, 31), (27, 36), (9, 38), (16, 35), (16, 39), (29, 13)]]","[[33.751704116905486, 649.9132171623166, 47.90263713537252, 97.97877778904444, 23.8921720429309, 95.78257021950301, 45.67249305622814, 25.7003337482749, 104.49835159228175, 12.837575777791344, 5.086979672331714, 70.15745276376775, 254.95948479243864, 40.093181467958516, 134.42771761355766, 13.88847692897373, 142.42561339268167, 62.125491409586196, 58.69046041792688, 28.633582119434877, 195.34797484109538, 126.86136932883825, 143.22259597704897, 52.915135283743076, 52.90993819251504, 113.94429907901308, 280.87419907654237, 395.97638066479425, 282.9801483097916, 40.5594931920424, 3.41761024992925, 53.15024396641604, 7.88841820169647, 436.77848810897046, 5.48210666366662, 46.47691881680805, 3.166985416711541, 93.22271671971095, 184.0116039480424, 130.95949464723685, 56.63896153161405, 10.66078039945698, 139.36009984171363, 592.9378166059306, 152.06511568553088, 9.86248145924026, 268.42764408639124]]"
29,"[[(0, 3), (0, 34), (13, 7), (19, 4), (19, 21), (24, 8), (24, 18), (34, 36), (4, 11), (17, 18), (17, 19), (23, 32), (32, 18), (32, 37), (2, 11), (2, 20), (2, 31), (11, 17), (15, 8), (20, 7), (20, 10), (31, 14), (31, 23), (12, 15), (12, 18), (22, 10), (37, 4), (37, 10), (37, 14), (14, 4), (38, 12), (38, 16), (5, 6), (5, 30), (6, 8), (6, 23), (33, 13), (28, 37), (7, 30), (27, 11), (27, 23), (27, 31), (27, 36), (9, 38), (16, 35), (16, 39), (29, 13)]]","[[30.760584677166264, 640.7629778410338, 98.56815298287711, 150.1485412516673, 38.75321687515287, 111.11696677208798, 86.62815498912919, 43.48286074827209, 9.384546871178646, 11.91630058200316, 7.8886117758534695, 70.72309757224599, 251.39029464073857, 40.19635228548479, 104.31190016577645, 12.428500240892209, 128.9366937767074, 63.97008486390913, 50.71472744428529, 19.75047204933498, 169.53122068448582, 199.41633060179643, 131.27845695729036, 52.22906815682228, 56.93879769761247, 65.28398011551653, 124.01881116790565, 458.5826884230967, 454.14558055698, 154.76897133520623, 1.2990973926542932, 50.52642296315781, 8.024178778041499, 478.06226221540516, 9.937332535813294, 54.11175409894902, 10.098562653550212, 33.70722865772241, 172.61196416021372, 35.39627609842417, 93.16292108656484, 1.8334308148734746, 131.0597875529159, 538.7607625932611, 167.91087671348814, 36.85393846516298, 252.18543752043246]]"
30,"[[(0, 3), (0, 34), (13, 7), (19, 4), (19, 21), (24, 8), (24, 18), (34, 36), (4, 11), (17, 18), (17, 19), (23, 32), (32, 18), (32, 37), (2, 11), (2, 20), (2, 31), (11, 17), (15, 8), (20, 7), (20, 10), (31, 14), (31, 23), (12, 15), (12, 18), (22, 10), (37, 4), (37, 10), (37, 14), (14, 4), (38, 12), (38, 16), (5, 6), (5, 30), (6, 8), (6, 23), (33, 13), (28, 37), (7, 30), (27, 11), (27, 23), (27, 31), (27, 36), (9, 38), (16, 35), (16, 39), (29, 13)]]","[[28.846266871278402, 659.3686889009397, 46.867967640424574, 86.62694706012485, 23.733183779538273, 91.38299063251026, 80.71782513172163, 50.23209480545577, 126.28888581485063, 10.394041621267387, 1.3890546091625806, 64.08592199096329, 158.76094412827604, 38.77336005207006, 85.8956316015994, 4.503744471104649, 156.92339787930536, 80.50213788426096, 12.687002900475017, 25.54531324303364, 147.24011705826285, 109.38187594129359, 115.50630684065621, 51.34489942129186, 146.92078790184058, 55.96561398964974, 401.84531809592727, 469.69234141492836, 243.85286950113297, 141.67464325374587, 1.181157947931755, 47.131941913741414, 7.105707236254233, 403.80341377283406, 12.10450299479359, 47.28535655800555, 12.122537749515422, 122.40886309165106, 89.91999805008257, 120.89742212478235, 86.21960378810034, 2.010227168573077, 161.32822358272657, 592.0583870475336, 172.93658694614808, 8.912433817725569, 158.9894317605982]]"
31,"[[(0, 3), (0, 34), (13, 7), (19, 4), (19, 21), (24, 8), (24, 18), (34, 36), (4, 11), (17, 18), (17, 19), (23, 32), (32, 18), (32, 37), (2, 11), (2, 20), (2, 31), (11, 17), (15, 8), (20, 7), (20, 10), (31, 14), (31, 23), (12, 15), (12, 18), (22, 10), (37, 4), (37, 10), (37, 14), (14, 4), (38, 12), (38, 16), (5, 6), (5, 30), (6, 8), (6, 23), (33, 13), (28, 37), (7, 30), (27, 11), (27, 23), (27, 31), (27, 36), (9, 38), (16, 35), (16, 39), (29, 13)]]","[[29.893371361966974, 660.7574612901304, 114.01766213405622, 182.28493939515477, 36.7562831859915, 112.43080158669403, 72.759734051523, 46.814312095021876, 14.956156834717616, 9.527257927089998, 3.2894524068829423, 65.44421649763648, 238.8619726421199, 41.07335609853515, 114.49596474354449, 11.962577743824749, 126.99267832907535, 42.9084372046037, 20.89716377590814, 22.27367404431588, 180.4995801416768, 104.25288985467677, 125.9477289272654, 51.76036565669083, 118.6766949206932, 37.98020447473229, 447.2524293671395, 394.9659318318573, 438.00062747751156, 137.2362831462178, 3.4164057265678682, 176.95230037026894, 7.348981139782232, 483.328176306025, 16.825032808062772, 56.95339420076907, 22.230426526686266, 67.57914682863901, 237.16677619587983, 136.07278992420987, 55.97561775330796, 9.772414530845364, 154.9561056327548, 644.0437440862657, 129.64502722255588, 24.946043088960675, 286.4757163360165]]"
32,"[[(0, 3), (0, 34), (13, 7), (19, 4), (19, 21), (24, 8), (24, 18), (34, 36), (4, 11), (17, 18), (17, 19), (23, 32), (32, 18), (32, 37), (2, 11), (2, 20), (2, 31), (11, 17), (15, 8), (20, 7), (20, 10), (31, 14), (31, 23), (12, 15), (12, 18), (22, 10), (37, 4), (37, 10), (37, 14), (14, 4), (38, 12), (38, 16), (5, 6), (5, 30), (6, 8), (6, 23), (33, 13), (28, 37), (7, 30), (27, 11), (27, 23), (27, 31), (27, 36), (9, 38), (16, 35), (16, 39), (29, 13)]]","[[34.53398481207503, 638.9602419373089, 110.23874170456703, 106.50375429168875, 28.999060513534708, 63.62028679359025, 83.98338967504583, 47.2176533427832, 8.554076330592775, 12.782472037910042, 6.112769773414488, 65.68306982829439, 136.41137738739786, 41.59857640780978, 132.84870645538462, 14.758707672324892, 161.5283339097731, 86.40688926906647, 19.891834667673468, 22.41103458807334, 151.74795287860502, 176.40919435042585, 129.84441400622205, 51.5325154323932, 110.52855973486187, 111.98774910068926, 91.5678219209588, 354.91209106835475, 432.67924876266466, 65.30731282808333, 2.961308922663238, 173.71412086909135, 8.044129571809886, 412.77245767078136, 7.321686459476563, 46.761678922557316, 30.885915526921828, 114.87005045494577, 294.54953954250163, 171.08311950734264, 67.1170486422782, 0.2883164762924646, 148.51763391699504, 642.2147266270638, 141.80798628917546, 18.77317706193863, 233.03361612274063]]"
33,"[[(0, 3), (0, 34), (13, 7), (19, 4), (19, 21), (24, 8), (24, 18), (34, 36), (4, 11), (17, 18), (17, 19), (23, 32), (32, 18), (32, 37), (2, 11), (2, 20), (2, 31), (11, 17), (15, 8), (20, 7), (20, 10), (31, 14), (31, 23), (12, 15), (12, 18), (22, 10), (37, 4), (37, 10), (37, 14), (14, 4), (38, 12), (38, 16), (5, 6), (5, 30), (6, 8), (6, 23), (33, 13), (28, 37), (7, 30), (27, 11), (27, 23), (27, 31), (27, 36), (9, 38), (16, 35), (16, 39), (29, 13)]]","[[35.790640924028914, 656.0256107897778, 30.770074598800605, 206.79142683065942, 37.57866471852025, 87.32253480316145, 68.44949497367253, 41.79548959559066, 113.51086864717928, 7.919577287252634, 7.024036659096474, 65.86346356905612, 214.41343464371676, 37.93485219846563, 118.71019505802886, 13.149665400731429, 153.1465414894849, 29.993934991695852, 54.02692978461341, 21.41758147893231, 161.117346204193, 138.0922316128204, 118.82236559515152, 52.28385723644341, 108.83169200169289, 51.26558517402446, 74.99336768513598, 340.69909097864513, 273.37828337014236, 82.16966195177015, 1.9082659742524886, 157.1241326688239, 8.178062547638149, 466.3585412628702, 7.260793359460075, 39.9287096965386, 29.12969165183126, 128.2029403142183, 92.1342267117692, 143.26941413679805, 83.26290088933862, 11.948794017378427, 111.33864756026641, 620.5019906077364, 145.72938497252545, 12.5210584242514, 237.40460726839044]]"
34,"[[(0, 3), (0, 34), (13, 7), (19, 4), (19, 21), (24, 8), (24, 18), (34, 36), (4, 11), (17, 18), (17, 19), (23, 32), (32, 18), (32, 37), (2, 11), (2, 20), (2, 31), (11, 17), (15, 8), (20, 7), (20, 10), (31, 14), (31, 23), (12, 15), (12, 18), (22, 10), (37, 4), (37, 10), (37, 14), (14, 4), (38, 12), (38, 16), (5, 6), (5, 30), (6, 8), (6, 23), (33, 13), (28, 37), (7, 30), (27, 11), (27, 23), (27, 31), (27, 36), (9, 38), (16, 35), (16, 39), (29, 13)]]","[[30.128730289076238, 642.6988431874211, 58.782702441243345, 131.69656112484734, 30.714284482345246, 77.25247993456031, 62.41877530928733, 33.530424380357935, 97.25060557478616, 10.824992037576319, 3.8038322568423233, 70.35090200401031, 169.64298889848342, 39.22733754958777, 80.9989328829033, 9.183213741861392, 138.52543093781696, 25.209372970882065, 47.997823490102334, 20.33926318222737, 194.25770777896008, 157.97887611538755, 125.93772622181363, 51.33840968120438, 66.25342554990144, 30.348312561632465, 231.76524993332413, 363.75023279544195, 346.383401563991, 56.731928806903326, 4.807465989114231, 148.69990060554753, 7.779034140921693, 393.4893466481727, 7.1050230159402785, 36.519369715137955, 21.12286227428159, 40.793998163422046, 249.6100217919598, 138.82288640480016, 94.77928771226087, 0.04818630506197463, 169.73353398174783, 640.9457007135989, 147.74259191220867, 14.722216853223578, 172.10008546821805]]"
35,"[[(0, 3), (0, 34), (13, 7), (19, 4), (19, 21), (24, 8), (24, 18), (34, 36), (4, 11), (17, 18), (17, 19), (23, 32), (32, 18), (32, 37), (2, 11), (2, 20), (2, 31), (11, 17), (15, 8), (20, 7), (20, 10), (31, 14), (31, 23), (12, 15), (12, 18), (22, 10), (37, 4), (37, 10), (37, 14), (14, 4), (38, 12), (38, 16), (5, 6), (5, 30), (6, 8), (6, 23), (33, 13), (28, 37), (7, 30), (27, 11), (27, 23), (27, 31), (27, 36), (9, 38), (16, 35), (16, 39), (29, 13)]]","[[31.231382974405285, 641.834738948304, 45.15662451375907, 177.71846530843322, 28.38295072943953, 45.90596250460716, 47.75066140460744, 22.582756679667803, 136.75716626302125, 8.349211567631258, 1.4030066691466567, 70.01421260294698, 244.90113535072894, 40.79243700563727, 71.18138621713717, 14.30432370951265, 161.92915501980426, 7.980943294151924, 57.72206881351819, 29.15899600756832, 133.28703345829328, 121.72859670099369, 124.21953456192908, 52.81680113701172, 60.67481483208155, 87.82490079379188, 320.27757052292293, 361.69027168156435, 421.8828938378898, 80.53428778968657, 1.5422470425130475, 143.11096766906286, 8.385634537889876, 392.7250062307986, 4.857989893296969, 47.73688408710264, 7.043635746373792, 134.6927767474077, 291.42793629687054, 35.05412777937895, 46.05919694134085, 4.94277322832087, 110.85486453153786, 459.31298735372695, 165.10384174313486, 24.197944577034598, 260.79902114398493]]"
36,"[[(0, 3), (0, 34), (13, 7), (19, 4), (19, 21), (24, 8), (24, 18), (34, 36), (4, 11), (17, 18), (17, 19), (23, 32), (32, 18), (32, 37), (2, 11), (2, 20), (2, 31), (11, 17), (15, 8), (20, 7), (20, 10), (31, 14), (31, 23), (12, 15), (12, 18), (22, 10), (37, 4), (37, 10), (37, 14), (14, 4), (38, 12), (38, 16), (5, 6), (5, 30), (6, 8), (6, 23), (33, 13), (28, 37), (7, 30), (27, 11), (27, 23), (27, 31), (27, 36), (9, 38), (16, 35), (16, 39), (29, 13)]]","[[33.98147384676422, 640.8678951682155, 104.71322810273598, 106.8534506612149, 33.83527839211322, 84.01994786802301, 66.37123410352265, 48.862602337059386, 38.3423958868963, 10.99051021258728, 6.418307871666225, 65.37607112662981, 166.57017408088916, 44.027028556360825, 94.42417926524875, 12.810820009988301, 150.61826805759483, 50.92047044087987, 44.58757118170521, 16.80586236971438, 156.35908593176515, 38.8768906992034, 141.66154982757644, 51.31100327433119, 157.17770651390936, 31.927019337283674, 180.17722026909496, 430.2298658500401, 271.50965607792364, 57.415500998267134, 4.789318521189859, 220.87517062188869, 8.659076389306113, 399.37232193538455, 6.9461306347461225, 28.017582363092735, 9.250790554992154, 79.27245658746432, 248.59675718814128, 98.972153448177, 94.67016254894594, 11.146360953983095, 174.76381264745243, 573.7560794396971, 156.1595148858649, 34.88555685045995, 193.86057093996502]]"
37,"[[(0, 3), (0, 34), (13, 7), (19, 4), (19, 21), (24, 8), (24, 18), (34, 36), (4, 11), (17, 18), (17, 19), (23, 32), (32, 18), (32, 37), (2, 11), (2, 20), (2, 31), (11, 17), (15, 8), (20, 7), (20, 10), (31, 14), (31, 23), (12, 15), (12, 18), (22, 10), (37, 4), (37, 10), (37, 14), (14, 4), (38, 12), (38, 16), (5, 6), (5, 30), (6, 8), (6, 23), (33, 13), (28, 37), (7, 30), (27, 11), (27, 23), (27, 31), (27, 36), (9, 38), (16, 35), (16, 39), (29, 13)]]","[[31.256337849610752, 649.4947994837037, 57.78502523536119, 138.22297569830897, 28.25795141614547, 62.77428191031603, 54.12610039790161, 27.15263517472378, 138.13117581139608, 12.551180713143193, 2.2361635501762613, 67.50830455974526, 140.21718325013688, 42.24471448242482, 40.52929514604437, 7.12673063137529, 128.07702919192357, 84.04261592362857, 18.29337145328292, 22.720205442244996, 163.99258365188936, 113.25911873293092, 115.58950283773972, 52.52476069017865, 120.95824389475105, 64.08251260090728, 187.87422380113162, 408.5105025402543, 263.20792589459694, 163.76916158217765, 2.4435604926484293, 167.01796879648987, 7.28897669910051, 466.60115021702865, 15.59416634324326, 56.298545972711274, 13.825944193049699, 83.74725572792366, 220.63253832401674, 118.3042582698103, 61.23764281493492, 3.0157784666623844, 152.32871354383644, 598.7896341957046, 140.26635107947317, 27.346478615291687, 262.8140885349727]]"
38,"[[(0, 3), (0, 34), (13, 7), (19, 4), (19, 21), (24, 8), (24, 18), (34, 36), (4, 11), (17, 18), (17, 19), (23, 32), (32, 18), (32, 37), (2, 11), (2, 20), (2, 31), (11, 17), (15, 8), (20, 7), (20, 10), (31, 14), (31, 23), (12, 15), (12, 18), (22, 10), (37, 4), (37, 10), (37, 14), (14, 4), (38, 12), (38, 16), (5, 6), (5, 30), (6, 8), (6, 23), (33, 13), (28, 37), (7, 30), (27, 11), (27, 23), (27, 31), (27, 36), (9, 38), (16, 35), (16, 39), (29, 13)]]","[[29.958527052677844, 646.012990802078, 98.86597932292939, 117.50810817860089, 36.97659299268322, 101.68219892301762, 62.69963735790047, 29.934414563510494, 109.85672793643276, 7.716313748735541, 2.267958886344002, 71.91548532540136, 152.63250574401764, 44.06243073282007, 125.5376039272653, 9.703043684305165, 182.11648202274398, 26.74974016975601, 14.271330786126171, 18.331025688791954, 159.42936241336187, 141.47794472422876, 146.36715004922516, 51.462265794237645, 172.91451247266534, 49.18750120156777, 246.85047390867263, 407.99699648774543, 305.7295374368916, 79.28946048954509, 2.5174877768567736, 101.80822691782129, 7.438524109250588, 434.5243517659389, 4.108986619978962, 51.00009031920111, 17.906467777965243, 92.93177930345189, 279.0191653419229, 88.38574671866691, 54.832090217073386, 8.150798064020396, 166.94665646419656, 497.54101367371516, 149.95296561666058, 18.198952437678386, 211.02198573501124]]"
39,"[[(0, 3), (0, 34), (13, 7), (19, 4), (19, 21), (24, 8), (24, 18), (34, 36), (4, 11), (17, 18), (17, 19), (23, 32), (32, 18), (32, 37), (2, 11), (2, 20), (2, 31), (11, 17), (15, 8), (20, 7), (20, 10), (31, 14), (31, 23), (12, 15), (12, 18), (22, 10), (37, 4), (37, 10), (37, 14), (14, 4), (38, 12), (38, 16), (5, 6), (5, 30), (6, 8), (6, 23), (33, 13), (28, 37), (7, 30), (27, 11), (27, 23), (27, 31), (27, 36), (9, 38), (16, 35), (16, 39), (29, 13)]]","[[34.74137936952621, 653.7269527186932, 70.88237283630141, 92.28427664294506, 34.445548932272445, 120.61683176502756, 50.48387007090422, 48.85549009991653, 6.3404914754283, 7.10419765273126, 2.1191489295727717, 71.16583264777414, 146.58460757985583, 44.10176205949289, 63.99323554442166, 12.153519645140054, 179.68254393859561, 27.10829559718428, 27.278159653332125, 27.470407236074124, 187.35833773344345, 41.5477383461827, 134.17501494473393, 51.7797771147276, 63.001710412198626, 24.432292294961105, 140.15933650343555, 443.67794972888055, 387.7029208144367, 88.35152084832028, 2.3175991100209905, 166.03152199534236, 8.690632181552157, 423.1469755193905, 5.800544120101022, 30.867346467903275, 30.345292757241836, 71.1252714306109, 190.0664644116923, 49.603791096416586, 87.72246408508967, 3.7807630380872412, 150.77241032055693, 610.0577545523062, 170.1856798411124, 36.53947145269518, 154.77857259587685]]"
40,"[[(0, 3), (0, 34), (13, 7), (19, 4), (19, 21), (24, 8), (24, 18), (34, 36), (4, 11), (17, 18), (17, 19), (23, 32), (32, 18), (32, 37), (2, 11), (2, 20), (2, 31), (11, 17), (15, 8), (20, 7), (20, 10), (31, 14), (31, 23), (12, 15), (12, 18), (22, 10), (37, 4), (37, 10), (37, 14), (14, 4), (38, 12), (38, 16), (5, 6), (5, 30), (6, 8), (6, 23), (33, 13), (28, 37), (7, 30), (27, 11), (27, 23), (27, 31), (27, 36), (9, 38), (16, 35), (16, 39), (29, 13)]]","[[35.44697226041367, 649.6961142245767, 38.9933551926043, 193.33780496294673, 33.40814721203692, 113.41340404317572, 80.74387052571404, 35.067930291470844, 131.56232342775502, 8.184246734915174, 4.803092238237966, 65.12883833646188, 249.64974405952654, 44.197610871312136, 110.08333058364119, 11.418377804828143, 141.05162135952875, 56.92901259899536, 11.292626994663047, 25.534015070602294, 194.40261586269318, 187.44694112407717, 140.85517714470987, 52.311310253262214, 197.7368698958224, 87.79493898793352, 206.25242505775617, 427.97029376931005, 294.96442413426666, 104.35501364534021, 4.25663540268398, 57.80916479216125, 7.236229377977894, 484.15788523776496, 12.7538382990775, 37.84395009336069, 8.373454223319502, 88.88280022482952, 119.28003469667793, 22.135010585498595, 98.86355802283182, 11.235136789268466, 126.14952651436872, 478.93001061896194, 165.49263540360232, 11.355011154505856, 247.1657115249056]]"
41,"[[(0, 3), (0, 34), (13, 7), (19, 4), (19, 21), (24, 8), (24, 18), (34, 36), (4, 11), (17, 18), (17, 19), (23, 32), (32, 18), (32, 37), (2, 11), (2, 20), (2, 31), (11, 17), (15, 8), (20, 7), (20, 10), (31, 14), (31, 23), (12, 15), (12, 18), (22, 10), (37, 4), (37, 10), (37, 14), (14, 4), (38, 12), (38, 16), (5, 6), (5, 30), (6, 8), (6, 23), (33, 13), (28, 37), (7, 30), (27, 11), (27, 23), (27, 31), (27, 36), (9, 38), (16, 35), (16, 39), (29, 13)]]","[[34.88261240247891, 657.3343927951819, 115.54731450693433, 132.33352160095006, 29.06507927336979, 113.80833370885139, 83.41451851263346, 27.60277769793944, 40.1847287028167, 12.80922777964427, 6.563603387896534, 68.17250818089956, 272.4955754897101, 43.162729769371616, 74.940476269214, 15.834755637105328, 169.009496766187, 12.146319052174842, 28.25712804325424, 23.081787030637283, 148.28117571470915, 105.00427339599817, 111.75114972340025, 52.23865573725987, 23.87065389934105, 114.74918746527268, 166.8389498054181, 372.9685152369226, 320.73637365829654, 51.63139861112491, 4.844000688704099, 178.3685290739556, 7.712460093419432, 469.12848598119274, 15.07343339012546, 55.24533517906096, 19.92213320065671, 129.50632048028, 265.89410497239066, 148.95604148947828, 65.06908580857434, 3.7118550785667748, 127.75705332188113, 573.5808487422156, 169.37358594919323, 35.72930609279888, 209.75053571943846]]"
42,"[[(0, 3), (0, 34), (13, 7), (19, 4), (19, 21), (24, 8), (24, 18), (34, 36), (4, 11), (17, 18), (17, 19), (23, 32), (32, 18), (32, 37), (2, 11), (2, 20), (2, 31), (11, 17), (15, 8), (20, 7), (20, 10), (31, 14), (31, 23), (12, 15), (12, 18), (22, 10), (37, 4), (37, 10), (37, 14), (14, 4), (38, 12), (38, 16), (5, 6), (5, 30), (6, 8), (6, 23), (33, 13), (28, 37), (7, 30), (27, 11), (27, 23), (27, 31), (27, 36), (9, 38), (16, 35), (16, 39), (29, 13)]]","[[26.781529992276003, 646.8327512725738, 38.209298666369534, 101.89832067501675, 32.10916533214125, 100.2335921636717, 92.13950226362401, 44.901479046475075, 39.277278085177066, 9.13646794775612, 2.2991835025859118, 65.88547358006267, 122.18124893864294, 38.64003807217384, 89.10977193790897, 6.374573485921067, 184.3609919525763, 50.865128679572706, 18.248763096157873, 29.229726251474055, 165.54737117633815, 97.8960327798065, 115.25904733508166, 51.138409878509364, 180.95939404192083, 110.92785944744104, 449.5055626727488, 370.66567801650865, 319.74800531452445, 73.17382906446642, 4.998959061424291, 125.54637239446642, 7.5219509741157475, 478.693887460596, 10.49998696252282, 44.1928741302914, 24.275298550955124, 127.05800865435455, 197.43443516604486, 156.25511329931177, 39.74607502157293, 12.552041949332027, 128.68901089631572, 546.0062688131027, 179.87645740287678, 31.9930527313977, 215.4332343251558]]"
43,"[[(0, 3), (0, 34), (13, 7), (19, 4), (19, 21), (24, 8), (24, 18), (34, 36), (4, 11), (17, 18), (17, 19), (23, 32), (32, 18), (32, 37), (2, 11), (2, 20), (2, 31), (11, 17), (15, 8), (20, 7), (20, 10), (31, 14), (31, 23), (12, 15), (12, 18), (22, 10), (37, 4), (37, 10), (37, 14), (14, 4), (38, 12), (38, 16), (5, 6), (5, 30), (6, 8), (6, 23), (33, 13), (28, 37), (7, 30), (27, 11), (27, 23), (27, 31), (27, 36), (9, 38), (16, 35), (16, 39), (29, 13)]]","[[30.013001101901658, 640.2147012806846, 39.73665723284445, 145.22723462600462, 30.406988626898134, 119.28169417606838, 61.52369545050851, 45.698065479308994, 100.7163380290944, 7.694226721176179, 6.762930589691097, 67.78001584250576, 252.62266185677018, 40.76324709227727, 103.3878393011521, 9.18047965005684, 184.24484913030375, 55.97973989235351, 45.639475628357054, 25.639110785339426, 140.4041059735507, 50.52778894611639, 123.7283295612785, 52.069603543519214, 188.52598051890647, 28.800128896333533, 378.18484545513223, 431.6580373468405, 286.9293425339349, 47.806491519106345, 3.5319231016695856, 161.8745254516677, 7.2544975217457495, 405.1137790560227, 17.862192197266825, 55.02205260112083, 26.06724199977424, 95.40371990924888, 107.03606285039491, 115.88685971858155, 41.49047405637781, 6.545072891835795, 170.96729191291342, 505.1054322024784, 152.977539137362, 6.016991776905484, 272.6647511586548]]"
44,"[[(0, 3), (0, 34), (13, 7), (19, 4), (19, 21), (24, 8), (24, 18), (34, 36), (4, 11), (17, 18), (17, 19), (23, 32), (32, 18), (32, 37), (2, 11), (2, 20), (2, 31), (11, 17), (15, 8), (20, 7), (20, 10), (31, 14), (31, 23), (12, 15), (12, 18), (22, 10), (37, 4), (37, 10), (37, 14), (14, 4), (38, 12), (38, 16), (5, 6), (5, 30), (6, 8), (6, 23), (33, 13), (28, 37), (7, 30), (27, 11), (27, 23), (27, 31), (27, 36), (9, 38), (16, 35), (16, 39), (29, 13)]]","[[27.26892320524664, 657.3937003029816, 42.44614764866534, 111.16770824825095, 25.446630465069582, 76.03376175564415, 61.84925471559376, 30.68924416108101, 88.46757961407239, 9.311661057379824, 7.180178875998757, 66.45227847461653, 128.69388523272363, 42.27333592695705, 26.67626416229021, 5.389576142659637, 170.41158578422178, 81.4098736023257, 58.38144395385255, 22.400367809169353, 135.65760523711776, 191.26541351668214, 143.94328977747972, 52.20445572794384, 116.84903053514998, 107.1555814281892, 410.65842549862793, 475.49782245519685, 246.9248634332509, 110.32987549825883, 1.8879346140069835, 87.6594539257668, 7.2227736586575375, 427.43772614066484, 8.746243697048461, 37.87116331074993, 5.0200353354240805, 65.28287850559552, 221.31365026712945, 24.89196270415856, 33.858933857112305, 1.5641656117437233, 147.80529535854092, 612.9260819038825, 159.27584329412383, 28.79938469737498, 217.5992453105696]]"
45,"[[(0, 3), (0, 34), (13, 7), (19, 4), (19, 21), (24, 8), (24, 18), (34, 36), (4, 11), (17, 18), (17, 19), (23, 32), (32, 18), (32, 37), (2, 11), (2, 20), (2, 31), (11, 17), (15, 8), (20, 7), (20, 10), (31, 14), (31, 23), (12, 15), (12, 18), (22, 10), (37, 4), (37, 10), (37, 14), (14, 4), (38, 12), (38, 16), (5, 6), (5, 30), (6, 8), (6, 23), (33, 13), (28, 37), (7, 30), (27, 11), (27, 23), (27, 31), (27, 36), (9, 38), (16, 35), (16, 39), (29, 13)]]","[[28.910240593771782, 658.3171397169851, 99.5835226922133, 153.61514718723137, 30.014778197532635, 96.23168173543672, 83.8880995091477, 46.50053906666561, 116.2249305114899, 10.469008535155233, 5.9487107644339785, 70.08482047891134, 277.99352882005076, 39.55572719298673, 82.54083401856968, 8.730943646103979, 188.4410155545896, 9.638337111339318, 58.26907889426674, 24.4506581508105, 171.1964119937051, 29.00100095643633, 127.70560524567584, 51.21585906401163, 128.63393526035173, 88.46421671247504, 270.9608461070011, 413.42798127875426, 262.1856765543221, 41.61517998315557, 1.6680392126269878, 151.16949395869048, 7.53736982191767, 397.3480365749414, 11.563524466863738, 43.14410983487162, 5.111701882176929, 72.17331524407706, 234.4258807003467, 109.70877461124978, 80.50091992120528, 4.20203826328437, 176.04809733613197, 494.45286867796125, 159.06440857153783, 20.412722264287215, 272.36063782045017]]"
46,"[[(0, 3), (0, 34), (13, 7), (19, 4), (19, 21), (24, 8), (24, 18), (34, 36), (4, 11), (17, 18), (17, 19), (23, 32), (32, 18), (32, 37), (2, 11), (2, 20), (2, 31), (11, 17), (15, 8), (20, 7), (20, 10), (31, 14), (31, 23), (12, 15), (12, 18), (22, 10), (37, 4), (37, 10), (37, 14), (14, 4), (38, 12), (38, 16), (5, 6), (5, 30), (6, 8), (6, 23), (33, 13), (28, 37), (7, 30), (27, 11), (27, 23), (27, 31), (27, 36), (9, 38), (16, 35), (16, 39), (29, 13)]]","[[32.07358676691864, 646.5327942361147, 26.9056667576794, 112.61336065737517, 24.613263422858804, 65.74422631691311, 83.86148350439643, 20.51715426314693, 148.0738160121905, 9.185118818458617, 3.991861335924745, 66.96048355908826, 187.98242675461677, 44.30412266511826, 70.30285382406612, 5.510870928323498, 128.02550695743986, 74.64122962914807, 15.213317217310873, 23.921123057660566, 137.0250408976943, 146.94287914718703, 111.4741671962019, 52.203287337189806, 154.6815107142406, 114.16188956726798, 213.7398646251002, 465.294053184772, 288.4442602355681, 78.6101005102087, 2.579733951684333, 59.494826754632655, 7.930264449854458, 416.31227115364703, 7.694831235654263, 31.25594077176551, 1.8603715912315735, 47.724659891575115, 25.86937985432982, 52.273663065665815, 75.1857516711244, 1.7182365478550898, 179.0945446957117, 587.3231740357022, 148.7297308093356, 26.211574427862182, 209.54678636788805]]"
47,"[[(0, 3), (0, 34), (13, 7), (19, 4), (19, 21), (24, 8), (24, 18), (34, 36), (4, 11), (17, 18), (17, 19), (23, 32), (32, 18), (32, 37), (2, 11), (2, 20), (2, 31), (11, 17), (15, 8), (20, 7), (20, 10), (31, 14), (31, 23), (12, 15), (12, 18), (22, 10), (37, 4), (37, 10), (37, 14), (14, 4), (38, 12), (38, 16), (5, 6), (5, 30), (6, 8), (6, 23), (33, 13), (28, 37), (7, 30), (27, 11), (27, 23), (27, 31), (27, 36), (9, 38), (16, 35), (16, 39), (29, 13)]]","[[32.2283153216489, 641.2380786967194, 103.70334570761705, 157.91077070194106, 30.985557445090308, 91.08093579176607, 67.21612962536615, 28.013807819326136, 99.103578552849, 12.27815197797388, 3.6934834409728907, 67.91396926266046, 210.7489162266843, 37.282991866278984, 39.53120516423306, 7.562889536623716, 133.34467650022705, 60.65683150068946, 48.70186580158057, 24.425185023446936, 194.62064547595173, 46.05810848357719, 140.75433383207996, 52.06157184118198, 146.7575909068148, 101.15996797718567, 305.9238834074207, 333.11581109750585, 442.72030181834936, 90.15300991116757, 1.460431081091222, 83.88039920507754, 7.417081572932691, 480.8882711870715, 16.46492049590144, 37.94904781610908, 5.8535417233257325, 45.31496662965556, 286.28924533081556, 145.1612285652064, 67.85901994409542, 1.3208312899204129, 119.07313527705777, 576.1163193346939, 175.6357794848767, 33.75281596833359, 169.88043016642138]]"
48,"[[(0, 3), (0, 34), (13, 7), (19, 4), (19, 21), (24, 8), (24, 18), (34, 36), (4, 11), (17, 18), (17, 19), (23, 32), (32, 18), (32, 37), (2, 11), (2, 20), (2, 31), (11, 17), (15, 8), (20, 7), (20, 10), (31, 14), (31, 23), (12, 15), (12, 18), (22, 10), (37, 4), (37, 10), (37, 14), (14, 4), (38, 12), (38, 16), (5, 6), (5, 30), (6, 8), (6, 23), (33, 13), (28, 37), (7, 30), (27, 11), (27, 23), (27, 31), (27, 36), (9, 38), (16, 35), (16, 39), (29, 13)]]","[[32.12127013951902, 658.9206504215196, 55.22012000123305, 146.4738066183681, 26.00883743283867, 48.13754721192317, 76.16770984828858, 50.857742774948726, 74.11973146736838, 12.98868645959488, 2.168819738785989, 70.70676830527515, 224.1245564813762, 37.37363771215551, 54.17480500338096, 14.052234331912132, 167.88245423069347, 29.05216671348245, 39.946851088545884, 25.568792330609384, 198.42936846847192, 21.180475753252992, 129.0929281096689, 51.92768280248578, 174.57250088524657, 81.91444780240575, 351.8835513301548, 407.2591647741829, 285.7934492741273, 89.47665668011689, 3.1278557120772184, 84.29478934325144, 8.032058518640172, 390.5904958526791, 15.311811836252508, 36.42619572644966, 16.732820686914295, 82.74625317422326, 141.97382800052054, 31.155891524039596, 43.763628706737535, 11.816311048402364, 143.1640854853609, 643.5806243162633, 180.13445163454338, 23.28860581655473, 224.2763963831793]]"
49,"[[(0, 3), (0, 34), (13, 7), (19, 4), (19, 21), (24, 8), (24, 18), (34, 36), (4, 11), (17, 18), (17, 19), (23, 32), (32, 18), (32, 37), (2, 11), (2, 20), (2, 31), (11, 17), (15, 8), (20, 7), (20, 10), (31, 14), (31, 23), (12, 15), (12, 18), (22, 10), (37, 4), (37, 10), (37, 14), (14, 4), (38, 12), (38, 16), (5, 6), (5, 30), (6, 8), (6, 23), (33, 13), (28, 37), (7, 30), (27, 11), (27, 23), (27, 31), (27, 36), (9, 38), (16, 35), (16, 39), (29, 13)]]","[[35.84566360435628, 655.9034037933252, 85.31681189084087, 121.725308309246, 31.99807099718487, 59.51591428556549, 77.03642870333347, 53.52040413486427, 118.293739501759, 12.348194228882829, 0.4509892789316714, 66.05466722874652, 234.89100729487072, 42.84935470569738, 64.98634041349382, 7.199893642443262, 139.97833728638477, 83.25264215721089, 23.79631839383675, 19.3069310555476, 198.68623605861137, 60.56326662603356, 118.90935652388646, 52.96204403484158, 138.0580438550595, 83.11000453683491, 268.8414036978048, 358.41625207751804, 431.15055451673027, 141.10318007966117, 4.096707011874951, 136.79678105699207, 8.923979227723438, 455.28906847082544, 14.98478063503387, 43.49279214471334, 6.2898924802364675, 65.53771207723435, 218.75129959644997, 110.15032945613329, 99.55362123221683, 2.1287598558084277, 114.11402238966997, 619.7863946285896, 140.11421402054535, 21.419247467981823, 242.29112536273712]]"
50,"[[(0, 3), (0, 34), (13, 7), (19, 4), (19, 21), (24, 8), (24, 18), (34, 36), (4, 11), (17, 18), (17, 19), (23, 32), (32, 18), (32, 37), (2, 11), (2, 20), (2, 31), (11, 17), (15, 8), (20, 7), (20, 10), (31, 14), (31, 23), (12, 15), (12, 18), (22, 10), (37, 4), (37, 10), (37, 14), (14, 4), (38, 12), (38, 16), (5, 6), (5, 30), (6, 8), (6, 23), (33, 13), (28, 37), (7, 30), (27, 11), (27, 23), (27, 31), (27, 36), (9, 38), (16, 35), (16, 39), (29, 13)]]","[[28.07664205898602, 644.3598901638312, 110.77478034189637, 105.69300838749754, 34.515574464618375, 100.49728683315351, 81.3439130474805, 42.63518028457696, 137.48901186274915, 9.770892598320264, 4.584276701692658, 64.44552394082174, 225.6245185993644, 41.59509937982462, 107.69096842797839, 7.449814109538176, 186.6425923702526, 66.60334757132736, 58.82790442731931, 23.496925606543346, 190.34139316487781, 131.85543173162077, 142.1240784652438, 51.57399509368744, 72.61035009262349, 108.1341353418669, 258.9992962523148, 383.8733605385322, 274.739271783323, 153.515143275814, 3.913346018480047, 61.912620569965966, 8.413742751335409, 478.0525634967628, 6.910624267371035, 49.451310358655604, 23.985764541018188, 41.79733050299418, 98.91467812318214, 28.287071311873206, 87.5874889773167, 10.495240211780445, 146.4336855886954, 555.00004015344, 140.14640371201338, 29.400669129140763, 286.95144867465393]]"
51,"[[(0, 3), (0, 34), (13, 7), (19, 4), (19, 21), (24, 8), (24, 18), (34, 36), (4, 11), (17, 18), (17, 19), (23, 32), (32, 18), (32, 37), (2, 11), (2, 20), (2, 31), (11, 17), (15, 8), (20, 7), (20, 10), (31, 14), (31, 23), (12, 15), (12, 18), (22, 10), (37, 4), (37, 10), (37, 14), (14, 4), (38, 12), (38, 16), (5, 6), (5, 30), (6, 8), (6, 23), (33, 13), (28, 37), (7, 30), (27, 11), (27, 23), (27, 31), (27, 36), (9, 38), (16, 35), (16, 39), (29, 13)]]","[[28.59394793132877, 640.7373682960355, 86.55759731359998, 87.52232323145394, 30.75691706183973, 118.3731185730484, 59.55713549498779, 42.820809785689946, 13.835990872695781, 7.615068562017516, 0.0949626329625044, 66.30536768916768, 140.4292619893088, 39.910768147774604, 95.23183380124465, 14.283680094468838, 182.03249494119174, 30.554744184069747, 43.84594989322109, 23.210266385776613, 196.7979113457562, 67.3449199888509, 110.06172423630746, 51.101241773018224, 118.34439051333902, 40.513123416390485, 115.92062900707703, 407.82769204310387, 346.71845195676826, 111.5375149525812, 1.6504103851606904, 67.41713142709204, 8.480116493971076, 400.22736293172693, 12.60007326578242, 35.9543647881212, 15.609015405405222, 76.87064804693054, 250.16051043319558, 84.93543682328712, 60.794941179368315, 10.850726436968419, 178.39515120708745, 499.28147034035817, 136.78046297188848, 36.52589486070522, 151.86818310363986]]"
52,"[[(0, 3), (0, 34), (13, 7), (19, 4), (19, 21), (24, 8), (24, 18), (34, 36), (4, 11), (17, 18), (17, 19), (23, 32), (32, 18), (32, 37), (2, 11), (2, 20), (2, 31), (11, 17), (15, 8), (20, 7), (20, 10), (31, 14), (31, 23), (12, 15), (12, 18), (22, 10), (37, 4), (37, 10), (37, 14), (14, 4), (38, 12), (38, 16), (5, 6), (5, 30), (6, 8), (6, 23), (33, 13), (28, 37), (7, 30), (27, 11), (27, 23), (27, 31), (27, 36), (9, 38), (16, 35), (16, 39), (29, 13)]]","[[33.10360392096077, 639.0173008849094, 74.62078136705838, 103.35183608859434, 29.64348655924072, 47.16043264636317, 89.55478726143795, 55.70340439424102, 42.681610304975884, 10.895396463269247, 3.8410984360973908, 71.52551822687941, 220.32548502594278, 41.567748444237225, 62.89456269068073, 5.036177575284843, 149.4285117632943, 19.635980897157186, 41.00791786513025, 28.045802050281253, 152.89875789391226, 67.09988309436301, 135.72384190736176, 52.89100649129275, 191.59579232524297, 68.34645511795372, 299.3090451508312, 460.0069216592158, 377.81196009201716, 39.951433011326614, 2.32827943861024, 194.79743439530648, 8.026974344665872, 434.2374105305464, 15.771514541352154, 39.238906114204156, 3.92910326028918, 92.7449590811064, 181.82269606957405, 116.35737105022548, 94.87435149984773, 2.5903156238536624, 158.62177418864852, 581.7990406239185, 148.3219881568879, 23.954631620454713, 148.6188118488756]]"
53,"[[(0, 3), (0, 34), (13, 7), (19, 4), (19, 21), (24, 8), (24, 18), (34, 36), (4, 11), (17, 18), (17, 19), (23, 32), (32, 18), (32, 37), (2, 11), (2, 20), (2, 31), (11, 17), (15, 8), (20, 7), (20, 10), (31, 14), (31, 23), (12, 15), (12, 18), (22, 10), (37, 4), (37, 10), (37, 14), (14, 4), (38, 12), (38, 16), (5, 6), (5, 30), (6, 8), (6, 23), (33, 13), (28, 37), (7, 30), (27, 11), (27, 23), (27, 31), (27, 36), (9, 38), (16, 35), (16, 39), (29, 13)]]","[[35.04293627044119, 644.7708910961968, 104.05514342396971, 224.46698952911046, 34.12626298640775, 43.00938087877542, 51.1455723240543, 32.186685702581244, 22.822598450710313, 8.600300529493406, 3.5609720531921143, 64.11247247860827, 245.40925764997337, 43.88124473786025, 127.05533015639922, 13.045952172651472, 138.29858517798883, 78.64735306290098, 58.40576805604561, 21.176822302360392, 175.35654146970765, 125.04927370096938, 130.14585817726282, 52.46294380655779, 195.4476573722581, 114.05914924002664, 188.54045345614475, 325.69773678248566, 306.48362563364805, 107.66849343747413, 3.1446333507241353, 64.44012302588295, 7.3342922039160605, 404.30458352387984, 14.26012078000451, 50.24577042678423, 20.192912612266177, 119.61815520236155, 148.91652420056687, 66.38597597291465, 97.47245640198553, 3.171942361138004, 130.33164718435995, 510.24925949253304, 127.342086216301, 21.863122028539593, 196.44797425149142]]"
54,"[[(0, 3), (0, 34), (13, 7), (19, 4), (19, 21), (24, 8), (24, 18), (34, 36), (4, 11), (17, 18), (17, 19), (23, 32), (32, 18), (32, 37), (2, 11), (2, 20), (2, 31), (11, 17), (15, 8), (20, 7), (20, 10), (31, 14), (31, 23), (12, 15), (12, 18), (22, 10), (37, 4), (37, 10), (37, 14), (14, 4), (38, 12), (38, 16), (5, 6), (5, 30), (6, 8), (6, 23), (33, 13), (28, 37), (7, 30), (27, 11), (27, 23), (27, 31), (27, 36), (9, 38), (16, 35), (16, 39), (29, 13)]]","[[27.114587612183705, 649.4106932174053, 42.641623144147374, 153.35479107640458, 26.386813174576425, 44.57900578975132, 83.29916623067547, 39.05238829431795, 100.17972092342622, 8.043660122330948, 0.4189176130717991, 65.89350164475468, 237.73437345454502, 38.36693609040143, 79.87128486769232, 5.095473862471403, 144.13457958830207, 9.671889841478505, 24.056707961440278, 24.7427460747839, 172.92964021850224, 73.57995962076814, 119.13063664318386, 51.497094921588, 40.608598396541936, 54.0212121952101, 438.90174664826185, 398.1332365295208, 271.46759273661934, 84.01912267111948, 2.1779280773084486, 223.84649579767, 8.127533568718988, 431.1674160551993, 6.51516947330842, 52.66573195523466, 22.442107794719284, 50.50012435763911, 141.9396326304535, 124.5052829144409, 93.85444098848578, 3.654718077227062, 120.96283083547308, 501.5205857774365, 142.46269140272864, 12.069065438162346, 256.19008167294936]]"
55,"[[(0, 3), (0, 34), (13, 7), (19, 4), (19, 21), (24, 8), (24, 18), (34, 36), (4, 11), (17, 18), (17, 19), (23, 32), (32, 18), (32, 37), (2, 11), (2, 20), (2, 31), (11, 17), (15, 8), (20, 7), (20, 10), (31, 14), (31, 23), (12, 15), (12, 18), (22, 10), (37, 4), (37, 10), (37, 14), (14, 4), (38, 12), (38, 16), (5, 6), (5, 30), (6, 8), (6, 23), (33, 13), (28, 37), (7, 30), (27, 11), (27, 23), (27, 31), (27, 36), (9, 38), (16, 35), (16, 39), (29, 13)]]","[[27.33595730373029, 639.9147540841358, 95.34004326465458, 205.8144751168661, 33.752003834296175, 47.49631652009849, 84.67310713284917, 48.78099953938264, 30.58019211542814, 7.608465767258648, 6.025293376468697, 66.52102653309412, 190.2673897816583, 42.3049226625196, 55.95255987552834, 13.849178587508382, 142.88660912111905, 18.218369827370154, 35.885334463020975, 22.42382517381163, 163.03451430335875, 23.179741276530617, 114.88719274031263, 52.09071054891157, 57.565858855423855, 49.379845172177525, 71.0579723197858, 418.2325551749999, 386.6549453314358, 90.12891058113101, 4.279492799158694, 214.17010435000773, 8.283507343291163, 478.1442825253465, 9.50994459759649, 43.07011302604482, 20.558106932655164, 64.73648440018496, 134.2724984346945, 95.21742100834389, 72.23097233800723, 6.644550549682586, 123.12527667431672, 501.1115194874978, 146.44680446652367, 23.89843957694578, 191.76902885736774]]"
56,"[[(0, 3), (0, 34), (13, 7), (19, 4), (19, 21), (24, 8), (24, 18), (34, 36), (4, 11), (17, 18), (17, 19), (23, 32), (32, 18), (32, 37), (2, 11), (2, 20), (2, 31), (11, 17), (15, 8), (20, 7), (20, 10), (31, 14), (31, 23), (12, 15), (12, 18), (22, 10), (37, 4), (37, 10), (37, 14), (14, 4), (38, 12), (38, 16), (5, 6), (5, 30), (6, 8), (6, 23), (33, 13), (28, 37), (7, 30), (27, 11), (27, 23), (27, 31), (27, 36), (9, 38), (16, 35), (16, 39), (29, 13)]]","[[31.547483499922976, 656.3072349040449, 80.6145858976402, 217.26236900852376, 35.13056326885771, 43.81175000615731, 71.72565097053686, 34.64807213676576, 94.67237363823992, 9.463687336939199, 7.823174973720809, 67.23134432879637, 235.37959645400065, 39.579666718492334, 115.64394480342838, 7.544728697239245, 185.39290933706457, 36.01043815300366, 58.30660609802132, 24.737716948511704, 174.77313151664208, 84.98872181146871, 120.85046754202281, 51.31205051730415, 147.2171190065824, 77.59106866400803, 318.52347479593544, 384.0697935571421, 250.95529880667624, 46.99824394863983, 3.4719119751141623, 217.04284633942459, 8.825830171370015, 395.15467902211714, 9.298846765188067, 55.06706832823028, 8.793630535483507, 134.84624765383285, 207.0446151807943, 75.89580326863381, 101.88915597009397, 1.951716068221853, 112.68967017830654, 620.838832087009, 158.34130069595534, 27.32883596642728, 241.13456699274337]]"
57,"[[(0, 3), (0, 34), (13, 7), (19, 4), (19, 21), (24, 8), (24, 18), (34, 36), (4, 11), (17, 18), (17, 19), (23, 32), (32, 18), (32, 37), (2, 11), (2, 20), (2, 31), (11, 17), (15, 8), (20, 7), (20, 10), (31, 14), (31, 23), (12, 15), (12, 18), (22, 10), (37, 4), (37, 10), (37, 14), (14, 4), (38, 12), (38, 16), (5, 6), (5, 30), (6, 8), (6, 23), (33, 13), (28, 37), (7, 30), (27, 11), (27, 23), (27, 31), (27, 36), (9, 38), (16, 35), (16, 39), (29, 13)]]","[[32.88304227104706, 649.9170667159252, 90.64679062922195, 203.65891700163087, 26.959861702650407, 107.22326090804239, 57.83738454006833, 48.42590137795281, 70.11418823859141, 11.243114324467395, 1.605465170852404, 69.36684532576884, 201.11592295871202, 40.14590055918611, 31.411399620663452, 9.487795459602058, 129.27489300645334, 35.874267598002156, 45.16192913501624, 21.915593566595277, 174.38343457930733, 107.94382573245336, 131.96948085766545, 51.10119691150035, 122.62221321378756, 96.91401811122074, 180.6562140398107, 402.7918056342776, 406.05370878449924, 60.70721141978498, 3.1403869520031065, 168.37493400137765, 7.72220679283086, 399.6835243149299, 13.59535114601383, 36.65500105250625, 30.699074407913017, 103.78531263049805, 55.99903772414236, 156.0463130317671, 22.742585338142465, 2.066434222759881, 136.33164855575424, 471.0160428990292, 134.8518722153313, 12.814422497089026, 207.93508656034095]]"
58,"[[(0, 3), (0, 34), (13, 7), (19, 4), (19, 21), (24, 8), (24, 18), (34, 36), (4, 11), (17, 18), (17, 19), (23, 32), (32, 18), (32, 37), (2, 11), (2, 20), (2, 31), (11, 17), (15, 8), (20, 7), (20, 10), (31, 14), (31, 23), (12, 15), (12, 18), (22, 10), (37, 4), (37, 10), (37, 14), (14, 4), (38, 12), (38, 16), (5, 6), (5, 30), (6, 8), (6, 23), (33, 13), (28, 37), (7, 30), (27, 11), (27, 23), (27, 31), (27, 36), (9, 38), (16, 35), (16, 39), (29, 13)]]","[[30.181885882644547, 650.2633204334843, 19.028398731500936, 169.19386280299094, 38.28142736058242, 113.22440394371951, 79.67062404572808, 48.83773096063008, 98.71379581277857, 10.75539708152798, 7.322537860217443, 65.18609803340483, 170.3715505587713, 44.609960632713765, 105.75105677137445, 14.921960850919202, 133.37684434248575, 23.534627127822898, 27.27545814817617, 22.275029503158557, 185.60694619654546, 74.21897912320995, 134.1839897183077, 52.80213094159596, 190.4807344590501, 32.11969726087803, 75.87173899197687, 428.4380279288957, 275.68776378517964, 138.35505965109354, 3.3121837516357826, 153.27145607097515, 7.377788075849318, 460.81193159147676, 7.1105332456128325, 40.74011350420125, 12.534308311680451, 114.5218600221606, 86.95408292587244, 64.71660627490812, 72.94223741035384, 6.173239136894312, 186.5507457424884, 527.062900446537, 131.01160119392523, 24.24915826945982, 145.86143810565346]]"
59,"[[(0, 3), (0, 34), (13, 7), (19, 4), (19, 21), (24, 8), (24, 18), (34, 36), (4, 11), (17, 18), (17, 19), (23, 32), (32, 18), (32, 37), (2, 11), (2, 20), (2, 31), (11, 17), (15, 8), (20, 7), (20, 10), (31, 14), (31, 23), (12, 15), (12, 18), (22, 10), (37, 4), (37, 10), (37, 14), (14, 4), (38, 12), (38, 16), (5, 6), (5, 30), (6, 8), (6, 23), (33, 13), (28, 37), (7, 30), (27, 11), (27, 23), (27, 31), (27, 36), (9, 38), (16, 35), (16, 39), (29, 13)]]","[[30.61149528584379, 639.037057609229, 68.56458099397784, 105.41889723125615, 28.26828015619228, 120.03986431298078, 56.37419921047394, 47.27367606750941, 30.42230042806708, 11.489985734229602, 0.06677914915951177, 68.24040651118379, 294.6916567407849, 41.14491680681122, 109.80011029765721, 7.72705715514041, 143.0470976994397, 82.64701270519963, 25.620952481393516, 29.655125267530646, 157.03327532565658, 113.27686114157827, 114.67090717756949, 51.293105148299865, 198.20046061180247, 59.22593818919532, 235.10144579688594, 381.2191496809449, 335.01171078812587, 156.6527723734285, 2.1682935352900894, 189.56928421005233, 7.363589468304045, 398.9502908089788, 14.400911341259821, 36.68306533630908, 15.293710770447692, 51.07293947548797, 179.43847617274372, 25.451944767197784, 88.51037759369882, 2.740191047500112, 114.04490898206565, 531.3502341938326, 140.44782435265728, 17.139243129272167, 149.28047861468008]]"
60,"[[(0, 3), (0, 34), (13, 7), (19, 4), (19, 21), (24, 8), (24, 18), (34, 36), (4, 11), (17, 18), (17, 19), (23, 32), (32, 18), (32, 37), (2, 11), (2, 20), (2, 31), (11, 17), (15, 8), (20, 7), (20, 10), (31, 14), (31, 23), (12, 15), (12, 18), (22, 10), (37, 4), (37, 10), (37, 14), (14, 4), (38, 12), (38, 16), (5, 6), (5, 30), (6, 8), (6, 23), (33, 13), (28, 37), (7, 30), (27, 11), (27, 23), (27, 31), (27, 36), (9, 38), (16, 35), (16, 39), (29, 13)]]","[[35.94358935193501, 638.4614188917869, 100.31806197697719, 146.43567310793074, 36.657960285922876, 60.03984803013709, 84.52621788104031, 55.36161259597236, 24.592241061335425, 12.753708553630428, 4.916158710436158, 64.55564253202631, 167.14577332602173, 41.751240799115955, 47.26259732484036, 8.782245380111476, 181.69238394284247, 82.81577960779163, 23.83388531241518, 20.15110308428429, 191.1153040679689, 31.76742293565661, 125.59095355893163, 52.84696326728238, 56.51942073118245, 108.4932525094104, 233.8330406370328, 427.97326003756956, 256.632618546316, 31.47958187798606, 1.0005982524298895, 63.66203903110457, 8.283748984932188, 457.4448895441014, 9.513345381137462, 47.71155572989424, 10.00139047711965, 113.76542168581665, 39.19604519935021, 88.42554445915137, 97.25276719088059, 0.42413315161621634, 145.995498226971, 594.9441612389408, 135.83540302488802, 20.62534808544181, 147.2220940047929]]"
61,"[[(0, 3), (0, 34), (13, 7), (19, 4), (19, 21), (24, 8), (24, 18), (34, 36), (4, 11), (17, 18), (17, 19), (23, 32), (32, 18), (32, 37), (2, 11), (2, 20), (2, 31), (11, 17), (15, 8), (20, 7), (20, 10), (31, 14), (31, 23), (12, 15), (12, 18), (22, 10), (37, 4), (37, 10), (37, 14), (14, 4), (38, 12), (38, 16), (5, 6), (5, 30), (6, 8), (6, 23), (33, 13), (28, 37), (7, 30), (27, 11), (27, 23), (27, 31), (27, 36), (9, 38), (16, 35), (16, 39), (29, 13)]]","[[31.095232407079386, 640.0311358980142, 80.5533185870681, 114.89017872093841, 38.47367595021393, 123.7942433880174, 82.32740223003768, 23.230465150257672, 108.89307324867784, 12.381667371043946, 4.453746240003053, 67.42347641557782, 264.7858833538057, 39.577180477497386, 81.87374964503198, 17.40901393126058, 181.05701325482437, 12.24731705769689, 21.501312834396895, 28.90435012450374, 169.998443006824, 33.616757867923226, 137.24353922227203, 51.61580121036119, 72.29282893150756, 60.129082062883576, 313.55181411428765, 370.48734320658144, 214.93400730627178, 164.35619241828985, 3.9055461387280057, 169.54673736635877, 7.8296388275385125, 398.7897211793344, 5.52112458194588, 50.05195105590461, 12.346643712318444, 123.03333197352703, 138.98678217742264, 39.9547708719299, 15.113761312030297, 3.3765636268044874, 163.6478457759271, 506.47652882515536, 167.9800626911573, 24.827345938853696, 221.71817481312712]]"
62,"[[(0, 3), (0, 34), (13, 7), (19, 4), (19, 21), (24, 8), (24, 18), (34, 36), (4, 11), (17, 18), (17, 19), (23, 32), (32, 18), (32, 37), (2, 11), (2, 20), (2, 31), (11, 17), (15, 8), (20, 7), (20, 10), (31, 14), (31, 23), (12, 15), (12, 18), (22, 10), (37, 4), (37, 10), (37, 14), (14, 4), (38, 12), (38, 16), (5, 6), (5, 30), (6, 8), (6, 23), (33, 13), (28, 37), (7, 30), (27, 11), (27, 23), (27, 31), (27, 36), (9, 38), (16, 35), (16, 39), (29, 13)]]","[[28.292258191961785, 644.4526118287719, 94.73298748405591, 225.68324596210493, 33.34703255267582, 78.833284018987, 88.26308524522811, 44.647347508261014, 98.28251169807051, 11.388082294300892, 2.127341233098245, 69.23467171073369, 163.111812376479, 39.66304792875442, 85.01234687278561, 10.152969023316318, 131.58185565782884, 17.845082809096404, 34.08755106233117, 20.079838119444915, 189.09424822069693, 21.583151022126685, 131.51744129026252, 52.73096417929869, 32.771559985997285, 43.682928262065516, 233.00481434428616, 410.0974878606895, 259.5073750689786, 122.94024812440563, 1.8944104562179818, 75.4393161847625, 7.780570041170705, 464.42258392762596, 6.3687634778661915, 27.763075175432157, 14.845923925921596, 78.70408260915414, 95.00144618147726, 75.69446840982977, 16.355953048969752, 11.661273560339744, 171.79357366811792, 474.3621631197302, 144.0211580322881, 36.20534083954003, 282.11368056317554]]"
63,"[[(0, 3), (0, 34), (13, 7), (19, 4), (19, 21), (24, 8), (24, 18), (34, 36), (4, 11), (17, 18), (17, 19), (23, 32), (32, 18), (32, 37), (2, 11), (2, 20), (2, 31), (11, 17), (15, 8), (20, 7), (20, 10), (31, 14), (31, 23), (12, 15), (12, 18), (22, 10), (37, 4), (37, 10), (37, 14), (14, 4), (38, 12), (38, 16), (5, 6), (5, 30), (6, 8), (6, 23), (33, 13), (28, 37), (7, 30), (27, 11), (27, 23), (27, 31), (27, 36), (9, 38), (16, 35), (16, 39), (29, 13)]]","[[33.86011577574986, 640.5976543325273, 33.767901723376994, 150.16710579116284, 31.56080080224183, 54.09731924390128, 62.71839441882832, 47.61198351626011, 94.26075181358519, 10.564006605205435, 1.2046344316608755, 65.78171195475406, 135.18922006845753, 40.1894130009518, 133.42918626707677, 4.283964970813928, 145.59467322991162, 10.341185259667817, 32.13823139584822, 19.723699005625942, 155.84505614812593, 149.65532807940994, 138.09892539467438, 51.514397014259266, 193.48339694914856, 37.91684619835691, 68.06194879139888, 387.76674676447345, 319.98964716089733, 118.26026345763604, 4.935480552080811, 180.92714537583598, 7.831350692256735, 405.5368577643845, 8.029792892571106, 47.903892420698696, 21.782199595620572, 93.16340181276698, 27.645925259784896, 119.20432484292081, 86.36752369117443, 9.472208736095553, 144.5485172846332, 516.9685895098366, 167.61928919065298, 28.311499004098287, 149.25093953132293]]"
64,"[[(0, 3), (0, 34), (13, 7), (19, 4), (19, 21), (24, 8), (24, 18), (34, 36), (4, 11), (17, 18), (17, 19), (23, 32), (32, 18), (32, 37), (2, 11), (2, 20), (2, 31), (11, 17), (15, 8), (20, 7), (20, 10), (31, 14), (31, 23), (12, 15), (12, 18), (22, 10), (37, 4), (37, 10), (37, 14), (14, 4), (38, 12), (38, 16), (5, 6), (5, 30), (6, 8), (6, 23), (33, 13), (28, 37), (7, 30), (27, 11), (27, 23), (27, 31), (27, 36), (9, 38), (16, 35), (16, 39), (29, 13)]]","[[32.563941985189736, 658.6983479643884, 33.502677096348904, 123.89677431192618, 35.54837071103613, 98.20596103427508, 77.42581781417383, 35.09613195614752, 69.35446549984545, 8.431621811411144, 4.046365180945558, 65.74295827881215, 124.62812027815801, 39.75607498442315, 37.66432712865223, 4.698984176988753, 138.6287684664377, 52.14291910249093, 12.53497145880674, 26.49099405626254, 194.1189624466793, 115.6234074245456, 120.25234307171176, 52.04655670328406, 178.3476033047152, 29.497491255784013, 202.565910143753, 347.49596615341824, 379.14313293032177, 79.68237120963855, 2.6861102125323577, 169.60368661476414, 8.432266643267136, 453.54359365811, 7.877463955235468, 50.301230939452545, 2.335646861382578, 43.60903646288941, 77.64300695700092, 72.95482823188725, 61.35086732738971, 12.76768879628887, 157.20489488649093, 552.8661131094376, 162.0090957413468, 21.80241571896155, 273.5973393539108]]"
65,"[[(0, 3), (0, 34), (13, 7), (19, 4), (19, 21), (24, 8), (24, 18), (34, 36), (4, 11), (17, 18), (17, 19), (23, 32), (32, 18), (32, 37), (2, 11), (2, 20), (2, 31), (11, 17), (15, 8), (20, 7), (20, 10), (31, 14), (31, 23), (12, 15), (12, 18), (22, 10), (37, 4), (37, 10), (37, 14), (14, 4), (38, 12), (38, 16), (5, 6), (5, 30), (6, 8), (6, 23), (33, 13), (28, 37), (7, 30), (27, 11), (27, 23), (27, 31), (27, 36), (9, 38), (16, 35), (16, 39), (29, 13)]]","[[34.636709593327986, 640.477207425993, 24.688339322455214, 156.894509208438, 32.147435695064445, 101.23823056688711, 46.986453634150955, 42.643756035396684, 106.15262600581725, 10.600986420571001, 4.6658492923970245, 70.53586242332462, 277.869269482399, 40.394797181307794, 121.00229735738893, 7.065351858218532, 179.70116610353773, 74.03672270387112, 24.91681276346682, 17.53597123626872, 179.18525166889287, 100.86362710839796, 120.55263223114572, 51.2905190068233, 126.13690820868618, 59.34082152139145, 259.1135901795084, 383.3865192030571, 398.45856372648916, 112.21336551757042, 4.9696470937713215, 212.16673578321038, 7.39683976104064, 401.49069880075575, 5.897253079136741, 51.189375615362124, 26.430199165385865, 120.0433942644824, 69.94121886448045, 102.96956159942731, 21.458319064375743, 9.206204471949874, 151.67598389157462, 509.65057754704475, 143.9938371150802, 32.77200909845916, 158.48718914111345]]"
66,"[[(0, 3), (0, 34), (13, 7), (19, 4), (19, 21), (24, 8), (24, 18), (34, 36), (4, 11), (17, 18), (17, 19), (23, 32), (32, 18), (32, 37), (2, 11), (2, 20), (2, 31), (11, 17), (15, 8), (20, 7), (20, 10), (31, 14), (31, 23), (12, 15), (12, 18), (22, 10), (37, 4), (37, 10), (37, 14), (14, 4), (38, 12), (38, 16), (5, 6), (5, 30), (6, 8), (6, 23), (33, 13), (28, 37), (7, 30), (27, 11), (27, 23), (27, 31), (27, 36), (9, 38), (16, 35), (16, 39), (29, 13)]]","[[27.376154667641444, 653.4446412250965, 81.31184157620405, 127.60824836720255, 38.51562344675609, 103.98246363969193, 48.50971866207003, 21.94701685158119, 83.73434271246272, 11.931876731246048, 2.3110760350617436, 67.68101753978142, 241.77895201624648, 40.40325371571971, 134.34733822798938, 11.751784560089387, 190.6356588846603, 23.824496314333103, 56.017651549763485, 16.036361962451213, 188.10243636292466, 149.3055387693476, 125.07166490955206, 52.78842837246156, 152.7626312633873, 71.19622888635908, 168.26445145835902, 359.06333748486594, 327.0310934033628, 127.56001620440718, 3.391722363375648, 66.56034322427115, 8.677502870672985, 465.51692467457536, 13.529553141320566, 30.117781742055026, 4.8039402518951775, 65.02019499000095, 33.380024208498284, 167.25743529863198, 67.4114062280274, 2.524540870058976, 157.69892240272668, 501.9614491875351, 135.4264890109561, 22.316507540165183, 147.51611880915226]]"
67,"[[(0, 3), (0, 34), (13, 7), (19, 4), (19, 21), (24, 8), (24, 18), (34, 36), (4, 11), (17, 18), (17, 19), (23, 32), (32, 18), (32, 37), (2, 11), (2, 20), (2, 31), (11, 17), (15, 8), (20, 7), (20, 10), (31, 14), (31, 23), (12, 15), (12, 18), (22, 10), (37, 4), (37, 10), (37, 14), (14, 4), (38, 12), (38, 16), (5, 6), (5, 30), (6, 8), (6, 23), (33, 13), (28, 37), (7, 30), (27, 11), (27, 23), (27, 31), (27, 36), (9, 38), (16, 35), (16, 39), (29, 13)]]","[[28.003777495695253, 648.322667086239, 100.04763539752358, 210.48394474893095, 33.2906512846106, 118.23766207323607, 73.67675522413275, 34.72860829468172, 125.30481362736494, 9.835142528927907, 6.625464283131396, 71.27677638178032, 144.5236201491418, 44.472787980891226, 106.15160608397692, 11.961802866084511, 181.91587697971488, 56.241499486380654, 20.05126918963088, 27.49008314530896, 188.93865920588553, 169.762680412498, 141.41217748882656, 52.778356376215754, 139.6298744607084, 78.5373465794903, 329.79408511986026, 454.44020389438515, 342.13836614634727, 77.90636504207214, 4.715216405450105, 65.70608388800241, 7.049079151985218, 479.3115310618598, 16.036379667467614, 41.58611192424071, 26.98004921859193, 60.14687083474867, 136.9757959709409, 116.1778862142612, 62.31181786619044, 9.397530144988682, 118.40656187744621, 505.7854062032416, 152.43163820875495, 10.646035528134066, 145.58750710959862]]"
68,"[[(0, 3), (0, 34), (13, 7), (19, 4), (19, 21), (24, 8), (24, 18), (34, 36), (4, 11), (17, 18), (17, 19), (23, 32), (32, 18), (32, 37), (2, 11), (2, 20), (2, 31), (11, 17), (15, 8), (20, 7), (20, 10), (31, 14), (31, 23), (12, 15), (12, 18), (22, 10), (37, 4), (37, 10), (37, 14), (14, 4), (38, 12), (38, 16), (5, 6), (5, 30), (6, 8), (6, 23), (33, 13), (28, 37), (7, 30), (27, 11), (27, 23), (27, 31), (27, 36), (9, 38), (16, 35), (16, 39), (29, 13)]]","[[35.50741182683554, 641.6309783592848, 102.15670253733673, 164.74649108880618, 31.23562438211494, 123.81457612128428, 72.81866034640788, 24.645294986005002, 10.786067327612765, 7.270697534498671, 4.059378968430017, 64.8851122913081, 206.28133414284204, 44.39383752061383, 114.77220324094517, 12.26445162517062, 170.09514111869993, 46.50509290568789, 12.897638298143535, 25.762198629600164, 168.2171561705669, 129.76107850279442, 134.26899367014215, 51.50323734837659, 145.79631876369982, 89.40771181208113, 354.63736726277625, 397.3160665202923, 350.91546790506106, 51.50543767666573, 1.6045170741632129, 194.9076520497067, 7.611153167051525, 388.16407055023, 17.924742887936294, 42.34086819202161, 18.59021422765944, 41.34619391479332, 137.17264789067383, 115.68111601737768, 33.34009889111719, 4.08131758124892, 124.76748026088777, 483.66871170564195, 139.03206983518103, 34.25390067222225, 199.426178417443]]"
69,"[[(0, 3), (0, 34), (13, 7), (19, 4), (19, 21), (24, 8), (24, 18), (34, 36), (4, 11), (17, 18), (17, 19), (23, 32), (32, 18), (32, 37), (2, 11), (2, 20), (2, 31), (11, 17), (15, 8), (20, 7), (20, 10), (31, 14), (31, 23), (12, 15), (12, 18), (22, 10), (37, 4), (37, 10), (37, 14), (14, 4), (38, 12), (38, 16), (5, 6), (5, 30), (6, 8), (6, 23), (33, 13), (28, 37), (7, 30), (27, 11), (27, 23), (27, 31), (27, 36), (9, 38), (16, 35), (16, 39), (29, 13)]]","[[27.225102149024895, 647.6928345300739, 66.38103385234436, 129.4988360842838, 27.606315199572116, 93.39392962779509, 55.853383690790515, 49.23985854233153, 41.50929287055492, 11.579763364858527, 2.536177027846678, 66.12837584582125, 145.03313205823147, 41.013370795595485, 58.20181737419095, 13.248084735813626, 146.1861392538313, 14.335311277221685, 17.250222478646926, 17.085929544773002, 199.2073048738273, 73.3035732335633, 136.98266748086039, 51.41415174445683, 145.56474060294, 85.3999873725122, 142.74473344025722, 381.93083505603266, 384.14350762396293, 132.48787140458546, 3.606851139817711, 176.4292644612231, 7.703913318417407, 433.9633928253538, 5.5193602783825355, 37.56572100419069, 3.977932927712894, 51.815012845223066, 131.5354252324235, 100.2893338220426, 47.312137595403, 13.19282293986775, 165.20551572057846, 486.7012096561429, 143.84944994116051, 37.332631353396685, 157.07468120575723]]"
70,"[[(0, 3), (0, 34), (13, 7), (19, 4), (19, 21), (24, 8), (24, 18), (34, 36), (4, 11), (17, 18), (17, 19), (23, 32), (32, 18), (32, 37), (2, 11), (2, 20), (2, 31), (11, 17), (15, 8), (20, 7), (20, 10), (31, 14), (31, 23), (12, 15), (12, 18), (22, 10), (37, 4), (37, 10), (37, 14), (14, 4), (38, 12), (38, 16), (5, 6), (5, 30), (6, 8), (6, 23), (33, 13), (28, 37), (7, 30), (27, 11), (27, 23), (27, 31), (27, 36), (9, 38), (16, 35), (16, 39), (29, 13)]]","[[28.497979872360354, 652.3999154241944, 102.21686889027899, 201.30898821184496, 27.38174932975847, 53.66972922991485, 47.00195234403985, 38.36853668643312, 124.25900307976613, 11.375108505958899, 2.2631165537533686, 71.61494340910066, 125.41861611163107, 41.973527640910234, 130.25937877470196, 15.058489984044531, 147.50179957916757, 50.53142953555158, 52.12182806953756, 17.19282935810287, 132.41127061271953, 192.34774136619623, 127.65333960821891, 51.450981902019635, 103.06607042329335, 111.50737855835877, 379.8566933279688, 422.9969129460102, 400.95715706140885, 59.66924170122398, 4.807205164342757, 103.55613316497022, 7.4303424892070655, 454.25323015344804, 13.509010106351809, 46.15025862456551, 26.500015521990168, 57.707355979484156, 299.28440118567227, 59.82389749752695, 96.93250147688995, 7.911091000135152, 168.9811725763249, 572.3927681609284, 162.18883001515798, 38.08761160461614, 270.7482557356578]]"
71,"[[(0, 3), (0, 34), (13, 7), (19, 4), (19, 21), (24, 8), (24, 18), (34, 36), (4, 11), (17, 18), (17, 19), (23, 32), (32, 18), (32, 37), (2, 11), (2, 20), (2, 31), (11, 17), (15, 8), (20, 7), (20, 10), (31, 14), (31, 23), (12, 15), (12, 18), (22, 10), (37, 4), (37, 10), (37, 14), (14, 4), (38, 12), (38, 16), (5, 6), (5, 30), (6, 8), (6, 23), (33, 13), (28, 37), (7, 30), (27, 11), (27, 23), (27, 31), (27, 36), (9, 38), (16, 35), (16, 39), (29, 13)]]","[[28.367925671954065, 653.0390275316349, 75.50407359690973, 210.5833558683581, 24.326049265351408, 60.04981987139983, 56.92935563616406, 46.87053286907882, 101.85483658992365, 11.513838048427791, 3.0962351527441054, 64.05942150386217, 154.67646388437072, 43.70094371283684, 53.468140146420446, 17.28159776207069, 164.55769792261927, 71.54147400940845, 30.56247391103065, 27.17084132967861, 199.98912897192864, 27.982122607173675, 143.9086556219753, 51.62508261213647, 97.51922336218338, 85.74381325155028, 111.41665695923234, 335.54004455688386, 454.84337387276787, 123.68045424666364, 4.766482036536067, 53.645664317406926, 8.426374373803203, 392.760698055982, 15.256974184541976, 47.81379443092132, 21.041708094616205, 40.02570304312915, 206.3610556966463, 141.13205229258008, 17.339716209461532, 12.879095743519995, 182.20192683545434, 474.0081022641924, 132.0286582346989, 18.20459649815154, 150.89758065176414]]"
72,"[[(0, 3), (0, 34), (13, 7), (19, 4), (19, 21), (24, 8), (24, 18), (34, 36), (4, 11), (17, 18), (17, 19), (23, 32), (32, 18), (32, 37), (2, 11), (2, 20), (2, 31), (11, 17), (15, 8), (20, 7), (20, 10), (31, 14), (31, 23), (12, 15), (12, 18), (22, 10), (37, 4), (37, 10), (37, 14), (14, 4), (38, 12), (38, 16), (5, 6), (5, 30), (6, 8), (6, 23), (33, 13), (28, 37), (7, 30), (27, 11), (27, 23), (27, 31), (27, 36), (9, 38), (16, 35), (16, 39), (29, 13)]]","[[29.35709453171108, 640.6977665195774, 101.94942824079176, 141.62722802812812, 34.692156575323004, 107.79643918774553, 86.49596249783437, 45.08852290067031, 27.77047337432652, 11.541786741371567, 1.2166920056419146, 71.26547321961496, 135.048490355811, 40.434353526289975, 78.1017568564721, 8.435357861463116, 186.49581061113875, 67.67163046128735, 34.13063837528054, 19.45077674271731, 178.52131482030427, 182.32149005021532, 120.67688604791823, 52.16506498350382, 80.20383512029989, 101.53446603427577, 277.7579441824568, 412.56442632066967, 291.1166896464511, 45.638915318427586, 2.7538505175228543, 191.51653628380504, 7.0259466784263935, 439.212429749701, 13.580372522994734, 45.967928973140445, 2.867948319141428, 44.700127159337896, 29.03412597495369, 117.6241074011844, 23.262226392081086, 12.874977452959902, 116.31207065146994, 490.39344487852884, 145.10575169027004, 5.225305256213905, 226.82513027978604]]"
73,"[[(0, 3), (0, 34), (13, 7), (19, 4), (19, 21), (24, 8), (24, 18), (34, 36), (4, 11), (17, 18), (17, 19), (23, 32), (32, 18), (32, 37), (2, 11), (2, 20), (2, 31), (11, 17), (15, 8), (20, 7), (20, 10), (31, 14), (31, 23), (12, 15), (12, 18), (22, 10), (37, 4), (37, 10), (37, 14), (14, 4), (38, 12), (38, 16), (5, 6), (5, 30), (6, 8), (6, 23), (33, 13), (28, 37), (7, 30), (27, 11), (27, 23), (27, 31), (27, 36), (9, 38), (16, 35), (16, 39), (29, 13)]]","[[32.67933656038986, 638.1294643202915, 20.664902747013986, 202.95941742557824, 32.76644181920196, 57.41899772719145, 81.89213513814738, 51.905865037048535, 25.457889924578996, 7.619319479282364, 4.68532122888306, 67.80834993598677, 242.15931416047914, 38.28437432262942, 86.52160610483105, 8.62347569690862, 132.56113343170816, 46.85802556630579, 58.58101288630888, 17.993476952773285, 176.86022793019654, 147.4984813079415, 130.2505236446069, 51.507995811362, 144.55880879680217, 101.26055777803565, 333.4173144936171, 382.0386350576781, 262.7722012121046, 162.6900998985109, 4.422307655566813, 55.11294087903127, 8.846783433672565, 414.16706182038, 15.785987199144254, 29.815022115715024, 16.343890385735996, 100.56892877348926, 103.79323529931892, 92.88429343055337, 45.35137395484267, 12.664998868344206, 124.27132348676939, 648.8875153158044, 130.9481086333782, 33.31304035907694, 179.034881162301]]"
74,"[[(0, 3), (0, 34), (13, 7), (19, 4), (19, 21), (24, 8), (24, 18), (34, 36), (4, 11), (17, 18), (17, 19), (23, 32), (32, 18), (32, 37), (2, 11), (2, 20), (2, 31), (11, 17), (15, 8), (20, 7), (20, 10), (31, 14), (31, 23), (12, 15), (12, 18), (22, 10), (37, 4), (37, 10), (37, 14), (14, 4), (38, 12), (38, 16), (5, 6), (5, 30), (6, 8), (6, 23), (33, 13), (28, 37), (7, 30), (27, 11), (27, 23), (27, 31), (27, 36), (9, 38), (16, 35), (16, 39), (29, 13)]]","[[33.96458371586018, 657.0008380734618, 108.9586470117199, 222.21876343032898, 24.46796090301151, 59.283695921436845, 79.14530367843584, 53.74059029423687, 51.780539408594976, 8.895216217029894, 3.2612098719658515, 69.3615311234333, 147.7588867628532, 40.76865271153525, 80.2783527273495, 14.808329072708338, 180.14837505592578, 50.715631915944705, 27.437898022740285, 25.321025974374294, 190.99953863712213, 135.68147206797406, 110.82932700481349, 51.052043369125464, 63.233275306238525, 60.97823595662268, 326.8622833931328, 348.08544837213236, 264.81600377611574, 67.8047745811713, 4.829712892922272, 139.96294969654417, 7.502401674528616, 450.93971209954043, 5.9196297358611485, 46.85420870162383, 24.814014553167972, 44.59488368224322, 163.9983289250777, 119.39973218510195, 102.4237301972055, 9.351937771085613, 136.2881799382414, 551.9099625975663, 175.74784991939282, 22.53006944602078, 274.54332736094614]]"
75,"[[(0, 3), (0, 34), (13, 7), (19, 4), (19, 21), (24, 8), (24, 18), (34, 36), (4, 11), (17, 18), (17, 19), (23, 32), (32, 18), (32, 37), (2, 11), (2, 20), (2, 31), (11, 17), (15, 8), (20, 7), (20, 10), (31, 14), (31, 23), (12, 15), (12, 18), (22, 10), (37, 4), (37, 10), (37, 14), (14, 4), (38, 12), (38, 16), (5, 6), (5, 30), (6, 8), (6, 23), (33, 13), (28, 37), (7, 30), (27, 11), (27, 23), (27, 31), (27, 36), (9, 38), (16, 35), (16, 39), (29, 13)]]","[[26.760265336379454, 657.9797214872086, 118.09228580747997, 191.2634673035541, 31.375788387777245, 117.23549905306214, 91.48218765322383, 25.216665339484955, 82.84701986011854, 12.993452399215926, 3.2460970805298244, 68.28795709680524, 143.97097422259998, 41.07846404707149, 91.20952262658335, 8.21935960805453, 181.49216316583673, 28.093066522301893, 49.43264199680908, 17.64822490939233, 172.91395748271992, 58.774797641999506, 130.19813457798355, 51.20588495613954, 183.45267118659098, 52.40542074549627, 57.33889925065716, 470.2372152573147, 416.73592226455935, 113.06262334110157, 1.7959478852554636, 173.50207704088004, 8.913868664116322, 426.5024380326449, 6.188185357377053, 31.068856951057167, 21.59973248482029, 87.55605858413873, 226.85734898305412, 133.71784250769147, 78.48776793717752, 10.98941898207484, 123.47135242964316, 571.456402300634, 178.71513687429726, 27.180360733473105, 148.60381730485796]]"
76,"[[(0, 3), (0, 34), (13, 7), (19, 4), (19, 21), (24, 8), (24, 18), (34, 36), (4, 11), (17, 18), (17, 19), (23, 32), (32, 18), (32, 37), (2, 11), (2, 20), (2, 31), (11, 17), (15, 8), (20, 7), (20, 10), (31, 14), (31, 23), (12, 15), (12, 18), (22, 10), (37, 4), (37, 10), (37, 14), (14, 4), (38, 12), (38, 16), (5, 6), (5, 30), (6, 8), (6, 23), (33, 13), (28, 37), (7, 30), (27, 11), (27, 23), (27, 31), (27, 36), (9, 38), (16, 35), (16, 39), (29, 13)]]","[[30.714015152991745, 649.9749097526411, 21.74231217455401, 141.56783878142042, 23.662497441926337, 68.30910264359184, 72.30970990662655, 49.713502939576195, 37.326199178875044, 9.359326617630119, 2.9336105422926844, 71.20203326743672, 280.1081848889622, 40.452165292569624, 125.20805680080366, 8.397773974941643, 177.38147789913734, 84.39031874864413, 51.386847722074705, 24.373091249437813, 174.10480731165012, 94.01242671379761, 141.8931343480731, 52.66171302483835, 166.79180837809625, 40.750912116224754, 415.98103658432234, 361.16410031838933, 315.6028537238699, 40.622254773183094, 2.38991089821331, 96.52736961902747, 8.639009210151613, 445.2922121105349, 15.641819979541618, 54.87632090007094, 3.2198090138931392, 92.40604211584454, 123.40631823153556, 153.25643034862344, 35.68403875359924, 1.8051439299122842, 146.11661187256118, 594.8857293890203, 162.93027341064106, 10.712791181612458, 219.83272848389146]]"
77,"[[(0, 3), (0, 34), (13, 7), (19, 4), (19, 21), (24, 8), (24, 18), (34, 36), (4, 11), (17, 18), (17, 19), (23, 32), (32, 18), (32, 37), (2, 11), (2, 20), (2, 31), (11, 17), (15, 8), (20, 7), (20, 10), (31, 14), (31, 23), (12, 15), (12, 18), (22, 10), (37, 4), (37, 10), (37, 14), (14, 4), (38, 12), (38, 16), (5, 6), (5, 30), (6, 8), (6, 23), (33, 13), (28, 37), (7, 30), (27, 11), (27, 23), (27, 31), (27, 36), (9, 38), (16, 35), (16, 39), (29, 13)]]","[[28.26258826434938, 657.0035034874559, 27.551946820127565, 115.84293885427567, 36.49988871320828, 73.2539287309646, 73.4192367554484, 50.51585802194929, 70.62018327423607, 9.29080343380366, 2.9447990379216797, 68.45521133280484, 296.87406027574906, 43.92125902990904, 119.45670235555242, 14.181804998974346, 139.92109856511794, 38.15033506006977, 27.95131067863488, 16.42769211015933, 136.80785843555054, 166.19448908288513, 128.0070428853697, 52.69560275609223, 57.861364493345484, 85.797249373709, 207.6020286688413, 352.33454068089446, 434.8840546293113, 144.162142872083, 2.6493389021920564, 57.38453784359124, 7.688568499879985, 430.96493264880985, 5.547606812029748, 41.81414687682712, 19.512925961842992, 44.21433818444956, 258.70819760630616, 23.7583718321267, 21.264727325916184, 12.493346931932765, 109.84781258152346, 492.57961297819196, 160.607376937151, 19.632305319803375, 274.1800457837914]]"
78,"[[(0, 3), (0, 34), (13, 7), (19, 4), (19, 21), (24, 8), (24, 18), (34, 36), (4, 11), (17, 18), (17, 19), (23, 32), (32, 18), (32, 37), (2, 11), (2, 20), (2, 31), (11, 17), (15, 8), (20, 7), (20, 10), (31, 14), (31, 23), (12, 15), (12, 18), (22, 10), (37, 4), (37, 10), (37, 14), (14, 4), (38, 12), (38, 16), (5, 6), (5, 30), (6, 8), (6, 23), (33, 13), (28, 37), (7, 30), (27, 11), (27, 23), (27, 31), (27, 36), (9, 38), (16, 35), (16, 39), (29, 13)]]","[[32.16336125391494, 656.7589574187242, 82.58499597835353, 160.17503950632758, 37.07306593586425, 57.40589823144239, 47.733984347319236, 36.99938988090187, 49.44897164367067, 10.414426568973113, 4.904401301290986, 66.05629697168281, 236.1575759577596, 44.57244815043848, 90.12366194443771, 13.239648325450522, 190.5176256135857, 62.81638737589533, 46.818011799931995, 23.126151332680568, 177.90381412209973, 111.7616284548779, 146.69990245380646, 51.737923602175144, 122.18321058282639, 105.9594003196677, 317.7739543723034, 464.20364803924156, 337.679584239669, 115.30239850634091, 4.265223558155469, 195.75063240880638, 7.252150923254993, 446.31278630837204, 4.1837531382345485, 55.03766658140723, 5.800054926477031, 128.7441143644636, 48.661510993473996, 50.15892255860494, 31.125487245708854, 8.464679344617563, 178.89810280732212, 580.8815408563414, 173.09076777733765, 36.06756291612489, 174.0120414528426]]"
79,"[[(0, 3), (0, 34), (13, 7), (19, 4), (19, 21), (24, 8), (24, 18), (34, 36), (4, 11), (17, 18), (17, 19), (23, 32), (32, 18), (32, 37), (2, 11), (2, 20), (2, 31), (11, 17), (15, 8), (20, 7), (20, 10), (31, 14), (31, 23), (12, 15), (12, 18), (22, 10), (37, 4), (37, 10), (37, 14), (14, 4), (38, 12), (38, 16), (5, 6), (5, 30), (6, 8), (6, 23), (33, 13), (28, 37), (7, 30), (27, 11), (27, 23), (27, 31), (27, 36), (9, 38), (16, 35), (16, 39), (29, 13)]]","[[30.731089879133023, 654.0250821583925, 35.29489230553342, 195.79108618888608, 33.599951172286474, 46.36752761646142, 69.07940208278109, 34.934988652204154, 41.79591343938134, 12.15361312031137, 0.4533364076317534, 64.66726255547795, 284.58932324979924, 43.3048811526312, 64.55056461004924, 16.141888988867937, 182.82228470648548, 74.43018765713153, 56.81402720039029, 28.30069886462561, 193.854658625415, 152.7298249518823, 132.05516023960902, 51.13048802644263, 130.22749196616508, 110.24878287113428, 356.2432752687816, 462.9288056190122, 325.02977131298286, 146.00050971198596, 4.636204009514223, 48.82712457214467, 7.539046170582649, 474.32857381885566, 15.874814546744316, 37.898002831270524, 14.888667425918165, 85.080560541022, 234.13466745292226, 86.64463228422825, 81.731090825808, 3.3688581355474763, 169.1375188267077, 586.7590645257482, 153.2925806074199, 29.839535411898233, 209.99387514956956]]"
80,"[[(0, 3), (0, 34), (13, 7), (19, 4), (19, 21), (24, 8), (24, 18), (34, 36), (4, 11), (17, 18), (17, 19), (23, 32), (32, 18), (32, 37), (2, 11), (2, 20), (2, 31), (11, 17), (15, 8), (20, 7), (20, 10), (31, 14), (31, 23), (12, 15), (12, 18), (22, 10), (37, 4), (37, 10), (37, 14), (14, 4), (38, 12), (38, 16), (5, 6), (5, 30), (6, 8), (6, 23), (33, 13), (28, 37), (7, 30), (27, 11), (27, 23), (27, 31), (27, 36), (9, 38), (16, 35), (16, 39), (29, 13)]]","[[29.454013165905494, 650.1585958069678, 78.39658206330694, 226.8970051191152, 36.93844475788924, 118.77477135837457, 85.88237010936156, 48.06249695538629, 48.81613645618885, 12.133847071053287, 2.1116101758177592, 69.28507036851698, 168.57286866151912, 41.73093625200569, 58.56014113858663, 9.036486035739149, 130.8369618871324, 57.53701464785075, 36.453878601725336, 28.397928422559087, 151.20655991447995, 38.374399514623434, 136.32248474573237, 52.46292785570048, 197.91193911033662, 45.35232757794941, 168.00102798270422, 434.6222812326264, 348.91308572590776, 77.43706603869114, 1.0504143217438622, 105.2993047907452, 7.622558482574313, 387.17069903557353, 11.023612225295615, 32.39918393755441, 2.4656730315403377, 127.29244158722932, 288.9735307874349, 69.30100875668825, 63.60028478667031, 3.78878645818973, 111.73080441116599, 500.25119967767546, 163.47441929583877, 31.848470198843593, 146.19467923798612]]"
81,"[[(0, 3), (0, 34), (13, 7), (19, 4), (19, 21), (24, 8), (24, 18), (34, 36), (4, 11), (17, 18), (17, 19), (23, 32), (32, 18), (32, 37), (2, 11), (2, 20), (2, 31), (11, 17), (15, 8), (20, 7), (20, 10), (31, 14), (31, 23), (12, 15), (12, 18), (22, 10), (37, 4), (37, 10), (37, 14), (14, 4), (38, 12), (38, 16), (5, 6), (5, 30), (6, 8), (6, 23), (33, 13), (28, 37), (7, 30), (27, 11), (27, 23), (27, 31), (27, 36), (9, 38), (16, 35), (16, 39), (29, 13)]]","[[33.193937306964344, 638.1414795886338, 115.53239591446253, 116.69330857780847, 36.279072810147525, 111.74265049045529, 83.92042463869211, 28.767084941295305, 43.00992996725462, 9.891411688065338, 0.4804034277434326, 64.70944976943139, 165.50256673801277, 44.13846283500607, 38.992756303126356, 6.1572691131665085, 167.18578773787954, 73.66056996294323, 45.897506541476815, 20.943116931920677, 143.60005807485723, 32.081277191902316, 141.41743643765338, 52.85680270819783, 114.39095640059129, 102.07162743330818, 267.2156820283848, 336.4650221010441, 274.4171783307308, 132.93108738303408, 4.428036127587508, 59.11872397719087, 8.581964859662987, 404.0005638478536, 17.447213872530973, 39.28503941595533, 23.011548815295576, 55.96173198443273, 248.57954414042766, 47.242501222157074, 46.413452595691965, 11.62242518834999, 117.74152998834394, 561.7523906948151, 142.63797520755503, 21.179217811498148, 250.92152575193234]]"
82,"[[(0, 3), (0, 34), (13, 7), (19, 4), (19, 21), (24, 8), (24, 18), (34, 36), (4, 11), (17, 18), (17, 19), (23, 32), (32, 18), (32, 37), (2, 11), (2, 20), (2, 31), (11, 17), (15, 8), (20, 7), (20, 10), (31, 14), (31, 23), (12, 15), (12, 18), (22, 10), (37, 4), (37, 10), (37, 14), (14, 4), (38, 12), (38, 16), (5, 6), (5, 30), (6, 8), (6, 23), (33, 13), (28, 37), (7, 30), (27, 11), (27, 23), (27, 31), (27, 36), (9, 38), (16, 35), (16, 39), (29, 13)]]","[[27.727341143956085, 656.984924856853, 78.56379825369606, 131.62834103847226, 25.07280427404639, 83.45265150512965, 90.99350633393573, 50.14606871198713, 28.343996854445248, 9.923743530484273, 6.7907431733636, 67.89210799999272, 210.85838996209887, 38.159109048625446, 80.08765111480972, 5.267285339499681, 166.40372002166572, 79.08588451559876, 11.134290389562448, 17.05218268088312, 192.5370264671183, 194.06416062561237, 128.80275612043607, 52.742227310192995, 48.828417861038105, 92.35702476619404, 375.8298684370439, 396.4748940781777, 339.0868269127419, 48.34648938506352, 1.5088054909637285, 187.33978221303096, 8.512474216979456, 394.91236905777413, 8.868617511879805, 48.670217956427486, 11.165142828082258, 134.92716542599373, 247.98846094480086, 102.63200298078127, 56.2582605345579, 8.814919476385507, 159.6868300440963, 628.5880797785335, 163.75007031968764, 15.195617017206569, 193.77502220662183]]"
83,"[[(0, 3), (0, 34), (13, 7), (19, 4), (19, 21), (24, 8), (24, 18), (34, 36), (4, 11), (17, 18), (17, 19), (23, 32), (32, 18), (32, 37), (2, 11), (2, 20), (2, 31), (11, 17), (15, 8), (20, 7), (20, 10), (31, 14), (31, 23), (12, 15), (12, 18), (22, 10), (37, 4), (37, 10), (37, 14), (14, 4), (38, 12), (38, 16), (5, 6), (5, 30), (6, 8), (6, 23), (33, 13), (28, 37), (7, 30), (27, 11), (27, 23), (27, 31), (27, 36), (9, 38), (16, 35), (16, 39), (29, 13)]]","[[29.559388412959255, 649.1102701420103, 21.403503544947704, 175.8254249310412, 23.609194360563304, 98.7712960723847, 76.64568568112618, 40.767797410580776, 99.94821068654592, 10.477994426564939, 4.947647753579977, 67.16570959192477, 199.113048595754, 39.527789685640066, 69.26890086214041, 17.895947322820867, 139.1307128866485, 40.568927199496294, 31.51942378600719, 16.229454709183756, 138.51918829314553, 52.53880919550196, 144.66439504276283, 52.43134545816957, 122.91890076475464, 28.454320716714477, 277.7845604631641, 398.00914058617525, 334.0377572420465, 62.61736118935807, 4.655719035846997, 49.53500056407681, 7.204129171266804, 482.8995911885832, 7.588091696944303, 29.56374120492578, 30.371103782898796, 65.21427047839327, 25.429496781934006, 126.9073167500123, 53.22046908109479, 4.089516516458168, 118.61635724417717, 480.79061718698335, 156.563289875235, 10.313667660910165, 162.89053982861745]]"
84,"[[(0, 3), (0, 34), (13, 7), (19, 4), (19, 21), (24, 8), (24, 18), (34, 36), (4, 11), (17, 18), (17, 19), (23, 32), (32, 18), (32, 37), (2, 11), (2, 20), (2, 31), (11, 17), (15, 8), (20, 7), (20, 10), (31, 14), (31, 23), (12, 15), (12, 18), (22, 10), (37, 4), (37, 10), (37, 14), (14, 4), (38, 12), (38, 16), (5, 6), (5, 30), (6, 8), (6, 23), (33, 13), (28, 37), (7, 30), (27, 11), (27, 23), (27, 31), (27, 36), (9, 38), (16, 35), (16, 39), (29, 13)]]","[[29.285288833923705, 658.9198191551246, 27.08511671328617, 130.37351032881807, 38.58010626685031, 60.44726042350253, 83.57567689393676, 21.902136447600554, 35.74189134909283, 8.486719010634761, 4.078210289312691, 68.17520487934075, 255.46186929673058, 44.39050088948002, 126.81348786397473, 12.569321670978782, 129.08280815430254, 85.74321645299528, 36.48572571923792, 21.26556448934442, 182.4737111032623, 135.98205518236, 142.50979644609117, 52.53258774929176, 164.35002450068467, 44.571520671162155, 233.94240752510797, 467.8321755155492, 430.0955768192122, 73.37933981368948, 3.0276248327249666, 142.49760917581483, 8.57550564007281, 399.26549699730015, 13.204199816746732, 35.71806286147732, 25.670174349414452, 129.8353012454822, 99.66726103455092, 96.34421822072704, 25.52725979685247, 3.184170943895844, 141.18084235190426, 506.6759081676013, 166.32565991779194, 5.837437392329109, 226.0422236563069]]"
85,"[[(0, 3), (0, 34), (13, 7), (19, 4), (19, 21), (24, 8), (24, 18), (34, 36), (4, 11), (17, 18), (17, 19), (23, 32), (32, 18), (32, 37), (2, 11), (2, 20), (2, 31), (11, 17), (15, 8), (20, 7), (20, 10), (31, 14), (31, 23), (12, 15), (12, 18), (22, 10), (37, 4), (37, 10), (37, 14), (14, 4), (38, 12), (38, 16), (5, 6), (5, 30), (6, 8), (6, 23), (33, 13), (28, 37), (7, 30), (27, 11), (27, 23), (27, 31), (27, 36), (9, 38), (16, 35), (16, 39), (29, 13)]]","[[30.362605976253143, 658.8296353691057, 110.72080758249145, 114.45999998058447, 33.430400253866196, 105.70370068182324, 59.032496359200806, 47.02422028410322, 133.8898872476631, 12.283940247859114, 2.16428141279167, 64.09222970521523, 276.3680969522208, 38.96058565544775, 133.7942014152532, 7.83122481926422, 178.47282336866803, 38.01732111029853, 30.798098543130063, 27.49628345158947, 164.93189984831656, 79.82196266187745, 126.99635687822172, 51.7317870103353, 149.55400704153794, 71.74376587087653, 195.63579484345868, 473.61936760479705, 407.27129811301256, 78.93049997613943, 4.826068906952921, 173.2787774104556, 7.528887276577249, 404.26606800687307, 15.125144146080071, 55.18278968862274, 5.424665049156861, 35.094172214825775, 132.33916161546026, 84.71369778729738, 53.473113260420405, 7.847234349541247, 177.3983540027196, 458.78840879408244, 173.09638540497644, 27.822370001364526, 211.78614033885566]]"
86,"[[(0, 3), (0, 34), (13, 7), (19, 4), (19, 21), (24, 8), (24, 18), (34, 36), (4, 11), (17, 18), (17, 19), (23, 32), (32, 18), (32, 37), (2, 11), (2, 20), (2, 31), (11, 17), (15, 8), (20, 7), (20, 10), (31, 14), (31, 23), (12, 15), (12, 18), (22, 10), (37, 4), (37, 10), (37, 14), (14, 4), (38, 12), (38, 16), (5, 6), (5, 30), (6, 8), (6, 23), (33, 13), (28, 37), (7, 30), (27, 11), (27, 23), (27, 31), (27, 36), (9, 38), (16, 35), (16, 39), (29, 13)]]","[[26.94772868002708, 657.3593538514141, 95.66034687854872, 152.33787234208796, 34.493004216668645, 45.61673834974026, 58.7550554800129, 49.652157055161396, 73.35055438454238, 7.2023943530795655, 1.9203997227058895, 70.21565927407555, 291.84666047908837, 41.04699691776377, 71.22181786707634, 9.748884260811764, 150.3968084863567, 20.441272312387085, 42.83166297619689, 16.41066408114527, 171.0844585961001, 186.38045880360454, 112.11530245902277, 51.658894398091704, 91.63233119899506, 59.11233511172971, 414.6399214360625, 422.42766930632206, 396.3767435676956, 73.66062692784996, 1.18171874122054, 137.22719612057014, 8.662234737285841, 414.20098571833324, 5.237641530208532, 52.91627942823243, 2.144374968016224, 92.78836208300959, 287.42202825868185, 54.40753661134, 73.89400120907257, 3.3038980625390293, 118.19329364700077, 524.3515780308277, 145.0468396653019, 32.83108841788318, 291.8890072683652]]"
87,"[[(0, 3), (0, 34), (13, 7), (19, 4), (19, 21), (24, 8), (24, 18), (34, 36), (4, 11), (17, 18), (17, 19), (23, 32), (32, 18), (32, 37), (2, 11), (2, 20), (2, 31), (11, 17), (15, 8), (20, 7), (20, 10), (31, 14), (31, 23), (12, 15), (12, 18), (22, 10), (37, 4), (37, 10), (37, 14), (14, 4), (38, 12), (38, 16), (5, 6), (5, 30), (6, 8), (6, 23), (33, 13), (28, 37), (7, 30), (27, 11), (27, 23), (27, 31), (27, 36), (9, 38), (16, 35), (16, 39), (29, 13)]]","[[33.80927369997822, 658.6614114348014, 101.44499529979245, 159.39845744762607, 37.59352168283111, 60.886777145393154, 90.59289502706315, 23.329231361464004, 104.59762977881941, 10.50016472032105, 0.8066456873840533, 66.87319398226181, 161.80363942115645, 37.461925631127485, 74.2421751155658, 14.295204774042661, 128.94411662583002, 32.54677323246855, 23.658441885388783, 26.09026421030658, 141.2676541306443, 193.69754203678556, 113.56482381681182, 51.55861191045067, 188.70623421915022, 77.0825419251183, 386.3176353683057, 370.0990822092302, 338.4629084592583, 76.15979549806544, 4.960256408934898, 98.93224711893627, 8.822799021120026, 458.8325680402658, 8.249774191935721, 45.77051558134566, 20.196578544133544, 114.02748412261471, 165.55491112151552, 46.32999937809876, 26.49582413979505, 7.793123619787459, 154.38114673039087, 569.4028387486005, 139.6450269685751, 14.570831108790086, 161.01526875130057]]"
88,"[[(0, 3), (0, 34), (13, 7), (19, 4), (19, 21), (24, 8), (24, 18), (34, 36), (4, 11), (17, 18), (17, 19), (23, 32), (32, 18), (32, 37), (2, 11), (2, 20), (2, 31), (11, 17), (15, 8), (20, 7), (20, 10), (31, 14), (31, 23), (12, 15), (12, 18), (22, 10), (37, 4), (37, 10), (37, 14), (14, 4), (38, 12), (38, 16), (5, 6), (5, 30), (6, 8), (6, 23), (33, 13), (28, 37), (7, 30), (27, 11), (27, 23), (27, 31), (27, 36), (9, 38), (16, 35), (16, 39), (29, 13)]]","[[29.975731288692653, 647.1149993387255, 74.60625832374983, 173.48609594788797, 36.77628344765369, 80.33996856566972, 68.86261055865613, 48.46503379173599, 114.56565435943469, 7.251033745888573, 0.5797260253367842, 64.04777903925292, 207.67322929074567, 40.66998893862503, 46.26506440736167, 6.199287020264299, 161.72544885033005, 51.239627937075596, 17.485162076524993, 23.530564169024125, 137.44468171616097, 18.112021238689696, 144.68378276647698, 52.20990121773728, 180.15093161519346, 80.34714379693634, 129.8726982134926, 405.80337672529697, 316.86246323959494, 123.20092734455272, 2.73782161890975, 170.4431839761993, 7.6784856013642235, 399.1435279792541, 8.622418699719745, 39.92879341324796, 19.8698161351449, 51.59167198103582, 136.51271164791513, 93.84540244154836, 62.81221884945613, 5.041084625380147, 177.30248475170725, 528.3194212216865, 170.69213900607593, 25.636154005807708, 278.72113287710255]]"
89,"[[(0, 3), (0, 34), (13, 7), (19, 4), (19, 21), (24, 8), (24, 18), (34, 36), (4, 11), (17, 18), (17, 19), (23, 32), (32, 18), (32, 37), (2, 11), (2, 20), (2, 31), (11, 17), (15, 8), (20, 7), (20, 10), (31, 14), (31, 23), (12, 15), (12, 18), (22, 10), (37, 4), (37, 10), (37, 14), (14, 4), (38, 12), (38, 16), (5, 6), (5, 30), (6, 8), (6, 23), (33, 13), (28, 37), (7, 30), (27, 11), (27, 23), (27, 31), (27, 36), (9, 38), (16, 35), (16, 39), (29, 13)]]","[[29.846615904861547, 640.5426937420914, 26.308247476040986, 152.12081347069807, 35.570947984944475, 76.54670702261967, 80.12853985836765, 50.12587665878176, 140.01219274030618, 7.00563585126399, 5.3294786448161275, 70.69874429169568, 290.0519356454796, 44.89050926909642, 72.43401516210861, 12.90483649595793, 161.55364774909881, 74.7502205521763, 50.443593860083226, 19.94980276552122, 153.5430787687618, 90.29955969780399, 122.83437886773547, 52.768719574602734, 33.58429356073137, 100.74422632679723, 196.01317819456912, 370.4747280035606, 413.14543575382095, 138.79479936807675, 1.6141009609855046, 224.11472775722595, 8.294120735868834, 400.56963542577176, 10.082470069027645, 27.24453324752419, 4.177689925809269, 65.90258762647588, 42.77174961059896, 55.19668843765276, 55.5422545188221, 12.99473960068034, 123.5121550595122, 616.9408185983552, 168.3496982929915, 20.168180006858545, 160.28256983275753]]"
90,"[[(0, 3), (0, 34), (13, 7), (19, 4), (19, 21), (24, 8), (24, 18), (34, 36), (4, 11), (17, 18), (17, 19), (23, 32), (32, 18), (32, 37), (2, 11), (2, 20), (2, 31), (11, 17), (15, 8), (20, 7), (20, 10), (31, 14), (31, 23), (12, 15), (12, 18), (22, 10), (37, 4), (37, 10), (37, 14), (14, 4), (38, 12), (38, 16), (5, 6), (5, 30), (6, 8), (6, 23), (33, 13), (28, 37), (7, 30), (27, 11), (27, 23), (27, 31), (27, 36), (9, 38), (16, 35), (16, 39), (29, 13)]]","[[27.74949561138202, 655.4457952033475, 82.45823189376998, 142.15673939210546, 25.462458037744252, 76.63877253333138, 54.67397797683454, 43.71371922538812, 60.269395400429495, 10.78673136963145, 7.650094663664584, 67.94920356133252, 147.11708428044255, 43.18123867176269, 63.393007786264995, 11.549871855176775, 170.08227206080505, 82.21470836892125, 12.962287799338403, 16.627489573057193, 136.81560532219717, 171.69442064002226, 143.21921562000787, 51.19711298996434, 187.88891092241178, 58.186612702262615, 437.3228914665364, 379.021629273862, 290.7375567197812, 35.13180267961161, 1.7692901712588158, 222.69635025244472, 8.961995625160435, 474.7929486149504, 10.295023642700057, 31.398788362688023, 23.537584802131033, 41.98913348838444, 104.26764678109708, 110.1838799041849, 68.74693810597859, 1.4153710260567118, 186.6363528492467, 574.7147844206384, 140.41113879478053, 8.228125637045064, 288.2189375989358]]"
91,"[[(0, 3), (0, 34), (13, 7), (19, 4), (19, 21), (24, 8), (24, 18), (34, 36), (4, 11), (17, 18), (17, 19), (23, 32), (32, 18), (32, 37), (2, 11), (2, 20), (2, 31), (11, 17), (15, 8), (20, 7), (20, 10), (31, 14), (31, 23), (12, 15), (12, 18), (22, 10), (37, 4), (37, 10), (37, 14), (14, 4), (38, 12), (38, 16), (5, 6), (5, 30), (6, 8), (6, 23), (33, 13), (28, 37), (7, 30), (27, 11), (27, 23), (27, 31), (27, 36), (9, 38), (16, 35), (16, 39), (29, 13)]]","[[27.028273018832316, 653.9727378684197, 30.80388504864119, 172.34943733849448, 33.90072645361626, 46.04598097605665, 66.32395116891222, 53.628462602586005, 50.72755311428361, 10.761506303560553, 6.153421144267296, 65.4307944036369, 220.2175668627914, 37.95866583854219, 64.714204135837, 6.28874015723614, 168.890126830791, 9.617533555947892, 50.2339225781713, 25.188725757449518, 168.96755637111107, 122.89111178402179, 146.86116176376856, 51.32407280378377, 42.96670706179461, 74.93710480032698, 378.5829743915329, 473.75896829868987, 397.92402013875494, 149.9026883121431, 2.0456218611360746, 196.8348036392322, 7.598150544650401, 445.94075678731417, 5.67355047676432, 53.366998652855685, 11.737435619053935, 113.76106256560682, 89.59744810776695, 65.76495824800534, 94.96730149652817, 11.229620877413247, 174.7239009940656, 470.5945925295779, 128.0055069379904, 33.38274504384245, 197.3962003599126]]"
92,"[[(0, 3), (0, 34), (13, 7), (19, 4), (19, 21), (24, 8), (24, 18), (34, 36), (4, 11), (17, 18), (17, 19), (23, 32), (32, 18), (32, 37), (2, 11), (2, 20), (2, 31), (11, 17), (15, 8), (20, 7), (20, 10), (31, 14), (31, 23), (12, 15), (12, 18), (22, 10), (37, 4), (37, 10), (37, 14), (14, 4), (38, 12), (38, 16), (5, 6), (5, 30), (6, 8), (6, 23), (33, 13), (28, 37), (7, 30), (27, 11), (27, 23), (27, 31), (27, 36), (9, 38), (16, 35), (16, 39), (29, 13)]]","[[31.05951342584877, 655.0464034448206, 77.03229976983366, 155.56660954791838, 34.07407835783735, 112.90367407317657, 60.64053290478061, 20.134775642406737, 17.682841140577665, 12.23256791144172, 6.65429850532245, 71.28984352689297, 296.29035275962747, 40.40553124760338, 124.02351968948784, 9.64598521049074, 190.40713817023567, 57.197926297236265, 26.03553672555524, 29.09209055919478, 171.23163166266147, 108.32101393329447, 122.32866192928293, 52.70622685908805, 116.54970475415288, 57.28294141311357, 132.16629375801077, 435.3999456197429, 305.51644513674154, 145.16979802241127, 4.897415119177044, 95.51759335983473, 7.190614817292984, 411.68939196655873, 17.24162988415239, 44.000119715425996, 6.111482829294846, 39.61463338080885, 302.6329673501515, 166.79900589818328, 86.33926958004896, 9.22151796770402, 133.19115806240097, 645.0421198125562, 180.75176124686772, 25.767217676594367, 292.0554293050591]]"
93,"[[(0, 3), (0, 34), (13, 7), (19, 4), (19, 21), (24, 8), (24, 18), (34, 36), (4, 11), (17, 18), (17, 19), (23, 32), (32, 18), (32, 37), (2, 11), (2, 20), (2, 31), (11, 17), (15, 8), (20, 7), (20, 10), (31, 14), (31, 23), (12, 15), (12, 18), (22, 10), (37, 4), (37, 10), (37, 14), (14, 4), (38, 12), (38, 16), (5, 6), (5, 30), (6, 8), (6, 23), (33, 13), (28, 37), (7, 30), (27, 11), (27, 23), (27, 31), (27, 36), (9, 38), (16, 35), (16, 39), (29, 13)]]","[[29.331387073897794, 656.0881671308597, 19.269340929906658, 224.79444831023727, 38.26105469861872, 51.2863966971677, 59.38639106106581, 24.212989296676383, 11.493405876494645, 10.111954209041329, 1.1869306196061356, 68.91528332970344, 231.52593020399843, 39.572502545698875, 84.74871590658856, 5.97562291576317, 129.4431416212278, 50.72295444468501, 39.145187474555804, 19.5959283834221, 147.45959648715595, 91.01800586797198, 114.70842956442236, 51.10723075329864, 199.8268350704457, 80.68991136950736, 249.11207914790097, 365.36375863661186, 234.57825728429412, 148.8357416642108, 2.306087858032837, 98.21298721853306, 7.282462407087944, 466.0656099796927, 12.252163215195571, 30.392988339423386, 16.07807963633334, 89.7899682763092, 268.54502156166933, 86.1862164818216, 59.783891708834815, 10.115547812956112, 137.44731309918686, 502.0964162010293, 161.3311531793617, 15.234944162035315, 255.3436507233596]]"
94,"[[(0, 3), (0, 34), (13, 7), (19, 4), (19, 21), (24, 8), (24, 18), (34, 36), (4, 11), (17, 18), (17, 19), (23, 32), (32, 18), (32, 37), (2, 11), (2, 20), (2, 31), (11, 17), (15, 8), (20, 7), (20, 10), (31, 14), (31, 23), (12, 15), (12, 18), (22, 10), (37, 4), (37, 10), (37, 14), (14, 4), (38, 12), (38, 16), (5, 6), (5, 30), (6, 8), (6, 23), (33, 13), (28, 37), (7, 30), (27, 11), (27, 23), (27, 31), (27, 36), (9, 38), (16, 35), (16, 39), (29, 13)]]","[[32.32486436145311, 657.8228988420126, 83.88267732162795, 185.41969527978023, 38.41084194103469, 114.00598486586087, 75.49350755180295, 20.020075644777304, 18.808814022822506, 10.833862686717383, 5.743511033105467, 66.11030465599451, 230.9871760250411, 42.46525572009793, 57.72547423206948, 16.7680588688227, 165.57092990456755, 36.799693251588195, 17.579379160678265, 27.89836444361446, 142.92342403729504, 155.87653358768574, 117.5150175966075, 51.76408406414901, 99.93665770757858, 75.79146193761927, 319.7762932792617, 466.1619571039082, 242.05098440169274, 68.55918438176633, 3.7586430134831996, 95.22282530650389, 7.129825297776245, 450.4239252706813, 14.65182234269428, 38.868496195337116, 18.227128584917498, 64.75979552443934, 228.24267733636984, 99.61976600820022, 95.66620591120028, 6.080869769175489, 142.1814646675592, 511.2893982472328, 168.29325799107144, 8.339951839350402, 145.63003756193174]]"
95,"[[(0, 3), (0, 34), (13, 7), (19, 4), (19, 21), (24, 8), (24, 18), (34, 36), (4, 11), (17, 18), (17, 19), (23, 32), (32, 18), (32, 37), (2, 11), (2, 20), (2, 31), (11, 17), (15, 8), (20, 7), (20, 10), (31, 14), (31, 23), (12, 15), (12, 18), (22, 10), (37, 4), (37, 10), (37, 14), (14, 4), (38, 12), (38, 16), (5, 6), (5, 30), (6, 8), (6, 23), (33, 13), (28, 37), (7, 30), (27, 11), (27, 23), (27, 31), (27, 36), (9, 38), (16, 35), (16, 39), (29, 13)]]","[[32.16171608922589, 638.3427748880849, 31.70005160353461, 197.68531466942392, 25.045339283651465, 60.28231134694915, 64.84180778005785, 24.63494754200558, 66.61586111273323, 11.619747463306096, 1.637578003225613, 66.66323656751173, 148.09538855682865, 41.354191226296265, 120.57138564145758, 6.040480580731222, 167.3160312131975, 77.1669378795381, 16.831541045736028, 16.567405814281198, 159.33585605432415, 193.9363035186873, 130.98617124657596, 52.58854250044511, 114.83123561967516, 45.986588445857045, 273.6070259899426, 453.1241933893625, 258.97230043216604, 41.01331352705003, 2.006883414060325, 95.23492736301792, 7.163063950015669, 468.21099328966875, 5.76086835404935, 41.34250356346752, 13.49144691215925, 104.60379854858385, 261.23849583307674, 41.88663905828189, 16.5668459074514, 6.694835538870371, 180.75320350027914, 611.7884395090982, 134.47980458687644, 14.842216826363599, 223.82761330017703]]"
96,"[[(0, 3), (0, 34), (13, 7), (19, 4), (19, 21), (24, 8), (24, 18), (34, 36), (4, 11), (17, 18), (17, 19), (23, 32), (32, 18), (32, 37), (2, 11), (2, 20), (2, 31), (11, 17), (15, 8), (20, 7), (20, 10), (31, 14), (31, 23), (12, 15), (12, 18), (22, 10), (37, 4), (37, 10), (37, 14), (14, 4), (38, 12), (38, 16), (5, 6), (5, 30), (6, 8), (6, 23), (33, 13), (28, 37), (7, 30), (27, 11), (27, 23), (27, 31), (27, 36), (9, 38), (16, 35), (16, 39), (29, 13)]]","[[27.193287925426944, 660.8033758760117, 89.436493236554, 185.27799655185055, 38.336586601708134, 106.00144855771934, 67.02214693874697, 53.61404812635442, 36.99323718052869, 12.992769556191078, 7.0529761134567, 64.57759375297576, 202.50572424524924, 41.30736049663243, 121.9558268446833, 7.864702740249609, 132.82817391945417, 88.76943912116512, 36.415392794030446, 16.12944976100457, 154.58781376309963, 30.042347172917005, 142.28197849185543, 51.83979969219661, 149.15985611167469, 27.911667533340495, 343.51294360273795, 344.87844395603594, 417.8863213429721, 106.48048671839861, 2.4296530462701695, 166.5183161835531, 8.698498219793812, 455.1442424517742, 14.032215670546591, 32.03026289156462, 20.557003245260425, 47.11864827451319, 210.0824880911084, 56.20133299314519, 100.73513598505697, 6.8267937746102705, 113.10176243530654, 502.55335885013733, 133.64991460245784, 13.104129576068718, 224.15790067851498]]"
97,"[[(0, 3), (0, 34), (13, 7), (19, 4), (19, 21), (24, 8), (24, 18), (34, 36), (4, 11), (17, 18), (17, 19), (23, 32), (32, 18), (32, 37), (2, 11), (2, 20), (2, 31), (11, 17), (15, 8), (20, 7), (20, 10), (31, 14), (31, 23), (12, 15), (12, 18), (22, 10), (37, 4), (37, 10), (37, 14), (14, 4), (38, 12), (38, 16), (5, 6), (5, 30), (6, 8), (6, 23), (33, 13), (28, 37), (7, 30), (27, 11), (27, 23), (27, 31), (27, 36), (9, 38), (16, 35), (16, 39), (29, 13)]]","[[26.255869388561358, 650.8628681907699, 65.43196012811975, 223.14555247528617, 27.71444665648224, 47.93052231641168, 69.68625652826921, 49.69608463746905, 59.42016492633125, 7.750605732422741, 5.514062647601693, 64.73069855529839, 135.03483444426158, 42.21154124775423, 99.03533898502002, 15.224160063798788, 187.5930518004921, 32.71861743657949, 17.521525068672133, 28.030627284707503, 169.08968247703353, 168.0729882693036, 122.83934405032825, 51.10432485960822, 37.21714498587663, 36.03723164651613, 354.3992869057573, 465.61820044732235, 409.74286871424476, 116.79546755269195, 3.755568069084452, 191.94772229175584, 7.306630985041753, 416.18425152691606, 11.226102563853825, 51.63567288763049, 26.366628547783996, 82.57429694665691, 95.58106623037632, 78.42757202605455, 66.29330026036754, 8.918570986398255, 115.31053313775892, 474.4943601411908, 132.62899022803742, 9.751395076128656, 227.47714271063626]]"
98,"[[(0, 3), (0, 34), (13, 7), (19, 4), (19, 21), (24, 8), (24, 18), (34, 36), (4, 11), (17, 18), (17, 19), (23, 32), (32, 18), (32, 37), (2, 11), (2, 20), (2, 31), (11, 17), (15, 8), (20, 7), (20, 10), (31, 14), (31, 23), (12, 15), (12, 18), (22, 10), (37, 4), (37, 10), (37, 14), (14, 4), (38, 12), (38, 16), (5, 6), (5, 30), (6, 8), (6, 23), (33, 13), (28, 37), (7, 30), (27, 11), (27, 23), (27, 31), (27, 36), (9, 38), (16, 35), (16, 39), (29, 13)]]","[[32.32924408227481, 653.0399160181518, 42.62879215776732, 141.17534048467138, 32.44749618357429, 89.01134774325949, 82.63030185751899, 36.519711510926555, 152.40603080334276, 9.421518728896054, 0.23681000744786296, 70.16044872241294, 124.50884316510029, 37.85418262667135, 31.45807925758846, 13.246626439859048, 127.10295184169824, 51.72449040430674, 56.10721104508654, 25.90086967156939, 134.22625853532855, 147.2922708853864, 121.85796524356144, 51.39623570113835, 168.87023619740197, 43.97409418355862, 84.42865639821332, 325.60241043376493, 223.14854351012121, 162.87450177111737, 1.7296456958302366, 73.7195711120023, 7.042444832373863, 400.37605821644013, 9.589612971301534, 44.981936016836876, 28.691213757610875, 51.858090942866, 247.88319011651484, 105.76698751402577, 21.99508811611335, 12.906046084518216, 121.7565008652466, 601.6869398047381, 157.28057257243753, 8.663695194476968, 231.51924840657603]]"
99,"[[(0, 3), (0, 34), (13, 7), (19, 4), (19, 21), (24, 8), (24, 18), (34, 36), (4, 11), (17, 18), (17, 19), (23, 32), (32, 18), (32, 37), (2, 11), (2, 20), (2, 31), (11, 17), (15, 8), (20, 7), (20, 10), (31, 14), (31, 23), (12, 15), (12, 18), (22, 10), (37, 4), (37, 10), (37, 14), (14, 4), (38, 12), (38, 16), (5, 6), (5, 30), (6, 8), (6, 23), (33, 13), (28, 37), (7, 30), (27, 11), (27, 23), (27, 31), (27, 36), (9, 38), (16, 35), (16, 39), (29, 13)]]","[[27.79138324611964, 650.0921097133365, 111.66851461304412, 168.65671175497883, 25.266340494746828, 115.79431169893311, 84.3944874712609, 43.18796452372459, 45.63899707199059, 12.615993066089759, 4.729551684951325, 65.86933183554284, 131.757932574538, 43.90906898282408, 53.21814555548798, 16.08163124245921, 127.7148224115612, 56.16710682104159, 39.00224604356509, 20.766550114513436, 173.36127242134643, 63.19538313028841, 121.50136286754542, 51.281590615046326, 75.72634549704509, 114.30768771817858, 419.4660167511157, 405.03239119433147, 374.2031873428871, 115.5598917126472, 2.581477982073274, 178.14192326399626, 8.781416633505629, 433.27987193270917, 6.615555253738623, 43.98314797171379, 21.17838918893015, 113.19583107253094, 256.3503153039238, 146.1294418873427, 37.627542199306056, 5.419883099154156, 121.96500917505527, 555.8216919968411, 148.76640403620968, 10.873395104528313, 195.89774518851416]]"
