scene,edge,cost
0,"[[(0, 7), (17, 13), (21, 14), (24, 21), (24, 39), (24, 45), (35, 5), (35, 34), (1, 31), (5, 14), (5, 25), (5, 44), (19, 44), (31, 35), (44, 39), (10, 9), (10, 19), (34, 25), (3, 1), (3, 28), (32, 14), (32, 35), (33, 25), (33, 38), (33, 42), (4, 12), (4, 23), (9, 29), (9, 44), (12, 5), (42, 26), (14, 7), (29, 7), (11, 7), (11, 19), (41, 46), (45, 14), (46, 13), (15, 36), (20, 48), (13, 40), (48, 34), (40, 25), (40, 43), (30, 2), (39, 32), (39, 46)]]","[[60.55191551118837, 12.485079520613603, 118.91697896328748, 9.309163333391565, 256.03872280731633, 151.57523782990827, 39.83635931045304, 8.32602694033898, 64.24158725118295, 44.85860126359571, 480.4135355864094, 443.50239691366164, 110.72389517873015, 16.10622658393431, 101.89970235634773, 2.6875485317081953, 74.5962600838201, 14.419292566006954, 11.279859219312327, 378.32748068512234, 45.76047521294794, 13.667376118774076, 84.38009165036196, 53.6706793702208, 178.17982557619433, 25.89708234330364, 131.70652893681282, 320.6683701305898, 653.0627057035957, 94.9909628134154, 31.47732063514147, 153.84189729833312, 309.5454880930601, 66.3398339312684, 3.03500918282885, 2.91036169926599, 42.1478462920266, 483.44350527569145, 0.8027336840604227, 431.63249173283526, 499.0140622310922, 8.771703666019564, 165.56353036379545, 81.26744443581777, 278.6448245839829, 16.22394499876746, 169.598327910885]]"
1,"[[(0, 7), (17, 13), (21, 14), (24, 21), (24, 39), (24, 45), (35, 5), (35, 34), (1, 31), (5, 14), (5, 25), (5, 44), (19, 44), (31, 35), (44, 39), (10, 9), (10, 19), (34, 25), (3, 1), (3, 28), (32, 14), (32, 35), (33, 25), (33, 38), (33, 42), (4, 12), (4, 23), (9, 29), (9, 44), (12, 5), (42, 26), (14, 7), (29, 7), (11, 7), (11, 19), (41, 46), (45, 14), (46, 13), (15, 36), (20, 48), (13, 40), (48, 34), (40, 25), (40, 43), (30, 2), (39, 32), (39, 46)]]","[[191.74978733461973, 12.633482752631389, 50.30898224202841, 9.501255789341819, 267.04753413226103, 274.7853702336102, 38.70617013203143, 3.0090380235647483, 62.81166081063481, 43.07247900148517, 506.8263282529954, 433.06323280567267, 121.88807290852903, 27.563400716970346, 96.62064692917767, 3.810905380551292, 71.443173937782, 21.516959373456913, 22.099862265702, 245.92137300501628, 112.35317453420751, 10.50052355523153, 80.89898593149911, 61.89914538836274, 155.45384666961405, 36.056007245445656, 192.70684204181853, 227.9283157141292, 362.12298754911143, 96.27857872593492, 39.63281813750708, 115.03850008191311, 306.9671985899263, 125.75042161466286, 3.201715938705385, 3.2076720934074743, 35.72464423587853, 105.74245417028695, 1.9459232495452525, 464.266211484749, 434.0335514254012, 9.508764923214219, 100.66237951480613, 12.724061764231216, 368.00734319747835, 59.650734677306744, 109.57542767317082]]"
2,"[[(0, 7), (17, 13), (21, 14), (24, 21), (24, 39), (24, 45), (35, 5), (35, 34), (1, 31), (5, 14), (5, 25), (5, 44), (19, 44), (31, 35), (44, 39), (10, 9), (10, 19), (34, 25), (3, 1), (3, 28), (32, 14), (32, 35), (33, 25), (33, 38), (33, 42), (4, 12), (4, 23), (9, 29), (9, 44), (12, 5), (42, 26), (14, 7), (29, 7), (11, 7), (11, 19), (41, 46), (45, 14), (46, 13), (15, 36), (20, 48), (13, 40), (48, 34), (40, 25), (40, 43), (30, 2), (39, 32), (39, 46)]]","[[55.27283332782135, 12.341974722106194, 67.40415861441082, 10.026148922610467, 245.48122449036003, 228.95833180136293, 31.60753285040427, 6.562460886564621, 39.88315343451898, 44.70330772618986, 353.32169678836846, 455.46443299640083, 116.12732543124667, 30.612916309081363, 9.599918161542105, 23.162064195611762, 72.32803466794772, 12.44996756559289, 26.28567958477764, 420.8244748305947, 47.38324914838874, 17.898575144365946, 122.7470419352091, 45.60123725870962, 193.77644115107077, 45.09596264079167, 223.36854544143398, 235.2042405446279, 813.2616826733041, 87.46034478840656, 43.44844710908036, 63.950620572644524, 325.47223993169723, 28.369795741699292, 7.901839883161042, 2.7428611790793482, 26.21597050758388, 505.89674856018786, 1.151047889361304, 342.15475030985294, 449.5020754848332, 9.597602854869393, 475.691152926536, 87.25699961493362, 317.1124747126314, 161.49992065020356, 114.85511847618315]]"
3,"[[(0, 7), (17, 13), (21, 14), (24, 21), (24, 39), (24, 45), (35, 5), (35, 34), (1, 31), (5, 14), (5, 25), (5, 44), (19, 44), (31, 35), (44, 39), (10, 9), (10, 19), (34, 25), (3, 1), (3, 28), (32, 14), (32, 35), (33, 25), (33, 38), (33, 42), (4, 12), (4, 23), (9, 29), (9, 44), (12, 5), (42, 26), (14, 7), (29, 7), (11, 7), (11, 19), (41, 46), (45, 14), (46, 13), (15, 36), (20, 48), (13, 40), (48, 34), (40, 25), (40, 43), (30, 2), (39, 32), (39, 46)]]","[[109.8320046980017, 13.480623335753846, 96.93124622478052, 10.371581320994629, 243.90136064994348, 285.9324311452863, 6.587095425024166, 6.851930904087026, 56.59909695769958, 43.64211583605768, 450.1410711330476, 434.0687620088006, 110.05974811040694, 18.001404294388237, 10.270218721873018, 7.180487942333008, 92.89647507562796, 16.851922164591315, 11.919710336290727, 383.7334529936531, 88.56723722559187, 75.19245545092906, 142.5670688455189, 52.59646880546033, 169.54829343628703, 161.3055743377629, 118.90075490338387, 372.51944720637437, 623.9750529032019, 63.1848477562129, 54.496394053874674, 15.137294484303338, 309.6828166851152, 63.51929997507579, 7.789985539461006, 2.4625133564687722, 37.81721937501905, 713.1875906430122, 1.1144799042344216, 436.74362133924654, 304.82094979729493, 12.414862071963512, 284.2469535269636, 78.0842821613469, 290.8260454347185, 66.61068127628226, 186.11081857886657]]"
4,"[[(0, 7), (17, 13), (21, 14), (24, 21), (24, 39), (24, 45), (35, 5), (35, 34), (1, 31), (5, 14), (5, 25), (5, 44), (19, 44), (31, 35), (44, 39), (10, 9), (10, 19), (34, 25), (3, 1), (3, 28), (32, 14), (32, 35), (33, 25), (33, 38), (33, 42), (4, 12), (4, 23), (9, 29), (9, 44), (12, 5), (42, 26), (14, 7), (29, 7), (11, 7), (11, 19), (41, 46), (45, 14), (46, 13), (15, 36), (20, 48), (13, 40), (48, 34), (40, 25), (40, 43), (30, 2), (39, 32), (39, 46)]]","[[104.60308544443296, 13.91827347411478, 35.503267884201314, 9.728580763381274, 250.91146431815247, 192.92017381794196, 8.010604100070058, 3.2617004243525134, 66.04663731912002, 43.885796224781835, 439.5414656577287, 461.9055894406939, 105.17194189927231, 34.113466388234755, 16.072236546274674, 9.85265825510989, 96.1624083451274, 12.722957475244973, 26.95465511725391, 467.19340016125625, 34.67071687319967, 72.41554260628628, 109.05473206944374, 60.541411843513764, 173.23030281488047, 163.33999367284054, 233.03525088617678, 223.29739684894798, 313.43538297627765, 94.46507583451177, 21.950616282993252, 175.29130763293776, 329.00120426807695, 82.51750394524262, 13.186999235228992, 3.5775123833884037, 34.173801802231395, 289.58768618582656, 1.5858410163448036, 376.41287455240575, 331.80223630607327, 11.072724275588115, 504.7641465266714, 33.9856645936852, 202.31504568559225, 116.67854687638177, 148.06188405075576]]"
5,"[[(0, 7), (17, 13), (21, 14), (24, 21), (24, 39), (24, 45), (35, 5), (35, 34), (1, 31), (5, 14), (5, 25), (5, 44), (19, 44), (31, 35), (44, 39), (10, 9), (10, 19), (34, 25), (3, 1), (3, 28), (32, 14), (32, 35), (33, 25), (33, 38), (33, 42), (4, 12), (4, 23), (9, 29), (9, 44), (12, 5), (42, 26), (14, 7), (29, 7), (11, 7), (11, 19), (41, 46), (45, 14), (46, 13), (15, 36), (20, 48), (13, 40), (48, 34), (40, 25), (40, 43), (30, 2), (39, 32), (39, 46)]]","[[64.9995936074304, 13.51017548032026, 109.3102968647014, 10.689364017543342, 245.53468093909825, 173.86133149664582, 22.45197320120559, 9.633296453388748, 49.81143389548727, 43.34901993648889, 408.73703718101075, 416.11389220818955, 118.03376312594753, 33.77025168435053, 121.13000544548395, 4.757700363215409, 88.3544415329344, 17.439460174273542, 19.674305724694925, 255.3064070938598, 52.0352964395462, 21.830585527759794, 90.6418990809452, 46.65757388540829, 122.39275056213586, 74.10948391278869, 149.94218875026297, 219.179945362567, 388.05276428085256, 49.61468519320288, 3.6993499119919813, 205.70189291333025, 307.21869771446904, 74.89593910708595, 2.291143128525185, 2.216560432245645, 33.429961322990906, 658.9129006469449, 0.20217937258716634, 414.89472434930695, 325.40035694125595, 8.060685068340456, 60.49421872667445, 76.54275025739936, 354.0603674304916, 61.98795839646692, 43.16961936144936]]"
6,"[[(0, 7), (17, 13), (21, 14), (24, 21), (24, 39), (24, 45), (35, 5), (35, 34), (1, 31), (5, 14), (5, 25), (5, 44), (19, 44), (31, 35), (44, 39), (10, 9), (10, 19), (34, 25), (3, 1), (3, 28), (32, 14), (32, 35), (33, 25), (33, 38), (33, 42), (4, 12), (4, 23), (9, 29), (9, 44), (12, 5), (42, 26), (14, 7), (29, 7), (11, 7), (11, 19), (41, 46), (45, 14), (46, 13), (15, 36), (20, 48), (13, 40), (48, 34), (40, 25), (40, 43), (30, 2), (39, 32), (39, 46)]]","[[133.58674934813337, 12.104531735491257, 91.4317716483196, 10.098262850658504, 264.9099562437545, 305.64912710535975, 19.43443048261528, 6.901410826437289, 40.52221874075743, 44.27896298725018, 513.2893133974783, 430.6078816885919, 116.15159321665455, 29.13253222576503, 102.08418144137173, 13.49434636789507, 94.64026440047066, 19.042777761845613, 35.828023029687195, 214.39595610551376, 46.09288508805528, 21.639829215529716, 105.22651515308064, 65.97330702128357, 190.54911744698103, 145.19232801620007, 241.19175278515843, 353.10837114678185, 726.9268533448882, 88.7414070294612, 121.25718276595339, 77.75834153795051, 320.1251107694435, 56.0145992608363, 7.751593026334168, 2.460888831263761, 30.88297517387574, 321.77928050710733, 0.24994856155847422, 221.21534983741367, 465.65929292349773, 11.063568006748648, 131.90060751692067, 33.84276232704277, 354.1004009512571, 152.96267047143388, 198.45131061334243]]"
7,"[[(0, 7), (17, 13), (21, 14), (24, 21), (24, 39), (24, 45), (35, 5), (35, 34), (1, 31), (5, 14), (5, 25), (5, 44), (19, 44), (31, 35), (44, 39), (10, 9), (10, 19), (34, 25), (3, 1), (3, 28), (32, 14), (32, 35), (33, 25), (33, 38), (33, 42), (4, 12), (4, 23), (9, 29), (9, 44), (12, 5), (42, 26), (14, 7), (29, 7), (11, 7), (11, 19), (41, 46), (45, 14), (46, 13), (15, 36), (20, 48), (13, 40), (48, 34), (40, 25), (40, 43), (30, 2), (39, 32), (39, 46)]]","[[74.79867349679724, 13.268415273344564, 104.5404366228554, 9.433038481092455, 247.12779857167862, 188.94969406075595, 37.60883921939894, 13.032452083569664, 54.749000838469605, 44.38433769662738, 497.1394944891014, 439.5394568303477, 106.19081449053569, 32.32404617473799, 130.62906374237826, 12.187235578334445, 89.79390951460383, 21.018081342637778, 10.393025266938173, 152.01837321950416, 46.445549370324045, 48.04007474799458, 127.36649527172962, 62.73017400590329, 178.47718379700677, 63.409194093265704, 242.71151299756156, 284.8523483465689, 561.922442683149, 80.94440113802142, 31.599956273753087, 84.40947741913735, 302.746604371218, 119.06253024244118, 10.995124681500528, 2.863000045143928, 43.960877740174915, 77.76274965657214, 0.06348644433356543, 254.1501124609567, 254.7275697800188, 18.34062954305622, 137.84303121527392, 69.60476374340455, 326.1906046674394, 79.514643092116, 150.2304493586399]]"
8,"[[(0, 7), (17, 13), (21, 14), (24, 21), (24, 39), (24, 45), (35, 5), (35, 34), (1, 31), (5, 14), (5, 25), (5, 44), (19, 44), (31, 35), (44, 39), (10, 9), (10, 19), (34, 25), (3, 1), (3, 28), (32, 14), (32, 35), (33, 25), (33, 38), (33, 42), (4, 12), (4, 23), (9, 29), (9, 44), (12, 5), (42, 26), (14, 7), (29, 7), (11, 7), (11, 19), (41, 46), (45, 14), (46, 13), (15, 36), (20, 48), (13, 40), (48, 34), (40, 25), (40, 43), (30, 2), (39, 32), (39, 46)]]","[[158.23110236664792, 13.257129162818421, 114.62023802655737, 10.326430919777804, 253.81065426496335, 335.053679510808, 15.470491300345461, 2.8404397586479653, 38.554792812238766, 43.45998564307533, 342.8056294305882, 416.07503395622496, 105.81184120819718, 27.897108073447463, 49.70150138638488, 7.6014777313528805, 91.71133914806126, 9.390059218049931, 31.581980308486273, 261.48001997093206, 32.48081466563437, 48.30561614463989, 124.92195944842214, 63.5354510140226, 150.69754388309835, 176.84349885275662, 231.49763759291852, 230.19751815453253, 822.1554306993827, 85.1513625291019, 103.51914862122203, 114.02483460366466, 326.7551610767224, 37.46877115780142, 5.4918934104733514, 3.257602913306946, 32.865743784585455, 599.4530948808967, 0.1612013098402878, 456.24875601191275, 469.6812749387549, 9.142077812534081, 323.52082141571077, 67.46708906913207, 295.99679074442645, 28.111104106606742, 137.7670434868261]]"
9,"[[(0, 7), (17, 13), (21, 14), (24, 21), (24, 39), (24, 45), (35, 5), (35, 34), (1, 31), (5, 14), (5, 25), (5, 44), (19, 44), (31, 35), (44, 39), (10, 9), (10, 19), (34, 25), (3, 1), (3, 28), (32, 14), (32, 35), (33, 25), (33, 38), (33, 42), (4, 12), (4, 23), (9, 29), (9, 44), (12, 5), (42, 26), (14, 7), (29, 7), (11, 7), (11, 19), (41, 46), (45, 14), (46, 13), (15, 36), (20, 48), (13, 40), (48, 34), (40, 25), (40, 43), (30, 2), (39, 32), (39, 46)]]","[[62.4238157974731, 12.814140186514695, 67.6250436421507, 9.130848722130771, 268.6947130957523, 222.787105509191, 35.43531491900981, 11.056439266853994, 56.91097130048058, 43.71280201094769, 245.10686281388539, 420.08039202947145, 114.88063485644467, 16.12276148397967, 114.06191488334164, 10.527766072564201, 66.9285636833436, 11.529162502575039, 34.198593270253696, 485.99209859542884, 67.10514678831765, 89.38775306584557, 138.3254683409117, 63.401088489945934, 142.17400469582705, 139.72382197237522, 243.54436743667833, 371.23632925322636, 357.865910301368, 98.44235784817823, 80.41628050511437, 104.00786169854553, 327.72083755838935, 72.93447119979683, 3.5212523448692874, 3.613873593373723, 31.609739172432356, 255.5483508978019, 1.6395735869221035, 254.3370087785259, 481.83204738778164, 8.233347284493895, 72.42510070948103, 78.2252098703692, 363.59471859703484, 153.2663290016865, 135.84314793023265]]"
10,"[[(0, 7), (17, 13), (21, 14), (24, 21), (24, 39), (24, 45), (35, 5), (35, 34), (1, 31), (5, 14), (5, 25), (5, 44), (19, 44), (31, 35), (44, 39), (10, 9), (10, 19), (34, 25), (3, 1), (3, 28), (32, 14), (32, 35), (33, 25), (33, 38), (33, 42), (4, 12), (4, 23), (9, 29), (9, 44), (12, 5), (42, 26), (14, 7), (29, 7), (11, 7), (11, 19), (41, 46), (45, 14), (46, 13), (15, 36), (20, 48), (13, 40), (48, 34), (40, 25), (40, 43), (30, 2), (39, 32), (39, 46)]]","[[178.70458905023816, 12.9978738762896, 89.97158712883856, 9.577702751909422, 262.00707318582215, 263.16895870378517, 34.47319937948205, 5.581490701293086, 52.776791955816456, 44.86996972093738, 223.62379255840239, 451.3489814318781, 110.7461614444164, 36.954307026440006, 60.314613400502076, 11.184062723949332, 73.39208752019454, 18.349015156522913, 34.853280521020594, 458.39700390612074, 29.43489794844722, 35.02583965920027, 81.8156712309826, 51.32037938338652, 138.4623273064419, 48.429800978606465, 149.52192576347653, 297.5251237651829, 577.7878445113153, 98.31008675756021, 127.53227922118788, 134.91951313366178, 306.9638628104173, 19.750645740481737, 5.91906145096231, 2.2730381471467243, 41.55268903813102, 705.7706511060937, 1.8725556689972187, 210.44395660105246, 484.0431752662626, 13.440801923681782, 357.6801760733277, 61.20124910814496, 279.0169654821319, 99.34440996893115, 57.6540434427167]]"
11,"[[(0, 7), (17, 13), (21, 14), (24, 21), (24, 39), (24, 45), (35, 5), (35, 34), (1, 31), (5, 14), (5, 25), (5, 44), (19, 44), (31, 35), (44, 39), (10, 9), (10, 19), (34, 25), (3, 1), (3, 28), (32, 14), (32, 35), (33, 25), (33, 38), (33, 42), (4, 12), (4, 23), (9, 29), (9, 44), (12, 5), (42, 26), (14, 7), (29, 7), (11, 7), (11, 19), (41, 46), (45, 14), (46, 13), (15, 36), (20, 48), (13, 40), (48, 34), (40, 25), (40, 43), (30, 2), (39, 32), (39, 46)]]","[[191.07323901351938, 13.49540793786989, 100.86237620918867, 10.480151990058776, 255.61338351879266, 349.41494180046976, 35.04782036481361, 4.549209904343114, 55.231169177501265, 44.415784710792394, 244.25327801105772, 449.48690223110634, 104.22041617286007, 36.44856740089719, 68.65700005662183, 5.782989862755984, 91.727811216679, 21.009309522461578, 35.477648536320345, 229.99208138828504, 105.29245454700923, 92.27663063902814, 81.79346312505358, 60.916934720979704, 153.9404519624011, 137.30677714123277, 113.06402597818678, 324.07238661210476, 250.00499560108904, 80.67736520186529, 74.16060007690474, 136.4605782015827, 320.5433680436679, 43.76898942678372, 8.16736124908487, 3.267090295798642, 33.568801492400475, 472.70877238386873, 1.1494211936719165, 150.63687101513509, 241.72732036306908, 12.21827305542244, 65.6929602898769, 5.435740482755113, 405.12024812845937, 95.26953087021117, 127.56200250468794]]"
12,"[[(0, 7), (17, 13), (21, 14), (24, 21), (24, 39), (24, 45), (35, 5), (35, 34), (1, 31), (5, 14), (5, 25), (5, 44), (19, 44), (31, 35), (44, 39), (10, 9), (10, 19), (34, 25), (3, 1), (3, 28), (32, 14), (32, 35), (33, 25), (33, 38), (33, 42), (4, 12), (4, 23), (9, 29), (9, 44), (12, 5), (42, 26), (14, 7), (29, 7), (11, 7), (11, 19), (41, 46), (45, 14), (46, 13), (15, 36), (20, 48), (13, 40), (48, 34), (40, 25), (40, 43), (30, 2), (39, 32), (39, 46)]]","[[70.2493482028969, 13.938074405046619, 62.198750152184914, 10.314514898752108, 259.393115225668, 218.07799037910127, 35.97513485946995, 5.764159165597082, 64.59313464871305, 44.11166676933205, 366.80022031515506, 422.1945549024457, 112.43984892273335, 27.69294560178404, 103.11760756601221, 15.779890041863432, 86.87699934246268, 15.407071437688149, 12.939234237899026, 232.83634771558349, 43.36752109041885, 33.53893091120682, 108.6323572414084, 60.6710310548481, 132.6806059983608, 128.33438210556713, 241.33256086786156, 374.2467222292032, 395.04456514126144, 61.66354757230915, 88.4980208968152, 56.82273374724994, 319.94053399597703, 124.02725166484238, 9.585465186749836, 2.786269271442884, 30.213651512669315, 625.7992105204219, 0.6057043360987788, 423.10739745857717, 504.97304890865547, 9.719970097290542, 415.39587689377134, 49.09507880530097, 440.0200288437499, 91.68163359071998, 215.16657663443624]]"
13,"[[(0, 7), (17, 13), (21, 14), (24, 21), (24, 39), (24, 45), (35, 5), (35, 34), (1, 31), (5, 14), (5, 25), (5, 44), (19, 44), (31, 35), (44, 39), (10, 9), (10, 19), (34, 25), (3, 1), (3, 28), (32, 14), (32, 35), (33, 25), (33, 38), (33, 42), (4, 12), (4, 23), (9, 29), (9, 44), (12, 5), (42, 26), (14, 7), (29, 7), (11, 7), (11, 19), (41, 46), (45, 14), (46, 13), (15, 36), (20, 48), (13, 40), (48, 34), (40, 25), (40, 43), (30, 2), (39, 32), (39, 46)]]","[[148.9396950198461, 12.866728052736349, 82.86965438277866, 9.552081153561028, 245.75130747726774, 341.05433856680327, 1.108267384585133, 9.185785333945987, 43.72541570268504, 43.4379425702788, 229.59548928000137, 448.1784118753046, 115.78759673606035, 29.610605594166238, 115.00938231335783, 15.258657190676146, 102.72531015760808, 21.796809801366695, 35.277279561170666, 143.67628646463186, 58.408195494743524, 6.3988209938360665, 131.66204765192663, 66.15321432883572, 135.04847302027366, 252.54374927372774, 191.74956996988078, 265.1295567757592, 259.8596845674162, 80.85320055142068, 83.00082569223332, 35.3250196108057, 310.7950529332007, 67.46155891672977, 2.2645392484096964, 3.2028455574989314, 28.033574285152085, 406.63351049417736, 0.7484395881765378, 386.2880327396995, 552.6823854904628, 14.329496280768073, 307.0774767698865, 60.203248416060546, 381.74255697320984, 54.076771042119994, 118.98286725161873]]"
14,"[[(0, 7), (17, 13), (21, 14), (24, 21), (24, 39), (24, 45), (35, 5), (35, 34), (1, 31), (5, 14), (5, 25), (5, 44), (19, 44), (31, 35), (44, 39), (10, 9), (10, 19), (34, 25), (3, 1), (3, 28), (32, 14), (32, 35), (33, 25), (33, 38), (33, 42), (4, 12), (4, 23), (9, 29), (9, 44), (12, 5), (42, 26), (14, 7), (29, 7), (11, 7), (11, 19), (41, 46), (45, 14), (46, 13), (15, 36), (20, 48), (13, 40), (48, 34), (40, 25), (40, 43), (30, 2), (39, 32), (39, 46)]]","[[71.03403761576396, 13.218173060446926, 80.12938372037448, 9.921181184810917, 259.918203643904, 346.37327800275835, 38.436746341756454, 11.580668549428964, 60.43708499143317, 44.64170433240518, 374.71473968345595, 431.29231332636573, 118.96422624384185, 33.68367093110969, 111.32739353950386, 11.236329348563999, 110.9859264935629, 18.703943514858892, 20.493482613315827, 542.5604587873363, 82.83727098540088, 35.166609853682715, 107.7017256774311, 45.39743294297333, 158.18009495063671, 31.25619508370499, 97.62697030513517, 279.6015820248238, 1005.852610907465, 73.14941877232101, 87.85718771502852, 121.66347550305319, 325.95427255483713, 95.24881259753656, 9.337490212268106, 3.3905098097936923, 40.47450240289048, 570.6340355406888, 0.5920645804403772, 420.17223938184867, 490.50245623904374, 16.161702919806057, 373.90399391246405, 76.63957090390352, 343.82306636865883, 86.62585154736799, 103.66793537374252]]"
15,"[[(0, 7), (17, 13), (21, 14), (24, 21), (24, 39), (24, 45), (35, 5), (35, 34), (1, 31), (5, 14), (5, 25), (5, 44), (19, 44), (31, 35), (44, 39), (10, 9), (10, 19), (34, 25), (3, 1), (3, 28), (32, 14), (32, 35), (33, 25), (33, 38), (33, 42), (4, 12), (4, 23), (9, 29), (9, 44), (12, 5), (42, 26), (14, 7), (29, 7), (11, 7), (11, 19), (41, 46), (45, 14), (46, 13), (15, 36), (20, 48), (13, 40), (48, 34), (40, 25), (40, 43), (30, 2), (39, 32), (39, 46)]]","[[150.95634742572386, 12.914327491028608, 62.47361237580189, 10.671564925089312, 252.21463722140774, 280.5097523559608, 27.742293253859344, 2.5480931669276323, 49.70502208044843, 44.210646520167124, 219.29341924913763, 439.6636238640236, 115.23309156799235, 31.802313022837634, 76.37730485554435, 16.70182478774389, 71.02947560505841, 19.05836709135292, 18.54143524181915, 250.08120311895357, 46.51577853419209, 37.82696610659697, 88.29110736282375, 43.88132380917016, 143.53029696396902, 195.7563393621107, 116.77585698824221, 329.0142632662438, 711.931985056757, 92.82503124135398, 16.876619365239083, 172.08412187042427, 315.1730540457133, 38.896791551959325, 13.994104160281342, 2.8503962234146663, 39.74002658386479, 687.0020509939561, 0.024697018412211058, 303.1932008938302, 366.7146358369623, 10.688981256293479, 361.0906896404191, 24.558857001164398, 293.68784451114476, 140.58716385572305, 162.6896076785417]]"
16,"[[(0, 7), (17, 13), (21, 14), (24, 21), (24, 39), (24, 45), (35, 5), (35, 34), (1, 31), (5, 14), (5, 25), (5, 44), (19, 44), (31, 35), (44, 39), (10, 9), (10, 19), (34, 25), (3, 1), (3, 28), (32, 14), (32, 35), (33, 25), (33, 38), (33, 42), (4, 12), (4, 23), (9, 29), (9, 44), (12, 5), (42, 26), (14, 7), (29, 7), (11, 7), (11, 19), (41, 46), (45, 14), (46, 13), (15, 36), (20, 48), (13, 40), (48, 34), (40, 25), (40, 43), (30, 2), (39, 32), (39, 46)]]","[[210.84117495231462, 13.825919506221235, 88.31774422519739, 10.660926391636087, 242.00870132825358, 226.03698685086198, 25.795832048133818, 11.992513987109872, 38.6066009852174, 43.395356426555395, 480.18194061765, 455.55920707137756, 114.36255084450974, 15.763368580625599, 84.69993689065458, 10.650953240735912, 99.0537266869297, 15.712293500776333, 29.126001161789503, 133.7548481467292, 45.34568239664323, 63.054227273066196, 74.26027714344204, 62.647157284986726, 155.46980282399744, 150.83867474611193, 140.86139676163708, 247.299716348304, 715.9348441709344, 80.93096732455066, 20.761467928348672, 51.70826904477667, 304.58836449093735, 78.81948716355149, 5.968313472626596, 2.6567553179218777, 25.886647623311035, 463.99007908106825, 1.746021355788979, 279.59826873946395, 430.5154276804551, 13.759064505395669, 229.82577836011464, 37.63570786523991, 310.5900014499959, 16.7732246155843, 43.780984693524516]]"
17,"[[(0, 7), (17, 13), (21, 14), (24, 21), (24, 39), (24, 45), (35, 5), (35, 34), (1, 31), (5, 14), (5, 25), (5, 44), (19, 44), (31, 35), (44, 39), (10, 9), (10, 19), (34, 25), (3, 1), (3, 28), (32, 14), (32, 35), (33, 25), (33, 38), (33, 42), (4, 12), (4, 23), (9, 29), (9, 44), (12, 5), (42, 26), (14, 7), (29, 7), (11, 7), (11, 19), (41, 46), (45, 14), (46, 13), (15, 36), (20, 48), (13, 40), (48, 34), (40, 25), (40, 43), (30, 2), (39, 32), (39, 46)]]","[[127.80127350965151, 12.161755573091401, 105.96435874392898, 10.060130343521847, 259.32810627963846, 269.954938144163, 5.636203534255931, 3.855632645386901, 48.878785837000876, 44.21261970384966, 350.9193263098317, 456.4728759627278, 108.9134079687523, 21.286618435205195, 109.84446942396646, 18.192344448094314, 90.22957507496872, 17.639642820043324, 21.664825790890344, 257.8801572189018, 50.19174570908244, 101.46362891405535, 107.65235161765548, 63.11567158027829, 190.5175866118206, 221.17492735552858, 42.465504622937814, 301.9917993809436, 903.9498621687355, 48.096764772121844, 10.881710204750544, 34.79212854025752, 312.3522631386781, 65.18251554883904, 4.078326335538382, 3.8397599063470635, 24.358431877775217, 115.90772360826361, 0.9598766642185954, 189.73906878896292, 456.8177701318101, 8.036096739425474, 141.10832335067502, 46.89047758027626, 341.7724228815011, 123.82431770825443, 55.012528405667396]]"
18,"[[(0, 7), (17, 13), (21, 14), (24, 21), (24, 39), (24, 45), (35, 5), (35, 34), (1, 31), (5, 14), (5, 25), (5, 44), (19, 44), (31, 35), (44, 39), (10, 9), (10, 19), (34, 25), (3, 1), (3, 28), (32, 14), (32, 35), (33, 25), (33, 38), (33, 42), (4, 12), (4, 23), (9, 29), (9, 44), (12, 5), (42, 26), (14, 7), (29, 7), (11, 7), (11, 19), (41, 46), (45, 14), (46, 13), (15, 36), (20, 48), (13, 40), (48, 34), (40, 25), (40, 43), (30, 2), (39, 32), (39, 46)]]","[[124.09514792159071, 13.563455078852739, 39.94876525856493, 10.879376330760952, 248.19753686608854, 248.36235730829827, 8.716824588042641, 9.895228567541865, 53.53414724908355, 43.18723812246775, 303.9056295613785, 459.416144470457, 121.77948508988833, 30.00277430587712, 65.79668578149463, 9.270175291700326, 73.28720320505066, 18.470413622464143, 30.70546051341742, 280.63409088460537, 84.9299020944905, 52.3903099879638, 123.76710343360861, 60.5222778189537, 123.27579783054189, 209.71437499471904, 156.04053560906345, 343.0135572400625, 844.7778600680218, 64.96650298127815, 66.04971739893132, 79.64029256448138, 316.303494658903, 46.41627618023865, 8.102034462260942, 2.982915230480068, 29.623239265524322, 340.3537153989654, 1.5164045751859356, 470.4206411210301, 481.08567669159277, 18.72069848882718, 360.9530715741244, 69.49161198087239, 414.04555955898024, 61.121190308657724, 76.0836415898649]]"
19,"[[(0, 7), (17, 13), (21, 14), (24, 21), (24, 39), (24, 45), (35, 5), (35, 34), (1, 31), (5, 14), (5, 25), (5, 44), (19, 44), (31, 35), (44, 39), (10, 9), (10, 19), (34, 25), (3, 1), (3, 28), (32, 14), (32, 35), (33, 25), (33, 38), (33, 42), (4, 12), (4, 23), (9, 29), (9, 44), (12, 5), (42, 26), (14, 7), (29, 7), (11, 7), (11, 19), (41, 46), (45, 14), (46, 13), (15, 36), (20, 48), (13, 40), (48, 34), (40, 25), (40, 43), (30, 2), (39, 32), (39, 46)]]","[[76.51341830797821, 12.03808756043118, 36.86488806645235, 10.809138459746729, 251.89302875568637, 325.2401140924152, 18.192363199732338, 6.740301511209805, 42.01756519084303, 44.62149108189176, 384.041858291586, 433.41702565820924, 119.11516942005986, 19.129166368282654, 125.9128461609059, 1.5617290190649182, 74.32974174584676, 17.88296582590339, 30.29706023858841, 145.9609021145009, 30.90086037234217, 83.10932945837855, 97.41857026957943, 49.53074210333433, 132.32411381764908, 108.51466462436636, 161.47044195939338, 347.15311018500506, 414.7297605528795, 78.82311707650673, 46.285128366623276, 90.87949225151579, 321.23088517955165, 85.16566371642433, 11.918303165684975, 3.0376082570515326, 44.07894358571979, 119.28353824678285, 1.9679306719668908, 255.05779157754213, 555.9068559118732, 11.454071564677141, 146.4167785157215, 49.25303194917508, 305.99338375849834, 157.13123273758387, 139.19715104770376]]"
20,"[[(0, 7), (17, 13), (21, 14), (24, 21), (24, 39), (24, 45), (35, 5), (35, 34), (1, 31), (5, 14), (5, 25), (5, 44), (19, 44), (31, 35), (44, 39), (10, 9), (10, 19), (34, 25), (3, 1), (3, 28), (32, 14), (32, 35), (33, 25), (33, 38), (33, 42), (4, 12), (4, 23), (9, 29), (9, 44), (12, 5), (42, 26), (14, 7), (29, 7), (11, 7), (11, 19), (41, 46), (45, 14), (46, 13), (15, 36), (20, 48), (13, 40), (48, 34), (40, 25), (40, 43), (30, 2), (39, 32), (39, 46)]]","[[81.10823088596933, 12.326426205976109, 77.22293453848825, 10.051348747069262, 246.39115500151263, 231.33559215280354, 25.7255448671195, 2.57688806116621, 65.64472704395325, 44.698835682521185, 513.7552265475058, 466.7014357669777, 107.14543388701519, 24.527405796970015, 37.74131635750225, 4.766923914985707, 86.78496444587931, 21.028108480854094, 19.666148711076744, 490.9924038846376, 37.8762746098019, 49.99274652766462, 139.32960397141068, 51.78482745851364, 164.03449629974142, 78.87071139306991, 188.58633786743388, 363.7491138472836, 332.0622250860201, 66.30356115566391, 25.91406142732489, 166.00819719081514, 317.460701027061, 81.02898445516634, 3.889768559246527, 2.6862775902979115, 35.222562930828616, 83.21063954102236, 0.7091431344584833, 219.83908576093762, 389.2483091067106, 15.139035714179402, 165.81836686840455, 93.07708343477704, 218.46937724398254, 117.41050598247641, 202.22214915758516]]"
21,"[[(0, 7), (17, 13), (21, 14), (24, 21), (24, 39), (24, 45), (35, 5), (35, 34), (1, 31), (5, 14), (5, 25), (5, 44), (19, 44), (31, 35), (44, 39), (10, 9), (10, 19), (34, 25), (3, 1), (3, 28), (32, 14), (32, 35), (33, 25), (33, 38), (33, 42), (4, 12), (4, 23), (9, 29), (9, 44), (12, 5), (42, 26), (14, 7), (29, 7), (11, 7), (11, 19), (41, 46), (45, 14), (46, 13), (15, 36), (20, 48), (13, 40), (48, 34), (40, 25), (40, 43), (30, 2), (39, 32), (39, 46)]]","[[107.84234824109956, 13.155780677141932, 49.85709377150988, 10.25121279594487, 265.6450329645115, 164.2691847581589, 1.769307288621151, 3.723319829790779, 42.06667101951363, 44.65706097612934, 426.3669811549332, 426.60660286069754, 108.91941667565067, 24.44466261478048, 121.69295894816698, 0.3947936580837563, 88.00327622338821, 11.417109020009468, 30.804129276516857, 411.8725562884489, 103.01023224944801, 88.37973394017294, 132.05342099080684, 46.968320914833114, 141.23358755824336, 158.43373680382712, 63.18703473622343, 388.58711753112965, 454.2243851647127, 47.47911866366061, 105.80371856853958, 168.60845955933019, 307.99522565215, 40.224699608173424, 13.24323341435728, 2.690988340973365, 28.98005232627129, 207.49774965231506, 1.2039670481870162, 373.15108510187787, 503.7474781953496, 18.1156519447406, 454.99924340301095, 49.17211738228102, 348.2521349557362, 80.10655134375976, 199.0736481456516]]"
22,"[[(0, 7), (17, 13), (21, 14), (24, 21), (24, 39), (24, 45), (35, 5), (35, 34), (1, 31), (5, 14), (5, 25), (5, 44), (19, 44), (31, 35), (44, 39), (10, 9), (10, 19), (34, 25), (3, 1), (3, 28), (32, 14), (32, 35), (33, 25), (33, 38), (33, 42), (4, 12), (4, 23), (9, 29), (9, 44), (12, 5), (42, 26), (14, 7), (29, 7), (11, 7), (11, 19), (41, 46), (45, 14), (46, 13), (15, 36), (20, 48), (13, 40), (48, 34), (40, 25), (40, 43), (30, 2), (39, 32), (39, 46)]]","[[91.78322233700749, 13.187910816354353, 73.85130716225854, 9.085170368300266, 265.0359803699591, 346.4250438262428, 9.717163230160287, 12.239806182290998, 56.14315342346158, 44.490733792243304, 513.2945776839374, 456.0699532357931, 112.38588754608865, 26.154634194344773, 125.84218015427827, 12.546668382584688, 108.719498010636, 20.476814401044972, 23.87423490812129, 223.61210566885467, 80.87834523771838, 20.7883311061519, 92.20974107336008, 55.24408322797832, 148.94827438782238, 40.44763237547552, 110.12611635423686, 270.87892297213523, 1032.0211502094362, 98.1793105661886, 29.645661630885062, 160.34329441174486, 318.74329717567656, 81.57794193480112, 7.37247766179067, 3.2211762185653985, 36.26311567322715, 146.6687265168186, 0.7609317050358884, 214.63856490890402, 305.40426613869016, 18.906630847727662, 116.93288254049403, 87.63796745995573, 402.65201298289173, 105.45011947972401, 166.41943919829563]]"
23,"[[(0, 7), (17, 13), (21, 14), (24, 21), (24, 39), (24, 45), (35, 5), (35, 34), (1, 31), (5, 14), (5, 25), (5, 44), (19, 44), (31, 35), (44, 39), (10, 9), (10, 19), (34, 25), (3, 1), (3, 28), (32, 14), (32, 35), (33, 25), (33, 38), (33, 42), (4, 12), (4, 23), (9, 29), (9, 44), (12, 5), (42, 26), (14, 7), (29, 7), (11, 7), (11, 19), (41, 46), (45, 14), (46, 13), (15, 36), (20, 48), (13, 40), (48, 34), (40, 25), (40, 43), (30, 2), (39, 32), (39, 46)]]","[[174.487172357122, 13.56642644167274, 41.45418540399739, 10.023516063113773, 258.8744153761443, 308.8461678791714, 1.2062101326642474, 7.841917810877391, 59.50377576131234, 44.861219658192404, 349.49145721989794, 450.052071865129, 116.62843549175523, 28.845735534969695, 99.24702995219201, 8.018328468221878, 99.40789728567324, 10.238595915051363, 14.671501396142423, 157.11888829867584, 108.33505032307363, 8.446153152810925, 118.73538234268597, 50.07259165979392, 191.7913277973925, 36.60925844490306, 120.4632399347123, 277.63467877655626, 1017.8785050256146, 69.13908947634629, 89.27334180183942, 85.28771812062152, 324.23206174322263, 80.32814951022286, 11.078078841438968, 2.6582961669301177, 24.94572228204056, 392.71732553631733, 0.2961284842681198, 205.4678963344803, 387.52320822328034, 8.463629126202036, 80.07250204267712, 72.16152327421962, 425.2589764978332, 41.79784147627256, 40.69153576771796]]"
24,"[[(0, 7), (17, 13), (21, 14), (24, 21), (24, 39), (24, 45), (35, 5), (35, 34), (1, 31), (5, 14), (5, 25), (5, 44), (19, 44), (31, 35), (44, 39), (10, 9), (10, 19), (34, 25), (3, 1), (3, 28), (32, 14), (32, 35), (33, 25), (33, 38), (33, 42), (4, 12), (4, 23), (9, 29), (9, 44), (12, 5), (42, 26), (14, 7), (29, 7), (11, 7), (11, 19), (41, 46), (45, 14), (46, 13), (15, 36), (20, 48), (13, 40), (48, 34), (40, 25), (40, 43), (30, 2), (39, 32), (39, 46)]]","[[153.08493324505218, 13.233431701091, 90.43106664901035, 10.381554523146157, 267.78879057860735, 350.66277566201535, 9.61883144087527, 6.3918734719696655, 61.553132401128494, 44.45746114232457, 517.6543217569559, 451.4923860763385, 105.10051595288729, 23.69049740023818, 45.65475660501594, 22.087962259512242, 78.09664590187803, 14.561765311129552, 16.92410144926251, 437.82467504859164, 44.20740906698094, 50.389778641283044, 140.71019155104761, 54.25514110727485, 180.8683525575098, 208.1299000327755, 159.0892336239448, 277.18613200325603, 1038.4249338000068, 79.6682169289648, 47.581980913187415, 60.886591484905566, 318.8924022104895, 104.77738107671789, 6.978344797714535, 2.857191046341894, 42.83344656368678, 418.20262873886475, 1.3936529549168395, 250.3506078495774, 430.2010626500828, 11.317307529329685, 304.57042661968177, 108.40627353997587, 336.9483487671547, 100.11343593430487, 232.8658630222112]]"
25,"[[(0, 7), (17, 13), (21, 14), (24, 21), (24, 39), (24, 45), (35, 5), (35, 34), (1, 31), (5, 14), (5, 25), (5, 44), (19, 44), (31, 35), (44, 39), (10, 9), (10, 19), (34, 25), (3, 1), (3, 28), (32, 14), (32, 35), (33, 25), (33, 38), (33, 42), (4, 12), (4, 23), (9, 29), (9, 44), (12, 5), (42, 26), (14, 7), (29, 7), (11, 7), (11, 19), (41, 46), (45, 14), (46, 13), (15, 36), (20, 48), (13, 40), (48, 34), (40, 25), (40, 43), (30, 2), (39, 32), (39, 46)]]","[[65.99490442276849, 13.94959279981865, 69.48404214934948, 10.318674150041385, 243.92735565519166, 293.7215481121058, 31.615369476962055, 3.310682756954919, 38.220646420451736, 44.43191553906236, 475.5440884825062, 422.15796852713527, 109.20019892690276, 32.98587247741474, 44.6121196797591, 1.5688963857049618, 75.2626010774607, 15.494349655393538, 32.861931951819685, 434.524572805021, 35.50818647500445, 27.998917098498982, 96.90536263901855, 60.86650895694463, 180.6968482474026, 239.52675747284832, 242.04966765595657, 378.27159957805713, 989.9088565517001, 80.92261271838447, 25.64285771686903, 122.4883149859386, 317.3549408400471, 56.29035694008403, 5.266870539081063, 3.553607762194172, 44.52389262857356, 143.84773704210238, 1.105616908043163, 160.30039447716442, 314.8336202099937, 8.8453875613264, 329.4971459260281, 53.10901719655854, 187.32291229143536, 42.32806255947346, 57.76325443955331]]"
26,"[[(0, 7), (17, 13), (21, 14), (24, 21), (24, 39), (24, 45), (35, 5), (35, 34), (1, 31), (5, 14), (5, 25), (5, 44), (19, 44), (31, 35), (44, 39), (10, 9), (10, 19), (34, 25), (3, 1), (3, 28), (32, 14), (32, 35), (33, 25), (33, 38), (33, 42), (4, 12), (4, 23), (9, 29), (9, 44), (12, 5), (42, 26), (14, 7), (29, 7), (11, 7), (11, 19), (41, 46), (45, 14), (46, 13), (15, 36), (20, 48), (13, 40), (48, 34), (40, 25), (40, 43), (30, 2), (39, 32), (39, 46)]]","[[185.80852162044656, 12.289718611305767, 118.59814417679603, 9.685876147775287, 263.36124780216517, 298.2889264243099, 7.896581938654306, 10.805725576479562, 53.255815746970995, 44.437438547391245, 404.1597683202608, 433.71942731692087, 106.38477774054205, 28.816465222642574, 107.14664437414632, 9.07607700916407, 77.4445017611701, 15.004664945218146, 20.218635864018065, 182.0860817313412, 66.64560417774109, 94.82498778891517, 80.51423728315886, 60.65136088774555, 152.57707998011102, 230.8810805562086, 181.04626335963968, 239.03547388208077, 616.5239360872054, 84.69346199688961, 102.59295742426178, 185.94443521382468, 318.0679872102165, 45.94722236332784, 5.870543793694203, 2.2385669728607973, 37.01528848823939, 580.5566274443548, 1.2463672334657376, 324.7762970512541, 260.4028953514632, 18.949394863664526, 148.0692074867423, 19.066526695285873, 282.08217907011453, 27.690438701932468, 194.1595787230897]]"
27,"[[(0, 7), (17, 13), (21, 14), (24, 21), (24, 39), (24, 45), (35, 5), (35, 34), (1, 31), (5, 14), (5, 25), (5, 44), (19, 44), (31, 35), (44, 39), (10, 9), (10, 19), (34, 25), (3, 1), (3, 28), (32, 14), (32, 35), (33, 25), (33, 38), (33, 42), (4, 12), (4, 23), (9, 29), (9, 44), (12, 5), (42, 26), (14, 7), (29, 7), (11, 7), (11, 19), (41, 46), (45, 14), (46, 13), (15, 36), (20, 48), (13, 40), (48, 34), (40, 25), (40, 43), (30, 2), (39, 32), (39, 46)]]","[[192.2582975313222, 13.68626214740364, 57.205374503070814, 9.157334037711252, 265.95816934984776, 229.57017167422592, 36.06144870786996, 5.03264372216697, 58.54936796996756, 43.92499015653035, 286.78077274138815, 446.22855934538967, 109.86571214042215, 33.92145913927094, 59.9268484029325, 1.9695306893323377, 84.33601065050117, 12.41536416164189, 10.438999178836069, 495.253359737187, 59.25471419578143, 17.60915058759846, 135.7458439461946, 48.26506794944535, 127.01162706425687, 156.63034273228234, 114.36841547406375, 260.59480435302294, 858.4380223499927, 74.44085352290769, 55.512465024890965, 32.35334535887805, 310.47600194585783, 48.221574564379154, 7.431887695945636, 3.688817288679953, 43.485368721075076, 180.77357710500024, 0.6292046216506546, 473.87805005428004, 436.27946335557453, 11.784196738454018, 447.5451669396159, 100.6653971416959, 402.0269237579706, 155.60357065980426, 128.2038057007238]]"
28,"[[(0, 7), (17, 13), (21, 14), (24, 21), (24, 39), (24, 45), (35, 5), (35, 34), (1, 31), (5, 14), (5, 25), (5, 44), (19, 44), (31, 35), (44, 39), (10, 9), (10, 19), (34, 25), (3, 1), (3, 28), (32, 14), (32, 35), (33, 25), (33, 38), (33, 42), (4, 12), (4, 23), (9, 29), (9, 44), (12, 5), (42, 26), (14, 7), (29, 7), (11, 7), (11, 19), (41, 46), (45, 14), (46, 13), (15, 36), (20, 48), (13, 40), (48, 34), (40, 25), (40, 43), (30, 2), (39, 32), (39, 46)]]","[[94.5071575545105, 13.280494734462534, 63.73823985628566, 10.704898959191162, 258.70201880414794, 341.8487886285262, 26.930568188641793, 11.133974255814955, 41.52988525634952, 44.45137375253953, 363.6368922524953, 450.0826295797754, 105.46827290935687, 36.46889315482641, 125.1870480275826, 19.12603646763263, 79.60286611284825, 11.30700449392674, 25.739857842728426, 410.9038530372953, 90.06810534621545, 36.45503676424885, 78.23353081576262, 61.1537705672157, 196.0968577444259, 189.33798751959594, 164.58025017474313, 368.43488289799484, 511.68881563443585, 87.2640465933896, 117.86929065364829, 76.06789105007155, 315.90560815658586, 38.441034022109584, 11.146070024407898, 3.7345855393128735, 45.13962936992158, 263.9672609855508, 0.5100958802574509, 476.2178964353203, 351.51008116931763, 13.015264308066653, 380.2059322014769, 79.79579830922216, 408.8203848529332, 139.71111297432992, 228.8912827666254]]"
29,"[[(0, 7), (17, 13), (21, 14), (24, 21), (24, 39), (24, 45), (35, 5), (35, 34), (1, 31), (5, 14), (5, 25), (5, 44), (19, 44), (31, 35), (44, 39), (10, 9), (10, 19), (34, 25), (3, 1), (3, 28), (32, 14), (32, 35), (33, 25), (33, 38), (33, 42), (4, 12), (4, 23), (9, 29), (9, 44), (12, 5), (42, 26), (14, 7), (29, 7), (11, 7), (11, 19), (41, 46), (45, 14), (46, 13), (15, 36), (20, 48), (13, 40), (48, 34), (40, 25), (40, 43), (30, 2), (39, 32), (39, 46)]]","[[192.796075308418, 13.972433437392468, 112.3637904427828, 10.523018286057077, 255.85191471566907, 316.70948670975514, 14.190182764442735, 7.6677983057459596, 48.353304860756836, 44.95943996825771, 287.00966385217146, 444.29385340447584, 114.62992563595965, 20.42618858458916, 67.10556259915657, 0.864056460962229, 78.51095135631667, 18.69698548447839, 28.333267847805082, 307.63333550147695, 75.6875575726028, 106.53153909978639, 133.6960714391413, 61.81863052070588, 139.12506283768215, 209.27795082897595, 205.75436953961363, 255.45958071001502, 628.4429140072732, 78.91380756306937, 67.1321477863402, 99.2966918122525, 310.87585434853594, 125.65104572728423, 3.8877528816893854, 3.043556453612632, 28.401840235072545, 150.5118037236444, 1.3462380391378095, 388.04212837024784, 383.93684381972605, 8.03091153666506, 371.7176126556809, 52.84110815121912, 242.56052901355457, 151.9241066755917, 192.04253532864286]]"
30,"[[(0, 7), (17, 13), (21, 14), (24, 21), (24, 39), (24, 45), (35, 5), (35, 34), (1, 31), (5, 14), (5, 25), (5, 44), (19, 44), (31, 35), (44, 39), (10, 9), (10, 19), (34, 25), (3, 1), (3, 28), (32, 14), (32, 35), (33, 25), (33, 38), (33, 42), (4, 12), (4, 23), (9, 29), (9, 44), (12, 5), (42, 26), (14, 7), (29, 7), (11, 7), (11, 19), (41, 46), (45, 14), (46, 13), (15, 36), (20, 48), (13, 40), (48, 34), (40, 25), (40, 43), (30, 2), (39, 32), (39, 46)]]","[[66.65350295110126, 13.785261532432942, 81.63241228846897, 10.667117634973389, 262.875433494752, 217.0695459685331, 22.670934419360382, 9.325133027866887, 49.53291460499894, 43.00866706036641, 301.17131754327136, 430.70826076566277, 106.21108909844105, 31.85549780609881, 126.91293750609893, 6.141606351351181, 109.2121607209262, 9.75655385549248, 29.758806856896186, 233.48552148333846, 101.43811024636537, 18.002507436595458, 74.93196905754245, 62.14012221020147, 188.67359955933173, 209.78663175386035, 246.3869680700048, 273.57531295107844, 794.5076799390966, 99.1505556609968, 105.36196475866214, 29.37036903004848, 306.07609304829515, 61.56396045991856, 5.645377812849272, 3.04048289883492, 41.770313406446654, 580.0731396342301, 0.2539807138063819, 393.19411859423445, 304.68877631194437, 16.385378243647857, 324.70976916308547, 99.3339697255571, 414.40399457041093, 111.54524347090613, 164.86522507473123]]"
31,"[[(0, 7), (17, 13), (21, 14), (24, 21), (24, 39), (24, 45), (35, 5), (35, 34), (1, 31), (5, 14), (5, 25), (5, 44), (19, 44), (31, 35), (44, 39), (10, 9), (10, 19), (34, 25), (3, 1), (3, 28), (32, 14), (32, 35), (33, 25), (33, 38), (33, 42), (4, 12), (4, 23), (9, 29), (9, 44), (12, 5), (42, 26), (14, 7), (29, 7), (11, 7), (11, 19), (41, 46), (45, 14), (46, 13), (15, 36), (20, 48), (13, 40), (48, 34), (40, 25), (40, 43), (30, 2), (39, 32), (39, 46)]]","[[100.48814138526387, 12.732634022029895, 74.32673898766157, 9.48211386078747, 249.67315388870284, 295.7589644228549, 15.996222406078601, 2.4441298475654976, 44.59416279154825, 44.30311628586013, 233.6156686190123, 461.15688128378093, 121.08476994387428, 12.17572570362117, 130.05356118605218, 18.078824067664094, 77.52735543182094, 21.92182834482125, 21.014389302302504, 371.95816206001246, 40.76957216086876, 81.91506234381697, 123.41236252575632, 51.81224791765918, 148.24348287186555, 77.28039789196892, 196.71456254922617, 279.6122461258792, 862.330206901815, 91.39225079550886, 33.64788475589634, 180.42820001769232, 303.6456789740868, 45.354545082559795, 9.802283333833453, 2.786238032001243, 43.9496526077623, 223.96316836330172, 0.8018836226824753, 170.22567679144288, 409.1544890365991, 10.516178085478996, 132.62136730468822, 58.56594814517564, 397.25759212861044, 91.63842851579307, 41.44954147980041]]"
32,"[[(0, 7), (17, 13), (21, 14), (24, 21), (24, 39), (24, 45), (35, 5), (35, 34), (1, 31), (5, 14), (5, 25), (5, 44), (19, 44), (31, 35), (44, 39), (10, 9), (10, 19), (34, 25), (3, 1), (3, 28), (32, 14), (32, 35), (33, 25), (33, 38), (33, 42), (4, 12), (4, 23), (9, 29), (9, 44), (12, 5), (42, 26), (14, 7), (29, 7), (11, 7), (11, 19), (41, 46), (45, 14), (46, 13), (15, 36), (20, 48), (13, 40), (48, 34), (40, 25), (40, 43), (30, 2), (39, 32), (39, 46)]]","[[192.16573841155935, 13.569524650051122, 67.16834531756018, 9.756160455279066, 259.48804946532965, 246.74433866968513, 29.028937542011242, 10.699715216110263, 62.23118122695386, 43.769545495866176, 261.9377446989167, 422.2511599625113, 118.21574184608681, 31.107036743620377, 117.15849887472606, 17.208798764706483, 83.85719532342745, 10.81611957871222, 35.999859166410594, 332.64586469566825, 39.670592267084864, 46.64990762159415, 105.73098854757221, 43.63475653298768, 122.53852597825603, 226.34808719775998, 144.94998101350592, 243.80770895108807, 945.7754564638004, 57.51715534761574, 115.33938763030811, 188.88923857915174, 328.8314789927468, 89.35756947049502, 6.801108154317253, 2.166776843033332, 43.853282051799944, 167.11592324585965, 1.3375623848447378, 173.78495033034082, 343.39063417596316, 11.067929325136207, 300.0747126920331, 86.5829948459905, 273.50398225233084, 30.258735824671497, 166.34203939766152]]"
33,"[[(0, 7), (17, 13), (21, 14), (24, 21), (24, 39), (24, 45), (35, 5), (35, 34), (1, 31), (5, 14), (5, 25), (5, 44), (19, 44), (31, 35), (44, 39), (10, 9), (10, 19), (34, 25), (3, 1), (3, 28), (32, 14), (32, 35), (33, 25), (33, 38), (33, 42), (4, 12), (4, 23), (9, 29), (9, 44), (12, 5), (42, 26), (14, 7), (29, 7), (11, 7), (11, 19), (41, 46), (45, 14), (46, 13), (15, 36), (20, 48), (13, 40), (48, 34), (40, 25), (40, 43), (30, 2), (39, 32), (39, 46)]]","[[122.67239191856638, 13.9248429646436, 74.29670171364634, 9.542009993911726, 255.73228345554486, 247.5580227170949, 34.21246132390581, 8.638555515924379, 53.947109411950294, 44.482223241328704, 240.99254495785283, 426.937561613356, 112.24254430610809, 18.895284641940698, 46.34688910576096, 19.413094346324428, 67.55234168172483, 18.019201176091816, 30.352246896141295, 289.29972582890116, 35.86039785748703, 72.74079309891026, 137.47493100379066, 61.574049732009435, 170.94584119539047, 60.86227313647247, 225.90813178196393, 281.78412469338764, 339.7922529169015, 61.706273420422164, 53.64991091641036, 59.290700272695126, 299.03445273012045, 51.12113558861937, 8.83510627766018, 2.2775036806186435, 27.911477252370936, 578.0236606947293, 1.3641608978361903, 272.5476755935729, 526.9525822141848, 17.117577694108803, 233.83220417301231, 7.793918697332536, 328.26570575762156, 169.143249783111, 51.682218045260484]]"
34,"[[(0, 7), (17, 13), (21, 14), (24, 21), (24, 39), (24, 45), (35, 5), (35, 34), (1, 31), (5, 14), (5, 25), (5, 44), (19, 44), (31, 35), (44, 39), (10, 9), (10, 19), (34, 25), (3, 1), (3, 28), (32, 14), (32, 35), (33, 25), (33, 38), (33, 42), (4, 12), (4, 23), (9, 29), (9, 44), (12, 5), (42, 26), (14, 7), (29, 7), (11, 7), (11, 19), (41, 46), (45, 14), (46, 13), (15, 36), (20, 48), (13, 40), (48, 34), (40, 25), (40, 43), (30, 2), (39, 32), (39, 46)]]","[[151.82136786819697, 12.578773672212169, 72.47094130151993, 9.240690080992614, 244.90975830146837, 308.3042953228048, 4.756264205969465, 10.50159989556547, 52.808228453340384, 43.43831651015182, 417.30075381211407, 428.3180506394965, 118.17056116318633, 15.73007293052085, 86.36969656650754, 15.887210397848737, 106.64970781332948, 20.169355887244652, 19.87718662391935, 407.58367457643783, 106.22776052942308, 22.09542940743032, 129.11422119772513, 61.76018874115226, 137.25657324512798, 127.86469870285339, 143.90238869715478, 258.9014635056741, 713.2662292857534, 84.26061246357825, 37.296144104449944, 134.86003491196834, 299.1764769826608, 20.04692629577134, 2.240326034672648, 3.2346237430237466, 24.36560058162271, 129.8048604092763, 1.7056612650870675, 325.2696888921497, 523.8324624801869, 13.553151354808554, 301.608815421038, 28.62232500077753, 188.82746316991347, 79.72568940031304, 36.85598522426243]]"
35,"[[(0, 7), (17, 13), (21, 14), (24, 21), (24, 39), (24, 45), (35, 5), (35, 34), (1, 31), (5, 14), (5, 25), (5, 44), (19, 44), (31, 35), (44, 39), (10, 9), (10, 19), (34, 25), (3, 1), (3, 28), (32, 14), (32, 35), (33, 25), (33, 38), (33, 42), (4, 12), (4, 23), (9, 29), (9, 44), (12, 5), (42, 26), (14, 7), (29, 7), (11, 7), (11, 19), (41, 46), (45, 14), (46, 13), (15, 36), (20, 48), (13, 40), (48, 34), (40, 25), (40, 43), (30, 2), (39, 32), (39, 46)]]","[[170.5480947782341, 12.917946719865949, 38.28091193628029, 9.156410768100706, 245.24049165783723, 287.88301766580895, 19.174139076888785, 13.820187098656874, 52.213532696045235, 44.990866780513635, 256.963167804345, 422.51953044229185, 105.21632716156256, 24.31771997877715, 131.17478850849767, 15.723655593388195, 78.3051546261321, 9.8452759024227, 23.16550694565511, 415.7833297876604, 93.48015145358808, 79.74584231311214, 99.74881394861015, 54.40889363598802, 156.84246477238239, 188.11038387307968, 37.65667250457805, 315.87590837927814, 456.7194745252748, 70.7802990628027, 39.02412875800707, 159.42762537695484, 324.1117210610358, 98.63341254754482, 5.710368838514735, 3.9409158356565106, 25.007328876524916, 239.373385153099, 0.19900020060245693, 229.80957655659688, 551.2042611572352, 18.16794467041302, 126.66946455068046, 64.87720306586826, 404.7219279482122, 85.12801018725835, 70.49640926746156]]"
36,"[[(0, 7), (17, 13), (21, 14), (24, 21), (24, 39), (24, 45), (35, 5), (35, 34), (1, 31), (5, 14), (5, 25), (5, 44), (19, 44), (31, 35), (44, 39), (10, 9), (10, 19), (34, 25), (3, 1), (3, 28), (32, 14), (32, 35), (33, 25), (33, 38), (33, 42), (4, 12), (4, 23), (9, 29), (9, 44), (12, 5), (42, 26), (14, 7), (29, 7), (11, 7), (11, 19), (41, 46), (45, 14), (46, 13), (15, 36), (20, 48), (13, 40), (48, 34), (40, 25), (40, 43), (30, 2), (39, 32), (39, 46)]]","[[197.863629514347, 13.120596046414095, 67.85055956453297, 9.749626330573781, 247.41008659907425, 328.08630577002464, 8.574339968292216, 9.67999630293592, 59.29704911623844, 44.634084176803405, 251.26615750319837, 426.99248684809646, 115.19528171497623, 23.53128305764348, 13.196610081548132, 17.81246161028228, 96.40604381380177, 13.731169770295452, 12.717449410281105, 325.70791905444264, 65.13913496487001, 67.23103064949585, 106.08352452459461, 63.67622508101691, 194.15818969077588, 97.46369306559059, 73.35878037829957, 243.12698673725615, 988.9639133880241, 54.95838291021042, 110.67185971909198, 144.22514381119154, 304.0002356844863, 92.59266831819912, 11.263010007091601, 2.185776465525339, 28.534000613749775, 651.3283126268799, 1.894801842883305, 192.34590598970308, 394.63149820386707, 8.68203587067187, 156.63660883656618, 44.29443373701444, 283.82983950429417, 132.4210756066226, 199.98796104718753]]"
37,"[[(0, 7), (17, 13), (21, 14), (24, 21), (24, 39), (24, 45), (35, 5), (35, 34), (1, 31), (5, 14), (5, 25), (5, 44), (19, 44), (31, 35), (44, 39), (10, 9), (10, 19), (34, 25), (3, 1), (3, 28), (32, 14), (32, 35), (33, 25), (33, 38), (33, 42), (4, 12), (4, 23), (9, 29), (9, 44), (12, 5), (42, 26), (14, 7), (29, 7), (11, 7), (11, 19), (41, 46), (45, 14), (46, 13), (15, 36), (20, 48), (13, 40), (48, 34), (40, 25), (40, 43), (30, 2), (39, 32), (39, 46)]]","[[144.7009389914374, 12.425957041963553, 50.042106986577494, 9.611496765054673, 248.9960460462605, 339.9644864974906, 9.735325020535662, 13.011229414971842, 48.973106375736236, 44.328886281975805, 284.93595452800025, 446.472193081991, 111.77404427205194, 10.81273719966823, 84.51063607973609, 16.619813374319804, 86.08125462475743, 21.215566213472982, 17.634124112933787, 268.93138967162525, 75.04042247412673, 35.05816498205539, 137.03197318631427, 45.59179288823635, 141.38584054809982, 38.55805124346507, 239.2420442496764, 283.7177078262552, 944.7465698198124, 81.09787715643864, 115.62214849555012, 118.56827597784718, 321.15451764534816, 58.28539422201192, 5.721618425403856, 3.334271870871875, 29.47151458159439, 517.5064643254846, 0.4707506749387569, 454.67735752755357, 546.1900874950561, 12.922204872174557, 309.75672244671574, 66.25279689681184, 431.99098595216753, 103.30538581196488, 103.8276990243434]]"
38,"[[(0, 7), (17, 13), (21, 14), (24, 21), (24, 39), (24, 45), (35, 5), (35, 34), (1, 31), (5, 14), (5, 25), (5, 44), (19, 44), (31, 35), (44, 39), (10, 9), (10, 19), (34, 25), (3, 1), (3, 28), (32, 14), (32, 35), (33, 25), (33, 38), (33, 42), (4, 12), (4, 23), (9, 29), (9, 44), (12, 5), (42, 26), (14, 7), (29, 7), (11, 7), (11, 19), (41, 46), (45, 14), (46, 13), (15, 36), (20, 48), (13, 40), (48, 34), (40, 25), (40, 43), (30, 2), (39, 32), (39, 46)]]","[[116.98740053644275, 12.874065434150431, 114.89219040521552, 9.669703981622916, 262.0244538651141, 281.9407165967543, 13.193186720280229, 11.822818153860805, 43.16126856509273, 43.24757622342239, 493.26484703488865, 444.75835009613024, 105.16337677897138, 11.247223053228595, 71.89829334635068, 8.005878379598384, 111.96081860556532, 11.618492224830888, 26.89073166832616, 198.16074311753678, 110.87375047947883, 89.78094075786267, 94.11140564923238, 45.69639337855025, 152.33265587857778, 74.38629262115705, 192.07383729119894, 237.37168079713524, 577.0801723816822, 71.8487602207355, 50.32760925722851, 146.44993007930833, 309.84202124576404, 62.25656794814038, 10.8075615881156, 2.0719511297999587, 45.37340066434285, 171.2331052156438, 0.3672828550372671, 183.50092236096089, 464.4496133002225, 10.222944097796747, 323.4771858480163, 25.431174215436165, 227.49219423188805, 171.53366393181255, 109.58248078195639]]"
39,"[[(0, 7), (17, 13), (21, 14), (24, 21), (24, 39), (24, 45), (35, 5), (35, 34), (1, 31), (5, 14), (5, 25), (5, 44), (19, 44), (31, 35), (44, 39), (10, 9), (10, 19), (34, 25), (3, 1), (3, 28), (32, 14), (32, 35), (33, 25), (33, 38), (33, 42), (4, 12), (4, 23), (9, 29), (9, 44), (12, 5), (42, 26), (14, 7), (29, 7), (11, 7), (11, 19), (41, 46), (45, 14), (46, 13), (15, 36), (20, 48), (13, 40), (48, 34), (40, 25), (40, 43), (30, 2), (39, 32), (39, 46)]]","[[55.363736543405146, 13.332165455462825, 99.14311128503594, 10.463483899021137, 264.2839550901333, 205.8122677650195, 10.778180795280766, 6.675046655749795, 50.72226042843325, 44.72151445302698, 491.0021294138815, 437.2984338562886, 112.78752050922797, 23.01006068814667, 37.88698551672373, 18.58555547387145, 88.07309646837186, 14.591685146469256, 11.24357708996536, 162.9426198607061, 62.55800236917589, 40.429880853313165, 127.32593125233818, 46.10254662793028, 136.261483349356, 22.78875259371666, 108.33996904296257, 258.60272457550957, 1026.5948727127775, 86.30031150273426, 129.18269349863215, 188.3931048219914, 303.48966503364363, 116.10911589890864, 5.07918419439253, 2.7676950689919577, 45.97623681558463, 574.491509726471, 0.15606831492834106, 436.5657859565683, 374.7322970558271, 11.39404631499804, 278.2479453065692, 29.13188640911548, 185.93441094585816, 38.34764459607452, 181.24767853051864]]"
40,"[[(0, 7), (17, 13), (21, 14), (24, 21), (24, 39), (24, 45), (35, 5), (35, 34), (1, 31), (5, 14), (5, 25), (5, 44), (19, 44), (31, 35), (44, 39), (10, 9), (10, 19), (34, 25), (3, 1), (3, 28), (32, 14), (32, 35), (33, 25), (33, 38), (33, 42), (4, 12), (4, 23), (9, 29), (9, 44), (12, 5), (42, 26), (14, 7), (29, 7), (11, 7), (11, 19), (41, 46), (45, 14), (46, 13), (15, 36), (20, 48), (13, 40), (48, 34), (40, 25), (40, 43), (30, 2), (39, 32), (39, 46)]]","[[72.17778907929667, 12.757327146341074, 67.31524165036575, 9.294525565183324, 268.243977684742, 244.74160898768287, 9.536415337526632, 3.2834016602932907, 56.64851296229598, 43.992717135012754, 346.28938204549434, 448.72681881209826, 109.47196045894165, 22.676542606817822, 62.504873946642874, 12.18669657273626, 109.65998695900532, 18.608745306062517, 22.062321120335888, 308.5057994579324, 75.92088811818772, 75.20032200238794, 74.38052642643271, 53.26605494643346, 157.04934954296493, 112.7321554306431, 63.66801485998893, 375.9740851175608, 657.2554140156387, 79.72381506860972, 75.35064462706721, 170.03030334070962, 320.70507317743875, 66.6412963398663, 4.790103223610845, 2.3878680638444267, 37.39272488958666, 636.5929949436398, 1.8691472766829034, 266.4776927409111, 421.4502317753624, 17.879024314590993, 485.8481764156233, 29.0961481012327, 334.8628191497438, 109.15504253984635, 61.07628334398494]]"
41,"[[(0, 7), (17, 13), (21, 14), (24, 21), (24, 39), (24, 45), (35, 5), (35, 34), (1, 31), (5, 14), (5, 25), (5, 44), (19, 44), (31, 35), (44, 39), (10, 9), (10, 19), (34, 25), (3, 1), (3, 28), (32, 14), (32, 35), (33, 25), (33, 38), (33, 42), (4, 12), (4, 23), (9, 29), (9, 44), (12, 5), (42, 26), (14, 7), (29, 7), (11, 7), (11, 19), (41, 46), (45, 14), (46, 13), (15, 36), (20, 48), (13, 40), (48, 34), (40, 25), (40, 43), (30, 2), (39, 32), (39, 46)]]","[[146.14180413943103, 13.379997819648251, 95.66478863765053, 10.572853035675992, 247.57015892654894, 167.37373544288513, 29.42150708097376, 7.488482952044676, 48.768065767398305, 43.865576190630016, 417.85782470768015, 452.06024219970215, 104.2331305838721, 10.592354142893882, 45.754207922542285, 23.635895551927465, 85.85986908166034, 16.00088028020618, 35.69784871048857, 509.3558674904053, 93.71903101334607, 92.09296578575045, 128.51332293555762, 49.3423178363394, 170.47108896581375, 80.4490803752276, 243.82262263074895, 234.9625392571833, 470.55479138194016, 59.48547853378281, 14.713191950552716, 20.45371490411588, 311.0974133613317, 64.84081392989859, 7.01777671555144, 2.249955004134942, 29.81316752161886, 427.0229857052928, 0.539679871503574, 442.8795397663778, 240.04677921968815, 9.36777255687399, 519.1629024452109, 84.68534152014867, 435.22269599435725, 145.83941956229665, 89.04171530825548]]"
42,"[[(0, 7), (17, 13), (21, 14), (24, 21), (24, 39), (24, 45), (35, 5), (35, 34), (1, 31), (5, 14), (5, 25), (5, 44), (19, 44), (31, 35), (44, 39), (10, 9), (10, 19), (34, 25), (3, 1), (3, 28), (32, 14), (32, 35), (33, 25), (33, 38), (33, 42), (4, 12), (4, 23), (9, 29), (9, 44), (12, 5), (42, 26), (14, 7), (29, 7), (11, 7), (11, 19), (41, 46), (45, 14), (46, 13), (15, 36), (20, 48), (13, 40), (48, 34), (40, 25), (40, 43), (30, 2), (39, 32), (39, 46)]]","[[51.04824974514676, 12.704633169454473, 101.34315140945266, 10.351822059438845, 255.67757666204858, 287.91396343621045, 0.9176116233325813, 6.159418902484749, 59.458022454937236, 44.32852626767344, 493.15215327306834, 430.38941987850393, 119.3572518398537, 9.003373531693743, 115.03373914156518, 19.464424370332587, 104.80084721544252, 17.240775806298203, 13.709268154301231, 235.02892288470125, 49.08917541292048, 8.083756527892065, 146.48670667125847, 45.76072434392425, 184.16286852433763, 240.80183787471393, 168.69721208681528, 339.9100773330858, 818.9621849036961, 67.68913011278615, 35.05677828194381, 19.149669970006904, 312.35219399505075, 30.697641177508117, 7.839854132290938, 3.526493773081797, 45.09587439957444, 643.1318712867487, 0.9332432972801186, 364.4931301943874, 560.9912384716577, 14.408228980508433, 116.47857569322231, 52.0435978733276, 383.4826994179271, 87.82431638034147, 120.77747998783965]]"
43,"[[(0, 7), (17, 13), (21, 14), (24, 21), (24, 39), (24, 45), (35, 5), (35, 34), (1, 31), (5, 14), (5, 25), (5, 44), (19, 44), (31, 35), (44, 39), (10, 9), (10, 19), (34, 25), (3, 1), (3, 28), (32, 14), (32, 35), (33, 25), (33, 38), (33, 42), (4, 12), (4, 23), (9, 29), (9, 44), (12, 5), (42, 26), (14, 7), (29, 7), (11, 7), (11, 19), (41, 46), (45, 14), (46, 13), (15, 36), (20, 48), (13, 40), (48, 34), (40, 25), (40, 43), (30, 2), (39, 32), (39, 46)]]","[[54.15103856872075, 12.61269400431734, 79.17188165112384, 10.248410043442066, 262.18902900955277, 231.22338775482797, 40.82833547383833, 12.95513492767112, 51.57389430756873, 44.436012812171626, 274.4798896136183, 440.894474760299, 117.99274406514203, 26.571839674570263, 67.91094651242199, 11.713325596405875, 90.76913205393645, 14.205343065721294, 19.450560478733188, 202.8679114553058, 40.4614474647933, 38.56303779018335, 119.84207887622489, 50.25791197867878, 194.99977204693272, 151.48088516373946, 180.1275357335064, 237.788472019167, 931.9266597880235, 97.90576339022057, 27.42330733802648, 163.1006871099978, 315.14048748706415, 119.01383087678028, 4.250725991371913, 2.7432504755397504, 28.005134306154268, 595.4718951395112, 0.689931210853397, 269.36787100918923, 299.74143388721285, 15.886928644821872, 113.58770268160333, 48.23609517676334, 401.9497663735159, 78.09609192571354, 234.27747382392585]]"
44,"[[(0, 7), (17, 13), (21, 14), (24, 21), (24, 39), (24, 45), (35, 5), (35, 34), (1, 31), (5, 14), (5, 25), (5, 44), (19, 44), (31, 35), (44, 39), (10, 9), (10, 19), (34, 25), (3, 1), (3, 28), (32, 14), (32, 35), (33, 25), (33, 38), (33, 42), (4, 12), (4, 23), (9, 29), (9, 44), (12, 5), (42, 26), (14, 7), (29, 7), (11, 7), (11, 19), (41, 46), (45, 14), (46, 13), (15, 36), (20, 48), (13, 40), (48, 34), (40, 25), (40, 43), (30, 2), (39, 32), (39, 46)]]","[[74.50917993146062, 12.832633226435785, 41.3671507394344, 9.984357630478353, 256.214063526183, 249.14375700954886, 31.61102708274842, 9.377592317734113, 54.234926139907415, 44.98668284824064, 210.09772986475647, 417.0337679354551, 111.72772471187642, 33.331286715061886, 20.64721754950522, 23.839312582043046, 91.16253878511709, 22.464051127258752, 35.59735332076559, 324.75100987215853, 111.16358162957673, 21.906211462695207, 118.36577482798708, 60.55352659934326, 181.0832209450417, 207.17841265243672, 185.4342048394533, 274.91994528303326, 368.44674368805124, 65.85835124430191, 94.70086296954835, 118.50972794458383, 327.268413234204, 109.33651888630492, 3.0726633970934354, 3.3410809285671115, 35.94321717850336, 670.0514480871431, 0.4496720272420016, 285.2917761332651, 465.9155611974086, 14.663707124629626, 75.21102512822821, 98.97467604418652, 288.97809971285085, 120.82154574443776, 149.5141850066932]]"
45,"[[(0, 7), (17, 13), (21, 14), (24, 21), (24, 39), (24, 45), (35, 5), (35, 34), (1, 31), (5, 14), (5, 25), (5, 44), (19, 44), (31, 35), (44, 39), (10, 9), (10, 19), (34, 25), (3, 1), (3, 28), (32, 14), (32, 35), (33, 25), (33, 38), (33, 42), (4, 12), (4, 23), (9, 29), (9, 44), (12, 5), (42, 26), (14, 7), (29, 7), (11, 7), (11, 19), (41, 46), (45, 14), (46, 13), (15, 36), (20, 48), (13, 40), (48, 34), (40, 25), (40, 43), (30, 2), (39, 32), (39, 46)]]","[[75.79198308238195, 12.042514088701989, 102.91663640896002, 10.984019250310565, 252.91037264879552, 166.53395239329595, 16.52517289185492, 11.912896527852075, 66.56405029703872, 44.473629112999156, 254.78800300722963, 421.2564141410979, 121.78736118958224, 15.069940748166786, 35.52931692784297, 17.402959673405988, 73.33475062422215, 16.746332897469706, 21.369806276787152, 159.63295692625155, 94.872669841492, 71.34392365504951, 125.83814085299127, 52.09319168502894, 143.45832735992613, 176.17131824973023, 122.28048648983342, 231.54401654684995, 332.4518113450343, 58.49473270453562, 38.795818781421836, 14.183014837820075, 319.1680641845341, 17.669197316649132, 13.630182403607694, 3.488442126856877, 25.700197703897302, 465.88532386536974, 0.858464343747714, 401.1122464816074, 432.02752556520716, 15.88574881086747, 491.92095964087457, 97.13052448641851, 435.5853929016057, 106.06392019745691, 168.48816757995718]]"
46,"[[(0, 7), (17, 13), (21, 14), (24, 21), (24, 39), (24, 45), (35, 5), (35, 34), (1, 31), (5, 14), (5, 25), (5, 44), (19, 44), (31, 35), (44, 39), (10, 9), (10, 19), (34, 25), (3, 1), (3, 28), (32, 14), (32, 35), (33, 25), (33, 38), (33, 42), (4, 12), (4, 23), (9, 29), (9, 44), (12, 5), (42, 26), (14, 7), (29, 7), (11, 7), (11, 19), (41, 46), (45, 14), (46, 13), (15, 36), (20, 48), (13, 40), (48, 34), (40, 25), (40, 43), (30, 2), (39, 32), (39, 46)]]","[[49.32734005913076, 13.716856449483428, 48.18092392612754, 9.034155185337005, 263.908110655803, 303.9694673456488, 26.310058104412683, 11.90215663638742, 53.55701470515868, 44.20656883611927, 430.77162403149737, 455.4894674241633, 106.78948088591184, 27.110070557360235, 40.092863437749685, 9.635196744796618, 101.94624368859292, 11.195739712480705, 29.879865203280374, 145.47878546394904, 101.34074125508094, 22.43222136544072, 141.19173560695347, 51.09709359612212, 156.67931869528837, 189.1227108449508, 158.06182300850816, 232.10799178858147, 760.5693064059456, 46.12043398402072, 74.98296898085682, 70.73631905641575, 321.017148085742, 71.50528945684637, 10.15830589996442, 3.6179330771074945, 43.22996990926535, 561.246852928126, 0.0359307485957121, 370.0792798597925, 468.3070278033514, 18.449367558482535, 107.37679104727124, 8.107608380885441, 277.96047904718387, 118.28250006571538, 153.71706819643765]]"
47,"[[(0, 7), (17, 13), (21, 14), (24, 21), (24, 39), (24, 45), (35, 5), (35, 34), (1, 31), (5, 14), (5, 25), (5, 44), (19, 44), (31, 35), (44, 39), (10, 9), (10, 19), (34, 25), (3, 1), (3, 28), (32, 14), (32, 35), (33, 25), (33, 38), (33, 42), (4, 12), (4, 23), (9, 29), (9, 44), (12, 5), (42, 26), (14, 7), (29, 7), (11, 7), (11, 19), (41, 46), (45, 14), (46, 13), (15, 36), (20, 48), (13, 40), (48, 34), (40, 25), (40, 43), (30, 2), (39, 32), (39, 46)]]","[[111.96017310331355, 13.467331234252535, 73.6503682286337, 9.141916166332424, 251.49756618990062, 311.9529587780161, 17.56669717629574, 13.017998588848059, 53.34656959991984, 43.33529541055947, 447.5812570496251, 436.39564830849804, 118.80392233685268, 12.964841121151197, 48.45124366938541, 4.484593323690916, 87.6083282247381, 15.780914173138088, 25.096015918975645, 525.0495250587643, 32.12362220332292, 28.3598147302825, 137.07647660625958, 66.0108062796462, 161.26615576542275, 128.96730852140485, 211.8269288133026, 295.35388349969884, 1018.4969499925845, 89.91947110634094, 87.56820843420377, 29.685941408569878, 314.2261065731801, 65.2337069332732, 2.0006069747089104, 3.340459724140314, 35.583927423797746, 350.9088974453202, 1.9799685939799025, 163.3620531628617, 346.7826591672126, 13.292640525212828, 495.7347782395173, 83.00527864174593, 315.7763307939616, 164.37790585072133, 213.17057787826644]]"
48,"[[(0, 7), (17, 13), (21, 14), (24, 21), (24, 39), (24, 45), (35, 5), (35, 34), (1, 31), (5, 14), (5, 25), (5, 44), (19, 44), (31, 35), (44, 39), (10, 9), (10, 19), (34, 25), (3, 1), (3, 28), (32, 14), (32, 35), (33, 25), (33, 38), (33, 42), (4, 12), (4, 23), (9, 29), (9, 44), (12, 5), (42, 26), (14, 7), (29, 7), (11, 7), (11, 19), (41, 46), (45, 14), (46, 13), (15, 36), (20, 48), (13, 40), (48, 34), (40, 25), (40, 43), (30, 2), (39, 32), (39, 46)]]","[[144.66841770035683, 13.308419448850014, 51.354083123910186, 10.422791974036642, 256.362355564936, 343.3921686201848, 10.566368709683422, 2.2646711797688193, 65.56313710105073, 44.68880795486663, 261.53086378339367, 459.95880091939887, 121.73592263247821, 19.06938903493532, 9.11494304304269, 10.662552528063873, 89.56915382530794, 9.669437295898868, 28.3566552439073, 275.7589021869046, 39.6947148152388, 34.99248921414386, 143.4203150748436, 53.16440520591077, 146.24500271470907, 261.85830186389666, 126.24654003528907, 219.0190567364547, 516.9564901045806, 68.31676842360741, 29.123448009288218, 121.42819388272476, 299.72265466751844, 91.76079960333658, 2.951242816581442, 2.9410433584053477, 42.199287917561236, 586.9027518595799, 1.105579113629074, 426.28715326544335, 360.4892468616315, 9.670956065854277, 314.4827521075392, 51.26874926443446, 395.2278071288629, 144.2603620236222, 128.34527965254875]]"
49,"[[(0, 7), (17, 13), (21, 14), (24, 21), (24, 39), (24, 45), (35, 5), (35, 34), (1, 31), (5, 14), (5, 25), (5, 44), (19, 44), (31, 35), (44, 39), (10, 9), (10, 19), (34, 25), (3, 1), (3, 28), (32, 14), (32, 35), (33, 25), (33, 38), (33, 42), (4, 12), (4, 23), (9, 29), (9, 44), (12, 5), (42, 26), (14, 7), (29, 7), (11, 7), (11, 19), (41, 46), (45, 14), (46, 13), (15, 36), (20, 48), (13, 40), (48, 34), (40, 25), (40, 43), (30, 2), (39, 32), (39, 46)]]","[[104.57974423262036, 12.496567409198702, 45.87557241018298, 9.5555130702023, 245.9319572998331, 253.74607369248747, 41.80452345664435, 5.712976866283549, 51.622314967688, 44.03521284461458, 242.68366273407838, 433.50075773801234, 109.93693471887043, 24.205645003418738, 43.297538832881976, 18.2277702110421, 67.62814134527005, 18.62100762363868, 18.572572063462808, 289.61058520729694, 83.02347096131996, 72.86508199544521, 109.00703407381066, 46.00354597686478, 137.4960311973022, 151.81518265028348, 185.61064948236452, 267.90939608265865, 650.3776112555963, 64.27604535767438, 38.784438872110734, 34.60535694525471, 318.5052616471123, 72.20555474678358, 7.799026029142794, 2.468601032086685, 38.31740671193087, 106.59939235111266, 0.6555298275341022, 305.90412201410805, 310.93614450872565, 9.85407286350746, 99.52111496243099, 6.884177296612659, 304.5893327675712, 80.80546423175993, 52.07852355265183]]"
50,"[[(0, 7), (17, 13), (21, 14), (24, 21), (24, 39), (24, 45), (35, 5), (35, 34), (1, 31), (5, 14), (5, 25), (5, 44), (19, 44), (31, 35), (44, 39), (10, 9), (10, 19), (34, 25), (3, 1), (3, 28), (32, 14), (32, 35), (33, 25), (33, 38), (33, 42), (4, 12), (4, 23), (9, 29), (9, 44), (12, 5), (42, 26), (14, 7), (29, 7), (11, 7), (11, 19), (41, 46), (45, 14), (46, 13), (15, 36), (20, 48), (13, 40), (48, 34), (40, 25), (40, 43), (30, 2), (39, 32), (39, 46)]]","[[87.93770295789244, 13.56914832877278, 58.56729809807535, 10.498999812865708, 245.34778616894707, 238.2054348547705, 12.367931031972267, 6.729545375677857, 51.40786804356378, 43.94269549170122, 426.2973092960775, 443.25497695465765, 114.4511251586106, 32.52632805333717, 123.31878621476982, 16.263218089696537, 111.17343521255596, 19.98251106637111, 22.296001821427147, 242.17298129800622, 38.47420298401628, 74.700979293011, 91.3494511853036, 50.689571176097715, 169.0541431578023, 192.84611694194007, 192.49637171729367, 267.68619436868306, 310.52470903224884, 82.86618174930813, 127.73441513532637, 30.74409025500706, 325.20027943383195, 46.45745736317244, 12.227030364243866, 2.6929828561285962, 33.532708283512605, 626.6384133394621, 0.9143801528096867, 225.02758685277246, 560.2810037083498, 9.838549515694348, 231.5797044955312, 41.722358317370386, 317.88464251082496, 65.82317684930285, 191.75927576691342]]"
51,"[[(0, 7), (17, 13), (21, 14), (24, 21), (24, 39), (24, 45), (35, 5), (35, 34), (1, 31), (5, 14), (5, 25), (5, 44), (19, 44), (31, 35), (44, 39), (10, 9), (10, 19), (34, 25), (3, 1), (3, 28), (32, 14), (32, 35), (33, 25), (33, 38), (33, 42), (4, 12), (4, 23), (9, 29), (9, 44), (12, 5), (42, 26), (14, 7), (29, 7), (11, 7), (11, 19), (41, 46), (45, 14), (46, 13), (15, 36), (20, 48), (13, 40), (48, 34), (40, 25), (40, 43), (30, 2), (39, 32), (39, 46)]]","[[61.77789370215015, 13.02392613480942, 51.943511655091186, 9.950919642167836, 257.1907466986455, 269.6919196813055, 40.1421441499602, 13.661842418980456, 57.55314731029438, 43.507019405169856, 368.078183954407, 423.8934852514501, 119.65724109442047, 32.78936333894775, 42.14019715177443, 7.27888699518139, 90.04787217936162, 17.662375106303333, 14.467541545331738, 460.1038455952229, 39.65519353543296, 95.55423878958086, 140.9286682967264, 59.15320329986953, 190.35259738094726, 180.34950838566596, 229.13662278174732, 291.19547362003595, 638.3823116176538, 76.46227591884585, 23.014976792743262, 111.33835080042971, 313.11447405180485, 30.397526999167958, 5.645123765773281, 2.6355739422458218, 35.417445176021616, 62.04357393334773, 1.5889870004660374, 373.2767020716243, 472.88351859220097, 9.435656507458544, 525.2003650064031, 31.814732575510835, 400.5061124656122, 77.12022065500915, 119.01127130060631]]"
52,"[[(0, 7), (17, 13), (21, 14), (24, 21), (24, 39), (24, 45), (35, 5), (35, 34), (1, 31), (5, 14), (5, 25), (5, 44), (19, 44), (31, 35), (44, 39), (10, 9), (10, 19), (34, 25), (3, 1), (3, 28), (32, 14), (32, 35), (33, 25), (33, 38), (33, 42), (4, 12), (4, 23), (9, 29), (9, 44), (12, 5), (42, 26), (14, 7), (29, 7), (11, 7), (11, 19), (41, 46), (45, 14), (46, 13), (15, 36), (20, 48), (13, 40), (48, 34), (40, 25), (40, 43), (30, 2), (39, 32), (39, 46)]]","[[49.24243621275638, 12.297916365905401, 93.82903434205926, 10.892706107680706, 246.32618975531932, 350.5765459754304, 39.42160688734765, 9.016595521487178, 54.696511762311275, 43.73697473967425, 208.03853763022192, 439.0663392164962, 117.5206159354765, 30.41806789637589, 59.372243695161444, 17.59946903052103, 76.81110052569402, 13.145143088874725, 14.439488900813508, 218.3175273948371, 94.59138426285054, 65.23861125535652, 108.83462447592999, 59.47823163439713, 145.54235049264386, 171.0979788231613, 238.61094744869334, 359.19426909583564, 625.3485188130036, 60.76098361298743, 68.08252788008168, 17.499709910623682, 312.60674290519444, 48.38430462906056, 12.592188037046942, 2.6898238140054724, 40.49279413393704, 381.2156578651636, 0.3411927065608007, 387.54650477870257, 532.5305140251883, 7.389573662801771, 295.5789596679489, 10.038397958751291, 274.5481054305003, 55.06186266099024, 41.35397611298333]]"
53,"[[(0, 7), (17, 13), (21, 14), (24, 21), (24, 39), (24, 45), (35, 5), (35, 34), (1, 31), (5, 14), (5, 25), (5, 44), (19, 44), (31, 35), (44, 39), (10, 9), (10, 19), (34, 25), (3, 1), (3, 28), (32, 14), (32, 35), (33, 25), (33, 38), (33, 42), (4, 12), (4, 23), (9, 29), (9, 44), (12, 5), (42, 26), (14, 7), (29, 7), (11, 7), (11, 19), (41, 46), (45, 14), (46, 13), (15, 36), (20, 48), (13, 40), (48, 34), (40, 25), (40, 43), (30, 2), (39, 32), (39, 46)]]","[[183.68043956597427, 12.892765476350856, 117.74940096390955, 10.549734780404426, 246.36300054722201, 164.8588542724434, 7.920739057204044, 2.1876324545001973, 53.133363339553156, 43.821083679645895, 323.96418462611837, 415.7211736889695, 118.82725734228747, 27.875573212114606, 129.2192702671062, 16.60999211675931, 74.73969127415505, 20.699894324716702, 21.624833044321676, 389.5458075532113, 92.79780975038122, 97.61363042268265, 128.11095271324461, 48.93206328701575, 185.36664719983116, 244.97780494355425, 115.82807657880203, 266.6476484941935, 937.1421314351727, 77.18125186265824, 50.661439337414535, 109.22414979069325, 320.84836562445423, 27.024343381405725, 8.317704123167093, 2.156935732037376, 31.261445059235225, 248.64199919127515, 0.16373358647911163, 327.42388031440953, 431.7692255193619, 11.740771324914833, 158.47875752826224, 102.91178551255322, 300.53136445248873, 125.58064420539256, 215.75299246986535]]"
54,"[[(0, 7), (17, 13), (21, 14), (24, 21), (24, 39), (24, 45), (35, 5), (35, 34), (1, 31), (5, 14), (5, 25), (5, 44), (19, 44), (31, 35), (44, 39), (10, 9), (10, 19), (34, 25), (3, 1), (3, 28), (32, 14), (32, 35), (33, 25), (33, 38), (33, 42), (4, 12), (4, 23), (9, 29), (9, 44), (12, 5), (42, 26), (14, 7), (29, 7), (11, 7), (11, 19), (41, 46), (45, 14), (46, 13), (15, 36), (20, 48), (13, 40), (48, 34), (40, 25), (40, 43), (30, 2), (39, 32), (39, 46)]]","[[145.13793761119325, 13.383375903462396, 76.75011642261103, 9.948856535217551, 254.94666536853686, 240.38050046643997, 38.27658529360826, 12.39397523305394, 67.70959889289671, 44.6972678648278, 328.6849906578854, 464.82047965653123, 109.67307179011277, 15.031683136522641, 120.63143076222671, 20.116233658738864, 93.40676917130067, 13.95996737243637, 15.666124317165117, 212.58962728655445, 101.64235192354958, 69.05488439986235, 122.64994080884463, 47.80935090033262, 150.4182643947789, 237.31873808121566, 91.38668874383809, 295.4111471942093, 344.02860763967067, 72.92516521443503, 125.58466133755614, 15.967742882520207, 313.5858274983326, 71.81544168550454, 8.961009591201229, 3.5834001143744034, 25.628332606569, 176.79171131142994, 0.44624634702861354, 395.0454657025697, 400.9417076831603, 9.675346569350285, 425.14894222019524, 30.206649082521437, 239.66985228846903, 19.54360578199246, 165.0713009254758]]"
55,"[[(0, 7), (17, 13), (21, 14), (24, 21), (24, 39), (24, 45), (35, 5), (35, 34), (1, 31), (5, 14), (5, 25), (5, 44), (19, 44), (31, 35), (44, 39), (10, 9), (10, 19), (34, 25), (3, 1), (3, 28), (32, 14), (32, 35), (33, 25), (33, 38), (33, 42), (4, 12), (4, 23), (9, 29), (9, 44), (12, 5), (42, 26), (14, 7), (29, 7), (11, 7), (11, 19), (41, 46), (45, 14), (46, 13), (15, 36), (20, 48), (13, 40), (48, 34), (40, 25), (40, 43), (30, 2), (39, 32), (39, 46)]]","[[146.73706429501527, 13.482510957095952, 49.86060516960853, 10.734537513150528, 249.33075548104316, 255.66809808687407, 21.046252318955222, 13.318145993232495, 60.27979033214682, 43.60264758476788, 465.28586562098144, 459.1560821545685, 117.65709279556557, 30.294304825233404, 117.1470500398882, 13.789166410868297, 74.67234113204073, 18.35664553478113, 20.079621836828316, 492.25525222431685, 45.35705126137145, 100.02595380455746, 133.1013083194004, 49.19802429132069, 182.3374132610615, 41.266667571975624, 66.96737379050812, 361.2442612613126, 944.3912226478234, 92.34767106506794, 50.29470888163939, 117.35178012634766, 321.4927027541086, 91.46814014273433, 4.588386401691822, 3.50096451931765, 40.81948923169538, 664.782259610247, 1.2584503610812776, 356.5004469183659, 538.2737740261664, 12.946574536529985, 520.8821151544255, 8.368894838177123, 244.06781342207657, 14.05774760968562, 214.23427861466948]]"
56,"[[(0, 7), (17, 13), (21, 14), (24, 21), (24, 39), (24, 45), (35, 5), (35, 34), (1, 31), (5, 14), (5, 25), (5, 44), (19, 44), (31, 35), (44, 39), (10, 9), (10, 19), (34, 25), (3, 1), (3, 28), (32, 14), (32, 35), (33, 25), (33, 38), (33, 42), (4, 12), (4, 23), (9, 29), (9, 44), (12, 5), (42, 26), (14, 7), (29, 7), (11, 7), (11, 19), (41, 46), (45, 14), (46, 13), (15, 36), (20, 48), (13, 40), (48, 34), (40, 25), (40, 43), (30, 2), (39, 32), (39, 46)]]","[[68.92351255379795, 12.072624478225269, 100.8091172537261, 9.246236844430967, 257.61660176592744, 235.05241174001068, 5.720165194659218, 12.418594614858389, 66.59753606420556, 44.8325441729208, 292.61884212918574, 455.4300592274304, 110.24440036339315, 31.40346449457798, 20.479470919720008, 22.428118182742956, 76.83639450512945, 14.358965846358776, 16.300017007775658, 375.68457500679193, 98.17257157721131, 32.80815688783838, 116.61660649052556, 62.59010149885647, 164.70190500653447, 49.81915980731769, 97.81867179875931, 297.6255834741472, 657.6688834377965, 99.79749556894063, 26.970269826915757, 133.80052327087117, 318.3462595537232, 49.82240357254462, 5.530588196915049, 2.261353875081457, 28.679742942382497, 189.37419382556425, 1.176516154474634, 185.0461434397487, 266.400226080802, 13.82597022798766, 230.20132235435227, 98.05114323530024, 316.7239037224245, 17.96386364652279, 47.59044073907151]]"
57,"[[(0, 7), (17, 13), (21, 14), (24, 21), (24, 39), (24, 45), (35, 5), (35, 34), (1, 31), (5, 14), (5, 25), (5, 44), (19, 44), (31, 35), (44, 39), (10, 9), (10, 19), (34, 25), (3, 1), (3, 28), (32, 14), (32, 35), (33, 25), (33, 38), (33, 42), (4, 12), (4, 23), (9, 29), (9, 44), (12, 5), (42, 26), (14, 7), (29, 7), (11, 7), (11, 19), (41, 46), (45, 14), (46, 13), (15, 36), (20, 48), (13, 40), (48, 34), (40, 25), (40, 43), (30, 2), (39, 32), (39, 46)]]","[[203.09809413192258, 12.969316314663123, 95.06405614775643, 9.261350626623173, 245.1503165083149, 335.53483445228187, 26.58855690669605, 2.490710303668281, 51.213483338359744, 43.9229509153026, 293.99253398103735, 434.04259205524784, 108.2507093707456, 35.69817185825177, 118.79366403499942, 19.20313237600643, 112.61679488153932, 18.442261817291477, 31.675636953175104, 523.562451034557, 53.54959232298512, 85.62053740576619, 80.48357027820794, 62.69453825216878, 134.41911330407711, 226.15573753901486, 197.32580571641904, 369.93548446409136, 689.068264468343, 72.42550829559838, 120.79937736917044, 128.8474911001031, 315.0977656156057, 63.93778755166617, 4.069037741023123, 3.4564809080107155, 39.32165952293589, 594.3855509732608, 0.36046034301607177, 423.9491078447649, 289.5727480273231, 16.202174677234705, 427.5076939098774, 86.78699588929571, 289.50453701879235, 35.77417430706535, 180.2611222105627]]"
58,"[[(0, 7), (17, 13), (21, 14), (24, 21), (24, 39), (24, 45), (35, 5), (35, 34), (1, 31), (5, 14), (5, 25), (5, 44), (19, 44), (31, 35), (44, 39), (10, 9), (10, 19), (34, 25), (3, 1), (3, 28), (32, 14), (32, 35), (33, 25), (33, 38), (33, 42), (4, 12), (4, 23), (9, 29), (9, 44), (12, 5), (42, 26), (14, 7), (29, 7), (11, 7), (11, 19), (41, 46), (45, 14), (46, 13), (15, 36), (20, 48), (13, 40), (48, 34), (40, 25), (40, 43), (30, 2), (39, 32), (39, 46)]]","[[78.49206908388948, 12.174025681078449, 48.745402699612555, 9.75209693719901, 257.43577226184146, 336.59712072304205, 35.0317813172573, 12.004089681317476, 63.9588876953339, 43.98059707508905, 439.95495925168086, 432.38957977842506, 121.41694242142734, 26.936984598094952, 76.08465199550926, 6.061961688723708, 76.23899312743058, 22.90609639550479, 24.570282779846607, 426.2543768130422, 83.00529409189433, 82.50528741719751, 132.38493925674652, 44.33369125895711, 193.40385013874078, 214.9290010360133, 229.54528983455333, 240.33360322438608, 944.6128840535048, 99.69888105721384, 17.859024680074697, 44.877053815639144, 302.5513062655324, 17.87540756323928, 9.688959545456878, 2.1211328037784645, 44.796177136275766, 475.9396167025457, 1.3232372697202162, 445.40780041169677, 382.56557145171485, 17.774959740697007, 169.7127606102149, 15.461290905703693, 435.8856766012658, 120.35455544054851, 218.61254002455365]]"
59,"[[(0, 7), (17, 13), (21, 14), (24, 21), (24, 39), (24, 45), (35, 5), (35, 34), (1, 31), (5, 14), (5, 25), (5, 44), (19, 44), (31, 35), (44, 39), (10, 9), (10, 19), (34, 25), (3, 1), (3, 28), (32, 14), (32, 35), (33, 25), (33, 38), (33, 42), (4, 12), (4, 23), (9, 29), (9, 44), (12, 5), (42, 26), (14, 7), (29, 7), (11, 7), (11, 19), (41, 46), (45, 14), (46, 13), (15, 36), (20, 48), (13, 40), (48, 34), (40, 25), (40, 43), (30, 2), (39, 32), (39, 46)]]","[[117.90217360126145, 12.169626948773997, 51.20139647321936, 9.18191088691481, 258.88735784776236, 299.7675509115077, 17.60588549650357, 4.039039295392907, 66.65025691578161, 44.59247556637489, 401.4121577865222, 465.2410699256665, 107.10831711838648, 36.49539877412259, 96.8108460224786, 4.748618853466026, 70.79900054199885, 19.591438554859103, 28.27575057274687, 334.07351786361505, 55.91035271046745, 22.014488787255107, 96.04327685050484, 60.41398311529753, 196.52814924622913, 189.99678804378541, 184.98878917574677, 380.5653377031671, 406.2996756124942, 76.81178451520073, 118.32823928390964, 60.94785468202009, 319.2346549466652, 65.48497855210897, 2.042091438252188, 2.4323568331101844, 27.73041586379398, 699.9674525165174, 1.163656125711577, 228.04540085770867, 356.75958925291184, 12.71476584773946, 193.12280298938734, 56.85066070739128, 360.5282628977629, 131.71500149056033, 42.43155487316444]]"
60,"[[(0, 7), (17, 13), (21, 14), (24, 21), (24, 39), (24, 45), (35, 5), (35, 34), (1, 31), (5, 14), (5, 25), (5, 44), (19, 44), (31, 35), (44, 39), (10, 9), (10, 19), (34, 25), (3, 1), (3, 28), (32, 14), (32, 35), (33, 25), (33, 38), (33, 42), (4, 12), (4, 23), (9, 29), (9, 44), (12, 5), (42, 26), (14, 7), (29, 7), (11, 7), (11, 19), (41, 46), (45, 14), (46, 13), (15, 36), (20, 48), (13, 40), (48, 34), (40, 25), (40, 43), (30, 2), (39, 32), (39, 46)]]","[[167.65746682813193, 13.297071578408634, 118.08094324186764, 9.056879114260013, 261.95260031899915, 323.113203823872, 2.11595607244727, 3.9318870886787556, 61.853282404081284, 43.25535266736653, 208.6322602464491, 419.67633792703737, 109.33608323807742, 20.69863964866527, 120.01446463598916, 14.328174649121454, 67.31527504722528, 10.87740379396811, 10.372022084928881, 236.88373617207233, 47.04193141981385, 37.84236934428955, 77.99854626891693, 53.468004272215595, 130.18878655126764, 174.44333866978513, 46.643549442080854, 372.6556263980925, 879.9300810830356, 64.42649357875412, 11.700000021998722, 60.8989142120861, 311.1036537676741, 41.259797638561174, 12.878389250907269, 2.8136865736228596, 45.91706421360111, 74.60926255627669, 1.9237558381923316, 292.0155740881204, 493.8049014793672, 9.048784553745334, 423.85196575793594, 17.91168642694285, 189.15799090350492, 43.26894546803804, 212.69233895908323]]"
61,"[[(0, 7), (17, 13), (21, 14), (24, 21), (24, 39), (24, 45), (35, 5), (35, 34), (1, 31), (5, 14), (5, 25), (5, 44), (19, 44), (31, 35), (44, 39), (10, 9), (10, 19), (34, 25), (3, 1), (3, 28), (32, 14), (32, 35), (33, 25), (33, 38), (33, 42), (4, 12), (4, 23), (9, 29), (9, 44), (12, 5), (42, 26), (14, 7), (29, 7), (11, 7), (11, 19), (41, 46), (45, 14), (46, 13), (15, 36), (20, 48), (13, 40), (48, 34), (40, 25), (40, 43), (30, 2), (39, 32), (39, 46)]]","[[205.74121283371994, 12.043737013008712, 100.56034579208705, 9.139854306435797, 251.09101647593423, 192.7204517125296, 33.76356878450551, 8.599109875951118, 51.441399333641996, 44.52022235468602, 380.97390522095964, 453.2831049234013, 111.93437115592569, 17.376041129815018, 61.63609389281961, 22.296425112941517, 94.07943740151805, 13.606235800638338, 15.513728957766524, 232.1269979869877, 88.30761274908295, 39.77193838846414, 141.51215923966498, 46.61418008065293, 181.5755571141454, 252.53241275023228, 79.5349489506462, 226.24815008441794, 425.34050239961596, 47.75623736413279, 29.281878373593667, 84.24712894232374, 307.0430179800659, 125.95662860135552, 13.80938586913119, 2.671326066633559, 34.58192763263132, 151.38153097384878, 1.350664006927434, 231.64658415508185, 329.7947534143494, 13.245501719627542, 496.4003501802514, 49.53459829762871, 411.95188107242126, 158.9618604076296, 61.270736400420404]]"
62,"[[(0, 7), (17, 13), (21, 14), (24, 21), (24, 39), (24, 45), (35, 5), (35, 34), (1, 31), (5, 14), (5, 25), (5, 44), (19, 44), (31, 35), (44, 39), (10, 9), (10, 19), (34, 25), (3, 1), (3, 28), (32, 14), (32, 35), (33, 25), (33, 38), (33, 42), (4, 12), (4, 23), (9, 29), (9, 44), (12, 5), (42, 26), (14, 7), (29, 7), (11, 7), (11, 19), (41, 46), (45, 14), (46, 13), (15, 36), (20, 48), (13, 40), (48, 34), (40, 25), (40, 43), (30, 2), (39, 32), (39, 46)]]","[[110.90413898389019, 13.83845774509918, 57.17582879964593, 10.114231774494746, 269.08423403025074, 183.29338102621696, 5.4381560405118865, 13.835630737793203, 53.85375299970822, 44.81440418000097, 285.0257528102168, 416.69285140741636, 106.38451225506473, 27.87153285942804, 131.23700209415045, 10.115143672706434, 95.6868229949764, 18.171144332971437, 12.582766970798005, 543.9860434070938, 112.71792912249119, 49.879466127756075, 111.49734080376557, 59.001502290412105, 154.33284364215766, 98.2711780630013, 235.22320894628666, 342.5715547025674, 494.44954371702966, 70.32841866792825, 84.76670196209986, 70.41422001316431, 317.20748511914803, 100.40504013133395, 10.730220823349972, 3.6831206240870324, 28.6622885611202, 173.77581676850508, 1.1496980627322257, 417.2502622602002, 436.3372543412942, 16.726350636307238, 488.44551964921607, 56.251862142359755, 403.65302015486236, 21.158679158794264, 89.93268495223523]]"
63,"[[(0, 7), (17, 13), (21, 14), (24, 21), (24, 39), (24, 45), (35, 5), (35, 34), (1, 31), (5, 14), (5, 25), (5, 44), (19, 44), (31, 35), (44, 39), (10, 9), (10, 19), (34, 25), (3, 1), (3, 28), (32, 14), (32, 35), (33, 25), (33, 38), (33, 42), (4, 12), (4, 23), (9, 29), (9, 44), (12, 5), (42, 26), (14, 7), (29, 7), (11, 7), (11, 19), (41, 46), (45, 14), (46, 13), (15, 36), (20, 48), (13, 40), (48, 34), (40, 25), (40, 43), (30, 2), (39, 32), (39, 46)]]","[[145.68547796707014, 12.342679595163183, 117.92762186952885, 9.801128421570136, 249.74752871077766, 273.3539514249502, 15.82609254397167, 9.324773014134148, 53.924374120931176, 43.77267031376773, 406.947367919216, 423.1779657727956, 110.20807256729375, 35.31641381532773, 126.10488359707495, 9.93728935485785, 74.03788784482474, 9.801228241686538, 10.151273473355733, 245.7198125480831, 31.59892273043151, 55.76164387064158, 134.89915475849523, 51.91457617415176, 149.65701435996095, 144.97917314508518, 91.31526614172992, 267.3644803231386, 582.8811367514884, 93.19460472891987, 41.56703980962385, 17.204831528567745, 315.127434825245, 121.77030519489816, 5.671334381757842, 3.4724213431122535, 24.374522169737922, 199.82081616682254, 0.7803395284311032, 198.7533003644016, 524.8696540803837, 7.404932295526294, 198.32730632095888, 103.71093568663267, 270.3724288141935, 39.185880338669314, 186.27820494721823]]"
64,"[[(0, 7), (17, 13), (21, 14), (24, 21), (24, 39), (24, 45), (35, 5), (35, 34), (1, 31), (5, 14), (5, 25), (5, 44), (19, 44), (31, 35), (44, 39), (10, 9), (10, 19), (34, 25), (3, 1), (3, 28), (32, 14), (32, 35), (33, 25), (33, 38), (33, 42), (4, 12), (4, 23), (9, 29), (9, 44), (12, 5), (42, 26), (14, 7), (29, 7), (11, 7), (11, 19), (41, 46), (45, 14), (46, 13), (15, 36), (20, 48), (13, 40), (48, 34), (40, 25), (40, 43), (30, 2), (39, 32), (39, 46)]]","[[205.05161111887122, 12.53503827574268, 71.89266641625076, 10.70408827273651, 251.94375915030597, 228.35004721460092, 8.339136665602558, 10.958761814820672, 61.98216828990868, 43.92544508567255, 253.42620228733858, 427.1794349128582, 115.31414939130875, 30.26081816226834, 31.978115213331886, 18.200428896119547, 107.32816125093197, 17.759912864898695, 25.67375057620381, 428.57383766729833, 97.00429230919467, 67.15772817465364, 133.0567565205969, 53.1916630889218, 131.91210366141874, 92.85266686037923, 217.93524643141336, 220.25411940741688, 760.1260070066866, 66.06704882258067, 116.0323546607609, 114.52962753937489, 300.32413771228454, 53.932993927929786, 3.2791574458114967, 2.6024808386751563, 35.109297850119034, 207.9933373815441, 0.39562130514115146, 316.35563809220554, 365.34347829240824, 10.431657410794205, 366.1969609640508, 84.38285102068556, 435.8611489332775, 132.7027736905282, 147.3340535811434]]"
65,"[[(0, 7), (17, 13), (21, 14), (24, 21), (24, 39), (24, 45), (35, 5), (35, 34), (1, 31), (5, 14), (5, 25), (5, 44), (19, 44), (31, 35), (44, 39), (10, 9), (10, 19), (34, 25), (3, 1), (3, 28), (32, 14), (32, 35), (33, 25), (33, 38), (33, 42), (4, 12), (4, 23), (9, 29), (9, 44), (12, 5), (42, 26), (14, 7), (29, 7), (11, 7), (11, 19), (41, 46), (45, 14), (46, 13), (15, 36), (20, 48), (13, 40), (48, 34), (40, 25), (40, 43), (30, 2), (39, 32), (39, 46)]]","[[203.64725078327257, 13.717728489661013, 85.88571339505631, 9.831404573474133, 249.81442495308542, 320.4079877412197, 15.834199845732952, 2.865007380008257, 62.09497862972479, 44.579078079603775, 230.21815928675173, 462.5693926128603, 120.42465278140801, 25.05530939150907, 12.75994443516825, 20.87202310145912, 87.38740322565161, 11.080425630144106, 27.134376369657584, 216.357604378574, 69.53890858612081, 37.34524564204244, 80.05401810689959, 53.782832205760535, 156.5882145423737, 159.5884408317142, 76.27061048172678, 231.06391268293513, 589.539624402661, 54.60560396061476, 31.14264271828637, 105.17923004636857, 314.21750468114124, 48.950153059645785, 6.486722362743924, 2.216253869956124, 41.227242794912584, 663.1378254639711, 1.3554476514476612, 477.66822845382876, 299.34350740790364, 12.727516024574797, 91.8111616381594, 36.515966999950656, 369.6062924550732, 58.16150631483067, 112.615621624946]]"
66,"[[(0, 7), (17, 13), (21, 14), (24, 21), (24, 39), (24, 45), (35, 5), (35, 34), (1, 31), (5, 14), (5, 25), (5, 44), (19, 44), (31, 35), (44, 39), (10, 9), (10, 19), (34, 25), (3, 1), (3, 28), (32, 14), (32, 35), (33, 25), (33, 38), (33, 42), (4, 12), (4, 23), (9, 29), (9, 44), (12, 5), (42, 26), (14, 7), (29, 7), (11, 7), (11, 19), (41, 46), (45, 14), (46, 13), (15, 36), (20, 48), (13, 40), (48, 34), (40, 25), (40, 43), (30, 2), (39, 32), (39, 46)]]","[[186.62193300531212, 13.25795593887323, 58.56221949859992, 10.914735558311708, 246.39899713825832, 269.66209925538516, 36.86698997596485, 3.8301288192693366, 65.32016905772012, 43.40263572949558, 257.4974507000766, 432.41890341641204, 114.90362082333556, 35.68504237815643, 106.60756770976266, 14.343888038376276, 107.33071489828923, 21.274038861969224, 32.067735176522035, 419.2402562237579, 50.108174618399445, 68.24992502391757, 96.79398606886929, 54.58418183086238, 120.66305517212416, 183.3780974377539, 204.44746723836425, 291.40083173390536, 917.7265098798205, 98.79381063016018, 15.577805685516052, 26.34905199541293, 323.7380608982882, 108.77461707735704, 8.652391711608946, 3.135518375500813, 32.47016237049609, 236.82003546108487, 0.44615014953842724, 328.08554488896345, 556.8062460173505, 18.897894927479523, 375.1394246930051, 14.537744084545135, 271.4546265802893, 65.72735250203658, 188.28020784409608]]"
67,"[[(0, 7), (17, 13), (21, 14), (24, 21), (24, 39), (24, 45), (35, 5), (35, 34), (1, 31), (5, 14), (5, 25), (5, 44), (19, 44), (31, 35), (44, 39), (10, 9), (10, 19), (34, 25), (3, 1), (3, 28), (32, 14), (32, 35), (33, 25), (33, 38), (33, 42), (4, 12), (4, 23), (9, 29), (9, 44), (12, 5), (42, 26), (14, 7), (29, 7), (11, 7), (11, 19), (41, 46), (45, 14), (46, 13), (15, 36), (20, 48), (13, 40), (48, 34), (40, 25), (40, 43), (30, 2), (39, 32), (39, 46)]]","[[171.73522174849273, 13.59273480248361, 53.36074602662592, 9.668679999947834, 265.4130059286427, 347.8336454828207, 11.52592682473336, 3.8059475626996977, 46.57475772035748, 43.70505944624488, 390.38337589209095, 422.59318522794246, 118.58138387463313, 12.682354118375162, 86.39927667087005, 17.12069673066034, 71.45198163566528, 18.620192107658895, 15.789490140812763, 286.6640034844222, 41.61631270093231, 31.263555951312426, 84.13563674983006, 61.63703141673482, 185.73224221449493, 239.9685433335664, 133.7286442667127, 298.81911561273483, 245.4397875283396, 49.17756276075902, 128.1905317056359, 159.05989211932135, 321.75671006368236, 73.12985689875926, 2.4330769599654554, 3.576769126797789, 28.544303159698497, 138.9644170896359, 1.46658226994181, 405.458279507686, 285.0977780589125, 14.116148505496255, 423.69643929801856, 12.550457519815039, 380.4076929472036, 45.52850422678099, 221.05099482510082]]"
68,"[[(0, 7), (17, 13), (21, 14), (24, 21), (24, 39), (24, 45), (35, 5), (35, 34), (1, 31), (5, 14), (5, 25), (5, 44), (19, 44), (31, 35), (44, 39), (10, 9), (10, 19), (34, 25), (3, 1), (3, 28), (32, 14), (32, 35), (33, 25), (33, 38), (33, 42), (4, 12), (4, 23), (9, 29), (9, 44), (12, 5), (42, 26), (14, 7), (29, 7), (11, 7), (11, 19), (41, 46), (45, 14), (46, 13), (15, 36), (20, 48), (13, 40), (48, 34), (40, 25), (40, 43), (30, 2), (39, 32), (39, 46)]]","[[50.03273227414629, 12.958663599135969, 93.04040783330706, 10.219566574524936, 265.66805707183244, 237.53408919918533, 17.644136518933234, 2.2634422221372055, 51.64145248878552, 43.313248107878614, 470.4648597683887, 423.72458607812945, 111.1567252143119, 33.65797977246462, 132.93775558694125, 3.188307778895642, 112.67259555416732, 10.816573240412755, 27.003920748897322, 440.5594598797798, 80.81553260618335, 53.3288160445179, 146.1869427055462, 46.12264549822512, 184.7851105675743, 44.62694831778936, 218.149992192148, 280.24924545752214, 345.903930359136, 73.80014725861867, 30.01818827162242, 58.50689772599345, 329.10677571088434, 26.31101509944991, 9.97942508550565, 3.7685294484032297, 25.28160600130954, 575.7506866472801, 0.7375407697431282, 220.0900430121228, 555.1310865151836, 11.771739302466255, 436.9689411879293, 54.845179635722765, 422.5938907361808, 85.19379152160604, 72.68592990270182]]"
69,"[[(0, 7), (17, 13), (21, 14), (24, 21), (24, 39), (24, 45), (35, 5), (35, 34), (1, 31), (5, 14), (5, 25), (5, 44), (19, 44), (31, 35), (44, 39), (10, 9), (10, 19), (34, 25), (3, 1), (3, 28), (32, 14), (32, 35), (33, 25), (33, 38), (33, 42), (4, 12), (4, 23), (9, 29), (9, 44), (12, 5), (42, 26), (14, 7), (29, 7), (11, 7), (11, 19), (41, 46), (45, 14), (46, 13), (15, 36), (20, 48), (13, 40), (48, 34), (40, 25), (40, 43), (30, 2), (39, 32), (39, 46)]]","[[137.49106102595036, 12.372392132095644, 73.32462670450076, 9.335925609501857, 251.16443243160836, 280.7887329852899, 18.364473725301742, 10.590611982570923, 45.42290483880052, 43.44264261469024, 210.10929672865188, 462.63477646659885, 113.36029769237255, 17.598250446455772, 102.00661141153124, 19.822359061617036, 91.1245699929078, 14.953623180677669, 16.312753696160218, 148.6695908193621, 107.27380223156756, 24.442878488406734, 143.79556248684668, 49.58902640445302, 121.9424465025489, 211.66068251463437, 110.74943366546411, 370.6444324835493, 816.5789165652401, 77.86172529101762, 106.5029727807357, 54.30363585680067, 325.82381811361614, 64.47821710292598, 11.932100713251321, 3.1045320176892157, 27.27351891392253, 76.45825456094389, 0.10556551234110856, 427.1667903471731, 363.7225445790385, 13.481320154236931, 296.30675961507984, 90.84174657504383, 309.7627173582454, 110.97396312504526, 123.77981499709013]]"
70,"[[(0, 7), (17, 13), (21, 14), (24, 21), (24, 39), (24, 45), (35, 5), (35, 34), (1, 31), (5, 14), (5, 25), (5, 44), (19, 44), (31, 35), (44, 39), (10, 9), (10, 19), (34, 25), (3, 1), (3, 28), (32, 14), (32, 35), (33, 25), (33, 38), (33, 42), (4, 12), (4, 23), (9, 29), (9, 44), (12, 5), (42, 26), (14, 7), (29, 7), (11, 7), (11, 19), (41, 46), (45, 14), (46, 13), (15, 36), (20, 48), (13, 40), (48, 34), (40, 25), (40, 43), (30, 2), (39, 32), (39, 46)]]","[[164.86918423956928, 13.503389096126, 58.538400597645264, 9.326962220909252, 244.73347458170176, 264.3674845241326, 31.454243176797032, 5.285004082252218, 55.46829697539411, 43.306003484596935, 208.45723343473173, 421.59378786242155, 116.1227339625453, 25.21480858869002, 38.392803516224554, 2.258340510569484, 95.87032219498987, 13.99397613533306, 34.82265998379138, 194.84876702092038, 88.96606239114615, 42.151525549879906, 77.72212120182573, 64.5592977589428, 192.38546070758883, 131.64902049624072, 220.2689729193439, 317.8856779490236, 769.6229972630701, 53.092805208344316, 3.470802785976035, 189.77728119213066, 305.9122649480212, 81.8870131024311, 10.544513302451769, 3.507826942947913, 44.161419270865245, 553.1653553303668, 1.5408719534312052, 164.08483721725884, 491.56615158642967, 14.87454312114125, 466.83678821623755, 61.506205112717, 293.83667418041034, 11.415047699403507, 102.71334363713406]]"
71,"[[(0, 7), (17, 13), (21, 14), (24, 21), (24, 39), (24, 45), (35, 5), (35, 34), (1, 31), (5, 14), (5, 25), (5, 44), (19, 44), (31, 35), (44, 39), (10, 9), (10, 19), (34, 25), (3, 1), (3, 28), (32, 14), (32, 35), (33, 25), (33, 38), (33, 42), (4, 12), (4, 23), (9, 29), (9, 44), (12, 5), (42, 26), (14, 7), (29, 7), (11, 7), (11, 19), (41, 46), (45, 14), (46, 13), (15, 36), (20, 48), (13, 40), (48, 34), (40, 25), (40, 43), (30, 2), (39, 32), (39, 46)]]","[[111.64033950520846, 13.332741548236935, 45.03096181566523, 9.964294754847312, 258.52859705755174, 235.38550601687905, 32.2549855697322, 5.795126455842452, 55.07537826624548, 44.43135597404291, 410.42112635526644, 463.64692824216115, 104.16164900160891, 27.941195336027548, 124.70453572874187, 18.390655465880705, 113.28078574723816, 18.533619427959998, 22.569697305232864, 315.3406707754103, 62.073200719078336, 77.36063864767041, 78.73412817626416, 48.78928571504977, 159.90553121434473, 110.8240998123757, 118.49313040531456, 277.4753056858253, 988.9795415866498, 79.1614992824172, 24.726915587666216, 158.78284921982296, 312.9021604699293, 50.57067454607501, 7.2143569151034495, 3.700275607021725, 36.6041403653121, 524.5021884759713, 1.8716794146993168, 262.135410493432, 262.0073026056997, 14.826448726392119, 459.275007569787, 80.28949005608234, 225.3831231502433, 43.674715230917315, 159.80060206461513]]"
72,"[[(0, 7), (17, 13), (21, 14), (24, 21), (24, 39), (24, 45), (35, 5), (35, 34), (1, 31), (5, 14), (5, 25), (5, 44), (19, 44), (31, 35), (44, 39), (10, 9), (10, 19), (34, 25), (3, 1), (3, 28), (32, 14), (32, 35), (33, 25), (33, 38), (33, 42), (4, 12), (4, 23), (9, 29), (9, 44), (12, 5), (42, 26), (14, 7), (29, 7), (11, 7), (11, 19), (41, 46), (45, 14), (46, 13), (15, 36), (20, 48), (13, 40), (48, 34), (40, 25), (40, 43), (30, 2), (39, 32), (39, 46)]]","[[132.0614069080441, 13.308192086903283, 100.72564081237672, 10.095941953681214, 268.5378874055446, 330.41635466618663, 17.87791484700038, 4.322691849036637, 39.534341662697514, 44.324659342525734, 359.8130166206928, 421.40411813792656, 112.43936944811148, 34.68588881259311, 39.97024477707552, 1.2623500853904632, 69.35510367244305, 19.489650918689232, 12.658570150364252, 148.81588019632576, 81.54970929697951, 105.90888428034353, 92.32813457144104, 50.71468136463996, 146.39734126845377, 76.5395075898254, 48.66986005736965, 355.1062641713973, 408.4876844074373, 83.86294875918755, 77.23936636486413, 200.32884153796476, 329.22233300692625, 119.70486334229773, 2.2686116925508246, 3.6286927661555914, 26.846728076022348, 119.79548909242715, 1.7346706767131095, 263.40858611043825, 355.66928887563364, 12.20891939424888, 261.31189057522954, 17.345395922841487, 317.7630416485033, 75.1342161146076, 189.75346113285437]]"
73,"[[(0, 7), (17, 13), (21, 14), (24, 21), (24, 39), (24, 45), (35, 5), (35, 34), (1, 31), (5, 14), (5, 25), (5, 44), (19, 44), (31, 35), (44, 39), (10, 9), (10, 19), (34, 25), (3, 1), (3, 28), (32, 14), (32, 35), (33, 25), (33, 38), (33, 42), (4, 12), (4, 23), (9, 29), (9, 44), (12, 5), (42, 26), (14, 7), (29, 7), (11, 7), (11, 19), (41, 46), (45, 14), (46, 13), (15, 36), (20, 48), (13, 40), (48, 34), (40, 25), (40, 43), (30, 2), (39, 32), (39, 46)]]","[[155.17766934542894, 13.375215311614033, 71.02457186235922, 10.209846025284925, 254.5417235443499, 261.07690251296606, 2.616160238271192, 12.097123904157906, 49.793010718392075, 44.773605819487294, 353.07326372241107, 455.8684657643942, 104.79065115962962, 21.403298049074436, 58.974854160328285, 7.6800901741207905, 71.95641149434272, 13.481784866783743, 20.20548374149397, 450.00085080739564, 68.19864645012075, 92.1618019884878, 117.53732267560508, 62.632499878945325, 177.57686345837575, 140.761870605435, 38.75740176700818, 331.8857527806039, 680.038743004644, 88.307417898064, 42.843052050173014, 28.898393699186972, 306.9694059767764, 116.2737884477572, 6.480336108993048, 3.7295183926953923, 26.987433529743022, 480.86417513766446, 0.19778920839706138, 302.3907570761339, 273.3356357561629, 7.509300517708777, 283.3937270067706, 107.32284618858694, 188.41963242560814, 131.02081836746726, 34.96505617694415]]"
74,"[[(0, 7), (17, 13), (21, 14), (24, 21), (24, 39), (24, 45), (35, 5), (35, 34), (1, 31), (5, 14), (5, 25), (5, 44), (19, 44), (31, 35), (44, 39), (10, 9), (10, 19), (34, 25), (3, 1), (3, 28), (32, 14), (32, 35), (33, 25), (33, 38), (33, 42), (4, 12), (4, 23), (9, 29), (9, 44), (12, 5), (42, 26), (14, 7), (29, 7), (11, 7), (11, 19), (41, 46), (45, 14), (46, 13), (15, 36), (20, 48), (13, 40), (48, 34), (40, 25), (40, 43), (30, 2), (39, 32), (39, 46)]]","[[165.5873962340716, 12.969846892756522, 102.47002160876218, 9.36077797337797, 259.0828608202447, 270.41039630068633, 28.170305262574455, 6.020925084940057, 53.44447463105342, 43.71825618772442, 373.5247273209323, 462.10492041851165, 118.82569971782009, 36.79566573977338, 114.81693621133299, 3.53930624609037, 74.52587052253237, 15.06933930321126, 22.66579496580141, 301.2486822560929, 80.01276160550715, 59.086020577998255, 97.16881054700143, 47.05165326391608, 117.88027891021251, 229.52243928240705, 147.0086106435399, 274.4740854174454, 559.1403241167549, 56.619330201699476, 28.269118877892737, 79.26776006690724, 308.4026855083901, 121.78843230471173, 8.729040857407838, 2.1313088271240286, 33.27855547098828, 224.62053050807842, 1.1602164815728813, 158.339781315256, 321.87389388629776, 17.508532402026162, 421.28186411933336, 18.74424245785305, 307.38042860862595, 119.88935976163161, 202.24829440878565]]"
75,"[[(0, 7), (17, 13), (21, 14), (24, 21), (24, 39), (24, 45), (35, 5), (35, 34), (1, 31), (5, 14), (5, 25), (5, 44), (19, 44), (31, 35), (44, 39), (10, 9), (10, 19), (34, 25), (3, 1), (3, 28), (32, 14), (32, 35), (33, 25), (33, 38), (33, 42), (4, 12), (4, 23), (9, 29), (9, 44), (12, 5), (42, 26), (14, 7), (29, 7), (11, 7), (11, 19), (41, 46), (45, 14), (46, 13), (15, 36), (20, 48), (13, 40), (48, 34), (40, 25), (40, 43), (30, 2), (39, 32), (39, 46)]]","[[113.20655063938577, 13.46782105490921, 107.70630019954211, 9.414652145862942, 249.8790742310185, 215.00158126511036, 3.8003064903279316, 3.6350137996941205, 42.73939980254747, 43.413211590451574, 232.7665534164057, 437.88801662840916, 119.94060041004319, 16.91797414148526, 12.585292320187408, 18.621857150321187, 108.30397846871503, 12.711032610674874, 28.57049276705327, 291.4846219402801, 73.0767313019478, 69.26224157590565, 128.95830225490633, 51.291074881967035, 171.96503550659088, 58.45877585445833, 224.06912365394066, 277.4304599062746, 949.3401841747554, 72.86427074641617, 35.89756680849987, 85.93090148126636, 309.8848327284182, 73.47970811457418, 6.285584462208025, 2.0431027868917453, 44.240760905060526, 252.81265070005688, 1.6736052988978227, 472.7623797847664, 407.9197264504738, 18.599157090208138, 315.3003109142071, 40.56620653405673, 201.5901015797084, 111.27873341220483, 139.73099315509086]]"
76,"[[(0, 7), (17, 13), (21, 14), (24, 21), (24, 39), (24, 45), (35, 5), (35, 34), (1, 31), (5, 14), (5, 25), (5, 44), (19, 44), (31, 35), (44, 39), (10, 9), (10, 19), (34, 25), (3, 1), (3, 28), (32, 14), (32, 35), (33, 25), (33, 38), (33, 42), (4, 12), (4, 23), (9, 29), (9, 44), (12, 5), (42, 26), (14, 7), (29, 7), (11, 7), (11, 19), (41, 46), (45, 14), (46, 13), (15, 36), (20, 48), (13, 40), (48, 34), (40, 25), (40, 43), (30, 2), (39, 32), (39, 46)]]","[[205.68440003336747, 12.412443616062685, 52.82213547446931, 10.811547296963663, 268.30434352349226, 322.58024300513034, 7.631378873304718, 13.824618413058541, 59.47467472558314, 43.16763055488293, 223.37764679072947, 457.7645676809721, 115.52531269192977, 20.737911832559803, 79.72945030839925, 15.723896535747862, 106.71244039639586, 10.959541196096326, 21.92033383717459, 410.3705282974184, 90.82001200245128, 109.1306485622118, 84.40108941771881, 52.449631175906276, 145.57321761340125, 85.39394979094405, 54.0213141490042, 229.09613222524558, 908.0330000013726, 79.16115100603174, 38.83807172031783, 26.814775572316968, 329.6609295535386, 24.6409266806986, 3.7473912271074377, 2.2014605497639144, 44.972882068249255, 598.8718581841117, 1.1032322598978705, 196.0284130534742, 421.9554340200181, 17.9206571834507, 68.50484753737992, 51.91247258223546, 282.11803369742233, 109.46514558227162, 216.8016790059172]]"
77,"[[(0, 7), (17, 13), (21, 14), (24, 21), (24, 39), (24, 45), (35, 5), (35, 34), (1, 31), (5, 14), (5, 25), (5, 44), (19, 44), (31, 35), (44, 39), (10, 9), (10, 19), (34, 25), (3, 1), (3, 28), (32, 14), (32, 35), (33, 25), (33, 38), (33, 42), (4, 12), (4, 23), (9, 29), (9, 44), (12, 5), (42, 26), (14, 7), (29, 7), (11, 7), (11, 19), (41, 46), (45, 14), (46, 13), (15, 36), (20, 48), (13, 40), (48, 34), (40, 25), (40, 43), (30, 2), (39, 32), (39, 46)]]","[[129.0168671738874, 13.633514723973466, 44.30462232742075, 9.271328174233872, 255.75004880912553, 268.8251760279558, 35.3871068627204, 2.13823484384659, 58.99729364780555, 44.06130902812893, 286.09340490093746, 436.7149170332339, 111.4442375193109, 29.2580025397102, 41.120616068605806, 5.92553147307704, 77.0787917647756, 19.54119033145085, 20.44172697550726, 270.10472104426987, 36.895630377201215, 59.56502560415023, 84.53375988657682, 65.10385742837894, 141.53344487445156, 164.0454697985865, 187.1734310512933, 395.54985997439803, 519.1681982490193, 63.93695290334066, 109.3171454021923, 103.66762182157223, 320.4144130187287, 31.99410815218032, 9.764235520668873, 2.409334091226503, 24.65960947166624, 144.57460579357945, 1.7577224910556695, 177.50782984356937, 399.0859602845451, 18.572989477547893, 72.31595408207579, 88.40993878682724, 390.1617965164286, 24.092105106650877, 158.48201921383819]]"
78,"[[(0, 7), (17, 13), (21, 14), (24, 21), (24, 39), (24, 45), (35, 5), (35, 34), (1, 31), (5, 14), (5, 25), (5, 44), (19, 44), (31, 35), (44, 39), (10, 9), (10, 19), (34, 25), (3, 1), (3, 28), (32, 14), (32, 35), (33, 25), (33, 38), (33, 42), (4, 12), (4, 23), (9, 29), (9, 44), (12, 5), (42, 26), (14, 7), (29, 7), (11, 7), (11, 19), (41, 46), (45, 14), (46, 13), (15, 36), (20, 48), (13, 40), (48, 34), (40, 25), (40, 43), (30, 2), (39, 32), (39, 46)]]","[[122.19055637906057, 12.010564856377774, 41.21598992455023, 10.653919494153005, 265.86442859488363, 237.21421091288184, 37.39565527118037, 12.031561823021157, 57.89360633980944, 44.71787789741074, 414.61475046361636, 459.3922963640415, 112.41813328426791, 19.01514134661289, 31.504411118517037, 12.831822629816791, 107.53783119891195, 11.414846230345425, 21.272405311441165, 396.91021468623694, 86.89936438690228, 49.96532439096922, 93.69213570377978, 53.34914935268656, 126.21432035004291, 153.3586766436152, 91.12106211819955, 216.27222331625765, 881.0565225556339, 63.69888196893381, 44.89344656465872, 175.7318208963117, 329.01217890744095, 70.75151069964534, 7.384111263353365, 3.826419573751407, 33.35822834878666, 438.27124539543024, 0.801752218701899, 363.5955939935425, 291.3898192550884, 18.476289251923927, 406.2163252195249, 9.884124653695608, 357.0937495634271, 142.54560987107885, 156.96784921742565]]"
79,"[[(0, 7), (17, 13), (21, 14), (24, 21), (24, 39), (24, 45), (35, 5), (35, 34), (1, 31), (5, 14), (5, 25), (5, 44), (19, 44), (31, 35), (44, 39), (10, 9), (10, 19), (34, 25), (3, 1), (3, 28), (32, 14), (32, 35), (33, 25), (33, 38), (33, 42), (4, 12), (4, 23), (9, 29), (9, 44), (12, 5), (42, 26), (14, 7), (29, 7), (11, 7), (11, 19), (41, 46), (45, 14), (46, 13), (15, 36), (20, 48), (13, 40), (48, 34), (40, 25), (40, 43), (30, 2), (39, 32), (39, 46)]]","[[51.70281463946316, 13.51012872328423, 41.5363142905287, 10.480484446533874, 245.63824370041436, 194.32765344346242, 12.826370312782192, 11.104016223686742, 54.7774083267674, 44.95849841449166, 237.3590992124761, 457.0121520387751, 115.05688569013134, 13.048394840357464, 35.41443135730023, 4.690327133306974, 106.22603266125675, 19.55342471347801, 27.339163764367083, 532.0889769962811, 104.19363891319408, 7.686413169531749, 99.78698589814087, 48.09056996962241, 177.80696777874323, 30.446349109747896, 136.98263916974304, 391.59437632333095, 886.2946616851625, 87.77649070980468, 43.33736111305761, 30.23023663198691, 319.73525773321404, 41.72924118608067, 13.188257310784346, 2.5609480701601415, 32.426855249110865, 526.1123899641389, 1.8525949950913057, 391.22762803051, 506.8240481021869, 16.4387279401626, 168.87276702563832, 97.40207805129019, 341.4914588787973, 126.04635477351871, 199.2946961998412]]"
80,"[[(0, 7), (17, 13), (21, 14), (24, 21), (24, 39), (24, 45), (35, 5), (35, 34), (1, 31), (5, 14), (5, 25), (5, 44), (19, 44), (31, 35), (44, 39), (10, 9), (10, 19), (34, 25), (3, 1), (3, 28), (32, 14), (32, 35), (33, 25), (33, 38), (33, 42), (4, 12), (4, 23), (9, 29), (9, 44), (12, 5), (42, 26), (14, 7), (29, 7), (11, 7), (11, 19), (41, 46), (45, 14), (46, 13), (15, 36), (20, 48), (13, 40), (48, 34), (40, 25), (40, 43), (30, 2), (39, 32), (39, 46)]]","[[164.7254100204933, 12.047171255698467, 112.61465439435493, 10.4659138133465, 247.52613149573736, 283.6719591723739, 19.78983557584463, 11.320470228512766, 58.83043832279162, 44.275561986241804, 431.1433128103461, 452.05073571876284, 104.54920068331447, 33.054074001612136, 33.30207325574939, 4.2918050527548495, 72.47709507963401, 10.450888612922553, 14.789050361372215, 424.77419675270386, 51.54911482373599, 58.63892463177992, 132.85124356227988, 51.88165227748981, 157.74101978369345, 149.14308236344914, 136.41761834851405, 273.36690504612943, 442.5299872916137, 97.58738721344017, 42.820131391639755, 17.123744219480717, 329.345860567796, 29.842233927109334, 10.826874158496857, 2.3571263187996396, 41.17500265167587, 255.05490665520895, 0.5369898538862425, 327.6763246468299, 455.83910904353706, 11.750354297064778, 203.10244856135293, 76.29856580482358, 248.6209233110781, 74.36309698051649, 164.9094944537962]]"
81,"[[(0, 7), (17, 13), (21, 14), (24, 21), (24, 39), (24, 45), (35, 5), (35, 34), (1, 31), (5, 14), (5, 25), (5, 44), (19, 44), (31, 35), (44, 39), (10, 9), (10, 19), (34, 25), (3, 1), (3, 28), (32, 14), (32, 35), (33, 25), (33, 38), (33, 42), (4, 12), (4, 23), (9, 29), (9, 44), (12, 5), (42, 26), (14, 7), (29, 7), (11, 7), (11, 19), (41, 46), (45, 14), (46, 13), (15, 36), (20, 48), (13, 40), (48, 34), (40, 25), (40, 43), (30, 2), (39, 32), (39, 46)]]","[[82.7909404981493, 13.584830934719207, 85.21816113272155, 9.354608273189372, 247.55712060353264, 300.7533481275832, 18.761311296930156, 3.4011002222038975, 65.132609235761, 44.79827672944219, 330.9445780064719, 450.88419643271095, 113.69406531873102, 33.24156877079946, 82.75623741513408, 1.632424941131199, 101.53290643252768, 17.272501878200686, 14.192083284465657, 235.25121760764668, 37.1547649685922, 37.7791526914677, 139.70195286018065, 61.98826525612523, 144.7999087760956, 260.06321526486073, 204.90152411854254, 259.8219761281728, 273.2590443112085, 70.68556253362492, 93.83421536489786, 100.91234767410477, 316.95170268752184, 103.12861430755787, 5.801121410412469, 2.366645917184159, 27.520938670290334, 649.8788123409852, 0.7250584599476739, 413.2554687333969, 365.03294688381186, 11.779726932519491, 250.97060837870325, 48.315120580905784, 406.806200454631, 49.784427847996696, 46.480528768445566]]"
82,"[[(0, 7), (17, 13), (21, 14), (24, 21), (24, 39), (24, 45), (35, 5), (35, 34), (1, 31), (5, 14), (5, 25), (5, 44), (19, 44), (31, 35), (44, 39), (10, 9), (10, 19), (34, 25), (3, 1), (3, 28), (32, 14), (32, 35), (33, 25), (33, 38), (33, 42), (4, 12), (4, 23), (9, 29), (9, 44), (12, 5), (42, 26), (14, 7), (29, 7), (11, 7), (11, 19), (41, 46), (45, 14), (46, 13), (15, 36), (20, 48), (13, 40), (48, 34), (40, 25), (40, 43), (30, 2), (39, 32), (39, 46)]]","[[66.81870386630254, 13.261423803653928, 44.71434399655518, 10.967724720566753, 269.432083286608, 182.3038357364569, 7.517535846238421, 10.931155869749519, 53.45673884759036, 44.039673780552256, 471.65160211895994, 440.15173274217045, 107.73152155259872, 27.497980139611876, 118.73498090086048, 16.987580998312705, 79.36597908059014, 15.968922869680501, 31.569169446161116, 159.9313592807165, 41.534823224565386, 101.39380360312246, 143.18953059760435, 47.90511740679103, 169.8932947076134, 201.80657061978732, 95.5337185845629, 216.1289743726397, 629.9219728036621, 89.58167350758166, 51.104603520480616, 57.84841703150488, 300.057042791012, 52.28729639125441, 3.937273116704588, 3.7471045773460006, 44.12527865407082, 181.60966513806827, 1.1720277317599954, 366.3951111900542, 234.5240777251808, 13.910284375452893, 424.1257001257052, 55.70307355161323, 410.9126409243206, 98.41168348307261, 164.8976971142313]]"
83,"[[(0, 7), (17, 13), (21, 14), (24, 21), (24, 39), (24, 45), (35, 5), (35, 34), (1, 31), (5, 14), (5, 25), (5, 44), (19, 44), (31, 35), (44, 39), (10, 9), (10, 19), (34, 25), (3, 1), (3, 28), (32, 14), (32, 35), (33, 25), (33, 38), (33, 42), (4, 12), (4, 23), (9, 29), (9, 44), (12, 5), (42, 26), (14, 7), (29, 7), (11, 7), (11, 19), (41, 46), (45, 14), (46, 13), (15, 36), (20, 48), (13, 40), (48, 34), (40, 25), (40, 43), (30, 2), (39, 32), (39, 46)]]","[[157.83929831235508, 13.654332211535884, 76.66649747411878, 9.347921988413905, 250.84635360672326, 272.87646953245746, 6.252448046792863, 10.597535997801367, 42.7144200029946, 44.021394850673914, 333.702497832015, 443.39011770265085, 108.68303814215912, 15.870806430520448, 73.83749094141497, 11.941551835798805, 97.71415891130923, 17.00072554083779, 29.83742060439389, 128.97733559295955, 84.80352698208, 99.45768058879115, 115.72961309045877, 59.37404314914431, 178.6568998547062, 163.22063219713823, 71.82358615123321, 357.64869714885464, 385.2766252368217, 95.15195714286347, 18.399684922145294, 62.46739087912211, 317.2973351607764, 71.31122605974849, 7.238939154308709, 2.7413480930248584, 41.07103973220313, 606.5067882453516, 1.7072836695699192, 428.61345791667145, 468.0693099573928, 12.797036639457804, 249.87172869666975, 73.11890448792387, 236.06120302791595, 31.763796751599745, 87.85398778692237]]"
84,"[[(0, 7), (17, 13), (21, 14), (24, 21), (24, 39), (24, 45), (35, 5), (35, 34), (1, 31), (5, 14), (5, 25), (5, 44), (19, 44), (31, 35), (44, 39), (10, 9), (10, 19), (34, 25), (3, 1), (3, 28), (32, 14), (32, 35), (33, 25), (33, 38), (33, 42), (4, 12), (4, 23), (9, 29), (9, 44), (12, 5), (42, 26), (14, 7), (29, 7), (11, 7), (11, 19), (41, 46), (45, 14), (46, 13), (15, 36), (20, 48), (13, 40), (48, 34), (40, 25), (40, 43), (30, 2), (39, 32), (39, 46)]]","[[167.16193885499268, 12.780391541110216, 101.91754906319257, 10.531640410981453, 265.28589882860706, 151.31912699301455, 16.127869036183885, 7.215996087693215, 39.7630573213133, 44.510943652760965, 275.47686206152025, 439.02415706850655, 107.36636809218626, 26.61801945615541, 60.57529074944935, 19.791516510066543, 88.73367776827006, 17.494589199338982, 18.075818098092082, 481.3945418292504, 34.208682938966675, 34.71045278328016, 144.6339653200912, 62.80043832634423, 122.16438649361004, 85.51944022368707, 207.6413628390615, 216.30286261494456, 272.6161829576475, 49.88876873216052, 104.32408183071504, 168.56976647286388, 321.35700307224045, 62.41690650087205, 8.358948972741736, 3.1692127348421364, 44.59125736362563, 537.36396240904, 0.9861170141396596, 296.0653722500465, 326.7773138672052, 11.883283442168937, 150.64194233228415, 53.71782398562551, 234.17762053089646, 173.26604501321154, 92.37890015939105]]"
85,"[[(0, 7), (17, 13), (21, 14), (24, 21), (24, 39), (24, 45), (35, 5), (35, 34), (1, 31), (5, 14), (5, 25), (5, 44), (19, 44), (31, 35), (44, 39), (10, 9), (10, 19), (34, 25), (3, 1), (3, 28), (32, 14), (32, 35), (33, 25), (33, 38), (33, 42), (4, 12), (4, 23), (9, 29), (9, 44), (12, 5), (42, 26), (14, 7), (29, 7), (11, 7), (11, 19), (41, 46), (45, 14), (46, 13), (15, 36), (20, 48), (13, 40), (48, 34), (40, 25), (40, 43), (30, 2), (39, 32), (39, 46)]]","[[197.12961310743756, 13.901707174961265, 74.48469593365695, 9.283535062168237, 268.5736152616898, 249.15952533640117, 31.035287770512095, 11.987412889642705, 52.23830850215117, 43.76908602112781, 302.28460181342484, 440.4199249700338, 111.05030413692066, 15.943752740252085, 56.549942041305385, 2.8508820354535107, 66.82657402651802, 15.087005252888282, 22.28687210347055, 227.6378654130423, 52.238874013535735, 22.85667562373588, 83.60511744713992, 52.191261657077675, 150.2932375547804, 73.20735507721774, 97.48879732150695, 260.2702158537978, 1000.7834767239538, 82.47686894261903, 83.19741637445526, 23.715577154469198, 317.1207412568956, 21.623947477373225, 3.0307677040687944, 2.1284590375816643, 30.37489476456942, 336.6265065669722, 1.5582387294180107, 295.5097640504092, 242.56224815249718, 13.104919864952702, 76.29809099023552, 53.83498605815731, 270.8792119011327, 169.40522571188808, 192.53920895112796]]"
86,"[[(0, 7), (17, 13), (21, 14), (24, 21), (24, 39), (24, 45), (35, 5), (35, 34), (1, 31), (5, 14), (5, 25), (5, 44), (19, 44), (31, 35), (44, 39), (10, 9), (10, 19), (34, 25), (3, 1), (3, 28), (32, 14), (32, 35), (33, 25), (33, 38), (33, 42), (4, 12), (4, 23), (9, 29), (9, 44), (12, 5), (42, 26), (14, 7), (29, 7), (11, 7), (11, 19), (41, 46), (45, 14), (46, 13), (15, 36), (20, 48), (13, 40), (48, 34), (40, 25), (40, 43), (30, 2), (39, 32), (39, 46)]]","[[119.18077821081012, 13.791240032254962, 81.46586191397692, 10.633177396699267, 252.6024598903745, 157.38973408649312, 33.58446360881941, 9.45915858681224, 52.13651698714239, 43.351997938555584, 452.67362820339315, 418.0332191433277, 117.32969864487626, 34.5958416901639, 114.57653771940134, 12.13932763766114, 83.76299598243781, 13.443143259741417, 20.66773653805527, 259.31668208609295, 75.20399599218092, 92.85039924866527, 139.3389399601356, 62.98226459601234, 170.26830489144422, 61.09297569054406, 159.07797376813275, 224.15727403405438, 535.5690347702232, 82.50930989461493, 59.01155350375323, 188.76785139741273, 327.8628168569259, 53.04794164670426, 9.310630900695296, 3.100415322925328, 36.31606122701498, 332.2243014553712, 0.6177689994966624, 414.62483087469093, 501.0408021484405, 10.311683998927844, 218.8138147764257, 99.81599181634347, 295.164130232783, 169.2696408394182, 36.954168431115946]]"
87,"[[(0, 7), (17, 13), (21, 14), (24, 21), (24, 39), (24, 45), (35, 5), (35, 34), (1, 31), (5, 14), (5, 25), (5, 44), (19, 44), (31, 35), (44, 39), (10, 9), (10, 19), (34, 25), (3, 1), (3, 28), (32, 14), (32, 35), (33, 25), (33, 38), (33, 42), (4, 12), (4, 23), (9, 29), (9, 44), (12, 5), (42, 26), (14, 7), (29, 7), (11, 7), (11, 19), (41, 46), (45, 14), (46, 13), (15, 36), (20, 48), (13, 40), (48, 34), (40, 25), (40, 43), (30, 2), (39, 32), (39, 46)]]","[[87.91430606767952, 12.160923915286702, 117.2197579619851, 10.278366342053259, 258.7915236489818, 277.12396153562577, 10.215955421376913, 9.231329498561841, 38.790237788167985, 44.61154898921942, 271.606010822814, 466.5640339513033, 113.93915029443666, 16.808484499168564, 42.373349773788775, 22.334097089359563, 82.49410817921739, 19.98441675468476, 23.31257030139956, 305.86078386291376, 106.20674013911963, 63.52939710128152, 128.68260793926436, 51.2098470259175, 180.67871602199125, 218.66689320730896, 116.10197864811131, 337.3486681867587, 987.9082227116622, 49.179998470709364, 3.8617195977885785, 86.33490642641681, 299.818222935613, 119.5348407289309, 2.679179638413612, 3.119659332057189, 41.15727508566812, 298.6269951296087, 1.9195363948051807, 473.5443663297575, 369.6824139872041, 18.397176815172468, 479.3834632994747, 10.22794393786436, 440.71929069995684, 111.0929927487313, 103.97168585733723]]"
88,"[[(0, 7), (17, 13), (21, 14), (24, 21), (24, 39), (24, 45), (35, 5), (35, 34), (1, 31), (5, 14), (5, 25), (5, 44), (19, 44), (31, 35), (44, 39), (10, 9), (10, 19), (34, 25), (3, 1), (3, 28), (32, 14), (32, 35), (33, 25), (33, 38), (33, 42), (4, 12), (4, 23), (9, 29), (9, 44), (12, 5), (42, 26), (14, 7), (29, 7), (11, 7), (11, 19), (41, 46), (45, 14), (46, 13), (15, 36), (20, 48), (13, 40), (48, 34), (40, 25), (40, 43), (30, 2), (39, 32), (39, 46)]]","[[63.42791229492808, 12.397188312276809, 38.32413239451945, 10.616971111251278, 253.59963318231746, 188.25354522988954, 30.933634446821795, 5.332187895990716, 63.33750216657528, 44.82785977039375, 257.92957691826496, 436.5344672649307, 114.58919379370185, 36.398677174803424, 79.76759108835994, 5.26172775889304, 70.34286767324733, 9.107407995591707, 20.235421982205335, 322.4588413474552, 97.81478695020348, 39.25819573033733, 133.8309456841389, 47.43232873136236, 133.98529318853934, 268.81939645867465, 140.33051843682438, 216.66550668502884, 882.6982678660786, 71.02163243738273, 25.475258891037676, 128.9450928268143, 328.0432093189517, 55.47395728224491, 2.9800039705038084, 2.7002358182838933, 30.22955010680951, 390.8968424507916, 1.7431506727978048, 197.20501934894997, 535.2727615190324, 16.051133719627433, 232.62917639088934, 57.73278097514511, 246.66381563451307, 64.33510939023552, 44.192667896858076]]"
89,"[[(0, 7), (17, 13), (21, 14), (24, 21), (24, 39), (24, 45), (35, 5), (35, 34), (1, 31), (5, 14), (5, 25), (5, 44), (19, 44), (31, 35), (44, 39), (10, 9), (10, 19), (34, 25), (3, 1), (3, 28), (32, 14), (32, 35), (33, 25), (33, 38), (33, 42), (4, 12), (4, 23), (9, 29), (9, 44), (12, 5), (42, 26), (14, 7), (29, 7), (11, 7), (11, 19), (41, 46), (45, 14), (46, 13), (15, 36), (20, 48), (13, 40), (48, 34), (40, 25), (40, 43), (30, 2), (39, 32), (39, 46)]]","[[124.28894327959732, 13.214814985535616, 102.46604892620118, 9.17153800653965, 255.06695466331834, 348.63212729330434, 28.57943406437403, 7.38687159037189, 48.352366610028646, 44.54895564588128, 436.83133685940504, 418.7319087967689, 117.04715609857388, 36.50932786805675, 46.93222002089104, 8.478722869662686, 111.86651584312875, 20.34312134904685, 21.64062979048554, 122.32575760859169, 36.72941409316747, 13.960874806256236, 112.65515597486583, 55.95275521685787, 176.78827100625028, 249.14686360075297, 108.88102070324575, 321.9458714022271, 370.5039505204137, 91.18953382137653, 48.08388320239807, 34.603064897596596, 329.745560244988, 78.37020097854835, 6.878408732345083, 3.289894053466287, 29.56096204712523, 337.69266895127487, 0.17736833900847748, 184.10549887378525, 298.9162186371061, 11.218591939259465, 177.93345091539024, 110.31108087957334, 257.7783316276035, 75.77036518408254, 111.32368244008855]]"
90,"[[(0, 7), (17, 13), (21, 14), (24, 21), (24, 39), (24, 45), (35, 5), (35, 34), (1, 31), (5, 14), (5, 25), (5, 44), (19, 44), (31, 35), (44, 39), (10, 9), (10, 19), (34, 25), (3, 1), (3, 28), (32, 14), (32, 35), (33, 25), (33, 38), (33, 42), (4, 12), (4, 23), (9, 29), (9, 44), (12, 5), (42, 26), (14, 7), (29, 7), (11, 7), (11, 19), (41, 46), (45, 14), (46, 13), (15, 36), (20, 48), (13, 40), (48, 34), (40, 25), (40, 43), (30, 2), (39, 32), (39, 46)]]","[[191.73370486774957, 12.653799549724656, 84.80168326029573, 10.491527104149323, 262.39061072290474, 246.2267384938268, 31.86436517054339, 13.53153874723496, 49.62736463727158, 43.776898861861866, 432.688022971707, 430.08478240307215, 111.63046711664028, 36.658693603159485, 62.55459564292868, 0.7420819777337222, 80.03819781282932, 14.302802101469489, 16.290015576974476, 150.08325702694935, 80.45435581472327, 77.76964955925456, 83.95585279143073, 64.61911062217521, 191.35191151084658, 54.08036890733562, 133.75412045812482, 235.98656413329184, 354.1018841298498, 54.750564049462376, 58.791535801400215, 45.559689004548034, 320.7947546277901, 85.1937412737233, 5.315174996613017, 3.459362986761647, 44.581572888297856, 247.67453057260144, 0.45069240277389366, 301.87632495032426, 486.8299189585965, 17.14773267420569, 450.91286141875014, 14.064275086653256, 324.7347739730257, 22.647884394876115, 152.0795511694642]]"
91,"[[(0, 7), (17, 13), (21, 14), (24, 21), (24, 39), (24, 45), (35, 5), (35, 34), (1, 31), (5, 14), (5, 25), (5, 44), (19, 44), (31, 35), (44, 39), (10, 9), (10, 19), (34, 25), (3, 1), (3, 28), (32, 14), (32, 35), (33, 25), (33, 38), (33, 42), (4, 12), (4, 23), (9, 29), (9, 44), (12, 5), (42, 26), (14, 7), (29, 7), (11, 7), (11, 19), (41, 46), (45, 14), (46, 13), (15, 36), (20, 48), (13, 40), (48, 34), (40, 25), (40, 43), (30, 2), (39, 32), (39, 46)]]","[[188.52209023971628, 13.821300368141205, 48.91061843028393, 9.983154734006837, 243.1506849606668, 192.02614560447807, 36.42293540052864, 10.82517118690122, 61.31381537665076, 44.64843756679789, 385.58222949093783, 449.9810677262285, 121.0926126707243, 36.54121747587784, 24.57581780337554, 2.9089945453219634, 67.58983774763061, 18.75324509266479, 19.509759403503608, 234.31521349099722, 41.510390665785934, 25.75859219967257, 132.156251151771, 47.31887630569335, 189.97045112697447, 127.54713923848078, 149.3201803909508, 346.04556707604524, 912.2394016558416, 94.97180181216808, 30.532638839369703, 78.22371353217515, 326.6911882718636, 37.62131215526018, 3.7803653300238897, 2.0189218225788945, 28.564441692069344, 465.38779596173254, 0.10356344288215613, 343.295070670421, 538.8582113426298, 15.342701151393582, 349.86528682426507, 108.21469353529584, 433.6463148335166, 144.88466228432074, 212.60015097762036]]"
92,"[[(0, 7), (17, 13), (21, 14), (24, 21), (24, 39), (24, 45), (35, 5), (35, 34), (1, 31), (5, 14), (5, 25), (5, 44), (19, 44), (31, 35), (44, 39), (10, 9), (10, 19), (34, 25), (3, 1), (3, 28), (32, 14), (32, 35), (33, 25), (33, 38), (33, 42), (4, 12), (4, 23), (9, 29), (9, 44), (12, 5), (42, 26), (14, 7), (29, 7), (11, 7), (11, 19), (41, 46), (45, 14), (46, 13), (15, 36), (20, 48), (13, 40), (48, 34), (40, 25), (40, 43), (30, 2), (39, 32), (39, 46)]]","[[117.2943589299895, 13.588556564243989, 38.48591426947669, 10.05713294473377, 266.9253435893895, 262.45031637943686, 13.030630789505233, 9.856113340648024, 41.167967137698724, 43.21132781946075, 475.6918719121507, 445.7047815143935, 118.25359652225728, 26.630611279298947, 26.641937816851108, 22.43616053287492, 81.62374015862007, 18.20879920285976, 13.50207926193405, 390.6631068569276, 73.40717516112215, 10.737148294703792, 126.1280841752195, 64.00557307179852, 146.90118928798438, 257.02410058141413, 127.75563494818907, 262.78258034588555, 293.7946386001374, 81.31590528688672, 3.8947672987991133, 69.19227696205127, 321.0640648456511, 106.03765828379616, 7.54654879823647, 2.998579258850673, 39.378426657725655, 582.7755415999328, 1.0447527051909886, 362.0966840406752, 424.2819926386926, 12.346557775370368, 193.51207593498788, 90.12719437025996, 262.083555862743, 70.8447346247488, 140.58057599552836]]"
93,"[[(0, 7), (17, 13), (21, 14), (24, 21), (24, 39), (24, 45), (35, 5), (35, 34), (1, 31), (5, 14), (5, 25), (5, 44), (19, 44), (31, 35), (44, 39), (10, 9), (10, 19), (34, 25), (3, 1), (3, 28), (32, 14), (32, 35), (33, 25), (33, 38), (33, 42), (4, 12), (4, 23), (9, 29), (9, 44), (12, 5), (42, 26), (14, 7), (29, 7), (11, 7), (11, 19), (41, 46), (45, 14), (46, 13), (15, 36), (20, 48), (13, 40), (48, 34), (40, 25), (40, 43), (30, 2), (39, 32), (39, 46)]]","[[137.25658687760915, 13.905320468879225, 69.00651785477476, 10.854380933362721, 246.98575714794427, 160.34213403987977, 38.75111083953215, 2.5917731087877125, 63.50273076987797, 44.026169424324145, 264.65306369068844, 433.1983894879033, 120.02553495080676, 21.500800524740463, 20.109746294068337, 12.823475258717522, 66.82656640161338, 20.63056389729571, 24.775599458156375, 526.5808925612748, 109.92178337821575, 94.06087376126227, 88.63742655355311, 52.13900418977254, 190.42103392851766, 175.62787120487653, 233.12630633366248, 287.6028967732791, 836.4318790100403, 60.08673798800463, 35.59362012711291, 206.17594155862983, 330.84474901929246, 24.410025255314274, 10.966015131620697, 2.9042718422649587, 44.44522318979458, 654.0477333348045, 0.995913746945905, 260.949951366411, 505.0484275187741, 7.529867598924202, 503.4776904651295, 108.96126787769248, 390.1301917921125, 101.13119858489237, 191.8566532189675]]"
94,"[[(0, 7), (17, 13), (21, 14), (24, 21), (24, 39), (24, 45), (35, 5), (35, 34), (1, 31), (5, 14), (5, 25), (5, 44), (19, 44), (31, 35), (44, 39), (10, 9), (10, 19), (34, 25), (3, 1), (3, 28), (32, 14), (32, 35), (33, 25), (33, 38), (33, 42), (4, 12), (4, 23), (9, 29), (9, 44), (12, 5), (42, 26), (14, 7), (29, 7), (11, 7), (11, 19), (41, 46), (45, 14), (46, 13), (15, 36), (20, 48), (13, 40), (48, 34), (40, 25), (40, 43), (30, 2), (39, 32), (39, 46)]]","[[95.00249560702622, 13.750457086342363, 81.43831759393791, 10.437700106325485, 257.35581313443504, 187.58093514818137, 25.869973053828623, 12.495182604308045, 58.25549181546807, 43.00867230368667, 403.922262240638, 435.0400398403774, 109.63960022129996, 17.427146775718327, 105.45220783013912, 14.71200505270583, 112.25515675137052, 18.826717579634742, 11.117887318055697, 211.35450612765004, 64.76689719399921, 87.44043053527056, 146.34585652816293, 46.076384030794664, 121.43255067094572, 34.947126274223315, 99.66492476869959, 273.29374464686333, 404.6141970271192, 92.44328394234391, 89.08508389945177, 81.02255179992801, 310.86898169570026, 46.466493351428326, 2.446820956705042, 3.5948729276864397, 25.14358946990553, 91.00023302455638, 0.7892853555233221, 364.75655669219947, 258.9768745897401, 9.395915547373141, 324.2939176507191, 35.67097588270768, 396.31901189983625, 108.45407346112545, 112.77961672829026]]"
95,"[[(0, 7), (17, 13), (21, 14), (24, 21), (24, 39), (24, 45), (35, 5), (35, 34), (1, 31), (5, 14), (5, 25), (5, 44), (19, 44), (31, 35), (44, 39), (10, 9), (10, 19), (34, 25), (3, 1), (3, 28), (32, 14), (32, 35), (33, 25), (33, 38), (33, 42), (4, 12), (4, 23), (9, 29), (9, 44), (12, 5), (42, 26), (14, 7), (29, 7), (11, 7), (11, 19), (41, 46), (45, 14), (46, 13), (15, 36), (20, 48), (13, 40), (48, 34), (40, 25), (40, 43), (30, 2), (39, 32), (39, 46)]]","[[109.59281172953939, 13.52425412629237, 66.69336079960088, 10.276123339842865, 260.3113857833175, 259.67176335284705, 18.126471361562363, 13.543876468043521, 45.479028008175156, 43.114192057787015, 339.51753975139405, 464.342104468091, 111.60742041431874, 32.32954205866882, 120.57876555869989, 19.120640758390095, 88.17922855029576, 12.773979054475511, 13.448856116735648, 335.0003764810984, 57.31369305582959, 80.00574136033285, 143.9270548161786, 54.28072117989298, 177.37046065791833, 242.1476858761879, 218.81300951687578, 286.2620628447929, 569.2169651195072, 63.977857674522255, 25.126740451552617, 81.83664870763238, 300.92933856297196, 104.21783953904924, 13.303760066289266, 3.280009870969927, 42.595502200473426, 257.7045305702958, 0.6031651745306208, 448.6720003706119, 490.8506114909736, 11.924340301215414, 168.08698198300723, 59.684173723724356, 317.5950509258547, 70.84418119472943, 208.63715985701396]]"
96,"[[(0, 7), (17, 13), (21, 14), (24, 21), (24, 39), (24, 45), (35, 5), (35, 34), (1, 31), (5, 14), (5, 25), (5, 44), (19, 44), (31, 35), (44, 39), (10, 9), (10, 19), (34, 25), (3, 1), (3, 28), (32, 14), (32, 35), (33, 25), (33, 38), (33, 42), (4, 12), (4, 23), (9, 29), (9, 44), (12, 5), (42, 26), (14, 7), (29, 7), (11, 7), (11, 19), (41, 46), (45, 14), (46, 13), (15, 36), (20, 48), (13, 40), (48, 34), (40, 25), (40, 43), (30, 2), (39, 32), (39, 46)]]","[[75.2159853081101, 12.966216546607718, 111.10387413586069, 9.19398478491074, 256.3156373808368, 191.30088913098598, 39.75664817022218, 3.4572645313811554, 53.37184329394123, 43.30231742470143, 501.6547186181451, 433.2070390680629, 113.02966942813568, 20.56880332775169, 35.725499142524626, 16.43756303158461, 109.28038682070455, 18.644129738185754, 16.84157366433412, 352.2072026049236, 80.9954665183279, 88.36216087535625, 74.94558501720947, 45.30416173648796, 191.6825385034905, 212.68618637342428, 187.82501755473402, 220.00389060188047, 531.2228879316523, 50.266006662432034, 21.918462181389003, 153.29862424702227, 316.2464466028679, 88.76736122081303, 5.003143767711297, 2.9967747444779853, 30.998683418181223, 179.9436232488166, 1.3932089479629675, 302.2633972290225, 400.4435125373077, 8.10978714963454, 457.3731020604147, 21.260190812253114, 217.19935593079282, 15.603065102683502, 151.82796176094536]]"
97,"[[(0, 7), (17, 13), (21, 14), (24, 21), (24, 39), (24, 45), (35, 5), (35, 34), (1, 31), (5, 14), (5, 25), (5, 44), (19, 44), (31, 35), (44, 39), (10, 9), (10, 19), (34, 25), (3, 1), (3, 28), (32, 14), (32, 35), (33, 25), (33, 38), (33, 42), (4, 12), (4, 23), (9, 29), (9, 44), (12, 5), (42, 26), (14, 7), (29, 7), (11, 7), (11, 19), (41, 46), (45, 14), (46, 13), (15, 36), (20, 48), (13, 40), (48, 34), (40, 25), (40, 43), (30, 2), (39, 32), (39, 46)]]","[[196.743832880649, 12.565671591354862, 57.22184914466966, 9.330893407239149, 247.54315233634128, 331.3547437145804, 3.6863848843313605, 13.854038090391981, 51.362091003663515, 43.01902401703701, 384.4452692195797, 429.13470604841143, 106.47547994490039, 35.464377064299676, 120.09471925922806, 23.324289565099583, 98.4757877080664, 21.791018686566307, 11.261780425272415, 291.07024723864413, 80.61155343215557, 93.26248234624396, 85.0467612130423, 45.50537357940664, 118.59259671533336, 42.05045723452593, 107.95110150192492, 310.88219748299264, 337.766126461318, 50.028569955809985, 4.620729516602396, 60.98060283332834, 302.94445025032667, 121.2145996593903, 8.906140107159178, 3.7190294841034395, 24.8265235216847, 248.95508728047537, 0.46460547212602643, 173.33321991716917, 357.3106440926293, 9.692497663182419, 470.05818803447585, 97.24634844296759, 382.27876007149155, 129.91952895503957, 55.4379171492355]]"
98,"[[(0, 7), (17, 13), (21, 14), (24, 21), (24, 39), (24, 45), (35, 5), (35, 34), (1, 31), (5, 14), (5, 25), (5, 44), (19, 44), (31, 35), (44, 39), (10, 9), (10, 19), (34, 25), (3, 1), (3, 28), (32, 14), (32, 35), (33, 25), (33, 38), (33, 42), (4, 12), (4, 23), (9, 29), (9, 44), (12, 5), (42, 26), (14, 7), (29, 7), (11, 7), (11, 19), (41, 46), (45, 14), (46, 13), (15, 36), (20, 48), (13, 40), (48, 34), (40, 25), (40, 43), (30, 2), (39, 32), (39, 46)]]","[[175.24857898702982, 13.677531612937914, 35.89720005578503, 10.55500283519883, 264.99302680224594, 227.06051349904382, 8.025901203746265, 5.820321994110033, 64.54562764296989, 44.911039928146835, 338.4254607016009, 442.7160971753863, 111.90964257136494, 36.58331536552226, 34.83212733860644, 6.154234527298357, 91.07325796962809, 19.270173399092393, 28.30986897411778, 376.23322082598236, 53.864529973225174, 92.4828027199789, 76.57047361544318, 54.70818957467936, 150.04532083349397, 264.7342381554213, 103.15252790537485, 343.4612015465473, 1007.2315936163291, 73.86179150610542, 98.13197653529656, 183.02304061934407, 320.9325048822541, 123.23250283831123, 5.8106966349774325, 3.1107099463802053, 44.76822824401797, 727.3625561274515, 1.3883154860637095, 421.48513829136846, 458.0110757105114, 18.715967386195583, 141.29849155626152, 79.89994653151115, 221.4307570154472, 59.48579406123669, 153.6213746898503]]"
99,"[[(0, 7), (17, 13), (21, 14), (24, 21), (24, 39), (24, 45), (35, 5), (35, 34), (1, 31), (5, 14), (5, 25), (5, 44), (19, 44), (31, 35), (44, 39), (10, 9), (10, 19), (34, 25), (3, 1), (3, 28), (32, 14), (32, 35), (33, 25), (33, 38), (33, 42), (4, 12), (4, 23), (9, 29), (9, 44), (12, 5), (42, 26), (14, 7), (29, 7), (11, 7), (11, 19), (41, 46), (45, 14), (46, 13), (15, 36), (20, 48), (13, 40), (48, 34), (40, 25), (40, 43), (30, 2), (39, 32), (39, 46)]]","[[92.45588942307813, 13.981579473912559, 86.79579549107739, 9.874173120298122, 253.7322272369494, 210.18420333677298, 32.72113560689757, 3.7340462029448003, 66.79989879187318, 44.318338480798445, 249.55721945464776, 458.8347160968904, 107.34143225547851, 34.94064348303464, 126.94618701649333, 21.28659930983762, 96.2726835465034, 19.14645414393558, 28.84239028566001, 194.52350056759548, 36.186544859119394, 97.47113668602022, 136.7192725300492, 52.77450805741826, 164.62185882910805, 195.73914535126525, 44.27976126885241, 288.57157255723996, 496.0586385038447, 87.61462550899574, 28.567347926057664, 75.35293687471358, 316.2396412778619, 59.26845026036132, 12.685097084889353, 3.35507895084646, 28.591595695068225, 683.7830964622896, 0.9311844966243865, 379.0028789075095, 374.1411576109714, 9.863533906108744, 264.42999478636904, 96.67957018144912, 197.96582449274976, 13.525894412338006, 156.75479234722832]]"
