scene,edge,cost
0,"[[(0, 22), (0, 27), (17, 12), (17, 18), (18, 38), (23, 29), (24, 19), (36, 19), (36, 35), (37, 16), (37, 25), (5, 31), (19, 12), (19, 37), (34, 12), (34, 15), (34, 21), (11, 6), (11, 22), (31, 10), (25, 31), (32, 2), (33, 4), (38, 3), (38, 4), (21, 24), (29, 4), (9, 1), (9, 25), (13, 36), (13, 37), (14, 11), (16, 30), (30, 39), (20, 19), (35, 4), (35, 28)]]","[[420.71619955573595, 146.13109607395398, 95.4953650865056, 10.552052852095748, 525.7841944540164, 47.87257814244102, 23.15666389309503, 169.85982886811408, 0.41546376822158626, 134.53548798243108, 114.66275923316297, 107.11048177331364, 126.70770252868016, 130.83940729777873, 364.16332282315716, 143.34718479349638, 147.411850243974, 98.95455328723442, 111.24473004545074, 144.93895159591486, 70.64618026418623, 239.47735053158476, 75.8025838876915, 168.54865405548753, 118.06437378701635, 6.875290162710387, 52.744016296738195, 22.45825058587522, 281.9707247551888, 212.37633004559063, 520.6235093292325, 28.363381266449466, 98.3091721431373, 104.57080129846514, 9.850265825128325, 576.9198440605239, 10.908463339089318]]"
1,"[[(0, 22), (0, 27), (17, 12), (17, 18), (18, 38), (23, 29), (24, 19), (36, 19), (36, 35), (37, 16), (37, 25), (5, 31), (19, 12), (19, 37), (34, 12), (34, 15), (34, 21), (11, 6), (11, 22), (31, 10), (25, 31), (32, 2), (33, 4), (38, 3), (38, 4), (21, 24), (29, 4), (9, 1), (9, 25), (13, 36), (13, 37), (14, 11), (16, 30), (30, 39), (20, 19), (35, 4), (35, 28)]]","[[131.11592618435793, 321.7978123072389, 80.81497010745731, 8.833567368805392, 480.50336530016875, 47.35870522135112, 49.53167378285748, 190.60443624738645, 1.3201636483163712, 83.90565429758738, 111.1263695007822, 297.6729369438167, 57.4724804459236, 126.68662637554398, 471.5278537172112, 102.0685460855794, 155.02921688667516, 24.92371604850328, 26.096247103415724, 189.2088290262547, 20.88727058729718, 324.41042432038427, 171.65660223307873, 169.10038250054737, 130.05901842671358, 6.7646418772247525, 39.25124462685453, 25.86266296746606, 263.9120909094266, 249.51670598124522, 207.1006363403063, 46.45515013064683, 97.18149135395215, 116.94526646966622, 22.653070105045085, 545.428200196617, 8.845541573911877]]"
2,"[[(0, 22), (0, 27), (17, 12), (17, 18), (18, 38), (23, 29), (24, 19), (36, 19), (36, 35), (37, 16), (37, 25), (5, 31), (19, 12), (19, 37), (34, 12), (34, 15), (34, 21), (11, 6), (11, 22), (31, 10), (25, 31), (32, 2), (33, 4), (38, 3), (38, 4), (21, 24), (29, 4), (9, 1), (9, 25), (13, 36), (13, 37), (14, 11), (16, 30), (30, 39), (20, 19), (35, 4), (35, 28)]]","[[225.53263598185828, 79.24720174746776, 32.86608662406965, 13.286166270805943, 363.7132637651583, 40.05925962988935, 36.41584249962901, 84.36243518642397, 0.7697322151205164, 323.8421064916748, 98.25905849474228, 328.70041650317097, 153.49430826609557, 166.02200680854114, 410.5711837705727, 369.45323421730734, 158.98439994134546, 134.83481046476038, 64.99366055682668, 137.13388230264317, 119.46671030606362, 224.49475022800726, 89.4020109347739, 93.01833235616274, 181.289065249235, 4.516532927007484, 47.19477420509518, 19.45738195821598, 249.44081746745582, 216.4370042057082, 513.8497428600557, 44.71887320279997, 96.91988894966495, 145.61881728750564, 21.856551645404675, 531.2662684325312, 10.805396178308285]]"
3,"[[(0, 22), (0, 27), (17, 12), (17, 18), (18, 38), (23, 29), (24, 19), (36, 19), (36, 35), (37, 16), (37, 25), (5, 31), (19, 12), (19, 37), (34, 12), (34, 15), (34, 21), (11, 6), (11, 22), (31, 10), (25, 31), (32, 2), (33, 4), (38, 3), (38, 4), (21, 24), (29, 4), (9, 1), (9, 25), (13, 36), (13, 37), (14, 11), (16, 30), (30, 39), (20, 19), (35, 4), (35, 28)]]","[[78.53118200664798, 272.81286042093075, 95.44383033583888, 9.063479081869906, 181.00550278728602, 36.35505734496021, 38.5798489960567, 74.62252467598474, 0.02532790661680462, 276.32220611024786, 76.71722001175867, 539.8336537691547, 163.00967345634245, 146.43620397961269, 492.4261321586899, 183.05470107826739, 159.19611503460513, 159.61918969193138, 138.81928172702766, 197.9952631021053, 173.15169042433294, 391.623685634744, 82.0983989722065, 115.62933552732088, 226.88264032307399, 7.526598628201176, 54.98285814361052, 26.940669745612908, 269.6759656511441, 275.95662961036226, 252.73380223767356, 44.17950592986192, 96.67773487659308, 61.55241767653401, 4.7475345567717815, 710.3220509025315, 9.990277650278154]]"
4,"[[(0, 22), (0, 27), (17, 12), (17, 18), (18, 38), (23, 29), (24, 19), (36, 19), (36, 35), (37, 16), (37, 25), (5, 31), (19, 12), (19, 37), (34, 12), (34, 15), (34, 21), (11, 6), (11, 22), (31, 10), (25, 31), (32, 2), (33, 4), (38, 3), (38, 4), (21, 24), (29, 4), (9, 1), (9, 25), (13, 36), (13, 37), (14, 11), (16, 30), (30, 39), (20, 19), (35, 4), (35, 28)]]","[[230.7635081870767, 255.0973693668453, 28.93359653487783, 9.265913916629515, 635.3284088395068, 44.96760923561213, 37.26775322630886, 51.85277214005555, 3.6508979498631158, 245.93671845255324, 86.2243665400527, 456.07514321142867, 221.012105583141, 137.99025430820151, 368.2362062557245, 311.8420124844874, 146.52003519029137, 148.10514198660917, 143.5538131865306, 155.2656966363562, 129.55385890613113, 279.37701873121574, 186.73530243841452, 7.719607483780426, 241.12909666247816, 6.450145748897407, 54.72565477547806, 27.721694460154893, 236.5413163591468, 270.5497315062812, 427.3365750145192, 30.240065062727535, 97.14594031129374, 116.85385713527319, 3.004728300917983, 748.8002850260153, 9.971189137090196]]"
5,"[[(0, 22), (0, 27), (17, 12), (17, 18), (18, 38), (23, 29), (24, 19), (36, 19), (36, 35), (37, 16), (37, 25), (5, 31), (19, 12), (19, 37), (34, 12), (34, 15), (34, 21), (11, 6), (11, 22), (31, 10), (25, 31), (32, 2), (33, 4), (38, 3), (38, 4), (21, 24), (29, 4), (9, 1), (9, 25), (13, 36), (13, 37), (14, 11), (16, 30), (30, 39), (20, 19), (35, 4), (35, 28)]]","[[127.5860124816247, 376.9529968136432, 20.65733617589385, 9.88125902608744, 411.72826445875745, 43.84214516576583, 43.63144136949688, 77.26879394815694, 3.5055022348087586, 151.2817863741597, 29.9573953480989, 448.2620698800779, 227.1821730775485, 125.68001733545007, 390.2585128911013, 248.46212114975458, 158.0162703784918, 116.98978685441438, 35.56611420697688, 144.85817622249567, 54.34418816121893, 338.73292833616404, 115.0591239457328, 101.86260684804759, 172.5924167360531, 4.200604014063606, 49.227187748863955, 27.52761505325612, 273.76091133734275, 294.6038366060768, 453.1608491101978, 48.23832257752635, 97.40633721655628, 62.86439329873091, 23.818310078845073, 462.085940857122, 9.889245194285698]]"
6,"[[(0, 22), (0, 27), (17, 12), (17, 18), (18, 38), (23, 29), (24, 19), (36, 19), (36, 35), (37, 16), (37, 25), (5, 31), (19, 12), (19, 37), (34, 12), (34, 15), (34, 21), (11, 6), (11, 22), (31, 10), (25, 31), (32, 2), (33, 4), (38, 3), (38, 4), (21, 24), (29, 4), (9, 1), (9, 25), (13, 36), (13, 37), (14, 11), (16, 30), (30, 39), (20, 19), (35, 4), (35, 28)]]","[[116.47345539269261, 53.311049806503306, 13.384549189005373, 12.233769625371881, 754.0089918378886, 39.565289956720044, 40.534893343743335, 148.77796664346627, 0.677498735778566, 317.089424864228, 92.74042669882606, 115.8221715508049, 231.99406797871558, 190.6023939682358, 406.2039312218681, 296.19675830770234, 159.0862730474246, 135.16297715267478, 23.287293890976244, 123.98114311074134, 14.911056504317582, 315.0841344287964, 125.26092195228637, 169.2372069352232, 225.93219284209255, 7.622678141999263, 54.34339221515569, 21.561286676398147, 221.50324497822254, 270.69581905498984, 344.1394168141784, 36.58845643883958, 98.88153159293452, 83.06325803423815, 16.196686295017237, 700.6138679129779, 11.400325939585574]]"
7,"[[(0, 22), (0, 27), (17, 12), (17, 18), (18, 38), (23, 29), (24, 19), (36, 19), (36, 35), (37, 16), (37, 25), (5, 31), (19, 12), (19, 37), (34, 12), (34, 15), (34, 21), (11, 6), (11, 22), (31, 10), (25, 31), (32, 2), (33, 4), (38, 3), (38, 4), (21, 24), (29, 4), (9, 1), (9, 25), (13, 36), (13, 37), (14, 11), (16, 30), (30, 39), (20, 19), (35, 4), (35, 28)]]","[[429.3647980289715, 431.7179815811151, 46.87802044144013, 12.578576784539125, 85.24937209664655, 46.92822640131584, 29.5985832546084, 86.35356779289428, 0.32700826432556696, 196.5328603704243, 27.267194155896277, 171.65558812901043, 51.342225655922064, 155.70820057680604, 457.84243394659234, 141.76644719317093, 152.18519065818452, 67.97901897854919, 150.80820693184774, 154.2895781698328, 90.38370761028355, 413.9541144242357, 151.26931657445914, 251.50778661881915, 175.5357460705564, 4.06362462624047, 50.76501133843139, 18.000439616824927, 243.6610907119152, 283.1016496966627, 182.7108622630424, 49.12653532279974, 97.33517019515554, 185.75597671306744, 22.940048515049234, 465.5291739805918, 11.946529754806308]]"
8,"[[(0, 22), (0, 27), (17, 12), (17, 18), (18, 38), (23, 29), (24, 19), (36, 19), (36, 35), (37, 16), (37, 25), (5, 31), (19, 12), (19, 37), (34, 12), (34, 15), (34, 21), (11, 6), (11, 22), (31, 10), (25, 31), (32, 2), (33, 4), (38, 3), (38, 4), (21, 24), (29, 4), (9, 1), (9, 25), (13, 36), (13, 37), (14, 11), (16, 30), (30, 39), (20, 19), (35, 4), (35, 28)]]","[[381.7049653808187, 483.4934367144336, 86.25992863554148, 11.308161993736565, 692.125544231211, 40.13431594270848, 31.51019494245989, 199.00115662355418, 3.372829178041738, 272.1528877172711, 43.51993273568512, 536.4284625181892, 175.25884675895503, 111.73922086079835, 353.7976029087308, 287.020332065247, 154.03943864961047, 86.82176206787268, 75.53447219260309, 187.87103719511018, 30.716946491129434, 226.9308798603475, 151.60652242361456, 259.9463658058585, 189.179703276846, 4.755483105022551, 50.245555220895604, 20.141774442865906, 272.76625652926214, 271.4989310229956, 280.6705957949979, 32.51343568273911, 99.2973757429891, 64.46541325261252, 25.53286312528386, 838.1912389090149, 8.070057635343582]]"
9,"[[(0, 22), (0, 27), (17, 12), (17, 18), (18, 38), (23, 29), (24, 19), (36, 19), (36, 35), (37, 16), (37, 25), (5, 31), (19, 12), (19, 37), (34, 12), (34, 15), (34, 21), (11, 6), (11, 22), (31, 10), (25, 31), (32, 2), (33, 4), (38, 3), (38, 4), (21, 24), (29, 4), (9, 1), (9, 25), (13, 36), (13, 37), (14, 11), (16, 30), (30, 39), (20, 19), (35, 4), (35, 28)]]","[[59.55964986546551, 318.21625893430866, 93.79626628289154, 8.603605837533802, 773.6562183770266, 41.41914433685682, 35.94439823345114, 108.01632469914931, 0.03674208721955585, 189.05488006348733, 58.17779214942313, 87.73309121213936, 94.42499325267488, 142.0584612017077, 394.5628219958569, 221.2984294603875, 157.61506521764113, 99.12264204073645, 123.81647032873815, 133.39833360028004, 187.0951264395067, 273.60107368098573, 136.81591009550533, 178.41532992952622, 234.0692625705346, 4.569190142143324, 52.83964524926131, 25.09419574545058, 250.77456801564637, 229.42804423940728, 269.57092551315577, 24.458385367778316, 96.94961245338615, 156.69917343702423, 24.40352761135904, 531.220578091953, 9.2401458561155]]"
10,"[[(0, 22), (0, 27), (17, 12), (17, 18), (18, 38), (23, 29), (24, 19), (36, 19), (36, 35), (37, 16), (37, 25), (5, 31), (19, 12), (19, 37), (34, 12), (34, 15), (34, 21), (11, 6), (11, 22), (31, 10), (25, 31), (32, 2), (33, 4), (38, 3), (38, 4), (21, 24), (29, 4), (9, 1), (9, 25), (13, 36), (13, 37), (14, 11), (16, 30), (30, 39), (20, 19), (35, 4), (35, 28)]]","[[384.00223261187176, 318.8629745071802, 8.750117463777794, 7.447551343486814, 140.90514754056483, 45.09065708617777, 50.88716821218389, 142.2552503602741, 1.6568141764384379, 212.0761110068833, 118.36960428613463, 577.6265069866694, 218.91319493840848, 178.1513451304591, 399.57130845179876, 181.432915717931, 148.67474111054557, 51.408162785883356, 82.92679422800487, 179.7629522620936, 57.519920164070086, 325.46522416429644, 117.99954768616709, 83.47584009439734, 140.79747379463248, 4.735767337050262, 50.73945292741921, 27.224708071083228, 224.10819163706196, 219.46137321790272, 439.8500769150998, 38.723732356321555, 98.4319353090287, 136.54452874552595, 8.503000356293922, 436.5730595270874, 10.260021256700478]]"
11,"[[(0, 22), (0, 27), (17, 12), (17, 18), (18, 38), (23, 29), (24, 19), (36, 19), (36, 35), (37, 16), (37, 25), (5, 31), (19, 12), (19, 37), (34, 12), (34, 15), (34, 21), (11, 6), (11, 22), (31, 10), (25, 31), (32, 2), (33, 4), (38, 3), (38, 4), (21, 24), (29, 4), (9, 1), (9, 25), (13, 36), (13, 37), (14, 11), (16, 30), (30, 39), (20, 19), (35, 4), (35, 28)]]","[[79.4612115570942, 276.5560254695243, 84.4137729189994, 12.710666562215728, 461.7485494211583, 45.670837569566785, 30.388007240043002, 203.11156086423887, 1.678414096639003, 213.06051495004232, 44.32500513998632, 166.54709803558612, 191.20243802707196, 148.9241746198847, 328.12994237025623, 253.79970492732852, 153.94099192143747, 135.95352860995996, 81.5919168370014, 132.96820235744562, 80.06450536294223, 331.07995446194406, 132.41938609174423, 213.50482707916154, 160.40168991352942, 4.4038014819159, 51.022914184759465, 27.098193213075298, 265.07257471324067, 255.41052212385813, 189.8146264013793, 44.902951341131185, 98.79340453563535, 98.09413645964088, 8.086840103701885, 798.1512935490099, 8.40064009863314]]"
12,"[[(0, 22), (0, 27), (17, 12), (17, 18), (18, 38), (23, 29), (24, 19), (36, 19), (36, 35), (37, 16), (37, 25), (5, 31), (19, 12), (19, 37), (34, 12), (34, 15), (34, 21), (11, 6), (11, 22), (31, 10), (25, 31), (32, 2), (33, 4), (38, 3), (38, 4), (21, 24), (29, 4), (9, 1), (9, 25), (13, 36), (13, 37), (14, 11), (16, 30), (30, 39), (20, 19), (35, 4), (35, 28)]]","[[250.8597143474183, 388.49713190703346, 83.37185796894425, 6.6945093861049525, 354.3367761348764, 46.926379314664544, 38.79597030510186, 32.28144852251861, 1.3059501362029957, 221.75838435861735, 106.7057050744632, 478.35907578971535, 218.82628658678595, 175.65722747752187, 355.7650081160403, 366.04926366958216, 157.6659981000997, 99.5357186223144, 96.63418102810603, 170.55840785305992, 96.04849392684217, 242.54040015080994, 133.74113942683329, 118.58877093697554, 153.6437345130862, 6.309200148643416, 39.99380648277209, 19.284655553752003, 228.823270642156, 220.47928411846294, 255.8827416254776, 49.16526613043938, 98.56218095419553, 149.05125280835887, 22.357413226162084, 637.8699692130594, 11.114389106982397]]"
13,"[[(0, 22), (0, 27), (17, 12), (17, 18), (18, 38), (23, 29), (24, 19), (36, 19), (36, 35), (37, 16), (37, 25), (5, 31), (19, 12), (19, 37), (34, 12), (34, 15), (34, 21), (11, 6), (11, 22), (31, 10), (25, 31), (32, 2), (33, 4), (38, 3), (38, 4), (21, 24), (29, 4), (9, 1), (9, 25), (13, 36), (13, 37), (14, 11), (16, 30), (30, 39), (20, 19), (35, 4), (35, 28)]]","[[349.964739391127, 380.0099087566556, 65.49770804248851, 11.512876422856637, 676.3375260768921, 45.027581822576934, 49.30553420761528, 31.382967733815526, 2.630031611743512, 320.5982236123878, 63.43756309403019, 25.04165794406248, 142.74301318871298, 165.9354655397848, 393.15392609338835, 283.25295084633933, 150.6459020368474, 60.435838836910555, 118.56897723771311, 133.19912235277306, 97.38407496138501, 252.66751983625426, 70.25242753017555, 21.364985158000227, 147.03250273189707, 6.651449821776501, 38.663789019125126, 17.925179225702966, 219.2776853268037, 262.27567230358375, 625.9479006169026, 48.950739550362, 97.34378051111648, 92.47084849638776, 9.321307248311985, 689.2716623912211, 10.869159113696753]]"
14,"[[(0, 22), (0, 27), (17, 12), (17, 18), (18, 38), (23, 29), (24, 19), (36, 19), (36, 35), (37, 16), (37, 25), (5, 31), (19, 12), (19, 37), (34, 12), (34, 15), (34, 21), (11, 6), (11, 22), (31, 10), (25, 31), (32, 2), (33, 4), (38, 3), (38, 4), (21, 24), (29, 4), (9, 1), (9, 25), (13, 36), (13, 37), (14, 11), (16, 30), (30, 39), (20, 19), (35, 4), (35, 28)]]","[[338.35521568530504, 270.60859224932665, 56.566971013701185, 10.628112052801548, 394.754920117318, 46.63492596511186, 34.31625179304599, 223.67352126269697, 1.7539284770264807, 159.36997904293858, 86.71941935309057, 226.30206928333735, 101.17280640850424, 166.2262109902685, 365.0058147500167, 98.37994534019299, 156.42767029059513, 34.206182218640265, 49.49508633180598, 145.1771465492325, 186.28749978867546, 295.3170359244866, 181.60287240414155, 133.054733987329, 195.45469918966546, 5.50509675660593, 38.25478175358069, 27.236574624512837, 251.68849904255015, 263.0825468746117, 398.1099770637153, 29.287933760947844, 96.86544018676963, 131.2895118982176, 13.829682920374928, 691.2326115100038, 9.737962704172576]]"
15,"[[(0, 22), (0, 27), (17, 12), (17, 18), (18, 38), (23, 29), (24, 19), (36, 19), (36, 35), (37, 16), (37, 25), (5, 31), (19, 12), (19, 37), (34, 12), (34, 15), (34, 21), (11, 6), (11, 22), (31, 10), (25, 31), (32, 2), (33, 4), (38, 3), (38, 4), (21, 24), (29, 4), (9, 1), (9, 25), (13, 36), (13, 37), (14, 11), (16, 30), (30, 39), (20, 19), (35, 4), (35, 28)]]","[[340.4340735343469, 175.58304827139514, 74.52446315158896, 9.118451313383773, 778.556243318439, 45.03670207446108, 50.09478690060867, 52.45084677661336, 0.6883827523615595, 124.2945171945441, 96.91961096518641, 169.95678554538304, 101.27785739627069, 142.1304583017785, 369.19985874104293, 162.79274865635523, 158.85743107740518, 157.6077338789658, 131.14845599737515, 135.19349914406558, 163.84924632384445, 329.7637297860896, 151.2947231304226, 210.2668368335079, 225.7816205176001, 5.691307565756962, 50.304458351325415, 23.153945278915916, 219.74416041805887, 303.44806318782884, 559.9777983515617, 29.069562434397323, 98.17460831008503, 101.99267459968797, 21.94459430382537, 490.6025176306697, 9.729671976374052]]"
16,"[[(0, 22), (0, 27), (17, 12), (17, 18), (18, 38), (23, 29), (24, 19), (36, 19), (36, 35), (37, 16), (37, 25), (5, 31), (19, 12), (19, 37), (34, 12), (34, 15), (34, 21), (11, 6), (11, 22), (31, 10), (25, 31), (32, 2), (33, 4), (38, 3), (38, 4), (21, 24), (29, 4), (9, 1), (9, 25), (13, 36), (13, 37), (14, 11), (16, 30), (30, 39), (20, 19), (35, 4), (35, 28)]]","[[315.79494476131663, 364.23016883504573, 21.01136447631675, 13.921037595126965, 286.4308211667574, 36.302883104206174, 42.93254919875055, 228.50033034056966, 0.22166754210208017, 89.15906305160982, 95.20727389405404, 161.09830142375452, 120.67417413435835, 116.56757307991377, 330.9961508113041, 176.998591012984, 156.7331248229607, 24.79123840305292, 112.56155168338957, 167.30329866112478, 98.44972988415164, 269.75250507230356, 162.60247377109977, 196.38179630627425, 153.01059263010265, 5.976533342466892, 48.752916448151346, 25.666943650665374, 274.4454484971442, 221.76350441169248, 453.65207448887446, 38.78615203645356, 99.75184985119249, 64.38696130173496, 2.4990160879673797, 388.42557091907173, 9.70977111059537]]"
17,"[[(0, 22), (0, 27), (17, 12), (17, 18), (18, 38), (23, 29), (24, 19), (36, 19), (36, 35), (37, 16), (37, 25), (5, 31), (19, 12), (19, 37), (34, 12), (34, 15), (34, 21), (11, 6), (11, 22), (31, 10), (25, 31), (32, 2), (33, 4), (38, 3), (38, 4), (21, 24), (29, 4), (9, 1), (9, 25), (13, 36), (13, 37), (14, 11), (16, 30), (30, 39), (20, 19), (35, 4), (35, 28)]]","[[254.17406050429486, 23.464449002206223, 68.58767694989811, 8.749411643383912, 298.4309459022152, 41.600286744288915, 49.53555327069857, 128.1008721656582, 2.6012221712236547, 63.029714089317295, 23.73696254590126, 577.2676908700646, 224.78091554804507, 158.77506363521104, 388.88762076113113, 335.693128385721, 157.83133295723945, 99.52072350859498, 52.31381911990421, 152.49303801593896, 48.21323134059935, 349.37151239454005, 78.20606427050129, 124.27568030898928, 136.27241468103506, 4.240740620349679, 43.33107401966927, 27.836814301127227, 263.65813243414334, 206.8223067325166, 533.4852970637644, 24.39063056186452, 98.0785262784156, 146.99127140461292, 29.851072928339384, 472.4853904209507, 8.659845760535578]]"
18,"[[(0, 22), (0, 27), (17, 12), (17, 18), (18, 38), (23, 29), (24, 19), (36, 19), (36, 35), (37, 16), (37, 25), (5, 31), (19, 12), (19, 37), (34, 12), (34, 15), (34, 21), (11, 6), (11, 22), (31, 10), (25, 31), (32, 2), (33, 4), (38, 3), (38, 4), (21, 24), (29, 4), (9, 1), (9, 25), (13, 36), (13, 37), (14, 11), (16, 30), (30, 39), (20, 19), (35, 4), (35, 28)]]","[[219.94005672827635, 381.17091579978006, 72.80239037032844, 6.6817638708091796, 350.5680277974581, 35.63566881765362, 33.67136775879217, 93.61854010865996, 3.78801322078685, 80.96328337711263, 85.5888541828991, 65.59052058323918, 133.48072230364323, 171.48211352980235, 354.04590393752517, 184.48987985718333, 158.301820882388, 57.35932986083909, 54.81814141543519, 163.89309738170016, 26.720566380945076, 293.90783430810507, 100.87889343769302, 222.05330531150804, 211.84381893932672, 7.124537697652746, 37.08739778538602, 27.223901134369804, 250.43814501725512, 264.5264542057541, 729.81540340759, 46.73098323935356, 97.20934778276886, 92.1118301135312, 13.035577786164808, 780.0358348240972, 11.21351940274338]]"
19,"[[(0, 22), (0, 27), (17, 12), (17, 18), (18, 38), (23, 29), (24, 19), (36, 19), (36, 35), (37, 16), (37, 25), (5, 31), (19, 12), (19, 37), (34, 12), (34, 15), (34, 21), (11, 6), (11, 22), (31, 10), (25, 31), (32, 2), (33, 4), (38, 3), (38, 4), (21, 24), (29, 4), (9, 1), (9, 25), (13, 36), (13, 37), (14, 11), (16, 30), (30, 39), (20, 19), (35, 4), (35, 28)]]","[[121.65076504973095, 39.748189625945805, 44.29580163048496, 13.345279456243517, 524.9532394695076, 35.881238067842524, 32.91756235447495, 220.93071366308826, 0.898397612247368, 303.1131957396117, 98.44625025118404, 141.618221311792, 199.81344302838866, 185.3745882145403, 441.25031380853574, 211.24436922568708, 156.5631486088775, 69.49082900202609, 106.48182460055088, 178.5519136122112, 60.517512104508704, 341.503522455304, 72.70883643323396, 58.09897804913244, 143.5092863419391, 5.106150075399222, 34.54483659402252, 27.74264485391283, 266.98518038090674, 224.36868042735853, 704.1771843325074, 37.56664715888623, 97.57149007750436, 147.5602520642097, 25.790561590452413, 588.8520833778788, 11.723854535193137]]"
20,"[[(0, 22), (0, 27), (17, 12), (17, 18), (18, 38), (23, 29), (24, 19), (36, 19), (36, 35), (37, 16), (37, 25), (5, 31), (19, 12), (19, 37), (34, 12), (34, 15), (34, 21), (11, 6), (11, 22), (31, 10), (25, 31), (32, 2), (33, 4), (38, 3), (38, 4), (21, 24), (29, 4), (9, 1), (9, 25), (13, 36), (13, 37), (14, 11), (16, 30), (30, 39), (20, 19), (35, 4), (35, 28)]]","[[205.38152857474228, 321.2585813997737, 52.722643299856585, 8.047330436875662, 6.728480090881362, 38.010156422833234, 34.944248441406906, 85.61896964133902, 3.611150913791645, 318.3637780635799, 116.49986156048854, 599.6028167995545, 90.49809143622258, 140.67397970200838, 455.16654589983136, 231.11303794855638, 148.07382334003088, 50.866114631151014, 93.34476029792746, 176.59934276779347, 164.10992611655274, 389.05619151376965, 115.21574560037142, 5.414636541032349, 218.7336920477001, 7.518871098754734, 40.57741695555974, 27.570203309812413, 255.7244515719185, 259.2956048137431, 416.10309332643476, 39.57699944542536, 99.20935268610266, 80.80939906347601, 13.653258656109909, 600.9382818788221, 10.388801448424665]]"
21,"[[(0, 22), (0, 27), (17, 12), (17, 18), (18, 38), (23, 29), (24, 19), (36, 19), (36, 35), (37, 16), (37, 25), (5, 31), (19, 12), (19, 37), (34, 12), (34, 15), (34, 21), (11, 6), (11, 22), (31, 10), (25, 31), (32, 2), (33, 4), (38, 3), (38, 4), (21, 24), (29, 4), (9, 1), (9, 25), (13, 36), (13, 37), (14, 11), (16, 30), (30, 39), (20, 19), (35, 4), (35, 28)]]","[[248.68944153961462, 457.6495177758731, 52.034638295559496, 10.437814111306619, 537.3992099006775, 47.674220660719484, 28.783968858934394, 212.57877351134164, 1.0331632142016751, 119.98685044173621, 65.64097607017732, 401.8212726377879, 175.21921663488402, 182.53466044622374, 343.8221802742871, 221.14305046762604, 149.78750444403116, 120.458420112168, 36.78063911102206, 140.38962874758715, 176.37023873012717, 237.9699363531838, 85.5955966238142, 224.46567997310504, 230.9229131048463, 5.291008462077814, 58.57371186659516, 28.85266484633459, 220.1419526501072, 211.64906761098374, 526.3131480573793, 39.86775845580303, 98.30251779203711, 137.72061938251767, 21.679943629859885, 484.3208397423174, 9.355893213418545]]"
22,"[[(0, 22), (0, 27), (17, 12), (17, 18), (18, 38), (23, 29), (24, 19), (36, 19), (36, 35), (37, 16), (37, 25), (5, 31), (19, 12), (19, 37), (34, 12), (34, 15), (34, 21), (11, 6), (11, 22), (31, 10), (25, 31), (32, 2), (33, 4), (38, 3), (38, 4), (21, 24), (29, 4), (9, 1), (9, 25), (13, 36), (13, 37), (14, 11), (16, 30), (30, 39), (20, 19), (35, 4), (35, 28)]]","[[65.88461054875685, 23.59402325923797, 23.06171963955638, 6.066316562339138, 511.3219984347021, 34.968637007344064, 37.66799560035895, 226.02596148685396, 0.0357105739656034, 287.3019576775009, 25.265719956293502, 240.21580898147405, 163.80238494893877, 155.3120597058997, 349.1981878906661, 317.94345451321976, 152.7400403229883, 79.46448112839711, 107.17877978078113, 120.52152208603462, 141.44741523487747, 361.5361381924296, 164.3490848068571, 76.15839607376842, 231.4360131433684, 5.570165469142019, 50.49944735434758, 29.848456928238257, 278.5977922624255, 234.07773135202177, 575.5817736087313, 36.7652324753291, 97.05105176710822, 66.73736984013564, 28.440559878469504, 619.4669423462826, 11.013445483836186]]"
23,"[[(0, 22), (0, 27), (17, 12), (17, 18), (18, 38), (23, 29), (24, 19), (36, 19), (36, 35), (37, 16), (37, 25), (5, 31), (19, 12), (19, 37), (34, 12), (34, 15), (34, 21), (11, 6), (11, 22), (31, 10), (25, 31), (32, 2), (33, 4), (38, 3), (38, 4), (21, 24), (29, 4), (9, 1), (9, 25), (13, 36), (13, 37), (14, 11), (16, 30), (30, 39), (20, 19), (35, 4), (35, 28)]]","[[415.2168084186941, 85.83439432268676, 57.65209725942235, 8.363316454740788, 482.8852093755532, 37.77080494684126, 29.605955878337927, 158.38907643842012, 3.5810109678100015, 305.14543162686977, 103.20126473208856, 179.80475971294246, 208.34870015385914, 163.6402031681763, 454.69765608126824, 360.99645735258747, 156.6623210821726, 94.87800352505437, 73.59204934001878, 114.14002329978692, 90.38110435332985, 402.4782091066211, 103.29560405777823, 121.43290196911525, 140.17013641970178, 6.718970297825356, 42.0359265132165, 29.608676580239884, 277.64893750756477, 205.6103429240139, 655.4809598451019, 24.45306843512875, 97.60013102978284, 124.25137939782532, 6.487462958973547, 504.7186022512561, 10.764282099627149]]"
24,"[[(0, 22), (0, 27), (17, 12), (17, 18), (18, 38), (23, 29), (24, 19), (36, 19), (36, 35), (37, 16), (37, 25), (5, 31), (19, 12), (19, 37), (34, 12), (34, 15), (34, 21), (11, 6), (11, 22), (31, 10), (25, 31), (32, 2), (33, 4), (38, 3), (38, 4), (21, 24), (29, 4), (9, 1), (9, 25), (13, 36), (13, 37), (14, 11), (16, 30), (30, 39), (20, 19), (35, 4), (35, 28)]]","[[336.6174526736719, 436.9199441038741, 69.1597298543372, 6.740332802091098, 380.91896950685793, 38.79369538840707, 21.720702801722137, 227.17627258652925, 1.5006622968834185, 211.2134887872806, 85.51478562297501, 494.17794078499236, 152.69129556276567, 130.8942504184309, 491.2577310643567, 224.8083970679061, 149.44434152209323, 44.811184752930295, 26.303090629178985, 179.74734077236155, 35.461778160780995, 336.9147211416045, 88.46823503912545, 110.13087754583411, 145.439446186715, 6.425564507583934, 52.463410493376315, 21.04758180544955, 267.8739221201565, 259.3741262757271, 255.0243505490745, 44.163006807492174, 98.88267138449294, 147.966376124751, 12.507867639339665, 491.338562600281, 10.627222392693898]]"
25,"[[(0, 22), (0, 27), (17, 12), (17, 18), (18, 38), (23, 29), (24, 19), (36, 19), (36, 35), (37, 16), (37, 25), (5, 31), (19, 12), (19, 37), (34, 12), (34, 15), (34, 21), (11, 6), (11, 22), (31, 10), (25, 31), (32, 2), (33, 4), (38, 3), (38, 4), (21, 24), (29, 4), (9, 1), (9, 25), (13, 36), (13, 37), (14, 11), (16, 30), (30, 39), (20, 19), (35, 4), (35, 28)]]","[[368.22678120785093, 296.1174241141524, 10.01468521490759, 15.704209019872913, 44.70660020732716, 40.457303233506636, 45.22865563390272, 136.94571406441824, 3.1832799490279795, 153.70303234463847, 72.77028528007608, 235.0359081762298, 180.62917973754156, 134.34000446227589, 494.00163779525326, 232.29814456012954, 146.96081329527502, 17.951456673886668, 114.7985572954567, 114.73600065397518, 123.9668495755519, 378.5484412888513, 82.44682874903802, 260.4712062645429, 150.8076007603213, 5.299838127971761, 57.75279889232148, 19.588484428035326, 256.6187316143532, 266.33231718865426, 234.56818881277454, 32.24268064312837, 96.13915774313978, 118.34083063075406, 15.788808536737688, 756.5088457745142, 10.479115262630824]]"
26,"[[(0, 22), (0, 27), (17, 12), (17, 18), (18, 38), (23, 29), (24, 19), (36, 19), (36, 35), (37, 16), (37, 25), (5, 31), (19, 12), (19, 37), (34, 12), (34, 15), (34, 21), (11, 6), (11, 22), (31, 10), (25, 31), (32, 2), (33, 4), (38, 3), (38, 4), (21, 24), (29, 4), (9, 1), (9, 25), (13, 36), (13, 37), (14, 11), (16, 30), (30, 39), (20, 19), (35, 4), (35, 28)]]","[[90.52356933207524, 98.2935889402426, 65.25611285686699, 6.608522046264146, 11.09616113487673, 43.82389040338346, 48.120470828024125, 52.66473944946129, 3.1927943387790805, 190.66896315980372, 79.20013185227585, 61.94253617800547, 227.67838451262514, 156.17047120412798, 494.37275364438784, 299.847209012979, 156.57087718403292, 107.30439596904515, 105.13606334676581, 169.4122736751899, 186.85027309136305, 306.76676373375733, 95.65143363737636, 249.4153127162729, 129.80974461355038, 4.15725688312191, 51.40761911108082, 22.24120587798804, 257.8780687963531, 271.3321534344634, 392.8161361087783, 31.128745026936862, 97.38265568961725, 134.46849878054007, 29.102679094295073, 417.1775727205714, 9.795423850528712]]"
27,"[[(0, 22), (0, 27), (17, 12), (17, 18), (18, 38), (23, 29), (24, 19), (36, 19), (36, 35), (37, 16), (37, 25), (5, 31), (19, 12), (19, 37), (34, 12), (34, 15), (34, 21), (11, 6), (11, 22), (31, 10), (25, 31), (32, 2), (33, 4), (38, 3), (38, 4), (21, 24), (29, 4), (9, 1), (9, 25), (13, 36), (13, 37), (14, 11), (16, 30), (30, 39), (20, 19), (35, 4), (35, 28)]]","[[82.6232035562374, 264.61288063918306, 9.635853215232457, 15.940046209106358, 779.3915113560606, 34.77702031662575, 40.5087519292375, 149.45906781081487, 0.17912059302849093, 118.66702508337745, 72.78587376369471, 103.47020568225447, 221.59425798419898, 123.65386617403136, 400.0208263734284, 188.02887316828287, 156.70643678627874, 77.04972652962377, 64.64101653369951, 169.6463163170545, 56.3848671221092, 316.04647839353294, 176.4987383105119, 40.57597429215656, 209.06805964230628, 7.748482839890674, 47.327614353318864, 22.251276176725746, 227.8076737236766, 221.05846169485827, 253.0659185008364, 40.0021553033781, 99.03712796654526, 140.7964872211309, 29.830875009337852, 549.2943930996529, 11.2979652842501]]"
28,"[[(0, 22), (0, 27), (17, 12), (17, 18), (18, 38), (23, 29), (24, 19), (36, 19), (36, 35), (37, 16), (37, 25), (5, 31), (19, 12), (19, 37), (34, 12), (34, 15), (34, 21), (11, 6), (11, 22), (31, 10), (25, 31), (32, 2), (33, 4), (38, 3), (38, 4), (21, 24), (29, 4), (9, 1), (9, 25), (13, 36), (13, 37), (14, 11), (16, 30), (30, 39), (20, 19), (35, 4), (35, 28)]]","[[335.87673371266754, 469.1451786070389, 12.936076027943132, 7.043124593379322, 13.67243948160706, 42.06871005366648, 47.214088935193374, 139.23209472665462, 2.0978667001160702, 228.93999642772044, 116.78736499726593, 303.347349152848, 69.9526462103725, 151.49960079972868, 443.10889143772243, 260.9224639209264, 146.7748557670353, 39.697374216821075, 40.61464220826701, 115.23636649030162, 55.656584339217595, 252.01999369769152, 78.27447068486872, 76.06796663452354, 163.59659843494603, 6.324529013940591, 51.915838147925335, 23.654217701622173, 249.8791191603738, 263.3780504191883, 700.004597341094, 21.5353219006537, 97.10509653382445, 97.99255012450213, 21.639478017430896, 577.711318480874, 10.271236886945257]]"
29,"[[(0, 22), (0, 27), (17, 12), (17, 18), (18, 38), (23, 29), (24, 19), (36, 19), (36, 35), (37, 16), (37, 25), (5, 31), (19, 12), (19, 37), (34, 12), (34, 15), (34, 21), (11, 6), (11, 22), (31, 10), (25, 31), (32, 2), (33, 4), (38, 3), (38, 4), (21, 24), (29, 4), (9, 1), (9, 25), (13, 36), (13, 37), (14, 11), (16, 30), (30, 39), (20, 19), (35, 4), (35, 28)]]","[[332.18120729603896, 191.8504866512624, 80.78502363917376, 8.468930947440343, 164.57641625348143, 40.30357058267488, 26.319083293942143, 224.30312686207475, 2.3494334816326137, 224.23266270267015, 36.32457881336515, 497.9505900765165, 127.96964664536058, 154.67342924309838, 363.33847432919157, 333.64376655298855, 147.5186327544426, 73.20926995833275, 142.2371682087043, 177.09055986505086, 38.28251368949201, 279.228930232597, 84.60778025609604, 194.07979530948342, 174.722129722386, 7.1282023059831054, 42.905631938240234, 24.888198015937185, 220.8027174269603, 257.44266528881826, 367.5589135327494, 39.914666673997445, 98.01993030414712, 78.64299646108924, 7.169217898288984, 780.9647741402641, 11.855690171752892]]"
30,"[[(0, 22), (0, 27), (17, 12), (17, 18), (18, 38), (23, 29), (24, 19), (36, 19), (36, 35), (37, 16), (37, 25), (5, 31), (19, 12), (19, 37), (34, 12), (34, 15), (34, 21), (11, 6), (11, 22), (31, 10), (25, 31), (32, 2), (33, 4), (38, 3), (38, 4), (21, 24), (29, 4), (9, 1), (9, 25), (13, 36), (13, 37), (14, 11), (16, 30), (30, 39), (20, 19), (35, 4), (35, 28)]]","[[284.08879091163027, 184.76403953507045, 98.47319498716017, 13.556960305446136, 371.10967520970013, 34.437694372432176, 41.18058129856158, 159.07031906604809, 3.692533599454453, 250.0429284702939, 92.3805956995887, 477.49844918363874, 41.176447976734465, 175.1999294022321, 496.1162023201387, 238.74740472508583, 150.66156414651226, 19.6795785773849, 142.90915888725635, 140.3975164868105, 79.28894829507455, 365.08428505204995, 184.58794072504497, 260.9331026890935, 219.08832008103587, 5.9247385590398665, 52.02139393789926, 25.80308865189449, 279.1440469576564, 258.29908830652755, 697.6826482273985, 34.27412288995265, 96.94526839062215, 185.45232422121725, 14.841279949932652, 574.2732150295312, 8.873700718782198]]"
31,"[[(0, 22), (0, 27), (17, 12), (17, 18), (18, 38), (23, 29), (24, 19), (36, 19), (36, 35), (37, 16), (37, 25), (5, 31), (19, 12), (19, 37), (34, 12), (34, 15), (34, 21), (11, 6), (11, 22), (31, 10), (25, 31), (32, 2), (33, 4), (38, 3), (38, 4), (21, 24), (29, 4), (9, 1), (9, 25), (13, 36), (13, 37), (14, 11), (16, 30), (30, 39), (20, 19), (35, 4), (35, 28)]]","[[180.54469792172802, 402.5511626496786, 58.574430601018214, 9.134395910508154, 42.982292731421914, 39.453909386251, 36.29675265707379, 136.39402842222654, 1.7150605639578655, 218.9661406383973, 95.1932066552738, 140.8818437335683, 140.03049639055018, 130.62756385931814, 455.58336785438826, 222.96216428211335, 157.7340073769707, 117.19325185345713, 28.570264048772195, 147.1227759807365, 108.91860034982602, 239.24371772689364, 146.68660034182838, 10.92179816253011, 124.78993152420014, 5.659080570476478, 53.72860078970799, 24.93629688851058, 270.9555750814032, 205.59966123611898, 236.30779887017053, 32.9760235192289, 96.11678088276388, 182.84676377007426, 11.143321068181333, 529.6854900071997, 8.633705476133226]]"
32,"[[(0, 22), (0, 27), (17, 12), (17, 18), (18, 38), (23, 29), (24, 19), (36, 19), (36, 35), (37, 16), (37, 25), (5, 31), (19, 12), (19, 37), (34, 12), (34, 15), (34, 21), (11, 6), (11, 22), (31, 10), (25, 31), (32, 2), (33, 4), (38, 3), (38, 4), (21, 24), (29, 4), (9, 1), (9, 25), (13, 36), (13, 37), (14, 11), (16, 30), (30, 39), (20, 19), (35, 4), (35, 28)]]","[[419.43408238173464, 361.1460176753447, 54.01580845466503, 10.441996917117265, 718.2241732427042, 43.578614122506345, 22.629704516538574, 225.4128582180299, 0.5279502427175871, 117.25850634617257, 44.72658380938873, 320.3042993990136, 66.33522156784056, 177.44888869148457, 489.70448998646117, 355.4834903099129, 150.4155852865689, 50.0147778437607, 50.59819668976753, 139.4982174195979, 55.194927545557775, 411.80899375979374, 147.0098435275531, 7.180136354838989, 219.74325757835985, 6.135572716174481, 58.75158651227147, 17.503538909039182, 247.78404330660615, 274.8136797050614, 464.48730370584286, 39.86200679463407, 99.92636223314994, 156.07851357914313, 26.388628483119973, 394.43415367310104, 8.65264654171949]]"
33,"[[(0, 22), (0, 27), (17, 12), (17, 18), (18, 38), (23, 29), (24, 19), (36, 19), (36, 35), (37, 16), (37, 25), (5, 31), (19, 12), (19, 37), (34, 12), (34, 15), (34, 21), (11, 6), (11, 22), (31, 10), (25, 31), (32, 2), (33, 4), (38, 3), (38, 4), (21, 24), (29, 4), (9, 1), (9, 25), (13, 36), (13, 37), (14, 11), (16, 30), (30, 39), (20, 19), (35, 4), (35, 28)]]","[[124.22768337184623, 323.887760278518, 42.61562609508477, 15.583709167976144, 78.5329051365522, 40.29441185651689, 50.85267234328396, 133.12527859018877, 0.9897832015220156, 113.12872078669633, 36.95381075438126, 124.54782047890629, 61.464630367767555, 149.63765289379654, 343.78938182518147, 198.92440931867424, 151.00540111530088, 138.91078566184498, 47.33078750688179, 156.2405903675992, 186.37391840476923, 257.6643772254131, 75.2713114477028, 209.2682684375479, 155.3824412489471, 6.540697749874498, 36.03768500698007, 20.103206085366025, 240.19314544307124, 248.8423781388309, 445.0327086628225, 25.618072632549165, 96.08743686801394, 79.98820748708336, 8.452706432779644, 531.844303972383, 9.81220910270561]]"
34,"[[(0, 22), (0, 27), (17, 12), (17, 18), (18, 38), (23, 29), (24, 19), (36, 19), (36, 35), (37, 16), (37, 25), (5, 31), (19, 12), (19, 37), (34, 12), (34, 15), (34, 21), (11, 6), (11, 22), (31, 10), (25, 31), (32, 2), (33, 4), (38, 3), (38, 4), (21, 24), (29, 4), (9, 1), (9, 25), (13, 36), (13, 37), (14, 11), (16, 30), (30, 39), (20, 19), (35, 4), (35, 28)]]","[[369.56992885212634, 192.99383364881774, 14.260018063680247, 13.162118074788744, 565.5110579372663, 41.54011413271403, 25.526431982739552, 124.80785973101975, 3.907134998628189, 273.79154324117644, 110.41059486682008, 410.6617989704607, 51.72355751002723, 179.6353562824453, 344.1316578561752, 134.82483844648377, 155.49186868465364, 43.89192015214843, 77.23431230448588, 183.54343433814688, 179.61124587018332, 381.5554326700507, 149.50067510711068, 176.03339943319304, 200.1946992796773, 5.446983170884436, 55.50783068202434, 27.739100286284675, 277.9198240318784, 219.93657155924245, 546.0176462436482, 25.278983417268723, 96.3226824600515, 111.8373600848227, 14.59608327020388, 518.4357993322299, 10.934823104772198]]"
35,"[[(0, 22), (0, 27), (17, 12), (17, 18), (18, 38), (23, 29), (24, 19), (36, 19), (36, 35), (37, 16), (37, 25), (5, 31), (19, 12), (19, 37), (34, 12), (34, 15), (34, 21), (11, 6), (11, 22), (31, 10), (25, 31), (32, 2), (33, 4), (38, 3), (38, 4), (21, 24), (29, 4), (9, 1), (9, 25), (13, 36), (13, 37), (14, 11), (16, 30), (30, 39), (20, 19), (35, 4), (35, 28)]]","[[57.788902512748024, 365.6940177583994, 35.9140138068248, 9.96001082861191, 233.3804474984233, 34.34948504547522, 41.7869676513895, 229.6101110984865, 1.0381447993075947, 145.58883460094955, 106.61608728926876, 344.4350915891177, 160.3660241245301, 126.93725178474425, 311.5872456443872, 292.9644703319387, 154.91700062602342, 95.30190424617513, 62.120573260756835, 178.53704402780338, 27.14498610236642, 396.0727363338771, 128.2835086208962, 123.8596670983885, 181.43745114457892, 7.1319332762738465, 36.09439215505866, 17.097072068316574, 272.00196475102223, 266.34766992917656, 246.9077880118479, 45.416825678622374, 98.3933160682791, 173.3113747253043, 14.363921572263362, 453.1225572884956, 11.93952230088206]]"
36,"[[(0, 22), (0, 27), (17, 12), (17, 18), (18, 38), (23, 29), (24, 19), (36, 19), (36, 35), (37, 16), (37, 25), (5, 31), (19, 12), (19, 37), (34, 12), (34, 15), (34, 21), (11, 6), (11, 22), (31, 10), (25, 31), (32, 2), (33, 4), (38, 3), (38, 4), (21, 24), (29, 4), (9, 1), (9, 25), (13, 36), (13, 37), (14, 11), (16, 30), (30, 39), (20, 19), (35, 4), (35, 28)]]","[[162.33747864697943, 394.60159082561853, 83.65409027251847, 7.381809104232467, 659.0172544413714, 40.945121909306344, 42.127862661638005, 134.69894185268546, 3.7956732242519813, 232.296534884403, 91.99679609534115, 216.45556267828488, 94.47409441625672, 163.77424954195288, 311.6402116115331, 322.4603002871537, 152.23392429995232, 64.97432426934776, 152.12126934685358, 161.2170254176359, 31.128572910098615, 323.9313975922205, 171.0117720434567, 133.85507793818832, 114.20015708812059, 6.740484861472664, 52.98234826222884, 27.849349189205434, 253.97805290761505, 253.47464811407, 537.5470107809047, 44.008859188043346, 96.95973734381994, 111.09429550354426, 22.470261120910394, 581.1280311623347, 8.533513160929731]]"
37,"[[(0, 22), (0, 27), (17, 12), (17, 18), (18, 38), (23, 29), (24, 19), (36, 19), (36, 35), (37, 16), (37, 25), (5, 31), (19, 12), (19, 37), (34, 12), (34, 15), (34, 21), (11, 6), (11, 22), (31, 10), (25, 31), (32, 2), (33, 4), (38, 3), (38, 4), (21, 24), (29, 4), (9, 1), (9, 25), (13, 36), (13, 37), (14, 11), (16, 30), (30, 39), (20, 19), (35, 4), (35, 28)]]","[[89.30434937652862, 470.2919105171187, 73.33068549324457, 12.19348933015116, 423.08417247683315, 46.696291126831376, 31.804699810820868, 112.12494654274391, 1.262141657252081, 234.50818745822266, 23.511599160054327, 150.3955667799941, 175.22343498625972, 188.08647861393666, 422.481902442638, 288.6848516654876, 158.12823689232548, 55.207692818534056, 41.84111231633864, 193.1778615729046, 152.71307350553397, 409.1443384357764, 116.88685694244916, 150.82126609126223, 185.25741241187023, 6.351672465125536, 43.76839483447833, 22.05751805225072, 275.6630208275867, 234.82491646645207, 635.8180295469199, 48.18309782040612, 97.52297155397679, 81.11867918765631, 15.177444787523946, 512.9153991923472, 11.158364518429428]]"
38,"[[(0, 22), (0, 27), (17, 12), (17, 18), (18, 38), (23, 29), (24, 19), (36, 19), (36, 35), (37, 16), (37, 25), (5, 31), (19, 12), (19, 37), (34, 12), (34, 15), (34, 21), (11, 6), (11, 22), (31, 10), (25, 31), (32, 2), (33, 4), (38, 3), (38, 4), (21, 24), (29, 4), (9, 1), (9, 25), (13, 36), (13, 37), (14, 11), (16, 30), (30, 39), (20, 19), (35, 4), (35, 28)]]","[[445.35433106968975, 200.5248696326775, 24.26868384253228, 11.685707989507844, 572.9833119057434, 35.99415385851291, 23.940823751826624, 126.30201420076219, 2.1803104935237108, 47.700976676998955, 83.25902382448548, 157.78164346701763, 52.95134525907249, 188.15477446993026, 385.1695358716946, 154.91808437202428, 157.04510149811827, 41.72917407653988, 66.95378271789926, 122.4584687139229, 148.92999765182634, 307.3373981468278, 89.376100900809, 240.61778494936615, 228.1726570377674, 7.9569669257667215, 56.09445548419474, 20.507454176568476, 248.4093601257125, 272.5751905874714, 466.81935447791636, 40.225712666144446, 98.34878067004755, 177.0813491292028, 11.587918273772866, 848.6690065277994, 8.700065694815228]]"
39,"[[(0, 22), (0, 27), (17, 12), (17, 18), (18, 38), (23, 29), (24, 19), (36, 19), (36, 35), (37, 16), (37, 25), (5, 31), (19, 12), (19, 37), (34, 12), (34, 15), (34, 21), (11, 6), (11, 22), (31, 10), (25, 31), (32, 2), (33, 4), (38, 3), (38, 4), (21, 24), (29, 4), (9, 1), (9, 25), (13, 36), (13, 37), (14, 11), (16, 30), (30, 39), (20, 19), (35, 4), (35, 28)]]","[[234.84325030804033, 227.4508269797221, 97.32089182971782, 7.731371572572624, 473.33758569209414, 46.61875187135817, 50.36575481997327, 118.49607091571723, 1.4293064818873504, 328.0527342735301, 27.691216441016405, 169.82899241567915, 175.87221905173678, 167.90804464500826, 482.2061297270532, 230.54028332673917, 150.69987206150464, 74.60735852640823, 35.17515392364067, 144.50157197728566, 79.69777265274567, 356.57244857834826, 143.056234510345, 174.81170437501623, 118.45174271621808, 4.901051095652437, 47.29118456601558, 18.34067810022073, 236.3147033510276, 201.50261948093151, 560.5151494773006, 23.210424535884652, 97.57482433183313, 77.90647113913224, 10.761650921122868, 609.35996006747, 9.458028480316424]]"
40,"[[(0, 22), (0, 27), (17, 12), (17, 18), (18, 38), (23, 29), (24, 19), (36, 19), (36, 35), (37, 16), (37, 25), (5, 31), (19, 12), (19, 37), (34, 12), (34, 15), (34, 21), (11, 6), (11, 22), (31, 10), (25, 31), (32, 2), (33, 4), (38, 3), (38, 4), (21, 24), (29, 4), (9, 1), (9, 25), (13, 36), (13, 37), (14, 11), (16, 30), (30, 39), (20, 19), (35, 4), (35, 28)]]","[[254.08817913188167, 465.3232962105174, 64.64274009849568, 6.693803441749061, 70.33556013653984, 39.89881539913077, 45.17885703813465, 123.75339783768138, 0.2441541677352821, 77.88632215432888, 96.06181433886992, 344.68149377795373, 82.721571280587, 185.80094072746107, 412.83615284827215, 205.5992286954566, 152.90323981640674, 86.6875336232415, 137.47098044016656, 172.1406839493103, 131.79938749907222, 370.3605201881834, 119.30316299379922, 192.2836328540882, 228.68650888772328, 7.23207573516639, 48.11139553644555, 21.958306359883775, 267.52671660069234, 223.97664387886496, 376.16636256034917, 31.29959401371373, 99.52320918834062, 140.05526276573465, 16.380333314197806, 490.8776612923613, 9.114214955333157]]"
41,"[[(0, 22), (0, 27), (17, 12), (17, 18), (18, 38), (23, 29), (24, 19), (36, 19), (36, 35), (37, 16), (37, 25), (5, 31), (19, 12), (19, 37), (34, 12), (34, 15), (34, 21), (11, 6), (11, 22), (31, 10), (25, 31), (32, 2), (33, 4), (38, 3), (38, 4), (21, 24), (29, 4), (9, 1), (9, 25), (13, 36), (13, 37), (14, 11), (16, 30), (30, 39), (20, 19), (35, 4), (35, 28)]]","[[142.34820636996892, 445.64785256968855, 27.820981062626704, 7.203295966245265, 485.6123845860615, 39.857089072646005, 47.230194464348095, 178.7812560285705, 1.1559967357025425, 266.6812069787584, 54.02683797752564, 494.4456720227747, 86.21279153177993, 150.17688701921475, 465.3699799390797, 367.3678397588456, 149.09600712633076, 26.518994559968142, 94.23060864934887, 147.25247776729225, 53.98718531282241, 250.35543203312335, 180.87329396602814, 86.85997334442517, 169.32752973182843, 7.814180526448604, 38.229625702006416, 23.17374635638172, 258.7306968087895, 291.47152680847825, 566.1329198855178, 50.648439122019056, 99.94863806653706, 127.98393077214055, 22.564021232896273, 831.7519446955339, 8.158604232056366]]"
42,"[[(0, 22), (0, 27), (17, 12), (17, 18), (18, 38), (23, 29), (24, 19), (36, 19), (36, 35), (37, 16), (37, 25), (5, 31), (19, 12), (19, 37), (34, 12), (34, 15), (34, 21), (11, 6), (11, 22), (31, 10), (25, 31), (32, 2), (33, 4), (38, 3), (38, 4), (21, 24), (29, 4), (9, 1), (9, 25), (13, 36), (13, 37), (14, 11), (16, 30), (30, 39), (20, 19), (35, 4), (35, 28)]]","[[82.76606213814765, 493.3617530110825, 46.653475703225354, 14.407620873743495, 13.150525857419964, 35.256198120584585, 21.026729364400104, 54.11566995226902, 0.06421019279724005, 275.22051649400856, 23.130867412654638, 568.7461303803393, 39.42827829789396, 128.4024855177836, 495.6928527621831, 168.14988251228908, 154.62306833930043, 133.67039506868795, 125.36951972108534, 122.89931148847838, 176.37939379741047, 232.70371521395217, 160.44113611678705, 104.60144812139767, 238.66010946912607, 5.709829485326043, 50.68508001305767, 25.77718588208526, 252.21239052514017, 271.7648050709997, 354.42418541425764, 30.156634066514748, 99.99996901690427, 150.20281872872897, 22.290617677194057, 607.7041513870345, 9.289697530768088]]"
43,"[[(0, 22), (0, 27), (17, 12), (17, 18), (18, 38), (23, 29), (24, 19), (36, 19), (36, 35), (37, 16), (37, 25), (5, 31), (19, 12), (19, 37), (34, 12), (34, 15), (34, 21), (11, 6), (11, 22), (31, 10), (25, 31), (32, 2), (33, 4), (38, 3), (38, 4), (21, 24), (29, 4), (9, 1), (9, 25), (13, 36), (13, 37), (14, 11), (16, 30), (30, 39), (20, 19), (35, 4), (35, 28)]]","[[196.75204141943993, 236.64381674826595, 45.67916214039425, 9.722835985547597, 184.69921448202678, 40.55199654206455, 35.22599179238814, 120.20885324744555, 0.929595274325739, 180.19820259506582, 57.31203336781163, 164.76092544415883, 60.5457329764996, 152.2280024164479, 403.55541577080936, 149.15979443899107, 157.53389040074117, 97.72227112335237, 114.24760948116342, 200.23259430138404, 72.10414163307868, 342.37390628633295, 176.63394316871285, 62.300352826880065, 184.06953978018433, 4.339764793758626, 41.5991028930497, 20.792828885395693, 270.1288537094415, 298.4431048303381, 642.6784032624544, 50.87449268725775, 96.69308965566593, 163.64339800074447, 4.255454201760182, 578.6799746080463, 9.560728457069201]]"
44,"[[(0, 22), (0, 27), (17, 12), (17, 18), (18, 38), (23, 29), (24, 19), (36, 19), (36, 35), (37, 16), (37, 25), (5, 31), (19, 12), (19, 37), (34, 12), (34, 15), (34, 21), (11, 6), (11, 22), (31, 10), (25, 31), (32, 2), (33, 4), (38, 3), (38, 4), (21, 24), (29, 4), (9, 1), (9, 25), (13, 36), (13, 37), (14, 11), (16, 30), (30, 39), (20, 19), (35, 4), (35, 28)]]","[[238.87050714234084, 161.3178164749195, 84.01329677865807, 6.343738755090278, 749.488711391271, 46.75781308278729, 37.12933316670692, 205.17198754752798, 0.1474043067632409, 215.53751685325295, 97.18944995767342, 226.22075021603376, 221.85260039023905, 176.6058251562651, 436.70493795179004, 106.0185973206822, 146.11369207929758, 71.18515648651673, 73.02147182290403, 125.66459413688514, 124.40791635184108, 275.84550496501555, 158.10822762066005, 273.7880037083339, 127.29014530348661, 5.879704567507912, 59.41796167953339, 28.303794451760528, 255.16094466390234, 244.77492214887164, 633.2215120153382, 32.35561889353846, 99.95006223170539, 172.86399583696402, 10.741626692541573, 425.29706317406163, 8.254768395239775]]"
45,"[[(0, 22), (0, 27), (17, 12), (17, 18), (18, 38), (23, 29), (24, 19), (36, 19), (36, 35), (37, 16), (37, 25), (5, 31), (19, 12), (19, 37), (34, 12), (34, 15), (34, 21), (11, 6), (11, 22), (31, 10), (25, 31), (32, 2), (33, 4), (38, 3), (38, 4), (21, 24), (29, 4), (9, 1), (9, 25), (13, 36), (13, 37), (14, 11), (16, 30), (30, 39), (20, 19), (35, 4), (35, 28)]]","[[340.8312421393456, 421.96956764413096, 62.42467078174228, 7.594595361331455, 231.85634244675148, 47.94794870671367, 45.309669239755806, 37.285002366233606, 1.047759934095791, 166.5102376302258, 37.35566299860741, 572.4505687338851, 119.07635786899606, 149.28875045190517, 314.63073217950614, 343.74153779677124, 159.2595109249078, 68.98964480247352, 115.69203917719426, 199.15144173265554, 47.33362906578686, 388.02380506729367, 156.0207044339365, 170.1825031665898, 218.83511263442995, 7.359579398615365, 35.225793749670395, 20.444170089775792, 278.6325673577128, 278.5556533495063, 670.0284707572421, 44.76042131452845, 99.65780700777019, 166.3212660277875, 4.346322904429007, 569.5191762469043, 10.291185916145011]]"
46,"[[(0, 22), (0, 27), (17, 12), (17, 18), (18, 38), (23, 29), (24, 19), (36, 19), (36, 35), (37, 16), (37, 25), (5, 31), (19, 12), (19, 37), (34, 12), (34, 15), (34, 21), (11, 6), (11, 22), (31, 10), (25, 31), (32, 2), (33, 4), (38, 3), (38, 4), (21, 24), (29, 4), (9, 1), (9, 25), (13, 36), (13, 37), (14, 11), (16, 30), (30, 39), (20, 19), (35, 4), (35, 28)]]","[[364.36723201159526, 205.6354111764665, 14.349329379408983, 9.5362406272584, 438.1770663530443, 45.41460081109622, 25.593847358004712, 176.91832101807387, 1.3316359223441196, 105.38850350537226, 100.09396842506825, 52.59767474882136, 85.68176469640903, 134.53092292986122, 441.10044975345875, 282.28636552569753, 157.4517953676947, 106.81572226858748, 44.97375784000409, 183.86117227437865, 129.74231495664037, 227.84042662919464, 187.18143039651676, 30.474144812005218, 132.03242830118336, 6.562462504533456, 46.49643714178598, 30.394027011261024, 276.94578444830046, 215.35397243328063, 414.7179647845295, 26.14720690666653, 97.29439708732218, 159.22291075129408, 25.053067025366715, 791.8116754481529, 10.502298334447726]]"
47,"[[(0, 22), (0, 27), (17, 12), (17, 18), (18, 38), (23, 29), (24, 19), (36, 19), (36, 35), (37, 16), (37, 25), (5, 31), (19, 12), (19, 37), (34, 12), (34, 15), (34, 21), (11, 6), (11, 22), (31, 10), (25, 31), (32, 2), (33, 4), (38, 3), (38, 4), (21, 24), (29, 4), (9, 1), (9, 25), (13, 36), (13, 37), (14, 11), (16, 30), (30, 39), (20, 19), (35, 4), (35, 28)]]","[[213.94829770322247, 192.07727499991125, 26.21406553728086, 14.314788520507546, 288.2962167664328, 47.93135527094279, 28.263253542148327, 52.21506965013606, 3.11716201481399, 108.76531158561265, 25.499965335353583, 550.3939744003347, 196.50164920675118, 123.89101226418143, 387.5670970669075, 117.1199235748524, 148.7726290689319, 68.46442659096431, 71.06169969788496, 143.9586830024437, 101.6626710391015, 224.22264011197004, 127.09697574117516, 69.44426491671558, 188.7635527423637, 4.523321818299918, 55.62841844518102, 27.955631574440833, 276.8977242905577, 237.2343353976226, 449.7102731257349, 48.12729868225159, 99.88571544460488, 68.0524172391872, 24.470324554311865, 568.173577027946, 8.052935791529832]]"
48,"[[(0, 22), (0, 27), (17, 12), (17, 18), (18, 38), (23, 29), (24, 19), (36, 19), (36, 35), (37, 16), (37, 25), (5, 31), (19, 12), (19, 37), (34, 12), (34, 15), (34, 21), (11, 6), (11, 22), (31, 10), (25, 31), (32, 2), (33, 4), (38, 3), (38, 4), (21, 24), (29, 4), (9, 1), (9, 25), (13, 36), (13, 37), (14, 11), (16, 30), (30, 39), (20, 19), (35, 4), (35, 28)]]","[[419.7551238897303, 72.02796587924504, 5.027377334118022, 6.0624190339947255, 293.56039249899834, 34.525632670052346, 45.73479648074235, 187.59376034278267, 3.199015135629198, 213.54096686580363, 84.79446204225461, 502.40956257582167, 190.67962688230142, 144.75463057050644, 470.18384979663017, 299.9446301443901, 156.3417125632474, 141.81880699873818, 58.48445522235026, 121.03558639811956, 139.61391601992733, 316.5560265866601, 73.9436739859346, 209.75349721043634, 208.63528181430422, 6.317909597044203, 44.51517462223842, 19.94365571343618, 227.79444401892744, 222.58667941092358, 182.67246336665346, 50.56088774267664, 98.09512833986327, 67.80527778419803, 9.240287958336944, 832.0609278564357, 9.37881284863791]]"
49,"[[(0, 22), (0, 27), (17, 12), (17, 18), (18, 38), (23, 29), (24, 19), (36, 19), (36, 35), (37, 16), (37, 25), (5, 31), (19, 12), (19, 37), (34, 12), (34, 15), (34, 21), (11, 6), (11, 22), (31, 10), (25, 31), (32, 2), (33, 4), (38, 3), (38, 4), (21, 24), (29, 4), (9, 1), (9, 25), (13, 36), (13, 37), (14, 11), (16, 30), (30, 39), (20, 19), (35, 4), (35, 28)]]","[[307.91136037308644, 157.79186826390287, 75.26877754420667, 12.788194215000551, 396.0618424975474, 38.27876274554181, 44.02251739045263, 186.4468365005054, 1.4949932282326706, 307.6795052698806, 47.73851987365835, 170.34152174617344, 216.70196083050675, 146.41684765103804, 395.1069688663817, 189.1499369123146, 157.45234897878467, 134.43605813634863, 69.34042334873453, 201.9395757711751, 108.40179285217629, 356.3270526227968, 98.28698700959534, 82.8211280921211, 152.08425459068596, 5.001126788820316, 35.479150046565294, 19.05755047210436, 244.2558840923473, 274.4143466329828, 440.05266891720004, 34.848062943016515, 96.35739427996998, 70.23555620303075, 25.406189192081722, 528.0073546931803, 9.962948060213206]]"
50,"[[(0, 22), (0, 27), (17, 12), (17, 18), (18, 38), (23, 29), (24, 19), (36, 19), (36, 35), (37, 16), (37, 25), (5, 31), (19, 12), (19, 37), (34, 12), (34, 15), (34, 21), (11, 6), (11, 22), (31, 10), (25, 31), (32, 2), (33, 4), (38, 3), (38, 4), (21, 24), (29, 4), (9, 1), (9, 25), (13, 36), (13, 37), (14, 11), (16, 30), (30, 39), (20, 19), (35, 4), (35, 28)]]","[[359.8005691771786, 288.5597265439993, 92.07472863410703, 14.116369581848975, 711.8315777137886, 44.97090834662002, 50.014478643907694, 192.5426300155151, 1.7558849141535338, 200.25431360666002, 39.20259019753135, 597.3856733499276, 125.4863213912056, 150.60541963656692, 321.89119651550527, 347.98194385743784, 151.56194476480425, 153.80151206805468, 70.85866641100039, 141.07484571102987, 79.1653112000656, 319.5754181161245, 68.77405628017007, 251.25381646887348, 158.71039455943625, 7.010979890251174, 48.044118241037914, 28.458321745566174, 274.1103604875897, 226.69249546283245, 448.6893057721909, 22.731797320959636, 98.10666789630437, 77.31845668167489, 29.947442439086498, 631.0262392831927, 8.633410324094694]]"
51,"[[(0, 22), (0, 27), (17, 12), (17, 18), (18, 38), (23, 29), (24, 19), (36, 19), (36, 35), (37, 16), (37, 25), (5, 31), (19, 12), (19, 37), (34, 12), (34, 15), (34, 21), (11, 6), (11, 22), (31, 10), (25, 31), (32, 2), (33, 4), (38, 3), (38, 4), (21, 24), (29, 4), (9, 1), (9, 25), (13, 36), (13, 37), (14, 11), (16, 30), (30, 39), (20, 19), (35, 4), (35, 28)]]","[[324.55957624077394, 480.4846833764096, 41.4108715953762, 8.497347230588765, 620.074473569549, 46.00874890521368, 46.27508167680264, 39.80511399705694, 3.0413388882953147, 154.71292855847986, 106.53007966585598, 357.81870098409684, 139.72732936391952, 115.22063996568284, 401.92314917594234, 260.7284852491962, 149.10450398233874, 134.90172295437446, 144.9136362576212, 116.72859465627464, 97.5484276754693, 243.5124872401627, 155.11608854134715, 191.01946078093343, 234.16934959523886, 7.430896149725621, 42.49552117926777, 25.69789790062712, 221.33612167064769, 214.9759710065576, 525.1101683402628, 49.6624037382615, 96.13450248715172, 158.89702769130895, 8.358165758602018, 426.2629463865218, 10.489637032203682]]"
52,"[[(0, 22), (0, 27), (17, 12), (17, 18), (18, 38), (23, 29), (24, 19), (36, 19), (36, 35), (37, 16), (37, 25), (5, 31), (19, 12), (19, 37), (34, 12), (34, 15), (34, 21), (11, 6), (11, 22), (31, 10), (25, 31), (32, 2), (33, 4), (38, 3), (38, 4), (21, 24), (29, 4), (9, 1), (9, 25), (13, 36), (13, 37), (14, 11), (16, 30), (30, 39), (20, 19), (35, 4), (35, 28)]]","[[58.07841581227554, 440.12857756306977, 1.642961530596129, 10.871985197754015, 633.5626577853932, 34.01952529740645, 28.18661473071255, 103.00710229521613, 2.37824491716959, 222.0615357391587, 59.103066958901536, 128.62197601674595, 98.21994015392184, 126.48030312939845, 313.80287104674176, 280.8467062161752, 159.6187868518428, 68.21160957575846, 151.7867928756034, 155.49888521984383, 68.69909905724258, 319.53124597423215, 181.92199063309587, 111.52267305318485, 128.3101236073867, 4.815876077157746, 46.93816299664813, 26.926265880140882, 237.37437460876197, 244.61160886991678, 526.9752910410491, 40.13933357299975, 96.76295092709485, 139.94153439923758, 21.52914914652672, 726.0283176028493, 8.908782501301177]]"
53,"[[(0, 22), (0, 27), (17, 12), (17, 18), (18, 38), (23, 29), (24, 19), (36, 19), (36, 35), (37, 16), (37, 25), (5, 31), (19, 12), (19, 37), (34, 12), (34, 15), (34, 21), (11, 6), (11, 22), (31, 10), (25, 31), (32, 2), (33, 4), (38, 3), (38, 4), (21, 24), (29, 4), (9, 1), (9, 25), (13, 36), (13, 37), (14, 11), (16, 30), (30, 39), (20, 19), (35, 4), (35, 28)]]","[[179.83996085547642, 162.3061666382132, 81.46151842488864, 11.67608333354794, 781.97278095114, 38.63116380248749, 50.51289121096212, 152.5402539500351, 1.1522498782485777, 222.14152122531755, 100.82456125873713, 291.5063185937911, 125.22943240972825, 126.69453832088084, 390.7203574127096, 218.21496454708807, 157.91234263295306, 109.06587321502785, 32.698590264814015, 140.03421580765644, 68.15305733701575, 361.37013887957227, 111.34581064068757, 127.65701453775098, 226.96113596825518, 5.397802840025338, 50.418343304682026, 18.04690176654701, 226.3162090099262, 252.11062224283836, 224.1841663851074, 46.36042920582112, 96.1321895243347, 54.82976272019371, 5.36871271321095, 484.5565088624165, 9.944565069293642]]"
54,"[[(0, 22), (0, 27), (17, 12), (17, 18), (18, 38), (23, 29), (24, 19), (36, 19), (36, 35), (37, 16), (37, 25), (5, 31), (19, 12), (19, 37), (34, 12), (34, 15), (34, 21), (11, 6), (11, 22), (31, 10), (25, 31), (32, 2), (33, 4), (38, 3), (38, 4), (21, 24), (29, 4), (9, 1), (9, 25), (13, 36), (13, 37), (14, 11), (16, 30), (30, 39), (20, 19), (35, 4), (35, 28)]]","[[438.81017943731433, 327.40512582808395, 94.46048452140275, 6.151468072618028, 588.3367777367001, 43.68528796282945, 42.53458550596255, 187.08601027618008, 0.8954963397785818, 147.24713389834102, 76.0864464607634, 261.3969124417582, 228.3853617427871, 184.29457936018974, 321.6918975767151, 293.89817983695696, 159.5623857679538, 52.892990677899434, 87.46032566107252, 190.03019443718256, 108.09814999998284, 304.8748205105165, 187.88826942928577, 30.97671166987145, 120.11152992631622, 6.692121049666126, 53.05249673931155, 23.81975533045068, 234.1275716559528, 264.35792780782526, 278.6931799322139, 46.26151846310125, 98.27750214991515, 141.19792423471108, 17.806335340137625, 651.2716111442644, 10.920068767451474]]"
55,"[[(0, 22), (0, 27), (17, 12), (17, 18), (18, 38), (23, 29), (24, 19), (36, 19), (36, 35), (37, 16), (37, 25), (5, 31), (19, 12), (19, 37), (34, 12), (34, 15), (34, 21), (11, 6), (11, 22), (31, 10), (25, 31), (32, 2), (33, 4), (38, 3), (38, 4), (21, 24), (29, 4), (9, 1), (9, 25), (13, 36), (13, 37), (14, 11), (16, 30), (30, 39), (20, 19), (35, 4), (35, 28)]]","[[288.20316419208785, 440.3629075422709, 32.817908271681574, 6.037931142912047, 53.051073092721595, 41.01203282738899, 39.1786947139348, 120.20965064535956, 0.7561332338736504, 323.75363359741436, 77.81302766016708, 254.73767747038718, 62.1383126173923, 129.87953464271624, 344.84484477229597, 313.2446119690393, 148.00032601772, 132.24330236786733, 120.96713022749097, 135.21290829071648, 40.773956807623165, 294.84328759485993, 176.17412800179963, 279.4770437805268, 172.28151592737822, 5.708540102743763, 45.06318995232053, 29.867797931477213, 235.97222487194892, 218.08065862644267, 438.9353984050387, 26.856409052394948, 98.15169377127336, 114.58411129647472, 3.1559973690861804, 567.098295303795, 8.30184047343636]]"
56,"[[(0, 22), (0, 27), (17, 12), (17, 18), (18, 38), (23, 29), (24, 19), (36, 19), (36, 35), (37, 16), (37, 25), (5, 31), (19, 12), (19, 37), (34, 12), (34, 15), (34, 21), (11, 6), (11, 22), (31, 10), (25, 31), (32, 2), (33, 4), (38, 3), (38, 4), (21, 24), (29, 4), (9, 1), (9, 25), (13, 36), (13, 37), (14, 11), (16, 30), (30, 39), (20, 19), (35, 4), (35, 28)]]","[[161.54986898679115, 95.8334165643888, 28.36730775656165, 10.091335783900272, 741.582387216955, 44.94900292768998, 42.28536053601263, 56.12683083278551, 2.111716155756012, 266.3101351960735, 111.00176954311726, 225.2218192220991, 159.96937184792142, 144.23479830522342, 388.1274448454866, 271.97237394014485, 154.1260810747243, 87.37297224812187, 147.93867714820232, 173.22635534783592, 143.14130468932117, 399.98636474409636, 127.72642201731607, 236.47702608036107, 159.32923815471443, 7.083027500531803, 59.729773337059996, 18.255681910472752, 255.10328116941017, 220.641747668932, 205.84897459032882, 31.093782877736768, 98.93822331304781, 163.64937829346417, 15.265339023799188, 757.261571355752, 10.103599196380188]]"
57,"[[(0, 22), (0, 27), (17, 12), (17, 18), (18, 38), (23, 29), (24, 19), (36, 19), (36, 35), (37, 16), (37, 25), (5, 31), (19, 12), (19, 37), (34, 12), (34, 15), (34, 21), (11, 6), (11, 22), (31, 10), (25, 31), (32, 2), (33, 4), (38, 3), (38, 4), (21, 24), (29, 4), (9, 1), (9, 25), (13, 36), (13, 37), (14, 11), (16, 30), (30, 39), (20, 19), (35, 4), (35, 28)]]","[[178.6873795891421, 228.45296831643708, 1.3079738729267338, 10.063586382933945, 488.0539867967666, 38.31699051385134, 31.592175647524453, 66.51523891306829, 1.9934618265693276, 180.67861958029926, 98.40495504318646, 153.00991398677425, 171.44303099477693, 120.11992743561856, 496.4119989217181, 342.11683574207416, 152.11515500199772, 66.56956900614554, 96.17065286147547, 149.33599196687305, 143.15806994419427, 355.03189905618603, 97.7657268427792, 176.39650461769915, 163.01773689701815, 6.119732990031993, 41.99346124629552, 17.450882200331442, 271.5492261458735, 251.3367129033278, 323.8584988080435, 20.75599069990336, 99.29343376727294, 159.1646745007069, 29.357636545268015, 546.227751107303, 10.202484177259723]]"
58,"[[(0, 22), (0, 27), (17, 12), (17, 18), (18, 38), (23, 29), (24, 19), (36, 19), (36, 35), (37, 16), (37, 25), (5, 31), (19, 12), (19, 37), (34, 12), (34, 15), (34, 21), (11, 6), (11, 22), (31, 10), (25, 31), (32, 2), (33, 4), (38, 3), (38, 4), (21, 24), (29, 4), (9, 1), (9, 25), (13, 36), (13, 37), (14, 11), (16, 30), (30, 39), (20, 19), (35, 4), (35, 28)]]","[[383.2843930951489, 299.53105759080137, 76.17518415993709, 8.250601993655513, 441.659064635752, 39.09007559566713, 23.141394020680124, 32.22578619198684, 1.9253480390748061, 261.0952089620404, 52.10676699632492, 416.84124561953183, 92.88872670133355, 120.9850416763811, 441.7657706940305, 256.41155912549675, 158.23874576846822, 134.8033177622343, 112.64383107737218, 176.53254426998723, 107.2521230087046, 257.62376047451596, 127.41347551435439, 192.5662812447185, 228.65542503477377, 6.838703215149954, 52.07074145728005, 22.745045942411068, 261.17571468060186, 224.71594819415517, 267.1274166063714, 34.32011318007322, 98.86506900962955, 79.92446149295907, 10.069135969347975, 731.6866670752697, 9.045019368502668]]"
59,"[[(0, 22), (0, 27), (17, 12), (17, 18), (18, 38), (23, 29), (24, 19), (36, 19), (36, 35), (37, 16), (37, 25), (5, 31), (19, 12), (19, 37), (34, 12), (34, 15), (34, 21), (11, 6), (11, 22), (31, 10), (25, 31), (32, 2), (33, 4), (38, 3), (38, 4), (21, 24), (29, 4), (9, 1), (9, 25), (13, 36), (13, 37), (14, 11), (16, 30), (30, 39), (20, 19), (35, 4), (35, 28)]]","[[402.85849705535486, 165.55983009989194, 80.75791430218716, 9.391982572945734, 451.9262632372184, 44.20962717240402, 51.088915526508075, 144.95632110919945, 0.9559290400652887, 251.48590618862616, 117.94158579554076, 291.4977326008206, 134.32329662658108, 126.01082088496075, 356.9551695211699, 311.00406951199204, 154.23673378052763, 145.31339092978178, 51.831007227320306, 132.09646574751125, 153.99925346867315, 230.17069912754607, 70.58597868722948, 260.63660513080566, 193.22421424179896, 6.555997652080388, 52.08546623607747, 27.7919335173783, 245.41974186937028, 224.07183933761036, 314.5673257478598, 50.29368095334569, 97.1420508689937, 137.38405611807778, 15.532596042494733, 810.6944106520166, 10.677637146000945]]"
60,"[[(0, 22), (0, 27), (17, 12), (17, 18), (18, 38), (23, 29), (24, 19), (36, 19), (36, 35), (37, 16), (37, 25), (5, 31), (19, 12), (19, 37), (34, 12), (34, 15), (34, 21), (11, 6), (11, 22), (31, 10), (25, 31), (32, 2), (33, 4), (38, 3), (38, 4), (21, 24), (29, 4), (9, 1), (9, 25), (13, 36), (13, 37), (14, 11), (16, 30), (30, 39), (20, 19), (35, 4), (35, 28)]]","[[339.215174022073, 243.86592539897805, 91.21828687785056, 9.745523359499995, 254.9284042255343, 43.46073619523974, 32.15452364896356, 154.3851668858811, 3.8597682241953404, 180.38893911268352, 44.68933399624406, 28.527014286956664, 137.95523550299683, 140.46409764349994, 439.021269905144, 305.8905673418473, 147.437531870239, 27.611237600485055, 91.87889952126942, 154.99453001454862, 110.29821838701176, 350.0027533360461, 76.83727069548506, 151.2705657539323, 168.17326682965765, 7.299188805419153, 50.672623089951266, 19.318399884773637, 246.72253693786973, 224.0280024138215, 712.7621237247492, 47.84298531769426, 99.79448352404579, 162.03665279193638, 24.496199833420494, 526.9546694748603, 9.402339533593747]]"
61,"[[(0, 22), (0, 27), (17, 12), (17, 18), (18, 38), (23, 29), (24, 19), (36, 19), (36, 35), (37, 16), (37, 25), (5, 31), (19, 12), (19, 37), (34, 12), (34, 15), (34, 21), (11, 6), (11, 22), (31, 10), (25, 31), (32, 2), (33, 4), (38, 3), (38, 4), (21, 24), (29, 4), (9, 1), (9, 25), (13, 36), (13, 37), (14, 11), (16, 30), (30, 39), (20, 19), (35, 4), (35, 28)]]","[[243.99012474011676, 79.95299747442755, 48.22634333601632, 8.584100676037728, 442.44451028099644, 43.73215647299713, 43.36322379532143, 82.82410952441418, 1.67035721192961, 86.66378005456346, 98.29497803943862, 279.17558167314695, 54.75432073876564, 123.28690569452324, 388.2923618915353, 250.1040842504753, 151.43998596413533, 89.80237331357047, 44.03878283378374, 110.5354477001224, 133.04775525491118, 269.66110993341147, 138.8859106248358, 221.77705202275953, 217.9636184440621, 6.815453650160688, 39.96356257519007, 27.154817383220134, 257.97797534512733, 213.36462666716642, 240.27159582724755, 28.84962601979657, 97.61674703848287, 79.48285800876326, 29.888424068966724, 642.8073551959853, 11.63266345485063]]"
62,"[[(0, 22), (0, 27), (17, 12), (17, 18), (18, 38), (23, 29), (24, 19), (36, 19), (36, 35), (37, 16), (37, 25), (5, 31), (19, 12), (19, 37), (34, 12), (34, 15), (34, 21), (11, 6), (11, 22), (31, 10), (25, 31), (32, 2), (33, 4), (38, 3), (38, 4), (21, 24), (29, 4), (9, 1), (9, 25), (13, 36), (13, 37), (14, 11), (16, 30), (30, 39), (20, 19), (35, 4), (35, 28)]]","[[275.46823628137645, 444.016294432619, 64.22006408027973, 12.614617079741194, 172.42824265318146, 34.59948637225022, 35.7239908272509, 98.14559385235718, 3.245167447228016, 152.13511078930603, 52.854212602337554, 231.76792554548135, 92.5843979317193, 116.66077593063288, 428.55435590909303, 173.35769159493998, 155.9044631919802, 152.73930408195852, 70.01357944516855, 203.6450665237809, 37.998668833738556, 373.72247446230244, 117.02648003138857, 32.73979019500143, 151.01735325608354, 5.4515006358413025, 50.02291274967866, 30.412485139443575, 252.743082290644, 284.6895473672867, 193.73970752692685, 25.637119593498642, 98.52796567891826, 177.24923071072317, 15.630666537665329, 788.238124327675, 11.186509948874836]]"
63,"[[(0, 22), (0, 27), (17, 12), (17, 18), (18, 38), (23, 29), (24, 19), (36, 19), (36, 35), (37, 16), (37, 25), (5, 31), (19, 12), (19, 37), (34, 12), (34, 15), (34, 21), (11, 6), (11, 22), (31, 10), (25, 31), (32, 2), (33, 4), (38, 3), (38, 4), (21, 24), (29, 4), (9, 1), (9, 25), (13, 36), (13, 37), (14, 11), (16, 30), (30, 39), (20, 19), (35, 4), (35, 28)]]","[[338.69606023844005, 201.77110212646096, 37.75633583055125, 14.273939373674866, 294.9499997463079, 36.68464920452127, 47.841701667019265, 212.10185027828777, 0.41603147149076136, 236.46938646628874, 53.56382984663152, 458.53368285514017, 170.01343083387556, 109.94518956879399, 421.81522613770466, 124.21718984804758, 149.6514577369783, 49.5978496491592, 49.68301856180007, 200.41066730648413, 43.322850307302346, 261.8595285145501, 133.68670919331151, 7.7793355501555554, 114.1868816639789, 6.640086139050098, 47.4378661801664, 23.86069598080595, 240.3861266258025, 214.73774463317082, 276.1299763737711, 19.5975645877056, 99.05194211074958, 66.29513911023511, 20.75052560378232, 542.74254240859, 8.919912081309896]]"
64,"[[(0, 22), (0, 27), (17, 12), (17, 18), (18, 38), (23, 29), (24, 19), (36, 19), (36, 35), (37, 16), (37, 25), (5, 31), (19, 12), (19, 37), (34, 12), (34, 15), (34, 21), (11, 6), (11, 22), (31, 10), (25, 31), (32, 2), (33, 4), (38, 3), (38, 4), (21, 24), (29, 4), (9, 1), (9, 25), (13, 36), (13, 37), (14, 11), (16, 30), (30, 39), (20, 19), (35, 4), (35, 28)]]","[[386.85578892065524, 64.05849193709524, 14.183112352581492, 10.58988007633102, 575.7896325795474, 46.04052137281636, 36.563076399543135, 192.86737277148166, 2.3819839135969194, 289.69769027327686, 80.36061270417488, 500.67799655147275, 39.56214017829106, 180.86107208799154, 456.75034563204855, 316.4151704068891, 155.4573910880869, 35.49460065275409, 81.45644857977325, 198.9795888144291, 33.49306144455698, 256.9011262569859, 161.5856367539642, 42.89505541071349, 131.2619286782956, 5.307413805149238, 58.96665263264601, 20.74656297713548, 256.9073314844199, 205.73790139329788, 585.9575401822603, 49.077120112365236, 99.72281633434739, 108.40652424935513, 24.726065126789823, 721.6004725698174, 11.828519582602267]]"
65,"[[(0, 22), (0, 27), (17, 12), (17, 18), (18, 38), (23, 29), (24, 19), (36, 19), (36, 35), (37, 16), (37, 25), (5, 31), (19, 12), (19, 37), (34, 12), (34, 15), (34, 21), (11, 6), (11, 22), (31, 10), (25, 31), (32, 2), (33, 4), (38, 3), (38, 4), (21, 24), (29, 4), (9, 1), (9, 25), (13, 36), (13, 37), (14, 11), (16, 30), (30, 39), (20, 19), (35, 4), (35, 28)]]","[[134.7704698480912, 93.27933887998275, 21.875013325105545, 8.168677969397521, 320.8161344420395, 34.37795844472741, 39.79514976682023, 123.8054769303976, 1.8082696924956974, 238.88091210597193, 117.60836042404426, 33.77953674007807, 236.91016244221282, 122.12155244094114, 382.3018870664921, 109.44446258071295, 151.55819984326644, 51.89538134388706, 44.42088092501941, 110.4749233737661, 126.68635036063438, 343.61101518894793, 138.13953435711082, 167.9470049702616, 149.43932809440028, 6.594902027805323, 42.12434278156513, 25.570535404357994, 246.6610816744181, 244.9437440741431, 385.0444580038364, 29.0958975070774, 98.12438673406514, 114.24755532270655, 18.13988644309603, 384.2166513717792, 8.959240744133425]]"
66,"[[(0, 22), (0, 27), (17, 12), (17, 18), (18, 38), (23, 29), (24, 19), (36, 19), (36, 35), (37, 16), (37, 25), (5, 31), (19, 12), (19, 37), (34, 12), (34, 15), (34, 21), (11, 6), (11, 22), (31, 10), (25, 31), (32, 2), (33, 4), (38, 3), (38, 4), (21, 24), (29, 4), (9, 1), (9, 25), (13, 36), (13, 37), (14, 11), (16, 30), (30, 39), (20, 19), (35, 4), (35, 28)]]","[[357.5648499487474, 54.68221374395821, 33.78770822265499, 13.562984347859876, 53.906751115525225, 46.60907370135819, 32.93531865720236, 172.7707979078351, 2.816513995664703, 285.7595312735325, 73.16068815130882, 575.4084668253092, 91.98578177811524, 120.27730370873881, 451.12352103278874, 373.4587236506445, 159.66710817842622, 42.720612742959545, 141.09941050019492, 183.2186341847093, 127.0879734796544, 322.47810139067036, 166.37137648401776, 72.59131016905339, 142.17154992902405, 5.228810242378197, 37.599647384198356, 23.819931786928326, 236.36167389265412, 296.604697688538, 590.9575684822202, 33.863207856834315, 99.80225287586485, 184.5605605608807, 8.474076690137425, 705.6560162450481, 8.988871952016563]]"
67,"[[(0, 22), (0, 27), (17, 12), (17, 18), (18, 38), (23, 29), (24, 19), (36, 19), (36, 35), (37, 16), (37, 25), (5, 31), (19, 12), (19, 37), (34, 12), (34, 15), (34, 21), (11, 6), (11, 22), (31, 10), (25, 31), (32, 2), (33, 4), (38, 3), (38, 4), (21, 24), (29, 4), (9, 1), (9, 25), (13, 36), (13, 37), (14, 11), (16, 30), (30, 39), (20, 19), (35, 4), (35, 28)]]","[[295.2586115276573, 355.4212121573301, 60.640222119624745, 15.759277996303313, 448.6455683334061, 42.5577946535285, 40.19794854989065, 77.95229220435414, 1.649692827143912, 232.65742662369865, 90.38464407588513, 354.07347058888337, 193.7531706333534, 138.70100669815042, 335.1978533244696, 98.47679194099898, 157.31084084370707, 148.67425971438698, 30.06176799915154, 172.46860184810376, 157.41413495657216, 324.3163896792381, 184.72482763392543, 85.23592719011906, 228.05188160097774, 5.439556942133961, 49.148641020227366, 26.04004103997068, 260.783524255138, 221.49440907391215, 438.40295579783157, 39.907184292247535, 96.05125106173939, 90.11101452074627, 27.81441883873366, 634.8543309641253, 11.323321856101426]]"
68,"[[(0, 22), (0, 27), (17, 12), (17, 18), (18, 38), (23, 29), (24, 19), (36, 19), (36, 35), (37, 16), (37, 25), (5, 31), (19, 12), (19, 37), (34, 12), (34, 15), (34, 21), (11, 6), (11, 22), (31, 10), (25, 31), (32, 2), (33, 4), (38, 3), (38, 4), (21, 24), (29, 4), (9, 1), (9, 25), (13, 36), (13, 37), (14, 11), (16, 30), (30, 39), (20, 19), (35, 4), (35, 28)]]","[[328.5417378062546, 288.5552138652881, 70.36777249516575, 10.601929835395843, 562.6648853457045, 44.667135930848005, 31.118306564951855, 165.36190360543875, 3.3268780750691076, 324.85917771449886, 42.93424551057679, 513.3406567742182, 171.69031270585953, 179.83517975249683, 364.1883895563955, 358.60806117832306, 152.50356192668795, 152.84933506769042, 138.7189615522215, 125.05848830902495, 71.32870251232538, 217.9922559532707, 79.70488675791702, 245.6216260345906, 200.66044705202552, 6.252452729491452, 42.04658502183153, 25.599359612670526, 227.1325672748743, 240.44141234286775, 282.1027699276532, 45.48096025896885, 97.22793764259937, 106.08316177229084, 26.736976051527652, 852.8468725288513, 11.710169341028305]]"
69,"[[(0, 22), (0, 27), (17, 12), (17, 18), (18, 38), (23, 29), (24, 19), (36, 19), (36, 35), (37, 16), (37, 25), (5, 31), (19, 12), (19, 37), (34, 12), (34, 15), (34, 21), (11, 6), (11, 22), (31, 10), (25, 31), (32, 2), (33, 4), (38, 3), (38, 4), (21, 24), (29, 4), (9, 1), (9, 25), (13, 36), (13, 37), (14, 11), (16, 30), (30, 39), (20, 19), (35, 4), (35, 28)]]","[[233.90296216508153, 63.88303555173501, 41.16860478055195, 8.331197649471662, 509.7859479401367, 37.96217541122862, 26.616387605585277, 204.73611624870193, 2.399988130571282, 47.329970691662886, 67.19922601163441, 159.42377633145003, 140.9985424898716, 179.34342360732418, 454.346667504563, 252.60200471398582, 146.7799811069779, 115.54674485448487, 149.87855055197417, 184.62978858132416, 74.37299949671849, 334.44487622335174, 105.40609102126223, 140.8538037208417, 163.77646473641607, 5.580286989450194, 52.36941106386429, 23.862908792437604, 268.0941494046624, 273.34063758863726, 244.32263709756955, 37.31032945517069, 99.04037198397815, 69.57112328847035, 20.516145919827075, 697.4157743130178, 11.17639318666155]]"
70,"[[(0, 22), (0, 27), (17, 12), (17, 18), (18, 38), (23, 29), (24, 19), (36, 19), (36, 35), (37, 16), (37, 25), (5, 31), (19, 12), (19, 37), (34, 12), (34, 15), (34, 21), (11, 6), (11, 22), (31, 10), (25, 31), (32, 2), (33, 4), (38, 3), (38, 4), (21, 24), (29, 4), (9, 1), (9, 25), (13, 36), (13, 37), (14, 11), (16, 30), (30, 39), (20, 19), (35, 4), (35, 28)]]","[[118.52634751182566, 84.45686327961735, 81.48795260427119, 12.544765488615921, 117.39815647556459, 35.73911020407257, 35.15843582526466, 30.268894922116335, 2.080633671230571, 280.9078485788332, 74.8685198521176, 272.6084344005343, 195.38892069207844, 149.3152930238923, 493.37600666906155, 291.9794645178365, 148.01841829032145, 75.77480441222036, 31.413417961655753, 126.45011906180443, 118.54707323362516, 412.3867267054546, 102.84037106420564, 85.16592306884372, 221.55572474710107, 7.423943847661169, 55.34293619680018, 30.188980783772173, 270.5977949242999, 203.86044319096717, 536.5800342164798, 40.14163549853105, 96.84066665008304, 157.65033249390316, 15.805434210954592, 416.9190055949005, 8.598169590019909]]"
71,"[[(0, 22), (0, 27), (17, 12), (17, 18), (18, 38), (23, 29), (24, 19), (36, 19), (36, 35), (37, 16), (37, 25), (5, 31), (19, 12), (19, 37), (34, 12), (34, 15), (34, 21), (11, 6), (11, 22), (31, 10), (25, 31), (32, 2), (33, 4), (38, 3), (38, 4), (21, 24), (29, 4), (9, 1), (9, 25), (13, 36), (13, 37), (14, 11), (16, 30), (30, 39), (20, 19), (35, 4), (35, 28)]]","[[291.05354403128115, 172.10675880024513, 79.88551839792662, 13.889591951414726, 344.5493206790671, 45.26352090344644, 52.83668974533231, 123.52324323460483, 3.7881890211794307, 116.8693442416338, 21.310922259360066, 151.2970126320226, 178.85237544053712, 119.17807827786058, 388.4066927234859, 358.05868433071544, 152.7109531576068, 35.669785946492794, 47.49121900940809, 173.17619924556254, 158.4223905002804, 405.10636204075865, 79.37027181854583, 93.39617772587076, 123.94105513110996, 7.6782061745350925, 55.98831178482352, 24.256826209975543, 254.24322747971385, 272.20583177001515, 486.2844218147791, 43.768117144123266, 97.9143663369791, 86.88171421034218, 14.486065985746793, 764.7505197217384, 10.865765298566195]]"
72,"[[(0, 22), (0, 27), (17, 12), (17, 18), (18, 38), (23, 29), (24, 19), (36, 19), (36, 35), (37, 16), (37, 25), (5, 31), (19, 12), (19, 37), (34, 12), (34, 15), (34, 21), (11, 6), (11, 22), (31, 10), (25, 31), (32, 2), (33, 4), (38, 3), (38, 4), (21, 24), (29, 4), (9, 1), (9, 25), (13, 36), (13, 37), (14, 11), (16, 30), (30, 39), (20, 19), (35, 4), (35, 28)]]","[[157.48377962118934, 336.9670320371889, 82.21964841757148, 7.707710260547778, 523.625264186302, 45.69383262544763, 31.87138019084569, 247.55667736395446, 1.98496904205863, 186.19040764822145, 49.32124750889083, 69.04326744028616, 115.7883112236772, 184.86405785528976, 335.0267727882875, 212.37913726598015, 152.24563344706198, 35.054841688479286, 27.073333466562403, 180.5228460061199, 52.22430386755849, 319.9917887171087, 113.83513365570634, 249.05783500444434, 158.37690283063844, 4.505628067821666, 49.26598441478888, 22.32606026265032, 237.91708714445636, 277.60233186083747, 727.5262178341749, 29.740850565263308, 96.4066463926454, 145.53821288763538, 10.935697890120036, 520.272558115632, 11.017750810587252]]"
73,"[[(0, 22), (0, 27), (17, 12), (17, 18), (18, 38), (23, 29), (24, 19), (36, 19), (36, 35), (37, 16), (37, 25), (5, 31), (19, 12), (19, 37), (34, 12), (34, 15), (34, 21), (11, 6), (11, 22), (31, 10), (25, 31), (32, 2), (33, 4), (38, 3), (38, 4), (21, 24), (29, 4), (9, 1), (9, 25), (13, 36), (13, 37), (14, 11), (16, 30), (30, 39), (20, 19), (35, 4), (35, 28)]]","[[94.65815412834557, 282.390347781091, 12.683078218022914, 13.312722807766274, 548.3370389876271, 41.54816805490975, 31.47225499563277, 125.71959507149357, 2.3817490711678517, 234.8516896495148, 31.535421574669552, 202.77650292648062, 116.0821619021832, 143.9100108516497, 406.5535896100971, 262.976800535779, 151.0688149170882, 142.30007816938456, 147.4887216756424, 159.76524703354724, 154.75992533914362, 370.3934445561156, 111.32489567082027, 31.679703475734065, 198.7285031629881, 7.670641036420058, 54.30327692713788, 19.275548351261698, 230.2380948755966, 234.3281002636413, 553.1467714964089, 45.34608089508455, 97.20806978819813, 65.54015761606804, 29.701867099148064, 455.24656998034993, 9.571089398430114]]"
74,"[[(0, 22), (0, 27), (17, 12), (17, 18), (18, 38), (23, 29), (24, 19), (36, 19), (36, 35), (37, 16), (37, 25), (5, 31), (19, 12), (19, 37), (34, 12), (34, 15), (34, 21), (11, 6), (11, 22), (31, 10), (25, 31), (32, 2), (33, 4), (38, 3), (38, 4), (21, 24), (29, 4), (9, 1), (9, 25), (13, 36), (13, 37), (14, 11), (16, 30), (30, 39), (20, 19), (35, 4), (35, 28)]]","[[436.20478523410566, 323.3253582528042, 60.87795555302293, 9.265356202967109, 606.7894897176031, 45.57764714978851, 32.69692804196653, 109.9095350737062, 3.751536562389769, 231.71886917741887, 90.63452317866862, 79.40957695951565, 162.78759840844359, 110.71530671172602, 355.24580190392265, 141.95338962620997, 150.04551641886343, 124.157832910925, 144.32096144581857, 171.2853767275024, 34.02848780537391, 215.76804747720456, 157.85125955111818, 82.42053189483858, 147.58178943658402, 6.956408952066798, 57.849040596474694, 30.578524891382322, 220.3142141264542, 304.28763588165884, 338.3032131740847, 30.840387413175225, 97.17894729178906, 57.61815783882475, 6.486989808845231, 477.5898117574633, 8.16528437702714]]"
75,"[[(0, 22), (0, 27), (17, 12), (17, 18), (18, 38), (23, 29), (24, 19), (36, 19), (36, 35), (37, 16), (37, 25), (5, 31), (19, 12), (19, 37), (34, 12), (34, 15), (34, 21), (11, 6), (11, 22), (31, 10), (25, 31), (32, 2), (33, 4), (38, 3), (38, 4), (21, 24), (29, 4), (9, 1), (9, 25), (13, 36), (13, 37), (14, 11), (16, 30), (30, 39), (20, 19), (35, 4), (35, 28)]]","[[110.88364600709878, 450.226060580697, 92.16689219229178, 6.410723047806353, 256.11557011394655, 46.86633129985812, 25.20010255110737, 78.22852373592251, 2.8540211538883753, 185.98691007284765, 87.64275106765561, 376.10411564758203, 113.46416107624165, 155.27199263556793, 454.90412766060285, 262.59643645904487, 156.4006599210446, 60.16597988032413, 107.59593459342899, 132.7489703195576, 156.8694375304687, 327.4180443139946, 183.78217090056324, 30.45906887843035, 237.22820152795748, 6.539899718922718, 43.2475232439864, 30.436944285070716, 277.41579843235087, 279.9650149923066, 665.9051609257795, 48.158588017996074, 99.93655179137889, 161.21897288179213, 22.3541421756118, 429.58115601837846, 10.631017469138246]]"
76,"[[(0, 22), (0, 27), (17, 12), (17, 18), (18, 38), (23, 29), (24, 19), (36, 19), (36, 35), (37, 16), (37, 25), (5, 31), (19, 12), (19, 37), (34, 12), (34, 15), (34, 21), (11, 6), (11, 22), (31, 10), (25, 31), (32, 2), (33, 4), (38, 3), (38, 4), (21, 24), (29, 4), (9, 1), (9, 25), (13, 36), (13, 37), (14, 11), (16, 30), (30, 39), (20, 19), (35, 4), (35, 28)]]","[[197.63755784452397, 135.5164753428848, 63.09800064397634, 6.785410578123736, 8.670749004908696, 38.878835281487504, 33.14431720770264, 33.36734368961152, 1.7572332657787788, 329.11802189989356, 61.72596231662028, 526.767020031755, 71.83063226328558, 114.99055382548248, 363.1616018716566, 224.68182423005595, 147.16801606779393, 136.150884716014, 132.7721674207393, 142.3764656769637, 181.90671045216106, 285.6060418093794, 169.14553863537776, 101.7802545333624, 179.39310876121144, 7.610827599988273, 35.392668985316284, 21.220643030494855, 231.24739581556577, 202.35827734859237, 642.4243066399792, 26.82340603751385, 99.00893842698201, 101.32387108345168, 14.537959996406325, 474.39439449027, 11.66490431317813]]"
77,"[[(0, 22), (0, 27), (17, 12), (17, 18), (18, 38), (23, 29), (24, 19), (36, 19), (36, 35), (37, 16), (37, 25), (5, 31), (19, 12), (19, 37), (34, 12), (34, 15), (34, 21), (11, 6), (11, 22), (31, 10), (25, 31), (32, 2), (33, 4), (38, 3), (38, 4), (21, 24), (29, 4), (9, 1), (9, 25), (13, 36), (13, 37), (14, 11), (16, 30), (30, 39), (20, 19), (35, 4), (35, 28)]]","[[320.4160687814514, 166.07092405681357, 85.45359614070424, 11.149700167633391, 319.65366782683435, 45.63868683601645, 52.35464346822063, 94.58878155388149, 1.6097054642025417, 319.7381353777719, 100.28870046415847, 53.696058814744006, 196.80116329418078, 116.9724213268738, 402.1918065824178, 296.3174703254733, 154.1581072722538, 100.29857151037261, 71.06326974452628, 133.45109947257532, 15.318932258571206, 284.68546179714434, 143.99814240668567, 219.6275343683973, 214.07186782874436, 7.190140522801679, 51.134295190954234, 24.275334079540716, 260.94499036671806, 253.94613040808105, 325.5569832098469, 24.67764403540032, 98.77470341533866, 115.91518413044648, 11.654634577352766, 568.7730388948555, 8.183645513950562]]"
78,"[[(0, 22), (0, 27), (17, 12), (17, 18), (18, 38), (23, 29), (24, 19), (36, 19), (36, 35), (37, 16), (37, 25), (5, 31), (19, 12), (19, 37), (34, 12), (34, 15), (34, 21), (11, 6), (11, 22), (31, 10), (25, 31), (32, 2), (33, 4), (38, 3), (38, 4), (21, 24), (29, 4), (9, 1), (9, 25), (13, 36), (13, 37), (14, 11), (16, 30), (30, 39), (20, 19), (35, 4), (35, 28)]]","[[232.54285223776864, 127.75147721942979, 61.3481105720315, 8.393397793930408, 103.82312988664768, 34.995178054582894, 52.16811522849502, 136.52100557311732, 3.527632989007573, 317.30424906423394, 22.437580994313482, 323.3687928827788, 110.1751635021049, 110.72262600103538, 496.68207794737737, 174.61653679520066, 156.2428296997319, 76.96040005051242, 105.93759343718055, 125.69777619927538, 72.80616557666724, 303.28463800580926, 69.30733326004965, 85.73826882227695, 194.9380791857377, 4.841551397153332, 46.88580832999061, 30.252444736001237, 244.55681710508128, 255.0757096445666, 194.642203652359, 47.24672340965269, 97.02133075419322, 154.78533504259156, 10.737832478750654, 444.1763564683316, 9.36962578641985]]"
79,"[[(0, 22), (0, 27), (17, 12), (17, 18), (18, 38), (23, 29), (24, 19), (36, 19), (36, 35), (37, 16), (37, 25), (5, 31), (19, 12), (19, 37), (34, 12), (34, 15), (34, 21), (11, 6), (11, 22), (31, 10), (25, 31), (32, 2), (33, 4), (38, 3), (38, 4), (21, 24), (29, 4), (9, 1), (9, 25), (13, 36), (13, 37), (14, 11), (16, 30), (30, 39), (20, 19), (35, 4), (35, 28)]]","[[71.10621290775435, 159.5367870564291, 14.395084661285633, 11.82725756773846, 691.2425233205986, 42.20856378167619, 40.26026054130156, 112.8185523998049, 2.4610028951008727, 182.32078046959336, 35.7669910723435, 393.4144694472902, 135.0188718484977, 113.9017836676638, 478.4343635868632, 347.09190440915347, 153.10779888023467, 110.4354636922696, 120.58413106147, 156.23071823916587, 85.7382289930658, 301.55631309109333, 132.64077911961, 216.6770769722128, 183.25043486373505, 7.331982624615467, 52.68626212030847, 23.755794575468116, 272.4496505072207, 216.1314203786653, 633.4223515345406, 27.03460624823557, 97.9092212934145, 103.60062244202003, 3.8493706372914755, 672.9784361686369, 11.93924207375387]]"
80,"[[(0, 22), (0, 27), (17, 12), (17, 18), (18, 38), (23, 29), (24, 19), (36, 19), (36, 35), (37, 16), (37, 25), (5, 31), (19, 12), (19, 37), (34, 12), (34, 15), (34, 21), (11, 6), (11, 22), (31, 10), (25, 31), (32, 2), (33, 4), (38, 3), (38, 4), (21, 24), (29, 4), (9, 1), (9, 25), (13, 36), (13, 37), (14, 11), (16, 30), (30, 39), (20, 19), (35, 4), (35, 28)]]","[[395.87960100342195, 87.23344931633441, 18.19027903387183, 6.620268174633496, 387.57423090851205, 42.55323223148767, 24.909558257555908, 68.68447304309552, 2.4966279675999874, 206.4427751193679, 86.66473917670588, 335.1575069613456, 177.28570332225934, 131.68123737396127, 446.2992591091611, 139.43578868994098, 147.80932305134618, 137.84721493253247, 50.21483712937124, 147.1904660757399, 39.74119892976877, 355.1592293622317, 72.35745395524512, 97.11769629242694, 167.5320430487157, 4.789833745635374, 43.12704897770585, 21.961424856559773, 272.78834998848413, 216.95716906409424, 277.5877002157964, 28.694958236785908, 98.58736708982416, 132.09336839591714, 6.656649915436125, 659.4390432472246, 9.622628269130258]]"
81,"[[(0, 22), (0, 27), (17, 12), (17, 18), (18, 38), (23, 29), (24, 19), (36, 19), (36, 35), (37, 16), (37, 25), (5, 31), (19, 12), (19, 37), (34, 12), (34, 15), (34, 21), (11, 6), (11, 22), (31, 10), (25, 31), (32, 2), (33, 4), (38, 3), (38, 4), (21, 24), (29, 4), (9, 1), (9, 25), (13, 36), (13, 37), (14, 11), (16, 30), (30, 39), (20, 19), (35, 4), (35, 28)]]","[[407.6251075976634, 423.06273154392215, 20.669535940746755, 8.818439469995859, 54.811466779819725, 38.91683966802754, 35.44361286125255, 216.97954161227915, 1.015457839802211, 130.97755642370657, 113.88846239213741, 420.566890824671, 90.55939457518193, 126.27269047171436, 426.3240979503825, 352.11086079199936, 149.68573517501528, 25.665488032564042, 89.59148409870619, 143.87479490628067, 132.28512885145955, 349.4101105387963, 193.8403658925857, 164.05516597489273, 210.48314960931572, 6.06258317332587, 48.0862124411568, 24.746459926477094, 248.62880844688829, 298.8422310674973, 690.0934701977292, 19.405736933869655, 97.93660729780643, 54.96400275518513, 4.587303258082981, 513.8795681587668, 9.054878979831994]]"
82,"[[(0, 22), (0, 27), (17, 12), (17, 18), (18, 38), (23, 29), (24, 19), (36, 19), (36, 35), (37, 16), (37, 25), (5, 31), (19, 12), (19, 37), (34, 12), (34, 15), (34, 21), (11, 6), (11, 22), (31, 10), (25, 31), (32, 2), (33, 4), (38, 3), (38, 4), (21, 24), (29, 4), (9, 1), (9, 25), (13, 36), (13, 37), (14, 11), (16, 30), (30, 39), (20, 19), (35, 4), (35, 28)]]","[[396.09216375375183, 109.94777667495289, 50.066045301267856, 10.809342085574839, 361.79955816579303, 36.698439218332396, 29.972113974926952, 69.76241632774673, 3.5935425633448297, 136.55268633181558, 111.59656019445076, 27.71437797522949, 197.81332790175384, 140.20555664795626, 370.73259280010086, 190.45185757447376, 146.92266968443428, 156.14923746776785, 113.29881109861704, 112.62044233946509, 150.99840039360288, 401.47103714813363, 80.20031546053532, 249.1074057394226, 240.34043180705382, 4.22722387932983, 47.682447162116844, 28.369208823345975, 257.10962267775506, 225.23242101877076, 653.4623704116948, 20.139723354141157, 96.09939504643384, 126.57953113604754, 19.070000458665124, 743.5327156570529, 8.01644653883445]]"
83,"[[(0, 22), (0, 27), (17, 12), (17, 18), (18, 38), (23, 29), (24, 19), (36, 19), (36, 35), (37, 16), (37, 25), (5, 31), (19, 12), (19, 37), (34, 12), (34, 15), (34, 21), (11, 6), (11, 22), (31, 10), (25, 31), (32, 2), (33, 4), (38, 3), (38, 4), (21, 24), (29, 4), (9, 1), (9, 25), (13, 36), (13, 37), (14, 11), (16, 30), (30, 39), (20, 19), (35, 4), (35, 28)]]","[[358.5429020026442, 361.34549307105516, 83.15773126303507, 12.100779960113925, 152.95495396233216, 35.896769134942815, 47.275862649442644, 81.02324638658031, 2.0715500577307253, 316.6786655168605, 52.4453885715576, 569.5465256908298, 170.66052508313405, 130.03317257959247, 396.61674284530307, 248.25052499960034, 152.1193221740385, 84.96301136636141, 96.40497213744224, 116.11031658175267, 55.97073264056699, 357.93308271668366, 128.62751391910172, 99.94413670545819, 211.16917719752416, 7.455302519490442, 40.87792369676504, 20.312551987501493, 231.74914396931658, 228.5041965012787, 526.2727955628255, 41.79463891783275, 99.36106746220197, 106.36376306697213, 24.305187495392495, 580.3742710362837, 10.779905455692033]]"
84,"[[(0, 22), (0, 27), (17, 12), (17, 18), (18, 38), (23, 29), (24, 19), (36, 19), (36, 35), (37, 16), (37, 25), (5, 31), (19, 12), (19, 37), (34, 12), (34, 15), (34, 21), (11, 6), (11, 22), (31, 10), (25, 31), (32, 2), (33, 4), (38, 3), (38, 4), (21, 24), (29, 4), (9, 1), (9, 25), (13, 36), (13, 37), (14, 11), (16, 30), (30, 39), (20, 19), (35, 4), (35, 28)]]","[[77.74776030372877, 296.3136589363559, 39.45991723063052, 13.224838287137747, 661.4734243567315, 44.89656187856808, 36.36915279628294, 76.97429979632423, 1.3690086252277092, 105.35144874617608, 27.973898823728696, 36.61538677950773, 225.4285524766495, 121.78375732797858, 394.7051489419293, 274.4205195458188, 151.3364618776646, 36.345511414231794, 95.80726446398985, 157.03718298391288, 143.01448269652755, 260.5267645525383, 163.64976126041356, 257.82411696433377, 174.27045419802565, 5.762974951026398, 46.783267607885364, 23.330594125887043, 272.38799978297413, 214.29082671534957, 525.5655449522294, 27.65652145932762, 96.81975853388464, 73.51926556496534, 14.75077315344512, 838.6806219860872, 8.50830113248813]]"
85,"[[(0, 22), (0, 27), (17, 12), (17, 18), (18, 38), (23, 29), (24, 19), (36, 19), (36, 35), (37, 16), (37, 25), (5, 31), (19, 12), (19, 37), (34, 12), (34, 15), (34, 21), (11, 6), (11, 22), (31, 10), (25, 31), (32, 2), (33, 4), (38, 3), (38, 4), (21, 24), (29, 4), (9, 1), (9, 25), (13, 36), (13, 37), (14, 11), (16, 30), (30, 39), (20, 19), (35, 4), (35, 28)]]","[[293.81273367975047, 335.0153091438075, 8.560829861037751, 6.573940709479181, 3.733059008241579, 37.80278471388315, 24.164697582941802, 77.02104521651506, 3.004105853931657, 314.45290437839947, 23.353156454595222, 533.0633612400836, 88.1274563189053, 185.17930159668575, 396.0542255620961, 372.0854418081958, 150.7969361128995, 56.64376882144535, 136.1768297820112, 175.61126199332898, 104.43329035381066, 291.47094577303403, 178.54724323768593, 194.908768066344, 208.3512701249765, 5.6089586821293835, 39.18493656288395, 18.963624586411427, 279.76512610549884, 202.1526853633465, 337.9751603191535, 27.37590031645522, 96.39580623989279, 82.32687286405522, 10.056546948976179, 816.4273959634256, 8.768505534036931]]"
86,"[[(0, 22), (0, 27), (17, 12), (17, 18), (18, 38), (23, 29), (24, 19), (36, 19), (36, 35), (37, 16), (37, 25), (5, 31), (19, 12), (19, 37), (34, 12), (34, 15), (34, 21), (11, 6), (11, 22), (31, 10), (25, 31), (32, 2), (33, 4), (38, 3), (38, 4), (21, 24), (29, 4), (9, 1), (9, 25), (13, 36), (13, 37), (14, 11), (16, 30), (30, 39), (20, 19), (35, 4), (35, 28)]]","[[334.75875807275446, 150.75203979675365, 65.34724403054044, 13.89644602026699, 66.30596473747575, 40.176710887144765, 38.539185105466586, 149.6209533843227, 3.72436923517616, 89.66425338973579, 65.97123397619231, 336.7395908387122, 207.58736921237568, 114.81094085941504, 486.923459403855, 332.49653806870157, 147.0266153622622, 29.511699240204642, 26.438897891284157, 189.15124518946348, 46.531564474986624, 404.532060859872, 151.51672218877434, 213.2704404473792, 162.58267800389478, 5.297920793734576, 39.30690385599601, 23.99697307448961, 231.90540859483053, 266.2952357132007, 356.99923359017345, 19.100531556803038, 97.6567478006874, 139.08140446103886, 12.811830459981849, 796.9390478534076, 8.15600059541363]]"
87,"[[(0, 22), (0, 27), (17, 12), (17, 18), (18, 38), (23, 29), (24, 19), (36, 19), (36, 35), (37, 16), (37, 25), (5, 31), (19, 12), (19, 37), (34, 12), (34, 15), (34, 21), (11, 6), (11, 22), (31, 10), (25, 31), (32, 2), (33, 4), (38, 3), (38, 4), (21, 24), (29, 4), (9, 1), (9, 25), (13, 36), (13, 37), (14, 11), (16, 30), (30, 39), (20, 19), (35, 4), (35, 28)]]","[[387.34981995009264, 209.0200779423728, 37.370361263578445, 15.831298066245836, 342.2932627602181, 46.790831248622325, 46.310242997945224, 62.259587608611696, 3.7330781275947786, 94.67579358651787, 38.6448230474656, 427.4213532083759, 216.86651778068102, 154.33482153380925, 499.05360773890186, 185.697074499183, 157.96624972109566, 92.42580634355033, 143.34814505082724, 197.06372572949812, 46.519613996346926, 321.17549020866454, 114.47176563379949, 153.09353103235438, 191.29998161995832, 4.771458458020266, 55.23152167757297, 23.648517067149562, 251.77300490785242, 282.6682077345065, 363.27524309378407, 26.347686128092022, 98.40545868115206, 128.7248892885551, 21.01993778389638, 551.3671381093366, 8.950989729845752]]"
88,"[[(0, 22), (0, 27), (17, 12), (17, 18), (18, 38), (23, 29), (24, 19), (36, 19), (36, 35), (37, 16), (37, 25), (5, 31), (19, 12), (19, 37), (34, 12), (34, 15), (34, 21), (11, 6), (11, 22), (31, 10), (25, 31), (32, 2), (33, 4), (38, 3), (38, 4), (21, 24), (29, 4), (9, 1), (9, 25), (13, 36), (13, 37), (14, 11), (16, 30), (30, 39), (20, 19), (35, 4), (35, 28)]]","[[124.78558358605989, 243.65256636926284, 57.22224602543659, 11.251533259609507, 382.07163372340415, 42.851067554286416, 26.73392190591987, 189.4842859961847, 1.2802734835513898, 163.01635535145522, 120.35494922343526, 267.37324659625654, 107.04722460480058, 181.59316115866247, 342.65011426370825, 138.6174863913363, 154.82093502453094, 88.43473373649327, 117.9595809626071, 181.77362101472374, 163.49569851443385, 225.10058256661787, 81.68687213515915, 253.07634692360818, 142.40730508941158, 7.277555684324295, 53.10066136863469, 18.208046440334947, 270.1023545149367, 255.9436759325521, 623.651637631204, 40.8777538784318, 96.52012424170536, 146.79066521750082, 25.901017235835035, 535.681907073603, 9.886262258024384]]"
89,"[[(0, 22), (0, 27), (17, 12), (17, 18), (18, 38), (23, 29), (24, 19), (36, 19), (36, 35), (37, 16), (37, 25), (5, 31), (19, 12), (19, 37), (34, 12), (34, 15), (34, 21), (11, 6), (11, 22), (31, 10), (25, 31), (32, 2), (33, 4), (38, 3), (38, 4), (21, 24), (29, 4), (9, 1), (9, 25), (13, 36), (13, 37), (14, 11), (16, 30), (30, 39), (20, 19), (35, 4), (35, 28)]]","[[127.22253960675984, 132.0274397873903, 15.706932651690435, 11.598309173786692, 535.8823342848094, 43.94795301863203, 33.91006883849036, 225.4990532670983, 2.6343977645733103, 277.75585375881565, 114.90785763186304, 395.1774415065079, 227.00247015740354, 190.13126733773396, 317.4240558147225, 132.9830704648282, 151.5981561846532, 121.78351554423664, 37.128746666268825, 198.27825309772908, 177.79737410599543, 260.31314416691447, 122.1586237164465, 114.11516444412442, 150.53515549216894, 4.90378734078898, 53.99101928251698, 19.783128662212956, 238.90927088202923, 288.8882697779576, 651.2007346717268, 26.88580260073207, 98.7505342720397, 165.7449217978001, 7.856762882985231, 633.0224824209563, 11.66280458910941]]"
90,"[[(0, 22), (0, 27), (17, 12), (17, 18), (18, 38), (23, 29), (24, 19), (36, 19), (36, 35), (37, 16), (37, 25), (5, 31), (19, 12), (19, 37), (34, 12), (34, 15), (34, 21), (11, 6), (11, 22), (31, 10), (25, 31), (32, 2), (33, 4), (38, 3), (38, 4), (21, 24), (29, 4), (9, 1), (9, 25), (13, 36), (13, 37), (14, 11), (16, 30), (30, 39), (20, 19), (35, 4), (35, 28)]]","[[366.2194564063365, 68.7371115955921, 38.52382933934493, 8.96968027137057, 191.20934823441846, 43.61850337376001, 28.004095975679835, 229.67023665259623, 0.1552489617370374, 326.3945387325861, 60.894428005520105, 519.5196839221875, 147.7046895473627, 122.37307781170915, 498.34992414154834, 316.6766345468981, 158.74404210448563, 53.003282812552165, 155.81895619591734, 163.8749934298312, 31.13186815393455, 367.5741366371483, 141.68530228402406, 88.01287975384952, 160.23234995146433, 5.614673219692445, 39.89537537629649, 23.488187977002106, 270.56119680854584, 205.63946887198554, 220.24270522921807, 50.09906814611587, 98.06072257174807, 115.35235782213432, 3.8788095831994385, 832.0665866392173, 11.963294418624827]]"
91,"[[(0, 22), (0, 27), (17, 12), (17, 18), (18, 38), (23, 29), (24, 19), (36, 19), (36, 35), (37, 16), (37, 25), (5, 31), (19, 12), (19, 37), (34, 12), (34, 15), (34, 21), (11, 6), (11, 22), (31, 10), (25, 31), (32, 2), (33, 4), (38, 3), (38, 4), (21, 24), (29, 4), (9, 1), (9, 25), (13, 36), (13, 37), (14, 11), (16, 30), (30, 39), (20, 19), (35, 4), (35, 28)]]","[[291.4892322141309, 447.04266102869417, 61.38069181508876, 6.549646315318581, 76.79453103360258, 47.15776856394003, 48.933683627053625, 137.47866017789437, 3.6657901974729126, 258.6431486123276, 88.86336902580749, 139.24013284859922, 159.2461067570501, 136.99270411324267, 382.14774689511773, 112.19496102829426, 149.2019868934456, 110.85360673224616, 30.525206088987574, 124.05245435870634, 140.80613572943926, 321.46180954856993, 87.51263880556395, 196.8388564812097, 128.56646633160693, 4.354335147802766, 57.876177586359105, 25.91228967990839, 222.3216177771646, 283.3655392203889, 503.04017855695713, 41.20259113698249, 98.4640751651844, 106.51869419477767, 5.800217338078036, 594.9048288280202, 10.39097769702536]]"
92,"[[(0, 22), (0, 27), (17, 12), (17, 18), (18, 38), (23, 29), (24, 19), (36, 19), (36, 35), (37, 16), (37, 25), (5, 31), (19, 12), (19, 37), (34, 12), (34, 15), (34, 21), (11, 6), (11, 22), (31, 10), (25, 31), (32, 2), (33, 4), (38, 3), (38, 4), (21, 24), (29, 4), (9, 1), (9, 25), (13, 36), (13, 37), (14, 11), (16, 30), (30, 39), (20, 19), (35, 4), (35, 28)]]","[[251.8928654590796, 253.34887695303848, 2.8171118496607876, 12.404340734259122, 239.24470157829631, 35.675863374455744, 36.07926601360701, 86.3044021874924, 3.434323610290064, 127.77002938306622, 60.1046961981306, 435.96241180235273, 78.66176137939668, 114.63143286237323, 418.97410210233915, 179.38973370102494, 159.18211759135227, 119.1394094408303, 93.78891848037283, 154.62314883528808, 97.9548920922849, 263.15965978954654, 109.57539532113327, 261.2861126729643, 227.86176524167007, 7.113695107738677, 56.16885554324621, 28.535783252096174, 232.46788057913056, 268.1238236682416, 267.1267022638246, 20.251124576527385, 99.68393507635955, 151.8242285810192, 4.07948254797413, 607.3027871236997, 11.89140017360221]]"
93,"[[(0, 22), (0, 27), (17, 12), (17, 18), (18, 38), (23, 29), (24, 19), (36, 19), (36, 35), (37, 16), (37, 25), (5, 31), (19, 12), (19, 37), (34, 12), (34, 15), (34, 21), (11, 6), (11, 22), (31, 10), (25, 31), (32, 2), (33, 4), (38, 3), (38, 4), (21, 24), (29, 4), (9, 1), (9, 25), (13, 36), (13, 37), (14, 11), (16, 30), (30, 39), (20, 19), (35, 4), (35, 28)]]","[[292.16351468545463, 146.93966149008233, 98.0314332290964, 14.352059870626237, 266.05824354145943, 45.86363971017731, 50.653812705253685, 90.00207254355385, 1.593659583027938, 303.12365517798355, 39.82661849217961, 191.89466776355692, 150.61538145839847, 111.4536977108933, 466.6673088245805, 270.5379294763426, 147.98063036719606, 155.9384565635075, 115.98019280758221, 175.31845048541277, 122.57698176338225, 375.49439181254684, 74.110294422831, 280.8315845837781, 191.11289595282005, 7.113357535191785, 46.91713679517743, 30.09741455697769, 275.9222589956713, 240.47646846304863, 692.6623900863485, 49.57577433860156, 98.52931551913427, 118.99500563523902, 17.50175837131746, 510.36258655383097, 10.91878010691808]]"
94,"[[(0, 22), (0, 27), (17, 12), (17, 18), (18, 38), (23, 29), (24, 19), (36, 19), (36, 35), (37, 16), (37, 25), (5, 31), (19, 12), (19, 37), (34, 12), (34, 15), (34, 21), (11, 6), (11, 22), (31, 10), (25, 31), (32, 2), (33, 4), (38, 3), (38, 4), (21, 24), (29, 4), (9, 1), (9, 25), (13, 36), (13, 37), (14, 11), (16, 30), (30, 39), (20, 19), (35, 4), (35, 28)]]","[[59.71263510675952, 235.6187547130424, 40.415722435703614, 13.609537974437128, 614.500838854825, 47.56145705789399, 22.634802619868083, 31.33845861069891, 1.6996574802862225, 133.55319235370683, 19.359845601047827, 484.3009652466517, 193.4438169942177, 134.24578111378176, 432.92143288331766, 278.387226624528, 159.0029390933547, 45.14368075184154, 90.67801005532446, 171.00087212589267, 167.29869815143783, 359.5914092806871, 186.95991778080776, 156.36063024228653, 128.69096493536233, 7.23167249172792, 41.40572745072298, 19.77259984256043, 257.95857533451397, 248.75472740329488, 307.3970830181035, 47.05321108250858, 98.96313881424177, 167.01702850962258, 17.77607746974602, 440.08775781229843, 9.339310250501761]]"
95,"[[(0, 22), (0, 27), (17, 12), (17, 18), (18, 38), (23, 29), (24, 19), (36, 19), (36, 35), (37, 16), (37, 25), (5, 31), (19, 12), (19, 37), (34, 12), (34, 15), (34, 21), (11, 6), (11, 22), (31, 10), (25, 31), (32, 2), (33, 4), (38, 3), (38, 4), (21, 24), (29, 4), (9, 1), (9, 25), (13, 36), (13, 37), (14, 11), (16, 30), (30, 39), (20, 19), (35, 4), (35, 28)]]","[[155.2013579202817, 146.65617136878194, 95.18325940962238, 6.972447997965888, 324.7541484560728, 47.89533752934835, 49.41775580302441, 228.04936696128766, 0.017334213602968607, 247.7525493293936, 21.0576260752225, 103.27617721837952, 60.36027537253425, 137.18582964465693, 458.1343406418301, 255.71558737984415, 155.77407673078815, 160.92828348489883, 25.23599985304361, 184.11253117160106, 79.39158588233872, 378.82677649278764, 88.50125873244394, 261.2720003500213, 197.6361232632682, 5.928483293607235, 49.32750054079214, 17.29413614860565, 268.1143746478551, 270.4436349634516, 209.35644263471897, 40.70068396786753, 99.7053282412663, 169.0272454724157, 10.96885220957734, 534.9983987556234, 8.423173097444788]]"
96,"[[(0, 22), (0, 27), (17, 12), (17, 18), (18, 38), (23, 29), (24, 19), (36, 19), (36, 35), (37, 16), (37, 25), (5, 31), (19, 12), (19, 37), (34, 12), (34, 15), (34, 21), (11, 6), (11, 22), (31, 10), (25, 31), (32, 2), (33, 4), (38, 3), (38, 4), (21, 24), (29, 4), (9, 1), (9, 25), (13, 36), (13, 37), (14, 11), (16, 30), (30, 39), (20, 19), (35, 4), (35, 28)]]","[[402.444444818612, 182.07693707259722, 20.966301279242977, 12.920526808382181, 81.27217216112051, 45.580987348617214, 51.02272900569529, 124.44451338426349, 1.4839777403402303, 149.63497809751095, 60.36759952725831, 384.305065362802, 160.8742254970412, 159.8300452530798, 397.03119116322887, 136.5374204435312, 157.26547854959614, 73.3366233764078, 147.89027172449042, 108.96176043823412, 40.32062984802225, 234.33136656861757, 109.32182675329179, 261.43890303890487, 137.9743614972871, 6.230145098148981, 49.793143179392594, 26.989265536881675, 220.79813668173318, 289.59154855408565, 187.64648355681564, 39.93566857736687, 98.4694633462604, 172.06737606310588, 23.062555153225684, 629.1921433429242, 11.960332053451173]]"
97,"[[(0, 22), (0, 27), (17, 12), (17, 18), (18, 38), (23, 29), (24, 19), (36, 19), (36, 35), (37, 16), (37, 25), (5, 31), (19, 12), (19, 37), (34, 12), (34, 15), (34, 21), (11, 6), (11, 22), (31, 10), (25, 31), (32, 2), (33, 4), (38, 3), (38, 4), (21, 24), (29, 4), (9, 1), (9, 25), (13, 36), (13, 37), (14, 11), (16, 30), (30, 39), (20, 19), (35, 4), (35, 28)]]","[[412.3712288830117, 29.294958584215948, 81.52210716326637, 15.376738450309087, 688.2771450150258, 40.14784479678218, 41.537792435120664, 216.5241927379408, 1.9822234584448228, 101.98823120876193, 97.05558633406103, 469.09447222897313, 233.60280020338226, 132.06588007877116, 389.2650708778427, 320.0482834125415, 158.88433437967183, 90.78675224250465, 50.56558765525726, 131.10701559766616, 27.58860608310582, 351.78287833710687, 92.70913012819051, 105.153060227246, 159.15058895300382, 7.583796008274758, 49.821300447066776, 20.62355569212567, 281.9192272390182, 210.34713930825717, 525.7213385634109, 19.60238938055448, 97.08112262014257, 180.99288144955918, 2.2493602945753564, 779.6658684049346, 8.569326981921614]]"
98,"[[(0, 22), (0, 27), (17, 12), (17, 18), (18, 38), (23, 29), (24, 19), (36, 19), (36, 35), (37, 16), (37, 25), (5, 31), (19, 12), (19, 37), (34, 12), (34, 15), (34, 21), (11, 6), (11, 22), (31, 10), (25, 31), (32, 2), (33, 4), (38, 3), (38, 4), (21, 24), (29, 4), (9, 1), (9, 25), (13, 36), (13, 37), (14, 11), (16, 30), (30, 39), (20, 19), (35, 4), (35, 28)]]","[[62.97050966718175, 272.2829416657162, 5.591812378173061, 12.724072307121348, 147.92629850759516, 47.469178269838615, 21.90527214903207, 111.97052897489054, 1.7895922150138475, 295.9153097238974, 84.92622692122828, 31.561582288917855, 111.33603931192852, 151.0627951221335, 321.491935945487, 363.91793048404975, 158.0418667958729, 135.05942400316263, 69.23157068302615, 143.13451346339357, 75.54309515843846, 394.20808446411127, 163.09136596510524, 279.799143697025, 205.5158835946175, 6.437922475833717, 48.150712205473155, 22.933888588885722, 242.12057942425878, 245.07811076309014, 449.3113437026189, 21.17402779237284, 97.74168105743746, 122.93192915909351, 25.640713894041284, 382.0424505533418, 10.309441912055377]]"
99,"[[(0, 22), (0, 27), (17, 12), (17, 18), (18, 38), (23, 29), (24, 19), (36, 19), (36, 35), (37, 16), (37, 25), (5, 31), (19, 12), (19, 37), (34, 12), (34, 15), (34, 21), (11, 6), (11, 22), (31, 10), (25, 31), (32, 2), (33, 4), (38, 3), (38, 4), (21, 24), (29, 4), (9, 1), (9, 25), (13, 36), (13, 37), (14, 11), (16, 30), (30, 39), (20, 19), (35, 4), (35, 28)]]","[[236.43193157068873, 336.57568314957405, 19.84980021587251, 14.099002933318415, 92.68202230931638, 35.190847270159814, 24.49587233171319, 119.34004105774407, 1.4000143727007894, 123.07116794840006, 54.84406641603206, 219.09187639232758, 236.7533225573685, 108.7821614785601, 491.8321577061938, 134.42586456939327, 157.43149712249516, 151.76625211846456, 61.44303556826787, 134.42488058477696, 44.55247628442125, 259.6046526990699, 182.1623735613715, 228.202543836755, 169.77088478826238, 7.044877184581464, 47.45043978677796, 28.92459109539261, 256.62656099752814, 281.80126449168455, 650.4775235281477, 29.243148847218922, 97.83234490180665, 169.43349712461867, 6.871027309572367, 795.026221056982, 8.771745260150269]]"
