scene,edge,cost
0,"[[(2, 37), (5, 18), (6, 1), (9, 5), (9, 37), (1, 14), (1, 34), (19, 33), (22, 4), (38, 3), (38, 11), (35, 5), (3, 30), (30, 10), (30, 19), (4, 9), (4, 23), (32, 1), (32, 30), (15, 30), (17, 5), (27, 2), (27, 10), (27, 11), (27, 38), (29, 6), (31, 8), (31, 28), (7, 18), (7, 37), (21, 17), (16, 2), (28, 26), (26, 36), (13, 10), (25, 35)]]","[[402.72276244037766, 97.05625548233908, 31.362218566646654, 15.795926496773934, 417.8729885598744, 38.9804656478658, 302.94751386528367, 284.4880528875496, 36.64232255931141, 219.20899373480074, 151.54580699607854, 290.71702584845184, 120.58343346618945, 56.73989508038814, 103.47559825310262, 97.371750459728, 287.6284860847088, 377.5728207635711, 6.711906890816632, 234.90213525992613, 70.01854151719454, 105.24598615930404, 271.0630543255869, 313.6998743171571, 209.4093544775302, 163.54557001852862, 421.8210001409592, 52.00960625216233, 105.95644699408034, 5.639735313502102, 78.96420904127869, 0.46823878918466866, 20.09695831447514, 94.42065803665575, 31.735879356796794, 104.44510861074454]]"
1,"[[(2, 37), (5, 18), (6, 1), (9, 5), (9, 37), (1, 14), (1, 34), (19, 33), (22, 4), (38, 3), (38, 11), (35, 5), (3, 30), (30, 10), (30, 19), (4, 9), (4, 23), (32, 1), (32, 30), (15, 30), (17, 5), (27, 2), (27, 10), (27, 11), (27, 38), (29, 6), (31, 8), (31, 28), (7, 18), (7, 37), (21, 17), (16, 2), (28, 26), (26, 36), (13, 10), (25, 35)]]","[[485.523576038601, 94.50437087225671, 64.12102194621961, 6.245413971591742, 300.31811157898295, 24.56728308993704, 889.1045391902405, 207.55035608743512, 24.525900186465513, 762.9357689328816, 113.54508720859036, 245.8314716547799, 228.8603592151887, 130.569991569759, 68.74155618927361, 83.87402988242927, 378.41511696582955, 306.4486557590712, 7.760662468307206, 184.82662278905877, 177.3470030349473, 148.13345220485706, 169.40276908042352, 308.30789696623566, 103.19645151576755, 697.8845927697251, 404.648869616568, 54.094135097402074, 108.44092265229087, 9.522325342227777, 68.34804708117545, 0.6142813581935613, 30.896415992416312, 95.44115661621497, 26.762521242937247, 86.9781974197882]]"
2,"[[(2, 37), (5, 18), (6, 1), (9, 5), (9, 37), (1, 14), (1, 34), (19, 33), (22, 4), (38, 3), (38, 11), (35, 5), (3, 30), (30, 10), (30, 19), (4, 9), (4, 23), (32, 1), (32, 30), (15, 30), (17, 5), (27, 2), (27, 10), (27, 11), (27, 38), (29, 6), (31, 8), (31, 28), (7, 18), (7, 37), (21, 17), (16, 2), (28, 26), (26, 36), (13, 10), (25, 35)]]","[[142.39069055981224, 139.9237534129643, 17.056838260918017, 14.210936034823082, 563.9002076404915, 45.4148957058039, 1100.9433125197452, 229.2598291275269, 28.53517870007683, 773.559846190268, 109.90948884719612, 286.32152308607976, 64.82356747855852, 82.38146392865829, 100.43196891630289, 66.54867530308269, 338.5530054909235, 263.7671924375846, 6.321386141583471, 99.54293804477717, 52.27936879589879, 104.04536057119009, 167.66142026069974, 311.0601543063935, 200.65150396194903, 667.5818786380286, 445.63662050108957, 42.832715497103045, 105.73603700410287, 3.358149083374234, 80.66320889947191, 0.33083415772187386, 32.99159526193361, 94.9399227655959, 39.11022495569848, 102.92261691121642]]"
3,"[[(2, 37), (5, 18), (6, 1), (9, 5), (9, 37), (1, 14), (1, 34), (19, 33), (22, 4), (38, 3), (38, 11), (35, 5), (3, 30), (30, 10), (30, 19), (4, 9), (4, 23), (32, 1), (32, 30), (15, 30), (17, 5), (27, 2), (27, 10), (27, 11), (27, 38), (29, 6), (31, 8), (31, 28), (7, 18), (7, 37), (21, 17), (16, 2), (28, 26), (26, 36), (13, 10), (25, 35)]]","[[354.9365255308845, 64.3883534033474, 28.92160954478024, 15.886669218261414, 308.4708239621828, 43.96577035741514, 251.62805566553965, 394.17007089084626, 33.5750167769114, 336.8827053770128, 84.42150618076856, 213.548835315673, 196.90628988229014, 165.72410655134794, 83.02088919388602, 68.97645355023378, 71.86036529480577, 302.2821135843365, 7.179323296835014, 131.0133195299547, 180.0548820721859, 120.62303827975572, 257.87724645302063, 309.1943359470007, 173.77517258763692, 97.90737217995809, 441.99273908414796, 41.264326501788396, 87.52784809799881, 12.615177678506676, 93.89609009944625, 0.6402035693999795, 49.42926395446634, 93.60598451207062, 23.13125112978577, 67.05531090965034]]"
4,"[[(2, 37), (5, 18), (6, 1), (9, 5), (9, 37), (1, 14), (1, 34), (19, 33), (22, 4), (38, 3), (38, 11), (35, 5), (3, 30), (30, 10), (30, 19), (4, 9), (4, 23), (32, 1), (32, 30), (15, 30), (17, 5), (27, 2), (27, 10), (27, 11), (27, 38), (29, 6), (31, 8), (31, 28), (7, 18), (7, 37), (21, 17), (16, 2), (28, 26), (26, 36), (13, 10), (25, 35)]]","[[575.6383338770283, 144.4932880948057, 55.31914342709782, 19.810653033535228, 617.5723720800017, 4.573613135773575, 636.9176842385161, 426.7161111658807, 32.24883719531499, 441.45304907087166, 117.95060325618456, 282.1526790038639, 61.817422128900674, 93.43501902689874, 104.2518647199849, 89.13496828578873, 206.47859966198072, 399.81073076314806, 7.619601371936216, 232.71721721373083, 21.129546202086484, 134.9884164384581, 203.23140024923975, 312.92763626859863, 154.49206212875933, 165.3772201209593, 399.46743248253995, 38.32267442683819, 86.1450638503609, 12.430420047220434, 76.1451385483791, 0.8977536597786688, 6.892880522281472, 100.11532543789669, 29.99746967974433, 63.77140614397687]]"
5,"[[(2, 37), (5, 18), (6, 1), (9, 5), (9, 37), (1, 14), (1, 34), (19, 33), (22, 4), (38, 3), (38, 11), (35, 5), (3, 30), (30, 10), (30, 19), (4, 9), (4, 23), (32, 1), (32, 30), (15, 30), (17, 5), (27, 2), (27, 10), (27, 11), (27, 38), (29, 6), (31, 8), (31, 28), (7, 18), (7, 37), (21, 17), (16, 2), (28, 26), (26, 36), (13, 10), (25, 35)]]","[[196.7165475221821, 88.96877491173417, 73.54202608251114, 10.465294639987482, 717.5763923439584, 16.631198237540886, 794.8569334774803, 57.07949933034689, 36.700866567232865, 688.9823470418683, 138.5414421970386, 224.61724506656512, 128.60037173705905, 132.72435563573185, 72.33778038199209, 94.86774924280166, 163.6811701579883, 292.82887636002965, 7.253666979700487, 128.54004217369908, 92.83641346383014, 116.7532656175893, 204.0101753265355, 309.25261275887965, 46.24444830862387, 103.75043157790498, 415.38342123021056, 33.15502638437832, 94.1785479380049, 15.418025477057107, 79.31729937171873, 1.1600209510324917, 38.01527461499288, 97.58574279829496, 49.818109557175745, 68.4094002143019]]"
6,"[[(2, 37), (5, 18), (6, 1), (9, 5), (9, 37), (1, 14), (1, 34), (19, 33), (22, 4), (38, 3), (38, 11), (35, 5), (3, 30), (30, 10), (30, 19), (4, 9), (4, 23), (32, 1), (32, 30), (15, 30), (17, 5), (27, 2), (27, 10), (27, 11), (27, 38), (29, 6), (31, 8), (31, 28), (7, 18), (7, 37), (21, 17), (16, 2), (28, 26), (26, 36), (13, 10), (25, 35)]]","[[452.17727022927204, 67.90691218203777, 61.312773217414325, 23.46847046878386, 251.58390943784593, 13.374543457599396, 941.7711095230216, 302.609877035261, 32.85126301620042, 484.6464169540705, 149.57761847485685, 220.86406015111564, 112.19331822102038, 98.45287629331287, 85.42025522202277, 77.75763023023069, 288.8748694878572, 318.572979635327, 6.452873023085518, 197.2484422684355, 229.32205993256264, 139.7130314491659, 99.42843272512133, 310.91953419895344, 261.36960379665175, 436.3756427424102, 433.1634608835366, 39.856943585083755, 99.36449105240567, 11.35842622376423, 88.83032687221674, 1.05814377106859, 15.666314061644506, 99.30838275506648, 46.89342849314997, 107.99888325897783]]"
7,"[[(2, 37), (5, 18), (6, 1), (9, 5), (9, 37), (1, 14), (1, 34), (19, 33), (22, 4), (38, 3), (38, 11), (35, 5), (3, 30), (30, 10), (30, 19), (4, 9), (4, 23), (32, 1), (32, 30), (15, 30), (17, 5), (27, 2), (27, 10), (27, 11), (27, 38), (29, 6), (31, 8), (31, 28), (7, 18), (7, 37), (21, 17), (16, 2), (28, 26), (26, 36), (13, 10), (25, 35)]]","[[194.87383324705488, 71.76878154394055, 69.1865322600812, 33.182716297592954, 161.89285737364943, 24.800662521890793, 375.13755250032915, 382.83347519167245, 39.68188845114358, 282.9684048577027, 150.77364811107134, 224.43776994430593, 196.68390798828844, 193.17874185233597, 90.25404583166642, 74.90571378821093, 111.50116782930353, 273.4441135569937, 7.129983177586587, 178.36721078971712, 226.9172851016573, 153.6544772662577, 113.20522806291339, 307.02963986348436, 167.41674732758446, 201.94013864122437, 458.94766451280975, 53.37098477119266, 106.64741009438426, 8.061492597954716, 57.23708105440409, 1.4298600686886764, 50.45758733194907, 96.63769697666602, 34.3052236538, 124.18250923332019]]"
8,"[[(2, 37), (5, 18), (6, 1), (9, 5), (9, 37), (1, 14), (1, 34), (19, 33), (22, 4), (38, 3), (38, 11), (35, 5), (3, 30), (30, 10), (30, 19), (4, 9), (4, 23), (32, 1), (32, 30), (15, 30), (17, 5), (27, 2), (27, 10), (27, 11), (27, 38), (29, 6), (31, 8), (31, 28), (7, 18), (7, 37), (21, 17), (16, 2), (28, 26), (26, 36), (13, 10), (25, 35)]]","[[191.05914539124518, 116.86354615511857, 53.12714222787119, 36.155122972283536, 286.48848936800465, 34.274674988093516, 369.03772024585754, 329.48376980355164, 26.40606844219767, 493.00628710959734, 86.20980609546821, 237.48477997317582, 244.93762627658808, 105.86469829093605, 108.0591414856836, 65.42551480636794, 81.05086170850343, 312.9195120419298, 6.189738828132964, 115.54649282916853, 246.66036293985078, 165.3636879825049, 258.67568364507014, 313.6877625447172, 208.92490759229227, 237.94917380137707, 434.5021979116742, 15.965786587446313, 101.00802564426104, 3.704520495676879, 64.83147904089144, 0.20991021995663117, 41.055850418683946, 99.44819295335577, 49.568399201157675, 82.86141135304868]]"
9,"[[(2, 37), (5, 18), (6, 1), (9, 5), (9, 37), (1, 14), (1, 34), (19, 33), (22, 4), (38, 3), (38, 11), (35, 5), (3, 30), (30, 10), (30, 19), (4, 9), (4, 23), (32, 1), (32, 30), (15, 30), (17, 5), (27, 2), (27, 10), (27, 11), (27, 38), (29, 6), (31, 8), (31, 28), (7, 18), (7, 37), (21, 17), (16, 2), (28, 26), (26, 36), (13, 10), (25, 35)]]","[[375.1466429762818, 165.06593880956007, 43.45949589680113, 10.54842875255778, 632.044967032174, 42.938859596284246, 491.46451647931855, 210.96401733526224, 36.68659204043427, 257.9478078116564, 57.16927445588395, 292.46746678899854, 250.59259720673793, 82.32558124202924, 57.99790006541722, 78.58124850335068, 208.70513648640355, 345.5275352124834, 6.34354931305748, 226.49872975411603, 96.2847797374048, 173.81081337966432, 203.3959656468527, 307.468543054686, 85.32443953510148, 589.4418452085253, 435.2718964476011, 26.642024789150298, 102.18617496314981, 15.091182593605945, 72.31377743435536, 1.2285994626877612, 49.529970102554834, 96.50072687180995, 28.932773344386824, 108.53182923935313]]"
10,"[[(2, 37), (5, 18), (6, 1), (9, 5), (9, 37), (1, 14), (1, 34), (19, 33), (22, 4), (38, 3), (38, 11), (35, 5), (3, 30), (30, 10), (30, 19), (4, 9), (4, 23), (32, 1), (32, 30), (15, 30), (17, 5), (27, 2), (27, 10), (27, 11), (27, 38), (29, 6), (31, 8), (31, 28), (7, 18), (7, 37), (21, 17), (16, 2), (28, 26), (26, 36), (13, 10), (25, 35)]]","[[476.4562928308326, 39.53998381240589, 17.102232539549206, 24.852406213672403, 281.52330728773444, 6.093884907674708, 383.4787075571569, 14.927512118919129, 32.20732145466553, 361.92026682491434, 105.44242894245423, 256.39021417090436, 55.42214133555588, 49.26543769935481, 63.5099620000827, 54.30924443201057, 337.37504275203526, 344.93737660775537, 6.143477146961693, 127.07433315814446, 186.44380904236564, 170.10165003671517, 247.2292157985502, 306.53321063206613, 251.55951740383037, 689.15936518679, 404.2598010217547, 26.66942791739378, 98.3686252880593, 13.925377674818929, 76.29758009505014, 0.515342737195734, 32.6799054032834, 95.925460703167, 28.694316772399098, 111.01746103262607]]"
11,"[[(2, 37), (5, 18), (6, 1), (9, 5), (9, 37), (1, 14), (1, 34), (19, 33), (22, 4), (38, 3), (38, 11), (35, 5), (3, 30), (30, 10), (30, 19), (4, 9), (4, 23), (32, 1), (32, 30), (15, 30), (17, 5), (27, 2), (27, 10), (27, 11), (27, 38), (29, 6), (31, 8), (31, 28), (7, 18), (7, 37), (21, 17), (16, 2), (28, 26), (26, 36), (13, 10), (25, 35)]]","[[436.5381130535603, 62.06376423729175, 23.090839155152153, 8.580530146874096, 233.33558089807244, 16.097369887653997, 677.1569185680114, 235.07977467463212, 37.862644165574594, 379.04856911947945, 147.38019277710788, 262.7395002442663, 248.66370634746684, 78.87151444402971, 82.68961548065332, 84.48924019809924, 94.26758951027266, 302.75018239855484, 7.502823607077, 132.4109184052224, 149.92535310532855, 105.71749339134466, 256.7196879123535, 310.84020853133296, 45.138851297711554, 609.5548219932523, 403.8161372300516, 16.57720963861043, 105.86295649155, 7.4330591143181595, 77.30504187145418, 0.736929517967243, 45.49824110060941, 94.01051626391092, 28.469886639294938, 76.36042315021852]]"
12,"[[(2, 37), (5, 18), (6, 1), (9, 5), (9, 37), (1, 14), (1, 34), (19, 33), (22, 4), (38, 3), (38, 11), (35, 5), (3, 30), (30, 10), (30, 19), (4, 9), (4, 23), (32, 1), (32, 30), (15, 30), (17, 5), (27, 2), (27, 10), (27, 11), (27, 38), (29, 6), (31, 8), (31, 28), (7, 18), (7, 37), (21, 17), (16, 2), (28, 26), (26, 36), (13, 10), (25, 35)]]","[[201.9669546463861, 137.77905728663333, 77.33018524055481, 27.636750532410378, 358.6919367946714, 7.01679597283243, 940.980155758272, 48.09169778838902, 26.887890470634254, 524.1858419370438, 144.3464262830459, 258.08147140782955, 91.72226921714181, 121.40298427914513, 100.01749301074311, 93.53007970139424, 115.91466755013093, 337.8616415857278, 7.555726470474159, 101.78043629447188, 89.98109708566861, 83.89808601757855, 227.85579641742268, 306.65589463352546, 167.91912319316657, 128.47484723710366, 435.5781431942936, 41.74096671034186, 98.05713900497821, 10.965219784726333, 74.96510894520594, 0.8673344966590035, 23.27948270255136, 99.83747884583039, 35.883341668944944, 110.61276981554347]]"
13,"[[(2, 37), (5, 18), (6, 1), (9, 5), (9, 37), (1, 14), (1, 34), (19, 33), (22, 4), (38, 3), (38, 11), (35, 5), (3, 30), (30, 10), (30, 19), (4, 9), (4, 23), (32, 1), (32, 30), (15, 30), (17, 5), (27, 2), (27, 10), (27, 11), (27, 38), (29, 6), (31, 8), (31, 28), (7, 18), (7, 37), (21, 17), (16, 2), (28, 26), (26, 36), (13, 10), (25, 35)]]","[[229.81367499284622, 68.59491117429853, 67.4678878540728, 26.447130024483524, 129.62563096620983, 2.5345193388585336, 441.57463802798713, 89.5139029343256, 24.07468291175636, 452.49528572574826, 64.48277002962325, 249.7510995556095, 199.38013714277952, 67.33585302475569, 65.04307393027612, 66.14796382259222, 271.1394672681218, 406.2279192751212, 6.519098966864094, 102.92426720113926, 75.78815810144656, 160.25839330005095, 130.7765820845212, 307.0223905285774, 64.5398887156883, 125.25155824152013, 444.8167867014106, 24.194775500811573, 93.56174534125029, 5.7017867997683975, 56.87193988267666, 1.4046052001183063, 25.583889051833655, 95.9179743653512, 38.396193786417555, 113.62698289665894]]"
14,"[[(2, 37), (5, 18), (6, 1), (9, 5), (9, 37), (1, 14), (1, 34), (19, 33), (22, 4), (38, 3), (38, 11), (35, 5), (3, 30), (30, 10), (30, 19), (4, 9), (4, 23), (32, 1), (32, 30), (15, 30), (17, 5), (27, 2), (27, 10), (27, 11), (27, 38), (29, 6), (31, 8), (31, 28), (7, 18), (7, 37), (21, 17), (16, 2), (28, 26), (26, 36), (13, 10), (25, 35)]]","[[571.9979365708605, 48.425280219339825, 36.74721259923003, 29.027124442918506, 386.9599522335751, 31.274638322145716, 353.062838809099, 68.03814050368265, 26.845073324092656, 754.3822328043501, 146.8067470530416, 272.02336238638605, 150.39860571006147, 162.64624352515148, 76.41782056511082, 63.88596880993201, 109.47864955950601, 346.20447402825215, 7.704647498041649, 118.68994477034857, 130.38360445750283, 150.25781392661506, 101.9983041729249, 312.1491015529665, 234.48540010945771, 70.80753988528792, 391.2842872583063, 35.82067919911269, 109.34698753914819, 12.636994358450883, 86.72142884215421, 1.269540634633675, 19.35037405122828, 95.95112573404863, 27.178398413600473, 124.0320268452344]]"
15,"[[(2, 37), (5, 18), (6, 1), (9, 5), (9, 37), (1, 14), (1, 34), (19, 33), (22, 4), (38, 3), (38, 11), (35, 5), (3, 30), (30, 10), (30, 19), (4, 9), (4, 23), (32, 1), (32, 30), (15, 30), (17, 5), (27, 2), (27, 10), (27, 11), (27, 38), (29, 6), (31, 8), (31, 28), (7, 18), (7, 37), (21, 17), (16, 2), (28, 26), (26, 36), (13, 10), (25, 35)]]","[[261.413687245378, 93.83839986830338, 31.258831788359696, 24.68082866046793, 684.039156113979, 17.005598672042776, 912.3480640756741, 305.0604008143726, 36.94770933812183, 672.2592300477273, 72.95852121687597, 248.10510064419728, 145.47180500396757, 119.6217610393809, 61.33914360073532, 69.44805776187837, 192.49762567178254, 290.3159052969045, 7.263843469316326, 101.18929938592818, 55.13505137164264, 132.20956790800344, 96.56364418735404, 310.64022057492224, 55.88933578707459, 252.85027267132085, 390.23287325102024, 23.841367621083272, 95.84260423213391, 10.82670146505611, 79.10125348931483, 1.0302256874746323, 38.074582079207666, 95.98283891840983, 35.259237880948085, 86.31273263423057]]"
16,"[[(2, 37), (5, 18), (6, 1), (9, 5), (9, 37), (1, 14), (1, 34), (19, 33), (22, 4), (38, 3), (38, 11), (35, 5), (3, 30), (30, 10), (30, 19), (4, 9), (4, 23), (32, 1), (32, 30), (15, 30), (17, 5), (27, 2), (27, 10), (27, 11), (27, 38), (29, 6), (31, 8), (31, 28), (7, 18), (7, 37), (21, 17), (16, 2), (28, 26), (26, 36), (13, 10), (25, 35)]]","[[314.40607264814105, 50.245156160161144, 34.67830787576186, 9.240577360926409, 641.5954188582975, 41.43342701629741, 792.476197083086, 438.4457773402844, 29.02983464494379, 375.6970137814219, 104.89207659653457, 235.60545463147062, 212.0348607800357, 193.7602836578708, 69.2273961055326, 73.34164225416168, 55.95249353705491, 318.9379742502085, 6.949205609508233, 198.30501023650203, 168.1018463469504, 117.91385793901065, 118.69162616912111, 313.29930751163704, 221.04189919061693, 136.18191850524312, 433.0961694075913, 34.4978620316476, 104.70203842976288, 10.933573721410575, 62.788800255129665, 0.09118847115051265, 36.95964448917498, 98.85058642950769, 45.2002557521472, 103.38066868988197]]"
17,"[[(2, 37), (5, 18), (6, 1), (9, 5), (9, 37), (1, 14), (1, 34), (19, 33), (22, 4), (38, 3), (38, 11), (35, 5), (3, 30), (30, 10), (30, 19), (4, 9), (4, 23), (32, 1), (32, 30), (15, 30), (17, 5), (27, 2), (27, 10), (27, 11), (27, 38), (29, 6), (31, 8), (31, 28), (7, 18), (7, 37), (21, 17), (16, 2), (28, 26), (26, 36), (13, 10), (25, 35)]]","[[128.79121115021778, 69.37838433042421, 23.029988363012656, 14.633738903619797, 647.7010432955472, 27.72881896538866, 938.5795566738318, 82.3403233707363, 40.63836619995075, 448.13800098414094, 51.86759414673236, 286.6229684031287, 231.16267903353162, 70.35394151417036, 82.50167858152764, 73.08486341095966, 137.6825355430198, 354.0676919326984, 7.644653649485877, 130.66307620281242, 161.6211694491818, 145.33345031879603, 152.43219963304742, 310.49174705933405, 152.81810778772356, 452.1681250608502, 456.9692508628544, 16.626756543295574, 98.47987479271534, 10.29227182913084, 87.78339570392637, 1.7292541845189822, 27.327010459233367, 94.27061726147424, 47.644046133167095, 121.3936838544101]]"
18,"[[(2, 37), (5, 18), (6, 1), (9, 5), (9, 37), (1, 14), (1, 34), (19, 33), (22, 4), (38, 3), (38, 11), (35, 5), (3, 30), (30, 10), (30, 19), (4, 9), (4, 23), (32, 1), (32, 30), (15, 30), (17, 5), (27, 2), (27, 10), (27, 11), (27, 38), (29, 6), (31, 8), (31, 28), (7, 18), (7, 37), (21, 17), (16, 2), (28, 26), (26, 36), (13, 10), (25, 35)]]","[[289.4488326865075, 75.53883522063639, 23.384723363084678, 25.07241977730878, 335.30118468786065, 42.65976057007632, 346.6125943280464, 47.19554267381559, 28.147316102980803, 473.2004864784913, 165.02799977798122, 273.39560788219706, 244.1668458319723, 60.94100897663882, 65.01972892139136, 97.11415700076992, 92.92885615941569, 376.8315200253434, 6.794912062826067, 109.43135050891503, 59.98127037176346, 136.4609734889879, 273.6689856862759, 308.6987145488152, 152.27491364883082, 87.79240768785198, 454.56049430087535, 39.88368234362916, 101.56124965908012, 11.704483910439333, 63.72511564952111, 0.9198212901915157, 43.87622225874997, 94.10014547197764, 28.701411966227596, 65.00381349108955]]"
19,"[[(2, 37), (5, 18), (6, 1), (9, 5), (9, 37), (1, 14), (1, 34), (19, 33), (22, 4), (38, 3), (38, 11), (35, 5), (3, 30), (30, 10), (30, 19), (4, 9), (4, 23), (32, 1), (32, 30), (15, 30), (17, 5), (27, 2), (27, 10), (27, 11), (27, 38), (29, 6), (31, 8), (31, 28), (7, 18), (7, 37), (21, 17), (16, 2), (28, 26), (26, 36), (13, 10), (25, 35)]]","[[406.0108138527571, 91.20171577671965, 60.5101584401208, 11.487895450969399, 112.41915933679101, 24.48418494478269, 1058.1044604886683, 461.08914328508735, 28.756913710609393, 793.0096080549291, 89.34217672703942, 269.51895153377967, 118.06919471154094, 149.5403483946818, 65.96567558992197, 94.7631095397404, 365.1549648938359, 356.3492713533381, 7.913206263502145, 174.03691730971775, 229.11873289041964, 97.3442614468264, 232.91839175261697, 313.63053622569396, 245.5798591294195, 286.3678151514115, 386.7765885656251, 35.05219768253254, 100.89993827077804, 4.743382003839368, 94.03865865802753, 1.0853478087534774, 45.46062633804058, 100.39178200981048, 19.83801056989892, 69.45116079195759]]"
20,"[[(2, 37), (5, 18), (6, 1), (9, 5), (9, 37), (1, 14), (1, 34), (19, 33), (22, 4), (38, 3), (38, 11), (35, 5), (3, 30), (30, 10), (30, 19), (4, 9), (4, 23), (32, 1), (32, 30), (15, 30), (17, 5), (27, 2), (27, 10), (27, 11), (27, 38), (29, 6), (31, 8), (31, 28), (7, 18), (7, 37), (21, 17), (16, 2), (28, 26), (26, 36), (13, 10), (25, 35)]]","[[585.295864223391, 102.56877501298463, 39.27316324922756, 15.4718563094892, 472.0661642849997, 23.48175904932538, 628.1617049935178, 450.80770998679856, 40.413864883740246, 799.884913038961, 49.05043035976796, 227.01647786593708, 70.05033095848505, 153.01301543928744, 85.291242025613, 75.92559644119659, 225.20810098630682, 301.26905451149565, 6.7594715559867256, 189.98011339970856, 42.833862308440985, 160.8181674230641, 157.4687995042739, 308.6219358981587, 211.61455451861823, 109.06533331449492, 394.218721434086, 17.25828856772124, 102.74694417391754, 4.560403397178445, 63.82195671351062, 1.5060504336399967, 15.428942259783103, 100.3069938474009, 34.399213136565194, 132.72234796616118]]"
21,"[[(2, 37), (5, 18), (6, 1), (9, 5), (9, 37), (1, 14), (1, 34), (19, 33), (22, 4), (38, 3), (38, 11), (35, 5), (3, 30), (30, 10), (30, 19), (4, 9), (4, 23), (32, 1), (32, 30), (15, 30), (17, 5), (27, 2), (27, 10), (27, 11), (27, 38), (29, 6), (31, 8), (31, 28), (7, 18), (7, 37), (21, 17), (16, 2), (28, 26), (26, 36), (13, 10), (25, 35)]]","[[260.8622725883746, 92.439155767862, 61.94537205400298, 18.390149740215193, 827.2593881916545, 37.23233988683722, 260.81554073622823, 133.8411083796613, 28.954059592532907, 466.1983631249817, 131.27477316351326, 250.75904837498325, 107.20942375884577, 83.35484881433959, 64.54826904506344, 59.5577141421411, 77.0028357651361, 364.7788384555385, 7.136183588178287, 114.25768803605467, 56.446579843491804, 155.57406567351964, 118.76405592863074, 309.3658471055716, 136.64664517628478, 81.77564953103428, 428.3860003410841, 33.820884212345476, 96.76791672650054, 6.502440671928272, 94.8412762825968, 1.8164889919699447, 27.85297027247463, 95.62244726195878, 49.73782987930346, 126.13325436687666]]"
22,"[[(2, 37), (5, 18), (6, 1), (9, 5), (9, 37), (1, 14), (1, 34), (19, 33), (22, 4), (38, 3), (38, 11), (35, 5), (3, 30), (30, 10), (30, 19), (4, 9), (4, 23), (32, 1), (32, 30), (15, 30), (17, 5), (27, 2), (27, 10), (27, 11), (27, 38), (29, 6), (31, 8), (31, 28), (7, 18), (7, 37), (21, 17), (16, 2), (28, 26), (26, 36), (13, 10), (25, 35)]]","[[576.4646452498912, 125.37670588801477, 80.52789293889059, 15.52266836536732, 465.35015516943594, 45.78534895665138, 670.6691075501974, 114.43216554292091, 29.428016598960717, 589.7782565416743, 129.75526663864557, 218.2181044898746, 225.09795446387824, 49.99345791815551, 75.05993547163835, 59.50147615599782, 198.71087302868446, 271.1511284744056, 7.400179979254415, 125.13356122852969, 153.9597417536692, 84.7887176135356, 211.6467002565879, 309.68577098110694, 128.27046465869117, 477.1939528031986, 384.1052668858941, 26.20006257598127, 91.41610102483757, 10.423408837810003, 57.433378019779084, 1.5834497876631577, 32.27262671844875, 96.41946630218477, 36.769191039738836, 96.74874985319863]]"
23,"[[(2, 37), (5, 18), (6, 1), (9, 5), (9, 37), (1, 14), (1, 34), (19, 33), (22, 4), (38, 3), (38, 11), (35, 5), (3, 30), (30, 10), (30, 19), (4, 9), (4, 23), (32, 1), (32, 30), (15, 30), (17, 5), (27, 2), (27, 10), (27, 11), (27, 38), (29, 6), (31, 8), (31, 28), (7, 18), (7, 37), (21, 17), (16, 2), (28, 26), (26, 36), (13, 10), (25, 35)]]","[[294.61894097532615, 113.40840798549843, 44.80084205436408, 36.48717084466762, 79.75821940714623, 19.312188577343896, 217.70540024275942, 190.18132641503672, 28.014500482542687, 550.84648596234, 31.951155645486224, 227.46124941068365, 233.9088775763801, 184.6007860191057, 99.37389279218044, 61.56091450694885, 22.65333314312829, 368.8123229206068, 7.3004657725120605, 238.9016580738525, 104.60248305219791, 92.93245445864598, 154.38775792366462, 311.54083488868474, 222.9506524298597, 345.63417460958897, 433.8707945831842, 51.523240057849556, 86.07405929597496, 9.250055014887096, 85.18326643912471, 0.8011351874707284, 10.21382961083028, 97.94600260601283, 50.65941602451579, 69.496732590165]]"
24,"[[(2, 37), (5, 18), (6, 1), (9, 5), (9, 37), (1, 14), (1, 34), (19, 33), (22, 4), (38, 3), (38, 11), (35, 5), (3, 30), (30, 10), (30, 19), (4, 9), (4, 23), (32, 1), (32, 30), (15, 30), (17, 5), (27, 2), (27, 10), (27, 11), (27, 38), (29, 6), (31, 8), (31, 28), (7, 18), (7, 37), (21, 17), (16, 2), (28, 26), (26, 36), (13, 10), (25, 35)]]","[[507.5438878119481, 101.42866585945258, 16.670001419268758, 29.00976033869665, 27.555856782562586, 17.442275038498927, 617.2818123265859, 145.79701236898714, 31.625870715126936, 254.3832143247326, 166.21241971732496, 268.22176397814496, 116.80162446294761, 148.8024618871089, 79.06459101373856, 92.74382336436437, 317.6854710412302, 366.45375584702305, 6.984617282188544, 130.05767618310958, 284.5401915949244, 108.25203611682431, 239.5912693055296, 306.20056938221563, 237.2893651264437, 464.19847247307956, 429.5733836188475, 53.614734339640485, 91.07158992450762, 6.4208303241186835, 64.70894456415891, 1.6687375805385762, 10.141952192700831, 98.3408434296002, 31.156551590556376, 87.98285533394377]]"
25,"[[(2, 37), (5, 18), (6, 1), (9, 5), (9, 37), (1, 14), (1, 34), (19, 33), (22, 4), (38, 3), (38, 11), (35, 5), (3, 30), (30, 10), (30, 19), (4, 9), (4, 23), (32, 1), (32, 30), (15, 30), (17, 5), (27, 2), (27, 10), (27, 11), (27, 38), (29, 6), (31, 8), (31, 28), (7, 18), (7, 37), (21, 17), (16, 2), (28, 26), (26, 36), (13, 10), (25, 35)]]","[[140.4057702959476, 59.52059443104933, 67.3558843848206, 35.65881765170957, 720.1459503747816, 15.532582037172835, 394.78504599333246, 472.79563665396705, 32.015830981178716, 474.0397587593542, 88.04530787783712, 240.44607785797965, 247.18830535276757, 91.3341658595764, 91.2530970180743, 63.83775574327443, 316.71837683268916, 370.13835841933155, 6.103499828055334, 203.3959885812344, 177.5555089250264, 101.00007269348421, 156.45884051848105, 312.2158863063874, 98.57595007519696, 214.76761873371453, 388.7567454780489, 46.898567647644256, 92.68796952897284, 9.760625683423967, 60.64498786219225, 1.2818116205019063, 9.234606225387912, 98.47316026454003, 43.89513920987632, 121.72998038486796]]"
26,"[[(2, 37), (5, 18), (6, 1), (9, 5), (9, 37), (1, 14), (1, 34), (19, 33), (22, 4), (38, 3), (38, 11), (35, 5), (3, 30), (30, 10), (30, 19), (4, 9), (4, 23), (32, 1), (32, 30), (15, 30), (17, 5), (27, 2), (27, 10), (27, 11), (27, 38), (29, 6), (31, 8), (31, 28), (7, 18), (7, 37), (21, 17), (16, 2), (28, 26), (26, 36), (13, 10), (25, 35)]]","[[384.50868181012487, 113.51911488651179, 19.386113200011877, 42.764486524280706, 759.716611445948, 14.918401886926453, 779.0340352059395, 224.18335027740585, 37.449117016854096, 418.85250995185265, 82.30150652424423, 213.70447150462203, 95.04414055589483, 181.99459512602022, 63.22991857453697, 68.79956602119367, 196.44651728607084, 255.48166719640477, 7.548515611888467, 91.93585284121788, 48.28127087211225, 105.95053054381209, 203.40192995774242, 308.90141629954496, 230.72578765270583, 288.1701090499319, 440.90337697001036, 52.31486508867748, 107.63250311507997, 14.451945824615448, 69.66433332745743, 1.9953648603943166, 18.87219446924402, 94.75149953497349, 21.339392632829064, 81.04637206563733]]"
27,"[[(2, 37), (5, 18), (6, 1), (9, 5), (9, 37), (1, 14), (1, 34), (19, 33), (22, 4), (38, 3), (38, 11), (35, 5), (3, 30), (30, 10), (30, 19), (4, 9), (4, 23), (32, 1), (32, 30), (15, 30), (17, 5), (27, 2), (27, 10), (27, 11), (27, 38), (29, 6), (31, 8), (31, 28), (7, 18), (7, 37), (21, 17), (16, 2), (28, 26), (26, 36), (13, 10), (25, 35)]]","[[451.7132001274431, 124.97884147263176, 78.937827467836, 19.428068445310313, 492.68341806305017, 44.926946163697316, 380.6283602343077, 207.5640478826941, 26.549756948438944, 469.75526695737875, 105.49674153321351, 243.71428693494204, 228.97936868915005, 79.07430832963387, 93.91372774165569, 57.6882154339124, 338.3252300856506, 389.49213897346203, 6.918099732391519, 187.0552324758861, 153.14695809697778, 144.40097679661096, 180.20687570423956, 311.76445550715357, 41.16820164393255, 754.4168778200159, 445.13418553477254, 52.40547357803682, 108.17363194821647, 4.529687926359058, 68.38918842994865, 0.25523397170030737, 31.240814222706174, 94.47307824520502, 31.99961243060446, 81.65786291079223]]"
28,"[[(2, 37), (5, 18), (6, 1), (9, 5), (9, 37), (1, 14), (1, 34), (19, 33), (22, 4), (38, 3), (38, 11), (35, 5), (3, 30), (30, 10), (30, 19), (4, 9), (4, 23), (32, 1), (32, 30), (15, 30), (17, 5), (27, 2), (27, 10), (27, 11), (27, 38), (29, 6), (31, 8), (31, 28), (7, 18), (7, 37), (21, 17), (16, 2), (28, 26), (26, 36), (13, 10), (25, 35)]]","[[326.5113994925286, 93.64857141605522, 64.12456791431103, 37.42651379640333, 466.1519035966482, 44.410547075870916, 942.8917835111276, 128.23062860727288, 38.95036723082178, 226.64217295511656, 41.02713671810674, 224.25423624634973, 204.77473557637967, 153.01580921815065, 64.0496367224714, 95.04898540487144, 84.74634662462115, 293.32528492662163, 6.730281274436851, 98.59972691557405, 289.5394629307102, 93.59546347788596, 203.95713176365967, 307.7606008268789, 262.1892430965333, 722.2631385127191, 446.55490449107776, 23.06708435860888, 102.21401936333768, 9.44631030465473, 68.43071856203193, 1.2421725193002782, 45.6448615814677, 98.09501348224802, 37.101952302529725, 76.50547258115853]]"
29,"[[(2, 37), (5, 18), (6, 1), (9, 5), (9, 37), (1, 14), (1, 34), (19, 33), (22, 4), (38, 3), (38, 11), (35, 5), (3, 30), (30, 10), (30, 19), (4, 9), (4, 23), (32, 1), (32, 30), (15, 30), (17, 5), (27, 2), (27, 10), (27, 11), (27, 38), (29, 6), (31, 8), (31, 28), (7, 18), (7, 37), (21, 17), (16, 2), (28, 26), (26, 36), (13, 10), (25, 35)]]","[[134.42128615761283, 63.9803589543707, 60.44495422817189, 25.26829111742724, 280.5671324643399, 14.362706653860533, 705.2066503307519, 202.27147354651177, 25.386340921514563, 513.8014944365226, 45.26242351029256, 254.86985219125575, 113.60742352415062, 187.9450530484604, 79.93467111077712, 61.403256166463294, 329.17579229799543, 412.4977854861779, 7.379419064433819, 94.13607458784308, 34.93022590311669, 136.4414042221405, 144.78664856200226, 308.9290261883959, 236.70521236396385, 680.5586505278476, 462.3562019685446, 19.99315528684765, 102.4602239855182, 11.288754485994282, 53.57145725155732, 0.7614019399325487, 21.872987993189977, 93.92193422374794, 26.861871444686837, 123.22235553667268]]"
30,"[[(2, 37), (5, 18), (6, 1), (9, 5), (9, 37), (1, 14), (1, 34), (19, 33), (22, 4), (38, 3), (38, 11), (35, 5), (3, 30), (30, 10), (30, 19), (4, 9), (4, 23), (32, 1), (32, 30), (15, 30), (17, 5), (27, 2), (27, 10), (27, 11), (27, 38), (29, 6), (31, 8), (31, 28), (7, 18), (7, 37), (21, 17), (16, 2), (28, 26), (26, 36), (13, 10), (25, 35)]]","[[153.04485739099505, 116.2129025265433, 50.817665936458994, 7.38489581861888, 145.24391355031707, 36.09661850224853, 875.0230414453423, 444.8461200935578, 34.39920068279294, 681.7217293492843, 78.6958740067097, 256.88835742379996, 197.1807709125514, 119.25722186850125, 72.67572469938727, 73.99310164343909, 223.79305764277547, 258.06904361816254, 6.269198388614689, 194.02187208068443, 61.239226916112614, 147.18458499983757, 103.00932881382897, 306.0835030411384, 105.20303712351411, 276.32133281618235, 437.71774532310695, 35.85959004315933, 106.50283943534458, 3.377745627903032, 66.98535003142617, 1.2261346214442548, 4.083987593816849, 98.61393725971841, 37.25483640163074, 90.19310749906292]]"
31,"[[(2, 37), (5, 18), (6, 1), (9, 5), (9, 37), (1, 14), (1, 34), (19, 33), (22, 4), (38, 3), (38, 11), (35, 5), (3, 30), (30, 10), (30, 19), (4, 9), (4, 23), (32, 1), (32, 30), (15, 30), (17, 5), (27, 2), (27, 10), (27, 11), (27, 38), (29, 6), (31, 8), (31, 28), (7, 18), (7, 37), (21, 17), (16, 2), (28, 26), (26, 36), (13, 10), (25, 35)]]","[[274.52729944369065, 91.25380102433051, 51.96876388162429, 42.27876980061973, 165.75937285193947, 1.9996523063386769, 835.6466265482193, 343.8007024425462, 25.65562914037504, 312.27510853727665, 133.092259566222, 270.15666084272146, 197.07683821036449, 93.99944344520587, 107.44724417176377, 65.78578550646867, 88.51995465933464, 369.3579734327068, 6.79504937931584, 144.07631586114977, 154.2286722427274, 87.50766074330288, 264.87870491212203, 312.7550010236888, 70.97423379395849, 747.8016215998804, 460.1917924237491, 30.490994071134704, 90.12590175802802, 13.9428296382053, 63.817460313343304, 1.5134520875899395, 51.49664405234464, 96.19650406701156, 28.171392714074308, 70.9720947931304]]"
32,"[[(2, 37), (5, 18), (6, 1), (9, 5), (9, 37), (1, 14), (1, 34), (19, 33), (22, 4), (38, 3), (38, 11), (35, 5), (3, 30), (30, 10), (30, 19), (4, 9), (4, 23), (32, 1), (32, 30), (15, 30), (17, 5), (27, 2), (27, 10), (27, 11), (27, 38), (29, 6), (31, 8), (31, 28), (7, 18), (7, 37), (21, 17), (16, 2), (28, 26), (26, 36), (13, 10), (25, 35)]]","[[529.3874347349454, 162.47332893087838, 53.8649035243221, 26.539894038308898, 66.00758487592745, 15.692902965006782, 1101.715157451701, 408.9530519267812, 38.57597941980019, 719.9933068150497, 130.00274065081496, 212.67953505337104, 183.36701922459213, 186.39248494737325, 59.248127706370305, 66.67216788577883, 150.65866281715216, 343.3678706231295, 6.798933459654228, 199.88816426493486, 214.27617264010829, 146.62508381265837, 177.47299950820576, 311.092411847227, 83.45810207473463, 201.86259142180572, 458.10898731372964, 54.099556560764334, 101.4019384718947, 4.811937027143555, 59.38705321658388, 1.9727680178341445, 12.493283935448769, 95.88233317969392, 42.74626940125708, 69.34116500634507]]"
33,"[[(2, 37), (5, 18), (6, 1), (9, 5), (9, 37), (1, 14), (1, 34), (19, 33), (22, 4), (38, 3), (38, 11), (35, 5), (3, 30), (30, 10), (30, 19), (4, 9), (4, 23), (32, 1), (32, 30), (15, 30), (17, 5), (27, 2), (27, 10), (27, 11), (27, 38), (29, 6), (31, 8), (31, 28), (7, 18), (7, 37), (21, 17), (16, 2), (28, 26), (26, 36), (13, 10), (25, 35)]]","[[439.8512205233187, 61.84886216550579, 51.337257087866035, 25.15850960295217, 163.98400519988644, 34.590872737870676, 655.4862434484382, 313.04469211433, 32.215983026266855, 264.6077233220735, 81.76771890959691, 233.77380484452445, 198.34440597718827, 194.2223898311889, 83.27114533931024, 67.98892985222716, 144.50399307229267, 377.196916628093, 6.334273387989106, 136.80484424971843, 278.10039263089783, 110.1645394104689, 281.20357659934456, 307.49303050909106, 136.3471855541763, 131.43775546594372, 404.80698029637045, 46.876478511230495, 88.86919202152485, 11.619599037963184, 72.59400398048305, 0.7412177700375304, 7.6481170341587905, 93.43643467870507, 48.898886373533834, 77.17145611174593]]"
34,"[[(2, 37), (5, 18), (6, 1), (9, 5), (9, 37), (1, 14), (1, 34), (19, 33), (22, 4), (38, 3), (38, 11), (35, 5), (3, 30), (30, 10), (30, 19), (4, 9), (4, 23), (32, 1), (32, 30), (15, 30), (17, 5), (27, 2), (27, 10), (27, 11), (27, 38), (29, 6), (31, 8), (31, 28), (7, 18), (7, 37), (21, 17), (16, 2), (28, 26), (26, 36), (13, 10), (25, 35)]]","[[137.49169679049334, 160.2334706156618, 51.0352210059827, 43.0601501339212, 8.948623456687553, 40.69581846361744, 960.6180133595781, 181.13648919292243, 34.152628548383404, 636.1047467153654, 111.70198103946186, 258.62198030513485, 214.17483293149093, 103.29968727352644, 107.18380720120535, 70.01962425641447, 211.07758455795872, 282.50407654218066, 7.530235951773694, 192.52420109038195, 158.8982953850915, 161.67198068597105, 246.52545452483346, 307.47303671683653, 260.3579238548573, 717.4497111419207, 448.70343015539635, 41.251077248862984, 96.29716250861303, 5.6625771884860505, 90.8838105550069, 0.9853182112347365, 33.78131685752734, 98.23212427831686, 32.99777090827723, 78.3476218697695]]"
35,"[[(2, 37), (5, 18), (6, 1), (9, 5), (9, 37), (1, 14), (1, 34), (19, 33), (22, 4), (38, 3), (38, 11), (35, 5), (3, 30), (30, 10), (30, 19), (4, 9), (4, 23), (32, 1), (32, 30), (15, 30), (17, 5), (27, 2), (27, 10), (27, 11), (27, 38), (29, 6), (31, 8), (31, 28), (7, 18), (7, 37), (21, 17), (16, 2), (28, 26), (26, 36), (13, 10), (25, 35)]]","[[172.57174470992635, 80.82900750881427, 62.3690524320755, 30.281163892497176, 815.3927242014566, 33.23499202662208, 841.5704758326713, 325.7254399858399, 32.11035578888595, 335.6385673626992, 71.82767304517051, 229.23648370877214, 104.17072976286548, 84.91460642616596, 57.502843652747245, 62.76633569798557, 242.84917141577094, 413.226509369394, 6.80869242122465, 135.7801023141135, 264.4376724095283, 88.7166788168632, 190.1989352323781, 309.43974613829977, 194.5903522611314, 613.5015937679334, 412.9670820253634, 28.49201212634225, 107.91864730938343, 12.86323506805898, 68.27838093880958, 0.9114289160184108, 34.260434907917684, 97.7872477471542, 23.134567558907076, 79.14749120390468]]"
36,"[[(2, 37), (5, 18), (6, 1), (9, 5), (9, 37), (1, 14), (1, 34), (19, 33), (22, 4), (38, 3), (38, 11), (35, 5), (3, 30), (30, 10), (30, 19), (4, 9), (4, 23), (32, 1), (32, 30), (15, 30), (17, 5), (27, 2), (27, 10), (27, 11), (27, 38), (29, 6), (31, 8), (31, 28), (7, 18), (7, 37), (21, 17), (16, 2), (28, 26), (26, 36), (13, 10), (25, 35)]]","[[118.93376198722967, 65.0195494210256, 16.948598258281187, 9.679209224445977, 147.59287287818367, 15.551792346775736, 637.4858595793582, 269.31254523218155, 31.091170681028746, 486.6220682754745, 164.20621804112594, 235.32121567146658, 238.98058045581635, 146.16353087841804, 95.33818148282526, 59.151879583544854, 142.9298536911923, 347.4621599771829, 7.84991037631981, 148.03740230221138, 214.35600114355532, 120.46677006757244, 147.61523802047574, 310.74162297612753, 87.63319527365354, 628.7846973730176, 436.97609540801244, 31.18679685958237, 100.91300941838993, 9.31756187491369, 87.54715586744507, 0.3132093250642056, 30.585828412716232, 100.79946763596378, 47.083313788173655, 101.36307760198933]]"
37,"[[(2, 37), (5, 18), (6, 1), (9, 5), (9, 37), (1, 14), (1, 34), (19, 33), (22, 4), (38, 3), (38, 11), (35, 5), (3, 30), (30, 10), (30, 19), (4, 9), (4, 23), (32, 1), (32, 30), (15, 30), (17, 5), (27, 2), (27, 10), (27, 11), (27, 38), (29, 6), (31, 8), (31, 28), (7, 18), (7, 37), (21, 17), (16, 2), (28, 26), (26, 36), (13, 10), (25, 35)]]","[[351.45079348209265, 73.50617791504166, 57.11915830013098, 32.81344660191553, 584.9675989951072, 6.317972982911932, 377.2370326270874, 315.9922649580171, 28.84659042931454, 303.44474505312024, 88.30943084994928, 276.22702098251625, 252.3159074949627, 174.34324147686925, 107.42128926135123, 56.91258611758505, 356.0734569717748, 333.8648844577503, 6.726849559315198, 158.488827108726, 97.49897833789612, 165.61651390308043, 106.26986623721639, 310.4249914734875, 257.6011096442378, 378.5329907196131, 396.87678258745154, 43.01356126987349, 101.69959239553944, 15.166285848464645, 92.56298792187731, 1.4423505845260016, 49.404253354585244, 96.49899455885335, 44.58197547716682, 105.68723558413801]]"
38,"[[(2, 37), (5, 18), (6, 1), (9, 5), (9, 37), (1, 14), (1, 34), (19, 33), (22, 4), (38, 3), (38, 11), (35, 5), (3, 30), (30, 10), (30, 19), (4, 9), (4, 23), (32, 1), (32, 30), (15, 30), (17, 5), (27, 2), (27, 10), (27, 11), (27, 38), (29, 6), (31, 8), (31, 28), (7, 18), (7, 37), (21, 17), (16, 2), (28, 26), (26, 36), (13, 10), (25, 35)]]","[[379.2100084954296, 92.6125666087593, 33.921095178574475, 32.24155404873141, 314.4155883711704, 15.945497783767351, 705.4090050407591, 280.60402729297675, 24.07745202269577, 482.4271031375435, 155.87882314073465, 271.4666647940083, 243.0018049561087, 170.0776860353295, 72.62211456473865, 64.631798032294, 245.40662297949345, 273.2641947798202, 7.8189644293774325, 139.9507013135866, 121.61933156115799, 142.89456393470616, 167.07920140242072, 309.6698240774617, 228.87587023147205, 437.82551693760655, 454.3440355332594, 32.10255649104177, 89.32560581583124, 6.84217514149818, 86.3124744008476, 0.5600971885470118, 20.476815037399987, 98.47849491595088, 44.99365635618261, 102.02841342944896]]"
39,"[[(2, 37), (5, 18), (6, 1), (9, 5), (9, 37), (1, 14), (1, 34), (19, 33), (22, 4), (38, 3), (38, 11), (35, 5), (3, 30), (30, 10), (30, 19), (4, 9), (4, 23), (32, 1), (32, 30), (15, 30), (17, 5), (27, 2), (27, 10), (27, 11), (27, 38), (29, 6), (31, 8), (31, 28), (7, 18), (7, 37), (21, 17), (16, 2), (28, 26), (26, 36), (13, 10), (25, 35)]]","[[409.2209029686347, 46.06584282521699, 13.12952583436726, 21.876150426353448, 78.13394690675081, 1.0121664700834698, 745.9710978181844, 216.7126349036022, 24.188925957918595, 479.3961362392891, 29.141261343985626, 267.8299476503537, 121.24820028231846, 155.82675538047707, 95.5657625854876, 93.41597460305637, 186.86286754263213, 412.0996065725866, 7.188777858913264, 155.9301127745705, 216.31497179154334, 171.06992858432992, 118.88659357805611, 308.9785005955434, 222.88558440533, 290.7167197234088, 448.44669975868385, 25.798757960299366, 101.85049200622097, 14.764644218123227, 73.78563424172857, 1.352569803199951, 28.992078915041386, 100.56576390169276, 37.108307416503436, 107.25987604718652]]"
40,"[[(2, 37), (5, 18), (6, 1), (9, 5), (9, 37), (1, 14), (1, 34), (19, 33), (22, 4), (38, 3), (38, 11), (35, 5), (3, 30), (30, 10), (30, 19), (4, 9), (4, 23), (32, 1), (32, 30), (15, 30), (17, 5), (27, 2), (27, 10), (27, 11), (27, 38), (29, 6), (31, 8), (31, 28), (7, 18), (7, 37), (21, 17), (16, 2), (28, 26), (26, 36), (13, 10), (25, 35)]]","[[405.20196038785235, 120.16220739284664, 69.33497169034833, 11.73882312567837, 387.42489998025485, 26.579590010614623, 896.6952187121435, 276.8514595284292, 35.37071309689435, 780.906609615829, 99.91029715927407, 224.26683688780963, 152.04468640287558, 59.97649263552525, 66.79342392199543, 55.34427588316351, 162.77084457457886, 337.4269562134636, 6.358600041762908, 156.17901397182428, 108.77196510539662, 139.11196884480663, 133.35966683832345, 307.9750480143695, 52.79714440579781, 48.217203444407716, 396.97661214517575, 50.946869344244895, 99.45390266584745, 2.1372091621965588, 55.749681851054845, 1.0686219797593361, 22.9891471169649, 100.82107207343098, 29.027203208699255, 91.69697232683359]]"
41,"[[(2, 37), (5, 18), (6, 1), (9, 5), (9, 37), (1, 14), (1, 34), (19, 33), (22, 4), (38, 3), (38, 11), (35, 5), (3, 30), (30, 10), (30, 19), (4, 9), (4, 23), (32, 1), (32, 30), (15, 30), (17, 5), (27, 2), (27, 10), (27, 11), (27, 38), (29, 6), (31, 8), (31, 28), (7, 18), (7, 37), (21, 17), (16, 2), (28, 26), (26, 36), (13, 10), (25, 35)]]","[[466.05380293215455, 106.16293660744248, 44.628022127811874, 31.065056769377527, 602.4462711217736, 6.79412269296875, 982.7590953482874, 440.63078063553854, 25.496548666488255, 423.5460320048335, 35.902758515135005, 274.0954184898303, 177.97085143998612, 183.78310984567622, 92.81823622434989, 54.19201261434911, 52.79216777678991, 322.5522966863073, 6.248986668093666, 239.60138262889464, 167.3473470165371, 131.35556105711163, 174.60782875432588, 307.9091848913152, 261.366817445385, 414.85337855486205, 410.65593989749095, 14.044774625996617, 86.88511208881712, 3.912474603337603, 71.87551636632148, 0.30757406070384863, 29.103214908814923, 94.08614540287161, 24.08191268523338, 129.7767535053758]]"
42,"[[(2, 37), (5, 18), (6, 1), (9, 5), (9, 37), (1, 14), (1, 34), (19, 33), (22, 4), (38, 3), (38, 11), (35, 5), (3, 30), (30, 10), (30, 19), (4, 9), (4, 23), (32, 1), (32, 30), (15, 30), (17, 5), (27, 2), (27, 10), (27, 11), (27, 38), (29, 6), (31, 8), (31, 28), (7, 18), (7, 37), (21, 17), (16, 2), (28, 26), (26, 36), (13, 10), (25, 35)]]","[[549.8490188951207, 96.47091710335407, 54.32572984957633, 33.61790600090845, 663.4077679203679, 35.32026239952128, 419.7037393942616, 78.44822048658303, 30.727656623659854, 466.49118621221515, 24.469626729303975, 227.91773152315756, 128.94593260030865, 147.1363349206034, 106.05950719952547, 95.75072558211781, 269.048930969656, 311.1956832705997, 6.967697642704934, 111.7047653463836, 178.51705001565466, 111.71181832610303, 254.59220583702097, 306.42259550638505, 44.175353336532886, 332.9113437295993, 399.3680494240722, 46.027356853680274, 96.15219677157731, 11.677933847806093, 87.60894033293218, 1.7518515358770415, 41.09310003761304, 93.94762235354952, 19.47101626004479, 104.59220364901289]]"
43,"[[(2, 37), (5, 18), (6, 1), (9, 5), (9, 37), (1, 14), (1, 34), (19, 33), (22, 4), (38, 3), (38, 11), (35, 5), (3, 30), (30, 10), (30, 19), (4, 9), (4, 23), (32, 1), (32, 30), (15, 30), (17, 5), (27, 2), (27, 10), (27, 11), (27, 38), (29, 6), (31, 8), (31, 28), (7, 18), (7, 37), (21, 17), (16, 2), (28, 26), (26, 36), (13, 10), (25, 35)]]","[[384.2564177352123, 106.62614545638495, 23.770173060461566, 23.95822164168742, 12.975695092210543, 46.28536828492988, 554.2966751513311, 435.90066083603824, 36.89893853358481, 766.968473267755, 53.79981180931994, 245.86340520962196, 120.92076085301107, 79.23464598674624, 73.35483005572087, 82.15144294203714, 145.1953460851492, 395.81192124503093, 7.334334592105304, 227.31109077005425, 284.16630705048624, 163.79275458844484, 184.8700267293974, 307.1468855913235, 33.276202921994035, 461.36997010699287, 406.67965111156775, 36.57012069881806, 90.19197115423069, 9.231051903913915, 72.51870245250606, 1.455059291701159, 50.49728704079116, 98.23310652958516, 36.001702343648475, 87.92771191883975]]"
44,"[[(2, 37), (5, 18), (6, 1), (9, 5), (9, 37), (1, 14), (1, 34), (19, 33), (22, 4), (38, 3), (38, 11), (35, 5), (3, 30), (30, 10), (30, 19), (4, 9), (4, 23), (32, 1), (32, 30), (15, 30), (17, 5), (27, 2), (27, 10), (27, 11), (27, 38), (29, 6), (31, 8), (31, 28), (7, 18), (7, 37), (21, 17), (16, 2), (28, 26), (26, 36), (13, 10), (25, 35)]]","[[528.218360519865, 49.12423888547197, 26.540381171713683, 37.69609597852833, 814.7538753369101, 22.865928906449412, 636.7155906254964, 36.87663913569189, 32.87821898374661, 720.5999161056938, 110.63825678097152, 278.93267107506017, 74.57856349151024, 55.39851572602561, 74.12764905448388, 98.01262469693381, 125.5341836309913, 400.5578910912748, 6.9059852779336985, 100.6558484298503, 41.591847453386194, 146.64700722407056, 164.96801928910156, 308.4412027863493, 254.59149273459556, 369.7848502542851, 389.6433369446807, 45.34877840348027, 103.3003198212104, 15.16142800142309, 86.88257833378138, 0.7963001444744828, 46.46923941221603, 98.90406683524186, 38.530244716353124, 68.62016028379682]]"
45,"[[(2, 37), (5, 18), (6, 1), (9, 5), (9, 37), (1, 14), (1, 34), (19, 33), (22, 4), (38, 3), (38, 11), (35, 5), (3, 30), (30, 10), (30, 19), (4, 9), (4, 23), (32, 1), (32, 30), (15, 30), (17, 5), (27, 2), (27, 10), (27, 11), (27, 38), (29, 6), (31, 8), (31, 28), (7, 18), (7, 37), (21, 17), (16, 2), (28, 26), (26, 36), (13, 10), (25, 35)]]","[[345.8796396315701, 110.1927584272861, 64.35727453281228, 14.577916157976242, 650.5139793421055, 32.79364811601694, 742.3830352145578, 434.9997644560173, 26.23632088036114, 206.33182700195826, 108.21396547400592, 265.867841605976, 202.85496362160094, 71.0085647647669, 84.96251187232605, 71.9927200560723, 224.93483814429658, 394.54976834857314, 6.495638688432375, 155.41974396169252, 205.72168706187256, 147.74468318166043, 152.41275472521718, 306.6910856366364, 96.85324447605514, 528.6886836978999, 376.3097664579237, 30.030319302970955, 102.95032082194817, 7.9227456832705, 61.86985685680712, 1.327147217648766, 28.692541447112212, 98.41593595072906, 19.911170889952857, 64.71684542037983]]"
46,"[[(2, 37), (5, 18), (6, 1), (9, 5), (9, 37), (1, 14), (1, 34), (19, 33), (22, 4), (38, 3), (38, 11), (35, 5), (3, 30), (30, 10), (30, 19), (4, 9), (4, 23), (32, 1), (32, 30), (15, 30), (17, 5), (27, 2), (27, 10), (27, 11), (27, 38), (29, 6), (31, 8), (31, 28), (7, 18), (7, 37), (21, 17), (16, 2), (28, 26), (26, 36), (13, 10), (25, 35)]]","[[124.72802121696313, 56.13919919016395, 79.50787524690364, 36.77456707196355, 236.28259533872836, 45.615084693744016, 803.0302032927804, 45.88903557803355, 39.43175256885591, 224.36163490604895, 137.77119965185318, 219.20044085177327, 145.04319729381052, 187.3685527843214, 83.05912360892671, 59.8671027023167, 29.186859933505957, 263.96812222825685, 7.989272559619802, 151.60519043446462, 146.71889299841382, 94.0670415262287, 183.91078631871858, 311.1864135241042, 110.01831248377661, 717.925589326519, 429.3797688363445, 51.2842627607161, 101.09168160755077, 8.271764131722824, 87.8511904541528, 0.31411372004499927, 52.865602069254734, 97.64896338993059, 24.807195522906905, 109.43677430424326]]"
47,"[[(2, 37), (5, 18), (6, 1), (9, 5), (9, 37), (1, 14), (1, 34), (19, 33), (22, 4), (38, 3), (38, 11), (35, 5), (3, 30), (30, 10), (30, 19), (4, 9), (4, 23), (32, 1), (32, 30), (15, 30), (17, 5), (27, 2), (27, 10), (27, 11), (27, 38), (29, 6), (31, 8), (31, 28), (7, 18), (7, 37), (21, 17), (16, 2), (28, 26), (26, 36), (13, 10), (25, 35)]]","[[300.55693046386153, 100.62592556147706, 62.953014658651014, 38.23625930831186, 311.94858615108393, 27.578275067209276, 189.26527902732755, 299.73847242969515, 37.11128864458739, 385.67378529980203, 89.53657967828258, 272.7725938835192, 125.9722323050756, 161.50383433802745, 97.25900650986506, 81.98109688673921, 130.90159280705137, 292.6386485021791, 6.766663189420505, 124.95744930932437, 86.76307361957653, 92.07215626128794, 239.2215215848067, 313.16243594358684, 242.91419841234517, 537.5546346332131, 448.90489616367955, 49.06128332628039, 105.38605316558633, 2.4964291703949777, 75.64686562109512, 1.4376075716540384, 34.25722450573817, 99.05188568806467, 22.392054970874092, 100.72357194560527]]"
48,"[[(2, 37), (5, 18), (6, 1), (9, 5), (9, 37), (1, 14), (1, 34), (19, 33), (22, 4), (38, 3), (38, 11), (35, 5), (3, 30), (30, 10), (30, 19), (4, 9), (4, 23), (32, 1), (32, 30), (15, 30), (17, 5), (27, 2), (27, 10), (27, 11), (27, 38), (29, 6), (31, 8), (31, 28), (7, 18), (7, 37), (21, 17), (16, 2), (28, 26), (26, 36), (13, 10), (25, 35)]]","[[300.13122694212797, 89.53820164583226, 29.25070701946574, 19.58879447440017, 90.32219008289819, 25.669301385933373, 324.1897837910351, 363.6460650353579, 28.467186738705145, 677.494927686215, 39.26285310145933, 260.5506939178294, 117.83890567904292, 59.445503180564614, 94.23975230684016, 68.00463889072732, 261.58025155271275, 344.7304090818875, 7.936894649823579, 157.20540531308063, 52.05734434057602, 149.01806727021926, 254.424662915321, 309.04102622835615, 153.3272081601288, 521.478701775552, 382.38140224408596, 37.779421313454776, 106.59756577371448, 12.992869380464887, 80.2166939659906, 1.5676526342253154, 47.283205805043764, 97.01632600214957, 41.745819752614594, 83.00995938126599]]"
49,"[[(2, 37), (5, 18), (6, 1), (9, 5), (9, 37), (1, 14), (1, 34), (19, 33), (22, 4), (38, 3), (38, 11), (35, 5), (3, 30), (30, 10), (30, 19), (4, 9), (4, 23), (32, 1), (32, 30), (15, 30), (17, 5), (27, 2), (27, 10), (27, 11), (27, 38), (29, 6), (31, 8), (31, 28), (7, 18), (7, 37), (21, 17), (16, 2), (28, 26), (26, 36), (13, 10), (25, 35)]]","[[285.7273825765168, 95.50773818251757, 70.32133957658053, 24.136491430445037, 746.4913417188226, 4.486624117986993, 790.5962153194239, 338.2596236643554, 37.79384269897916, 568.6339302715894, 47.16188950122387, 288.83032807066127, 132.3495562778159, 68.97210375728443, 99.19875549752095, 65.37231535390836, 364.56841702493637, 326.59720661158593, 6.473740334840301, 101.97129802186525, 263.5925274000332, 86.7782332909495, 132.16828443215283, 308.17360080509985, 63.236862888166215, 703.7745362527548, 463.7373471014029, 43.24232306921309, 104.64457927394872, 13.20822461900902, 91.21016861326584, 0.8929205963301945, 47.18055344509331, 95.35773714462985, 23.317840524269073, 117.7998306381161]]"
50,"[[(2, 37), (5, 18), (6, 1), (9, 5), (9, 37), (1, 14), (1, 34), (19, 33), (22, 4), (38, 3), (38, 11), (35, 5), (3, 30), (30, 10), (30, 19), (4, 9), (4, 23), (32, 1), (32, 30), (15, 30), (17, 5), (27, 2), (27, 10), (27, 11), (27, 38), (29, 6), (31, 8), (31, 28), (7, 18), (7, 37), (21, 17), (16, 2), (28, 26), (26, 36), (13, 10), (25, 35)]]","[[552.2031399651468, 130.71216846309517, 36.346132773271705, 34.50663311472826, 29.416098913112336, 1.8210644015121278, 224.03686014607416, 129.65462017652743, 36.44627910510198, 789.9604442094721, 48.67882083807275, 230.831745443387, 133.3565932980252, 166.0254294148676, 73.97196524151022, 84.70999119792866, 89.36075288136198, 261.4624516584145, 6.396722349506886, 110.00824299445775, 28.62577288163299, 90.42031262753264, 113.50213318946136, 307.8463289291046, 173.8525888842374, 375.08501070564733, 415.7183193408352, 38.81483584459828, 109.7308674317571, 15.483927469844419, 80.97227643983163, 1.3457648783227605, 38.5348239249689, 98.99036371250818, 25.157739581869972, 82.06047118023294]]"
51,"[[(2, 37), (5, 18), (6, 1), (9, 5), (9, 37), (1, 14), (1, 34), (19, 33), (22, 4), (38, 3), (38, 11), (35, 5), (3, 30), (30, 10), (30, 19), (4, 9), (4, 23), (32, 1), (32, 30), (15, 30), (17, 5), (27, 2), (27, 10), (27, 11), (27, 38), (29, 6), (31, 8), (31, 28), (7, 18), (7, 37), (21, 17), (16, 2), (28, 26), (26, 36), (13, 10), (25, 35)]]","[[527.1707265430214, 125.78672199902017, 63.35166214874634, 38.79086523219204, 103.60971424782288, 5.890203407699051, 855.7827831785864, 399.34412782334437, 39.14766005359826, 580.4588559548815, 145.19452432738808, 248.26947489657533, 148.6293883779784, 100.17321967496629, 56.567319489269735, 94.40913594673668, 132.71904097699957, 328.9357070308732, 7.83199544390364, 194.64827727612402, 185.39038488838762, 84.30314919239873, 201.5559359754426, 306.76273033899156, 154.7906343756734, 374.8890262544101, 416.90183231013975, 50.61812784204208, 102.0148297687383, 10.031376727163945, 86.9069112695768, 1.2384923647411439, 54.20742135435722, 96.08442598675377, 25.927944105188757, 79.0175424814993]]"
52,"[[(2, 37), (5, 18), (6, 1), (9, 5), (9, 37), (1, 14), (1, 34), (19, 33), (22, 4), (38, 3), (38, 11), (35, 5), (3, 30), (30, 10), (30, 19), (4, 9), (4, 23), (32, 1), (32, 30), (15, 30), (17, 5), (27, 2), (27, 10), (27, 11), (27, 38), (29, 6), (31, 8), (31, 28), (7, 18), (7, 37), (21, 17), (16, 2), (28, 26), (26, 36), (13, 10), (25, 35)]]","[[132.95798252117328, 86.83657091137724, 56.39246555196213, 14.35356837667377, 677.3919638151981, 14.519215742216536, 858.3537999582543, 166.5269261611627, 26.593244281036327, 407.5080398540657, 27.34697337680015, 226.78086499462898, 188.97509939032616, 141.09505393332887, 55.407291009676804, 56.13676890870701, 347.455555043711, 263.3419445892, 7.54683321845641, 200.66360031159343, 270.5889609221025, 134.01308260461488, 269.79805339455197, 307.12689382713086, 206.22069492012167, 353.9137117136022, 417.5270698614628, 23.2379893026551, 103.65233245707546, 7.836657845670592, 60.20731271904396, 0.3931435393740015, 20.282334109426113, 94.06403218476927, 24.95480670547691, 80.06839976805685]]"
53,"[[(2, 37), (5, 18), (6, 1), (9, 5), (9, 37), (1, 14), (1, 34), (19, 33), (22, 4), (38, 3), (38, 11), (35, 5), (3, 30), (30, 10), (30, 19), (4, 9), (4, 23), (32, 1), (32, 30), (15, 30), (17, 5), (27, 2), (27, 10), (27, 11), (27, 38), (29, 6), (31, 8), (31, 28), (7, 18), (7, 37), (21, 17), (16, 2), (28, 26), (26, 36), (13, 10), (25, 35)]]","[[228.9459344839088, 60.83981048914387, 33.108914729675206, 39.44307150343712, 71.06693355037932, 18.384157272597093, 967.5202677684713, 68.62619576037241, 28.98829682994673, 382.11086359395614, 68.22328862309209, 285.83271720471816, 92.04244025807805, 129.91166430632677, 62.69526117673019, 81.83494695486019, 319.7377821299625, 362.3618711747404, 6.798643474603665, 163.0338048833089, 282.16062517391964, 148.54316211546177, 123.65048032973303, 310.4963601896966, 195.06780057745777, 378.20173412229155, 460.2098061626872, 28.06262867916654, 92.74455724190841, 5.825253355465373, 90.73161238189701, 0.6377979737378714, 27.065429477211676, 95.16626207889531, 42.3892413371642, 65.31652045760448]]"
54,"[[(2, 37), (5, 18), (6, 1), (9, 5), (9, 37), (1, 14), (1, 34), (19, 33), (22, 4), (38, 3), (38, 11), (35, 5), (3, 30), (30, 10), (30, 19), (4, 9), (4, 23), (32, 1), (32, 30), (15, 30), (17, 5), (27, 2), (27, 10), (27, 11), (27, 38), (29, 6), (31, 8), (31, 28), (7, 18), (7, 37), (21, 17), (16, 2), (28, 26), (26, 36), (13, 10), (25, 35)]]","[[178.09484583631507, 63.982158996197796, 21.893121003807526, 11.977353452726781, 19.58834448029272, 5.862224180326232, 467.10074565065804, 75.22091676825475, 29.73645230220744, 469.515183591968, 84.40796131000495, 277.9532295142209, 169.6436295046493, 124.79337204190534, 72.52583379747436, 95.53757053933815, 271.6257351374554, 273.1387565516835, 7.911560600707436, 152.5560550172671, 238.75393296006004, 102.7392557520542, 177.19384460692834, 312.1645706464511, 132.8486264406884, 205.03624492925772, 462.9771965242697, 31.756523125477113, 105.44974248619769, 8.433941165646152, 85.58021236579819, 1.4798730700089453, 52.526281429360644, 98.68874128425932, 35.086479073997495, 73.40136497857557]]"
55,"[[(2, 37), (5, 18), (6, 1), (9, 5), (9, 37), (1, 14), (1, 34), (19, 33), (22, 4), (38, 3), (38, 11), (35, 5), (3, 30), (30, 10), (30, 19), (4, 9), (4, 23), (32, 1), (32, 30), (15, 30), (17, 5), (27, 2), (27, 10), (27, 11), (27, 38), (29, 6), (31, 8), (31, 28), (7, 18), (7, 37), (21, 17), (16, 2), (28, 26), (26, 36), (13, 10), (25, 35)]]","[[226.19107997216764, 90.77474072644304, 64.91003086070486, 19.115018537879145, 169.66803725616296, 18.316269541546898, 492.84827104607234, 57.98103050814636, 32.69968387415318, 577.2283483259102, 127.29287365978308, 271.21373851285034, 246.8314136728375, 140.80143578195486, 61.21365772009161, 96.34230740718417, 110.32493563980194, 385.80049847923146, 7.060147793378449, 144.32029726090786, 248.96813074219887, 168.64327100871583, 267.63284759418946, 312.4422798276164, 165.32038479950484, 684.6618380258487, 431.3016121265251, 23.73223254594091, 88.74498881214757, 4.508407510186287, 66.97053830683106, 0.9906773087417271, 53.80443028093717, 99.45549491005924, 35.80768606904341, 127.03778650023492]]"
56,"[[(2, 37), (5, 18), (6, 1), (9, 5), (9, 37), (1, 14), (1, 34), (19, 33), (22, 4), (38, 3), (38, 11), (35, 5), (3, 30), (30, 10), (30, 19), (4, 9), (4, 23), (32, 1), (32, 30), (15, 30), (17, 5), (27, 2), (27, 10), (27, 11), (27, 38), (29, 6), (31, 8), (31, 28), (7, 18), (7, 37), (21, 17), (16, 2), (28, 26), (26, 36), (13, 10), (25, 35)]]","[[582.2832784976827, 165.08584301287, 32.05339931543631, 37.36980592854596, 575.849735667022, 21.91231804648803, 565.6911428419321, 332.54569203150953, 35.14768764782018, 498.5726427304444, 131.7502483548407, 254.72065807053517, 79.02849135150674, 97.03282963654263, 81.51053296355317, 61.91746254497427, 344.4950526052605, 378.08532114162256, 7.526622981805797, 93.55075971355102, 276.5380372627042, 129.85749298849828, 131.6925710235341, 313.422110366223, 137.95038967323853, 92.17725830104827, 439.2204832635365, 35.27480469710265, 87.11856947073035, 12.963480187543281, 93.56982124825609, 0.3394206997740463, 26.81657239743472, 98.8438914444098, 33.80120467769153, 103.76970857114999]]"
57,"[[(2, 37), (5, 18), (6, 1), (9, 5), (9, 37), (1, 14), (1, 34), (19, 33), (22, 4), (38, 3), (38, 11), (35, 5), (3, 30), (30, 10), (30, 19), (4, 9), (4, 23), (32, 1), (32, 30), (15, 30), (17, 5), (27, 2), (27, 10), (27, 11), (27, 38), (29, 6), (31, 8), (31, 28), (7, 18), (7, 37), (21, 17), (16, 2), (28, 26), (26, 36), (13, 10), (25, 35)]]","[[581.219152062784, 56.40411374142019, 37.84458786264979, 42.899518318629205, 41.721214070748374, 46.88013810345449, 235.48353421806365, 312.09112906060017, 35.88247468893442, 448.2203802321182, 154.6128429118278, 277.9685846247623, 85.02130224638137, 153.16481276492053, 66.32576621969059, 84.4742182830154, 230.4105136273667, 322.4447777948458, 6.686508390982434, 158.8571927628548, 106.76864577137066, 106.14695799402159, 225.230014363075, 307.49388847993407, 109.1272172446719, 700.2242326343728, 423.2525873952367, 27.03805921252826, 97.67929976432063, 8.42813129794998, 65.15639968437247, 1.9360856129017672, 18.325074886871487, 98.69568972629119, 29.596599393893506, 124.48703620914836]]"
58,"[[(2, 37), (5, 18), (6, 1), (9, 5), (9, 37), (1, 14), (1, 34), (19, 33), (22, 4), (38, 3), (38, 11), (35, 5), (3, 30), (30, 10), (30, 19), (4, 9), (4, 23), (32, 1), (32, 30), (15, 30), (17, 5), (27, 2), (27, 10), (27, 11), (27, 38), (29, 6), (31, 8), (31, 28), (7, 18), (7, 37), (21, 17), (16, 2), (28, 26), (26, 36), (13, 10), (25, 35)]]","[[440.40425094972966, 139.9566369760699, 29.455965374053882, 16.995756720316784, 511.73089532200134, 28.551542662978328, 198.1426884990725, 137.39845658052903, 31.363164953013868, 529.7345357110096, 57.279816202805975, 271.5981815831095, 141.9620698595695, 165.94179263869418, 101.69338741228853, 93.70187136967758, 354.6678359929233, 301.0247252915639, 6.132547412649155, 159.26616219335546, 189.82609604055637, 107.2689522773598, 200.4496955825063, 311.52524836332316, 220.46704223898922, 644.4371625280927, 424.9728722776733, 40.32012558787205, 88.14076111764649, 5.0493988428519785, 55.852788368793526, 1.3866164529293958, 34.79556480823466, 97.64706601834452, 30.176166592078545, 115.90906517190083]]"
59,"[[(2, 37), (5, 18), (6, 1), (9, 5), (9, 37), (1, 14), (1, 34), (19, 33), (22, 4), (38, 3), (38, 11), (35, 5), (3, 30), (30, 10), (30, 19), (4, 9), (4, 23), (32, 1), (32, 30), (15, 30), (17, 5), (27, 2), (27, 10), (27, 11), (27, 38), (29, 6), (31, 8), (31, 28), (7, 18), (7, 37), (21, 17), (16, 2), (28, 26), (26, 36), (13, 10), (25, 35)]]","[[532.3060330591793, 62.76785440655786, 64.6560704752415, 8.85148380067675, 284.5875632624234, 34.748245314382096, 996.0163548930202, 194.82890501628756, 28.103424915966656, 754.3006467993994, 119.46401616106684, 275.05516143264106, 242.35216998914257, 76.67044179855752, 63.68396540132829, 80.99218412780155, 333.1345482658877, 257.489411187805, 7.120581895391135, 127.09568739795444, 44.62281249119651, 160.4969674973028, 282.73023663004864, 311.96385599998837, 86.43304229027187, 45.88750060764638, 390.0288954875884, 47.65873661062162, 93.50732815423916, 8.20977851411743, 94.12765755427185, 1.3354997558095902, 11.63201114180275, 94.19536610771542, 19.17577806786328, 64.63080787586307]]"
60,"[[(2, 37), (5, 18), (6, 1), (9, 5), (9, 37), (1, 14), (1, 34), (19, 33), (22, 4), (38, 3), (38, 11), (35, 5), (3, 30), (30, 10), (30, 19), (4, 9), (4, 23), (32, 1), (32, 30), (15, 30), (17, 5), (27, 2), (27, 10), (27, 11), (27, 38), (29, 6), (31, 8), (31, 28), (7, 18), (7, 37), (21, 17), (16, 2), (28, 26), (26, 36), (13, 10), (25, 35)]]","[[454.9142203429961, 142.1527435715032, 68.05762559936448, 24.15361839006302, 160.37945093957444, 14.473279981280808, 1043.1052388418939, 473.86050120536305, 24.897384090500015, 727.2614942405204, 117.72629611427521, 242.83132768847963, 170.15370878469895, 133.89068940637625, 74.10766449893443, 98.37361992048379, 316.47143043596253, 308.5822892249239, 7.023169243247337, 218.02869598897138, 158.13127793562018, 95.43813185382518, 140.93895868798188, 311.6468653911365, 180.19431440140784, 481.91794538923006, 455.9453818579289, 26.130911932611838, 94.62166304263779, 11.971449507035695, 75.5245241901759, 0.8248288374476676, 12.09802199627929, 100.73753387781339, 50.79195360558496, 71.91122364990899]]"
61,"[[(2, 37), (5, 18), (6, 1), (9, 5), (9, 37), (1, 14), (1, 34), (19, 33), (22, 4), (38, 3), (38, 11), (35, 5), (3, 30), (30, 10), (30, 19), (4, 9), (4, 23), (32, 1), (32, 30), (15, 30), (17, 5), (27, 2), (27, 10), (27, 11), (27, 38), (29, 6), (31, 8), (31, 28), (7, 18), (7, 37), (21, 17), (16, 2), (28, 26), (26, 36), (13, 10), (25, 35)]]","[[411.5707601341242, 152.30199781910153, 72.12421495835682, 27.462598856459287, 656.2513341356496, 29.134475110741043, 417.61279772781853, 192.3504168104227, 30.35550858042478, 234.88542813065698, 30.978818614969192, 249.14566995423604, 63.09698298055021, 163.80933046779597, 59.04635885054409, 63.672363493590325, 27.315472004502244, 359.7905621962951, 6.029508298388615, 190.52980024808554, 217.61562578010458, 147.31430593984265, 120.44378020935739, 312.3148780713289, 42.020381525501406, 598.0009196063132, 424.754802657003, 49.74685988550487, 109.41005755201407, 2.123237657719179, 73.05317610038442, 0.01750725022521893, 51.95788840135434, 94.31215947492464, 39.60073807897962, 65.45456702937207]]"
62,"[[(2, 37), (5, 18), (6, 1), (9, 5), (9, 37), (1, 14), (1, 34), (19, 33), (22, 4), (38, 3), (38, 11), (35, 5), (3, 30), (30, 10), (30, 19), (4, 9), (4, 23), (32, 1), (32, 30), (15, 30), (17, 5), (27, 2), (27, 10), (27, 11), (27, 38), (29, 6), (31, 8), (31, 28), (7, 18), (7, 37), (21, 17), (16, 2), (28, 26), (26, 36), (13, 10), (25, 35)]]","[[505.25199441045817, 60.27935531499412, 73.76655933377563, 16.535566038776313, 348.8105963140183, 10.82855592311798, 896.7744824802235, 11.96946617579787, 40.22656745884545, 256.2177955687093, 124.1549126289241, 212.48569469284828, 186.93656149286429, 87.11389303179294, 80.24276277772071, 63.32619194167982, 382.75592727885675, 373.3530958337999, 7.4880334797002, 91.74683419452175, 153.34260711845874, 88.22188625936215, 208.50635018761534, 311.5502554322859, 102.17548591928012, 747.8680698733151, 377.3802282765229, 48.37170524493012, 94.66898739223126, 8.160718158025894, 85.38253479134718, 0.3442588753273397, 52.68179181774731, 100.14128416820772, 38.48365393516052, 74.95490183682247]]"
63,"[[(2, 37), (5, 18), (6, 1), (9, 5), (9, 37), (1, 14), (1, 34), (19, 33), (22, 4), (38, 3), (38, 11), (35, 5), (3, 30), (30, 10), (30, 19), (4, 9), (4, 23), (32, 1), (32, 30), (15, 30), (17, 5), (27, 2), (27, 10), (27, 11), (27, 38), (29, 6), (31, 8), (31, 28), (7, 18), (7, 37), (21, 17), (16, 2), (28, 26), (26, 36), (13, 10), (25, 35)]]","[[221.6568081997276, 112.07298101397204, 53.830789703258255, 22.797423065072874, 299.6067673530775, 12.734008569452248, 675.1145702406312, 171.3567845790044, 32.41778545068141, 398.11615314783285, 88.61515760769197, 276.9919898966535, 225.60361780497138, 89.6604977551026, 82.13773930876222, 78.0630582112488, 142.42524342748186, 400.0452347675556, 6.520601120542589, 178.0889197184199, 94.86866742958904, 143.38879163911793, 116.7466350530055, 311.21931807198035, 109.02017234831663, 132.58612374620628, 453.83589511748386, 30.96711537881953, 99.96095756633349, 3.156980168093936, 69.20313921451685, 1.0823155628039127, 15.133690429622916, 94.64943181305439, 31.179099727434288, 113.82911294524001]]"
64,"[[(2, 37), (5, 18), (6, 1), (9, 5), (9, 37), (1, 14), (1, 34), (19, 33), (22, 4), (38, 3), (38, 11), (35, 5), (3, 30), (30, 10), (30, 19), (4, 9), (4, 23), (32, 1), (32, 30), (15, 30), (17, 5), (27, 2), (27, 10), (27, 11), (27, 38), (29, 6), (31, 8), (31, 28), (7, 18), (7, 37), (21, 17), (16, 2), (28, 26), (26, 36), (13, 10), (25, 35)]]","[[364.5103049576503, 121.82047444463775, 18.090593362767265, 6.721053606462718, 724.9223693905725, 13.386523658706437, 203.86069522446493, 52.61996582110433, 41.06825643301924, 549.5022417954865, 26.73435941048547, 276.91457140298235, 59.647605327247206, 155.99277868120998, 63.692102946860906, 58.661480563949624, 88.20149779682055, 270.7453065039051, 7.6892868154706235, 208.37607471621197, 265.06280209686486, 119.09161490499483, 226.126383751601, 311.87831781770655, 34.35999778074676, 95.27577663621491, 427.22048103780514, 23.63418145246133, 92.60887309915888, 4.719760331698242, 57.89524244782914, 1.8529126346597478, 16.535309266412547, 100.836139732537, 45.35567045472594, 95.37390520989308]]"
65,"[[(2, 37), (5, 18), (6, 1), (9, 5), (9, 37), (1, 14), (1, 34), (19, 33), (22, 4), (38, 3), (38, 11), (35, 5), (3, 30), (30, 10), (30, 19), (4, 9), (4, 23), (32, 1), (32, 30), (15, 30), (17, 5), (27, 2), (27, 10), (27, 11), (27, 38), (29, 6), (31, 8), (31, 28), (7, 18), (7, 37), (21, 17), (16, 2), (28, 26), (26, 36), (13, 10), (25, 35)]]","[[208.4568595558052, 45.773646384749014, 79.83005028776982, 39.27691708604704, 401.8491044027735, 26.112954114905875, 669.4679463277909, 11.389265360909878, 34.1910992322406, 543.8867423893205, 140.72959151205623, 245.04076776454227, 246.16704089694278, 182.35698241942399, 85.13899360405043, 76.90035896212783, 30.759430118057153, 282.9782911891747, 7.198399832554605, 232.93487058826892, 295.98659722189404, 91.57788364222493, 210.0050833614946, 306.3293079547078, 184.8426371372194, 489.8736038993295, 434.4758636059286, 21.667155090603543, 86.94936590828829, 2.8339065882778884, 81.07456712952107, 1.3474337263578111, 28.76510002859033, 96.4093539674775, 27.357549616212335, 82.71285686107527]]"
66,"[[(2, 37), (5, 18), (6, 1), (9, 5), (9, 37), (1, 14), (1, 34), (19, 33), (22, 4), (38, 3), (38, 11), (35, 5), (3, 30), (30, 10), (30, 19), (4, 9), (4, 23), (32, 1), (32, 30), (15, 30), (17, 5), (27, 2), (27, 10), (27, 11), (27, 38), (29, 6), (31, 8), (31, 28), (7, 18), (7, 37), (21, 17), (16, 2), (28, 26), (26, 36), (13, 10), (25, 35)]]","[[558.3243779168995, 51.944311704975306, 38.35202222201393, 17.01031165611796, 49.5776084823388, 12.05139255839793, 890.726617605464, 141.76267661838125, 26.418876496920817, 630.2936804179294, 164.53710318513038, 278.2199792635506, 235.04130062306186, 54.499860789629054, 83.9658710303642, 92.83485305788375, 276.6131434386412, 360.62358521804526, 6.379186372360914, 135.33850130040676, 240.31251376110626, 140.9803894113771, 197.4512422551956, 312.00833236677687, 223.57488386331798, 632.6338885073822, 442.31414973434664, 53.938918215255896, 98.00820141887796, 11.40847402285617, 54.734901130954704, 1.2513206955197624, 25.7974509083478, 99.48647022238686, 47.4073572922179, 111.16746873600749]]"
67,"[[(2, 37), (5, 18), (6, 1), (9, 5), (9, 37), (1, 14), (1, 34), (19, 33), (22, 4), (38, 3), (38, 11), (35, 5), (3, 30), (30, 10), (30, 19), (4, 9), (4, 23), (32, 1), (32, 30), (15, 30), (17, 5), (27, 2), (27, 10), (27, 11), (27, 38), (29, 6), (31, 8), (31, 28), (7, 18), (7, 37), (21, 17), (16, 2), (28, 26), (26, 36), (13, 10), (25, 35)]]","[[114.33751609445987, 153.0717153627565, 47.52897853581846, 40.25838787610993, 222.51955999786378, 9.839378610620347, 990.532677491914, 20.59064168087994, 27.74236061165202, 215.29884650145644, 94.49811008248423, 284.11550245173703, 252.7411743913715, 194.83600622040063, 66.44926546859243, 77.88521481639565, 364.5539081497318, 380.58839878072416, 6.071261000868124, 239.54222783086587, 260.25766742302153, 162.67178500123987, 254.4142944655068, 312.66822544216865, 165.25055384716677, 41.56805075511826, 444.45232666714696, 43.57873407998236, 102.61611666069186, 14.842070459561045, 64.3249183233925, 1.8667155886535236, 7.607566330177587, 95.13949930565826, 41.79767784485245, 89.81232876657958]]"
68,"[[(2, 37), (5, 18), (6, 1), (9, 5), (9, 37), (1, 14), (1, 34), (19, 33), (22, 4), (38, 3), (38, 11), (35, 5), (3, 30), (30, 10), (30, 19), (4, 9), (4, 23), (32, 1), (32, 30), (15, 30), (17, 5), (27, 2), (27, 10), (27, 11), (27, 38), (29, 6), (31, 8), (31, 28), (7, 18), (7, 37), (21, 17), (16, 2), (28, 26), (26, 36), (13, 10), (25, 35)]]","[[354.00664528291713, 70.95209957125981, 48.28543440023514, 24.252502766556333, 689.5643981263754, 38.07150741043642, 1041.3784559224205, 175.78313530830653, 29.996392453258764, 207.9104671214594, 148.67156680522572, 287.904030981558, 193.09765382585, 175.23621840406682, 88.38763004686669, 58.278373727491704, 112.3972419402396, 278.58649696396793, 6.429572683141765, 224.4116370674585, 191.24589511914402, 111.11498488182605, 267.6979552544001, 309.17713341501894, 73.94934105426499, 713.0819901300572, 441.4346747056879, 42.95608222392691, 107.45128014827364, 9.180725115545556, 85.67378071621548, 1.5997014526651132, 28.15388356861292, 93.3210217225087, 44.61805367311884, 74.5994966984701]]"
69,"[[(2, 37), (5, 18), (6, 1), (9, 5), (9, 37), (1, 14), (1, 34), (19, 33), (22, 4), (38, 3), (38, 11), (35, 5), (3, 30), (30, 10), (30, 19), (4, 9), (4, 23), (32, 1), (32, 30), (15, 30), (17, 5), (27, 2), (27, 10), (27, 11), (27, 38), (29, 6), (31, 8), (31, 28), (7, 18), (7, 37), (21, 17), (16, 2), (28, 26), (26, 36), (13, 10), (25, 35)]]","[[114.52312338346402, 77.48091475566186, 12.173932789477735, 36.098801200870824, 110.27776043716855, 24.335107634273797, 187.67409451849005, 196.09225323287433, 32.736311499706474, 579.2022990856019, 126.07060029046389, 229.07767418088866, 128.22884044124567, 101.15828004520671, 59.06865851195463, 56.29911816146033, 186.96605750913812, 397.59375861537217, 6.481228592059505, 92.58222469769593, 139.48696533040572, 144.45647995013928, 120.70887544111243, 308.2467169533506, 65.73577605692817, 259.114724209014, 421.4912276663998, 51.09697799311218, 98.9841782647413, 15.69579286133015, 96.20984986610341, 0.5991683745498211, 22.835692452824695, 99.02202796590383, 24.030089896259717, 95.04261290563902]]"
70,"[[(2, 37), (5, 18), (6, 1), (9, 5), (9, 37), (1, 14), (1, 34), (19, 33), (22, 4), (38, 3), (38, 11), (35, 5), (3, 30), (30, 10), (30, 19), (4, 9), (4, 23), (32, 1), (32, 30), (15, 30), (17, 5), (27, 2), (27, 10), (27, 11), (27, 38), (29, 6), (31, 8), (31, 28), (7, 18), (7, 37), (21, 17), (16, 2), (28, 26), (26, 36), (13, 10), (25, 35)]]","[[549.2521589861983, 50.845828801644714, 48.95368140789321, 38.01149218764468, 397.6270912035283, 11.023188123579953, 156.3508206083198, 291.50029814985896, 30.383138810851296, 222.85872696237377, 77.44513636579225, 238.70958916122922, 134.5896897291779, 89.03481527603022, 98.4158485767714, 62.41475656470045, 349.6352637138116, 342.02862891301373, 7.028174853253025, 106.37351233659174, 165.870022743721, 128.35456217046294, 158.8890531065141, 312.8047919115998, 101.7957158553716, 616.3505531055573, 417.79121236554306, 16.896565764858536, 108.58843444029962, 3.211388314424952, 92.32665088885844, 0.09812938165785257, 52.75801458138257, 95.09211451523532, 41.73294160289723, 116.07007544575839]]"
71,"[[(2, 37), (5, 18), (6, 1), (9, 5), (9, 37), (1, 14), (1, 34), (19, 33), (22, 4), (38, 3), (38, 11), (35, 5), (3, 30), (30, 10), (30, 19), (4, 9), (4, 23), (32, 1), (32, 30), (15, 30), (17, 5), (27, 2), (27, 10), (27, 11), (27, 38), (29, 6), (31, 8), (31, 28), (7, 18), (7, 37), (21, 17), (16, 2), (28, 26), (26, 36), (13, 10), (25, 35)]]","[[294.7447864887822, 109.0129654448851, 44.55896777987285, 13.44208238708586, 550.5231985300879, 27.0076366243989, 629.3442366468844, 246.48020317418278, 38.957331825278324, 575.9794775024711, 161.4494021015796, 282.4031926898366, 132.7981346536912, 134.6205131343735, 92.70158872003499, 64.95587670313382, 298.5212082031133, 319.9179323498256, 6.576166961936293, 234.8342836462899, 259.6336923530643, 160.160264638125, 230.5788425207106, 311.9664119508345, 258.3006208183573, 498.9551727172448, 445.4178774033387, 45.140913107942204, 97.90561417188688, 7.102217448901751, 83.59796803587263, 0.8167768858264468, 45.98547831576729, 99.47729328460709, 37.420857087960364, 114.85297102584443]]"
72,"[[(2, 37), (5, 18), (6, 1), (9, 5), (9, 37), (1, 14), (1, 34), (19, 33), (22, 4), (38, 3), (38, 11), (35, 5), (3, 30), (30, 10), (30, 19), (4, 9), (4, 23), (32, 1), (32, 30), (15, 30), (17, 5), (27, 2), (27, 10), (27, 11), (27, 38), (29, 6), (31, 8), (31, 28), (7, 18), (7, 37), (21, 17), (16, 2), (28, 26), (26, 36), (13, 10), (25, 35)]]","[[183.60029376231356, 97.81669164069663, 26.88414890897308, 11.330721433974986, 23.33602223590906, 45.84758965902015, 776.484403997004, 34.39624232236576, 28.449248307265258, 361.08255587688336, 144.78086869542187, 245.7418324840904, 115.0338077102092, 96.1537803835026, 100.51625103935892, 92.27730680870943, 267.01594490482427, 361.46829621651364, 7.0852301737748995, 212.21890534025042, 172.38840720306956, 146.54050886242436, 180.77300948600345, 311.3374653664418, 185.89054798255714, 348.2156252642637, 401.2667249839044, 48.462172574338425, 108.87975238862356, 12.546968735224944, 96.62060452217119, 1.3649722922631853, 9.362433890488354, 97.02211424719691, 48.10291294963584, 98.30663847317275]]"
73,"[[(2, 37), (5, 18), (6, 1), (9, 5), (9, 37), (1, 14), (1, 34), (19, 33), (22, 4), (38, 3), (38, 11), (35, 5), (3, 30), (30, 10), (30, 19), (4, 9), (4, 23), (32, 1), (32, 30), (15, 30), (17, 5), (27, 2), (27, 10), (27, 11), (27, 38), (29, 6), (31, 8), (31, 28), (7, 18), (7, 37), (21, 17), (16, 2), (28, 26), (26, 36), (13, 10), (25, 35)]]","[[427.8464044040221, 109.93945533182504, 18.08343873180341, 17.1206174483629, 716.2999115493575, 27.0163554137039, 485.0859574406555, 385.2254669143128, 29.042192720832404, 467.28966223624377, 130.6817480761332, 248.30252995395333, 216.40347051554875, 83.37921721692516, 101.61731620965185, 80.2506776659447, 40.89018196968717, 296.5241142038679, 7.613939470531653, 150.70816831454073, 122.9027023523621, 119.17206604770178, 134.1661445681868, 313.54966807114124, 178.4776073108888, 208.97393883669133, 391.8797039525729, 22.280015174929662, 89.34239836957488, 15.968522137483824, 68.39135567370704, 0.38216323532691643, 45.434436683808066, 99.59938452681271, 50.331181864266114, 94.39779941786986]]"
74,"[[(2, 37), (5, 18), (6, 1), (9, 5), (9, 37), (1, 14), (1, 34), (19, 33), (22, 4), (38, 3), (38, 11), (35, 5), (3, 30), (30, 10), (30, 19), (4, 9), (4, 23), (32, 1), (32, 30), (15, 30), (17, 5), (27, 2), (27, 10), (27, 11), (27, 38), (29, 6), (31, 8), (31, 28), (7, 18), (7, 37), (21, 17), (16, 2), (28, 26), (26, 36), (13, 10), (25, 35)]]","[[261.30540225749644, 123.95807734687122, 39.88112526675468, 18.335386994696414, 107.14029447369722, 28.10818392293305, 1109.0606902333677, 204.50702768726185, 32.44996009967511, 214.16614956347706, 129.78590332672968, 254.74740861990202, 172.78824961741452, 111.1952863192207, 67.456611128845, 53.68942425459635, 235.50673332734303, 398.5794329501846, 7.021217268919824, 201.72543666735396, 29.53247103208225, 145.56350565981447, 167.43835828791634, 311.6701672544147, 60.069429865162505, 395.4051759736862, 434.6171790685419, 21.508467897208504, 106.46996638341034, 13.627545931231154, 74.2229128827978, 0.268354989217646, 6.486444920295618, 97.00050059272249, 31.727824244766946, 77.653368213584]]"
75,"[[(2, 37), (5, 18), (6, 1), (9, 5), (9, 37), (1, 14), (1, 34), (19, 33), (22, 4), (38, 3), (38, 11), (35, 5), (3, 30), (30, 10), (30, 19), (4, 9), (4, 23), (32, 1), (32, 30), (15, 30), (17, 5), (27, 2), (27, 10), (27, 11), (27, 38), (29, 6), (31, 8), (31, 28), (7, 18), (7, 37), (21, 17), (16, 2), (28, 26), (26, 36), (13, 10), (25, 35)]]","[[109.74331841499239, 138.9375463557211, 33.48745818118353, 12.785649544480014, 15.799891200094617, 45.41339365999156, 345.0936714019313, 162.23484689576807, 37.49633685446236, 616.9204350043735, 93.25294405424015, 230.6525823765482, 250.980733202013, 103.91234504858465, 67.13262454848703, 97.54976773608166, 236.48597778731204, 377.9539168452953, 7.737935070855431, 205.69967218384699, 48.54388680555431, 105.68230927352167, 251.86703752126786, 311.372617559237, 87.33100536744855, 437.5262426409737, 395.94315672262314, 33.167916929373206, 100.47173572340124, 8.703794582385113, 70.90372062206063, 1.0766749589338498, 32.13835504052137, 100.52871954689418, 21.88019269457755, 102.4282495597325]]"
76,"[[(2, 37), (5, 18), (6, 1), (9, 5), (9, 37), (1, 14), (1, 34), (19, 33), (22, 4), (38, 3), (38, 11), (35, 5), (3, 30), (30, 10), (30, 19), (4, 9), (4, 23), (32, 1), (32, 30), (15, 30), (17, 5), (27, 2), (27, 10), (27, 11), (27, 38), (29, 6), (31, 8), (31, 28), (7, 18), (7, 37), (21, 17), (16, 2), (28, 26), (26, 36), (13, 10), (25, 35)]]","[[190.12003356167543, 145.09374858452176, 43.46478310213127, 34.732494470944836, 562.0670692228805, 10.369959846839215, 874.9701050899241, 401.08237062912605, 33.89449543977948, 477.2688930925359, 46.92339221116106, 255.57516767246932, 131.57123052783163, 98.54982885541615, 107.50028079547637, 94.42239364794875, 203.4641026225343, 346.57129912588556, 7.780043936498181, 121.66056653698143, 127.26074892511382, 86.52200678034087, 146.33759612226223, 307.69425510240995, 235.07717284378975, 68.35331183644837, 455.65526300957106, 53.82332176152176, 89.13388726933864, 15.780456364474192, 56.4307000024255, 1.8184473859184358, 5.169372167829856, 94.68131863754981, 33.375775609033965, 85.79303089106642]]"
77,"[[(2, 37), (5, 18), (6, 1), (9, 5), (9, 37), (1, 14), (1, 34), (19, 33), (22, 4), (38, 3), (38, 11), (35, 5), (3, 30), (30, 10), (30, 19), (4, 9), (4, 23), (32, 1), (32, 30), (15, 30), (17, 5), (27, 2), (27, 10), (27, 11), (27, 38), (29, 6), (31, 8), (31, 28), (7, 18), (7, 37), (21, 17), (16, 2), (28, 26), (26, 36), (13, 10), (25, 35)]]","[[159.1597885726279, 69.68630208089034, 14.566595382930544, 16.003523035264664, 496.66646502562446, 18.872720360224662, 165.39171763306695, 14.501594588211882, 36.95130735730652, 803.9968468753125, 36.00965258803379, 212.1872158773416, 127.67067563473407, 131.52366138322878, 84.54750637482361, 72.37587681442301, 354.2711240718478, 285.39638871916753, 6.947249792851844, 123.04215347756218, 191.20640912258415, 91.52971909271794, 119.96029668904963, 313.1536602240317, 86.20469805523854, 398.3351654835767, 462.65360271192276, 33.40237742037349, 106.51472122072764, 10.820180946019573, 55.98918106624896, 0.2206562768042719, 49.20176396734322, 98.51008372922279, 23.905589099409287, 131.49159689753816]]"
78,"[[(2, 37), (5, 18), (6, 1), (9, 5), (9, 37), (1, 14), (1, 34), (19, 33), (22, 4), (38, 3), (38, 11), (35, 5), (3, 30), (30, 10), (30, 19), (4, 9), (4, 23), (32, 1), (32, 30), (15, 30), (17, 5), (27, 2), (27, 10), (27, 11), (27, 38), (29, 6), (31, 8), (31, 28), (7, 18), (7, 37), (21, 17), (16, 2), (28, 26), (26, 36), (13, 10), (25, 35)]]","[[430.0957472043328, 142.44625648671166, 21.47579140838123, 33.64487231307606, 182.62717600280192, 20.9873020116556, 676.1750293210233, 404.530050012547, 40.33074698526016, 345.1560158097308, 129.86485150851195, 286.1302037229034, 196.2783434858902, 66.49096651067828, 80.95621646255034, 58.640617477433466, 99.40917527721389, 386.5897500373652, 6.157444446707888, 232.2766285410073, 270.5462426318056, 148.0514173395677, 193.37537385302184, 311.71035652130246, 218.025329848095, 579.6673842003493, 385.37833324166513, 29.866430128606478, 109.47140353014397, 9.209059496607019, 69.86419052486198, 1.9837724990297374, 19.373379175947086, 100.59335844816074, 35.31924363584052, 113.97651982545676]]"
79,"[[(2, 37), (5, 18), (6, 1), (9, 5), (9, 37), (1, 14), (1, 34), (19, 33), (22, 4), (38, 3), (38, 11), (35, 5), (3, 30), (30, 10), (30, 19), (4, 9), (4, 23), (32, 1), (32, 30), (15, 30), (17, 5), (27, 2), (27, 10), (27, 11), (27, 38), (29, 6), (31, 8), (31, 28), (7, 18), (7, 37), (21, 17), (16, 2), (28, 26), (26, 36), (13, 10), (25, 35)]]","[[449.38816774549844, 69.64576333432038, 80.77806636756559, 38.94248214708919, 334.0125490790874, 43.43831806313593, 756.808675310686, 405.9692017230828, 31.19282232182631, 726.5175613965093, 47.31060125810461, 216.2403754759551, 86.318547978178, 109.85223068553651, 71.30250954257762, 91.36608786838332, 159.5923244248469, 269.7230828132148, 7.066795304473911, 134.16477520918858, 24.038438218169034, 97.036434023936, 110.66664372249392, 313.4678994489608, 71.38101394720888, 517.0901683547985, 460.856288758916, 25.724101488467383, 98.20913954298966, 8.578818784175606, 77.51295623643733, 0.7766899715022879, 34.41724728567638, 99.94008013835409, 20.997404423516755, 84.06916085959512]]"
80,"[[(2, 37), (5, 18), (6, 1), (9, 5), (9, 37), (1, 14), (1, 34), (19, 33), (22, 4), (38, 3), (38, 11), (35, 5), (3, 30), (30, 10), (30, 19), (4, 9), (4, 23), (32, 1), (32, 30), (15, 30), (17, 5), (27, 2), (27, 10), (27, 11), (27, 38), (29, 6), (31, 8), (31, 28), (7, 18), (7, 37), (21, 17), (16, 2), (28, 26), (26, 36), (13, 10), (25, 35)]]","[[425.03091174473786, 56.42770897462971, 33.798542685964314, 16.126414502763083, 427.47159193454706, 30.453407850849075, 851.6421338943059, 279.2695495083587, 37.45438054560221, 438.49191912724785, 83.77308301859534, 277.84640073947924, 80.30155957912466, 87.22349686378017, 87.50406861265807, 80.40565508862537, 247.5612809167901, 279.84397594621294, 7.822548896511151, 210.94774369950687, 26.110571086277893, 165.93978846589602, 219.77738649506097, 312.2444334681113, 233.3329743953027, 336.2514575514126, 417.63312505678726, 30.100741179500705, 92.39609178355514, 7.610337075213023, 80.75751940762763, 1.0416706108978568, 24.25963763273069, 99.02718465050503, 47.857476628435606, 108.1721280613732]]"
81,"[[(2, 37), (5, 18), (6, 1), (9, 5), (9, 37), (1, 14), (1, 34), (19, 33), (22, 4), (38, 3), (38, 11), (35, 5), (3, 30), (30, 10), (30, 19), (4, 9), (4, 23), (32, 1), (32, 30), (15, 30), (17, 5), (27, 2), (27, 10), (27, 11), (27, 38), (29, 6), (31, 8), (31, 28), (7, 18), (7, 37), (21, 17), (16, 2), (28, 26), (26, 36), (13, 10), (25, 35)]]","[[492.2611751566359, 87.6636203798897, 21.084683421836324, 38.98384302594815, 167.80246311773095, 14.291426983517816, 538.9464348219386, 298.93995189322385, 40.369318918356356, 588.8257262095724, 121.78197847015659, 242.28998300707468, 218.20232912814308, 126.55116707127999, 105.85344827825534, 92.83514324732668, 282.7718961417002, 386.87033566007364, 6.762647241844554, 166.33664692610662, 217.16622705045873, 122.20061896624503, 120.48442989613284, 313.082362298517, 204.99439458040985, 318.4937155020827, 392.5195624425351, 23.561089472707494, 107.26977314725713, 11.418380729089229, 94.31631404837734, 1.1720694983980828, 16.215968332452736, 100.58745472114809, 26.74376737791706, 63.22636037139298]]"
82,"[[(2, 37), (5, 18), (6, 1), (9, 5), (9, 37), (1, 14), (1, 34), (19, 33), (22, 4), (38, 3), (38, 11), (35, 5), (3, 30), (30, 10), (30, 19), (4, 9), (4, 23), (32, 1), (32, 30), (15, 30), (17, 5), (27, 2), (27, 10), (27, 11), (27, 38), (29, 6), (31, 8), (31, 28), (7, 18), (7, 37), (21, 17), (16, 2), (28, 26), (26, 36), (13, 10), (25, 35)]]","[[554.3025446629798, 44.362091618558736, 64.27327424034382, 7.274261071029255, 432.3329903153096, 2.389753466380765, 790.3713908798887, 131.3337630685156, 36.81461016978775, 303.93858751677965, 156.95122019951432, 292.8525296973855, 215.21422472394977, 102.6870625151312, 72.82546707985995, 98.0592666467031, 187.82211700789566, 290.2103136150862, 6.450793679862972, 181.0672481919273, 250.93105015360013, 140.22198401945337, 150.93782813412616, 311.3549563719337, 150.62002435292806, 44.37295443056179, 447.66379597289216, 40.73077901438468, 98.76153938864186, 15.302290750622078, 93.58291438273076, 0.6568821641483154, 11.829199206703965, 95.54556552028276, 40.81756786811763, 71.61354878358274]]"
83,"[[(2, 37), (5, 18), (6, 1), (9, 5), (9, 37), (1, 14), (1, 34), (19, 33), (22, 4), (38, 3), (38, 11), (35, 5), (3, 30), (30, 10), (30, 19), (4, 9), (4, 23), (32, 1), (32, 30), (15, 30), (17, 5), (27, 2), (27, 10), (27, 11), (27, 38), (29, 6), (31, 8), (31, 28), (7, 18), (7, 37), (21, 17), (16, 2), (28, 26), (26, 36), (13, 10), (25, 35)]]","[[242.53700274351783, 82.11332013007991, 57.326056645685654, 24.757563181979325, 370.4204669434305, 24.31878424929644, 547.4013482069691, 68.81889823060577, 41.11859377412851, 378.46013107938063, 158.1193976861012, 292.36678373019777, 184.67897711655326, 61.68634294715456, 55.64942678327182, 83.24837510643626, 257.4910514240024, 279.57178882449523, 6.995125244037299, 201.51156948939638, 163.18483525007937, 101.83716535640045, 213.7614789860361, 309.0734056136764, 185.42694715030171, 325.41989000336207, 451.65517683214966, 42.17386322374066, 86.14190590098065, 13.191727095143845, 92.64324808350577, 0.6311811869537269, 43.994450096469244, 96.26228915316318, 37.54345135591096, 130.56043193650288]]"
84,"[[(2, 37), (5, 18), (6, 1), (9, 5), (9, 37), (1, 14), (1, 34), (19, 33), (22, 4), (38, 3), (38, 11), (35, 5), (3, 30), (30, 10), (30, 19), (4, 9), (4, 23), (32, 1), (32, 30), (15, 30), (17, 5), (27, 2), (27, 10), (27, 11), (27, 38), (29, 6), (31, 8), (31, 28), (7, 18), (7, 37), (21, 17), (16, 2), (28, 26), (26, 36), (13, 10), (25, 35)]]","[[283.0195724419558, 132.73563912185358, 61.87631918567916, 18.354925244000604, 213.62121990963382, 8.108697518483392, 1066.8933001266878, 159.89950658543688, 27.70967090262049, 683.4358793418065, 119.711400026823, 226.32933461145592, 93.99621203239147, 56.02011518071733, 67.9694484114875, 97.70478525213426, 146.00864319329736, 367.54847706715765, 6.585357336845732, 125.12445050043992, 280.45773088879986, 93.63697002053078, 109.44576414018032, 306.8970922123432, 168.55461365668268, 718.6692558776523, 380.1550924240872, 14.61530799340454, 101.00411447239432, 6.5403243847039185, 65.38002623625901, 1.833916661338429, 34.83843548685812, 94.44274096672603, 45.18586933894277, 63.963247990655766]]"
85,"[[(2, 37), (5, 18), (6, 1), (9, 5), (9, 37), (1, 14), (1, 34), (19, 33), (22, 4), (38, 3), (38, 11), (35, 5), (3, 30), (30, 10), (30, 19), (4, 9), (4, 23), (32, 1), (32, 30), (15, 30), (17, 5), (27, 2), (27, 10), (27, 11), (27, 38), (29, 6), (31, 8), (31, 28), (7, 18), (7, 37), (21, 17), (16, 2), (28, 26), (26, 36), (13, 10), (25, 35)]]","[[426.8396435956578, 117.9711105489837, 60.67777410192664, 39.09318879515774, 602.581364985331, 23.669337202332024, 374.225674032465, 134.61969836968373, 28.09807345599023, 565.2124294818759, 77.68443753804792, 273.6950286291113, 172.6886016565502, 71.45139161190761, 74.56230612567197, 88.69271189491306, 215.42138150255903, 390.61386578367075, 6.081001034424446, 194.31017265871662, 59.096930146057076, 159.6116114602944, 161.80851460532165, 313.8167248226298, 189.368952432586, 221.94525179340243, 389.83219524581705, 52.544035218791144, 97.83650837064059, 14.454947093734205, 72.95274458704273, 0.6742148322163823, 46.72652977525924, 100.95047712487423, 45.16912372365394, 70.38531452421711]]"
86,"[[(2, 37), (5, 18), (6, 1), (9, 5), (9, 37), (1, 14), (1, 34), (19, 33), (22, 4), (38, 3), (38, 11), (35, 5), (3, 30), (30, 10), (30, 19), (4, 9), (4, 23), (32, 1), (32, 30), (15, 30), (17, 5), (27, 2), (27, 10), (27, 11), (27, 38), (29, 6), (31, 8), (31, 28), (7, 18), (7, 37), (21, 17), (16, 2), (28, 26), (26, 36), (13, 10), (25, 35)]]","[[433.1061961221864, 41.70792208593225, 25.08024975621175, 33.77548744488129, 139.99438536543474, 37.88176456304594, 264.4572815775841, 468.4291776441231, 24.527551889399014, 563.1246001857947, 102.92248113015256, 243.6215077161822, 74.54155694244238, 181.26870645263224, 102.11198686249148, 84.08117166520299, 385.0823278231715, 404.49255761041627, 6.80771812501689, 125.2739832997041, 153.0357647530494, 115.95227755881636, 220.6610858335291, 309.0675539357769, 91.02264272450552, 482.2409122260233, 390.4077730843881, 50.666556203578736, 102.34227126155939, 14.231788522427022, 90.91204077475365, 1.7131812135304727, 4.667918451422926, 99.41385879121059, 47.46068853382299, 122.81575000989304]]"
87,"[[(2, 37), (5, 18), (6, 1), (9, 5), (9, 37), (1, 14), (1, 34), (19, 33), (22, 4), (38, 3), (38, 11), (35, 5), (3, 30), (30, 10), (30, 19), (4, 9), (4, 23), (32, 1), (32, 30), (15, 30), (17, 5), (27, 2), (27, 10), (27, 11), (27, 38), (29, 6), (31, 8), (31, 28), (7, 18), (7, 37), (21, 17), (16, 2), (28, 26), (26, 36), (13, 10), (25, 35)]]","[[322.99113367197344, 87.97151317303216, 11.009505467340533, 11.967072712081654, 64.91445045709061, 5.2145562925415625, 328.60002527367794, 54.560209887543344, 36.202245286966544, 433.4060498698341, 37.253698784442705, 284.6388069631893, 110.46964829835508, 143.74871575799526, 57.49521542810548, 92.10350926441453, 223.41281095941275, 293.07829199574564, 6.327229222921386, 163.93945417347823, 189.78795901372035, 157.05716587477667, 209.18815161551265, 307.3604407509053, 189.64626053784426, 533.5428324329937, 425.3269560233311, 45.793375968095944, 92.58834103781517, 7.1952511037283235, 93.64875486305183, 0.33416391515230304, 42.070931458910614, 99.38718156636985, 30.631226493607766, 85.01250330743386]]"
88,"[[(2, 37), (5, 18), (6, 1), (9, 5), (9, 37), (1, 14), (1, 34), (19, 33), (22, 4), (38, 3), (38, 11), (35, 5), (3, 30), (30, 10), (30, 19), (4, 9), (4, 23), (32, 1), (32, 30), (15, 30), (17, 5), (27, 2), (27, 10), (27, 11), (27, 38), (29, 6), (31, 8), (31, 28), (7, 18), (7, 37), (21, 17), (16, 2), (28, 26), (26, 36), (13, 10), (25, 35)]]","[[384.2771567569955, 152.5903467041905, 19.951963986886145, 38.05927578238747, 507.0463390886524, 8.554574257186902, 1090.1822551899672, 403.122879039384, 39.408363232811205, 536.7047184795674, 124.26687637575395, 253.53428794015593, 227.77606804433876, 96.38761474597382, 77.64610196746133, 72.69565323185354, 249.67429449246873, 308.11005242149287, 6.702006833870164, 179.27511555615496, 36.496652558892634, 102.5870342171224, 125.45908511631536, 308.32741074415526, 64.7231609316537, 651.2970227495465, 434.3768345696894, 51.36552336432973, 97.13360755675747, 10.913600962543978, 78.41475308971646, 0.39114154694196857, 47.72266212057, 99.9088979541783, 23.306849114307003, 86.96393472267926]]"
89,"[[(2, 37), (5, 18), (6, 1), (9, 5), (9, 37), (1, 14), (1, 34), (19, 33), (22, 4), (38, 3), (38, 11), (35, 5), (3, 30), (30, 10), (30, 19), (4, 9), (4, 23), (32, 1), (32, 30), (15, 30), (17, 5), (27, 2), (27, 10), (27, 11), (27, 38), (29, 6), (31, 8), (31, 28), (7, 18), (7, 37), (21, 17), (16, 2), (28, 26), (26, 36), (13, 10), (25, 35)]]","[[312.96633695854797, 100.71083450624438, 57.32840161449086, 28.17593576365597, 592.4371274401009, 45.496392736603674, 439.3346145052481, 134.32292372642826, 29.567884160302324, 564.6376989604079, 27.771436824844123, 274.3655676905163, 63.032410690214185, 156.84440854978703, 88.93070213948367, 86.30109200718101, 232.82903668791323, 354.35334564479246, 6.5753919789272635, 158.54308581779316, 193.58503196501007, 128.83093585154032, 200.81144336772883, 310.81727131727274, 204.44666583208914, 527.3620220040652, 425.801693911357, 22.167786718566653, 98.54343014120427, 8.010069489605266, 56.835340388201175, 0.6347710112520044, 43.649573201240486, 100.45192942924757, 40.51056675798861, 123.5466623517211]]"
90,"[[(2, 37), (5, 18), (6, 1), (9, 5), (9, 37), (1, 14), (1, 34), (19, 33), (22, 4), (38, 3), (38, 11), (35, 5), (3, 30), (30, 10), (30, 19), (4, 9), (4, 23), (32, 1), (32, 30), (15, 30), (17, 5), (27, 2), (27, 10), (27, 11), (27, 38), (29, 6), (31, 8), (31, 28), (7, 18), (7, 37), (21, 17), (16, 2), (28, 26), (26, 36), (13, 10), (25, 35)]]","[[451.97155872515265, 115.12260003050564, 67.15598363173584, 37.27240408781568, 584.9232912710585, 30.72360842761124, 285.62067827736934, 35.7387897259469, 29.119869341724545, 268.5102481670157, 162.64830486524073, 231.45006407401002, 246.8158321593794, 171.06176325581708, 108.26543951308791, 89.55888199178665, 219.52639213059638, 273.58559453940893, 7.17460227487138, 183.6639900979705, 64.26984511660697, 149.16211467193006, 107.4404483407987, 313.1685631765248, 126.9242843279394, 699.2731525204574, 439.2654539491252, 19.78761765377773, 98.60953160666364, 11.0648941629961, 61.671923034979024, 1.840621073636333, 23.660047130802717, 99.91882375100994, 31.760449721011923, 78.23308794253398]]"
91,"[[(2, 37), (5, 18), (6, 1), (9, 5), (9, 37), (1, 14), (1, 34), (19, 33), (22, 4), (38, 3), (38, 11), (35, 5), (3, 30), (30, 10), (30, 19), (4, 9), (4, 23), (32, 1), (32, 30), (15, 30), (17, 5), (27, 2), (27, 10), (27, 11), (27, 38), (29, 6), (31, 8), (31, 28), (7, 18), (7, 37), (21, 17), (16, 2), (28, 26), (26, 36), (13, 10), (25, 35)]]","[[465.7727545216806, 134.7112805136574, 31.52909919423552, 31.774855016506198, 428.146735866785, 2.383738509714534, 610.6864681322079, 238.83577093827796, 34.50186510831295, 663.6197253673199, 136.0124730419695, 226.38698346363523, 183.65014812556436, 139.94417097462178, 65.5362056634813, 86.12714203889799, 347.4376566262908, 302.4308182414749, 7.817218775254922, 183.11777587142223, 21.54387397318252, 151.68646328079438, 153.47680585613358, 313.3336630167965, 58.233441477020335, 296.002563797344, 428.6665557305751, 30.34010468951527, 96.97310371736286, 6.685581097170276, 87.54489553481045, 1.7132215955808523, 45.14449929235377, 99.72218796562329, 20.730876591874512, 103.87311115433724]]"
92,"[[(2, 37), (5, 18), (6, 1), (9, 5), (9, 37), (1, 14), (1, 34), (19, 33), (22, 4), (38, 3), (38, 11), (35, 5), (3, 30), (30, 10), (30, 19), (4, 9), (4, 23), (32, 1), (32, 30), (15, 30), (17, 5), (27, 2), (27, 10), (27, 11), (27, 38), (29, 6), (31, 8), (31, 28), (7, 18), (7, 37), (21, 17), (16, 2), (28, 26), (26, 36), (13, 10), (25, 35)]]","[[526.3822642240236, 114.0718973165363, 20.102952685574323, 25.617000557072654, 579.1397925461557, 26.282112106598195, 399.55451130374877, 230.52839396641684, 28.48812517604801, 555.6944521229038, 129.5633216050432, 246.9953675955338, 98.66777645650765, 158.60887857813842, 73.8119854188682, 62.566296062889414, 166.06679306255606, 283.27064311825393, 6.207125523298121, 194.19414122866647, 185.85415859142236, 104.66210962072917, 261.67081179605714, 313.5119473392752, 249.5105363119258, 393.544740798348, 388.12225939307467, 29.842176110700628, 103.03933951060014, 14.329224378384747, 92.16832346625642, 1.3604280414242702, 4.921473042589726, 93.51371770419104, 38.02757994982251, 129.919627409103]]"
93,"[[(2, 37), (5, 18), (6, 1), (9, 5), (9, 37), (1, 14), (1, 34), (19, 33), (22, 4), (38, 3), (38, 11), (35, 5), (3, 30), (30, 10), (30, 19), (4, 9), (4, 23), (32, 1), (32, 30), (15, 30), (17, 5), (27, 2), (27, 10), (27, 11), (27, 38), (29, 6), (31, 8), (31, 28), (7, 18), (7, 37), (21, 17), (16, 2), (28, 26), (26, 36), (13, 10), (25, 35)]]","[[588.5647303215566, 115.24758461169412, 65.25161931511622, 13.762759887163641, 241.03828791789593, 14.917062943317056, 1041.909552272617, 484.5213228913684, 30.462672480425578, 600.2239260394452, 102.32132129015149, 265.66354147482565, 67.9672877651042, 165.0074576886971, 108.92628718455333, 80.29215293628837, 203.48715634376904, 292.1364802352834, 6.894547292127187, 176.78066967900548, 262.1539225358774, 91.14700814164792, 138.88365000062743, 310.13220012055183, 96.99658238286273, 354.7166337660145, 396.4371368459871, 31.137187556219796, 107.27439694015797, 6.550075561175663, 64.59145882830721, 1.186568585345567, 36.31234544030107, 93.74957863789352, 19.290847315104894, 96.60415835486687]]"
94,"[[(2, 37), (5, 18), (6, 1), (9, 5), (9, 37), (1, 14), (1, 34), (19, 33), (22, 4), (38, 3), (38, 11), (35, 5), (3, 30), (30, 10), (30, 19), (4, 9), (4, 23), (32, 1), (32, 30), (15, 30), (17, 5), (27, 2), (27, 10), (27, 11), (27, 38), (29, 6), (31, 8), (31, 28), (7, 18), (7, 37), (21, 17), (16, 2), (28, 26), (26, 36), (13, 10), (25, 35)]]","[[383.71247173801504, 103.67536867801813, 76.82448900602061, 10.549266187825019, 446.3866028070971, 20.824464177044824, 1020.3412059305149, 443.5182776125834, 33.653513600664745, 373.45336333365515, 115.14149677146413, 280.5028192511776, 127.54202254188296, 64.01252644011593, 94.60822201422664, 69.87056099754173, 223.52010461319975, 384.05037852175735, 6.938959140683151, 94.214433578241, 272.2751372029895, 174.27369338684804, 219.24451942325652, 307.6335717433417, 33.65885218073451, 738.459332229906, 440.3048371634453, 37.72256427854565, 109.00876593181631, 12.101745073102308, 58.66354064040364, 0.9634099954326625, 25.051940040953866, 93.1476442510291, 19.588184010673125, 64.01560458678213]]"
95,"[[(2, 37), (5, 18), (6, 1), (9, 5), (9, 37), (1, 14), (1, 34), (19, 33), (22, 4), (38, 3), (38, 11), (35, 5), (3, 30), (30, 10), (30, 19), (4, 9), (4, 23), (32, 1), (32, 30), (15, 30), (17, 5), (27, 2), (27, 10), (27, 11), (27, 38), (29, 6), (31, 8), (31, 28), (7, 18), (7, 37), (21, 17), (16, 2), (28, 26), (26, 36), (13, 10), (25, 35)]]","[[500.94371250725726, 62.24240424143913, 66.74184930801624, 25.62926371276998, 253.9142352335404, 30.22207821982215, 638.6734893517661, 85.28839137801145, 31.49704486523084, 298.59793247840355, 164.82390388723874, 243.5419064732353, 161.82500977756092, 62.78681846358126, 101.62075328635822, 92.21645868603969, 220.49796882425875, 285.92856917701397, 6.333521255614725, 102.2944330182441, 271.44515236367374, 122.41229953076666, 151.54097638826235, 309.99249884754033, 175.12201877468536, 469.81185257974334, 445.7209427564143, 41.37764443399314, 108.43956517163801, 2.3962822061178723, 78.86583487965086, 0.3434199255441497, 18.18821963875686, 100.48680543206538, 30.704696187545938, 128.29814563428684]]"
96,"[[(2, 37), (5, 18), (6, 1), (9, 5), (9, 37), (1, 14), (1, 34), (19, 33), (22, 4), (38, 3), (38, 11), (35, 5), (3, 30), (30, 10), (30, 19), (4, 9), (4, 23), (32, 1), (32, 30), (15, 30), (17, 5), (27, 2), (27, 10), (27, 11), (27, 38), (29, 6), (31, 8), (31, 28), (7, 18), (7, 37), (21, 17), (16, 2), (28, 26), (26, 36), (13, 10), (25, 35)]]","[[272.32506134855134, 151.50743939482348, 58.306342960740295, 18.222397454459276, 452.4307023327322, 38.99440678373903, 800.41528099781, 267.16649508831506, 39.751376857217, 576.2477023561075, 66.16995134290434, 244.2641868759409, 83.77668589262123, 52.77773447484392, 84.72267231271326, 83.05349376478762, 253.3337656906212, 401.2577117647812, 6.953801963134444, 112.65095067031413, 42.22553739325287, 157.28074052784046, 199.63588473493152, 312.8417372999184, 169.8692727610236, 419.1429201594754, 382.98048478150935, 40.24043225430444, 103.0509916939485, 7.521864030546956, 53.844263330775874, 1.2137352892836664, 37.42754798217672, 99.75066665214209, 21.087494734430344, 120.06102697553564]]"
97,"[[(2, 37), (5, 18), (6, 1), (9, 5), (9, 37), (1, 14), (1, 34), (19, 33), (22, 4), (38, 3), (38, 11), (35, 5), (3, 30), (30, 10), (30, 19), (4, 9), (4, 23), (32, 1), (32, 30), (15, 30), (17, 5), (27, 2), (27, 10), (27, 11), (27, 38), (29, 6), (31, 8), (31, 28), (7, 18), (7, 37), (21, 17), (16, 2), (28, 26), (26, 36), (13, 10), (25, 35)]]","[[241.64495140953764, 156.4663578691534, 39.14853751829114, 19.803200093437553, 515.0155386479005, 29.28614773649471, 1029.269398698377, 19.168637158722316, 30.860522097433968, 279.53154415276254, 75.97770581727133, 268.4248151984328, 136.1048613493412, 139.91767741924082, 102.32833241468404, 88.5825442218779, 245.21499485306921, 348.7093716793988, 6.555946192762683, 120.7968420871666, 167.42809675516267, 128.4720170909826, 185.22111850405548, 313.3526785002335, 197.53433271740278, 124.8772733853269, 391.0320704501224, 21.07810900264608, 92.38705706148565, 10.682474373115562, 91.65430178833628, 1.954972440406613, 8.347913249542069, 98.35022036437226, 40.749448531979525, 84.94162160740895]]"
98,"[[(2, 37), (5, 18), (6, 1), (9, 5), (9, 37), (1, 14), (1, 34), (19, 33), (22, 4), (38, 3), (38, 11), (35, 5), (3, 30), (30, 10), (30, 19), (4, 9), (4, 23), (32, 1), (32, 30), (15, 30), (17, 5), (27, 2), (27, 10), (27, 11), (27, 38), (29, 6), (31, 8), (31, 28), (7, 18), (7, 37), (21, 17), (16, 2), (28, 26), (26, 36), (13, 10), (25, 35)]]","[[434.80603841099173, 75.26227314383993, 17.586863722781278, 29.66102841522467, 620.9377269413347, 42.481242734191625, 863.0012761570415, 96.46666900093734, 37.96018377014574, 451.0028216535991, 142.28696104988242, 231.75750205907755, 157.36028272845653, 140.72995435236055, 58.48682245706871, 96.71554084189606, 361.78051964516516, 292.70414774305607, 6.415009076310932, 157.26561912935355, 247.68533489116774, 97.98810969847072, 144.31619473223958, 309.69845242087337, 256.1235318350838, 690.5315691996193, 394.33623439617054, 42.068663238149846, 97.12500049008054, 11.203323576653311, 63.69221300757462, 0.498832471371792, 49.075901808436825, 98.0905202894849, 21.797211533538317, 78.61572585322014]]"
99,"[[(2, 37), (5, 18), (6, 1), (9, 5), (9, 37), (1, 14), (1, 34), (19, 33), (22, 4), (38, 3), (38, 11), (35, 5), (3, 30), (30, 10), (30, 19), (4, 9), (4, 23), (32, 1), (32, 30), (15, 30), (17, 5), (27, 2), (27, 10), (27, 11), (27, 38), (29, 6), (31, 8), (31, 28), (7, 18), (7, 37), (21, 17), (16, 2), (28, 26), (26, 36), (13, 10), (25, 35)]]","[[365.5335641208758, 51.306852082688835, 17.8441818613436, 38.5687804077407, 441.5923966901764, 36.87728048415505, 698.9113937227128, 317.5942524058104, 26.476270390845173, 641.2522081314595, 104.49136064815654, 262.7184810706339, 149.4166153927986, 82.25719027211554, 71.26962605488373, 63.0816861580579, 126.88975084002041, 281.6157626806802, 7.214148198001663, 148.53992550424098, 27.041544600537158, 159.12994448856313, 205.22466001054204, 312.3245516298274, 128.55370834322142, 397.6943084458799, 436.578746628869, 51.69948329797735, 98.19253852963627, 13.665907461723148, 80.54177852648057, 0.36865289169818793, 13.71453212842065, 99.09855522393163, 28.404490568657703, 132.42194411872262]]"
