scene,edge,cost
0,"[[(0, 6), (0, 25), (0, 32), (6, 7), (6, 12), (6, 35), (9, 19), (9, 30), (13, 25), (18, 1), (18, 39), (30, 25), (32, 1), (32, 38), (1, 15), (15, 36), (27, 8), (27, 29), (2, 37), (17, 36), (37, 31), (3, 19), (10, 24), (19, 23), (26, 28), (36, 6), (4, 14), (4, 26), (24, 1), (24, 22), (34, 16), (34, 37), (35, 11), (28, 15), (28, 38), (8, 34), (16, 23), (38, 13), (11, 3), (23, 12), (23, 17)]]","[[66.06710047967044, 221.09905067023888, 151.8231586073489, 14.902678184439202, 127.79047481848033, 411.81476205666365, 59.24471099736755, 253.4446765653176, 166.9654196565301, 0.8730782990881885, 232.7954061626022, 97.38170306725709, 534.2347066165635, 84.99917373228105, 79.85281592571465, 479.44478484937827, 385.8110894098132, 40.965122168201916, 866.9765694177307, 48.32354527671295, 114.29680327702415, 121.59059964371119, 21.86163935395975, 31.69479166572947, 43.8726854814857, 485.7744866117153, 81.39326144707238, 318.91593977514924, 194.66521765219306, 22.379271543040243, 99.1122870454968, 6.170672335101642, 433.96052453838143, 215.05559100667244, 49.93952735263917, 111.7949269383225, 17.43700492625757, 212.96247948680872, 70.19275815216236, 136.23293610396024, 178.4449352710162]]"
1,"[[(0, 6), (0, 25), (0, 32), (6, 7), (6, 12), (6, 35), (9, 19), (9, 30), (13, 25), (18, 1), (18, 39), (30, 25), (32, 1), (32, 38), (1, 15), (15, 36), (27, 8), (27, 29), (2, 37), (17, 36), (37, 31), (3, 19), (10, 24), (19, 23), (26, 28), (36, 6), (4, 14), (4, 26), (24, 1), (24, 22), (34, 16), (34, 37), (35, 11), (28, 15), (28, 38), (8, 34), (16, 23), (38, 13), (11, 3), (23, 12), (23, 17)]]","[[82.89272583662348, 202.14398622630821, 82.82955474826775, 22.26868402928644, 135.08715679220913, 399.65893775484403, 71.10399708561667, 254.43617356645234, 207.10881483077722, 15.204572712735281, 291.79358146300234, 83.55408894037983, 476.35289495649215, 122.70778649825854, 86.15446953073197, 373.00004743142495, 414.2930173914712, 37.364028981068365, 215.79921266923353, 48.56545824546399, 95.72506044267074, 112.39651277224363, 25.52841950488819, 51.353739638058016, 26.644677154956117, 439.9741637404542, 65.33577852041597, 249.96136718142017, 244.56734055397152, 19.84233071682119, 63.987858378064644, 4.97243751591347, 390.2516376350949, 305.22725013451833, 48.80869078844229, 137.11496779349216, 244.69983077492105, 113.8518043537557, 42.74623223369306, 193.05626756639316, 184.77857973135878]]"
2,"[[(0, 6), (0, 25), (0, 32), (6, 7), (6, 12), (6, 35), (9, 19), (9, 30), (13, 25), (18, 1), (18, 39), (30, 25), (32, 1), (32, 38), (1, 15), (15, 36), (27, 8), (27, 29), (2, 37), (17, 36), (37, 31), (3, 19), (10, 24), (19, 23), (26, 28), (36, 6), (4, 14), (4, 26), (24, 1), (24, 22), (34, 16), (34, 37), (35, 11), (28, 15), (28, 38), (8, 34), (16, 23), (38, 13), (11, 3), (23, 12), (23, 17)]]","[[100.89296593172881, 240.5285823338186, 793.4673885895846, 26.071733284236593, 75.29648303529633, 413.8613037761008, 97.62076902866534, 253.32932082473053, 239.8541982466122, 11.552345303416608, 269.87874919073386, 102.35443462883879, 767.5773732169837, 115.64843468570376, 90.51264378252196, 432.86117282869253, 282.13283793735013, 39.35644844769109, 874.6365048902359, 45.85141923980672, 78.79385553096586, 98.67304959662621, 34.79403630672115, 84.58825775206843, 41.67431794336164, 459.081625196246, 77.98402063550739, 342.26209546457073, 163.56497637403263, 18.14965891402289, 102.10324944675448, 3.4974371061471503, 367.3419840825639, 336.4262183100633, 49.20686270779637, 160.35644617408943, 175.89556429296633, 312.5999124842905, 28.74086637862748, 43.10996093979522, 52.673835498186236]]"
3,"[[(0, 6), (0, 25), (0, 32), (6, 7), (6, 12), (6, 35), (9, 19), (9, 30), (13, 25), (18, 1), (18, 39), (30, 25), (32, 1), (32, 38), (1, 15), (15, 36), (27, 8), (27, 29), (2, 37), (17, 36), (37, 31), (3, 19), (10, 24), (19, 23), (26, 28), (36, 6), (4, 14), (4, 26), (24, 1), (24, 22), (34, 16), (34, 37), (35, 11), (28, 15), (28, 38), (8, 34), (16, 23), (38, 13), (11, 3), (23, 12), (23, 17)]]","[[65.79253730333434, 228.77157779676898, 586.439508444127, 29.35802767260034, 129.47158581034725, 351.2897046790747, 65.05922510315018, 253.15962122304938, 221.89273654965572, 2.4429302869991503, 311.2439308736002, 54.83912554241384, 509.13533178414895, 109.33156133730581, 197.13673662728206, 376.8149940402835, 276.26249934156806, 38.31031324863346, 715.4939821823527, 48.6552606481149, 116.73098099063066, 95.2553127821326, 30.26411168529407, 36.9256830761645, 38.06353225228386, 627.8619762656351, 70.8485373912271, 336.548298779115, 181.87969580331102, 26.129809063432234, 53.51925727862507, 3.5059698259767926, 408.816956974215, 270.6767101343653, 49.05454647288037, 276.43379117640893, 145.33267692817634, 124.75497436610502, 66.05220648065904, 283.56829305063593, 176.43423088047314]]"
4,"[[(0, 6), (0, 25), (0, 32), (6, 7), (6, 12), (6, 35), (9, 19), (9, 30), (13, 25), (18, 1), (18, 39), (30, 25), (32, 1), (32, 38), (1, 15), (15, 36), (27, 8), (27, 29), (2, 37), (17, 36), (37, 31), (3, 19), (10, 24), (19, 23), (26, 28), (36, 6), (4, 14), (4, 26), (24, 1), (24, 22), (34, 16), (34, 37), (35, 11), (28, 15), (28, 38), (8, 34), (16, 23), (38, 13), (11, 3), (23, 12), (23, 17)]]","[[85.80746889356641, 220.65544328210694, 451.51612523028535, 7.162799401560434, 52.50775816643158, 424.4115482940788, 41.24719144873896, 253.68092476583288, 255.60165977191835, 2.360239553917989, 222.31303600149926, 82.69320742827017, 245.62620447131707, 95.74290974588433, 211.42137195661755, 387.12223257123253, 476.0891431741388, 38.94061635062515, 694.1005713247307, 44.5191402565516, 66.19307153503644, 116.1751416842601, 33.213632894744336, 83.90708090525563, 38.34548298115132, 550.9231895995682, 79.45536287762737, 243.91549096475973, 238.25059187421672, 18.865929064058204, 81.04828950115245, 3.624718481805966, 398.08562932015946, 219.8124228903202, 49.97621681668893, 50.71244117006259, 211.01948486849696, 511.9998203945118, 64.97800509569078, 39.91773675448451, 161.0603657214039]]"
5,"[[(0, 6), (0, 25), (0, 32), (6, 7), (6, 12), (6, 35), (9, 19), (9, 30), (13, 25), (18, 1), (18, 39), (30, 25), (32, 1), (32, 38), (1, 15), (15, 36), (27, 8), (27, 29), (2, 37), (17, 36), (37, 31), (3, 19), (10, 24), (19, 23), (26, 28), (36, 6), (4, 14), (4, 26), (24, 1), (24, 22), (34, 16), (34, 37), (35, 11), (28, 15), (28, 38), (8, 34), (16, 23), (38, 13), (11, 3), (23, 12), (23, 17)]]","[[56.40657175237435, 209.44639682036464, 294.54001294270637, 12.70033142528603, 103.34137270929823, 400.6151751255114, 43.46382413812065, 253.1667058364002, 221.6318907656412, 13.526781223716725, 335.76774112090106, 99.6245252944941, 727.4452406268922, 92.14436102679832, 174.58206137150793, 427.39217973125574, 410.5886442483835, 36.81527996980851, 935.82403666139, 48.38105203777187, 76.25837255926444, 119.44739529070137, 32.969287083381126, 96.90390135105619, 28.868139796915994, 518.5820008431093, 71.86296997634095, 355.1926878010494, 185.2568959588466, 18.26422093971876, 50.934278284780916, 4.056455485437057, 411.4407913108237, 264.2337750211775, 49.86562229166302, 84.70250460889221, 221.58411282719425, 374.8416126519667, 49.68821156609748, 174.693212307845, 96.24908225086047]]"
6,"[[(0, 6), (0, 25), (0, 32), (6, 7), (6, 12), (6, 35), (9, 19), (9, 30), (13, 25), (18, 1), (18, 39), (30, 25), (32, 1), (32, 38), (1, 15), (15, 36), (27, 8), (27, 29), (2, 37), (17, 36), (37, 31), (3, 19), (10, 24), (19, 23), (26, 28), (36, 6), (4, 14), (4, 26), (24, 1), (24, 22), (34, 16), (34, 37), (35, 11), (28, 15), (28, 38), (8, 34), (16, 23), (38, 13), (11, 3), (23, 12), (23, 17)]]","[[64.08738924352397, 216.43344826712624, 673.2841873603296, 4.819771223625526, 127.83356107273028, 405.3258520658418, 53.664608223233856, 254.02545873878725, 136.95380379815526, 4.745497487015873, 227.2917590253125, 78.68943453598186, 374.7218823245206, 77.54466846879028, 136.84910904457385, 382.2036593124624, 459.59962434070053, 40.82378491354693, 898.6179873307103, 43.01952685578611, 136.6725762155064, 104.91116135593573, 26.42082322091057, 93.00218490604874, 42.97497557392315, 616.1653481281368, 67.95969284634312, 295.78536654355696, 218.3989256427571, 26.5853082079013, 75.00338228580037, 6.497047354625764, 405.2481956140787, 236.25019902952556, 48.85060686565608, 46.15829717591572, 227.99404006384282, 499.28832271044826, 23.50300584083857, 161.00436815126156, 82.99072102534282]]"
7,"[[(0, 6), (0, 25), (0, 32), (6, 7), (6, 12), (6, 35), (9, 19), (9, 30), (13, 25), (18, 1), (18, 39), (30, 25), (32, 1), (32, 38), (1, 15), (15, 36), (27, 8), (27, 29), (2, 37), (17, 36), (37, 31), (3, 19), (10, 24), (19, 23), (26, 28), (36, 6), (4, 14), (4, 26), (24, 1), (24, 22), (34, 16), (34, 37), (35, 11), (28, 15), (28, 38), (8, 34), (16, 23), (38, 13), (11, 3), (23, 12), (23, 17)]]","[[52.09207641721161, 217.16101826487372, 626.8099158227791, 18.25020006520073, 113.10579958038197, 484.42958252481196, 82.77480058335414, 254.27201603805128, 158.529338411781, 8.49264518072919, 243.04394592326625, 74.92390505322331, 710.2008005232447, 125.5767515811778, 127.73474358379136, 466.47775176184507, 348.17846765561796, 40.32821735823649, 709.1180509038619, 48.029215937450026, 75.56773742032948, 102.34813882462866, 29.43389392582509, 67.7995949648325, 48.81352563652604, 450.38323611550544, 82.6742249091172, 276.5373698433668, 200.13946419865752, 28.15248844156733, 51.70064358592524, 3.7738781434607063, 397.04552073190337, 241.266058211604, 48.515803934544174, 165.64500838674286, 229.97677224220863, 150.5108086410462, 27.182751788117926, 148.306409603669, 126.8549234224914]]"
8,"[[(0, 6), (0, 25), (0, 32), (6, 7), (6, 12), (6, 35), (9, 19), (9, 30), (13, 25), (18, 1), (18, 39), (30, 25), (32, 1), (32, 38), (1, 15), (15, 36), (27, 8), (27, 29), (2, 37), (17, 36), (37, 31), (3, 19), (10, 24), (19, 23), (26, 28), (36, 6), (4, 14), (4, 26), (24, 1), (24, 22), (34, 16), (34, 37), (35, 11), (28, 15), (28, 38), (8, 34), (16, 23), (38, 13), (11, 3), (23, 12), (23, 17)]]","[[84.50776689786673, 236.60362513675733, 456.35636419217957, 12.874147547567437, 40.568623856358656, 379.3271312746182, 79.87643718604497, 254.03192077155748, 253.00014012917202, 5.1814544583605695, 271.14016307053623, 111.65422510672227, 450.25048642158185, 85.99906323461923, 176.16863083703717, 337.5831340445641, 372.3859633698929, 40.697676957135975, 993.2191918764725, 47.54638589540525, 23.363565023335113, 114.89075907713985, 28.204068302447133, 60.378753583128756, 33.097394209563944, 434.6337812504058, 68.75855572158925, 218.35269991533602, 236.4498763658613, 24.5307713380886, 66.26640639393807, 5.263788994661274, 388.9369489913322, 316.6936175197949, 48.29138606912758, 243.10707204259444, 47.50656311845548, 489.9352948832166, 66.88400192536601, 98.97883264375136, 173.88493298154026]]"
9,"[[(0, 6), (0, 25), (0, 32), (6, 7), (6, 12), (6, 35), (9, 19), (9, 30), (13, 25), (18, 1), (18, 39), (30, 25), (32, 1), (32, 38), (1, 15), (15, 36), (27, 8), (27, 29), (2, 37), (17, 36), (37, 31), (3, 19), (10, 24), (19, 23), (26, 28), (36, 6), (4, 14), (4, 26), (24, 1), (24, 22), (34, 16), (34, 37), (35, 11), (28, 15), (28, 38), (8, 34), (16, 23), (38, 13), (11, 3), (23, 12), (23, 17)]]","[[101.42646651613401, 227.49454059059167, 813.1067594253569, 5.571120260738397, 100.87963211187028, 459.1700900616163, 35.92585215599562, 253.48565689700254, 166.45532358537406, 12.603337117614288, 323.1929309183354, 106.80012357242884, 584.0770737193451, 108.63377163335377, 82.27788829101343, 454.68603198755443, 404.37504629724174, 41.047809195882664, 836.7000957988832, 48.51858115512731, 51.0140679743907, 103.74094415024169, 21.65519217634222, 22.501968702635146, 35.71735849998995, 603.5379424116904, 69.52218268006649, 344.4796751441901, 219.08400759664187, 24.60715898009971, 76.7931916928221, 5.547719133769716, 375.15864607038515, 205.8271261306321, 48.17946826855315, 183.19828945813794, 66.61395533076805, 381.9724754361395, 62.82704376506671, 79.89736255102235, 47.94142949938018]]"
10,"[[(0, 6), (0, 25), (0, 32), (6, 7), (6, 12), (6, 35), (9, 19), (9, 30), (13, 25), (18, 1), (18, 39), (30, 25), (32, 1), (32, 38), (1, 15), (15, 36), (27, 8), (27, 29), (2, 37), (17, 36), (37, 31), (3, 19), (10, 24), (19, 23), (26, 28), (36, 6), (4, 14), (4, 26), (24, 1), (24, 22), (34, 16), (34, 37), (35, 11), (28, 15), (28, 38), (8, 34), (16, 23), (38, 13), (11, 3), (23, 12), (23, 17)]]","[[57.88074388032619, 231.0502813681219, 113.4085859320473, 17.796270724390165, 75.98717924305026, 353.92232245552293, 103.34903243600829, 254.57040770266119, 238.10472963303593, 9.075151320255468, 259.98421276247643, 100.48286280148278, 313.59577298387217, 107.78181801085677, 211.35990879548564, 508.1391421889083, 417.8736551129421, 38.26371529456036, 949.2694101979316, 45.611244055362924, 69.04613062231118, 121.31663586787278, 31.46125732563469, 27.59897338204347, 36.22579386745858, 512.3923803039755, 77.6524829283665, 356.34253505928984, 239.2022965635577, 19.999198684355452, 79.50753033427465, 3.7358110580496464, 379.7493271838544, 245.66022379683773, 48.691702509734654, 132.7205203745877, 69.21200408988591, 493.26022838689784, 38.36245999808348, 35.15664860457769, 112.46028434750602]]"
11,"[[(0, 6), (0, 25), (0, 32), (6, 7), (6, 12), (6, 35), (9, 19), (9, 30), (13, 25), (18, 1), (18, 39), (30, 25), (32, 1), (32, 38), (1, 15), (15, 36), (27, 8), (27, 29), (2, 37), (17, 36), (37, 31), (3, 19), (10, 24), (19, 23), (26, 28), (36, 6), (4, 14), (4, 26), (24, 1), (24, 22), (34, 16), (34, 37), (35, 11), (28, 15), (28, 38), (8, 34), (16, 23), (38, 13), (11, 3), (23, 12), (23, 17)]]","[[91.7707829451427, 236.58082151431324, 648.4889054852868, 18.469544635779165, 69.92678584811969, 444.2647212697524, 34.9243293196159, 254.98359277320552, 91.22903772266028, 5.095413568693212, 301.6224689382205, 70.55428944884753, 263.81791504643707, 66.87527860311745, 208.85003752534152, 348.65363494888027, 376.91767965038537, 40.40818152222145, 815.5928551917293, 44.201020725957164, 143.86225539575693, 122.35244101291593, 25.38052642395092, 42.79464999736527, 42.83138962863468, 491.81205943278877, 76.72697949360811, 256.08022531456925, 164.5009397276674, 23.715938917788847, 56.106050794384544, 5.740402750603931, 360.23903766200004, 138.243116566621, 49.71612980776177, 172.6298162149978, 148.41520010099086, 399.3077551081529, 64.45816302934743, 277.414461991448, 164.68346991740134]]"
12,"[[(0, 6), (0, 25), (0, 32), (6, 7), (6, 12), (6, 35), (9, 19), (9, 30), (13, 25), (18, 1), (18, 39), (30, 25), (32, 1), (32, 38), (1, 15), (15, 36), (27, 8), (27, 29), (2, 37), (17, 36), (37, 31), (3, 19), (10, 24), (19, 23), (26, 28), (36, 6), (4, 14), (4, 26), (24, 1), (24, 22), (34, 16), (34, 37), (35, 11), (28, 15), (28, 38), (8, 34), (16, 23), (38, 13), (11, 3), (23, 12), (23, 17)]]","[[108.51902646785805, 204.77214089440378, 554.5614358411601, 25.052394035532917, 57.130100928431375, 457.1829555674803, 94.45119450176007, 253.55328307246765, 186.18159711308834, 4.038335614607384, 251.9986732855137, 91.42758153679827, 609.2907994667695, 96.6758204737182, 83.93278068145673, 343.63264329101565, 342.9134632854088, 37.96986009754456, 595.8191699804133, 44.28478914924413, 78.2645237247237, 129.76395324306012, 23.61095263105569, 29.278259089301557, 35.00167400170478, 588.640908447705, 87.0938691709038, 334.16956778228496, 195.31072953933332, 25.262445413154182, 49.818329924870376, 3.1739466413012605, 381.3817850180309, 148.57946238188333, 49.55909767988575, 33.932789671173666, 42.12830220687111, 157.3761812918058, 64.08964407778896, 84.24890471248361, 73.92432729010848]]"
13,"[[(0, 6), (0, 25), (0, 32), (6, 7), (6, 12), (6, 35), (9, 19), (9, 30), (13, 25), (18, 1), (18, 39), (30, 25), (32, 1), (32, 38), (1, 15), (15, 36), (27, 8), (27, 29), (2, 37), (17, 36), (37, 31), (3, 19), (10, 24), (19, 23), (26, 28), (36, 6), (4, 14), (4, 26), (24, 1), (24, 22), (34, 16), (34, 37), (35, 11), (28, 15), (28, 38), (8, 34), (16, 23), (38, 13), (11, 3), (23, 12), (23, 17)]]","[[48.379519130844216, 229.10466956056234, 952.9285899472317, 14.125155691886306, 47.17027489644354, 461.55753454954703, 50.403520774008825, 253.82420409678278, 139.27185560034206, 4.399757518908505, 281.7287192111892, 92.17691561825181, 513.850045698638, 118.03193551653351, 180.84033884422365, 400.22912840593136, 418.3650489234301, 39.57040008946817, 627.417237204012, 43.26299806017227, 145.51112968398644, 117.44228358002361, 22.521362977857766, 81.96459213973463, 28.261016942550395, 510.1140190799309, 82.52729160475067, 238.6007273444094, 248.42161701680658, 21.870594263756683, 53.12411245684713, 6.534118482450788, 430.8518028357535, 140.41008352050284, 49.58069422949879, 285.69854889085843, 166.15387350442018, 182.0593830373568, 52.05267457964051, 256.1917706537629, 176.78019479495478]]"
14,"[[(0, 6), (0, 25), (0, 32), (6, 7), (6, 12), (6, 35), (9, 19), (9, 30), (13, 25), (18, 1), (18, 39), (30, 25), (32, 1), (32, 38), (1, 15), (15, 36), (27, 8), (27, 29), (2, 37), (17, 36), (37, 31), (3, 19), (10, 24), (19, 23), (26, 28), (36, 6), (4, 14), (4, 26), (24, 1), (24, 22), (34, 16), (34, 37), (35, 11), (28, 15), (28, 38), (8, 34), (16, 23), (38, 13), (11, 3), (23, 12), (23, 17)]]","[[95.14550717394906, 230.66307275633443, 999.2311781955024, 14.977976189920643, 128.79805400137334, 395.0773163426418, 63.26631773512729, 254.63911339344506, 221.0847942516092, 3.004331747090669, 255.8092950132379, 67.2732484805631, 721.199800578928, 111.57322008015197, 150.4050629166181, 485.8853735564927, 465.1702323772032, 36.54953543826669, 646.9100759298353, 47.13702532806993, 34.02130292215986, 124.4863817757231, 31.421488474412925, 31.824677962195803, 30.454891774946464, 513.3668242371513, 64.6433953423555, 272.0947860477422, 178.10205250061287, 24.947009010972202, 62.27572263889169, 4.3853981422530115, 364.14410220718634, 161.83800368584974, 49.87808238031117, 116.09305985814467, 146.5495988812459, 298.55096136055545, 61.73108811224061, 158.779312020264, 63.371792637042624]]"
15,"[[(0, 6), (0, 25), (0, 32), (6, 7), (6, 12), (6, 35), (9, 19), (9, 30), (13, 25), (18, 1), (18, 39), (30, 25), (32, 1), (32, 38), (1, 15), (15, 36), (27, 8), (27, 29), (2, 37), (17, 36), (37, 31), (3, 19), (10, 24), (19, 23), (26, 28), (36, 6), (4, 14), (4, 26), (24, 1), (24, 22), (34, 16), (34, 37), (35, 11), (28, 15), (28, 38), (8, 34), (16, 23), (38, 13), (11, 3), (23, 12), (23, 17)]]","[[83.26801094066876, 202.61697166802125, 297.21703434236986, 19.64961444263016, 110.34460514323625, 394.4235802194536, 39.400629691191256, 254.66084574186866, 228.84601912100044, 2.459230835586924, 291.33240781291, 76.31128755674908, 276.80415180479594, 105.5596181992297, 68.6496113726264, 498.0923974287793, 416.937188655569, 38.24020040705602, 701.4885541942854, 45.41849818196523, 166.37511452198257, 121.74952852372861, 30.815524597409357, 95.84817655738476, 41.133637201952766, 578.3356410915721, 80.05239734997477, 271.199021040085, 163.27129404828344, 28.194504311988425, 95.5907401631863, 6.163470373233613, 426.386226485016, 137.12144157545896, 49.59786215977571, 64.59343656560415, 122.89668260788108, 179.53633030808948, 48.1997717410472, 152.08828904509878, 130.83391596219894]]"
16,"[[(0, 6), (0, 25), (0, 32), (6, 7), (6, 12), (6, 35), (9, 19), (9, 30), (13, 25), (18, 1), (18, 39), (30, 25), (32, 1), (32, 38), (1, 15), (15, 36), (27, 8), (27, 29), (2, 37), (17, 36), (37, 31), (3, 19), (10, 24), (19, 23), (26, 28), (36, 6), (4, 14), (4, 26), (24, 1), (24, 22), (34, 16), (34, 37), (35, 11), (28, 15), (28, 38), (8, 34), (16, 23), (38, 13), (11, 3), (23, 12), (23, 17)]]","[[106.37415191000727, 238.1031352737599, 213.5650691693498, 18.340828984518925, 70.14522416546654, 462.4505109633893, 63.71031452754511, 254.58712271114308, 100.6444681944326, 8.35676867440299, 293.6659211287887, 94.5674065583338, 460.38136670117274, 88.63038573813934, 174.65709639119686, 428.7044625919374, 295.66230705680346, 40.66632723204381, 167.81440390619315, 43.06145585538041, 135.44071530509567, 126.69907406202834, 21.15793930293637, 72.91461937144508, 35.13198114808284, 452.23500409864135, 67.81500399586972, 285.790274787161, 236.36564963765153, 21.769337911999482, 84.21156407448643, 3.0649801759513626, 438.9813820554996, 216.5047748669095, 48.25203443244834, 126.94260671195913, 202.01593554749118, 422.6488489696595, 66.42234468886102, 76.91235666151121, 144.16389035426712]]"
17,"[[(0, 6), (0, 25), (0, 32), (6, 7), (6, 12), (6, 35), (9, 19), (9, 30), (13, 25), (18, 1), (18, 39), (30, 25), (32, 1), (32, 38), (1, 15), (15, 36), (27, 8), (27, 29), (2, 37), (17, 36), (37, 31), (3, 19), (10, 24), (19, 23), (26, 28), (36, 6), (4, 14), (4, 26), (24, 1), (24, 22), (34, 16), (34, 37), (35, 11), (28, 15), (28, 38), (8, 34), (16, 23), (38, 13), (11, 3), (23, 12), (23, 17)]]","[[72.01204655237757, 205.08729619179368, 628.9081014010728, 13.890566745127867, 111.24299322694462, 338.14283042926957, 82.15379009870006, 254.06851610322965, 115.71027495718522, 0.8492135335467843, 337.88384928448414, 115.27482800725687, 482.3302790267164, 81.66402766578508, 183.41730701307674, 517.4915584543365, 459.4320960249456, 40.938222349278774, 582.0037839190081, 46.257864003482204, 98.35455169950723, 104.61494414314495, 26.51855180714999, 28.623962641828427, 38.537020423939055, 592.1713577560655, 65.48400252477046, 366.9825310027123, 229.92572538790142, 29.12872295074522, 101.66530499190927, 3.448244822103691, 420.29338603916653, 176.92603791379267, 48.253399013990496, 104.0955064991835, 188.31820159026583, 370.40270711787076, 53.36499623415058, 205.96497659507628, 156.38691836601168]]"
18,"[[(0, 6), (0, 25), (0, 32), (6, 7), (6, 12), (6, 35), (9, 19), (9, 30), (13, 25), (18, 1), (18, 39), (30, 25), (32, 1), (32, 38), (1, 15), (15, 36), (27, 8), (27, 29), (2, 37), (17, 36), (37, 31), (3, 19), (10, 24), (19, 23), (26, 28), (36, 6), (4, 14), (4, 26), (24, 1), (24, 22), (34, 16), (34, 37), (35, 11), (28, 15), (28, 38), (8, 34), (16, 23), (38, 13), (11, 3), (23, 12), (23, 17)]]","[[74.24117972440513, 218.17851745593742, 879.7788181113235, 4.722258569931916, 36.73079908777865, 420.2261031993098, 46.984642669202294, 253.40598173076162, 187.7510633407965, 14.46869831604211, 304.73202358130015, 77.81118945564744, 539.8928498600594, 77.30795945960092, 46.43902162285017, 457.59607563481825, 367.9493678019699, 41.41485229354404, 221.09553098149823, 45.590433739900725, 101.89478316691624, 102.43186545883026, 27.7984792650847, 41.85395837771102, 35.52198891742108, 415.7886197579975, 86.38740548832999, 309.4925533389122, 174.23044109584794, 24.934007774678385, 71.3447852595317, 3.829697338166842, 422.2006256019158, 243.4614634729242, 48.02404656943017, 214.15924401592383, 229.13582903705728, 345.46226334930606, 67.80354382578781, 72.81970004307612, 75.59940947401672]]"
19,"[[(0, 6), (0, 25), (0, 32), (6, 7), (6, 12), (6, 35), (9, 19), (9, 30), (13, 25), (18, 1), (18, 39), (30, 25), (32, 1), (32, 38), (1, 15), (15, 36), (27, 8), (27, 29), (2, 37), (17, 36), (37, 31), (3, 19), (10, 24), (19, 23), (26, 28), (36, 6), (4, 14), (4, 26), (24, 1), (24, 22), (34, 16), (34, 37), (35, 11), (28, 15), (28, 38), (8, 34), (16, 23), (38, 13), (11, 3), (23, 12), (23, 17)]]","[[68.49632984256394, 208.8769526867528, 1010.711652698546, 14.052636774196515, 61.596784261161424, 416.9080167062928, 63.21691132513064, 254.32856619620867, 228.72649650035763, 11.257460672990131, 220.79019557956252, 81.83968215511868, 585.4848242173903, 110.26557931985502, 126.08724119982668, 335.21714427997586, 332.74512970487876, 38.08844824747285, 601.9161667084751, 43.163622130326836, 48.57665695436413, 128.10153761635647, 26.151338388445648, 40.215548358687535, 29.480030235648393, 549.5211611750462, 71.31769950111186, 213.56414620553883, 158.50912557067423, 25.043360725293702, 77.05974884909385, 5.834775848257708, 374.6006890068056, 220.63033251915465, 49.64406947802572, 127.63808568198264, 29.42066055550967, 102.39894058479263, 75.6856032434577, 236.65557099328674, 144.56258302744146]]"
20,"[[(0, 6), (0, 25), (0, 32), (6, 7), (6, 12), (6, 35), (9, 19), (9, 30), (13, 25), (18, 1), (18, 39), (30, 25), (32, 1), (32, 38), (1, 15), (15, 36), (27, 8), (27, 29), (2, 37), (17, 36), (37, 31), (3, 19), (10, 24), (19, 23), (26, 28), (36, 6), (4, 14), (4, 26), (24, 1), (24, 22), (34, 16), (34, 37), (35, 11), (28, 15), (28, 38), (8, 34), (16, 23), (38, 13), (11, 3), (23, 12), (23, 17)]]","[[62.53053547001578, 241.36663019857724, 1056.6041408210117, 9.731868535954785, 86.93634414058268, 435.5874537165416, 33.982030287854, 253.8298453778127, 216.3518569940694, 4.256777201729696, 282.1297584878928, 70.76284006315376, 405.57975996349774, 84.61141465896233, 48.690165422240774, 439.67548211681355, 409.42533326477496, 40.119119268655794, 914.6013107749251, 46.6185397954429, 159.08062646944884, 123.42985269818192, 30.81863191691961, 53.025435857665585, 40.48978976793923, 530.8986362417181, 85.53278863059802, 311.2251424104876, 168.64094999652892, 24.122808803792623, 70.16758450425462, 4.896477474674825, 366.6757276660399, 330.22515906588484, 48.3913904982062, 274.0366916701027, 110.08230762947841, 126.02771915605545, 67.99095768954191, 286.1489590203236, 45.9339762704015]]"
21,"[[(0, 6), (0, 25), (0, 32), (6, 7), (6, 12), (6, 35), (9, 19), (9, 30), (13, 25), (18, 1), (18, 39), (30, 25), (32, 1), (32, 38), (1, 15), (15, 36), (27, 8), (27, 29), (2, 37), (17, 36), (37, 31), (3, 19), (10, 24), (19, 23), (26, 28), (36, 6), (4, 14), (4, 26), (24, 1), (24, 22), (34, 16), (34, 37), (35, 11), (28, 15), (28, 38), (8, 34), (16, 23), (38, 13), (11, 3), (23, 12), (23, 17)]]","[[110.50435221051619, 222.3472072552122, 125.97710332986502, 22.003657328303667, 48.8602788948328, 347.00752939607605, 73.56420914508965, 253.34151844217575, 201.0017814835467, 13.7901505746723, 238.04674072477232, 64.3562101381242, 347.9355792700176, 96.7628794587278, 132.26066020030095, 504.4651728200053, 474.6001247569775, 41.30420892220911, 599.3689677856775, 48.0349495248718, 32.690743407096164, 112.45459481737728, 22.591458925968038, 30.821052465808187, 45.628954365718116, 487.3517328066541, 68.74564971858047, 190.06155696759495, 188.89044036112887, 20.572212048582333, 51.92578661129869, 5.098457347762948, 364.62016254906604, 347.57069944091916, 48.94260960540004, 42.00368638645481, 64.24429632073824, 506.5651914243835, 31.008632318689532, 203.95634684054966, 92.92588339114917]]"
22,"[[(0, 6), (0, 25), (0, 32), (6, 7), (6, 12), (6, 35), (9, 19), (9, 30), (13, 25), (18, 1), (18, 39), (30, 25), (32, 1), (32, 38), (1, 15), (15, 36), (27, 8), (27, 29), (2, 37), (17, 36), (37, 31), (3, 19), (10, 24), (19, 23), (26, 28), (36, 6), (4, 14), (4, 26), (24, 1), (24, 22), (34, 16), (34, 37), (35, 11), (28, 15), (28, 38), (8, 34), (16, 23), (38, 13), (11, 3), (23, 12), (23, 17)]]","[[108.04720675411252, 216.93536091125205, 479.0385604843142, 15.727516116074021, 122.61052364227659, 444.06020074160335, 43.495297338242835, 254.99561640292305, 141.09336592760445, 15.125240326544773, 214.28780641855144, 116.22322423906954, 714.9040126274692, 83.81692301718388, 210.05203447880214, 484.01206535875997, 316.0909106617119, 37.580140739905964, 1058.8417910197231, 46.22979926540105, 168.75536228082316, 124.02920327073869, 33.492389968633205, 42.89372028789707, 28.43281795332075, 446.2873825645855, 82.0159677707246, 262.25070316617047, 202.659301719594, 20.1383723084238, 77.25367153910766, 6.603681945525198, 385.2270848064016, 295.9649552115859, 49.39529351730694, 222.21876347530892, 46.56910305886961, 197.7146414611781, 21.797409488477854, 18.538090429175433, 104.51064657191114]]"
23,"[[(0, 6), (0, 25), (0, 32), (6, 7), (6, 12), (6, 35), (9, 19), (9, 30), (13, 25), (18, 1), (18, 39), (30, 25), (32, 1), (32, 38), (1, 15), (15, 36), (27, 8), (27, 29), (2, 37), (17, 36), (37, 31), (3, 19), (10, 24), (19, 23), (26, 28), (36, 6), (4, 14), (4, 26), (24, 1), (24, 22), (34, 16), (34, 37), (35, 11), (28, 15), (28, 38), (8, 34), (16, 23), (38, 13), (11, 3), (23, 12), (23, 17)]]","[[115.58550186704636, 206.66888662816302, 953.5548884383381, 25.428429813178365, 101.53227794131273, 399.4122261463085, 69.49597840054552, 253.62671848875962, 88.72281888031821, 3.71635327309963, 305.74618534089257, 60.53684559245181, 297.0810531230038, 71.64337205969574, 77.55084695828094, 444.84417151292655, 390.1555693024852, 41.832823802399794, 175.26626717681935, 45.5016954864617, 154.2863113881139, 117.30030925707787, 34.81575849238875, 71.3537299277223, 37.36617937219042, 580.3400135582469, 70.53199411952812, 232.579046347953, 158.62080056564974, 28.680999406000794, 77.29230474123936, 3.9428836537266347, 415.4667492596972, 274.4447042859332, 49.23462363240591, 118.71519079129189, 111.34476201215408, 496.5168749438249, 45.63827819612475, 173.0863483951935, 86.18718562894439]]"
24,"[[(0, 6), (0, 25), (0, 32), (6, 7), (6, 12), (6, 35), (9, 19), (9, 30), (13, 25), (18, 1), (18, 39), (30, 25), (32, 1), (32, 38), (1, 15), (15, 36), (27, 8), (27, 29), (2, 37), (17, 36), (37, 31), (3, 19), (10, 24), (19, 23), (26, 28), (36, 6), (4, 14), (4, 26), (24, 1), (24, 22), (34, 16), (34, 37), (35, 11), (28, 15), (28, 38), (8, 34), (16, 23), (38, 13), (11, 3), (23, 12), (23, 17)]]","[[108.44063468267944, 215.6892615213834, 974.4374745341794, 10.758481076804758, 128.44202581680725, 400.32563283568425, 99.7636749848677, 254.39065711955453, 144.8805598718402, 12.120639837008186, 218.15854681449753, 91.58417948767287, 597.4238686766394, 110.34698288362303, 202.39949284875644, 486.739191274473, 464.8855932412769, 39.68071184633836, 831.7036198225621, 45.475858182195985, 78.55516631295795, 108.0610371447758, 21.43633969164045, 21.35959419234957, 29.919569635444354, 530.226627470359, 86.35717926483531, 245.11569683352005, 150.68417567707968, 22.394759363381205, 102.15653987496823, 3.477429646553862, 365.57648578135365, 169.6584432371634, 49.558479968930826, 84.9795151748897, 94.69561059943119, 476.4245685581217, 28.948764091855335, 266.9720837200837, 146.72584550264082]]"
25,"[[(0, 6), (0, 25), (0, 32), (6, 7), (6, 12), (6, 35), (9, 19), (9, 30), (13, 25), (18, 1), (18, 39), (30, 25), (32, 1), (32, 38), (1, 15), (15, 36), (27, 8), (27, 29), (2, 37), (17, 36), (37, 31), (3, 19), (10, 24), (19, 23), (26, 28), (36, 6), (4, 14), (4, 26), (24, 1), (24, 22), (34, 16), (34, 37), (35, 11), (28, 15), (28, 38), (8, 34), (16, 23), (38, 13), (11, 3), (23, 12), (23, 17)]]","[[73.85097730327277, 216.82560549252304, 952.8989767451467, 15.035002931258964, 74.80536921974891, 475.11527262263485, 108.09538523273274, 253.38542093496073, 192.01864320890448, 14.82238470892171, 238.4778417666864, 84.23253028356666, 690.0322068668496, 114.50652683540454, 118.76442915861087, 466.9284310782082, 290.93290943675447, 37.011475238484245, 634.0546181816849, 48.247452677007196, 52.893646639923894, 120.58182949592832, 29.902230401365117, 73.72432878298278, 37.66838107714217, 608.778570314005, 66.98861126357947, 224.6950513248198, 152.82364212822327, 23.14596270437466, 103.4519169445153, 4.593468788731434, 397.21612637392695, 254.65551952835455, 49.82324951220467, 50.104263515851024, 216.67541433786008, 125.84140806316015, 25.19386512250358, 82.72002131779519, 132.65378582006463]]"
26,"[[(0, 6), (0, 25), (0, 32), (6, 7), (6, 12), (6, 35), (9, 19), (9, 30), (13, 25), (18, 1), (18, 39), (30, 25), (32, 1), (32, 38), (1, 15), (15, 36), (27, 8), (27, 29), (2, 37), (17, 36), (37, 31), (3, 19), (10, 24), (19, 23), (26, 28), (36, 6), (4, 14), (4, 26), (24, 1), (24, 22), (34, 16), (34, 37), (35, 11), (28, 15), (28, 38), (8, 34), (16, 23), (38, 13), (11, 3), (23, 12), (23, 17)]]","[[78.47070021853456, 216.96811456549753, 437.6087306073049, 21.78021099148313, 48.29812662859669, 376.6325448147045, 85.26986935235689, 254.42801141412374, 137.59595611546237, 0.7502408289683817, 251.96992758646127, 61.46105465105603, 699.7088601327664, 82.53061949478807, 108.80892132188637, 436.8659120307799, 288.315739253684, 39.02113748982118, 581.5525938671589, 46.317867042230596, 59.498380807549864, 97.092002687539, 32.123473995632196, 57.363178846854495, 37.08570153608862, 574.2690100003056, 76.32464395823021, 378.8443970347689, 195.66134162469356, 20.76369867677453, 66.65403801427532, 6.010743897003451, 388.857229916138, 350.1687531896066, 48.59055821679404, 254.81372125172282, 17.08840797957759, 252.02992473454898, 31.102487759447556, 122.8908904140058, 136.52322969552108]]"
27,"[[(0, 6), (0, 25), (0, 32), (6, 7), (6, 12), (6, 35), (9, 19), (9, 30), (13, 25), (18, 1), (18, 39), (30, 25), (32, 1), (32, 38), (1, 15), (15, 36), (27, 8), (27, 29), (2, 37), (17, 36), (37, 31), (3, 19), (10, 24), (19, 23), (26, 28), (36, 6), (4, 14), (4, 26), (24, 1), (24, 22), (34, 16), (34, 37), (35, 11), (28, 15), (28, 38), (8, 34), (16, 23), (38, 13), (11, 3), (23, 12), (23, 17)]]","[[80.50383623571537, 237.17439115623756, 82.05709462530962, 15.942525542209419, 133.44836050642536, 482.9865158469861, 33.672600911882554, 254.76838206198414, 251.66575573333327, 6.159727413496698, 294.2684679222396, 66.13086342282767, 278.3367246787181, 96.6848927439869, 71.9894899885864, 399.02638345425237, 409.3757823000899, 36.683091885925876, 221.50665604926223, 46.448739640814324, 78.4448530035185, 95.27278011805683, 31.134256230896426, 72.99899710763559, 30.43261790663356, 436.2109482447558, 78.64216535907585, 361.17092022549673, 195.32176578880717, 26.287394554573623, 88.72933886377407, 4.5066813251754265, 368.5148519698387, 206.34192699699992, 49.106402718321995, 207.33653035870753, 190.45413264109445, 226.13130188430318, 22.617246250673443, 215.3294699913552, 172.69093627902728]]"
28,"[[(0, 6), (0, 25), (0, 32), (6, 7), (6, 12), (6, 35), (9, 19), (9, 30), (13, 25), (18, 1), (18, 39), (30, 25), (32, 1), (32, 38), (1, 15), (15, 36), (27, 8), (27, 29), (2, 37), (17, 36), (37, 31), (3, 19), (10, 24), (19, 23), (26, 28), (36, 6), (4, 14), (4, 26), (24, 1), (24, 22), (34, 16), (34, 37), (35, 11), (28, 15), (28, 38), (8, 34), (16, 23), (38, 13), (11, 3), (23, 12), (23, 17)]]","[[68.84271026227721, 229.9729243347039, 565.9069118003625, 22.833975322672405, 29.283535783235315, 375.46331943718064, 94.42606627055352, 253.39423635506944, 148.98415617858646, 6.952434941953017, 318.4370976445507, 65.38962585546105, 326.14924693479065, 69.3238260397808, 129.8865083412142, 352.2999792663452, 476.6620722317331, 37.96052276060577, 590.5335693187756, 46.36957883428866, 36.291029826177905, 118.35616974157563, 29.574254479829374, 41.31778343892679, 48.12311168798172, 513.7196072952672, 82.063090449503, 293.7085926747452, 226.64713722401137, 29.035338359188152, 95.9583751597269, 3.6600909867695264, 374.0417767010961, 253.96988683210674, 49.63611994249624, 34.36681871114282, 133.1569200997227, 117.09828255925464, 55.8359991693199, 183.19850861289498, 93.34533821498054]]"
29,"[[(0, 6), (0, 25), (0, 32), (6, 7), (6, 12), (6, 35), (9, 19), (9, 30), (13, 25), (18, 1), (18, 39), (30, 25), (32, 1), (32, 38), (1, 15), (15, 36), (27, 8), (27, 29), (2, 37), (17, 36), (37, 31), (3, 19), (10, 24), (19, 23), (26, 28), (36, 6), (4, 14), (4, 26), (24, 1), (24, 22), (34, 16), (34, 37), (35, 11), (28, 15), (28, 38), (8, 34), (16, 23), (38, 13), (11, 3), (23, 12), (23, 17)]]","[[85.79587560341068, 233.6525025824205, 779.9055397437878, 11.810627077985725, 125.79959870948076, 368.6696356604195, 66.6009362398137, 253.1413931292956, 183.0290751060613, 4.473644258991925, 306.1629567366496, 84.69214362449127, 684.7666052061454, 106.31107089977635, 105.71764726654149, 465.75479041704284, 300.0926042191808, 39.0400421392862, 206.28535430926206, 45.77934127304033, 153.01441449474115, 120.53525303488648, 34.782465673853906, 70.06007506312761, 47.82651885857129, 461.0824876924208, 73.22681537142871, 282.3159504186757, 151.87745717055188, 19.06516874268349, 76.41962934486595, 3.4106589387789055, 403.04544792882353, 269.81561001275503, 48.044105409016126, 270.63589167197125, 31.582349868777253, 455.97244714548526, 29.812227496723217, 72.22391903171842, 137.15149586005666]]"
30,"[[(0, 6), (0, 25), (0, 32), (6, 7), (6, 12), (6, 35), (9, 19), (9, 30), (13, 25), (18, 1), (18, 39), (30, 25), (32, 1), (32, 38), (1, 15), (15, 36), (27, 8), (27, 29), (2, 37), (17, 36), (37, 31), (3, 19), (10, 24), (19, 23), (26, 28), (36, 6), (4, 14), (4, 26), (24, 1), (24, 22), (34, 16), (34, 37), (35, 11), (28, 15), (28, 38), (8, 34), (16, 23), (38, 13), (11, 3), (23, 12), (23, 17)]]","[[106.57169074456745, 222.3237502436547, 393.77311366104396, 29.79915842062191, 63.225725020792574, 417.3636788722697, 80.42190920469352, 254.73780580163051, 210.8780943602837, 5.49704350541089, 346.7441540160563, 83.14301081853246, 659.779021364511, 93.48422576873102, 170.41914522889746, 351.9006231258658, 322.4181082415689, 39.79449377192006, 805.2696796161912, 47.73616320800525, 110.88714892164137, 116.38428235286902, 30.059607165855624, 84.82392870331319, 35.71731586003221, 583.7937311711687, 85.35793289504467, 274.09368442909795, 230.2914425983962, 20.8086013543587, 53.478757397801616, 6.869719889894727, 385.3578610484505, 222.1484073317, 48.28345866493704, 265.4652632886375, 171.6104556828479, 320.16544322026573, 61.08849169685983, 228.75894337972684, 142.27918611325947]]"
31,"[[(0, 6), (0, 25), (0, 32), (6, 7), (6, 12), (6, 35), (9, 19), (9, 30), (13, 25), (18, 1), (18, 39), (30, 25), (32, 1), (32, 38), (1, 15), (15, 36), (27, 8), (27, 29), (2, 37), (17, 36), (37, 31), (3, 19), (10, 24), (19, 23), (26, 28), (36, 6), (4, 14), (4, 26), (24, 1), (24, 22), (34, 16), (34, 37), (35, 11), (28, 15), (28, 38), (8, 34), (16, 23), (38, 13), (11, 3), (23, 12), (23, 17)]]","[[53.60948456661714, 224.84575749550694, 472.87075152767443, 29.631705248874717, 131.90657036805106, 456.77456704711324, 62.48813659673549, 253.76402104188057, 188.2371501577877, 14.438163604949121, 217.30124420273043, 101.36743144290926, 256.207508882166, 65.54069099517804, 180.5895149768841, 395.8229190448045, 356.2261249999552, 40.05260796375954, 729.3079786198672, 46.53010056274535, 140.5151520192073, 106.76680597022178, 31.533451065314985, 42.70097573365734, 36.222303214396604, 567.5625317930328, 66.95970823356988, 208.82663088941362, 172.91334038392893, 23.15139212970284, 49.752429184422645, 6.990351130337441, 406.03370022088035, 335.47828036646143, 48.15027478499973, 58.681050582748185, 208.84043908164045, 511.1177270759678, 64.6117012232622, 69.0066251330488, 98.05799625179212]]"
32,"[[(0, 6), (0, 25), (0, 32), (6, 7), (6, 12), (6, 35), (9, 19), (9, 30), (13, 25), (18, 1), (18, 39), (30, 25), (32, 1), (32, 38), (1, 15), (15, 36), (27, 8), (27, 29), (2, 37), (17, 36), (37, 31), (3, 19), (10, 24), (19, 23), (26, 28), (36, 6), (4, 14), (4, 26), (24, 1), (24, 22), (34, 16), (34, 37), (35, 11), (28, 15), (28, 38), (8, 34), (16, 23), (38, 13), (11, 3), (23, 12), (23, 17)]]","[[88.73883053619915, 224.34225120886546, 954.790017103782, 14.910378784978057, 66.05244972376383, 452.6097664047128, 95.98912524672869, 253.07273354587164, 211.79546483264727, 7.827205152100584, 265.7481677006754, 116.46399588122208, 624.2680795490026, 75.32400403316797, 145.3344189444204, 515.2126231185064, 299.06296543882763, 40.81263129389071, 1024.661970937908, 46.756154155149076, 23.26798781188569, 129.14870394759072, 31.41018550943525, 74.96145070543602, 44.0504952089843, 552.0663961552116, 63.06940626126153, 357.9615552070043, 203.61667609981285, 22.18770113235778, 54.97888973976388, 5.211085632628803, 406.20745083143754, 301.3923239796193, 49.581908526982694, 250.33512885968088, 94.00129608319597, 452.1036982124511, 49.08857342052442, 67.02741337183699, 65.00061772523279]]"
33,"[[(0, 6), (0, 25), (0, 32), (6, 7), (6, 12), (6, 35), (9, 19), (9, 30), (13, 25), (18, 1), (18, 39), (30, 25), (32, 1), (32, 38), (1, 15), (15, 36), (27, 8), (27, 29), (2, 37), (17, 36), (37, 31), (3, 19), (10, 24), (19, 23), (26, 28), (36, 6), (4, 14), (4, 26), (24, 1), (24, 22), (34, 16), (34, 37), (35, 11), (28, 15), (28, 38), (8, 34), (16, 23), (38, 13), (11, 3), (23, 12), (23, 17)]]","[[52.08545462806921, 210.976994923759, 1093.9507015440518, 21.72214920969988, 139.62171223031214, 341.2362889389111, 101.04012128836992, 253.811183330321, 208.2973157195684, 15.520515687391093, 329.971526366805, 91.81091193242766, 678.7992193258447, 97.36226515101343, 94.46273211538974, 453.2689947856095, 325.471000021808, 40.36934683382751, 436.7382714918938, 47.169659112659296, 132.83784935583634, 99.84557595856654, 27.081848955508228, 82.91554621316509, 32.50560077377725, 579.6742739102834, 65.15509811110158, 289.4878747104199, 180.0125744914497, 21.626022450020756, 77.45040559159374, 4.205813229371014, 388.26262818648206, 239.07493774027728, 49.651058721298746, 267.55157117846954, 70.0190626839024, 501.7397820588317, 67.76302517340648, 246.8213246015727, 184.45093457278742]]"
34,"[[(0, 6), (0, 25), (0, 32), (6, 7), (6, 12), (6, 35), (9, 19), (9, 30), (13, 25), (18, 1), (18, 39), (30, 25), (32, 1), (32, 38), (1, 15), (15, 36), (27, 8), (27, 29), (2, 37), (17, 36), (37, 31), (3, 19), (10, 24), (19, 23), (26, 28), (36, 6), (4, 14), (4, 26), (24, 1), (24, 22), (34, 16), (34, 37), (35, 11), (28, 15), (28, 38), (8, 34), (16, 23), (38, 13), (11, 3), (23, 12), (23, 17)]]","[[71.18308905926344, 235.2836678339511, 783.3001031991415, 15.200868921502149, 55.53472659106445, 466.45265903920506, 97.21524502503794, 253.91484524617135, 149.9004184223577, 15.379863837210873, 326.9924680841214, 108.15911546507135, 599.7847434990748, 107.81888831870096, 51.15258270105306, 483.95921987151326, 337.69336445777674, 39.93927805964345, 319.40743424037385, 44.28431239567437, 34.14874870220089, 95.00098883417913, 34.18423322338822, 52.71070072108734, 33.868603513050566, 438.3494794037928, 63.65019630481229, 213.70817398333168, 200.58279960433964, 23.134917995851477, 67.63586935813643, 4.701303432744767, 384.0031114474462, 322.48239608857176, 49.15650544237606, 248.42922174077665, 134.2457423781924, 538.5019153638465, 70.38537743206962, 204.92208732263524, 60.85987473547749]]"
35,"[[(0, 6), (0, 25), (0, 32), (6, 7), (6, 12), (6, 35), (9, 19), (9, 30), (13, 25), (18, 1), (18, 39), (30, 25), (32, 1), (32, 38), (1, 15), (15, 36), (27, 8), (27, 29), (2, 37), (17, 36), (37, 31), (3, 19), (10, 24), (19, 23), (26, 28), (36, 6), (4, 14), (4, 26), (24, 1), (24, 22), (34, 16), (34, 37), (35, 11), (28, 15), (28, 38), (8, 34), (16, 23), (38, 13), (11, 3), (23, 12), (23, 17)]]","[[117.97214023040073, 212.5576462978659, 739.2614140855654, 7.879165714893331, 109.77790755832926, 463.72385217148417, 42.28038948186175, 253.45457919532694, 113.81989043415317, 8.078857699718322, 277.2487024243456, 83.3208458379909, 606.8382223395365, 126.99118063080333, 145.75395726824394, 421.72938973655766, 332.8985652831137, 37.88519655896301, 1093.4779936318857, 48.3456202794329, 114.1647513823975, 114.45798929265628, 32.464517882687915, 55.3700470193403, 44.23918532967063, 415.4252427526454, 74.85506835839394, 197.88460488444227, 248.19410895978461, 25.470202012851693, 54.794830795287226, 3.9460733061980884, 423.36234780589206, 165.48571882357967, 49.00588121871866, 233.60427543278166, 211.48678108691226, 340.1581581690702, 75.25213449009351, 189.3699045845568, 54.82068492974217]]"
36,"[[(0, 6), (0, 25), (0, 32), (6, 7), (6, 12), (6, 35), (9, 19), (9, 30), (13, 25), (18, 1), (18, 39), (30, 25), (32, 1), (32, 38), (1, 15), (15, 36), (27, 8), (27, 29), (2, 37), (17, 36), (37, 31), (3, 19), (10, 24), (19, 23), (26, 28), (36, 6), (4, 14), (4, 26), (24, 1), (24, 22), (34, 16), (34, 37), (35, 11), (28, 15), (28, 38), (8, 34), (16, 23), (38, 13), (11, 3), (23, 12), (23, 17)]]","[[71.71060087665288, 225.0416244955016, 789.3110658508698, 6.45013887200881, 39.40599264317398, 392.85700969990705, 81.99909153314063, 253.1815570461597, 190.81555785209747, 5.132899205274477, 330.866524201662, 106.57119090912882, 429.70920278599203, 101.868659625759, 107.39709954755, 480.5073383575748, 293.3132191602813, 39.69732964082798, 281.1676882071024, 48.131368806254464, 127.9774991636323, 130.7883596086788, 29.56527596764426, 68.77726067290062, 38.9296008824834, 628.6117315376262, 84.20187971649582, 222.21805938975186, 179.55789990279112, 19.957350424985417, 95.6612367873788, 5.881398053586967, 360.62060510769714, 322.8718722421745, 49.87133218640876, 137.05422934945196, 184.64071462395438, 119.99320389938954, 33.63670684588661, 101.66520088478298, 181.44152548239495]]"
37,"[[(0, 6), (0, 25), (0, 32), (6, 7), (6, 12), (6, 35), (9, 19), (9, 30), (13, 25), (18, 1), (18, 39), (30, 25), (32, 1), (32, 38), (1, 15), (15, 36), (27, 8), (27, 29), (2, 37), (17, 36), (37, 31), (3, 19), (10, 24), (19, 23), (26, 28), (36, 6), (4, 14), (4, 26), (24, 1), (24, 22), (34, 16), (34, 37), (35, 11), (28, 15), (28, 38), (8, 34), (16, 23), (38, 13), (11, 3), (23, 12), (23, 17)]]","[[93.44152606307603, 233.437154820842, 553.2301318301882, 16.68981962394662, 137.3019414597614, 357.80683816991916, 57.435406269590985, 253.6827698997982, 246.40625005770073, 13.952039206712353, 225.55153074118584, 54.040673542616894, 782.8154905022733, 120.1840130647714, 114.96672324250615, 394.9373948097032, 475.7617304558566, 40.993276567569055, 1139.4605681880112, 45.63439141897426, 148.69044759543127, 100.85263736646048, 23.056673675543458, 58.79200107014841, 35.041892953329864, 595.2454255035191, 83.58784000634171, 242.05161355361395, 181.1897776847547, 28.804521030061657, 71.7104526057682, 6.064295604843528, 403.2016036953073, 344.85359994463323, 48.38371402738591, 131.29866735693912, 225.8916612533496, 538.5282107038674, 23.309260025858173, 299.92310091430267, 146.02092497799674]]"
38,"[[(0, 6), (0, 25), (0, 32), (6, 7), (6, 12), (6, 35), (9, 19), (9, 30), (13, 25), (18, 1), (18, 39), (30, 25), (32, 1), (32, 38), (1, 15), (15, 36), (27, 8), (27, 29), (2, 37), (17, 36), (37, 31), (3, 19), (10, 24), (19, 23), (26, 28), (36, 6), (4, 14), (4, 26), (24, 1), (24, 22), (34, 16), (34, 37), (35, 11), (28, 15), (28, 38), (8, 34), (16, 23), (38, 13), (11, 3), (23, 12), (23, 17)]]","[[92.96987764810757, 229.14120414429587, 96.58812261193937, 6.08902177554917, 38.45936932461213, 466.4397536305593, 101.09358900356023, 254.08960909945782, 249.82383754373657, 13.970632832122996, 303.6927322064907, 78.06535489580253, 459.3329072244253, 71.38371286472142, 153.53917281408965, 364.02208891751945, 388.3645287263254, 37.295820781443204, 183.29648385813664, 45.541823678687926, 70.68509725553494, 103.2380782159891, 26.053543096191408, 51.05119531746496, 40.758141743477196, 458.0419196246976, 82.59820530215472, 378.74364731499236, 159.90215702428227, 28.46885715439134, 88.0681982544611, 5.748502530212501, 434.6413122212256, 218.9550569159905, 49.21024340002686, 284.577807066403, 105.41904224730351, 113.7269378142446, 21.71003363741914, 94.03615347240677, 101.00399073654722]]"
39,"[[(0, 6), (0, 25), (0, 32), (6, 7), (6, 12), (6, 35), (9, 19), (9, 30), (13, 25), (18, 1), (18, 39), (30, 25), (32, 1), (32, 38), (1, 15), (15, 36), (27, 8), (27, 29), (2, 37), (17, 36), (37, 31), (3, 19), (10, 24), (19, 23), (26, 28), (36, 6), (4, 14), (4, 26), (24, 1), (24, 22), (34, 16), (34, 37), (35, 11), (28, 15), (28, 38), (8, 34), (16, 23), (38, 13), (11, 3), (23, 12), (23, 17)]]","[[87.36121609806469, 227.18992223385942, 1007.759585687728, 24.620274595667638, 58.119944750227674, 472.07992974982824, 107.15099885820801, 253.9722037726151, 185.1716521121498, 2.3540197263797875, 310.9084629961117, 101.75668186978203, 739.2404474747032, 84.1949454465956, 130.66798486945416, 488.6046270830291, 332.19283099168933, 37.83531889324341, 1110.849121779795, 47.94179535076684, 31.810360618842143, 110.27227573179232, 28.417811248853894, 27.10724091119571, 39.48216314599066, 511.40812828497576, 82.15964348234549, 371.094474860182, 157.21270156034979, 20.796535164290596, 83.21878813656178, 4.227060832638514, 406.0576654133891, 146.0405599386316, 48.16482199795309, 204.78840291407278, 137.4961355758353, 432.911231823835, 66.4650384373883, 113.85806033744979, 101.6382199228224]]"
40,"[[(0, 6), (0, 25), (0, 32), (6, 7), (6, 12), (6, 35), (9, 19), (9, 30), (13, 25), (18, 1), (18, 39), (30, 25), (32, 1), (32, 38), (1, 15), (15, 36), (27, 8), (27, 29), (2, 37), (17, 36), (37, 31), (3, 19), (10, 24), (19, 23), (26, 28), (36, 6), (4, 14), (4, 26), (24, 1), (24, 22), (34, 16), (34, 37), (35, 11), (28, 15), (28, 38), (8, 34), (16, 23), (38, 13), (11, 3), (23, 12), (23, 17)]]","[[58.832489010176666, 222.93684152727764, 537.3560293997991, 11.550760384470285, 64.52585658476409, 474.0807428049527, 56.425109572481624, 254.35267676379274, 135.98920258247784, 4.266237168326267, 341.386881736933, 53.35664212649213, 712.2556798060143, 70.72980961098186, 87.20828128808489, 419.03506754409113, 353.03438526949896, 41.39069305761683, 846.7966815691515, 44.719602722018315, 168.18700407345366, 125.86028159099018, 28.027216215208043, 100.53683654562444, 46.921614462236676, 549.0636154079461, 65.857652783545, 322.17328732759324, 186.95948188959625, 21.916995284237665, 68.57160563554139, 4.460107912079163, 430.37048897462006, 296.48906655748465, 48.71276821428141, 206.33403514403764, 229.60316300387615, 142.29905622627734, 69.65679579411326, 148.09488480623912, 44.76343281130905]]"
41,"[[(0, 6), (0, 25), (0, 32), (6, 7), (6, 12), (6, 35), (9, 19), (9, 30), (13, 25), (18, 1), (18, 39), (30, 25), (32, 1), (32, 38), (1, 15), (15, 36), (27, 8), (27, 29), (2, 37), (17, 36), (37, 31), (3, 19), (10, 24), (19, 23), (26, 28), (36, 6), (4, 14), (4, 26), (24, 1), (24, 22), (34, 16), (34, 37), (35, 11), (28, 15), (28, 38), (8, 34), (16, 23), (38, 13), (11, 3), (23, 12), (23, 17)]]","[[121.56013358659287, 209.0464917449033, 525.7099388759332, 26.692714427109433, 43.427818494850904, 472.0651986706224, 49.40592907767174, 253.67510359791294, 112.06948955644403, 11.373898674649496, 342.6396103772614, 116.4326967398123, 708.9408529797856, 106.0141851353668, 159.2190871685847, 486.1269059866622, 375.48044120220175, 38.8828020327618, 704.0660011389717, 47.533523814293595, 107.07183044175869, 122.02168327450374, 32.37698760530266, 60.5776697302506, 33.558743701614645, 521.0920370069404, 71.70139302424823, 377.0097803321748, 249.44984926253707, 29.24484114171151, 56.319612580073525, 3.582598294579603, 379.7879546314837, 335.48140498887096, 49.24243436627612, 251.14031488346257, 116.14126801724129, 303.7818604031467, 68.93605195019424, 212.950037853709, 96.33161372633268]]"
42,"[[(0, 6), (0, 25), (0, 32), (6, 7), (6, 12), (6, 35), (9, 19), (9, 30), (13, 25), (18, 1), (18, 39), (30, 25), (32, 1), (32, 38), (1, 15), (15, 36), (27, 8), (27, 29), (2, 37), (17, 36), (37, 31), (3, 19), (10, 24), (19, 23), (26, 28), (36, 6), (4, 14), (4, 26), (24, 1), (24, 22), (34, 16), (34, 37), (35, 11), (28, 15), (28, 38), (8, 34), (16, 23), (38, 13), (11, 3), (23, 12), (23, 17)]]","[[92.53099428941641, 233.49853397019095, 363.0544552037509, 15.60921382654457, 83.03406926820921, 455.47619344994587, 61.60355286611784, 254.57388264126578, 100.55453956874724, 11.070256832349614, 327.88569571437444, 81.20309275957513, 507.38009538588074, 83.05312776142208, 178.9613946652546, 415.0022997926262, 355.3480111279301, 36.07364599688911, 928.6887498081834, 45.72506447294828, 111.90894554035313, 103.09977541884419, 23.0613299994449, 72.52606638054954, 44.31043724862762, 587.4698102985564, 69.6095552837421, 339.90631457365305, 198.2805668675855, 29.553788689934397, 82.63364303008976, 4.453542145995177, 424.3836765525657, 316.2348175939478, 49.63160865554013, 234.5645700264851, 215.34834637662843, 343.1888059249678, 58.96510398543448, 152.78389737288938, 171.889115175764]]"
43,"[[(0, 6), (0, 25), (0, 32), (6, 7), (6, 12), (6, 35), (9, 19), (9, 30), (13, 25), (18, 1), (18, 39), (30, 25), (32, 1), (32, 38), (1, 15), (15, 36), (27, 8), (27, 29), (2, 37), (17, 36), (37, 31), (3, 19), (10, 24), (19, 23), (26, 28), (36, 6), (4, 14), (4, 26), (24, 1), (24, 22), (34, 16), (34, 37), (35, 11), (28, 15), (28, 38), (8, 34), (16, 23), (38, 13), (11, 3), (23, 12), (23, 17)]]","[[97.67662912998766, 239.71481244234883, 1084.6870008782098, 13.125050410730157, 50.099914872578694, 458.94061551543626, 68.45690353252868, 253.83973581066778, 134.9976529399449, 2.5662225052033207, 235.27591859036033, 77.8385344993684, 390.916327728905, 69.8243698794754, 221.9909240817152, 428.4346330390794, 456.6507343896242, 39.95424682903013, 675.896089554315, 45.21200304335576, 18.96662472550252, 130.4176236848234, 34.56767565750117, 26.831315481172314, 45.44094102318796, 586.0760278279373, 72.95250307630636, 261.33562954786754, 223.41103625836968, 26.911444586553632, 83.96583462294143, 5.95898916859127, 364.61160302468494, 196.6176939596795, 49.159229123673164, 139.5038714708948, 227.14062806806857, 265.2418394679369, 48.36470918374177, 146.09291043056908, 152.07499908158485]]"
44,"[[(0, 6), (0, 25), (0, 32), (6, 7), (6, 12), (6, 35), (9, 19), (9, 30), (13, 25), (18, 1), (18, 39), (30, 25), (32, 1), (32, 38), (1, 15), (15, 36), (27, 8), (27, 29), (2, 37), (17, 36), (37, 31), (3, 19), (10, 24), (19, 23), (26, 28), (36, 6), (4, 14), (4, 26), (24, 1), (24, 22), (34, 16), (34, 37), (35, 11), (28, 15), (28, 38), (8, 34), (16, 23), (38, 13), (11, 3), (23, 12), (23, 17)]]","[[84.6146804702175, 231.33499101250848, 819.8909236462134, 14.759363610586313, 118.7969962953891, 359.4421794172305, 57.77975859627334, 253.2498331584665, 223.14916462566154, 1.11440298035998, 249.01638412642268, 62.15716795624514, 477.61434976976005, 107.10264771608605, 49.23365612970185, 360.4597795658959, 465.50326933762636, 39.238583757871375, 809.2236176324847, 46.52069488237784, 147.12335746259717, 115.52382245809447, 24.26300403165501, 67.79301229206104, 34.1312456302508, 540.7655577391948, 80.61762947137987, 200.21954450597664, 241.1165963435268, 22.19420715979557, 91.91422329891229, 6.045181431761069, 402.6893270136182, 217.93371396327, 49.65408551590829, 221.97794428249927, 130.91280692242162, 455.0917611268777, 39.640979520242325, 140.54039742576046, 70.57174194632728]]"
45,"[[(0, 6), (0, 25), (0, 32), (6, 7), (6, 12), (6, 35), (9, 19), (9, 30), (13, 25), (18, 1), (18, 39), (30, 25), (32, 1), (32, 38), (1, 15), (15, 36), (27, 8), (27, 29), (2, 37), (17, 36), (37, 31), (3, 19), (10, 24), (19, 23), (26, 28), (36, 6), (4, 14), (4, 26), (24, 1), (24, 22), (34, 16), (34, 37), (35, 11), (28, 15), (28, 38), (8, 34), (16, 23), (38, 13), (11, 3), (23, 12), (23, 17)]]","[[77.33161925883638, 203.37001650592376, 213.03556266390984, 26.6958841092054, 74.98481522417862, 340.82317435520287, 85.85678424939277, 254.48481040555498, 210.60702560132566, 9.472149117143877, 292.3022586938823, 111.86820164695024, 384.50430800554653, 68.71563522406589, 54.11016371605382, 432.60185490706994, 289.3981272087851, 38.19507451188589, 383.09828618151766, 46.39389854699625, 97.26477079884069, 102.04362886715211, 24.009362756544107, 45.05384397790991, 46.952391747491205, 438.3562425309079, 83.9981413554853, 269.8414793642607, 196.69515475180373, 25.005818450340957, 102.96380295109975, 6.352244170202772, 381.8696392275353, 237.98251947265751, 49.84815104843668, 112.83209491235479, 20.357214964830984, 430.03131214702745, 28.042825729750195, 202.53703453465633, 76.29282981967913]]"
46,"[[(0, 6), (0, 25), (0, 32), (6, 7), (6, 12), (6, 35), (9, 19), (9, 30), (13, 25), (18, 1), (18, 39), (30, 25), (32, 1), (32, 38), (1, 15), (15, 36), (27, 8), (27, 29), (2, 37), (17, 36), (37, 31), (3, 19), (10, 24), (19, 23), (26, 28), (36, 6), (4, 14), (4, 26), (24, 1), (24, 22), (34, 16), (34, 37), (35, 11), (28, 15), (28, 38), (8, 34), (16, 23), (38, 13), (11, 3), (23, 12), (23, 17)]]","[[116.65997363681575, 223.7306028234226, 390.12307180116056, 14.934192588731047, 73.03706966584141, 346.20318484077245, 75.52981146665566, 254.6454656975454, 233.53808125425928, 11.718611789199057, 261.77156426118177, 71.92422548323663, 401.37032924510817, 86.81869911526101, 130.37907240129573, 428.70501852892653, 441.8918731873241, 37.34597367768975, 569.2248263114807, 48.35806317058428, 44.80015782854896, 110.24425481016218, 32.681701025683466, 73.67262681100517, 49.69952699358568, 454.0585527085809, 78.37369517541663, 308.94007151217835, 222.24988113969553, 29.6983331417322, 102.47980893999963, 5.587576359928177, 377.85576617900364, 159.61559388738044, 48.11126915720653, 38.85934954866128, 201.44167215124367, 462.31800673524714, 59.096715325480716, 294.75760058175996, 129.37878199632777]]"
47,"[[(0, 6), (0, 25), (0, 32), (6, 7), (6, 12), (6, 35), (9, 19), (9, 30), (13, 25), (18, 1), (18, 39), (30, 25), (32, 1), (32, 38), (1, 15), (15, 36), (27, 8), (27, 29), (2, 37), (17, 36), (37, 31), (3, 19), (10, 24), (19, 23), (26, 28), (36, 6), (4, 14), (4, 26), (24, 1), (24, 22), (34, 16), (34, 37), (35, 11), (28, 15), (28, 38), (8, 34), (16, 23), (38, 13), (11, 3), (23, 12), (23, 17)]]","[[67.17276733272936, 207.90893796226482, 992.2288196951324, 21.214866214088183, 95.3833542497989, 439.79370295528616, 69.48307068569771, 253.00152358703835, 236.59077656329353, 3.4152623446086814, 327.2010441775047, 56.22645992243638, 617.2196225461828, 119.61539580685593, 117.53793453485704, 397.0637939570819, 431.61024135283003, 39.06992146593525, 1027.9821209882311, 45.72071854037974, 91.83765375344397, 95.81134503225944, 27.855951946708803, 88.24217353905811, 27.635205072782306, 552.5287103882932, 63.82791652672684, 334.15627548676457, 203.6456101639162, 29.789390458267285, 92.26031588379072, 6.50929950866983, 413.07979522656456, 245.63796525662218, 48.1175646290075, 149.48651590239956, 199.15105113886287, 294.1645023277089, 32.122042490918034, 246.86277046151648, 65.85921341189227]]"
48,"[[(0, 6), (0, 25), (0, 32), (6, 7), (6, 12), (6, 35), (9, 19), (9, 30), (13, 25), (18, 1), (18, 39), (30, 25), (32, 1), (32, 38), (1, 15), (15, 36), (27, 8), (27, 29), (2, 37), (17, 36), (37, 31), (3, 19), (10, 24), (19, 23), (26, 28), (36, 6), (4, 14), (4, 26), (24, 1), (24, 22), (34, 16), (34, 37), (35, 11), (28, 15), (28, 38), (8, 34), (16, 23), (38, 13), (11, 3), (23, 12), (23, 17)]]","[[119.83318814268767, 239.09491401975558, 853.078307846309, 12.478142981253072, 83.3809877518186, 345.5948867287697, 50.74272805624779, 254.14496778166398, 188.93941926248868, 6.735310568409224, 340.4652950190938, 66.44584432879279, 336.160854067357, 123.97546530533498, 115.99988947216117, 420.5628088976388, 477.1709562819979, 41.24120102273008, 970.1320719336105, 45.87891761092832, 107.69772915626838, 120.53742509916006, 29.836232802203494, 71.10478104775706, 49.9426310287021, 501.0784057290126, 77.07649487341381, 310.5883939603108, 156.045975071035, 18.045463205703157, 56.12058986240353, 6.687610733041043, 426.34249459779323, 352.2052087678935, 48.73280627942683, 59.376353867327694, 223.9245226277984, 492.15101731218033, 53.60160365217734, 111.70091895736557, 72.57713786303624]]"
49,"[[(0, 6), (0, 25), (0, 32), (6, 7), (6, 12), (6, 35), (9, 19), (9, 30), (13, 25), (18, 1), (18, 39), (30, 25), (32, 1), (32, 38), (1, 15), (15, 36), (27, 8), (27, 29), (2, 37), (17, 36), (37, 31), (3, 19), (10, 24), (19, 23), (26, 28), (36, 6), (4, 14), (4, 26), (24, 1), (24, 22), (34, 16), (34, 37), (35, 11), (28, 15), (28, 38), (8, 34), (16, 23), (38, 13), (11, 3), (23, 12), (23, 17)]]","[[67.82976788692893, 241.4649245476486, 997.2316703181302, 26.087232196789774, 98.75121679115459, 452.52696785630843, 87.49020283386852, 254.10978015726198, 87.29525380901555, 8.105235771689749, 334.20218773959, 107.6587622146001, 783.4202319972607, 116.51699600371902, 65.36251600523406, 477.7076062356616, 450.43703839755096, 40.5156208839823, 285.6665754513145, 46.76799161378757, 85.90336405365785, 118.16983805189565, 29.08586679713783, 99.8058054964751, 39.56200574524267, 605.631636772329, 63.97954295984361, 275.0730360105531, 161.61471474567304, 29.086209455605044, 77.38207907710876, 5.551049886553878, 413.044657768142, 342.5068001183197, 49.48238305849833, 139.82136875886982, 59.56126853372851, 456.28431499448135, 23.414367951085794, 225.65492791658534, 178.0638426939098]]"
50,"[[(0, 6), (0, 25), (0, 32), (6, 7), (6, 12), (6, 35), (9, 19), (9, 30), (13, 25), (18, 1), (18, 39), (30, 25), (32, 1), (32, 38), (1, 15), (15, 36), (27, 8), (27, 29), (2, 37), (17, 36), (37, 31), (3, 19), (10, 24), (19, 23), (26, 28), (36, 6), (4, 14), (4, 26), (24, 1), (24, 22), (34, 16), (34, 37), (35, 11), (28, 15), (28, 38), (8, 34), (16, 23), (38, 13), (11, 3), (23, 12), (23, 17)]]","[[108.32222285043477, 210.6576611733824, 833.6675929199016, 10.023917135595449, 41.385370433355945, 337.82235593786015, 45.06786030053389, 254.99544804833354, 213.81569584670373, 12.63236062396251, 311.48857906768126, 105.86708038875986, 567.4674460077927, 123.08800032596761, 122.32278350609079, 458.00174107306543, 415.7695558598879, 40.99194853960532, 684.2583574344087, 47.55227361066572, 155.96791694589263, 98.45428789085159, 32.2624182974339, 61.17870504800452, 29.476970494002725, 471.15064517359923, 68.68403623305376, 244.12731055407716, 253.51589290358393, 18.82013715717288, 93.06812239781144, 4.888097262960406, 370.489495983582, 223.61692615767413, 49.86472072516304, 258.2481237180326, 141.06212428815743, 270.8451772258679, 43.67752469926083, 133.64470264958223, 99.0141533945121]]"
51,"[[(0, 6), (0, 25), (0, 32), (6, 7), (6, 12), (6, 35), (9, 19), (9, 30), (13, 25), (18, 1), (18, 39), (30, 25), (32, 1), (32, 38), (1, 15), (15, 36), (27, 8), (27, 29), (2, 37), (17, 36), (37, 31), (3, 19), (10, 24), (19, 23), (26, 28), (36, 6), (4, 14), (4, 26), (24, 1), (24, 22), (34, 16), (34, 37), (35, 11), (28, 15), (28, 38), (8, 34), (16, 23), (38, 13), (11, 3), (23, 12), (23, 17)]]","[[98.75592602055605, 231.04192116913214, 1060.1653089006495, 21.03953465526039, 73.90921341896802, 437.93278591117365, 83.5462987570626, 254.5123168084614, 143.24214348863933, 5.4851671772225785, 324.99872194353145, 115.2165513040249, 442.0261383275258, 65.40421058787052, 163.89339689701342, 319.32254094992135, 298.6628747916332, 37.89503270752212, 913.1299440439242, 44.331879779425435, 35.440493528358985, 97.66758589696785, 34.435045108236345, 61.21637038656554, 31.37261930642913, 499.7018947752589, 62.02895141042668, 369.17869113098175, 242.05553678649244, 26.487082739614678, 105.8694297267808, 5.93572513317924, 414.5408786994519, 318.5209973012981, 48.09814963240392, 59.14346388434371, 144.35575750084567, 353.6248339228656, 59.047309670599134, 303.6273399541052, 52.65808119822374]]"
52,"[[(0, 6), (0, 25), (0, 32), (6, 7), (6, 12), (6, 35), (9, 19), (9, 30), (13, 25), (18, 1), (18, 39), (30, 25), (32, 1), (32, 38), (1, 15), (15, 36), (27, 8), (27, 29), (2, 37), (17, 36), (37, 31), (3, 19), (10, 24), (19, 23), (26, 28), (36, 6), (4, 14), (4, 26), (24, 1), (24, 22), (34, 16), (34, 37), (35, 11), (28, 15), (28, 38), (8, 34), (16, 23), (38, 13), (11, 3), (23, 12), (23, 17)]]","[[57.29537587317539, 217.77735204241907, 586.2092153007087, 15.273716959650546, 36.688107488084086, 473.8743314296744, 45.32525571420196, 253.11121382969102, 211.5234719100564, 1.5506335072658857, 273.92461859355205, 81.90189652746247, 749.3527815836886, 85.56760629684753, 133.56870508514572, 451.0867826905204, 445.99138803709906, 41.1568825909059, 785.838832199413, 46.814108764683354, 58.49601131317799, 99.0542828652202, 30.56007310284972, 100.05757260057612, 49.902773058431535, 466.34911359906255, 76.43244487793562, 287.9083226302177, 212.09545119742995, 19.078159038197377, 50.69809109793937, 6.927035105718641, 410.837528157237, 331.53667586798827, 48.72617283763023, 141.39934647081, 207.92575884229856, 182.5494063791699, 51.698601460535656, 294.79598789341713, 95.20429958700169]]"
53,"[[(0, 6), (0, 25), (0, 32), (6, 7), (6, 12), (6, 35), (9, 19), (9, 30), (13, 25), (18, 1), (18, 39), (30, 25), (32, 1), (32, 38), (1, 15), (15, 36), (27, 8), (27, 29), (2, 37), (17, 36), (37, 31), (3, 19), (10, 24), (19, 23), (26, 28), (36, 6), (4, 14), (4, 26), (24, 1), (24, 22), (34, 16), (34, 37), (35, 11), (28, 15), (28, 38), (8, 34), (16, 23), (38, 13), (11, 3), (23, 12), (23, 17)]]","[[47.79994641808491, 233.4949161713569, 1015.8687848652703, 22.328050023413542, 124.09513000960446, 400.36601649255715, 55.37677902548694, 254.4658316296088, 232.57118996932786, 2.8094043205827735, 262.53946580804217, 83.34055311692182, 672.6491274510038, 77.53046464479137, 67.94284061486675, 353.656361765578, 279.6838517412906, 40.29505464894999, 966.8475310013256, 48.04162172977811, 112.12043132010672, 104.70294524183679, 30.969941030582493, 32.15000214943298, 48.0972469090218, 488.8053744885808, 79.91938678758534, 190.1698246558396, 171.3292259002495, 22.026061563557793, 99.48154356883086, 4.3730010253737905, 434.97980577924926, 325.124392556735, 48.99485971734339, 227.67411551722736, 188.78306117118092, 139.81372663306973, 71.43657172836535, 236.95746904278346, 48.54252688842115]]"
54,"[[(0, 6), (0, 25), (0, 32), (6, 7), (6, 12), (6, 35), (9, 19), (9, 30), (13, 25), (18, 1), (18, 39), (30, 25), (32, 1), (32, 38), (1, 15), (15, 36), (27, 8), (27, 29), (2, 37), (17, 36), (37, 31), (3, 19), (10, 24), (19, 23), (26, 28), (36, 6), (4, 14), (4, 26), (24, 1), (24, 22), (34, 16), (34, 37), (35, 11), (28, 15), (28, 38), (8, 34), (16, 23), (38, 13), (11, 3), (23, 12), (23, 17)]]","[[105.78687225482817, 206.35401365472802, 766.5318468682652, 6.559089382727853, 91.15710411921697, 455.1165760031579, 52.21506539002063, 253.12248620920104, 209.3424140841621, 11.648649123441308, 234.98566316283961, 71.21469832542724, 361.6446296318521, 94.48182294289214, 123.8696187268104, 419.3835658000242, 477.0634606111788, 38.80346601123305, 629.6580700343197, 48.82498554830124, 150.2024939722767, 101.79852175735759, 21.17351737063577, 46.999317216262845, 31.661469994767888, 592.0463440460902, 63.216823656957864, 314.0056466014531, 223.7912835704454, 29.68885686889261, 98.36271009195175, 6.530143970718978, 369.74236136334883, 185.7531734944585, 48.55089126354381, 227.3799218746241, 179.25245762584632, 232.0502877300363, 74.49083093350544, 179.2047622971526, 61.18528679019224]]"
55,"[[(0, 6), (0, 25), (0, 32), (6, 7), (6, 12), (6, 35), (9, 19), (9, 30), (13, 25), (18, 1), (18, 39), (30, 25), (32, 1), (32, 38), (1, 15), (15, 36), (27, 8), (27, 29), (2, 37), (17, 36), (37, 31), (3, 19), (10, 24), (19, 23), (26, 28), (36, 6), (4, 14), (4, 26), (24, 1), (24, 22), (34, 16), (34, 37), (35, 11), (28, 15), (28, 38), (8, 34), (16, 23), (38, 13), (11, 3), (23, 12), (23, 17)]]","[[71.23288449488226, 216.80913344525823, 672.3952718503624, 18.441648288989843, 30.969527474079875, 418.18879861401393, 68.10025510304212, 253.25969533993134, 138.7065382330519, 4.357109035336684, 306.8266806944433, 86.98190779228125, 668.0291266451749, 70.16455329097076, 86.5631321635152, 325.8545541797464, 299.6072109164043, 41.25947114205094, 888.8639322151721, 45.85270780948129, 39.51142892320878, 108.31795318074568, 22.681699480711508, 99.667529092378, 37.88030782121591, 580.5326982742467, 83.094534242101, 375.49696801210894, 163.4398769689675, 27.53536365637583, 74.10392340316874, 6.304839460534154, 424.91554703677116, 318.4790653236498, 49.42195722933907, 93.39382691553114, 53.479132454384434, 367.43891825467455, 47.98139797081111, 91.92721424929816, 148.87161157718046]]"
56,"[[(0, 6), (0, 25), (0, 32), (6, 7), (6, 12), (6, 35), (9, 19), (9, 30), (13, 25), (18, 1), (18, 39), (30, 25), (32, 1), (32, 38), (1, 15), (15, 36), (27, 8), (27, 29), (2, 37), (17, 36), (37, 31), (3, 19), (10, 24), (19, 23), (26, 28), (36, 6), (4, 14), (4, 26), (24, 1), (24, 22), (34, 16), (34, 37), (35, 11), (28, 15), (28, 38), (8, 34), (16, 23), (38, 13), (11, 3), (23, 12), (23, 17)]]","[[71.03152748811763, 222.1294901739778, 1061.8940428382691, 7.532985733185303, 113.4471485748261, 374.5649406001703, 44.185167952006324, 253.7507045589015, 101.18612530660968, 0.07781818893728598, 238.59284597406983, 106.1853384832637, 583.05201693608, 93.98754930510708, 189.7759711582703, 322.4836360074149, 427.1570251887192, 41.46740941267256, 480.84548136080434, 44.65789364878652, 122.24903283792668, 132.4647240381874, 28.348385793710207, 32.797689810797294, 42.522761816048245, 494.3683276501972, 73.76066847465736, 202.25403722590548, 181.2507018493285, 21.070771821645792, 70.72022450664673, 6.673322728472652, 430.5217519023939, 293.21370604773466, 48.95228350646712, 101.7884781665711, 108.5150644504109, 438.8637583420403, 63.43385022670143, 192.2908779891658, 73.1160907408262]]"
57,"[[(0, 6), (0, 25), (0, 32), (6, 7), (6, 12), (6, 35), (9, 19), (9, 30), (13, 25), (18, 1), (18, 39), (30, 25), (32, 1), (32, 38), (1, 15), (15, 36), (27, 8), (27, 29), (2, 37), (17, 36), (37, 31), (3, 19), (10, 24), (19, 23), (26, 28), (36, 6), (4, 14), (4, 26), (24, 1), (24, 22), (34, 16), (34, 37), (35, 11), (28, 15), (28, 38), (8, 34), (16, 23), (38, 13), (11, 3), (23, 12), (23, 17)]]","[[98.84555687813491, 208.3585006475322, 497.4520297059217, 8.571573161265679, 67.63776542245458, 436.52111495975925, 79.4008631310333, 253.81059223648194, 181.51181883097053, 12.870276999478799, 300.5222288222908, 100.42620102585983, 262.69467419244046, 78.18370416616717, 179.80089190426233, 388.72840377074345, 481.3305528264537, 40.275543615770644, 726.424359154033, 43.01727072254363, 63.90634514624615, 102.801756789134, 28.755607843610115, 80.49551899587652, 39.906616462666996, 556.193717612363, 86.28356159734699, 310.8865751178163, 184.42753360210043, 23.761233261241642, 58.60896461616553, 3.5631872637159034, 385.8464877209556, 286.8982915179451, 48.912448484639626, 77.91505853238101, 238.09584161550023, 512.7872859831064, 29.976380352183686, 199.1571350776348, 92.90871406400507]]"
58,"[[(0, 6), (0, 25), (0, 32), (6, 7), (6, 12), (6, 35), (9, 19), (9, 30), (13, 25), (18, 1), (18, 39), (30, 25), (32, 1), (32, 38), (1, 15), (15, 36), (27, 8), (27, 29), (2, 37), (17, 36), (37, 31), (3, 19), (10, 24), (19, 23), (26, 28), (36, 6), (4, 14), (4, 26), (24, 1), (24, 22), (34, 16), (34, 37), (35, 11), (28, 15), (28, 38), (8, 34), (16, 23), (38, 13), (11, 3), (23, 12), (23, 17)]]","[[90.6545288393101, 206.85479785589595, 554.2112344122053, 29.052358988873188, 62.4245106030759, 423.3072809432936, 72.47141928637885, 254.5151397334784, 174.88185641671342, 13.818754699277351, 246.30404431106288, 98.4427023837148, 775.752622896571, 82.88520546177493, 52.70551303917938, 459.98027650651045, 421.2584367605241, 37.13483984302666, 224.30746704551927, 46.3395089424032, 125.3660217120089, 98.96817950387822, 33.842363126884436, 40.374153669244556, 36.487616182834216, 562.8915470798336, 62.910734277280795, 312.3103237426002, 205.00474089213685, 19.697748322697585, 53.375750195670165, 3.249083130226644, 403.8853378167422, 263.5839313174446, 49.71485096965148, 88.37513798393081, 141.46610677440313, 418.54214188937925, 21.816646627236906, 72.75608124031497, 93.6069050846048]]"
59,"[[(0, 6), (0, 25), (0, 32), (6, 7), (6, 12), (6, 35), (9, 19), (9, 30), (13, 25), (18, 1), (18, 39), (30, 25), (32, 1), (32, 38), (1, 15), (15, 36), (27, 8), (27, 29), (2, 37), (17, 36), (37, 31), (3, 19), (10, 24), (19, 23), (26, 28), (36, 6), (4, 14), (4, 26), (24, 1), (24, 22), (34, 16), (34, 37), (35, 11), (28, 15), (28, 38), (8, 34), (16, 23), (38, 13), (11, 3), (23, 12), (23, 17)]]","[[45.27884481605665, 218.46851242235905, 764.3360215444131, 28.088629829680414, 97.38478972118028, 336.3967161756735, 84.22048036366598, 254.086289346775, 232.4994325399107, 1.6992786058629399, 307.4778669297139, 62.19065635620071, 605.1562131387238, 79.41544825888953, 101.64434419177724, 381.6149404301639, 447.0053739494968, 41.07450412734339, 890.7135518867062, 47.4122953371631, 13.23876524757793, 111.00807591720749, 26.68242965871186, 38.284614812673524, 29.82280161980227, 421.8430325600573, 64.67436072806377, 347.5023785799748, 187.04033069039306, 21.97109373226305, 69.23756142679404, 6.387010982624379, 372.32410638538227, 166.7049122926673, 49.55516155022217, 253.92395173421664, 233.8113696881887, 281.15966986888225, 26.252558126629005, 183.75303344111526, 138.31176179371278]]"
60,"[[(0, 6), (0, 25), (0, 32), (6, 7), (6, 12), (6, 35), (9, 19), (9, 30), (13, 25), (18, 1), (18, 39), (30, 25), (32, 1), (32, 38), (1, 15), (15, 36), (27, 8), (27, 29), (2, 37), (17, 36), (37, 31), (3, 19), (10, 24), (19, 23), (26, 28), (36, 6), (4, 14), (4, 26), (24, 1), (24, 22), (34, 16), (34, 37), (35, 11), (28, 15), (28, 38), (8, 34), (16, 23), (38, 13), (11, 3), (23, 12), (23, 17)]]","[[69.00225116768563, 224.35336357563986, 231.68226949620168, 8.448380030674485, 75.32421200398471, 445.15295742686817, 114.29259145451942, 253.85326247154077, 230.706031268435, 0.7982084349431453, 253.29657036770715, 86.9172015095698, 796.9180323524627, 100.14595636566482, 84.2300660509041, 494.38490522658026, 458.87118467943577, 38.29936133667574, 1073.461371075181, 48.222950684658784, 60.377306557393034, 130.57848792687543, 27.05184339596017, 39.64401007042374, 39.58301412267927, 517.5115096989296, 76.7997477845031, 335.93332577237265, 179.1479348044756, 29.02390705300241, 105.09455868754301, 6.555117047645375, 422.04572705637753, 254.51616955296998, 48.87188702822784, 244.03143304286462, 97.35859725254902, 519.5423291556423, 47.18187946193233, 148.4597926897522, 169.7708476008339]]"
61,"[[(0, 6), (0, 25), (0, 32), (6, 7), (6, 12), (6, 35), (9, 19), (9, 30), (13, 25), (18, 1), (18, 39), (30, 25), (32, 1), (32, 38), (1, 15), (15, 36), (27, 8), (27, 29), (2, 37), (17, 36), (37, 31), (3, 19), (10, 24), (19, 23), (26, 28), (36, 6), (4, 14), (4, 26), (24, 1), (24, 22), (34, 16), (34, 37), (35, 11), (28, 15), (28, 38), (8, 34), (16, 23), (38, 13), (11, 3), (23, 12), (23, 17)]]","[[90.11882135094667, 219.6903571529737, 957.823650034787, 6.040919573611859, 119.91679920204109, 463.05480507939956, 65.23456509816396, 253.5734052595854, 111.37579002348107, 3.566117798053982, 329.3847312273324, 89.07597262839649, 401.3557655675263, 113.10241034857432, 110.0986256588462, 362.01262496272903, 272.4984583342007, 36.06719700693476, 498.4247717464632, 47.39200832072251, 127.47780538950151, 113.95629699584192, 22.263624729986844, 94.58023060793539, 29.270731692198474, 458.7403320855171, 76.84855287316994, 329.2176094058279, 154.7205462381727, 23.99432497368843, 59.441717694315614, 4.485884928054405, 404.05717257830696, 171.8811768640728, 49.842715073093736, 271.925605846934, 229.48263227145551, 362.7890988236394, 28.09246857599232, 32.279547254080065, 147.88496906632605]]"
62,"[[(0, 6), (0, 25), (0, 32), (6, 7), (6, 12), (6, 35), (9, 19), (9, 30), (13, 25), (18, 1), (18, 39), (30, 25), (32, 1), (32, 38), (1, 15), (15, 36), (27, 8), (27, 29), (2, 37), (17, 36), (37, 31), (3, 19), (10, 24), (19, 23), (26, 28), (36, 6), (4, 14), (4, 26), (24, 1), (24, 22), (34, 16), (34, 37), (35, 11), (28, 15), (28, 38), (8, 34), (16, 23), (38, 13), (11, 3), (23, 12), (23, 17)]]","[[53.71542607494219, 217.2033240305259, 361.0640230121562, 28.991167496011812, 131.62945311248376, 484.7080357155122, 100.92413442284534, 253.34843292478132, 136.46731178951694, 12.75632952147113, 268.8365261498785, 83.50906285197308, 627.2746369109833, 67.76924715129256, 96.79283311507712, 498.63695203052464, 472.2600242309985, 37.1086682983184, 505.52885468357374, 48.05957375468204, 69.82450818466083, 130.25396545880955, 24.129599306650825, 60.539665454597646, 28.508252949795285, 619.7229249850884, 85.63328725364201, 318.18784825820063, 210.38181561128368, 26.854518773918606, 68.00904798746792, 4.7144903025952125, 420.6546056286758, 283.2125736427737, 48.782597886091736, 126.2578280729378, 193.14147185318498, 508.5524310204165, 68.77389674841692, 215.86975662292923, 168.85856172288368]]"
63,"[[(0, 6), (0, 25), (0, 32), (6, 7), (6, 12), (6, 35), (9, 19), (9, 30), (13, 25), (18, 1), (18, 39), (30, 25), (32, 1), (32, 38), (1, 15), (15, 36), (27, 8), (27, 29), (2, 37), (17, 36), (37, 31), (3, 19), (10, 24), (19, 23), (26, 28), (36, 6), (4, 14), (4, 26), (24, 1), (24, 22), (34, 16), (34, 37), (35, 11), (28, 15), (28, 38), (8, 34), (16, 23), (38, 13), (11, 3), (23, 12), (23, 17)]]","[[61.70341515771102, 229.41741235763575, 1080.1653309268816, 23.92951600136277, 60.16230668173113, 401.2022995834931, 84.51421788683402, 254.25656071268415, 233.63727183081275, 12.109618108655667, 344.00716958465887, 59.983522782621165, 520.2242274975781, 106.07486026724727, 114.15888130259177, 447.59663591869685, 461.44646056733336, 37.229846394223, 997.7153921112068, 46.91365914080473, 119.72262671577923, 116.70495092015656, 32.574755639003314, 60.898705890161196, 41.99965718690625, 613.2884976242538, 80.39311097608562, 244.15783243513079, 180.90996066846284, 24.667347535923675, 50.84441053627628, 3.653671484558624, 360.1645200994254, 136.72351540963382, 49.70261395579181, 93.39488700762607, 146.13611036683682, 231.266988969337, 62.51143179305364, 42.79737575254059, 53.89776804303371]]"
64,"[[(0, 6), (0, 25), (0, 32), (6, 7), (6, 12), (6, 35), (9, 19), (9, 30), (13, 25), (18, 1), (18, 39), (30, 25), (32, 1), (32, 38), (1, 15), (15, 36), (27, 8), (27, 29), (2, 37), (17, 36), (37, 31), (3, 19), (10, 24), (19, 23), (26, 28), (36, 6), (4, 14), (4, 26), (24, 1), (24, 22), (34, 16), (34, 37), (35, 11), (28, 15), (28, 38), (8, 34), (16, 23), (38, 13), (11, 3), (23, 12), (23, 17)]]","[[60.46968493425052, 240.3948957208104, 473.8500212417426, 9.1459917436647, 83.26268889049645, 337.0182454427964, 51.86212818688899, 254.69056187192436, 111.75210484008355, 9.434268071305201, 277.49241592536214, 57.8050570115348, 706.9478367252349, 81.48996595448742, 225.05856632933413, 489.0215600278134, 420.7225222126279, 41.43322653241738, 185.23720495683898, 47.238468453528405, 12.787653410581514, 115.6048313864223, 30.120625914347464, 22.130812845258546, 44.512334802195724, 589.2587554748256, 75.14724975370731, 363.84494992786836, 234.05373840324125, 22.856417003557198, 76.60458441264464, 3.3605013017336343, 387.7606512147726, 152.92218970033016, 49.28189713885687, 63.45222544147747, 224.338090111084, 261.1754034459021, 29.235183703878423, 106.65428924117785, 85.05912199169788]]"
65,"[[(0, 6), (0, 25), (0, 32), (6, 7), (6, 12), (6, 35), (9, 19), (9, 30), (13, 25), (18, 1), (18, 39), (30, 25), (32, 1), (32, 38), (1, 15), (15, 36), (27, 8), (27, 29), (2, 37), (17, 36), (37, 31), (3, 19), (10, 24), (19, 23), (26, 28), (36, 6), (4, 14), (4, 26), (24, 1), (24, 22), (34, 16), (34, 37), (35, 11), (28, 15), (28, 38), (8, 34), (16, 23), (38, 13), (11, 3), (23, 12), (23, 17)]]","[[106.94976573352656, 203.88771211278208, 362.76601751435436, 11.415486012520569, 123.89081246284091, 356.6790336355076, 103.8568585936773, 253.8750194417996, 245.99126857567438, 5.70482553664165, 209.90006237747193, 93.83054145163013, 551.5032088186723, 102.60567849086326, 216.87091938957496, 348.5155124126578, 306.71627289906263, 40.22286121135832, 875.1240969504018, 48.978486135178436, 166.2043355633887, 102.99872500787419, 26.68620037658558, 69.4277670507345, 31.0945866376928, 482.1508948534417, 71.85850825976651, 378.1065990250397, 203.055288720422, 20.80535674312665, 51.30510480208503, 3.2668995185318406, 378.5308419570454, 280.2374984992774, 49.69810863719385, 45.6604740105066, 166.78026082412313, 213.186010657796, 25.96106798284429, 186.54900241513664, 55.76777804956523]]"
66,"[[(0, 6), (0, 25), (0, 32), (6, 7), (6, 12), (6, 35), (9, 19), (9, 30), (13, 25), (18, 1), (18, 39), (30, 25), (32, 1), (32, 38), (1, 15), (15, 36), (27, 8), (27, 29), (2, 37), (17, 36), (37, 31), (3, 19), (10, 24), (19, 23), (26, 28), (36, 6), (4, 14), (4, 26), (24, 1), (24, 22), (34, 16), (34, 37), (35, 11), (28, 15), (28, 38), (8, 34), (16, 23), (38, 13), (11, 3), (23, 12), (23, 17)]]","[[67.33743704055611, 241.67348738195287, 606.5478456277291, 18.806790735503625, 116.95079776098652, 373.0403994846499, 82.23629163560341, 253.87435118967016, 232.58317146474772, 7.663180167464514, 266.14014646604915, 77.54559666534618, 524.7031882606452, 124.87483153491343, 101.05933436856247, 372.3495132713378, 416.98227847044564, 39.08963751896896, 370.2184675042036, 47.05292270176429, 47.44571169765615, 120.58997398057247, 22.758284122416523, 23.018621313712448, 39.13264818297556, 586.0321252122008, 70.46640266164752, 224.9779017831145, 183.49497774004809, 27.024602806125724, 99.86926846705154, 4.564849045456585, 437.77471788053595, 206.99170516794737, 49.21200779385529, 289.0942338513009, 43.12372614227628, 267.600936431164, 30.428572644835405, 270.22467205092414, 159.8283389331508]]"
67,"[[(0, 6), (0, 25), (0, 32), (6, 7), (6, 12), (6, 35), (9, 19), (9, 30), (13, 25), (18, 1), (18, 39), (30, 25), (32, 1), (32, 38), (1, 15), (15, 36), (27, 8), (27, 29), (2, 37), (17, 36), (37, 31), (3, 19), (10, 24), (19, 23), (26, 28), (36, 6), (4, 14), (4, 26), (24, 1), (24, 22), (34, 16), (34, 37), (35, 11), (28, 15), (28, 38), (8, 34), (16, 23), (38, 13), (11, 3), (23, 12), (23, 17)]]","[[46.19987211019734, 229.471240423057, 141.14779831355082, 29.802055492610968, 95.1217505368636, 339.23420252989257, 50.55170570097414, 253.2002924773091, 154.33236430098543, 11.963560250637496, 220.8659933934123, 98.69638360646863, 623.3019453455781, 65.72340538595057, 122.31762284756486, 360.6253245704445, 443.34424636292863, 40.51333178945563, 876.1580211704734, 44.32665079808909, 110.70223549466682, 125.35836408956321, 23.968659271570882, 46.92223677162935, 37.83679652571331, 525.0074404025021, 79.81480728463222, 250.90949885978793, 194.6499934615349, 28.92644564062725, 50.89201869766102, 5.2688394008875346, 430.19014157180663, 267.578731170601, 49.25466288368508, 279.26563729825375, 167.76034183161542, 245.11580663232886, 24.496730420798723, 246.18444979309618, 105.35924585839538]]"
68,"[[(0, 6), (0, 25), (0, 32), (6, 7), (6, 12), (6, 35), (9, 19), (9, 30), (13, 25), (18, 1), (18, 39), (30, 25), (32, 1), (32, 38), (1, 15), (15, 36), (27, 8), (27, 29), (2, 37), (17, 36), (37, 31), (3, 19), (10, 24), (19, 23), (26, 28), (36, 6), (4, 14), (4, 26), (24, 1), (24, 22), (34, 16), (34, 37), (35, 11), (28, 15), (28, 38), (8, 34), (16, 23), (38, 13), (11, 3), (23, 12), (23, 17)]]","[[97.43567642080376, 233.22133437237315, 682.1700218259662, 13.331137442516532, 120.95186995263731, 356.3979728376468, 42.067955925697895, 254.3141809813304, 195.44244103640074, 8.302208856286537, 265.98228723511244, 99.82908370836824, 732.5073917424819, 67.3918084081766, 219.87241383534283, 323.9322161569523, 434.7785394003504, 39.6968351865614, 893.8714426308898, 48.63611211927395, 12.990295525951103, 131.09227103183503, 24.90345881836557, 62.89588144549407, 44.02949639129151, 513.51103053031, 80.52048241048652, 242.72363685843263, 184.83959652742112, 29.399299637554346, 64.80194327955807, 5.5168178689009295, 408.14673995176474, 164.56832270853823, 49.519208876118256, 93.71392669303883, 28.51919417224162, 435.77239335179894, 27.821717499492188, 70.72296340954719, 135.09198737381524]]"
69,"[[(0, 6), (0, 25), (0, 32), (6, 7), (6, 12), (6, 35), (9, 19), (9, 30), (13, 25), (18, 1), (18, 39), (30, 25), (32, 1), (32, 38), (1, 15), (15, 36), (27, 8), (27, 29), (2, 37), (17, 36), (37, 31), (3, 19), (10, 24), (19, 23), (26, 28), (36, 6), (4, 14), (4, 26), (24, 1), (24, 22), (34, 16), (34, 37), (35, 11), (28, 15), (28, 38), (8, 34), (16, 23), (38, 13), (11, 3), (23, 12), (23, 17)]]","[[120.71704074221368, 215.20084676225335, 834.36739162755, 19.215758361473892, 42.01603124460782, 377.9214077741989, 102.84625398334406, 254.7776079770217, 102.41722275789057, 14.037533255596166, 345.5746882555193, 82.8592500034197, 552.0929787851917, 99.41173542192547, 110.10859371971416, 478.0333722351774, 279.1205097542088, 38.58512992892918, 1076.731281422693, 45.71774251295217, 125.44474464504914, 129.00612668665173, 25.341405729027834, 46.55057173610842, 30.31731693443178, 514.1287318014342, 69.8531980259211, 374.49894575712443, 192.68568489145403, 23.418306270132113, 86.2634790362655, 5.190074023092013, 379.5172627682024, 337.8356714958125, 48.03170913134613, 163.8997629820764, 208.05715712187575, 184.60455923764192, 65.03267286008597, 75.386733266385, 104.73731943709845]]"
70,"[[(0, 6), (0, 25), (0, 32), (6, 7), (6, 12), (6, 35), (9, 19), (9, 30), (13, 25), (18, 1), (18, 39), (30, 25), (32, 1), (32, 38), (1, 15), (15, 36), (27, 8), (27, 29), (2, 37), (17, 36), (37, 31), (3, 19), (10, 24), (19, 23), (26, 28), (36, 6), (4, 14), (4, 26), (24, 1), (24, 22), (34, 16), (34, 37), (35, 11), (28, 15), (28, 38), (8, 34), (16, 23), (38, 13), (11, 3), (23, 12), (23, 17)]]","[[114.04964947853293, 230.60085814782374, 155.17615072068, 22.28449329137286, 65.28568585634459, 401.8013976272315, 67.67449342767517, 254.39520690095566, 143.49613525541088, 11.745953440907973, 285.1940981724121, 80.3802011764597, 616.756290356803, 103.47065950555668, 63.93155290819877, 494.13618809466135, 390.9725521045525, 36.11236697555627, 840.3092127785977, 46.56343651248594, 22.107478022499464, 102.98593688100831, 26.83819398810344, 40.06203106887173, 36.06383764747772, 526.1896131419018, 69.30812784806886, 223.7098339880821, 212.38185798145906, 25.416606505244353, 75.68593389973594, 3.107328258250194, 411.51787017281026, 274.2198255064556, 48.34971430988273, 211.3575205983433, 16.549400098022108, 117.07054344044252, 24.701210265503526, 173.39934354378573, 128.91122421806466]]"
71,"[[(0, 6), (0, 25), (0, 32), (6, 7), (6, 12), (6, 35), (9, 19), (9, 30), (13, 25), (18, 1), (18, 39), (30, 25), (32, 1), (32, 38), (1, 15), (15, 36), (27, 8), (27, 29), (2, 37), (17, 36), (37, 31), (3, 19), (10, 24), (19, 23), (26, 28), (36, 6), (4, 14), (4, 26), (24, 1), (24, 22), (34, 16), (34, 37), (35, 11), (28, 15), (28, 38), (8, 34), (16, 23), (38, 13), (11, 3), (23, 12), (23, 17)]]","[[89.34753658790055, 231.21856263481502, 765.4340046477017, 15.280561229644638, 68.97130817100619, 346.23465561987706, 111.39637364744574, 254.41420007228302, 254.11013932633867, 8.619006667650217, 304.6953230994221, 65.13870207102903, 429.2769297395729, 116.0912596551939, 83.0131847687995, 425.30984043991873, 365.77431485965064, 37.267416971831196, 869.2228553001733, 45.611357882336044, 53.64870051214939, 118.38332688669371, 32.26593220568587, 53.905567154042785, 49.540360127566494, 593.6237077799719, 78.90424798949196, 213.85417146829118, 249.81786044656252, 25.032508799385674, 83.12612945159121, 6.147461919192693, 412.9005609366973, 334.08932448496074, 49.06696532228982, 35.128860290112435, 149.35197192354647, 171.9909045897063, 40.57997996660494, 142.3233941353868, 96.68137344877255]]"
72,"[[(0, 6), (0, 25), (0, 32), (6, 7), (6, 12), (6, 35), (9, 19), (9, 30), (13, 25), (18, 1), (18, 39), (30, 25), (32, 1), (32, 38), (1, 15), (15, 36), (27, 8), (27, 29), (2, 37), (17, 36), (37, 31), (3, 19), (10, 24), (19, 23), (26, 28), (36, 6), (4, 14), (4, 26), (24, 1), (24, 22), (34, 16), (34, 37), (35, 11), (28, 15), (28, 38), (8, 34), (16, 23), (38, 13), (11, 3), (23, 12), (23, 17)]]","[[118.2769752237356, 237.8533114815935, 1074.8009717540385, 28.315774849150415, 23.40271465426439, 396.9095895258179, 101.5315166337914, 253.2064868761908, 141.9871067002019, 4.171944480904289, 221.0587438778164, 77.23310767869029, 636.6475002800421, 77.465801236388, 159.94051211648468, 498.59192395683226, 471.4371711767969, 38.23650063025668, 943.6345077692017, 43.18022714507493, 36.790665066219496, 122.10162636739449, 25.33960068536055, 30.231778009549387, 35.54917313940292, 627.472448198697, 70.82080005507893, 215.4754387574028, 223.88525051982316, 29.07635119939245, 89.57242820164689, 5.927889667356153, 380.5995142900118, 351.80079879189157, 49.4807622476551, 123.79759137770232, 136.2899047271533, 377.599416333206, 75.47447963736973, 230.21425767101726, 183.69481772248517]]"
73,"[[(0, 6), (0, 25), (0, 32), (6, 7), (6, 12), (6, 35), (9, 19), (9, 30), (13, 25), (18, 1), (18, 39), (30, 25), (32, 1), (32, 38), (1, 15), (15, 36), (27, 8), (27, 29), (2, 37), (17, 36), (37, 31), (3, 19), (10, 24), (19, 23), (26, 28), (36, 6), (4, 14), (4, 26), (24, 1), (24, 22), (34, 16), (34, 37), (35, 11), (28, 15), (28, 38), (8, 34), (16, 23), (38, 13), (11, 3), (23, 12), (23, 17)]]","[[49.44570207509486, 215.52626813674783, 626.7099941770713, 23.201575682589645, 38.23109358329461, 453.35728318748727, 99.69541208587859, 254.18489674237222, 200.75579107427353, 0.3311769722142479, 332.3176259148715, 101.48563176218758, 297.1668540516122, 82.89840912805987, 222.9142504432486, 462.3222619666167, 287.8090564661874, 41.681988019389806, 757.8972912502147, 47.83179705344131, 129.48582697976073, 102.3960500782246, 25.928278936035944, 88.49796956670852, 26.832192569003816, 451.7933035392059, 72.85479883979023, 343.72884290864795, 234.34352901671627, 26.045412914237644, 69.32713128497863, 6.783393410764786, 410.29213789338843, 210.97381190493476, 48.515108477938014, 259.70648347131146, 230.87538957769337, 195.7610784250199, 32.52922334225167, 165.40280657707171, 149.3444741432912]]"
74,"[[(0, 6), (0, 25), (0, 32), (6, 7), (6, 12), (6, 35), (9, 19), (9, 30), (13, 25), (18, 1), (18, 39), (30, 25), (32, 1), (32, 38), (1, 15), (15, 36), (27, 8), (27, 29), (2, 37), (17, 36), (37, 31), (3, 19), (10, 24), (19, 23), (26, 28), (36, 6), (4, 14), (4, 26), (24, 1), (24, 22), (34, 16), (34, 37), (35, 11), (28, 15), (28, 38), (8, 34), (16, 23), (38, 13), (11, 3), (23, 12), (23, 17)]]","[[56.241451629697615, 205.67583215956208, 935.2222848696177, 9.354001751084198, 39.42402451573379, 441.09336268820255, 108.2436487173307, 253.5162902132739, 180.48268207746432, 3.7103161914413985, 335.15842480731413, 81.25913897433367, 356.53787139205923, 73.41967958222402, 59.64873549162137, 408.2776071463813, 279.66276757308066, 38.697430442898714, 525.7474740885324, 46.48058458395824, 117.87175121720594, 119.31055231183484, 31.161197886316288, 77.73897345735679, 39.80420614267817, 565.0983008768765, 62.44335434614395, 227.82296368540062, 230.52632855032132, 27.461177036957032, 77.56051442918715, 4.62697703417305, 425.21916666090874, 183.71277553705718, 48.526081357751764, 78.07927409807783, 154.83023450372954, 170.54732631988063, 45.63456378306293, 246.32287777449946, 151.04437992913716]]"
75,"[[(0, 6), (0, 25), (0, 32), (6, 7), (6, 12), (6, 35), (9, 19), (9, 30), (13, 25), (18, 1), (18, 39), (30, 25), (32, 1), (32, 38), (1, 15), (15, 36), (27, 8), (27, 29), (2, 37), (17, 36), (37, 31), (3, 19), (10, 24), (19, 23), (26, 28), (36, 6), (4, 14), (4, 26), (24, 1), (24, 22), (34, 16), (34, 37), (35, 11), (28, 15), (28, 38), (8, 34), (16, 23), (38, 13), (11, 3), (23, 12), (23, 17)]]","[[103.66295857188291, 220.19979513712923, 111.0612988930427, 24.42790556904577, 87.22898716991034, 342.0295954025411, 97.70058353915621, 253.02086803502158, 191.24613280691216, 1.1333713820808562, 286.4514904159576, 59.90853845341879, 560.678859324797, 76.87979894991354, 70.06072374937435, 317.9547261883311, 371.9768079259085, 37.00082745226486, 224.54246125115225, 44.79976676410942, 79.16641278232701, 108.05585037775629, 27.357355964911225, 22.714139781941462, 32.269871492962885, 444.5147321633651, 68.31147949724432, 242.77906939341253, 235.05788367599666, 21.415035705381325, 63.609269582375106, 6.010353772466738, 410.8578441746069, 209.33619344471458, 49.356333276920765, 119.58257041265938, 67.58592879403929, 156.71713356100688, 54.26801688573168, 241.25159163014504, 84.12608350620272]]"
76,"[[(0, 6), (0, 25), (0, 32), (6, 7), (6, 12), (6, 35), (9, 19), (9, 30), (13, 25), (18, 1), (18, 39), (30, 25), (32, 1), (32, 38), (1, 15), (15, 36), (27, 8), (27, 29), (2, 37), (17, 36), (37, 31), (3, 19), (10, 24), (19, 23), (26, 28), (36, 6), (4, 14), (4, 26), (24, 1), (24, 22), (34, 16), (34, 37), (35, 11), (28, 15), (28, 38), (8, 34), (16, 23), (38, 13), (11, 3), (23, 12), (23, 17)]]","[[107.71763972481104, 204.8377044008444, 669.3586134009723, 17.761558022375148, 38.092926526234784, 480.7621055036074, 33.41547816903834, 253.00236320292592, 161.21830803886957, 6.442171623708846, 248.96894163370504, 78.34086205407117, 529.8924407813495, 86.40523647742044, 73.35109432127285, 455.9818770531481, 439.36092183192386, 40.351552954737926, 682.5177928003767, 45.00424045483686, 12.92382053530484, 97.19488220097509, 23.724964736585044, 46.04418848619673, 49.58180948119953, 463.1402234211179, 81.14799767262244, 287.78548779931555, 248.40323066380785, 26.249921162067807, 59.317953218945654, 4.965186676720975, 403.0941663368423, 279.0927156290171, 49.16766978897094, 120.654485318086, 52.949999150477, 165.5565898703066, 40.92903243679231, 79.06819137149736, 135.77691427248027]]"
77,"[[(0, 6), (0, 25), (0, 32), (6, 7), (6, 12), (6, 35), (9, 19), (9, 30), (13, 25), (18, 1), (18, 39), (30, 25), (32, 1), (32, 38), (1, 15), (15, 36), (27, 8), (27, 29), (2, 37), (17, 36), (37, 31), (3, 19), (10, 24), (19, 23), (26, 28), (36, 6), (4, 14), (4, 26), (24, 1), (24, 22), (34, 16), (34, 37), (35, 11), (28, 15), (28, 38), (8, 34), (16, 23), (38, 13), (11, 3), (23, 12), (23, 17)]]","[[94.93797094180661, 233.827053927844, 746.9796183410251, 8.352468461873842, 24.36619336163368, 440.01576038641036, 109.17864616212279, 254.80955144185833, 251.88016131601137, 14.782598056592681, 218.66082936316445, 94.32579868449635, 328.6094031385935, 103.65107104573164, 80.85133510880598, 324.2736319944137, 478.22435387421336, 37.34304790864795, 563.8223532807885, 45.24960347488821, 106.45474540757662, 103.16458665548595, 32.57265865754358, 58.74188909287078, 41.53276056367516, 462.7179158810756, 76.37852966216701, 275.84962210496815, 183.58334691974503, 24.880965397222297, 57.93608977740658, 5.7569960847085975, 380.1822224481027, 256.26016480562976, 48.41783247966747, 120.8028428407416, 32.232621597460465, 186.02393815032747, 29.898983043479888, 296.3861598250064, 172.7390069053818]]"
78,"[[(0, 6), (0, 25), (0, 32), (6, 7), (6, 12), (6, 35), (9, 19), (9, 30), (13, 25), (18, 1), (18, 39), (30, 25), (32, 1), (32, 38), (1, 15), (15, 36), (27, 8), (27, 29), (2, 37), (17, 36), (37, 31), (3, 19), (10, 24), (19, 23), (26, 28), (36, 6), (4, 14), (4, 26), (24, 1), (24, 22), (34, 16), (34, 37), (35, 11), (28, 15), (28, 38), (8, 34), (16, 23), (38, 13), (11, 3), (23, 12), (23, 17)]]","[[77.16182995907977, 240.41534750395016, 644.4990482522951, 23.06784557987912, 23.615278815270447, 347.03434372117243, 73.25662980459872, 253.8637533143281, 184.02478419384613, 10.132612548548206, 346.4403323868896, 71.40248270112954, 742.9303884985255, 126.44845356820107, 206.63685206096991, 414.7256930346631, 434.3875354720951, 39.43584683736219, 901.9036890765112, 46.92694520314703, 49.847216162397224, 117.88204480720307, 25.717550743710618, 22.84638659613313, 40.106726154640675, 415.5754055055607, 74.10228066474082, 357.4458891347916, 145.96897697657508, 18.513437675210007, 72.8810359537096, 3.507253509726331, 369.7616734557644, 159.46893060522217, 48.077947419123966, 181.7615726789596, 71.5154766589736, 108.17521397933174, 45.41289734337123, 300.8040916502747, 173.66042578236016]]"
79,"[[(0, 6), (0, 25), (0, 32), (6, 7), (6, 12), (6, 35), (9, 19), (9, 30), (13, 25), (18, 1), (18, 39), (30, 25), (32, 1), (32, 38), (1, 15), (15, 36), (27, 8), (27, 29), (2, 37), (17, 36), (37, 31), (3, 19), (10, 24), (19, 23), (26, 28), (36, 6), (4, 14), (4, 26), (24, 1), (24, 22), (34, 16), (34, 37), (35, 11), (28, 15), (28, 38), (8, 34), (16, 23), (38, 13), (11, 3), (23, 12), (23, 17)]]","[[49.18510521351742, 217.4020526855294, 175.58347464613834, 14.643384553597532, 117.65005280140316, 371.5128519036266, 104.86809894255998, 254.59226183311247, 198.45374925382765, 8.954746437505648, 309.6953801483436, 90.76913562146073, 767.8404101046928, 103.75633758418968, 67.15589096203385, 413.9570507977651, 411.8273415674787, 39.26403311673297, 307.04813202574115, 43.86446953113827, 163.34548638568077, 105.77868121254527, 32.96181113440888, 21.402822520251664, 31.09255934289073, 449.67427970111515, 64.3586935766184, 264.4009259721878, 245.57304332298995, 26.78686846309462, 84.32946499503183, 5.827992454446101, 386.9240021799521, 212.26681959617082, 48.8543324227772, 233.17048814828976, 121.00857035687363, 495.9539654661471, 70.8883297531556, 93.47262418246777, 90.76695479496557]]"
80,"[[(0, 6), (0, 25), (0, 32), (6, 7), (6, 12), (6, 35), (9, 19), (9, 30), (13, 25), (18, 1), (18, 39), (30, 25), (32, 1), (32, 38), (1, 15), (15, 36), (27, 8), (27, 29), (2, 37), (17, 36), (37, 31), (3, 19), (10, 24), (19, 23), (26, 28), (36, 6), (4, 14), (4, 26), (24, 1), (24, 22), (34, 16), (34, 37), (35, 11), (28, 15), (28, 38), (8, 34), (16, 23), (38, 13), (11, 3), (23, 12), (23, 17)]]","[[118.72785216361252, 211.40464357376607, 937.3163677490775, 12.87941875465481, 134.6459112237597, 479.4639627827674, 77.70610626898223, 253.749085973554, 90.11021219849721, 10.221859938579875, 308.6959379635099, 109.36631649174518, 489.86391819756113, 124.32571736312985, 56.83131279589571, 386.2267359178403, 342.52047077361686, 37.90551973783454, 591.2104463042066, 47.15736414639989, 165.84705343403607, 132.79746693996114, 32.4519365284406, 66.32954039967044, 41.822412006937554, 465.84771870564515, 80.56720114045464, 372.8514896181737, 247.4523883744672, 27.690804205580267, 66.78268272856859, 5.330369529725959, 376.86212754979783, 265.0988248118533, 49.45922476657848, 211.16734389592142, 43.92312123996801, 464.04476757551447, 52.58532049778545, 194.18865578449663, 110.14609894591312]]"
81,"[[(0, 6), (0, 25), (0, 32), (6, 7), (6, 12), (6, 35), (9, 19), (9, 30), (13, 25), (18, 1), (18, 39), (30, 25), (32, 1), (32, 38), (1, 15), (15, 36), (27, 8), (27, 29), (2, 37), (17, 36), (37, 31), (3, 19), (10, 24), (19, 23), (26, 28), (36, 6), (4, 14), (4, 26), (24, 1), (24, 22), (34, 16), (34, 37), (35, 11), (28, 15), (28, 38), (8, 34), (16, 23), (38, 13), (11, 3), (23, 12), (23, 17)]]","[[122.44483173652341, 236.29423383050425, 261.2483216379966, 12.78567411439283, 79.51353565857963, 417.03995749185805, 36.46547577664194, 254.19848465325433, 254.6088512780531, 11.836713640242142, 291.6310629142613, 62.39810897026741, 502.1983660944892, 101.33803325379225, 87.02183305181387, 453.0959704727492, 391.6093774813961, 36.36723440076376, 438.78378299257247, 43.77292038782923, 160.8594817172824, 118.91054751869679, 29.769003215520975, 22.3667178670525, 33.288208449171606, 459.2003960352149, 76.61388465730367, 283.68425952390226, 251.5709368137135, 29.834692860227463, 86.27456971605493, 5.714097587191018, 392.32522905722055, 151.41291198410298, 48.63104042742854, 72.61336252782607, 46.663709984098716, 128.8566225793418, 50.7626737507272, 80.25170479029549, 114.18769805529506]]"
82,"[[(0, 6), (0, 25), (0, 32), (6, 7), (6, 12), (6, 35), (9, 19), (9, 30), (13, 25), (18, 1), (18, 39), (30, 25), (32, 1), (32, 38), (1, 15), (15, 36), (27, 8), (27, 29), (2, 37), (17, 36), (37, 31), (3, 19), (10, 24), (19, 23), (26, 28), (36, 6), (4, 14), (4, 26), (24, 1), (24, 22), (34, 16), (34, 37), (35, 11), (28, 15), (28, 38), (8, 34), (16, 23), (38, 13), (11, 3), (23, 12), (23, 17)]]","[[113.78559714933132, 205.9760312429921, 400.05081740259556, 4.705820390966446, 57.92954879436467, 402.9614339969008, 65.58615045992453, 254.91187110275254, 165.5974205966567, 12.235957337577855, 290.6856912350789, 101.98988932246088, 647.8416073672558, 88.32900110540226, 97.81876565511338, 376.8080007212109, 353.3840138521744, 36.64949463176333, 1074.5545808763604, 44.898998336156986, 63.3093889277193, 95.88429530881184, 21.278904350596527, 65.82758470746319, 45.184234809258925, 427.7419043276881, 77.99850550772882, 329.4029263613964, 166.13397844452547, 28.60642131534849, 58.22227943353003, 3.559167860201674, 437.8492743778637, 197.7927589083741, 48.603634881484886, 63.46703555519957, 236.04910733807435, 112.61800452842317, 52.5401233729899, 16.94479117611992, 80.05400757868087]]"
83,"[[(0, 6), (0, 25), (0, 32), (6, 7), (6, 12), (6, 35), (9, 19), (9, 30), (13, 25), (18, 1), (18, 39), (30, 25), (32, 1), (32, 38), (1, 15), (15, 36), (27, 8), (27, 29), (2, 37), (17, 36), (37, 31), (3, 19), (10, 24), (19, 23), (26, 28), (36, 6), (4, 14), (4, 26), (24, 1), (24, 22), (34, 16), (34, 37), (35, 11), (28, 15), (28, 38), (8, 34), (16, 23), (38, 13), (11, 3), (23, 12), (23, 17)]]","[[103.53567672674781, 232.24442562886375, 502.58128804489706, 21.42667869140799, 84.04018968723646, 384.6378639221068, 109.4638173843716, 253.9047172642754, 173.01703318431103, 5.398410087289799, 236.30716311662252, 61.50913337695634, 616.680203975465, 70.73820140454065, 124.74770749724146, 348.6492676697252, 443.92767289004007, 37.19670686680893, 610.4052332956691, 45.13245584567866, 90.02065106641659, 111.22061831354145, 29.546126245943153, 53.32302037746301, 37.741522375548435, 551.0997698389767, 62.59243530712386, 342.1461193202915, 219.10859235582598, 29.06456732206378, 89.32858516053528, 4.33521585026096, 409.1647070495743, 251.34144955005894, 48.03426301432048, 147.28672100332957, 188.8863982952067, 241.42342694962426, 67.00128508042467, 213.40124741254675, 94.17705498026206]]"
84,"[[(0, 6), (0, 25), (0, 32), (6, 7), (6, 12), (6, 35), (9, 19), (9, 30), (13, 25), (18, 1), (18, 39), (30, 25), (32, 1), (32, 38), (1, 15), (15, 36), (27, 8), (27, 29), (2, 37), (17, 36), (37, 31), (3, 19), (10, 24), (19, 23), (26, 28), (36, 6), (4, 14), (4, 26), (24, 1), (24, 22), (34, 16), (34, 37), (35, 11), (28, 15), (28, 38), (8, 34), (16, 23), (38, 13), (11, 3), (23, 12), (23, 17)]]","[[97.42590975598948, 213.03384347126504, 281.3110569631257, 13.193424834680787, 113.65562272410381, 374.7352406658423, 96.38023468992266, 253.72680775299813, 243.13796592050744, 10.762265901650393, 262.2466785733082, 93.01112272224968, 434.402928846471, 112.0998683226288, 179.92870330351255, 390.95757569283626, 457.6364418046903, 37.29084113124141, 583.6904019686203, 45.82686000547712, 31.87768765801381, 101.50530131065216, 26.487441083158394, 68.25043057847216, 32.92408690035136, 570.581756444765, 79.34858923301454, 369.3896006768631, 219.2015126604808, 18.713073924240064, 56.27770946984403, 6.1142363274196505, 411.05832104786396, 198.73657981184823, 48.04458620806604, 200.75245904542564, 87.53433278216878, 387.53783060451156, 27.74159699753558, 289.48345513188235, 127.94257794351387]]"
85,"[[(0, 6), (0, 25), (0, 32), (6, 7), (6, 12), (6, 35), (9, 19), (9, 30), (13, 25), (18, 1), (18, 39), (30, 25), (32, 1), (32, 38), (1, 15), (15, 36), (27, 8), (27, 29), (2, 37), (17, 36), (37, 31), (3, 19), (10, 24), (19, 23), (26, 28), (36, 6), (4, 14), (4, 26), (24, 1), (24, 22), (34, 16), (34, 37), (35, 11), (28, 15), (28, 38), (8, 34), (16, 23), (38, 13), (11, 3), (23, 12), (23, 17)]]","[[84.04857057900603, 219.5811695805357, 867.263037463899, 13.472349109166244, 92.85209597030646, 425.38190073630125, 70.59817700245662, 254.91910129157716, 246.77808910340863, 15.682173385466744, 316.79864178884475, 76.64134078124414, 318.9237413874998, 114.03923280521828, 172.68685868716682, 390.89484620421007, 479.7758648973527, 40.62421827931627, 1132.9930598455392, 44.64864577673483, 91.19609019324412, 103.21143999209714, 22.934656128508024, 75.41782317153566, 30.12005010616619, 467.9527629590667, 69.00895277659743, 365.17926397369206, 209.59436010631765, 20.109115445729053, 82.88009925374426, 5.019094315124132, 372.0584625685151, 247.00275222061296, 49.435146661080275, 216.44986506986294, 152.17842026078225, 466.01762711240406, 29.679171838744747, 275.34056160372296, 73.72111436126772]]"
86,"[[(0, 6), (0, 25), (0, 32), (6, 7), (6, 12), (6, 35), (9, 19), (9, 30), (13, 25), (18, 1), (18, 39), (30, 25), (32, 1), (32, 38), (1, 15), (15, 36), (27, 8), (27, 29), (2, 37), (17, 36), (37, 31), (3, 19), (10, 24), (19, 23), (26, 28), (36, 6), (4, 14), (4, 26), (24, 1), (24, 22), (34, 16), (34, 37), (35, 11), (28, 15), (28, 38), (8, 34), (16, 23), (38, 13), (11, 3), (23, 12), (23, 17)]]","[[95.36636084320686, 221.455122438582, 484.82816301970394, 29.85850686377862, 106.2570657751178, 478.203490620628, 53.87389627792637, 254.9179336689249, 146.67743310258925, 4.000963772929611, 219.63856712518603, 92.0467513283123, 707.534090538366, 97.99484905985355, 47.07899377901527, 320.59908552513997, 345.8042094157969, 39.84765416633234, 935.9474233129903, 46.744447388764996, 100.99142197110132, 129.07827750017523, 26.421129644665744, 62.07615768952635, 36.961328453516074, 597.2256481648153, 81.14661587226388, 251.5611798290924, 204.0065429047285, 29.70126434115727, 61.427681192907656, 6.903863919152473, 407.3617448640495, 196.00179469425927, 49.977659045551896, 153.62654539256044, 161.45048361614667, 402.59415950329475, 38.79774697224441, 122.83466462810725, 171.3469351131314]]"
87,"[[(0, 6), (0, 25), (0, 32), (6, 7), (6, 12), (6, 35), (9, 19), (9, 30), (13, 25), (18, 1), (18, 39), (30, 25), (32, 1), (32, 38), (1, 15), (15, 36), (27, 8), (27, 29), (2, 37), (17, 36), (37, 31), (3, 19), (10, 24), (19, 23), (26, 28), (36, 6), (4, 14), (4, 26), (24, 1), (24, 22), (34, 16), (34, 37), (35, 11), (28, 15), (28, 38), (8, 34), (16, 23), (38, 13), (11, 3), (23, 12), (23, 17)]]","[[58.95600883532906, 224.05563123696754, 729.1500164464828, 24.334138345283105, 79.79573628319584, 381.94475407187133, 113.5156548048215, 253.24359527056387, 185.96104548840808, 1.4041227606416076, 331.3089472909653, 116.9997229433903, 396.7518789459694, 77.33551830916745, 81.0120226830546, 429.42965312667883, 284.7156454912284, 39.04198564105748, 171.17589698014896, 45.75718961803478, 147.57603277719184, 131.59736954450776, 29.6434945703539, 96.80020033799315, 33.6530323388247, 534.6660545294653, 63.74263031272321, 224.55492929675978, 217.30608203306429, 24.88344024284898, 88.8153593734621, 4.363467995774252, 400.5349291659805, 247.70992030762613, 49.90593524240435, 79.82678045706334, 237.60494269747832, 483.57990475634546, 71.9292258297566, 55.24618898492827, 130.37452612756454]]"
88,"[[(0, 6), (0, 25), (0, 32), (6, 7), (6, 12), (6, 35), (9, 19), (9, 30), (13, 25), (18, 1), (18, 39), (30, 25), (32, 1), (32, 38), (1, 15), (15, 36), (27, 8), (27, 29), (2, 37), (17, 36), (37, 31), (3, 19), (10, 24), (19, 23), (26, 28), (36, 6), (4, 14), (4, 26), (24, 1), (24, 22), (34, 16), (34, 37), (35, 11), (28, 15), (28, 38), (8, 34), (16, 23), (38, 13), (11, 3), (23, 12), (23, 17)]]","[[106.10326775516849, 227.41445658734392, 422.6905534618798, 23.860075601261112, 55.5870775899767, 482.64363498480793, 80.0141886963247, 254.44755055752077, 152.65852853536688, 6.415823413810083, 290.41376635581213, 72.79515111952546, 670.1696761822252, 72.85910597494193, 192.67427523971517, 445.8060638298185, 335.4151135246472, 41.75271433062097, 713.7063402659035, 43.65025648137835, 37.49374012119122, 102.05387868207174, 28.127687505831933, 41.73959577791133, 37.45388761165445, 615.6549611197669, 66.27896813598758, 202.45098394605552, 188.77832883834247, 18.253371874811716, 49.662500189606064, 3.4320317892825125, 433.35992853999903, 281.80826369714043, 48.453908128475135, 221.03401311106697, 205.16483028390311, 318.6435089230896, 26.97486413579195, 19.999612364773355, 58.40514652479943]]"
89,"[[(0, 6), (0, 25), (0, 32), (6, 7), (6, 12), (6, 35), (9, 19), (9, 30), (13, 25), (18, 1), (18, 39), (30, 25), (32, 1), (32, 38), (1, 15), (15, 36), (27, 8), (27, 29), (2, 37), (17, 36), (37, 31), (3, 19), (10, 24), (19, 23), (26, 28), (36, 6), (4, 14), (4, 26), (24, 1), (24, 22), (34, 16), (34, 37), (35, 11), (28, 15), (28, 38), (8, 34), (16, 23), (38, 13), (11, 3), (23, 12), (23, 17)]]","[[66.28216263929905, 226.12100395712216, 767.0814901130776, 23.599683080062523, 88.3295535333629, 420.41183975994136, 35.38175793921065, 254.88780767253374, 181.02015639425366, 5.827057026215034, 300.07790120380264, 88.81624964175953, 750.3425456910762, 100.45057207030007, 160.75931144498338, 498.3884422913553, 328.0763310479991, 38.13773088533354, 270.5138816848989, 43.621183553753994, 63.20745818401507, 120.27372090019836, 25.1114445264971, 33.386422150594115, 48.85125415783129, 549.9255969308398, 64.87715637149616, 369.0089109469266, 182.76905820573913, 22.351559849385055, 79.4612072720615, 5.585087874428596, 384.381629584154, 253.46763996804555, 49.55429405755486, 65.29908038951653, 239.3752481486341, 211.84194076620238, 50.44791700396934, 298.2486027768091, 57.2619246498031]]"
90,"[[(0, 6), (0, 25), (0, 32), (6, 7), (6, 12), (6, 35), (9, 19), (9, 30), (13, 25), (18, 1), (18, 39), (30, 25), (32, 1), (32, 38), (1, 15), (15, 36), (27, 8), (27, 29), (2, 37), (17, 36), (37, 31), (3, 19), (10, 24), (19, 23), (26, 28), (36, 6), (4, 14), (4, 26), (24, 1), (24, 22), (34, 16), (34, 37), (35, 11), (28, 15), (28, 38), (8, 34), (16, 23), (38, 13), (11, 3), (23, 12), (23, 17)]]","[[86.20822469668485, 237.9219116308078, 598.5927096333774, 4.75534775592435, 110.40584750295348, 427.48091591829717, 60.93237469224513, 253.5042219761114, 251.66515552797466, 0.6885250026965757, 264.3886320954544, 93.22253478657339, 260.6051502547257, 107.88523415488405, 124.05868525107321, 451.6606018292574, 361.9512906280503, 36.894376367941, 1130.0603113900584, 43.14425249542655, 134.57497503464813, 102.40868807954568, 24.099682265715007, 77.84819573318067, 45.34214067870131, 622.5437363536261, 70.98862392933076, 348.15642683478706, 169.35060117231595, 20.462854499798002, 88.47192806681345, 3.819591899371913, 391.57045483667224, 176.58307778294267, 49.24558325750756, 57.379618839338235, 184.84152032080124, 159.99904995851628, 26.6314863881996, 150.50350417394574, 114.89336685776325]]"
91,"[[(0, 6), (0, 25), (0, 32), (6, 7), (6, 12), (6, 35), (9, 19), (9, 30), (13, 25), (18, 1), (18, 39), (30, 25), (32, 1), (32, 38), (1, 15), (15, 36), (27, 8), (27, 29), (2, 37), (17, 36), (37, 31), (3, 19), (10, 24), (19, 23), (26, 28), (36, 6), (4, 14), (4, 26), (24, 1), (24, 22), (34, 16), (34, 37), (35, 11), (28, 15), (28, 38), (8, 34), (16, 23), (38, 13), (11, 3), (23, 12), (23, 17)]]","[[62.13815181237954, 210.07224396813035, 638.1902619354099, 9.341064771778303, 123.5882925288551, 439.11510290517276, 69.70564935525047, 254.08977174986387, 185.1715882886192, 14.288692944063582, 253.6574039412009, 96.03435687576359, 410.0369193352341, 72.79287630469672, 158.44002082126167, 438.70403482409944, 397.1946268294625, 37.16500817131641, 962.4128188338179, 44.95007246485299, 37.38712057048395, 120.23159419412187, 22.628082038557213, 91.71319879418138, 39.620865913805424, 540.0897185873143, 68.59090094943264, 317.4479588933715, 193.03630970576884, 27.07493814666072, 73.55435468545969, 3.09361497490148, 411.62563600951944, 331.9775164291745, 49.98812086025013, 69.55796453620368, 198.54050756633222, 352.3918033139808, 54.27450444660848, 174.37725917125692, 175.93407150073628]]"
92,"[[(0, 6), (0, 25), (0, 32), (6, 7), (6, 12), (6, 35), (9, 19), (9, 30), (13, 25), (18, 1), (18, 39), (30, 25), (32, 1), (32, 38), (1, 15), (15, 36), (27, 8), (27, 29), (2, 37), (17, 36), (37, 31), (3, 19), (10, 24), (19, 23), (26, 28), (36, 6), (4, 14), (4, 26), (24, 1), (24, 22), (34, 16), (34, 37), (35, 11), (28, 15), (28, 38), (8, 34), (16, 23), (38, 13), (11, 3), (23, 12), (23, 17)]]","[[110.6180699713188, 205.04907873973897, 163.16787658673167, 8.19147080449656, 63.02271309541979, 381.99253063125724, 74.97977777531307, 253.33800761206314, 137.63396410549564, 13.593715988309395, 295.29513416966677, 104.08302597713477, 332.41392940247164, 125.23814823266898, 52.38155640636393, 351.4329112724212, 319.7225174321117, 40.121173059313904, 335.5949936861832, 45.76816552013281, 72.6711846644707, 116.56866844972438, 25.805797064993545, 90.58684931864262, 40.450893968835246, 569.7997557174366, 79.64256494228965, 259.2175335823135, 183.66517379133765, 26.676633613532694, 76.72914769478616, 5.6654402001534585, 382.25650326663634, 254.51488044210868, 48.181866340626115, 56.701477742270356, 239.57114117638034, 152.9475598927923, 50.203931347823435, 275.9448392339712, 150.8406491948723]]"
93,"[[(0, 6), (0, 25), (0, 32), (6, 7), (6, 12), (6, 35), (9, 19), (9, 30), (13, 25), (18, 1), (18, 39), (30, 25), (32, 1), (32, 38), (1, 15), (15, 36), (27, 8), (27, 29), (2, 37), (17, 36), (37, 31), (3, 19), (10, 24), (19, 23), (26, 28), (36, 6), (4, 14), (4, 26), (24, 1), (24, 22), (34, 16), (34, 37), (35, 11), (28, 15), (28, 38), (8, 34), (16, 23), (38, 13), (11, 3), (23, 12), (23, 17)]]","[[62.21852558049585, 217.06136744570904, 946.8031560885752, 24.206492239770217, 116.4625985337607, 356.8539945168556, 48.958642394398865, 253.30637303801518, 134.874174373526, 9.449363383250278, 240.6154121577401, 104.51964818308997, 270.33964688412, 67.69816661556241, 84.54783876511837, 406.93136207002067, 469.46887254352015, 40.18040737088501, 362.44526411627743, 48.09267256923634, 113.01277514802672, 111.01300621909654, 33.67156430901497, 54.092086136833665, 37.450361293244896, 551.6523498890886, 67.16751981871424, 353.1818318361534, 145.90891516137015, 26.83354178425499, 84.51564146918449, 5.702270570943405, 383.4628496207935, 310.44225494212935, 48.23466369200411, 205.25639335630427, 75.07631325742463, 353.6707969185632, 58.97392988608258, 143.5504977253719, 144.03633804947867]]"
94,"[[(0, 6), (0, 25), (0, 32), (6, 7), (6, 12), (6, 35), (9, 19), (9, 30), (13, 25), (18, 1), (18, 39), (30, 25), (32, 1), (32, 38), (1, 15), (15, 36), (27, 8), (27, 29), (2, 37), (17, 36), (37, 31), (3, 19), (10, 24), (19, 23), (26, 28), (36, 6), (4, 14), (4, 26), (24, 1), (24, 22), (34, 16), (34, 37), (35, 11), (28, 15), (28, 38), (8, 34), (16, 23), (38, 13), (11, 3), (23, 12), (23, 17)]]","[[108.13799213296204, 204.56925455798068, 730.7695273470856, 5.21683544714046, 87.09056879489835, 368.6473280478509, 102.62397418147147, 253.6264246431922, 194.79826579461195, 3.5044753260893398, 215.71098575101044, 72.8453970349866, 777.2023745951657, 65.23670073504178, 193.93433107179342, 414.86721286005394, 314.89688494263976, 40.05424917538071, 604.9159557236707, 47.875726743497594, 61.51506775181223, 108.25929263382899, 25.522853648356435, 51.571035212781425, 43.79358958496748, 551.8010893788354, 62.98129081205327, 378.13336616732704, 208.78502811843, 18.299240809059754, 86.51494196566361, 3.4743619626342785, 418.27239712672315, 297.9924277163103, 48.53513008640703, 280.2795263890672, 57.61855414008157, 499.62333287938696, 26.04504197104945, 29.93979457191633, 152.5476801309102]]"
95,"[[(0, 6), (0, 25), (0, 32), (6, 7), (6, 12), (6, 35), (9, 19), (9, 30), (13, 25), (18, 1), (18, 39), (30, 25), (32, 1), (32, 38), (1, 15), (15, 36), (27, 8), (27, 29), (2, 37), (17, 36), (37, 31), (3, 19), (10, 24), (19, 23), (26, 28), (36, 6), (4, 14), (4, 26), (24, 1), (24, 22), (34, 16), (34, 37), (35, 11), (28, 15), (28, 38), (8, 34), (16, 23), (38, 13), (11, 3), (23, 12), (23, 17)]]","[[45.37250007703545, 232.8301643099279, 603.4921678999978, 27.170602292455335, 59.5352807295377, 471.2553219096626, 111.9646276694101, 253.44628104414534, 142.875108650106, 10.482739814030277, 239.39615371933883, 57.52997964941405, 481.26468071197206, 124.68380088777393, 54.16854367551284, 480.9490118554236, 287.98772240118615, 40.82766296091741, 440.6541890673141, 44.493018779412175, 60.433465676544124, 125.37235068326805, 23.034211719122876, 68.07909298636766, 48.37936172165734, 562.4293320150866, 69.34032176244352, 310.6746298054496, 186.39422718375738, 21.67288872949962, 92.32686164519838, 5.627391188308964, 410.87925016253615, 332.9576967937966, 49.60434493968191, 286.5605505099416, 120.6042762977904, 353.7560813262704, 32.3484415788263, 299.53696035576223, 113.6656413584824]]"
96,"[[(0, 6), (0, 25), (0, 32), (6, 7), (6, 12), (6, 35), (9, 19), (9, 30), (13, 25), (18, 1), (18, 39), (30, 25), (32, 1), (32, 38), (1, 15), (15, 36), (27, 8), (27, 29), (2, 37), (17, 36), (37, 31), (3, 19), (10, 24), (19, 23), (26, 28), (36, 6), (4, 14), (4, 26), (24, 1), (24, 22), (34, 16), (34, 37), (35, 11), (28, 15), (28, 38), (8, 34), (16, 23), (38, 13), (11, 3), (23, 12), (23, 17)]]","[[103.76518713207314, 211.53798361128446, 634.0794121770242, 23.148647022133616, 133.92211311521237, 353.7748092562629, 47.894401588437226, 253.18379220381925, 121.19074675748938, 2.354999586685217, 238.27154386746903, 70.51767600565395, 507.02208082114566, 75.64644063973142, 55.50399355566236, 342.09363401905733, 300.3118927465474, 36.675645574665644, 474.4002309855629, 46.92268859507404, 155.0975325575127, 126.1964783498867, 24.11926286338391, 45.162676935962814, 42.48863965304753, 451.81438427225885, 79.33078063896667, 187.67388536825746, 223.9370909265321, 20.972768528099834, 51.11920137562084, 3.199887365824216, 359.28083906707474, 286.60155967871793, 49.89755050937336, 171.070361066548, 204.92492741526942, 226.95303712157886, 34.55300631709154, 258.40943473804055, 66.47744283534371]]"
97,"[[(0, 6), (0, 25), (0, 32), (6, 7), (6, 12), (6, 35), (9, 19), (9, 30), (13, 25), (18, 1), (18, 39), (30, 25), (32, 1), (32, 38), (1, 15), (15, 36), (27, 8), (27, 29), (2, 37), (17, 36), (37, 31), (3, 19), (10, 24), (19, 23), (26, 28), (36, 6), (4, 14), (4, 26), (24, 1), (24, 22), (34, 16), (34, 37), (35, 11), (28, 15), (28, 38), (8, 34), (16, 23), (38, 13), (11, 3), (23, 12), (23, 17)]]","[[91.58361723910339, 202.5568578628771, 947.174608102775, 5.804693602160697, 92.25533423290774, 467.7791032938285, 53.47797764450279, 253.39737622396396, 256.9812892151105, 7.521524774635457, 279.6031025669888, 70.07078520465079, 399.8611953660804, 108.6560722218986, 150.81153180032337, 328.5479253133797, 307.0962587007136, 38.43815713728942, 838.6280787438853, 46.15297026640001, 115.94330991628136, 109.837247258765, 26.765961985532748, 65.70319315927381, 30.58196554977696, 515.5060731547743, 70.29859929065849, 234.7693230205523, 233.98258178670136, 24.088518051834647, 49.223603325436905, 4.616550569069201, 364.72084001072875, 353.595066455366, 49.508903204032144, 224.44831813961977, 57.97489894461377, 265.1702156327299, 36.82092497214282, 169.62811702066801, 95.06318693669596]]"
98,"[[(0, 6), (0, 25), (0, 32), (6, 7), (6, 12), (6, 35), (9, 19), (9, 30), (13, 25), (18, 1), (18, 39), (30, 25), (32, 1), (32, 38), (1, 15), (15, 36), (27, 8), (27, 29), (2, 37), (17, 36), (37, 31), (3, 19), (10, 24), (19, 23), (26, 28), (36, 6), (4, 14), (4, 26), (24, 1), (24, 22), (34, 16), (34, 37), (35, 11), (28, 15), (28, 38), (8, 34), (16, 23), (38, 13), (11, 3), (23, 12), (23, 17)]]","[[119.86870258149355, 207.89970773550763, 512.5788283405677, 6.252626928785832, 121.82821933286314, 372.06628622958124, 53.838924453497654, 254.9095970721313, 136.15545270580157, 15.806556261501564, 252.37228833349252, 81.31551131782747, 636.5498363014742, 121.44352604362422, 217.7052590128354, 510.42383323067395, 476.1848787588816, 41.7287014108808, 160.2170918774244, 48.994234150058205, 33.202182737385925, 101.78383073734241, 32.1636475775557, 77.39943482347047, 40.91157521443214, 542.1938945875117, 68.1538689093709, 345.0852950534484, 184.5234454420182, 21.104381537617087, 55.493576092466874, 5.592935808172351, 394.4405400127239, 200.7053507341052, 48.83415010343693, 236.96103868833208, 60.43867476713944, 267.3419309095941, 25.645095343918157, 89.30570861857032, 179.57608248138823]]"
99,"[[(0, 6), (0, 25), (0, 32), (6, 7), (6, 12), (6, 35), (9, 19), (9, 30), (13, 25), (18, 1), (18, 39), (30, 25), (32, 1), (32, 38), (1, 15), (15, 36), (27, 8), (27, 29), (2, 37), (17, 36), (37, 31), (3, 19), (10, 24), (19, 23), (26, 28), (36, 6), (4, 14), (4, 26), (24, 1), (24, 22), (34, 16), (34, 37), (35, 11), (28, 15), (28, 38), (8, 34), (16, 23), (38, 13), (11, 3), (23, 12), (23, 17)]]","[[91.49127934176695, 208.23096689279848, 48.594697274115546, 21.1324303195876, 72.8104603905057, 391.88546580102127, 92.47544661578372, 254.730739870264, 155.90575555276234, 4.22283224790745, 268.6007775288785, 94.4418775409035, 352.49547734107614, 105.04476943908202, 216.76338248029603, 511.5079110836049, 316.7853938049527, 41.94119419406181, 811.0802196956087, 45.54180626598651, 29.499653011330295, 104.27716626820377, 33.28645994784354, 57.545353244022834, 29.516175946422848, 529.8668733144445, 78.60069312654738, 251.88907107931283, 195.78139167515442, 29.70641832444825, 74.58808532983734, 6.51870004084389, 365.3822197083231, 303.1017115075259, 49.98881330126286, 75.49161527297579, 219.7407728723982, 527.7278241374502, 60.672333711906646, 289.63633280219216, 78.01914945031079]]"
