scene,edge,cost
0,"[[(0, 11), (0, 35), (7, 2), (7, 13), (7, 28), (9, 24), (14, 9), (24, 27), (35, 1), (35, 14), (1, 29), (17, 22), (23, 5), (34, 38), (31, 10), (3, 17), (30, 10), (30, 29), (5, 1), (13, 11), (20, 15), (20, 23), (26, 8), (38, 19), (38, 20), (10, 1), (21, 2), (21, 4), (21, 15), (21, 20), (21, 33), (12, 30), (37, 5), (37, 15), (37, 27)]]","[[115.33051950667252, 423.97927862785446, 140.13730011468158, 150.85767822277853, 363.57721432180585, 101.05737000227104, 116.85752613823244, 19.974330716371274, 171.18507506325034, 126.40899639617145, 193.01305030203508, 24.745449612357366, 195.3422250583363, 90.81087961049269, 47.18732790291355, 212.12191583678506, 6.4568989065411895, 11.636588102031302, 52.67368889788641, 11.026074254747401, 41.93393197140169, 12.314103253997546, 321.59012622317397, 89.81969077812282, 75.68782548004594, 23.119906330431476, 201.12588708043708, 292.75639308355574, 33.29075953848448, 20.973712975876253, 71.35264471395223, 83.09215779504338, 551.1951444868214, 244.35866886805655, 16.03106363217818]]"
1,"[[(0, 11), (0, 35), (7, 2), (7, 13), (7, 28), (9, 24), (14, 9), (24, 27), (35, 1), (35, 14), (1, 29), (17, 22), (23, 5), (34, 38), (31, 10), (3, 17), (30, 10), (30, 29), (5, 1), (13, 11), (20, 15), (20, 23), (26, 8), (38, 19), (38, 20), (10, 1), (21, 2), (21, 4), (21, 15), (21, 20), (21, 33), (12, 30), (37, 5), (37, 15), (37, 27)]]","[[64.47126609605647, 422.7252030966073, 115.21213890399721, 18.586072919514088, 338.2640460054547, 109.10977006366416, 28.067040881956622, 14.51126198135878, 214.61055047086955, 120.4912491047887, 130.05138180801447, 28.36426272295669, 266.07245771701963, 88.8785269621159, 67.54309521196092, 312.56093292686614, 27.167389822505026, 24.541107207089876, 74.48614769879292, 23.768079105380863, 49.015041451820785, 51.8977564069902, 307.9952890551554, 72.01470328179347, 651.3718651517845, 30.95636074785859, 226.69992529875526, 299.4824631486721, 32.11580699549886, 18.17035273405795, 69.93809047036302, 95.5075673552014, 537.6769479742283, 240.59812225284628, 15.007201877836193]]"
2,"[[(0, 11), (0, 35), (7, 2), (7, 13), (7, 28), (9, 24), (14, 9), (24, 27), (35, 1), (35, 14), (1, 29), (17, 22), (23, 5), (34, 38), (31, 10), (3, 17), (30, 10), (30, 29), (5, 1), (13, 11), (20, 15), (20, 23), (26, 8), (38, 19), (38, 20), (10, 1), (21, 2), (21, 4), (21, 15), (21, 20), (21, 33), (12, 30), (37, 5), (37, 15), (37, 27)]]","[[205.5908841425359, 406.94302502230875, 58.539732231742335, 20.558393706798647, 239.00576906793282, 129.55191366790942, 122.10558698081691, 17.191268977883876, 114.72034629869663, 135.32210242098472, 278.3306450283998, 29.057598521646284, 273.0516023682296, 28.291334091094395, 203.24124595998222, 235.03969038419103, 3.343703244054784, 9.771173224815888, 72.81423791693359, 21.1960786694375, 55.07540496233599, 16.000088618843954, 295.8627678201006, 92.50057777492628, 519.2464270866178, 56.836852248155985, 138.990993580995, 296.200939983594, 33.778926046363374, 19.253289604111004, 30.13819712460821, 83.60597225726802, 481.8265131032521, 173.1885192499602, 11.73411116054372]]"
3,"[[(0, 11), (0, 35), (7, 2), (7, 13), (7, 28), (9, 24), (14, 9), (24, 27), (35, 1), (35, 14), (1, 29), (17, 22), (23, 5), (34, 38), (31, 10), (3, 17), (30, 10), (30, 29), (5, 1), (13, 11), (20, 15), (20, 23), (26, 8), (38, 19), (38, 20), (10, 1), (21, 2), (21, 4), (21, 15), (21, 20), (21, 33), (12, 30), (37, 5), (37, 15), (37, 27)]]","[[124.0075947671688, 406.5002515064937, 126.19009305621023, 103.57352421658442, 368.2120135015268, 131.15368912282622, 83.31128885698988, 24.217111494394118, 214.3243570828128, 118.90330652102608, 219.89522814203804, 22.517388400913944, 175.42506228822245, 53.55439087303752, 43.267405593770576, 243.5296863549816, 17.66735847745984, 20.9688471310718, 73.03172216063173, 16.927229832421254, 46.77130847140137, 21.26219089820107, 264.5551356341547, 66.56462098806733, 287.8886868795503, 42.17200567658739, 219.83030752931577, 312.97472639846774, 34.608458740781124, 12.062458878065868, 31.310984259731878, 82.5866944493873, 599.2981926312967, 180.75028617494087, 9.98567923909066]]"
4,"[[(0, 11), (0, 35), (7, 2), (7, 13), (7, 28), (9, 24), (14, 9), (24, 27), (35, 1), (35, 14), (1, 29), (17, 22), (23, 5), (34, 38), (31, 10), (3, 17), (30, 10), (30, 29), (5, 1), (13, 11), (20, 15), (20, 23), (26, 8), (38, 19), (38, 20), (10, 1), (21, 2), (21, 4), (21, 15), (21, 20), (21, 33), (12, 30), (37, 5), (37, 15), (37, 27)]]","[[77.35613704858801, 426.02874942300775, 48.986122201302706, 25.2130074830542, 252.02629242162533, 118.2894837434823, 61.86272876785069, 23.197323412163716, 236.51590663027434, 108.85084613703009, 261.94313454876954, 31.935403212460216, 151.753750502777, 47.89783539431727, 40.05316242741674, 170.75417405863402, 11.120319095207986, 19.21703166370188, 49.402142916604234, 35.1625739461066, 51.64899856004946, 45.27638568086861, 415.407403409609, 77.59844557949494, 100.99055441755577, 45.89625279153856, 191.32480260243517, 270.7206099540459, 32.74160146113756, 15.192030311836513, 6.406176601536906, 87.48826653560249, 737.7839036017888, 200.6047278306826, 9.68792993966568]]"
5,"[[(0, 11), (0, 35), (7, 2), (7, 13), (7, 28), (9, 24), (14, 9), (24, 27), (35, 1), (35, 14), (1, 29), (17, 22), (23, 5), (34, 38), (31, 10), (3, 17), (30, 10), (30, 29), (5, 1), (13, 11), (20, 15), (20, 23), (26, 8), (38, 19), (38, 20), (10, 1), (21, 2), (21, 4), (21, 15), (21, 20), (21, 33), (12, 30), (37, 5), (37, 15), (37, 27)]]","[[19.381253103525523, 409.6472083431268, 125.80434661404834, 9.341147338314386, 298.4098216533524, 102.40308281270444, 63.144316365381776, 23.5540450762257, 202.2524892978498, 103.24331404310735, 197.80080848186913, 34.62867563478997, 331.8332769100123, 27.157141991793623, 156.846420636364, 232.99993626164382, 18.920042872389566, 21.487261651692236, 71.92186013061176, 14.809315382539404, 46.030548011642075, 49.619740286169296, 332.91333627139693, 106.20293516701665, 561.0867582948337, 45.16349514036085, 202.48320773175914, 268.3157311363845, 34.502257721938406, 17.777566724090637, 47.30377532932577, 92.86766530560163, 662.8655528889701, 196.6354874938307, 12.315304279797436]]"
6,"[[(0, 11), (0, 35), (7, 2), (7, 13), (7, 28), (9, 24), (14, 9), (24, 27), (35, 1), (35, 14), (1, 29), (17, 22), (23, 5), (34, 38), (31, 10), (3, 17), (30, 10), (30, 29), (5, 1), (13, 11), (20, 15), (20, 23), (26, 8), (38, 19), (38, 20), (10, 1), (21, 2), (21, 4), (21, 15), (21, 20), (21, 33), (12, 30), (37, 5), (37, 15), (37, 27)]]","[[43.466505171833035, 419.3057338604099, 62.03311370353464, 128.2783612130255, 251.73885593365145, 147.55349080885313, 88.6685202090873, 29.44912444384247, 170.28886377814695, 130.7031255286966, 156.93711421613824, 24.22385250031259, 273.11997203876734, 51.58764405473882, 158.97138032119238, 307.2081198971908, 1.4947361862417137, 19.59022968113797, 67.30266134324089, 13.007665555377836, 55.61886886258197, 56.75942699940837, 500.1106163646527, 93.11451104341667, 419.66377123860394, 35.97388616468119, 206.53008112637102, 297.4070192128104, 34.74134608568929, 17.795876311936382, 20.064812674644127, 92.22899815023676, 711.2597358214691, 216.027457299878, 16.5354106885792]]"
7,"[[(0, 11), (0, 35), (7, 2), (7, 13), (7, 28), (9, 24), (14, 9), (24, 27), (35, 1), (35, 14), (1, 29), (17, 22), (23, 5), (34, 38), (31, 10), (3, 17), (30, 10), (30, 29), (5, 1), (13, 11), (20, 15), (20, 23), (26, 8), (38, 19), (38, 20), (10, 1), (21, 2), (21, 4), (21, 15), (21, 20), (21, 33), (12, 30), (37, 5), (37, 15), (37, 27)]]","[[227.38504012804856, 416.6276504288592, 114.2386931520057, 20.83450295856938, 278.531610503938, 102.6117775230666, 18.132859984720106, 18.54138102369894, 230.11540365386082, 89.36823899897563, 126.89297207986716, 22.552431897300767, 263.5184826597329, 105.05386775232014, 58.82220849299412, 272.4741420961605, 13.117447780639221, 9.338772293778845, 71.77331805410786, 14.36225826303523, 40.68295690682929, 17.318268882229763, 311.36222914764625, 86.45973077536767, 324.6082623852775, 46.5792831474313, 139.69980709959236, 269.87851507323785, 34.45703927765906, 20.226449921673428, 21.551726655501213, 85.89386332641126, 565.1621893106917, 235.95960990037128, 19.117993859081057]]"
8,"[[(0, 11), (0, 35), (7, 2), (7, 13), (7, 28), (9, 24), (14, 9), (24, 27), (35, 1), (35, 14), (1, 29), (17, 22), (23, 5), (34, 38), (31, 10), (3, 17), (30, 10), (30, 29), (5, 1), (13, 11), (20, 15), (20, 23), (26, 8), (38, 19), (38, 20), (10, 1), (21, 2), (21, 4), (21, 15), (21, 20), (21, 33), (12, 30), (37, 5), (37, 15), (37, 27)]]","[[29.87895969115729, 408.51051954257207, 59.65679660053552, 122.03635738693015, 260.8264032975396, 96.93849486748316, 18.343965246550596, 11.752721094592768, 140.56573196167122, 129.65932439821063, 141.61638138455294, 32.95227370967787, 281.4717961254976, 31.84635482015687, 205.32554567082636, 224.74649741685525, 18.530910201687323, 17.01489779895889, 46.74393296381727, 36.66173844270955, 40.01857710325173, 65.96660848454138, 303.4552269723532, 69.72221244712235, 460.5034014244189, 58.203287287246255, 182.39366598138326, 314.45486085426484, 35.427822999770136, 17.42097292403443, 37.31654793683427, 90.8681634384615, 668.6693563636697, 229.32226559950894, 9.224225678745073]]"
9,"[[(0, 11), (0, 35), (7, 2), (7, 13), (7, 28), (9, 24), (14, 9), (24, 27), (35, 1), (35, 14), (1, 29), (17, 22), (23, 5), (34, 38), (31, 10), (3, 17), (30, 10), (30, 29), (5, 1), (13, 11), (20, 15), (20, 23), (26, 8), (38, 19), (38, 20), (10, 1), (21, 2), (21, 4), (21, 15), (21, 20), (21, 33), (12, 30), (37, 5), (37, 15), (37, 27)]]","[[207.23706253646063, 429.79076246307204, 53.24807145490062, 14.208854496796707, 290.15669579628474, 111.02900772444623, 65.32628361194084, 29.44077525075135, 181.99952468945156, 123.58812400934428, 206.3932962555909, 22.749639930909318, 337.7582453717283, 88.69515849562677, 95.71583072765762, 170.06170202143895, 6.441649869158228, 24.44029671904821, 69.12390388067433, 28.380310958936207, 46.73619091604562, 38.26566907851749, 244.07803561993234, 102.99877246198537, 269.71131852211323, 57.17373796303955, 128.71148438545686, 300.23724618257154, 33.77424582333945, 17.159276924823665, 21.05050465695811, 92.12601120842582, 459.9564344457706, 180.9776707811951, 10.813446921666628]]"
10,"[[(0, 11), (0, 35), (7, 2), (7, 13), (7, 28), (9, 24), (14, 9), (24, 27), (35, 1), (35, 14), (1, 29), (17, 22), (23, 5), (34, 38), (31, 10), (3, 17), (30, 10), (30, 29), (5, 1), (13, 11), (20, 15), (20, 23), (26, 8), (38, 19), (38, 20), (10, 1), (21, 2), (21, 4), (21, 15), (21, 20), (21, 33), (12, 30), (37, 5), (37, 15), (37, 27)]]","[[137.86766195321096, 427.7013439111536, 62.73383139069869, 91.76626726832885, 234.915457522424, 124.44233404278597, 133.0694942988363, 21.796123571315956, 114.03276903343514, 88.59096808774869, 191.58420400701823, 21.845556471524265, 171.9083711006217, 96.21266706433781, 159.74270489198017, 208.1492896426645, 26.532105282733756, 12.010473436428889, 39.949477631402274, 24.88454184348832, 58.53726832162367, 47.59668983103628, 255.65211861551086, 99.48769549028222, 406.8300616010822, 18.28502219493081, 177.89847847339666, 276.28823482740324, 35.23357648594461, 16.040383175464896, 27.09885158189025, 94.58172347666992, 526.6933165330693, 228.0237545147076, 14.863390375911948]]"
11,"[[(0, 11), (0, 35), (7, 2), (7, 13), (7, 28), (9, 24), (14, 9), (24, 27), (35, 1), (35, 14), (1, 29), (17, 22), (23, 5), (34, 38), (31, 10), (3, 17), (30, 10), (30, 29), (5, 1), (13, 11), (20, 15), (20, 23), (26, 8), (38, 19), (38, 20), (10, 1), (21, 2), (21, 4), (21, 15), (21, 20), (21, 33), (12, 30), (37, 5), (37, 15), (37, 27)]]","[[84.62024943813032, 419.08097281675276, 71.43344246612861, 143.49183661695548, 335.10145874457163, 140.73080587133438, 125.45713865184612, 22.848722255272254, 180.28667648186263, 108.75325310024425, 145.65638571990422, 34.780240893780814, 288.82707115376206, 50.21227885607712, 81.1494514958473, 222.31277320217362, 2.1332884957879337, 18.96827024080332, 69.93703927453956, 22.769910909257305, 45.562939186038136, 18.451628288400713, 479.7345199578757, 65.93991909639833, 116.02108783342125, 57.76038687074202, 124.5099772081822, 308.2261121111043, 32.64326388390746, 13.70499785061072, 47.22421095745295, 84.97524849789554, 646.7379643712447, 237.48197941428117, 12.980553427016924]]"
12,"[[(0, 11), (0, 35), (7, 2), (7, 13), (7, 28), (9, 24), (14, 9), (24, 27), (35, 1), (35, 14), (1, 29), (17, 22), (23, 5), (34, 38), (31, 10), (3, 17), (30, 10), (30, 29), (5, 1), (13, 11), (20, 15), (20, 23), (26, 8), (38, 19), (38, 20), (10, 1), (21, 2), (21, 4), (21, 15), (21, 20), (21, 33), (12, 30), (37, 5), (37, 15), (37, 27)]]","[[28.761382453711832, 416.6522367351425, 90.71302570048846, 103.0999334254794, 295.68265699301674, 110.05068183334846, 31.940239946429784, 21.261573564773965, 199.81973812970355, 131.6775762222339, 210.82505822801943, 24.647839748253404, 304.8557037794881, 107.75910931463125, 205.14088769116412, 171.5169516951224, 22.45364601972443, 20.607314200320385, 39.02738141349415, 31.136975522594543, 60.07274838901491, 46.409931444862245, 396.9201587041817, 116.20264819601601, 374.54217098783323, 56.160832049679286, 193.1584657640821, 274.54796880010025, 33.175481774915745, 19.500114705613978, 39.70788565988303, 87.08932963503584, 667.4501250696271, 229.34798574287043, 11.31773160550513]]"
13,"[[(0, 11), (0, 35), (7, 2), (7, 13), (7, 28), (9, 24), (14, 9), (24, 27), (35, 1), (35, 14), (1, 29), (17, 22), (23, 5), (34, 38), (31, 10), (3, 17), (30, 10), (30, 29), (5, 1), (13, 11), (20, 15), (20, 23), (26, 8), (38, 19), (38, 20), (10, 1), (21, 2), (21, 4), (21, 15), (21, 20), (21, 33), (12, 30), (37, 5), (37, 15), (37, 27)]]","[[221.61161055942333, 428.13477792707874, 51.78377563645134, 60.134470254089415, 305.713746407304, 109.00967139400262, 84.79251536350749, 27.64580366039116, 233.26029592243123, 85.2158095146992, 295.923447554065, 23.686750159226634, 318.13996886448325, 76.00060941365356, 176.2824756491451, 297.3957304330557, 27.033259715765904, 15.002383750886715, 53.139465897623445, 34.87460723673685, 56.741617994490696, 55.15141094757046, 416.12817623529065, 104.43580041610423, 310.28127630293636, 19.32437350144981, 177.9448906112104, 252.99700517958837, 33.3627869822747, 18.81248867458426, 60.200149163430105, 80.08757760131152, 484.60776849128206, 231.56495671549993, 5.167461837544072]]"
14,"[[(0, 11), (0, 35), (7, 2), (7, 13), (7, 28), (9, 24), (14, 9), (24, 27), (35, 1), (35, 14), (1, 29), (17, 22), (23, 5), (34, 38), (31, 10), (3, 17), (30, 10), (30, 29), (5, 1), (13, 11), (20, 15), (20, 23), (26, 8), (38, 19), (38, 20), (10, 1), (21, 2), (21, 4), (21, 15), (21, 20), (21, 33), (12, 30), (37, 5), (37, 15), (37, 27)]]","[[16.902228693390356, 415.34308948332523, 73.58411578296383, 58.86649588942902, 264.35985542061184, 149.65311905021042, 52.42486413721726, 25.981079995592523, 230.12591156666028, 123.48773344085194, 288.17452517099844, 25.853554640308808, 276.31556414532315, 24.75503090709681, 133.3314564265425, 244.61577168250312, 13.637981375606401, 9.99563828552181, 63.70954400878941, 28.05216408791322, 59.459135805248906, 31.633717364005072, 335.08257616655703, 100.47789372547777, 121.73424741595385, 57.323669048941596, 153.43606118497064, 304.4637628998764, 35.02461656947305, 17.62669827660315, 13.917550957022634, 84.74841229620289, 489.3643703789365, 207.01214647849218, 7.515735484630075]]"
15,"[[(0, 11), (0, 35), (7, 2), (7, 13), (7, 28), (9, 24), (14, 9), (24, 27), (35, 1), (35, 14), (1, 29), (17, 22), (23, 5), (34, 38), (31, 10), (3, 17), (30, 10), (30, 29), (5, 1), (13, 11), (20, 15), (20, 23), (26, 8), (38, 19), (38, 20), (10, 1), (21, 2), (21, 4), (21, 15), (21, 20), (21, 33), (12, 30), (37, 5), (37, 15), (37, 27)]]","[[65.23839667926177, 425.323819092839, 86.69314172680953, 145.9518775507058, 273.4799651864085, 157.40563359910192, 73.38139546907942, 29.360673961210658, 189.81102025209816, 92.51824268002214, 258.25378496883025, 22.637244813402607, 245.58509062029532, 78.51133846850271, 141.6908280626616, 205.8381346533164, 17.969919213910266, 25.1561564606594, 49.89074889566381, 33.99186740514148, 48.73700199049836, 18.24403095180237, 473.362226221032, 113.92476648301513, 572.2362228713196, 44.16393444036302, 122.78721391301748, 307.1464861248786, 32.90906082379479, 16.704661544377288, 49.735920786279536, 84.38263505954377, 565.6098573489006, 174.1048229612729, 7.412809983389625]]"
16,"[[(0, 11), (0, 35), (7, 2), (7, 13), (7, 28), (9, 24), (14, 9), (24, 27), (35, 1), (35, 14), (1, 29), (17, 22), (23, 5), (34, 38), (31, 10), (3, 17), (30, 10), (30, 29), (5, 1), (13, 11), (20, 15), (20, 23), (26, 8), (38, 19), (38, 20), (10, 1), (21, 2), (21, 4), (21, 15), (21, 20), (21, 33), (12, 30), (37, 5), (37, 15), (37, 27)]]","[[30.287385715634827, 408.8892260581362, 83.27967305146593, 72.4129406749491, 303.06412207204676, 97.4536454260066, 62.28863569152629, 17.94424568020344, 184.38387305764186, 111.13437779415911, 285.648192328465, 31.681936686175014, 354.2172547911827, 113.53652831708631, 91.95158061951398, 254.0352947536419, 1.6933297114603167, 20.898899922551898, 43.514823527377395, 31.429594349498338, 52.14288968006262, 34.30717403676414, 446.637793844455, 111.35899958970253, 485.9477883649435, 45.57944684006672, 160.3762459217536, 299.9196951194979, 34.3984422105192, 17.415524329726072, 25.83237318372461, 82.63293839387413, 545.5876670802264, 163.00771674248682, 15.070399837577986]]"
17,"[[(0, 11), (0, 35), (7, 2), (7, 13), (7, 28), (9, 24), (14, 9), (24, 27), (35, 1), (35, 14), (1, 29), (17, 22), (23, 5), (34, 38), (31, 10), (3, 17), (30, 10), (30, 29), (5, 1), (13, 11), (20, 15), (20, 23), (26, 8), (38, 19), (38, 20), (10, 1), (21, 2), (21, 4), (21, 15), (21, 20), (21, 33), (12, 30), (37, 5), (37, 15), (37, 27)]]","[[56.41354677005623, 409.1777609478799, 50.04217630450639, 111.47027078665458, 242.16789214691858, 113.58230226966809, 110.31161931857405, 13.688742630864104, 162.81144784405785, 114.34304618528085, 251.05200234785767, 34.72445992794924, 274.24782844872345, 72.94544359233083, 123.10843759661245, 191.3422335455046, 26.258719536372016, 14.387601435996846, 46.71979105807436, 36.12197722974257, 61.896535581197014, 57.19741814100415, 411.76476165937515, 112.00806526600633, 291.21363201451874, 42.227154779531006, 225.60011243149233, 271.6691221094539, 35.2499849822667, 13.366962597690348, 56.35508149947542, 80.26463188639951, 538.665530160865, 190.37582733296398, 10.970843194990978]]"
18,"[[(0, 11), (0, 35), (7, 2), (7, 13), (7, 28), (9, 24), (14, 9), (24, 27), (35, 1), (35, 14), (1, 29), (17, 22), (23, 5), (34, 38), (31, 10), (3, 17), (30, 10), (30, 29), (5, 1), (13, 11), (20, 15), (20, 23), (26, 8), (38, 19), (38, 20), (10, 1), (21, 2), (21, 4), (21, 15), (21, 20), (21, 33), (12, 30), (37, 5), (37, 15), (37, 27)]]","[[236.50908956354607, 419.49629810287803, 93.107754469538, 44.13106736573079, 329.0258367308061, 106.07976024087327, 73.12190878480017, 21.668573789828976, 222.44033655167092, 103.53181891252879, 146.82228959171883, 33.94495555107861, 329.183480256008, 77.60864963192182, 201.7902384114619, 260.2893968090487, 21.8005448042188, 20.908592796822475, 64.9144797839001, 32.058166590937034, 55.32322935856615, 40.56954218274276, 335.39477771362704, 68.49945155552905, 63.51935320766015, 44.97332816891988, 126.07212389137837, 306.05210454058715, 32.14246653521136, 12.302720021623195, 66.59040203992485, 83.57572030566263, 490.1033514207517, 205.1755176495871, 5.248454828104232]]"
19,"[[(0, 11), (0, 35), (7, 2), (7, 13), (7, 28), (9, 24), (14, 9), (24, 27), (35, 1), (35, 14), (1, 29), (17, 22), (23, 5), (34, 38), (31, 10), (3, 17), (30, 10), (30, 29), (5, 1), (13, 11), (20, 15), (20, 23), (26, 8), (38, 19), (38, 20), (10, 1), (21, 2), (21, 4), (21, 15), (21, 20), (21, 33), (12, 30), (37, 5), (37, 15), (37, 27)]]","[[99.80026728659683, 408.81944842082436, 72.97869137362072, 10.171677415206128, 336.9409827587257, 129.37383063034616, 128.04160414592252, 25.387770002427068, 197.36333805080056, 85.31193162453116, 236.97658386903592, 26.662601187143782, 222.4925298737095, 53.95387126449013, 126.650948981575, 278.7697404702532, 9.347335386475237, 9.229133806711083, 46.1073108278737, 34.92552688818125, 48.742730555626125, 19.667805992335836, 336.6877717363611, 77.26599395686151, 420.8912482954248, 22.195507650203332, 165.3024527101462, 260.7857832916393, 33.28902277262788, 19.72829917125607, 52.1707449567074, 85.58854866126987, 546.4243701065004, 187.5382029145776, 9.051474770335748]]"
20,"[[(0, 11), (0, 35), (7, 2), (7, 13), (7, 28), (9, 24), (14, 9), (24, 27), (35, 1), (35, 14), (1, 29), (17, 22), (23, 5), (34, 38), (31, 10), (3, 17), (30, 10), (30, 29), (5, 1), (13, 11), (20, 15), (20, 23), (26, 8), (38, 19), (38, 20), (10, 1), (21, 2), (21, 4), (21, 15), (21, 20), (21, 33), (12, 30), (37, 5), (37, 15), (37, 27)]]","[[162.4236247614258, 418.1774748692712, 75.34977533964394, 59.76719663306798, 288.96045296135236, 99.00147373362734, 46.411294288673155, 17.459154188779358, 159.19068207402378, 112.07950271338629, 133.42815355919404, 25.14445206308264, 203.638607729884, 28.086522784032198, 78.12932714546113, 287.5396659616364, 12.309397765464526, 17.069539060818666, 74.15177890653254, 19.620787097733633, 59.56001078029481, 37.463696825556156, 350.8058507612123, 104.9422436738768, 34.87377981005744, 19.530076156334776, 180.0422301336481, 265.3260969712558, 35.03146637256414, 15.818091278084053, 12.562357275818858, 86.86635769800071, 595.6385470156868, 222.6541907700397, 6.394653099453553]]"
21,"[[(0, 11), (0, 35), (7, 2), (7, 13), (7, 28), (9, 24), (14, 9), (24, 27), (35, 1), (35, 14), (1, 29), (17, 22), (23, 5), (34, 38), (31, 10), (3, 17), (30, 10), (30, 29), (5, 1), (13, 11), (20, 15), (20, 23), (26, 8), (38, 19), (38, 20), (10, 1), (21, 2), (21, 4), (21, 15), (21, 20), (21, 33), (12, 30), (37, 5), (37, 15), (37, 27)]]","[[202.09926249887596, 429.51445829148753, 93.65358550801301, 44.86904256621436, 274.95918909329555, 165.61054758923248, 42.0195445508897, 11.816609570802594, 162.35225899221038, 137.35784303569397, 225.04497912293579, 27.963675027052435, 198.54443749517122, 103.7667929525613, 160.58185980087188, 171.77833624041793, 5.693925683788021, 25.12956155426023, 48.37924759264214, 16.502290778493105, 42.84670792622203, 47.29905516584469, 413.4690275559095, 91.62593200249609, 36.35803051380225, 34.47010385565801, 164.92513103348767, 254.68011235031776, 34.64865877797449, 16.711815583734055, 42.29422260916481, 84.09685177944739, 512.7760576811983, 204.46155225725138, 17.266351835964127]]"
22,"[[(0, 11), (0, 35), (7, 2), (7, 13), (7, 28), (9, 24), (14, 9), (24, 27), (35, 1), (35, 14), (1, 29), (17, 22), (23, 5), (34, 38), (31, 10), (3, 17), (30, 10), (30, 29), (5, 1), (13, 11), (20, 15), (20, 23), (26, 8), (38, 19), (38, 20), (10, 1), (21, 2), (21, 4), (21, 15), (21, 20), (21, 33), (12, 30), (37, 5), (37, 15), (37, 27)]]","[[185.01139311009817, 418.99997856652567, 140.670380460304, 98.40184724319552, 305.0207980781094, 153.77612927380738, 10.2112539761004, 16.280185595363474, 200.89827281632068, 118.46750586642023, 180.04838228378836, 33.6478474804468, 192.62385088924583, 77.4332842482869, 167.56686985012482, 279.01579855180603, 6.321850082628028, 11.037908541627184, 68.38252524872676, 24.92760621061167, 47.6203670005564, 18.349807927008015, 425.92703621559303, 82.63403800418234, 420.4926240389359, 35.59724975899104, 137.87863736178014, 274.60446565117945, 35.309912767966495, 13.548188938167616, 57.58987751335636, 95.1542821663298, 739.8153688377599, 196.7433070900049, 19.887159635915523]]"
23,"[[(0, 11), (0, 35), (7, 2), (7, 13), (7, 28), (9, 24), (14, 9), (24, 27), (35, 1), (35, 14), (1, 29), (17, 22), (23, 5), (34, 38), (31, 10), (3, 17), (30, 10), (30, 29), (5, 1), (13, 11), (20, 15), (20, 23), (26, 8), (38, 19), (38, 20), (10, 1), (21, 2), (21, 4), (21, 15), (21, 20), (21, 33), (12, 30), (37, 5), (37, 15), (37, 27)]]","[[172.19348415844857, 413.97233208088176, 109.64393290892303, 40.03348890776415, 316.47474452935836, 108.34814623480705, 107.92072655492548, 17.257511895731394, 230.73123089644946, 107.59705325672853, 135.87083457464655, 21.875325523223612, 297.2522662480869, 75.90852388153434, 86.30043284960118, 198.06767979724563, 8.983639478029273, 15.252523891333917, 53.36326356455784, 14.24230135957734, 52.84910751733155, 41.66883216147029, 256.8009607268484, 90.74785241917908, 34.89999144405006, 40.48891672546914, 209.22937605992882, 255.21650414439506, 33.07491655302811, 12.584058611946244, 67.05175345421517, 83.94265036448046, 733.7279794009635, 235.92834986435628, 10.323590052994458]]"
24,"[[(0, 11), (0, 35), (7, 2), (7, 13), (7, 28), (9, 24), (14, 9), (24, 27), (35, 1), (35, 14), (1, 29), (17, 22), (23, 5), (34, 38), (31, 10), (3, 17), (30, 10), (30, 29), (5, 1), (13, 11), (20, 15), (20, 23), (26, 8), (38, 19), (38, 20), (10, 1), (21, 2), (21, 4), (21, 15), (21, 20), (21, 33), (12, 30), (37, 5), (37, 15), (37, 27)]]","[[218.56716352296837, 422.117837114115, 63.73931360179085, 64.58560801290392, 246.88823589681078, 120.84841461446224, 10.094749718398685, 18.10297319396831, 240.79975593340254, 91.54810808112333, 258.58926827865264, 32.510169778967125, 343.21334960452407, 95.22667566340796, 116.4691464512364, 293.74335637227057, 14.832554707484995, 16.965869614886422, 72.45734523281028, 30.59174064942132, 48.25618401850446, 39.38585103357401, 363.2949248158494, 115.91079340507801, 68.513711055791, 37.38072895402682, 166.62528725994574, 282.87389324066044, 35.93683409769305, 12.847443509399868, 22.291764322501177, 91.72575362272684, 629.7910780578981, 241.1845660517908, 23.68838942938496]]"
25,"[[(0, 11), (0, 35), (7, 2), (7, 13), (7, 28), (9, 24), (14, 9), (24, 27), (35, 1), (35, 14), (1, 29), (17, 22), (23, 5), (34, 38), (31, 10), (3, 17), (30, 10), (30, 29), (5, 1), (13, 11), (20, 15), (20, 23), (26, 8), (38, 19), (38, 20), (10, 1), (21, 2), (21, 4), (21, 15), (21, 20), (21, 33), (12, 30), (37, 5), (37, 15), (37, 27)]]","[[83.1994876377835, 425.35577184776093, 80.67199348711738, 42.532520381221985, 239.54433292479402, 150.77872870437915, 8.976992668273649, 17.635403327915746, 184.7526339233496, 94.4355138358593, 234.3265780715032, 31.22132872772299, 274.37293121165743, 26.978526343308843, 61.702472575946885, 287.76509953629864, 22.765207833307013, 14.92023221527895, 69.39365955954356, 23.98522711650753, 60.96300771203385, 32.44516215606977, 437.6854579737342, 118.71472095177984, 339.5964843142971, 49.84449607890465, 131.68402963737884, 303.8640913754608, 34.98898405652521, 20.613832471535815, 12.00352729719333, 86.83853420926422, 608.6497533213438, 243.0914396736524, 10.134151228646587]]"
26,"[[(0, 11), (0, 35), (7, 2), (7, 13), (7, 28), (9, 24), (14, 9), (24, 27), (35, 1), (35, 14), (1, 29), (17, 22), (23, 5), (34, 38), (31, 10), (3, 17), (30, 10), (30, 29), (5, 1), (13, 11), (20, 15), (20, 23), (26, 8), (38, 19), (38, 20), (10, 1), (21, 2), (21, 4), (21, 15), (21, 20), (21, 33), (12, 30), (37, 5), (37, 15), (37, 27)]]","[[242.13696530013996, 407.87862321087704, 90.71230553748903, 74.01380768968886, 256.7104667653744, 102.24720140754506, 109.60752754446835, 27.013603309943225, 182.3047478069745, 89.78544330359054, 150.02425724196175, 28.950277471232916, 174.01992506538755, 31.71111898618717, 146.96370049202318, 252.24277221772326, 6.196382127624676, 20.68995117986199, 37.07206288389094, 35.60848640575395, 43.73361661655472, 29.090539285017027, 215.58670222044148, 64.5311415419375, 400.52885711834364, 40.61700247380943, 171.86794674316093, 316.817069271066, 35.200723467781145, 14.56039448974025, 33.456961518398494, 88.60178932328535, 472.7881584107116, 197.97644927745336, 8.139940327801746]]"
27,"[[(0, 11), (0, 35), (7, 2), (7, 13), (7, 28), (9, 24), (14, 9), (24, 27), (35, 1), (35, 14), (1, 29), (17, 22), (23, 5), (34, 38), (31, 10), (3, 17), (30, 10), (30, 29), (5, 1), (13, 11), (20, 15), (20, 23), (26, 8), (38, 19), (38, 20), (10, 1), (21, 2), (21, 4), (21, 15), (21, 20), (21, 33), (12, 30), (37, 5), (37, 15), (37, 27)]]","[[15.124769073841492, 429.9665507240306, 84.83217322443026, 63.81215079272211, 349.32573904344804, 151.4153603912181, 128.7741591687252, 27.204895130001056, 98.75855252793653, 87.23728183949957, 151.00419730483145, 21.53367074361425, 206.46418268460974, 99.35080666841552, 58.631348072762016, 299.62260740178357, 23.901841431464685, 24.829825256775646, 59.992419886829076, 27.712721262379148, 57.48695975663692, 67.78834133102532, 245.5318178444235, 101.45940179193857, 344.50030172834465, 30.639732374728986, 132.73459843090572, 244.9032865899755, 33.96550736861801, 13.69109288782256, 66.2639641005659, 93.43212070406717, 517.3644607953146, 213.7436015657547, 15.482051659661762]]"
28,"[[(0, 11), (0, 35), (7, 2), (7, 13), (7, 28), (9, 24), (14, 9), (24, 27), (35, 1), (35, 14), (1, 29), (17, 22), (23, 5), (34, 38), (31, 10), (3, 17), (30, 10), (30, 29), (5, 1), (13, 11), (20, 15), (20, 23), (26, 8), (38, 19), (38, 20), (10, 1), (21, 2), (21, 4), (21, 15), (21, 20), (21, 33), (12, 30), (37, 5), (37, 15), (37, 27)]]","[[229.44092635480825, 420.6001023993146, 133.84493357373182, 28.042278875536546, 254.0580217519638, 128.4377138136013, 131.51350522523168, 24.331890048523817, 234.1237070140465, 126.52487787913967, 172.2947188261496, 30.270071459341043, 243.24370872251114, 88.89992670458385, 72.85752600167329, 231.44319578131228, 16.455871647615382, 18.07074809305312, 48.89200582362815, 21.93817612784197, 56.24701504401613, 42.06423776945728, 255.2241622994606, 108.3635177239803, 312.36020693617763, 23.138443968229033, 219.14949242768364, 283.2312270856773, 35.2627906983238, 18.271641874369745, 29.641895068653884, 89.25212813474346, 639.6298498201211, 184.84464546264138, 15.869891842032347]]"
29,"[[(0, 11), (0, 35), (7, 2), (7, 13), (7, 28), (9, 24), (14, 9), (24, 27), (35, 1), (35, 14), (1, 29), (17, 22), (23, 5), (34, 38), (31, 10), (3, 17), (30, 10), (30, 29), (5, 1), (13, 11), (20, 15), (20, 23), (26, 8), (38, 19), (38, 20), (10, 1), (21, 2), (21, 4), (21, 15), (21, 20), (21, 33), (12, 30), (37, 5), (37, 15), (37, 27)]]","[[146.7616752744458, 408.03727573493364, 87.87135551434179, 78.93423757689848, 354.7013922484343, 153.62537806904402, 33.81288116483135, 19.559463079464727, 230.82132947468557, 106.02708340894179, 144.8933123251701, 25.692442585077234, 261.5106863024097, 85.96311536146435, 61.10102004210951, 208.53777102029244, 24.997203769324766, 8.547821727281706, 64.02546672993574, 36.42488077837139, 59.53299419726885, 13.18644699430914, 383.4926063424636, 101.76159795167203, 214.3058494985275, 42.443300421258044, 186.2165850404584, 307.46225358728094, 33.93885949394176, 12.229485933042898, 17.3696226398832, 82.00727452877572, 503.2680005381371, 180.87621349924083, 14.006106424009573]]"
30,"[[(0, 11), (0, 35), (7, 2), (7, 13), (7, 28), (9, 24), (14, 9), (24, 27), (35, 1), (35, 14), (1, 29), (17, 22), (23, 5), (34, 38), (31, 10), (3, 17), (30, 10), (30, 29), (5, 1), (13, 11), (20, 15), (20, 23), (26, 8), (38, 19), (38, 20), (10, 1), (21, 2), (21, 4), (21, 15), (21, 20), (21, 33), (12, 30), (37, 5), (37, 15), (37, 27)]]","[[158.10778216793807, 408.4820584566393, 86.45065224156284, 150.00755836611992, 342.5795558213516, 111.15358693294147, 106.66778244707812, 26.057951884669947, 159.16961925561338, 99.0102724463906, 234.23990950946705, 30.616579541103896, 304.4453969782685, 72.71698944301036, 205.32853442700963, 170.82286671864532, 20.319140608740227, 8.853354069022519, 41.28450526039285, 12.114722895932045, 47.667109598226844, 12.511559489954372, 332.25854666201917, 69.24733850150778, 108.81615532101713, 39.42714564896207, 175.0734413328571, 265.4583612539203, 33.821787544427224, 14.135773220128293, 21.048255073277087, 82.1624237642146, 531.9182088558337, 221.03502596852596, 18.231129967317536]]"
31,"[[(0, 11), (0, 35), (7, 2), (7, 13), (7, 28), (9, 24), (14, 9), (24, 27), (35, 1), (35, 14), (1, 29), (17, 22), (23, 5), (34, 38), (31, 10), (3, 17), (30, 10), (30, 29), (5, 1), (13, 11), (20, 15), (20, 23), (26, 8), (38, 19), (38, 20), (10, 1), (21, 2), (21, 4), (21, 15), (21, 20), (21, 33), (12, 30), (37, 5), (37, 15), (37, 27)]]","[[221.3460480889099, 426.52222268971155, 120.1506469038516, 145.4323217608071, 283.60817460601703, 126.67684610885092, 123.10247819081027, 15.719832421880369, 210.22739586879084, 120.21594720007221, 185.01349438353787, 26.32652193525122, 339.11740278519073, 103.0961885761255, 188.9138976099359, 238.60605204983963, 21.912501365220788, 19.161124386636, 63.272004220951274, 24.48373427871328, 62.958291830030625, 24.672178394827398, 398.3756102420636, 85.20307840449748, 247.8765514211018, 37.16981033301843, 157.46852467491757, 271.9371547144523, 33.63376787615476, 15.414915862132778, 54.99325574767969, 94.2785885987426, 599.4658317132458, 242.37092685842947, 21.93507955281334]]"
32,"[[(0, 11), (0, 35), (7, 2), (7, 13), (7, 28), (9, 24), (14, 9), (24, 27), (35, 1), (35, 14), (1, 29), (17, 22), (23, 5), (34, 38), (31, 10), (3, 17), (30, 10), (30, 29), (5, 1), (13, 11), (20, 15), (20, 23), (26, 8), (38, 19), (38, 20), (10, 1), (21, 2), (21, 4), (21, 15), (21, 20), (21, 33), (12, 30), (37, 5), (37, 15), (37, 27)]]","[[84.92153750819281, 406.5934196842765, 136.01608408074145, 120.59341282111191, 227.78111395630842, 128.9833642294483, 117.01858153694752, 22.34581624520313, 96.10059217923684, 112.99665790899151, 293.2886890909266, 30.2213465372472, 192.15686982734897, 94.50393413447107, 45.04838600825198, 167.3313857270123, 19.929868854898313, 13.804186020486972, 47.41360722554439, 30.152853515774723, 58.251378370201536, 37.65424531207961, 364.36980962385417, 86.7080770266904, 337.27845287195254, 19.69360924066272, 175.93879784463167, 262.7581626464267, 34.797479198517934, 15.435844838844924, 61.18382591062705, 90.13749060068254, 605.177581611104, 207.7050209686879, 10.783798342676413]]"
33,"[[(0, 11), (0, 35), (7, 2), (7, 13), (7, 28), (9, 24), (14, 9), (24, 27), (35, 1), (35, 14), (1, 29), (17, 22), (23, 5), (34, 38), (31, 10), (3, 17), (30, 10), (30, 29), (5, 1), (13, 11), (20, 15), (20, 23), (26, 8), (38, 19), (38, 20), (10, 1), (21, 2), (21, 4), (21, 15), (21, 20), (21, 33), (12, 30), (37, 5), (37, 15), (37, 27)]]","[[190.02868188986128, 410.6322203875529, 75.10232199718448, 102.02468568401775, 359.657753620221, 142.88062640270013, 29.809702845151367, 10.951605735802065, 235.73396342013243, 91.9759962055839, 260.7050553721672, 29.952870421102, 255.47465795903128, 47.064810692790175, 133.94223592270455, 177.9094506145233, 5.951249463668211, 10.405202120790834, 53.696496937730984, 18.083285798275153, 63.01442614319846, 36.08730935376, 380.57277271161706, 64.61205699790672, 343.87301501827034, 55.941314534279215, 196.32861742078916, 254.95828186917723, 35.684699996434915, 16.21926521876462, 46.72824251373863, 91.97511547983308, 471.82055967145726, 231.74584847006926, 10.83858818287252]]"
34,"[[(0, 11), (0, 35), (7, 2), (7, 13), (7, 28), (9, 24), (14, 9), (24, 27), (35, 1), (35, 14), (1, 29), (17, 22), (23, 5), (34, 38), (31, 10), (3, 17), (30, 10), (30, 29), (5, 1), (13, 11), (20, 15), (20, 23), (26, 8), (38, 19), (38, 20), (10, 1), (21, 2), (21, 4), (21, 15), (21, 20), (21, 33), (12, 30), (37, 5), (37, 15), (37, 27)]]","[[164.4092697807228, 425.97164005333667, 78.71544621160868, 12.879086082364934, 326.08988320477107, 143.43264181210304, 98.20715593763548, 20.451727633319734, 116.93812093119365, 96.50721914885871, 134.51310627851967, 30.428704432158284, 198.0594309929245, 112.31816934619278, 84.02316797903968, 261.1613107726654, 21.080172033115627, 8.14709761363449, 70.247908762146, 18.615926522515448, 44.055397527210225, 56.55108930957853, 470.5569913997939, 80.36045240732466, 255.97806994579506, 24.742136740284252, 138.6691605567167, 246.33505239979945, 32.09625019600901, 11.83446851773648, 37.180954707671276, 81.2108253906985, 493.3312048668805, 194.75189218110228, 6.64321546714207]]"
35,"[[(0, 11), (0, 35), (7, 2), (7, 13), (7, 28), (9, 24), (14, 9), (24, 27), (35, 1), (35, 14), (1, 29), (17, 22), (23, 5), (34, 38), (31, 10), (3, 17), (30, 10), (30, 29), (5, 1), (13, 11), (20, 15), (20, 23), (26, 8), (38, 19), (38, 20), (10, 1), (21, 2), (21, 4), (21, 15), (21, 20), (21, 33), (12, 30), (37, 5), (37, 15), (37, 27)]]","[[194.57609554074273, 409.1843644414301, 60.229594763153834, 115.53190425499223, 312.40806586363533, 115.38060892412767, 5.8759080650546895, 14.527014428848942, 161.329763916437, 122.23386190847413, 196.4583486959531, 28.276446225746348, 311.4504616035531, 29.78082001518083, 129.29428790779835, 173.7866915222105, 16.342718117262002, 21.03140476863831, 57.96780577405056, 22.63571403057182, 43.566134792032024, 28.80699822056587, 429.9442386522178, 75.18205281586688, 168.60644246036352, 36.970713951272536, 162.6313169898838, 311.7439281705096, 33.066429128352624, 16.75310675577014, 37.91219759240001, 94.30003087791309, 703.3171488519297, 236.86818464451483, 6.080580553890691]]"
36,"[[(0, 11), (0, 35), (7, 2), (7, 13), (7, 28), (9, 24), (14, 9), (24, 27), (35, 1), (35, 14), (1, 29), (17, 22), (23, 5), (34, 38), (31, 10), (3, 17), (30, 10), (30, 29), (5, 1), (13, 11), (20, 15), (20, 23), (26, 8), (38, 19), (38, 20), (10, 1), (21, 2), (21, 4), (21, 15), (21, 20), (21, 33), (12, 30), (37, 5), (37, 15), (37, 27)]]","[[165.99000222576373, 417.7145247093223, 66.77920178605078, 19.33725613004814, 311.9580860181675, 149.86112179904887, 92.42424307935357, 13.008736231518368, 235.28524775468014, 89.25365192482441, 152.79144281608893, 31.296627184518236, 166.40829050932578, 85.1042239327421, 166.4800152239558, 267.93031161201856, 23.120586409877262, 11.286026421163236, 55.24316350475284, 19.76667011950459, 46.258144642527775, 31.523892405351905, 377.915843459839, 69.85494800277178, 71.73379742641825, 44.17371190278049, 149.26214879561064, 310.66087230446044, 32.33015536568028, 12.604751845094093, 70.94829688254404, 90.93001639813708, 553.8841785015527, 244.65419823504095, 6.755110635800559]]"
37,"[[(0, 11), (0, 35), (7, 2), (7, 13), (7, 28), (9, 24), (14, 9), (24, 27), (35, 1), (35, 14), (1, 29), (17, 22), (23, 5), (34, 38), (31, 10), (3, 17), (30, 10), (30, 29), (5, 1), (13, 11), (20, 15), (20, 23), (26, 8), (38, 19), (38, 20), (10, 1), (21, 2), (21, 4), (21, 15), (21, 20), (21, 33), (12, 30), (37, 5), (37, 15), (37, 27)]]","[[104.37280325496593, 420.7453524814313, 109.5652327672633, 76.71255853560041, 332.141560303218, 157.97621732989586, 33.869686419838715, 17.725259385847174, 149.28124851831018, 86.15152211214273, 133.96353955002004, 24.557841349611078, 166.43199711436017, 51.329517477938644, 142.8099303219164, 250.4042282577309, 13.027655254231, 12.879091659488415, 50.052449641126714, 18.509443160471648, 46.83989040022624, 61.77866156398976, 313.83610267840544, 85.6636422391579, 147.6375271318377, 38.882782265514194, 179.3213209060971, 312.968263038186, 32.57715030419214, 15.270189617299305, 12.554766199599305, 88.55520570536464, 556.2068016886457, 179.99918566886527, 15.54162202079365]]"
38,"[[(0, 11), (0, 35), (7, 2), (7, 13), (7, 28), (9, 24), (14, 9), (24, 27), (35, 1), (35, 14), (1, 29), (17, 22), (23, 5), (34, 38), (31, 10), (3, 17), (30, 10), (30, 29), (5, 1), (13, 11), (20, 15), (20, 23), (26, 8), (38, 19), (38, 20), (10, 1), (21, 2), (21, 4), (21, 15), (21, 20), (21, 33), (12, 30), (37, 5), (37, 15), (37, 27)]]","[[127.31360520363083, 418.90413020655575, 110.50185237778695, 127.23864064875228, 293.9932815833295, 144.84595719777005, 25.414218222145802, 18.714089335223036, 124.26520328368701, 110.71794037711412, 160.79521037262214, 28.338333533137973, 195.58363744311754, 80.18859381149773, 44.3324261929981, 167.7850898210793, 13.581144358406876, 12.398014941025167, 48.08374550641856, 31.387835376925487, 59.71433270315515, 59.193018923562015, 392.48298173911735, 73.74239364880488, 518.2653507433454, 55.76593759441289, 167.9531055328551, 315.2351112988123, 34.503423692123384, 11.79198860154465, 11.342435291433716, 80.11851647466861, 646.1945120084044, 228.59003365916064, 11.86322234873069]]"
39,"[[(0, 11), (0, 35), (7, 2), (7, 13), (7, 28), (9, 24), (14, 9), (24, 27), (35, 1), (35, 14), (1, 29), (17, 22), (23, 5), (34, 38), (31, 10), (3, 17), (30, 10), (30, 29), (5, 1), (13, 11), (20, 15), (20, 23), (26, 8), (38, 19), (38, 20), (10, 1), (21, 2), (21, 4), (21, 15), (21, 20), (21, 33), (12, 30), (37, 5), (37, 15), (37, 27)]]","[[149.15778042647764, 419.3249599466157, 69.0474893553496, 51.14402569244741, 333.0761415654988, 124.99377816145324, 139.7813469687245, 19.070725898305973, 139.5341752091532, 118.8939976170469, 218.27083475744698, 33.91717658925529, 276.90977184703576, 68.6766729928019, 69.08633237259085, 171.76777354483954, 19.598756763740084, 11.45414528612849, 44.71201348540647, 16.00001519252031, 60.35510367466384, 24.70418065644271, 356.46527557373076, 115.87230291487512, 576.4596248811893, 32.43045500112054, 149.0380902043391, 315.8973374956987, 34.666432036199396, 15.417974903134501, 60.929548931758895, 90.01348000778603, 494.9847142516411, 195.22746620611915, 15.509998913518357]]"
40,"[[(0, 11), (0, 35), (7, 2), (7, 13), (7, 28), (9, 24), (14, 9), (24, 27), (35, 1), (35, 14), (1, 29), (17, 22), (23, 5), (34, 38), (31, 10), (3, 17), (30, 10), (30, 29), (5, 1), (13, 11), (20, 15), (20, 23), (26, 8), (38, 19), (38, 20), (10, 1), (21, 2), (21, 4), (21, 15), (21, 20), (21, 33), (12, 30), (37, 5), (37, 15), (37, 27)]]","[[197.0711196502624, 417.804051028793, 139.11433856035814, 43.02780538089562, 253.55611509592686, 165.41815876205072, 28.62109045215192, 23.66797571172076, 162.37046738624394, 131.75882473916585, 252.00297369527283, 23.654417999818957, 339.0945975072194, 77.82008478726061, 170.00329048517648, 265.23071404648283, 1.7550876061718683, 20.190299097433098, 57.08831703446934, 23.75999556668524, 52.393627283632036, 39.693585263138345, 278.61453563080784, 86.11155520059263, 463.61207331618533, 22.3075526124792, 221.46763190694907, 271.8717694392044, 34.19284634565796, 11.034544731113378, 41.50510621807526, 91.58143695490976, 495.2255959969181, 173.9225712877066, 10.55414699141444]]"
41,"[[(0, 11), (0, 35), (7, 2), (7, 13), (7, 28), (9, 24), (14, 9), (24, 27), (35, 1), (35, 14), (1, 29), (17, 22), (23, 5), (34, 38), (31, 10), (3, 17), (30, 10), (30, 29), (5, 1), (13, 11), (20, 15), (20, 23), (26, 8), (38, 19), (38, 20), (10, 1), (21, 2), (21, 4), (21, 15), (21, 20), (21, 33), (12, 30), (37, 5), (37, 15), (37, 27)]]","[[176.3184690096396, 411.34619579235937, 77.74899619489472, 55.84136599716953, 237.3277848505728, 108.73216399916008, 86.79323497745992, 11.779489782664246, 242.0709079993673, 86.57660359357946, 243.46969337992473, 30.18542326176256, 236.80088103638542, 22.937350068853767, 84.89726415359921, 282.8077722400082, 12.991763546813104, 8.518030847227124, 50.65336964329154, 11.646558593624574, 47.17201113910477, 58.041854685170506, 334.39871208924137, 67.69370607040901, 446.3084463806385, 51.49521386785256, 158.05098808341916, 316.3969974093476, 33.19539791646423, 13.369784812870662, 10.591849232914203, 90.68076792006066, 536.402422625163, 172.19977690817345, 11.090365854014422]]"
42,"[[(0, 11), (0, 35), (7, 2), (7, 13), (7, 28), (9, 24), (14, 9), (24, 27), (35, 1), (35, 14), (1, 29), (17, 22), (23, 5), (34, 38), (31, 10), (3, 17), (30, 10), (30, 29), (5, 1), (13, 11), (20, 15), (20, 23), (26, 8), (38, 19), (38, 20), (10, 1), (21, 2), (21, 4), (21, 15), (21, 20), (21, 33), (12, 30), (37, 5), (37, 15), (37, 27)]]","[[59.78685513622304, 416.57562939140143, 98.60323928238859, 71.4580339947758, 264.0265887628204, 146.43864770150276, 112.20249286781136, 15.032431671177713, 165.92007193716978, 135.8173983314836, 224.90661996587144, 22.777864996644674, 169.18242634696554, 106.80279016185615, 90.02016920511494, 295.9578184952305, 7.76537330102812, 19.838360385656237, 47.362199774582834, 22.588657301200392, 59.35208556476846, 47.42320030268003, 447.4754165728724, 62.42076790001417, 437.6459439774513, 21.470509941930697, 192.1544578751328, 274.52221303413154, 32.66786118304285, 19.607931719044604, 62.83926009863669, 95.60355552364474, 444.1560830973029, 165.50504694337178, 11.34702271629041]]"
43,"[[(0, 11), (0, 35), (7, 2), (7, 13), (7, 28), (9, 24), (14, 9), (24, 27), (35, 1), (35, 14), (1, 29), (17, 22), (23, 5), (34, 38), (31, 10), (3, 17), (30, 10), (30, 29), (5, 1), (13, 11), (20, 15), (20, 23), (26, 8), (38, 19), (38, 20), (10, 1), (21, 2), (21, 4), (21, 15), (21, 20), (21, 33), (12, 30), (37, 5), (37, 15), (37, 27)]]","[[112.12122672471762, 407.3582432413481, 139.55440716802173, 82.64819133807373, 275.69402908217273, 109.07247730002575, 40.9576856300005, 17.355965974798995, 103.87190823820464, 120.15801299937058, 258.59245216606905, 21.296268839992514, 149.8380392697242, 46.74749742434787, 181.24594981506652, 238.36252137067402, 24.897647853135954, 20.31537675686556, 65.36471634153273, 25.097606241300788, 57.554340456626576, 25.341660224444553, 503.8308405500854, 84.80785162368805, 457.7299296216852, 57.383828294722626, 149.25429929299014, 265.77519000236174, 33.33898903632029, 15.113387289585683, 64.50303737940061, 93.0623906126587, 568.184185726972, 230.79990666457817, 20.185892874118313]]"
44,"[[(0, 11), (0, 35), (7, 2), (7, 13), (7, 28), (9, 24), (14, 9), (24, 27), (35, 1), (35, 14), (1, 29), (17, 22), (23, 5), (34, 38), (31, 10), (3, 17), (30, 10), (30, 29), (5, 1), (13, 11), (20, 15), (20, 23), (26, 8), (38, 19), (38, 20), (10, 1), (21, 2), (21, 4), (21, 15), (21, 20), (21, 33), (12, 30), (37, 5), (37, 15), (37, 27)]]","[[104.03514418870523, 410.5118762585332, 145.45780445674052, 62.145734830103166, 324.0056419923138, 118.49025775588359, 13.1693100554299, 25.804564734706908, 129.7296164034477, 102.11792080592829, 144.58861408511808, 33.30224778739114, 314.2772198958473, 102.67883245812027, 124.56161982269577, 231.4650743389119, 4.474146319516001, 15.08280538398668, 35.110823932728444, 21.7226378618208, 49.64507548098275, 16.403103901773974, 436.20956190417326, 99.19666079988447, 637.0575392680163, 39.69204985354564, 139.61748192497885, 290.7051090124454, 34.044310618592874, 19.755969452676624, 47.356813926526215, 86.1984170564067, 694.5878184328158, 182.66763540419134, 13.102039637929295]]"
45,"[[(0, 11), (0, 35), (7, 2), (7, 13), (7, 28), (9, 24), (14, 9), (24, 27), (35, 1), (35, 14), (1, 29), (17, 22), (23, 5), (34, 38), (31, 10), (3, 17), (30, 10), (30, 29), (5, 1), (13, 11), (20, 15), (20, 23), (26, 8), (38, 19), (38, 20), (10, 1), (21, 2), (21, 4), (21, 15), (21, 20), (21, 33), (12, 30), (37, 5), (37, 15), (37, 27)]]","[[38.180038048085606, 419.154863926379, 81.88401362698292, 64.38761808837808, 322.5899203757929, 129.37555391322653, 136.72341972466148, 20.25960310649714, 214.3642900923008, 114.37130631555817, 285.65910007533216, 21.70096258040712, 279.91316590445507, 68.44455597906003, 36.34368198446098, 226.24861158837817, 14.358635326853385, 18.63140627463353, 38.469957703967154, 21.807152724823602, 59.92801078163204, 59.48458500862356, 320.581384345519, 111.89006698087684, 462.6230959655063, 38.50244895006651, 161.4351109046323, 293.3210425000929, 35.40813176232679, 19.388127504482615, 73.76273299180612, 81.27635308976502, 472.51072430567126, 195.70517848737376, 5.296592515837362]]"
46,"[[(0, 11), (0, 35), (7, 2), (7, 13), (7, 28), (9, 24), (14, 9), (24, 27), (35, 1), (35, 14), (1, 29), (17, 22), (23, 5), (34, 38), (31, 10), (3, 17), (30, 10), (30, 29), (5, 1), (13, 11), (20, 15), (20, 23), (26, 8), (38, 19), (38, 20), (10, 1), (21, 2), (21, 4), (21, 15), (21, 20), (21, 33), (12, 30), (37, 5), (37, 15), (37, 27)]]","[[202.12319714143396, 423.69642910883715, 124.93804049143405, 119.3812664992908, 266.72586497137814, 89.94932169266127, 7.573673969200631, 12.854291587822114, 220.0674218474742, 99.66248987502755, 210.63486792089356, 22.033453945833525, 169.8029085486694, 63.464117506973146, 152.04615900958476, 170.7103755035376, 5.8446580422170165, 8.974419836805613, 75.48017410261747, 34.542131877671636, 63.47639036612712, 69.08337692911286, 367.0551187645481, 106.92087667461558, 529.220004927435, 25.02127723147256, 203.28742429049692, 241.2171316141447, 33.79920545835352, 17.372291175910824, 69.02489299655315, 88.97055244180275, 536.4237247048923, 223.80301412052074, 22.175988500998738]]"
47,"[[(0, 11), (0, 35), (7, 2), (7, 13), (7, 28), (9, 24), (14, 9), (24, 27), (35, 1), (35, 14), (1, 29), (17, 22), (23, 5), (34, 38), (31, 10), (3, 17), (30, 10), (30, 29), (5, 1), (13, 11), (20, 15), (20, 23), (26, 8), (38, 19), (38, 20), (10, 1), (21, 2), (21, 4), (21, 15), (21, 20), (21, 33), (12, 30), (37, 5), (37, 15), (37, 27)]]","[[176.84191282548773, 422.3389669194068, 119.07729807545783, 148.0394806889709, 278.15629661724984, 116.90617926439911, 96.93023757124814, 23.595477679644965, 156.97673079045663, 134.97141288252934, 278.63020555000065, 31.94344343233882, 295.1491726403208, 63.85120031123097, 172.54635910969895, 295.3032132041491, 20.15683007834726, 27.422343096572337, 47.64315677184607, 31.503350072411035, 45.605507689324995, 56.397266070098844, 488.5943533250246, 66.58049171738159, 592.3519479147758, 53.81888656682842, 160.09764810064797, 299.24446343016916, 35.504005572050445, 11.702968050488092, 16.934700053246242, 87.04365036309606, 532.8908197509381, 207.7798675911918, 18.656459537441403]]"
48,"[[(0, 11), (0, 35), (7, 2), (7, 13), (7, 28), (9, 24), (14, 9), (24, 27), (35, 1), (35, 14), (1, 29), (17, 22), (23, 5), (34, 38), (31, 10), (3, 17), (30, 10), (30, 29), (5, 1), (13, 11), (20, 15), (20, 23), (26, 8), (38, 19), (38, 20), (10, 1), (21, 2), (21, 4), (21, 15), (21, 20), (21, 33), (12, 30), (37, 5), (37, 15), (37, 27)]]","[[125.62960657703101, 414.7504131882532, 133.23291952142233, 142.12007614373408, 236.96256138994386, 147.52315674507568, 69.75542118475266, 23.386700744253297, 218.23816329627607, 115.36824816250743, 153.29640099012778, 23.211239836325255, 173.16912717736545, 89.27483322673534, 124.96744209740622, 212.99938381200784, 20.158892658933762, 9.207537003460999, 67.13407833474358, 18.47967084910065, 52.89406227106346, 29.190280699984697, 432.4312224787122, 107.74602880562978, 653.1035598410748, 43.043242581976614, 182.42434506857592, 249.91371620985254, 34.581252646571365, 14.001856058308237, 57.93843763462672, 92.87963501460956, 484.2615168048376, 227.3978099988847, 23.92139290130097]]"
49,"[[(0, 11), (0, 35), (7, 2), (7, 13), (7, 28), (9, 24), (14, 9), (24, 27), (35, 1), (35, 14), (1, 29), (17, 22), (23, 5), (34, 38), (31, 10), (3, 17), (30, 10), (30, 29), (5, 1), (13, 11), (20, 15), (20, 23), (26, 8), (38, 19), (38, 20), (10, 1), (21, 2), (21, 4), (21, 15), (21, 20), (21, 33), (12, 30), (37, 5), (37, 15), (37, 27)]]","[[186.53800868875882, 413.136876551117, 94.87260093174264, 109.06791150093335, 272.7612156750151, 161.767497871792, 100.67792795853387, 12.437155783336802, 209.46596234409554, 101.17331046370848, 297.2248702368678, 27.816465673412893, 251.39086612313034, 72.79348831277221, 176.72064350857178, 292.7164807336613, 21.84254903351361, 12.520984056727933, 37.702655115340114, 21.236228627006938, 57.73509504129076, 55.58705734290862, 305.08408590634195, 82.18513983403422, 327.33823090439984, 42.089414769095725, 169.2257743974634, 270.8921594052231, 32.66970524652359, 16.578421655152383, 66.98929779019159, 82.26907902051398, 655.7064906374327, 184.0010432167504, 19.731469323951867]]"
50,"[[(0, 11), (0, 35), (7, 2), (7, 13), (7, 28), (9, 24), (14, 9), (24, 27), (35, 1), (35, 14), (1, 29), (17, 22), (23, 5), (34, 38), (31, 10), (3, 17), (30, 10), (30, 29), (5, 1), (13, 11), (20, 15), (20, 23), (26, 8), (38, 19), (38, 20), (10, 1), (21, 2), (21, 4), (21, 15), (21, 20), (21, 33), (12, 30), (37, 5), (37, 15), (37, 27)]]","[[141.9589148312271, 423.44804438077006, 88.986095632391, 35.62732575526826, 355.49273346916567, 131.03767260151918, 86.726640265349, 14.877397705117053, 135.14459976240144, 118.85426539724966, 176.96299748809793, 26.1585044935691, 257.53256532143064, 86.95287941655732, 117.99565221569229, 197.46844525701604, 11.282885302080746, 15.480493061673947, 73.79083870054941, 36.0475103878064, 44.0156556320768, 67.90609781257712, 268.02281960998863, 107.73447446959649, 599.3537382048609, 50.25318759331218, 224.0897891294163, 254.03828167854212, 33.15552710582416, 11.535266325018048, 67.80197393412783, 85.19464835648564, 544.9071266716405, 222.85820263596912, 18.99480508824695]]"
51,"[[(0, 11), (0, 35), (7, 2), (7, 13), (7, 28), (9, 24), (14, 9), (24, 27), (35, 1), (35, 14), (1, 29), (17, 22), (23, 5), (34, 38), (31, 10), (3, 17), (30, 10), (30, 29), (5, 1), (13, 11), (20, 15), (20, 23), (26, 8), (38, 19), (38, 20), (10, 1), (21, 2), (21, 4), (21, 15), (21, 20), (21, 33), (12, 30), (37, 5), (37, 15), (37, 27)]]","[[8.901576151018645, 422.6549710480441, 74.8725419072324, 104.43277805790797, 306.75424548338947, 140.82656499705632, 7.457265366957319, 27.587653715026505, 184.1958769888754, 119.37664192851425, 287.3449951682785, 31.176706357662567, 260.2173964130933, 32.27166241484106, 51.00648118039987, 228.59490872264166, 9.917450205903634, 20.999213761643944, 53.056214237708076, 21.25746078588582, 61.3456274145631, 46.64543508607018, 337.5103881205217, 113.82812133805118, 414.47365726384123, 26.467819778012228, 223.87277685648752, 296.2390823712191, 34.48569587398227, 18.75689308503084, 75.11152950801156, 93.94930748256901, 510.1037937258129, 218.70465784924068, 16.38605064499571]]"
52,"[[(0, 11), (0, 35), (7, 2), (7, 13), (7, 28), (9, 24), (14, 9), (24, 27), (35, 1), (35, 14), (1, 29), (17, 22), (23, 5), (34, 38), (31, 10), (3, 17), (30, 10), (30, 29), (5, 1), (13, 11), (20, 15), (20, 23), (26, 8), (38, 19), (38, 20), (10, 1), (21, 2), (21, 4), (21, 15), (21, 20), (21, 33), (12, 30), (37, 5), (37, 15), (37, 27)]]","[[64.25608639216088, 415.64570743852676, 120.04752755310336, 66.93189738874139, 275.5687266036931, 96.44367952627792, 135.18432862862264, 24.728146397916518, 206.2666214521439, 127.7668378419107, 285.1807110574524, 22.511660875704568, 347.6369137560208, 96.97608982581365, 193.95681638109806, 235.56330184633578, 21.731284120221275, 18.926744106536127, 55.536473122564594, 14.27540974439424, 56.084318851191426, 39.55568127408088, 432.2815404247519, 107.72398619188495, 294.6926337357765, 22.718688412462928, 193.69608898601751, 296.0930232864295, 35.71317147569362, 17.748111994842525, 36.29853777890271, 83.00190848527278, 476.1942082821923, 191.96945417462652, 12.223463964181985]]"
53,"[[(0, 11), (0, 35), (7, 2), (7, 13), (7, 28), (9, 24), (14, 9), (24, 27), (35, 1), (35, 14), (1, 29), (17, 22), (23, 5), (34, 38), (31, 10), (3, 17), (30, 10), (30, 29), (5, 1), (13, 11), (20, 15), (20, 23), (26, 8), (38, 19), (38, 20), (10, 1), (21, 2), (21, 4), (21, 15), (21, 20), (21, 33), (12, 30), (37, 5), (37, 15), (37, 27)]]","[[248.5518879630647, 425.3026996289533, 61.22713067709134, 55.6203812128279, 366.38831829914204, 108.12502725175912, 110.83098196717789, 13.926167639085204, 211.12597234725254, 133.99412330382657, 181.5087386399187, 23.57097998526087, 305.89128346589894, 37.94473683165175, 90.3898403568853, 214.3867737449812, 25.938394444551232, 26.50374043686806, 57.15244178305947, 22.18166049695344, 45.27619646911103, 50.35131274654415, 234.07083308156228, 116.87348619919915, 374.6540617062921, 56.34222398510653, 146.21906434214466, 310.73163073788714, 32.89638233419627, 13.765369706510686, 37.50378016004268, 94.52275382654844, 579.3912166544694, 218.82682817484354, 14.157766487986667]]"
54,"[[(0, 11), (0, 35), (7, 2), (7, 13), (7, 28), (9, 24), (14, 9), (24, 27), (35, 1), (35, 14), (1, 29), (17, 22), (23, 5), (34, 38), (31, 10), (3, 17), (30, 10), (30, 29), (5, 1), (13, 11), (20, 15), (20, 23), (26, 8), (38, 19), (38, 20), (10, 1), (21, 2), (21, 4), (21, 15), (21, 20), (21, 33), (12, 30), (37, 5), (37, 15), (37, 27)]]","[[171.97676546788722, 422.2937969196293, 72.08873715162213, 84.3165154043327, 374.6532151078061, 164.35802586767568, 121.82872661321875, 22.083298422619137, 204.326249342249, 121.8504376513408, 295.23294153242404, 31.86363864452249, 180.0660542906527, 30.749422088464158, 130.43970917936434, 200.90765312016677, 3.695657728129285, 13.10286206781192, 63.58140542616728, 22.06642518529366, 59.8970833217849, 41.66844874971428, 321.9885233659637, 66.99757865011348, 121.12350122579805, 24.304149930863474, 206.75363865980242, 288.3144269172736, 32.38020949403262, 11.828342708818084, 55.80960980872033, 87.56710115808347, 632.0134103977706, 232.9335276404658, 22.544910575618]]"
55,"[[(0, 11), (0, 35), (7, 2), (7, 13), (7, 28), (9, 24), (14, 9), (24, 27), (35, 1), (35, 14), (1, 29), (17, 22), (23, 5), (34, 38), (31, 10), (3, 17), (30, 10), (30, 29), (5, 1), (13, 11), (20, 15), (20, 23), (26, 8), (38, 19), (38, 20), (10, 1), (21, 2), (21, 4), (21, 15), (21, 20), (21, 33), (12, 30), (37, 5), (37, 15), (37, 27)]]","[[122.86216294250727, 421.10089693999623, 100.83112696464988, 62.39755711491272, 334.74199523537357, 100.48649704214961, 22.58597709399095, 24.07909251798329, 199.52564974559962, 87.47872061328636, 224.54208081279376, 27.444673310209954, 247.43544495405558, 60.17045751405556, 128.18389634380134, 270.43866975859976, 16.276568224526233, 25.3147502868512, 51.96559615625855, 16.544083048759745, 57.85009762006252, 56.18543225814267, 323.9850468892929, 75.5048765197849, 466.6666149763526, 27.19015221961994, 160.14235067405292, 247.22529925616016, 34.33601230483008, 19.13666119208467, 65.71627503177453, 82.42192580294187, 529.4873381097211, 229.47674972389, 11.375951585722042]]"
56,"[[(0, 11), (0, 35), (7, 2), (7, 13), (7, 28), (9, 24), (14, 9), (24, 27), (35, 1), (35, 14), (1, 29), (17, 22), (23, 5), (34, 38), (31, 10), (3, 17), (30, 10), (30, 29), (5, 1), (13, 11), (20, 15), (20, 23), (26, 8), (38, 19), (38, 20), (10, 1), (21, 2), (21, 4), (21, 15), (21, 20), (21, 33), (12, 30), (37, 5), (37, 15), (37, 27)]]","[[194.5217772808559, 413.364384720445, 128.99430419820789, 24.02525551748449, 301.4354691424885, 112.7286005234339, 95.0205047968642, 28.19864001776168, 199.76669395560668, 132.78377238163347, 141.1423489739635, 34.003814724863304, 322.028254367919, 51.95225340194755, 39.63498111619733, 186.026147710397, 8.122347757530484, 15.178710511598872, 62.43235044426633, 24.1287873132997, 46.65653682919333, 56.19791536041253, 419.29182132988296, 77.5276657134107, 276.34036767645307, 41.432271194799895, 209.19703597828925, 251.22363475310215, 33.90635377498577, 14.864299471243497, 13.39827708907696, 92.04074995597136, 738.2146726692846, 227.69792419302644, 16.17199579692266]]"
57,"[[(0, 11), (0, 35), (7, 2), (7, 13), (7, 28), (9, 24), (14, 9), (24, 27), (35, 1), (35, 14), (1, 29), (17, 22), (23, 5), (34, 38), (31, 10), (3, 17), (30, 10), (30, 29), (5, 1), (13, 11), (20, 15), (20, 23), (26, 8), (38, 19), (38, 20), (10, 1), (21, 2), (21, 4), (21, 15), (21, 20), (21, 33), (12, 30), (37, 5), (37, 15), (37, 27)]]","[[71.65139025428692, 424.7558130126675, 70.56976347059917, 21.49891935524694, 342.7302942099337, 99.72080095585703, 16.963736529759785, 11.916517227183334, 160.1966103464261, 108.759574486607, 178.08841864008454, 21.96579919129343, 166.74500545897857, 31.162878369598545, 79.49182869231451, 177.43348513965972, 26.16072772193422, 22.16996711774967, 50.86516360624896, 32.857464293776786, 41.533419932360786, 51.38481114550886, 499.1651641949724, 112.5319542878109, 577.8066448759228, 29.08855158509595, 145.13430473911865, 310.6093317955975, 33.0505779048004, 13.614010661775975, 63.54823825302883, 84.0768577439479, 637.0942826708745, 221.04503980904772, 7.219565321912027]]"
58,"[[(0, 11), (0, 35), (7, 2), (7, 13), (7, 28), (9, 24), (14, 9), (24, 27), (35, 1), (35, 14), (1, 29), (17, 22), (23, 5), (34, 38), (31, 10), (3, 17), (30, 10), (30, 29), (5, 1), (13, 11), (20, 15), (20, 23), (26, 8), (38, 19), (38, 20), (10, 1), (21, 2), (21, 4), (21, 15), (21, 20), (21, 33), (12, 30), (37, 5), (37, 15), (37, 27)]]","[[239.48048786421128, 409.779171531808, 127.63241113829449, 66.08380818846003, 320.6446796715888, 145.00766415364518, 46.37575858351227, 15.49431562838973, 137.16439380240118, 110.18507948801711, 297.1617041864923, 22.610422533955813, 342.73817805359096, 27.28506241131531, 76.78642536164327, 176.86007717920074, 28.24573287678417, 27.849200362847206, 35.01039846605577, 24.513984440306245, 53.714373327931085, 48.04809045149385, 400.66093591400477, 101.86994390321252, 174.58916011268383, 37.59810924288249, 176.60891088818823, 300.21230520827453, 35.95170166833322, 20.934630109857935, 10.904788653717187, 90.03049073212064, 503.4086833560568, 213.6228980334743, 14.607569661088814]]"
59,"[[(0, 11), (0, 35), (7, 2), (7, 13), (7, 28), (9, 24), (14, 9), (24, 27), (35, 1), (35, 14), (1, 29), (17, 22), (23, 5), (34, 38), (31, 10), (3, 17), (30, 10), (30, 29), (5, 1), (13, 11), (20, 15), (20, 23), (26, 8), (38, 19), (38, 20), (10, 1), (21, 2), (21, 4), (21, 15), (21, 20), (21, 33), (12, 30), (37, 5), (37, 15), (37, 27)]]","[[10.242399519257901, 409.0006400246266, 127.59638795597343, 85.58368443302733, 335.0941679151979, 91.48012968123592, 41.58083803805768, 17.885765801439607, 95.53629449768222, 102.46595343241445, 151.7772569034087, 24.002317595453732, 327.32873194594225, 35.509347172929154, 195.6623052110171, 167.57059317948543, 27.750931119655732, 15.436204379601847, 60.42043064896731, 11.99993379395987, 54.11527492309985, 26.71486701242815, 248.71524819195818, 79.68428521771331, 96.33557613662123, 32.637579162284666, 164.48343509532864, 249.90041821746226, 32.30441967896338, 13.10948517984819, 59.250245396427786, 81.47488375487583, 712.9083122858428, 244.93885019318813, 13.12240132975128]]"
60,"[[(0, 11), (0, 35), (7, 2), (7, 13), (7, 28), (9, 24), (14, 9), (24, 27), (35, 1), (35, 14), (1, 29), (17, 22), (23, 5), (34, 38), (31, 10), (3, 17), (30, 10), (30, 29), (5, 1), (13, 11), (20, 15), (20, 23), (26, 8), (38, 19), (38, 20), (10, 1), (21, 2), (21, 4), (21, 15), (21, 20), (21, 33), (12, 30), (37, 5), (37, 15), (37, 27)]]","[[145.9683100214217, 415.3075812103766, 126.58218829676551, 78.77598600295026, 254.75895389358692, 144.5462017229767, 16.445250460608225, 10.45611130951687, 173.5367933598285, 124.08062414543016, 168.87232433559632, 27.633241046742526, 174.38782710792648, 43.00183992011388, 61.30845664868635, 217.08838724067925, 28.529340362852157, 15.674588694888161, 57.069704471103606, 13.665256779202672, 43.07542663530369, 44.217303965313384, 390.0186170304336, 79.00135796960096, 482.7696865159629, 50.48639982944724, 153.9498432215697, 281.6324879769286, 35.0502329765614, 14.578228347994436, 32.22439527369667, 89.55763003020283, 633.4936419794581, 183.81329303666186, 7.322898839274576]]"
61,"[[(0, 11), (0, 35), (7, 2), (7, 13), (7, 28), (9, 24), (14, 9), (24, 27), (35, 1), (35, 14), (1, 29), (17, 22), (23, 5), (34, 38), (31, 10), (3, 17), (30, 10), (30, 29), (5, 1), (13, 11), (20, 15), (20, 23), (26, 8), (38, 19), (38, 20), (10, 1), (21, 2), (21, 4), (21, 15), (21, 20), (21, 33), (12, 30), (37, 5), (37, 15), (37, 27)]]","[[53.665376028254514, 418.17512514849574, 60.487032525903835, 124.69149072845106, 338.55448762264615, 118.60999351182626, 122.65336928496237, 25.03445031838066, 113.58871175704245, 123.18491892089006, 249.6263732705063, 23.379180795344908, 316.1179059546556, 105.67964126874804, 83.77881641180377, 186.84320379592242, 23.395588509154543, 17.53706562789956, 43.443112572082036, 11.552256642407036, 54.51887621992528, 16.0195159970271, 367.9448528994999, 93.52341131256411, 307.2065484117309, 52.2791808778509, 175.21393293309103, 238.70056354807957, 34.5250399429266, 16.53034090189618, 20.521529207842455, 85.10930659961437, 504.09453377434414, 237.0660678312493, 13.212863087909923]]"
62,"[[(0, 11), (0, 35), (7, 2), (7, 13), (7, 28), (9, 24), (14, 9), (24, 27), (35, 1), (35, 14), (1, 29), (17, 22), (23, 5), (34, 38), (31, 10), (3, 17), (30, 10), (30, 29), (5, 1), (13, 11), (20, 15), (20, 23), (26, 8), (38, 19), (38, 20), (10, 1), (21, 2), (21, 4), (21, 15), (21, 20), (21, 33), (12, 30), (37, 5), (37, 15), (37, 27)]]","[[81.81544198504224, 417.78385292430465, 104.550618168435, 126.67443974756611, 374.76920950503865, 146.47153540696706, 90.93124206293672, 18.23903209173821, 122.77485773491419, 110.50541464734502, 288.72765777853306, 25.745312646339833, 274.19187303942067, 47.33690695282587, 98.68340569021223, 194.90118035572777, 11.644325752440785, 12.627678779457638, 61.992204082556604, 20.205616712799582, 47.16230500580095, 42.32163845555445, 436.3118242277311, 86.30198519921832, 33.96920148666409, 58.75460683504622, 227.43651044542077, 271.16861041226963, 34.02277286903937, 20.862405394711807, 20.41520658978902, 82.03910793642243, 457.6482044269352, 212.4056496383338, 6.479314607682644]]"
63,"[[(0, 11), (0, 35), (7, 2), (7, 13), (7, 28), (9, 24), (14, 9), (24, 27), (35, 1), (35, 14), (1, 29), (17, 22), (23, 5), (34, 38), (31, 10), (3, 17), (30, 10), (30, 29), (5, 1), (13, 11), (20, 15), (20, 23), (26, 8), (38, 19), (38, 20), (10, 1), (21, 2), (21, 4), (21, 15), (21, 20), (21, 33), (12, 30), (37, 5), (37, 15), (37, 27)]]","[[113.88343599970739, 424.84047198023165, 68.18505754230219, 104.08325919220181, 274.3719889655273, 158.93333719126153, 58.03088747529076, 17.834219553379846, 160.52875498736788, 97.50469481594999, 158.5663332819541, 23.361055203191178, 272.35790153799496, 105.1828865784857, 158.47679299852754, 237.73308827968594, 2.313347643094365, 20.15172496778366, 67.41384306966074, 16.811345941586225, 44.2891816305811, 32.953713353504014, 337.93556082983145, 70.16412345380348, 145.99923394734108, 32.16991379321371, 223.14166728539823, 283.37825159196564, 33.42071198547997, 13.821644191327929, 72.30347316414027, 82.69843172106448, 467.44046460492353, 172.91350649955487, 15.54041325422353]]"
64,"[[(0, 11), (0, 35), (7, 2), (7, 13), (7, 28), (9, 24), (14, 9), (24, 27), (35, 1), (35, 14), (1, 29), (17, 22), (23, 5), (34, 38), (31, 10), (3, 17), (30, 10), (30, 29), (5, 1), (13, 11), (20, 15), (20, 23), (26, 8), (38, 19), (38, 20), (10, 1), (21, 2), (21, 4), (21, 15), (21, 20), (21, 33), (12, 30), (37, 5), (37, 15), (37, 27)]]","[[45.18430876733149, 418.4163451240963, 83.92178762840487, 7.953791347590105, 231.87360029231456, 129.53115572412275, 33.66968720443677, 26.407187554154063, 137.23417345530473, 134.93685847930595, 225.21961818038565, 21.251515240169986, 169.05949675038886, 44.249590515308356, 202.79333686484605, 284.8440086284303, 27.74684957101408, 20.586944451746156, 46.84246920057131, 32.847897813381124, 40.9898908230627, 51.06851383798227, 361.8474220556901, 90.04735946446674, 331.3447807804669, 50.45939611640082, 146.98485348233697, 283.80743122803506, 33.094579973948406, 18.902482310106297, 14.827030327880355, 89.67478656536007, 506.537959182749, 179.0828746585475, 23.99627263829705]]"
65,"[[(0, 11), (0, 35), (7, 2), (7, 13), (7, 28), (9, 24), (14, 9), (24, 27), (35, 1), (35, 14), (1, 29), (17, 22), (23, 5), (34, 38), (31, 10), (3, 17), (30, 10), (30, 29), (5, 1), (13, 11), (20, 15), (20, 23), (26, 8), (38, 19), (38, 20), (10, 1), (21, 2), (21, 4), (21, 15), (21, 20), (21, 33), (12, 30), (37, 5), (37, 15), (37, 27)]]","[[12.53416783591203, 411.8326230490038, 108.81670065636126, 59.5251753646507, 322.1841057674373, 125.44388288326007, 43.13415724021393, 17.60645323081599, 195.0795276136002, 108.03869104553957, 293.4266379682707, 25.032128206764828, 139.71902982690003, 79.41765549943011, 165.84390430247316, 301.5248207702963, 22.075171019180427, 9.893244635357496, 34.29578055134395, 11.913345062994441, 55.899285673559106, 47.6106705896887, 408.5102313961868, 79.68321204588729, 628.4551271321706, 42.480036260972476, 176.2964333312354, 265.7811427876601, 34.24082691822239, 15.976048110487497, 69.06158937491658, 80.39701902218017, 457.8942729567625, 234.78482772521653, 15.760295654420165]]"
66,"[[(0, 11), (0, 35), (7, 2), (7, 13), (7, 28), (9, 24), (14, 9), (24, 27), (35, 1), (35, 14), (1, 29), (17, 22), (23, 5), (34, 38), (31, 10), (3, 17), (30, 10), (30, 29), (5, 1), (13, 11), (20, 15), (20, 23), (26, 8), (38, 19), (38, 20), (10, 1), (21, 2), (21, 4), (21, 15), (21, 20), (21, 33), (12, 30), (37, 5), (37, 15), (37, 27)]]","[[16.238994609061393, 412.0102413273035, 133.72535628734153, 35.03557106956031, 298.7494130305306, 144.488886987429, 34.7887732954081, 25.498680021093847, 118.74947591015486, 119.06160579848165, 163.77945895228743, 21.69334341612909, 218.83587020555862, 18.644955700144315, 203.19981740301236, 195.46318758822065, 4.48200017240333, 23.833572780603816, 51.78770911034384, 18.22574791489226, 54.35508829983726, 51.021880291248145, 479.9290624601283, 103.7164040867299, 536.0879360352042, 49.884274467448094, 121.17680320285062, 264.9083900713532, 35.89295056084145, 19.16710169944244, 61.36976385666402, 95.2857564777417, 597.6216769919656, 178.65414239789112, 10.32905921638328]]"
67,"[[(0, 11), (0, 35), (7, 2), (7, 13), (7, 28), (9, 24), (14, 9), (24, 27), (35, 1), (35, 14), (1, 29), (17, 22), (23, 5), (34, 38), (31, 10), (3, 17), (30, 10), (30, 29), (5, 1), (13, 11), (20, 15), (20, 23), (26, 8), (38, 19), (38, 20), (10, 1), (21, 2), (21, 4), (21, 15), (21, 20), (21, 33), (12, 30), (37, 5), (37, 15), (37, 27)]]","[[150.68503818551378, 413.67490534225516, 110.19152362019142, 18.997749882172293, 333.8998384187831, 119.6300014529952, 136.42739295720222, 20.875331286646976, 133.77343260033118, 100.11136812468419, 152.39169778353593, 24.310276626429438, 305.7607621163346, 68.7658628636461, 187.60230401886398, 303.44157883730816, 17.795473823156478, 17.081543311792004, 38.699076886552554, 34.91373740366098, 47.268515010888436, 26.6365651298468, 236.2359177945854, 71.17647917660008, 393.1221747584179, 45.12961219029813, 154.38774763901398, 308.61186924542085, 35.786600490779826, 18.78361924609465, 56.37311784105706, 90.05087831838512, 481.68833376330065, 173.85422973305955, 8.80968832292215]]"
68,"[[(0, 11), (0, 35), (7, 2), (7, 13), (7, 28), (9, 24), (14, 9), (24, 27), (35, 1), (35, 14), (1, 29), (17, 22), (23, 5), (34, 38), (31, 10), (3, 17), (30, 10), (30, 29), (5, 1), (13, 11), (20, 15), (20, 23), (26, 8), (38, 19), (38, 20), (10, 1), (21, 2), (21, 4), (21, 15), (21, 20), (21, 33), (12, 30), (37, 5), (37, 15), (37, 27)]]","[[36.037823753224274, 425.67093844357737, 112.89461498401307, 115.49485573012947, 235.65329210017205, 136.26367856410883, 135.61677619511477, 23.879742435790156, 209.84220134679737, 98.2556990850953, 124.40803254638939, 31.832442667337673, 191.014714561622, 93.41584617149815, 89.68662482300098, 179.32253108877785, 11.73225664552277, 8.619319864647917, 73.75942973709334, 18.63075681052061, 47.70904470981498, 53.44216008138262, 480.0299258423085, 84.35119504550914, 649.534334267659, 30.84619815913085, 218.77844381585334, 254.03619076056543, 35.36395920373197, 20.994627731557458, 10.360264020840606, 90.34839799842108, 629.7622670747354, 206.17376427695024, 22.373904221959105]]"
69,"[[(0, 11), (0, 35), (7, 2), (7, 13), (7, 28), (9, 24), (14, 9), (24, 27), (35, 1), (35, 14), (1, 29), (17, 22), (23, 5), (34, 38), (31, 10), (3, 17), (30, 10), (30, 29), (5, 1), (13, 11), (20, 15), (20, 23), (26, 8), (38, 19), (38, 20), (10, 1), (21, 2), (21, 4), (21, 15), (21, 20), (21, 33), (12, 30), (37, 5), (37, 15), (37, 27)]]","[[184.2713263864382, 428.0341864684904, 58.45792015565442, 56.727065906536694, 227.84874271322582, 113.29464175979383, 123.10810326645144, 15.829717431831279, 183.72375386981133, 103.38169710315188, 229.7463283495663, 25.485583186057, 301.8097355013155, 28.690106601032028, 110.6443498660343, 303.0792625964574, 25.761716115442706, 12.842777641468157, 57.439753717844425, 11.902150669830984, 45.94696175756633, 41.721877221772914, 357.69519523050496, 104.53480365707082, 154.77314795781245, 37.201983209003416, 136.02481148529696, 255.57800534191009, 35.943144622992165, 18.348464397149257, 68.8789438423616, 82.79527577972664, 549.8928566133313, 182.3967550239114, 9.89368828291629]]"
70,"[[(0, 11), (0, 35), (7, 2), (7, 13), (7, 28), (9, 24), (14, 9), (24, 27), (35, 1), (35, 14), (1, 29), (17, 22), (23, 5), (34, 38), (31, 10), (3, 17), (30, 10), (30, 29), (5, 1), (13, 11), (20, 15), (20, 23), (26, 8), (38, 19), (38, 20), (10, 1), (21, 2), (21, 4), (21, 15), (21, 20), (21, 33), (12, 30), (37, 5), (37, 15), (37, 27)]]","[[169.52279952002343, 414.13140254216705, 94.32264301758062, 124.70816592852456, 370.2813998937604, 95.15231918992414, 18.00584520142467, 21.620574726340337, 233.53928372557118, 87.97407360009274, 245.04687889156463, 28.229337339876444, 293.71342097745537, 24.07652580326645, 48.447465436809665, 234.79001751729652, 14.786831432412681, 20.374821580433334, 58.364767583807975, 20.73532117216987, 48.1123762222397, 27.268028919851773, 245.9214845762677, 90.6269319409739, 484.43412131985207, 35.98486845067557, 131.33040816030285, 273.71504487724644, 33.17645383201527, 12.77038283021102, 40.76369671443918, 95.19597322479822, 623.1162569502346, 209.4897466706991, 6.361024861373082]]"
71,"[[(0, 11), (0, 35), (7, 2), (7, 13), (7, 28), (9, 24), (14, 9), (24, 27), (35, 1), (35, 14), (1, 29), (17, 22), (23, 5), (34, 38), (31, 10), (3, 17), (30, 10), (30, 29), (5, 1), (13, 11), (20, 15), (20, 23), (26, 8), (38, 19), (38, 20), (10, 1), (21, 2), (21, 4), (21, 15), (21, 20), (21, 33), (12, 30), (37, 5), (37, 15), (37, 27)]]","[[4.007097993490248, 406.9738451334832, 85.51281469799443, 60.45125793207079, 271.95652644453713, 139.31316536828444, 134.42586448438502, 17.739470993904604, 106.97558761369737, 136.98878469019326, 200.7378875576353, 31.457160603699762, 334.62294756947057, 105.848688475466, 179.24202716911196, 184.5832547588048, 18.49924870392686, 27.903888370668863, 38.63673684235492, 15.629250937125345, 59.389838774809505, 44.233037336818484, 477.01445073720123, 65.53375276960351, 373.6662235399191, 52.663781855831985, 174.24566260076756, 243.16996457388345, 33.73387972800942, 13.946767407425769, 62.98609331040223, 83.89282972465936, 522.9432797287591, 217.72138605100338, 17.107485327249737]]"
72,"[[(0, 11), (0, 35), (7, 2), (7, 13), (7, 28), (9, 24), (14, 9), (24, 27), (35, 1), (35, 14), (1, 29), (17, 22), (23, 5), (34, 38), (31, 10), (3, 17), (30, 10), (30, 29), (5, 1), (13, 11), (20, 15), (20, 23), (26, 8), (38, 19), (38, 20), (10, 1), (21, 2), (21, 4), (21, 15), (21, 20), (21, 33), (12, 30), (37, 5), (37, 15), (37, 27)]]","[[100.0811421354093, 427.4377882240421, 62.129746587993395, 44.26022807821039, 235.90413478256875, 147.1107243802809, 131.106327131391, 15.98318195376724, 159.4040538521327, 90.64131591369687, 145.64527521260914, 28.509075335724766, 208.74277341776371, 110.99888738907724, 165.0645294901328, 175.638342440421, 24.43507651699405, 14.513216087707915, 41.16504683777681, 31.087203515480702, 44.310765244382324, 55.472545270601245, 280.8877181866353, 63.070536963849676, 378.5351182274121, 34.38358750890632, 172.23097676795427, 272.7106190540343, 35.58120457868395, 14.437048794898871, 44.424010873697654, 87.05557935608498, 658.3965424430023, 242.53264489881138, 14.250761812311225]]"
73,"[[(0, 11), (0, 35), (7, 2), (7, 13), (7, 28), (9, 24), (14, 9), (24, 27), (35, 1), (35, 14), (1, 29), (17, 22), (23, 5), (34, 38), (31, 10), (3, 17), (30, 10), (30, 29), (5, 1), (13, 11), (20, 15), (20, 23), (26, 8), (38, 19), (38, 20), (10, 1), (21, 2), (21, 4), (21, 15), (21, 20), (21, 33), (12, 30), (37, 5), (37, 15), (37, 27)]]","[[59.91862458727931, 416.1783375825955, 72.10163391899007, 65.3654576127527, 236.4600727423477, 121.02226350618989, 67.23219487081424, 24.587333357351767, 240.2590849381173, 104.27604361521838, 151.03966979199458, 26.362754632116683, 231.37805214607783, 43.294806139699276, 75.50179743811549, 300.11683076537975, 11.219841143634078, 19.54861180098454, 48.170419726525665, 16.52923768876881, 49.35288110844576, 62.12319897377986, 475.9900436100504, 69.94656982266478, 628.1114507954574, 38.85964166140096, 166.52361220824096, 299.1957771750552, 32.134958482354236, 16.749947495235215, 19.211967220887047, 83.88452756206414, 535.0000994602717, 185.89679156798297, 13.244840637538877]]"
74,"[[(0, 11), (0, 35), (7, 2), (7, 13), (7, 28), (9, 24), (14, 9), (24, 27), (35, 1), (35, 14), (1, 29), (17, 22), (23, 5), (34, 38), (31, 10), (3, 17), (30, 10), (30, 29), (5, 1), (13, 11), (20, 15), (20, 23), (26, 8), (38, 19), (38, 20), (10, 1), (21, 2), (21, 4), (21, 15), (21, 20), (21, 33), (12, 30), (37, 5), (37, 15), (37, 27)]]","[[24.957899069326288, 425.74546951701586, 103.38922552394553, 48.41053479314978, 274.46070123201883, 101.45951985112018, 100.12557531965271, 22.17147976924896, 169.13457748284503, 112.68259158625412, 180.1494723059817, 22.10140315089043, 323.5739723523899, 24.688707933313765, 100.51793017996076, 268.89559027364373, 23.397315388668893, 22.024448240903308, 44.80454627526384, 12.764350914740021, 47.50741891513528, 58.57533081822846, 225.87551843255727, 96.16522399223092, 637.9334357959722, 26.41636407558208, 136.3106680203082, 258.4529677547058, 35.44747935523706, 19.855545884588174, 7.736264380102725, 89.91441453606389, 572.7163643555873, 242.14168516629348, 12.47726895354729]]"
75,"[[(0, 11), (0, 35), (7, 2), (7, 13), (7, 28), (9, 24), (14, 9), (24, 27), (35, 1), (35, 14), (1, 29), (17, 22), (23, 5), (34, 38), (31, 10), (3, 17), (30, 10), (30, 29), (5, 1), (13, 11), (20, 15), (20, 23), (26, 8), (38, 19), (38, 20), (10, 1), (21, 2), (21, 4), (21, 15), (21, 20), (21, 33), (12, 30), (37, 5), (37, 15), (37, 27)]]","[[217.974629512026, 429.74987660136645, 135.1991098458382, 57.30549782714877, 330.683018276283, 91.83207484758823, 12.314517326105417, 26.58133533146004, 99.98659397695717, 113.17333719972477, 199.86756934095536, 24.123724429200294, 200.1204348602463, 39.19797329689423, 183.16700913856465, 267.51849609325154, 23.90988282947922, 9.615956197999163, 40.24857774656296, 34.06152310404919, 61.30017176221462, 54.756836191664185, 436.5481512678522, 90.81932560859515, 626.2921828077353, 52.85808501961684, 155.14100322301255, 272.72997358369906, 32.20651097141756, 13.835351089414221, 26.204425708171215, 90.7958575456035, 686.8794834832984, 178.55885524501397, 22.817256337097312]]"
76,"[[(0, 11), (0, 35), (7, 2), (7, 13), (7, 28), (9, 24), (14, 9), (24, 27), (35, 1), (35, 14), (1, 29), (17, 22), (23, 5), (34, 38), (31, 10), (3, 17), (30, 10), (30, 29), (5, 1), (13, 11), (20, 15), (20, 23), (26, 8), (38, 19), (38, 20), (10, 1), (21, 2), (21, 4), (21, 15), (21, 20), (21, 33), (12, 30), (37, 5), (37, 15), (37, 27)]]","[[209.1754461416609, 428.0037350207566, 129.66530403706963, 144.6375756848903, 305.8397294231099, 114.78268338616672, 59.05189110188565, 18.261862742099062, 200.28114823881722, 105.19750247419924, 276.89678901166985, 27.807597086658966, 242.26439939849382, 25.641266765055953, 93.40368135587713, 237.93523691412395, 16.331316748440514, 14.63985584012238, 72.64895099507262, 17.821318035236786, 43.18122647947477, 45.931001974703875, 413.04757181823777, 101.27333183578267, 100.52150114611064, 46.28701198969813, 125.8620312271859, 296.45327488152304, 33.819784629667, 11.622412730683603, 51.873704709958496, 86.87047156245663, 450.01010974398025, 168.52029130778834, 8.583787400693916]]"
77,"[[(0, 11), (0, 35), (7, 2), (7, 13), (7, 28), (9, 24), (14, 9), (24, 27), (35, 1), (35, 14), (1, 29), (17, 22), (23, 5), (34, 38), (31, 10), (3, 17), (30, 10), (30, 29), (5, 1), (13, 11), (20, 15), (20, 23), (26, 8), (38, 19), (38, 20), (10, 1), (21, 2), (21, 4), (21, 15), (21, 20), (21, 33), (12, 30), (37, 5), (37, 15), (37, 27)]]","[[101.09729623974039, 408.89876809249307, 83.9297801994576, 119.81562957781617, 358.40725103769034, 98.60323693280776, 64.27447891516854, 13.12435274220576, 101.95447675968293, 132.2386565036495, 151.7741492501384, 26.785860648774314, 316.6274684927254, 27.48403293756001, 85.28565009549837, 286.8649280823048, 23.52130237397578, 24.250136181270783, 68.28267762299882, 22.386858682293564, 48.987891158714824, 65.13615507048304, 348.3536515860442, 78.31852011108279, 279.36531199352555, 50.74101553922846, 128.44747880709207, 292.5401985826692, 35.02050052569579, 18.62299579887501, 23.754040102913642, 94.71871012500218, 713.2928659989768, 186.3826352966799, 15.11379112662954]]"
78,"[[(0, 11), (0, 35), (7, 2), (7, 13), (7, 28), (9, 24), (14, 9), (24, 27), (35, 1), (35, 14), (1, 29), (17, 22), (23, 5), (34, 38), (31, 10), (3, 17), (30, 10), (30, 29), (5, 1), (13, 11), (20, 15), (20, 23), (26, 8), (38, 19), (38, 20), (10, 1), (21, 2), (21, 4), (21, 15), (21, 20), (21, 33), (12, 30), (37, 5), (37, 15), (37, 27)]]","[[245.89639393821875, 414.75502647256025, 79.12312483309995, 41.871798581773405, 270.1968495353709, 163.02385654625294, 81.92891531726305, 17.273560784374027, 144.36144930465184, 88.68908428451384, 199.89117964752268, 31.160683825705533, 322.42792701543385, 50.128332316033166, 88.64260589564861, 230.6991850534084, 8.344773922630582, 16.808988892239828, 45.650601378076026, 36.31527189150502, 53.54072849374768, 34.570540643963795, 487.2462974810936, 114.95839563248538, 199.86483751826935, 23.860174898319354, 122.99079610371463, 258.7038379473389, 33.316422174645744, 17.63159637034084, 74.31703742006016, 84.56736601357863, 462.4551031598745, 183.7481744709098, 17.984976789133285]]"
79,"[[(0, 11), (0, 35), (7, 2), (7, 13), (7, 28), (9, 24), (14, 9), (24, 27), (35, 1), (35, 14), (1, 29), (17, 22), (23, 5), (34, 38), (31, 10), (3, 17), (30, 10), (30, 29), (5, 1), (13, 11), (20, 15), (20, 23), (26, 8), (38, 19), (38, 20), (10, 1), (21, 2), (21, 4), (21, 15), (21, 20), (21, 33), (12, 30), (37, 5), (37, 15), (37, 27)]]","[[214.07507468980037, 407.31900559922127, 62.706216619851176, 83.87610546466246, 231.9956440665173, 148.77052928012893, 78.85549468400782, 23.91352919941206, 227.8511511658236, 94.6890372621285, 211.71773778368055, 28.7200077836844, 300.6693807891894, 77.89786447975973, 63.72051018541431, 228.35063505717824, 28.310691406160366, 13.655641866528436, 68.7507924094552, 28.992455345104325, 59.44300220409941, 39.10758707979083, 407.81768840024154, 78.57064253968628, 591.5855840044919, 42.60277352691606, 124.78294878129738, 271.8770963550328, 32.88704790244425, 13.462103737169176, 42.86450129040038, 87.63370516361242, 601.76040771415, 212.14707076140624, 22.096070719850886]]"
80,"[[(0, 11), (0, 35), (7, 2), (7, 13), (7, 28), (9, 24), (14, 9), (24, 27), (35, 1), (35, 14), (1, 29), (17, 22), (23, 5), (34, 38), (31, 10), (3, 17), (30, 10), (30, 29), (5, 1), (13, 11), (20, 15), (20, 23), (26, 8), (38, 19), (38, 20), (10, 1), (21, 2), (21, 4), (21, 15), (21, 20), (21, 33), (12, 30), (37, 5), (37, 15), (37, 27)]]","[[195.54990183364612, 413.18911853943945, 89.01022912838842, 25.011472278856097, 344.8748969604967, 129.93793200327144, 22.770894956646433, 24.472036470095876, 129.46414918529277, 132.7852175587022, 166.04523593834097, 21.77798656772498, 343.57327169790926, 44.672896761764214, 45.654160586846274, 233.21942607495998, 11.405102252432751, 25.689807559017954, 51.815173181672854, 18.14949623019627, 43.72802976216613, 53.80915346029481, 443.862444157763, 74.42554223975459, 246.72298515156243, 45.78798266412454, 134.29110687987725, 260.56656095277214, 33.80199483676765, 13.616459686872668, 10.654301717699527, 89.28320117850578, 507.0390866367277, 236.62889156142955, 23.073076677404803]]"
81,"[[(0, 11), (0, 35), (7, 2), (7, 13), (7, 28), (9, 24), (14, 9), (24, 27), (35, 1), (35, 14), (1, 29), (17, 22), (23, 5), (34, 38), (31, 10), (3, 17), (30, 10), (30, 29), (5, 1), (13, 11), (20, 15), (20, 23), (26, 8), (38, 19), (38, 20), (10, 1), (21, 2), (21, 4), (21, 15), (21, 20), (21, 33), (12, 30), (37, 5), (37, 15), (37, 27)]]","[[9.174185106071462, 409.0903276977967, 130.6134386470436, 18.98063666378798, 312.1468535091375, 122.17512062282958, 36.21351615040534, 24.54053892344735, 206.46548276694432, 137.8101842177499, 210.5560592462246, 29.734742609713905, 300.5204959684012, 26.29702059065039, 138.29386172981555, 273.69846908718694, 15.833197160464767, 23.130626506941574, 66.86217278241071, 30.456217484824837, 45.11151745468233, 21.866864668256163, 302.24750125254997, 118.37717408140628, 617.0836443012032, 48.61471342682681, 143.12062684282725, 282.3207705870305, 34.324118473861844, 20.102172252608433, 22.76709095786432, 93.04292879111391, 588.8792998682784, 188.99346932415793, 21.819547254672727]]"
82,"[[(0, 11), (0, 35), (7, 2), (7, 13), (7, 28), (9, 24), (14, 9), (24, 27), (35, 1), (35, 14), (1, 29), (17, 22), (23, 5), (34, 38), (31, 10), (3, 17), (30, 10), (30, 29), (5, 1), (13, 11), (20, 15), (20, 23), (26, 8), (38, 19), (38, 20), (10, 1), (21, 2), (21, 4), (21, 15), (21, 20), (21, 33), (12, 30), (37, 5), (37, 15), (37, 27)]]","[[185.93259775214702, 411.0300698199916, 102.50535658146694, 130.19185528056104, 227.51912773844364, 134.5520700544278, 54.37169045093151, 12.551025731214274, 112.1514308460639, 126.79394488929864, 286.94801718528333, 30.77711619220915, 206.93399598728166, 29.139034387650582, 32.30740695575994, 272.966581996428, 14.331755517021932, 8.441408428406174, 53.97937204993734, 22.52111376646288, 52.15280593479536, 35.834804827546904, 428.56410863378494, 105.4582300134399, 390.73692334867053, 54.88805003620058, 209.26976579182696, 296.1466510102778, 33.369481324243196, 19.447380754030565, 74.15519701194565, 87.82522683954643, 485.45790978782355, 214.73136304893953, 19.164565298475956]]"
83,"[[(0, 11), (0, 35), (7, 2), (7, 13), (7, 28), (9, 24), (14, 9), (24, 27), (35, 1), (35, 14), (1, 29), (17, 22), (23, 5), (34, 38), (31, 10), (3, 17), (30, 10), (30, 29), (5, 1), (13, 11), (20, 15), (20, 23), (26, 8), (38, 19), (38, 20), (10, 1), (21, 2), (21, 4), (21, 15), (21, 20), (21, 33), (12, 30), (37, 5), (37, 15), (37, 27)]]","[[91.86168985157525, 408.3331806947722, 106.56026974349814, 106.5589327309632, 259.000300171374, 159.79349922960753, 26.06484270819204, 22.704357553003646, 184.68341099703832, 130.35356154659246, 197.17602491599604, 33.193170279341516, 197.60777442421931, 56.59969977362878, 62.16696743085589, 284.09083794055505, 27.486432689370183, 8.307803744078628, 74.39887260203896, 21.268220247874382, 60.93204436418597, 16.05207893835509, 265.17751024373206, 111.31143524090693, 34.311590144964676, 46.45759982220759, 205.59310486013035, 238.74948052034847, 32.341534722895815, 12.090950216836648, 38.40230687968846, 89.65229289916647, 701.7557267869854, 214.85481704340668, 13.086951868058886]]"
84,"[[(0, 11), (0, 35), (7, 2), (7, 13), (7, 28), (9, 24), (14, 9), (24, 27), (35, 1), (35, 14), (1, 29), (17, 22), (23, 5), (34, 38), (31, 10), (3, 17), (30, 10), (30, 29), (5, 1), (13, 11), (20, 15), (20, 23), (26, 8), (38, 19), (38, 20), (10, 1), (21, 2), (21, 4), (21, 15), (21, 20), (21, 33), (12, 30), (37, 5), (37, 15), (37, 27)]]","[[197.46158757598545, 415.08604669926325, 89.68634460687437, 76.69762614268825, 250.80376146525944, 148.28867183275466, 50.26363528947497, 13.261647831583666, 155.5119272624246, 134.85901116993702, 209.73515455205745, 24.694697652567925, 344.4189106253025, 96.15752957542159, 58.503987258121484, 305.7735361842194, 4.688040044781348, 8.650458283012142, 44.24080939034543, 29.465205849969493, 45.405885238201904, 17.24164021919911, 330.09434790214596, 95.89855780342441, 309.3004307511326, 24.21834385945499, 138.53145745518302, 260.14542543684547, 32.90477565712162, 16.774167972334837, 55.54891893988469, 89.42131092141207, 581.1849934356902, 174.02869872002321, 23.350940742091307]]"
85,"[[(0, 11), (0, 35), (7, 2), (7, 13), (7, 28), (9, 24), (14, 9), (24, 27), (35, 1), (35, 14), (1, 29), (17, 22), (23, 5), (34, 38), (31, 10), (3, 17), (30, 10), (30, 29), (5, 1), (13, 11), (20, 15), (20, 23), (26, 8), (38, 19), (38, 20), (10, 1), (21, 2), (21, 4), (21, 15), (21, 20), (21, 33), (12, 30), (37, 5), (37, 15), (37, 27)]]","[[176.88499288671156, 410.4350911086302, 135.4774766898703, 30.37438434459, 333.60421800476263, 125.19083895075423, 121.37411892912858, 15.384196862063371, 191.4541990462963, 115.03840851447242, 209.26342457308812, 29.56686500665114, 285.52614248488703, 105.14890954978792, 75.73074998257466, 255.7483105856167, 27.130930295687943, 12.26393574654196, 53.32437225347549, 19.575380970066778, 59.05033460376593, 63.64335824633662, 363.0789289965125, 85.47124072509473, 572.8936028823383, 46.00262900822119, 120.0781657194333, 312.2236295126305, 33.36449004551291, 14.24780819432582, 40.45858604217648, 81.09676220331498, 651.1461724944871, 192.2409334552779, 23.804496914593955]]"
86,"[[(0, 11), (0, 35), (7, 2), (7, 13), (7, 28), (9, 24), (14, 9), (24, 27), (35, 1), (35, 14), (1, 29), (17, 22), (23, 5), (34, 38), (31, 10), (3, 17), (30, 10), (30, 29), (5, 1), (13, 11), (20, 15), (20, 23), (26, 8), (38, 19), (38, 20), (10, 1), (21, 2), (21, 4), (21, 15), (21, 20), (21, 33), (12, 30), (37, 5), (37, 15), (37, 27)]]","[[120.37883275289366, 407.27481319280946, 53.04982286781489, 18.70174981041932, 228.79371410833124, 126.92108953172382, 14.74540602351957, 27.407061548452983, 150.63910373695322, 103.7654989614131, 266.4456080212217, 29.04788643912558, 262.21667953787477, 84.5380404680683, 66.98676746912194, 171.2420924217842, 24.030562096872288, 9.795408795421585, 38.01551735722644, 24.446189849960625, 49.45489912108586, 59.1183145632532, 276.5595352813717, 118.45351344641105, 486.5154862749173, 44.95415952453894, 226.649872467949, 256.231153117055, 35.254181977074865, 14.168597700203378, 26.874648053865204, 92.00541103130742, 461.59400543733705, 238.49915019247925, 20.71930955211751]]"
87,"[[(0, 11), (0, 35), (7, 2), (7, 13), (7, 28), (9, 24), (14, 9), (24, 27), (35, 1), (35, 14), (1, 29), (17, 22), (23, 5), (34, 38), (31, 10), (3, 17), (30, 10), (30, 29), (5, 1), (13, 11), (20, 15), (20, 23), (26, 8), (38, 19), (38, 20), (10, 1), (21, 2), (21, 4), (21, 15), (21, 20), (21, 33), (12, 30), (37, 5), (37, 15), (37, 27)]]","[[105.72378255198754, 407.55028168649267, 95.05741264820327, 143.08773908407562, 274.2095936183105, 123.35299042820239, 84.65535228420649, 15.933142539551504, 189.6132355355806, 135.9869751719711, 196.25920092953, 22.029863816620622, 281.2091861369144, 34.46188701640346, 107.56065185296698, 238.81934046113187, 28.016242100659106, 15.384224609834913, 72.45879146019823, 13.968069115549477, 42.86520471880732, 35.31522687746855, 399.77532441083486, 88.3510649760062, 390.12401764042977, 19.285381876798983, 208.67114174238566, 257.4730451444959, 33.819066643416505, 19.73441529757138, 14.085329272514013, 81.25189129621984, 657.001173632778, 173.68314619518276, 20.363187225154064]]"
88,"[[(0, 11), (0, 35), (7, 2), (7, 13), (7, 28), (9, 24), (14, 9), (24, 27), (35, 1), (35, 14), (1, 29), (17, 22), (23, 5), (34, 38), (31, 10), (3, 17), (30, 10), (30, 29), (5, 1), (13, 11), (20, 15), (20, 23), (26, 8), (38, 19), (38, 20), (10, 1), (21, 2), (21, 4), (21, 15), (21, 20), (21, 33), (12, 30), (37, 5), (37, 15), (37, 27)]]","[[158.59432459037907, 411.70330927638895, 140.41750832540453, 70.244570999287, 244.73850250583723, 155.45944263672385, 60.56023552011248, 23.87462798977448, 194.41707525184205, 136.2206476772913, 225.75274682025204, 25.49258970215964, 307.56791542941323, 36.42742294370258, 170.41290923201214, 183.7855635473355, 23.140932379737798, 23.66958867773076, 51.835410405613146, 12.445358037121022, 63.99290218996252, 66.90444424522552, 473.35722780821436, 98.97085581304354, 479.7971957729493, 43.562929346947406, 125.00858674327415, 272.15320834551665, 33.68891456710393, 18.447637889848508, 47.2933281983576, 93.95728357195689, 497.26861476310955, 205.23090504793467, 16.683052652740987]]"
89,"[[(0, 11), (0, 35), (7, 2), (7, 13), (7, 28), (9, 24), (14, 9), (24, 27), (35, 1), (35, 14), (1, 29), (17, 22), (23, 5), (34, 38), (31, 10), (3, 17), (30, 10), (30, 29), (5, 1), (13, 11), (20, 15), (20, 23), (26, 8), (38, 19), (38, 20), (10, 1), (21, 2), (21, 4), (21, 15), (21, 20), (21, 33), (12, 30), (37, 5), (37, 15), (37, 27)]]","[[90.14568495898519, 415.2219611978031, 141.43283377765985, 85.40170606417934, 275.775428073062, 153.4316843593707, 36.26220458997686, 23.085340212138924, 132.1985384995159, 85.69042942809963, 123.8438585040319, 25.731594726390114, 245.40475430559806, 34.574018099155, 198.14875510296287, 307.72687186197606, 3.1644276896319257, 24.06331908648319, 37.01020222594701, 21.751706014732562, 53.755600280570626, 69.37035290245572, 338.91341859780005, 115.53031941369504, 164.88011408922333, 32.71629123371465, 221.6915700281951, 301.6562594646737, 33.075931781406496, 16.08135068387834, 60.22485906851218, 87.54212252765038, 663.8059376899249, 180.94913969234182, 21.50617970201249]]"
90,"[[(0, 11), (0, 35), (7, 2), (7, 13), (7, 28), (9, 24), (14, 9), (24, 27), (35, 1), (35, 14), (1, 29), (17, 22), (23, 5), (34, 38), (31, 10), (3, 17), (30, 10), (30, 29), (5, 1), (13, 11), (20, 15), (20, 23), (26, 8), (38, 19), (38, 20), (10, 1), (21, 2), (21, 4), (21, 15), (21, 20), (21, 33), (12, 30), (37, 5), (37, 15), (37, 27)]]","[[119.0168768614457, 409.47741527609213, 53.493780659419556, 120.24608716402864, 249.47929233240697, 116.05992230333091, 116.37626798389608, 21.354705334555717, 155.9916048185342, 105.74107746291965, 253.6155354042207, 21.11348452901924, 163.0041795651298, 20.472842880967203, 151.2793933273942, 271.7564251360285, 15.526083607791627, 19.595869433739644, 58.253012913867806, 11.240972051255923, 60.9231795353073, 38.247648175467326, 211.40608568803762, 100.13483559217649, 449.1447122480598, 42.029793451965396, 137.80978991871322, 268.87013939226387, 34.47739084287492, 15.49603874981674, 52.886182164606396, 80.83791732463445, 721.7420175738199, 207.25977309018822, 19.672963453603536]]"
91,"[[(0, 11), (0, 35), (7, 2), (7, 13), (7, 28), (9, 24), (14, 9), (24, 27), (35, 1), (35, 14), (1, 29), (17, 22), (23, 5), (34, 38), (31, 10), (3, 17), (30, 10), (30, 29), (5, 1), (13, 11), (20, 15), (20, 23), (26, 8), (38, 19), (38, 20), (10, 1), (21, 2), (21, 4), (21, 15), (21, 20), (21, 33), (12, 30), (37, 5), (37, 15), (37, 27)]]","[[44.875314126514894, 418.19996560738946, 106.74485863704683, 140.94256765995232, 357.1393447711098, 137.61160752910024, 38.05927483787453, 24.142735033979243, 236.87871553330356, 117.08156252715037, 135.90500089006918, 27.757439401336388, 215.93880589606562, 36.050683034970426, 150.04018011744853, 211.70633648275108, 25.213872232492715, 23.176725069421217, 74.61202928901352, 32.87196550947618, 41.939472835617195, 23.03909091286424, 302.77968254771906, 114.38221319682437, 282.6826284314321, 27.36915314030697, 152.9238564685356, 257.7194534552793, 35.9012800724982, 15.986301645018122, 14.938172951459064, 88.84926394400193, 563.3253078371042, 244.3022820044434, 14.94054630086001]]"
92,"[[(0, 11), (0, 35), (7, 2), (7, 13), (7, 28), (9, 24), (14, 9), (24, 27), (35, 1), (35, 14), (1, 29), (17, 22), (23, 5), (34, 38), (31, 10), (3, 17), (30, 10), (30, 29), (5, 1), (13, 11), (20, 15), (20, 23), (26, 8), (38, 19), (38, 20), (10, 1), (21, 2), (21, 4), (21, 15), (21, 20), (21, 33), (12, 30), (37, 5), (37, 15), (37, 27)]]","[[119.69819793012863, 414.20061519523074, 134.0018509438096, 120.15796017754067, 352.3061759492212, 148.09473639742242, 142.19748998599925, 29.207150046875796, 128.58695832095592, 114.28588879554675, 184.2902100557093, 29.236668588675073, 143.82765744071446, 69.64344510278687, 162.35402528458158, 224.27320144318298, 23.956477983706293, 21.74313158236985, 57.71375798752092, 20.126514510762902, 57.78194617467382, 30.19942534255183, 252.7169905218352, 71.7891174435475, 398.4099745447982, 55.74515554204649, 186.49930989415793, 273.2555439939771, 35.658034566149624, 20.86081013120276, 57.80710432832905, 94.73387182703036, 616.1258001779061, 241.1096516791464, 8.678658780826222]]"
93,"[[(0, 11), (0, 35), (7, 2), (7, 13), (7, 28), (9, 24), (14, 9), (24, 27), (35, 1), (35, 14), (1, 29), (17, 22), (23, 5), (34, 38), (31, 10), (3, 17), (30, 10), (30, 29), (5, 1), (13, 11), (20, 15), (20, 23), (26, 8), (38, 19), (38, 20), (10, 1), (21, 2), (21, 4), (21, 15), (21, 20), (21, 33), (12, 30), (37, 5), (37, 15), (37, 27)]]","[[18.177402369038248, 415.88426411725777, 118.95984403699133, 37.745638958777754, 232.34128250624062, 106.90738490769527, 17.55251174588461, 28.84457363225286, 103.29691959337956, 125.456194604818, 256.6028426693184, 34.00966403896205, 143.42775955431424, 35.357118332406806, 37.59214188210428, 251.9013210829847, 24.444215879202158, 11.078993964873781, 34.652108714377675, 28.31219531101143, 62.98622617860409, 40.7771343801125, 335.7179860106545, 78.94922465792538, 575.757601431748, 57.27696745154284, 174.27581087048486, 260.9540826387308, 34.504792142864446, 17.414838962682747, 44.53735653569974, 93.24207242742175, 729.8226177007541, 238.3429266672879, 20.653544464604344]]"
94,"[[(0, 11), (0, 35), (7, 2), (7, 13), (7, 28), (9, 24), (14, 9), (24, 27), (35, 1), (35, 14), (1, 29), (17, 22), (23, 5), (34, 38), (31, 10), (3, 17), (30, 10), (30, 29), (5, 1), (13, 11), (20, 15), (20, 23), (26, 8), (38, 19), (38, 20), (10, 1), (21, 2), (21, 4), (21, 15), (21, 20), (21, 33), (12, 30), (37, 5), (37, 15), (37, 27)]]","[[54.23110135754774, 410.5994189229394, 122.33264734889838, 39.47319828451824, 279.34291672599335, 148.60262787240055, 32.38481506623478, 28.04440778617811, 128.33830722975617, 91.78231091388079, 155.43906352082973, 34.25508939354724, 207.3427490173787, 35.41908142163521, 135.90693303152386, 293.50770252626927, 26.519731633820477, 11.887023471885488, 49.48835616460569, 24.127491759124815, 50.91640073667929, 30.548187343767854, 443.18178515766886, 71.89215502114905, 161.70536626062702, 48.34501722964331, 207.0720353352337, 251.89568528382574, 35.74700465361302, 11.375264821817911, 57.21591467228015, 95.1221085495627, 623.4092155578055, 206.22504274520475, 14.953556268531665]]"
95,"[[(0, 11), (0, 35), (7, 2), (7, 13), (7, 28), (9, 24), (14, 9), (24, 27), (35, 1), (35, 14), (1, 29), (17, 22), (23, 5), (34, 38), (31, 10), (3, 17), (30, 10), (30, 29), (5, 1), (13, 11), (20, 15), (20, 23), (26, 8), (38, 19), (38, 20), (10, 1), (21, 2), (21, 4), (21, 15), (21, 20), (21, 33), (12, 30), (37, 5), (37, 15), (37, 27)]]","[[177.13973516646797, 408.5858706297165, 96.74373663247587, 78.0910152655167, 246.36030911489001, 106.26306197291946, 48.748456586196724, 21.81541010692311, 206.13527462715822, 86.42851990362811, 221.25104187195245, 32.7142383112419, 217.17762256829778, 79.48224831770776, 80.31952696598881, 271.43670283864, 2.2261306264184326, 19.80063899667319, 60.58542694165921, 13.09607437132873, 59.66208728259736, 63.784047342996125, 244.0352368820959, 110.61984768084618, 324.29587734031816, 29.542860054636122, 227.71263404391988, 242.7563557529982, 35.40007375635615, 12.960430045726891, 17.592549963613344, 92.59370000178798, 479.531672166377, 164.88627511011518, 15.93396765164706]]"
96,"[[(0, 11), (0, 35), (7, 2), (7, 13), (7, 28), (9, 24), (14, 9), (24, 27), (35, 1), (35, 14), (1, 29), (17, 22), (23, 5), (34, 38), (31, 10), (3, 17), (30, 10), (30, 29), (5, 1), (13, 11), (20, 15), (20, 23), (26, 8), (38, 19), (38, 20), (10, 1), (21, 2), (21, 4), (21, 15), (21, 20), (21, 33), (12, 30), (37, 5), (37, 15), (37, 27)]]","[[17.512385579661895, 421.20754775867016, 78.6581814230546, 32.16334575001106, 292.86675206370336, 120.66384071811186, 60.69953333188443, 23.438102046487522, 187.5429432181237, 130.03844902884998, 136.66640933274238, 21.45229256749648, 350.63105107804665, 49.5791419162124, 32.25959059520254, 252.28922029039495, 3.050634586678135, 19.559513202071813, 59.31859768744857, 21.96976253063362, 45.71763276202532, 26.543954357454535, 369.8007840475092, 81.16142771050994, 563.8970153335852, 55.72877107814991, 186.22262838025446, 306.63326090442763, 34.60176750653662, 15.048255575422308, 54.93802496509985, 91.83421243885633, 610.0924861543546, 241.9707881974291, 6.360257413027215]]"
97,"[[(0, 11), (0, 35), (7, 2), (7, 13), (7, 28), (9, 24), (14, 9), (24, 27), (35, 1), (35, 14), (1, 29), (17, 22), (23, 5), (34, 38), (31, 10), (3, 17), (30, 10), (30, 29), (5, 1), (13, 11), (20, 15), (20, 23), (26, 8), (38, 19), (38, 20), (10, 1), (21, 2), (21, 4), (21, 15), (21, 20), (21, 33), (12, 30), (37, 5), (37, 15), (37, 27)]]","[[73.36475885877329, 424.10337341208646, 81.89973281465137, 88.23776888913427, 335.1956539066823, 97.01029813130955, 101.80120038728701, 21.63315244106549, 118.75803907325299, 94.77467657189183, 266.6689121043985, 31.786103674018435, 312.5796805032082, 52.16439026642217, 59.384259578121586, 185.51277064750965, 16.674618021016467, 8.712783077711501, 74.05133599118676, 28.13035922659136, 50.63606005488086, 21.134140589497683, 478.0551045774267, 116.14881877282346, 338.82503938900084, 45.4247977642619, 171.24712574460276, 295.7683399628456, 34.39774871722146, 11.255372410819461, 58.126100067861906, 82.4551595432925, 526.343377581936, 180.35909894759297, 23.80472233350829]]"
98,"[[(0, 11), (0, 35), (7, 2), (7, 13), (7, 28), (9, 24), (14, 9), (24, 27), (35, 1), (35, 14), (1, 29), (17, 22), (23, 5), (34, 38), (31, 10), (3, 17), (30, 10), (30, 29), (5, 1), (13, 11), (20, 15), (20, 23), (26, 8), (38, 19), (38, 20), (10, 1), (21, 2), (21, 4), (21, 15), (21, 20), (21, 33), (12, 30), (37, 5), (37, 15), (37, 27)]]","[[135.61585889220774, 407.67428636350627, 119.59889820562225, 98.34666746252663, 337.59735993594757, 142.2231144969158, 115.50143598732265, 29.277100685472913, 130.09246716294717, 92.06047040509493, 286.8425543890021, 27.10835111204847, 295.2697569052248, 67.01236654335821, 134.7873488362648, 259.07725992349293, 17.86478840692942, 9.62404200396514, 70.71405272158447, 25.615774004124994, 46.40487006759357, 15.630689121286187, 374.34676264642155, 81.84848706123915, 148.87602949324412, 29.69883825477702, 153.61112329059353, 239.34624571994266, 34.21933526991526, 17.32748720263153, 43.82789358080473, 84.93797694639036, 640.0837454767302, 190.65937762864237, 14.051894156221936]]"
99,"[[(0, 11), (0, 35), (7, 2), (7, 13), (7, 28), (9, 24), (14, 9), (24, 27), (35, 1), (35, 14), (1, 29), (17, 22), (23, 5), (34, 38), (31, 10), (3, 17), (30, 10), (30, 29), (5, 1), (13, 11), (20, 15), (20, 23), (26, 8), (38, 19), (38, 20), (10, 1), (21, 2), (21, 4), (21, 15), (21, 20), (21, 33), (12, 30), (37, 5), (37, 15), (37, 27)]]","[[29.7175072621593, 415.3075566346948, 128.8724820273352, 119.67252710693151, 293.4382959396604, 131.74173619356736, 11.397878286277537, 11.142585550858113, 187.86821475433987, 129.0698823650622, 275.84432085473105, 31.047151201579133, 342.65240415698827, 42.64352371550318, 40.88987462153226, 294.4977047460592, 18.109207678086353, 20.005805994427142, 47.50069238811993, 26.0032821492356, 40.315088631871184, 67.40533749336159, 424.06509232667713, 67.2356954492747, 562.8918994811105, 41.36972394545282, 145.46961682738007, 255.9291735234117, 32.69927625805965, 16.51557611621024, 36.35621476410494, 94.31480711324627, 562.2976035815929, 229.32082809667025, 24.412081034531326]]"
