scene,edge,cost
0,"[[(0, 46), (3, 2), (48, 3), (1, 29), (15, 17), (15, 34), (29, 8), (34, 22), (7, 24), (12, 39), (18, 7), (21, 3), (39, 17), (39, 21), (24, 29), (24, 46), (17, 1), (17, 16), (25, 16), (47, 34), (37, 24), (37, 30), (42, 30), (26, 47), (36, 8), (10, 33), (33, 21), (33, 22), (33, 37), (16, 23), (27, 23), (27, 39), (22, 16), (22, 17), (22, 25)]]","[[356.94553908850406, 4.561057721379171, 894.6769238651292, 149.1414508963268, 5.625553538016861, 318.3380868221034, 315.87895529477197, 258.43061511793417, 181.1067772287245, 221.7824170260032, 71.28030943260083, 192.81560745973127, 519.5488003671774, 270.5101893463924, 93.8152277679971, 197.7315678095902, 145.66563237109006, 5.983522408498101, 4.991504629191626, 58.53550234678677, 84.96923334052539, 177.0717099330636, 18.145568181286624, 285.0018312690562, 694.2232257811077, 28.4488842990053, 82.86050039336267, 207.75868271047284, 36.88802580619391, 43.75963360267241, 36.203260665495165, 257.1827083512644, 43.33364272737289, 36.64422445140306, 18.041203712244535]]"
1,"[[(0, 46), (3, 2), (48, 3), (1, 29), (15, 17), (15, 34), (29, 8), (34, 22), (7, 24), (12, 39), (18, 7), (21, 3), (39, 17), (39, 21), (24, 29), (24, 46), (17, 1), (17, 16), (25, 16), (47, 34), (37, 24), (37, 30), (42, 30), (26, 47), (36, 8), (10, 33), (33, 21), (33, 22), (33, 37), (16, 23), (27, 23), (27, 39), (22, 16), (22, 17), (22, 25)]]","[[269.66255983161363, 4.920342866606419, 1202.5162126031564, 160.39991262163488, 4.161167511651759, 210.72779507830373, 318.53850335847534, 271.8235584956701, 161.29496875772344, 172.4390406403379, 75.53007301690081, 498.10094980507625, 390.0514672201067, 241.98305690519786, 87.40688335938653, 30.981453117362893, 143.68266274264812, 5.939589463637406, 8.729865173014147, 98.30856258588766, 98.50734365371969, 174.29224464886087, 16.796269390879214, 128.74095269781168, 448.7217118005091, 33.67180286320014, 219.4549500307164, 203.06634996865483, 11.733740174328696, 66.30931409469302, 50.69502370031477, 97.53446548739029, 31.50001170440019, 17.80540564324277, 23.290425094562615]]"
2,"[[(0, 46), (3, 2), (48, 3), (1, 29), (15, 17), (15, 34), (29, 8), (34, 22), (7, 24), (12, 39), (18, 7), (21, 3), (39, 17), (39, 21), (24, 29), (24, 46), (17, 1), (17, 16), (25, 16), (47, 34), (37, 24), (37, 30), (42, 30), (26, 47), (36, 8), (10, 33), (33, 21), (33, 22), (33, 37), (16, 23), (27, 23), (27, 39), (22, 16), (22, 17), (22, 25)]]","[[346.7394725148152, 5.207065535680932, 1189.3427654630739, 163.37308008233708, 5.024091973987442, 261.1131143879178, 294.55569482725036, 263.7743201696167, 170.4592313227676, 221.24109347811265, 47.69306943067282, 468.26896114377047, 369.98305526378283, 251.31072053255872, 88.4749036088493, 201.6904691170976, 152.40637229014519, 5.798583986750179, 5.155837307609734, 100.54608758278651, 111.56637107694888, 56.814390455014774, 3.3053717212070244, 317.3663929838367, 557.5860343916934, 29.996415227915662, 48.63311293234214, 192.88940235739796, 19.673887327428176, 53.45968159109796, 34.29073381829314, 227.78002241947544, 50.21038255271368, 15.254715954828523, 13.213257668787561]]"
3,"[[(0, 46), (3, 2), (48, 3), (1, 29), (15, 17), (15, 34), (29, 8), (34, 22), (7, 24), (12, 39), (18, 7), (21, 3), (39, 17), (39, 21), (24, 29), (24, 46), (17, 1), (17, 16), (25, 16), (47, 34), (37, 24), (37, 30), (42, 30), (26, 47), (36, 8), (10, 33), (33, 21), (33, 22), (33, 37), (16, 23), (27, 23), (27, 39), (22, 16), (22, 17), (22, 25)]]","[[428.250321910431, 4.508756232107405, 646.9125867480011, 166.39637870792447, 5.765647872536263, 494.62111204741177, 287.97117259129016, 244.47561931863433, 192.66249130965429, 182.64014407764776, 78.65434597770573, 416.31334570824896, 283.6761383755685, 256.2362990162452, 68.55844788797374, 190.23854941805297, 167.1126364304552, 5.420322919227276, 5.202077799130156, 102.41852863372202, 113.6789102665866, 158.5992228885768, 14.67223405037874, 72.93443993506855, 517.1052200501006, 39.67999184309226, 268.241676621695, 203.46165157029532, 36.11713366582016, 58.10172330556441, 47.7509175292785, 191.84816302856984, 32.861401268331825, 121.69006855709785, 19.3089301303277]]"
4,"[[(0, 46), (3, 2), (48, 3), (1, 29), (15, 17), (15, 34), (29, 8), (34, 22), (7, 24), (12, 39), (18, 7), (21, 3), (39, 17), (39, 21), (24, 29), (24, 46), (17, 1), (17, 16), (25, 16), (47, 34), (37, 24), (37, 30), (42, 30), (26, 47), (36, 8), (10, 33), (33, 21), (33, 22), (33, 37), (16, 23), (27, 23), (27, 39), (22, 16), (22, 17), (22, 25)]]","[[701.0160917932284, 4.727055274804517, 1221.7502076436808, 213.04196939705423, 6.616559585768684, 243.49511222145668, 278.8114361056183, 255.98185685883732, 161.90241617763348, 189.09077870849134, 82.46167505178477, 152.07694172030236, 297.3101196661285, 188.31684894680558, 74.71189913801028, 42.44552395657944, 161.0624906777041, 5.168681469595217, 3.0480150619390782, 134.62219040195347, 104.84077343873399, 125.37147542250277, 14.742591420331816, 242.05386661978625, 467.48505912814466, 34.13499415910035, 159.90755286532823, 199.80751690409755, 19.92031757871962, 68.77981452532092, 53.79719583428439, 116.70838847152815, 31.185349232402206, 82.41009074346682, 9.424310694262646]]"
5,"[[(0, 46), (3, 2), (48, 3), (1, 29), (15, 17), (15, 34), (29, 8), (34, 22), (7, 24), (12, 39), (18, 7), (21, 3), (39, 17), (39, 21), (24, 29), (24, 46), (17, 1), (17, 16), (25, 16), (47, 34), (37, 24), (37, 30), (42, 30), (26, 47), (36, 8), (10, 33), (33, 21), (33, 22), (33, 37), (16, 23), (27, 23), (27, 39), (22, 16), (22, 17), (22, 25)]]","[[754.778302442473, 5.037047106464488, 610.43367780505, 182.3522689848739, 6.169964218850796, 221.1911874836079, 307.37643942473227, 218.121324889226, 159.0109976913393, 177.25136940781158, 76.42511761586753, 172.97339572734347, 315.70066948845977, 219.0555797203662, 93.50628614931635, 54.35879560470255, 153.0710653978543, 5.99302036134869, 10.204853119801061, 7.161775386402084, 104.27628533672271, 82.24826317607295, 13.226505582226888, 184.17018074635212, 404.77735204319004, 39.85377650753716, 258.3552549234534, 177.68216715123737, 45.44767945540815, 65.29729941624052, 38.44710435860959, 175.64833333122255, 35.98974429435363, 134.70012363167103, 15.436024629288429]]"
6,"[[(0, 46), (3, 2), (48, 3), (1, 29), (15, 17), (15, 34), (29, 8), (34, 22), (7, 24), (12, 39), (18, 7), (21, 3), (39, 17), (39, 21), (24, 29), (24, 46), (17, 1), (17, 16), (25, 16), (47, 34), (37, 24), (37, 30), (42, 30), (26, 47), (36, 8), (10, 33), (33, 21), (33, 22), (33, 37), (16, 23), (27, 23), (27, 39), (22, 16), (22, 17), (22, 25)]]","[[593.579849107068, 5.461753843041764, 891.448366349776, 189.51238534974232, 7.711283133290797, 374.08568236063417, 319.06206233521795, 215.1263593312903, 158.36338371562815, 212.77427720519523, 67.86752941873506, 265.5347041781317, 427.6806750262129, 210.2607196406739, 65.21376521695096, 37.053732094830515, 156.43565275461853, 6.902388077600738, 6.338945702116363, 79.40706092265847, 99.30612265631771, 183.42335425655807, 12.090714295129995, 75.25573559760664, 271.0860590918478, 29.03849340038648, 108.1721588160126, 205.4809776126968, 50.74431341249522, 67.31219624526818, 48.43691360453536, 131.32237210734706, 37.277858220486536, 49.66301752771022, 11.267314641580668]]"
7,"[[(0, 46), (3, 2), (48, 3), (1, 29), (15, 17), (15, 34), (29, 8), (34, 22), (7, 24), (12, 39), (18, 7), (21, 3), (39, 17), (39, 21), (24, 29), (24, 46), (17, 1), (17, 16), (25, 16), (47, 34), (37, 24), (37, 30), (42, 30), (26, 47), (36, 8), (10, 33), (33, 21), (33, 22), (33, 37), (16, 23), (27, 23), (27, 39), (22, 16), (22, 17), (22, 25)]]","[[454.31618192296946, 5.4133092965836855, 462.56766549469745, 197.26979916237926, 4.580679930966809, 496.3667504563931, 259.60676974457886, 237.61453071540694, 168.83887818103673, 203.52907476723294, 75.53008163987448, 108.2736780089173, 514.4002239626034, 256.7496289260436, 74.82832063575847, 22.835984608211973, 149.84297918695805, 6.500691441060403, 8.587514647939003, 96.54229747323194, 102.16453897957506, 162.3895075534552, 12.302214534292766, 343.3426140012118, 340.67495870976353, 33.64894610181824, 34.47116315657247, 173.91767825776168, 20.74100502020798, 51.53329602345661, 42.52474209332056, 191.11642810455152, 45.182615149062514, 73.703925395072, 22.75991362220741]]"
8,"[[(0, 46), (3, 2), (48, 3), (1, 29), (15, 17), (15, 34), (29, 8), (34, 22), (7, 24), (12, 39), (18, 7), (21, 3), (39, 17), (39, 21), (24, 29), (24, 46), (17, 1), (17, 16), (25, 16), (47, 34), (37, 24), (37, 30), (42, 30), (26, 47), (36, 8), (10, 33), (33, 21), (33, 22), (33, 37), (16, 23), (27, 23), (27, 39), (22, 16), (22, 17), (22, 25)]]","[[668.7900212322734, 5.475103238518384, 1029.207152609102, 175.39850354847022, 5.471533411149513, 270.28191301506115, 267.48162899293715, 260.1641402479664, 187.31967388469332, 134.44661412722107, 63.60832824743483, 131.30473292130083, 428.5880379539846, 244.0336042250256, 65.55831686072776, 116.23297012596886, 164.62937254898483, 6.939642456265479, 9.836796619571334, 46.7745024879142, 114.23604669814405, 62.0636209520361, 10.877060195504134, 352.3883491641433, 658.8808603497632, 28.088430566459472, 79.17832374595085, 192.2419078304294, 18.688304861783543, 65.19318203602701, 32.131657558957805, 174.10933643082967, 43.789241367240365, 64.34207939437098, 9.649754160459555]]"
9,"[[(0, 46), (3, 2), (48, 3), (1, 29), (15, 17), (15, 34), (29, 8), (34, 22), (7, 24), (12, 39), (18, 7), (21, 3), (39, 17), (39, 21), (24, 29), (24, 46), (17, 1), (17, 16), (25, 16), (47, 34), (37, 24), (37, 30), (42, 30), (26, 47), (36, 8), (10, 33), (33, 21), (33, 22), (33, 37), (16, 23), (27, 23), (27, 39), (22, 16), (22, 17), (22, 25)]]","[[236.1106692442872, 5.869360516545347, 918.9682073203924, 203.18963230505153, 5.44096439549485, 440.35896126675135, 269.5024623459252, 208.45281055206368, 166.58014572463546, 125.8670448409, 64.2214735237479, 280.37119082626134, 525.2238862759757, 187.87877996628788, 101.35868336288772, 228.0579922423997, 147.50433444374684, 5.017837236211168, 4.05324712031184, 14.440935991048747, 117.39259699190106, 183.14543474930855, 10.784793899176075, 79.50859428738448, 585.4868272279202, 32.516134937098165, 180.86764718454918, 194.36810533706137, 18.180339018804023, 63.9300353709443, 48.69011303535389, 229.5291703503653, 35.82907469675177, 5.931870035118318, 17.602384924829657]]"
10,"[[(0, 46), (3, 2), (48, 3), (1, 29), (15, 17), (15, 34), (29, 8), (34, 22), (7, 24), (12, 39), (18, 7), (21, 3), (39, 17), (39, 21), (24, 29), (24, 46), (17, 1), (17, 16), (25, 16), (47, 34), (37, 24), (37, 30), (42, 30), (26, 47), (36, 8), (10, 33), (33, 21), (33, 22), (33, 37), (16, 23), (27, 23), (27, 39), (22, 16), (22, 17), (22, 25)]]","[[786.992255815176, 4.415989780574465, 650.6340738204497, 224.44332335225312, 4.798167374070044, 233.86418003688397, 308.6844003183328, 264.6626624314577, 195.69029126058646, 138.61907269150083, 86.31305114279951, 449.8564355609942, 446.23971709895227, 189.49299923168158, 75.06123632086454, 235.17208425767615, 151.8696407952789, 5.582752331905604, 10.139649068654993, 106.68720776789623, 114.35752176582696, 113.93206834946334, 5.980543176926824, 86.59906392744395, 348.36508744513105, 39.06578798487663, 99.15003635627674, 168.76563225000893, 34.3045267155221, 46.05218025220589, 34.5802084001878, 106.2042030397821, 28.790704553268817, 129.74763276874017, 25.147226646058822]]"
11,"[[(0, 46), (3, 2), (48, 3), (1, 29), (15, 17), (15, 34), (29, 8), (34, 22), (7, 24), (12, 39), (18, 7), (21, 3), (39, 17), (39, 21), (24, 29), (24, 46), (17, 1), (17, 16), (25, 16), (47, 34), (37, 24), (37, 30), (42, 30), (26, 47), (36, 8), (10, 33), (33, 21), (33, 22), (33, 37), (16, 23), (27, 23), (27, 39), (22, 16), (22, 17), (22, 25)]]","[[281.4336386988341, 5.047012083149009, 807.8573053033876, 152.63272224540626, 5.274848109097652, 195.31593727208332, 305.09955969393883, 231.09984053608596, 170.85393856112788, 188.74297606911728, 71.35861408123455, 358.9573338555742, 447.1842402847605, 243.99462501584287, 97.6743251273795, 264.7247679667261, 146.99408597082055, 5.028542787345808, 10.277611823373078, 126.87859373152548, 103.10718098248974, 53.73315810113185, 4.07945274916459, 301.5557198771912, 435.73825866967655, 32.27369365866976, 92.25102002924729, 196.7935698993031, 25.505688675251434, 59.645772352590114, 48.66770582228663, 252.0028307838009, 42.57301988619611, 7.061886334019822, 16.66023829381958]]"
12,"[[(0, 46), (3, 2), (48, 3), (1, 29), (15, 17), (15, 34), (29, 8), (34, 22), (7, 24), (12, 39), (18, 7), (21, 3), (39, 17), (39, 21), (24, 29), (24, 46), (17, 1), (17, 16), (25, 16), (47, 34), (37, 24), (37, 30), (42, 30), (26, 47), (36, 8), (10, 33), (33, 21), (33, 22), (33, 37), (16, 23), (27, 23), (27, 39), (22, 16), (22, 17), (22, 25)]]","[[484.76606147358865, 4.41023122953702, 939.2313981206019, 153.434598777404, 6.395576486992155, 438.7863004150796, 313.4884063181508, 264.05170449521364, 175.82377084206684, 193.8086581574164, 43.41937026333433, 369.9271993804361, 426.98312957632805, 218.9379748512759, 86.79447474973023, 251.47440205402717, 162.63223200205374, 5.456086041852048, 9.373617870833247, 116.08493196158278, 113.77404933820472, 94.83682323694637, 3.5384923894527653, 157.68677436213807, 490.89952986551964, 30.53588319427541, 259.3084813938598, 181.82970470032978, 51.3567558472658, 48.48574696448654, 54.53048708935165, 227.25423974703025, 26.72539301125049, 40.14196717686703, 20.451728192321816]]"
13,"[[(0, 46), (3, 2), (48, 3), (1, 29), (15, 17), (15, 34), (29, 8), (34, 22), (7, 24), (12, 39), (18, 7), (21, 3), (39, 17), (39, 21), (24, 29), (24, 46), (17, 1), (17, 16), (25, 16), (47, 34), (37, 24), (37, 30), (42, 30), (26, 47), (36, 8), (10, 33), (33, 21), (33, 22), (33, 37), (16, 23), (27, 23), (27, 39), (22, 16), (22, 17), (22, 25)]]","[[935.5805324906802, 4.3897189898869, 483.029713929771, 277.07542209655844, 6.074346324327492, 361.03531759840905, 254.2754755982516, 260.40494185363457, 187.1403162660096, 195.04540000587144, 58.74969376114265, 250.1025317013726, 296.1920002104378, 253.78639754069468, 108.9118689015674, 214.6485612771943, 166.8055962808025, 6.387179090840325, 5.686371057749933, 22.566360432902645, 109.2183944691094, 155.06320293881737, 4.295849509528768, 184.6102393691427, 330.916826260725, 36.390925408025225, 125.70330364302234, 191.77968782689754, 44.09517265329271, 45.80432337563029, 49.9184963762844, 74.79252821807259, 28.797165276582113, 75.14898147718148, 9.545837086877679]]"
14,"[[(0, 46), (3, 2), (48, 3), (1, 29), (15, 17), (15, 34), (29, 8), (34, 22), (7, 24), (12, 39), (18, 7), (21, 3), (39, 17), (39, 21), (24, 29), (24, 46), (17, 1), (17, 16), (25, 16), (47, 34), (37, 24), (37, 30), (42, 30), (26, 47), (36, 8), (10, 33), (33, 21), (33, 22), (33, 37), (16, 23), (27, 23), (27, 39), (22, 16), (22, 17), (22, 25)]]","[[714.4969382336958, 4.359029909986218, 1107.9620115445005, 275.29910809352054, 5.601657452096383, 342.6915998329408, 279.59008523479537, 239.64794111179444, 187.01492674584276, 130.79422873060278, 51.123785523478524, 236.17123243834718, 267.38642242451226, 245.8372207715993, 74.353551287111, 239.57182905541075, 144.51615837869733, 6.585103549705017, 6.896415317063264, 120.55519637986066, 92.30476282678048, 176.5324381603197, 4.395747022993501, 183.52001331864764, 481.1383937643367, 41.95535310505693, 214.79998630636288, 199.0228052910876, 15.943940340042586, 54.45477496512154, 53.85044511220475, 168.70423390631208, 33.13087872514589, 68.50975260888941, 19.70693786913416]]"
15,"[[(0, 46), (3, 2), (48, 3), (1, 29), (15, 17), (15, 34), (29, 8), (34, 22), (7, 24), (12, 39), (18, 7), (21, 3), (39, 17), (39, 21), (24, 29), (24, 46), (17, 1), (17, 16), (25, 16), (47, 34), (37, 24), (37, 30), (42, 30), (26, 47), (36, 8), (10, 33), (33, 21), (33, 22), (33, 37), (16, 23), (27, 23), (27, 39), (22, 16), (22, 17), (22, 25)]]","[[661.1767341302253, 5.626986995535143, 1078.714895005145, 130.8010925809245, 7.513790680506403, 397.8139512535214, 315.5259626832677, 219.23389912766967, 167.996142553734, 225.7233835503169, 71.96758321490724, 467.92886960341946, 545.9304982208394, 265.19172405016207, 111.2496348304432, 327.2407178186319, 165.31220345971187, 6.238771248105844, 6.665941042521187, 67.07808502908253, 81.05072839390012, 148.87927339482187, 14.847697763134137, 95.82323739200783, 257.9456299243802, 26.364308527793042, 54.443511183291456, 171.1710685260053, 55.15583573838751, 66.44389407196836, 37.758592808407286, 105.52392626507496, 37.978755688597616, 45.37662592224054, 28.93056207804336]]"
16,"[[(0, 46), (3, 2), (48, 3), (1, 29), (15, 17), (15, 34), (29, 8), (34, 22), (7, 24), (12, 39), (18, 7), (21, 3), (39, 17), (39, 21), (24, 29), (24, 46), (17, 1), (17, 16), (25, 16), (47, 34), (37, 24), (37, 30), (42, 30), (26, 47), (36, 8), (10, 33), (33, 21), (33, 22), (33, 37), (16, 23), (27, 23), (27, 39), (22, 16), (22, 17), (22, 25)]]","[[667.0724297095212, 4.580955360761013, 1143.050308270484, 202.12097261340807, 4.281258400151109, 279.6236605411331, 316.4810685617531, 245.69209811706946, 179.19371247884533, 162.31494579147818, 39.564569700540844, 104.23185890552213, 456.5378599278524, 225.0677832685787, 93.44343094213016, 87.57072492062795, 158.9060550426568, 5.0212718282896, 4.70921971447705, 124.5771348064916, 113.68664087849612, 164.18401761992777, 2.9627850124480237, 277.2654803598448, 718.8981976260732, 26.16966854360638, 236.81243428453192, 172.2578558245487, 21.23563016161585, 53.53597201811485, 46.13133854095594, 197.91163951821255, 49.44936775830517, 29.295493091179615, 20.858282950248203]]"
17,"[[(0, 46), (3, 2), (48, 3), (1, 29), (15, 17), (15, 34), (29, 8), (34, 22), (7, 24), (12, 39), (18, 7), (21, 3), (39, 17), (39, 21), (24, 29), (24, 46), (17, 1), (17, 16), (25, 16), (47, 34), (37, 24), (37, 30), (42, 30), (26, 47), (36, 8), (10, 33), (33, 21), (33, 22), (33, 37), (16, 23), (27, 23), (27, 39), (22, 16), (22, 17), (22, 25)]]","[[735.2695227242734, 4.243226082325192, 1169.6895525224127, 124.92340393616067, 6.79130555990951, 311.7569558076524, 315.90882999119736, 253.59402428817447, 184.19907725133436, 211.87227081898416, 63.754235776116005, 211.83320665620502, 366.3632557250222, 182.84740159296268, 77.72798158781244, 124.74717068111947, 159.35774114620065, 6.909643107294972, 6.261346138296121, 93.97386608147427, 89.5200382306335, 181.36715543949697, 16.116274131919067, 280.7846818396996, 384.94562721515524, 35.59738563964342, 213.89377778046872, 205.43106840539323, 45.8981930143309, 45.81942098559332, 47.8497265023473, 170.4497217635585, 51.779479921566356, 24.707220133911196, 25.69228859617251]]"
18,"[[(0, 46), (3, 2), (48, 3), (1, 29), (15, 17), (15, 34), (29, 8), (34, 22), (7, 24), (12, 39), (18, 7), (21, 3), (39, 17), (39, 21), (24, 29), (24, 46), (17, 1), (17, 16), (25, 16), (47, 34), (37, 24), (37, 30), (42, 30), (26, 47), (36, 8), (10, 33), (33, 21), (33, 22), (33, 37), (16, 23), (27, 23), (27, 39), (22, 16), (22, 17), (22, 25)]]","[[589.4924394245887, 4.437107482131083, 508.16648593903244, 229.98689422197603, 4.694998896562932, 196.84534130861326, 297.5815950970648, 223.7242878559777, 190.69144736142624, 232.35848659787996, 66.31852931286588, 214.45555265638924, 553.0977485726389, 196.539980252314, 64.94857090544473, 167.43473189121875, 146.3185072871657, 5.604423970996898, 7.654038727610747, 8.70755960597631, 108.00406866993816, 55.00674365085304, 6.960305864935039, 76.23855455619291, 274.9799041563723, 35.793936527526284, 227.05576947828672, 193.37370166148224, 28.994055506456924, 56.52512660818879, 36.84600193612135, 151.8830155840632, 50.326208800568196, 28.1471056138135, 16.42648166680497]]"
19,"[[(0, 46), (3, 2), (48, 3), (1, 29), (15, 17), (15, 34), (29, 8), (34, 22), (7, 24), (12, 39), (18, 7), (21, 3), (39, 17), (39, 21), (24, 29), (24, 46), (17, 1), (17, 16), (25, 16), (47, 34), (37, 24), (37, 30), (42, 30), (26, 47), (36, 8), (10, 33), (33, 21), (33, 22), (33, 37), (16, 23), (27, 23), (27, 39), (22, 16), (22, 17), (22, 25)]]","[[666.4610938299004, 5.546703923396693, 764.3118720196871, 174.26495535683634, 7.776418360117148, 376.6381082205904, 318.1437717466491, 245.10258268975656, 174.43007006276247, 126.28934397106238, 86.95221630211321, 109.2138365763353, 482.9308410166228, 193.69006090275857, 109.68575546080541, 66.99063092998506, 151.16856560839938, 5.209866452555537, 4.0209358868012295, 86.5346854359372, 108.7800369009724, 115.49786836832453, 15.440494581728597, 188.5813139304452, 320.5823867644304, 37.307629635760556, 243.8045945556373, 209.2480826502399, 45.30582735100009, 53.304475578459616, 34.74447090586578, 179.21109212483867, 26.490553964095543, 132.0747913825689, 28.955727044206167]]"
20,"[[(0, 46), (3, 2), (48, 3), (1, 29), (15, 17), (15, 34), (29, 8), (34, 22), (7, 24), (12, 39), (18, 7), (21, 3), (39, 17), (39, 21), (24, 29), (24, 46), (17, 1), (17, 16), (25, 16), (47, 34), (37, 24), (37, 30), (42, 30), (26, 47), (36, 8), (10, 33), (33, 21), (33, 22), (33, 37), (16, 23), (27, 23), (27, 39), (22, 16), (22, 17), (22, 25)]]","[[887.6109464118852, 5.207358426541373, 1299.2107606501909, 172.30267353083917, 6.672452880344869, 378.02494162033076, 280.8014217197669, 262.2709309981944, 181.1813423485468, 187.35683305885402, 39.86183944008026, 159.41870613212717, 316.27864141080806, 245.69921378712723, 62.96754569070021, 130.00701003389887, 156.95153109002032, 6.597176427405889, 9.095929066722658, 63.47688508787047, 101.46992429308222, 191.44682007177266, 3.3319300832293197, 287.69701996340945, 340.22471544718854, 31.949140407154495, 219.75214189839681, 205.4656971141117, 35.66494726711018, 61.4233428221154, 36.891360304549416, 180.21970339505518, 42.575800645952505, 95.53123192035008, 33.48256310356686]]"
21,"[[(0, 46), (3, 2), (48, 3), (1, 29), (15, 17), (15, 34), (29, 8), (34, 22), (7, 24), (12, 39), (18, 7), (21, 3), (39, 17), (39, 21), (24, 29), (24, 46), (17, 1), (17, 16), (25, 16), (47, 34), (37, 24), (37, 30), (42, 30), (26, 47), (36, 8), (10, 33), (33, 21), (33, 22), (33, 37), (16, 23), (27, 23), (27, 39), (22, 16), (22, 17), (22, 25)]]","[[889.0804747543413, 4.81703351427104, 671.2705290065446, 272.253904680267, 6.664805564793246, 201.6776952962007, 256.47823462279166, 267.79419942240213, 175.58456303348026, 164.9032909733909, 29.48734520278462, 342.4248033741874, 391.64976310635564, 264.61982626177814, 94.76304316545162, 52.30777131274334, 150.68939956589585, 6.36562946808165, 10.601005209902027, 71.74392974854666, 92.34965230272498, 163.30272265985343, 13.02458159421791, 137.69721650882002, 287.06743009311265, 32.87102863846501, 76.84665520743172, 208.35762282135175, 10.313076281123296, 68.67684963762937, 55.25055655801302, 178.98447399491232, 45.65691442415971, 93.4026592424119, 6.13783023705822]]"
22,"[[(0, 46), (3, 2), (48, 3), (1, 29), (15, 17), (15, 34), (29, 8), (34, 22), (7, 24), (12, 39), (18, 7), (21, 3), (39, 17), (39, 21), (24, 29), (24, 46), (17, 1), (17, 16), (25, 16), (47, 34), (37, 24), (37, 30), (42, 30), (26, 47), (36, 8), (10, 33), (33, 21), (33, 22), (33, 37), (16, 23), (27, 23), (27, 39), (22, 16), (22, 17), (22, 25)]]","[[868.5452705732117, 5.638980300764277, 1190.709082605833, 188.2136149827024, 6.541760108668639, 263.8908976711481, 262.62455103180787, 269.057489643857, 164.27400384421924, 144.19337893378514, 59.758833091338815, 106.71474285699853, 278.69722081852774, 268.473670110729, 67.76953779388913, 311.9916078611704, 167.08051993908467, 6.029260026486085, 7.324188218591347, 118.80830102106854, 94.72566085059782, 91.60752503389342, 6.614358601397738, 313.7018238063016, 666.129945573809, 40.8742111166349, 287.7752400935488, 209.0668145980066, 10.15110801775829, 55.371363989869685, 53.66927029681891, 225.25947910512016, 44.873065372009656, 89.85842140535189, 25.777632852986976]]"
23,"[[(0, 46), (3, 2), (48, 3), (1, 29), (15, 17), (15, 34), (29, 8), (34, 22), (7, 24), (12, 39), (18, 7), (21, 3), (39, 17), (39, 21), (24, 29), (24, 46), (17, 1), (17, 16), (25, 16), (47, 34), (37, 24), (37, 30), (42, 30), (26, 47), (36, 8), (10, 33), (33, 21), (33, 22), (33, 37), (16, 23), (27, 23), (27, 39), (22, 16), (22, 17), (22, 25)]]","[[421.2771805350395, 4.449896661386203, 953.9537760412477, 226.7411510680039, 5.248307578600798, 211.1724142214154, 304.4608224776713, 211.34116500634508, 182.2742520350007, 196.5826721174921, 56.33748125676215, 270.6191576158119, 494.2837053835271, 183.016998282818, 62.49810021848119, 326.8066800290023, 166.69975015621492, 5.673098863034575, 5.5127491541769045, 29.862829074606097, 114.55951374653026, 206.0188741526752, 8.986711787319678, 97.20491860740674, 472.1921202323458, 45.11564558775416, 187.07690900678875, 176.62536427311426, 19.179094739014573, 56.7696393960455, 32.67166251437147, 189.24333702154405, 39.358936906947726, 105.18357813000469, 11.779977886707957]]"
24,"[[(0, 46), (3, 2), (48, 3), (1, 29), (15, 17), (15, 34), (29, 8), (34, 22), (7, 24), (12, 39), (18, 7), (21, 3), (39, 17), (39, 21), (24, 29), (24, 46), (17, 1), (17, 16), (25, 16), (47, 34), (37, 24), (37, 30), (42, 30), (26, 47), (36, 8), (10, 33), (33, 21), (33, 22), (33, 37), (16, 23), (27, 23), (27, 39), (22, 16), (22, 17), (22, 25)]]","[[806.4047032639753, 5.97081921852983, 917.1949988084623, 278.8833277798515, 6.892490142395839, 354.2894327260331, 255.7402159250972, 238.08204698754056, 175.4186853323275, 168.99686503656332, 39.37864325242208, 257.9675839468239, 392.42247652911135, 189.16715137084321, 108.13297510923056, 232.4172833178763, 158.8803223679369, 5.113036211542601, 6.499442727069308, 23.80960967430098, 118.9710294366223, 138.08311042276716, 1.8741957505765394, 207.77586986109978, 330.27407512516123, 43.9293411789634, 41.69149246013711, 207.58646886886692, 38.08713622985337, 46.875794172070265, 38.239574044648364, 65.8918925973319, 49.43512600089851, 26.133948489768112, 19.46531544556823]]"
25,"[[(0, 46), (3, 2), (48, 3), (1, 29), (15, 17), (15, 34), (29, 8), (34, 22), (7, 24), (12, 39), (18, 7), (21, 3), (39, 17), (39, 21), (24, 29), (24, 46), (17, 1), (17, 16), (25, 16), (47, 34), (37, 24), (37, 30), (42, 30), (26, 47), (36, 8), (10, 33), (33, 21), (33, 22), (33, 37), (16, 23), (27, 23), (27, 39), (22, 16), (22, 17), (22, 25)]]","[[953.2178708112053, 4.80869242122465, 1227.4367505196283, 205.96791337341796, 7.974895162309055, 473.87307518942754, 319.10300858749827, 207.05599000844515, 161.78303364930593, 189.6853564560939, 82.37164152696755, 344.851621366948, 294.70743054716, 180.02393345435445, 76.08635496461481, 104.44028192983122, 167.49556714631441, 6.8204218014368605, 10.7072161068814, 18.81781053805063, 82.74685128064239, 67.53762623269336, 1.1303639415294309, 138.1968274060731, 266.65452800482603, 33.768818526453124, 145.4454225328605, 177.45156779148155, 53.45354936727032, 59.15576020325577, 38.67527147973493, 201.49498829659885, 44.9110827205883, 133.5677304762151, 24.515419620529023]]"
26,"[[(0, 46), (3, 2), (48, 3), (1, 29), (15, 17), (15, 34), (29, 8), (34, 22), (7, 24), (12, 39), (18, 7), (21, 3), (39, 17), (39, 21), (24, 29), (24, 46), (17, 1), (17, 16), (25, 16), (47, 34), (37, 24), (37, 30), (42, 30), (26, 47), (36, 8), (10, 33), (33, 21), (33, 22), (33, 37), (16, 23), (27, 23), (27, 39), (22, 16), (22, 17), (22, 25)]]","[[680.0015628579276, 5.949866908990943, 1239.7063067215422, 156.01227916850613, 5.67024338125778, 180.71897845392786, 292.5944686713128, 223.84785166955652, 188.22715606506853, 133.52629663412011, 63.65140845783565, 374.3567785879527, 276.4543161977752, 263.46958991822544, 67.74727545274153, 86.88153615398898, 156.96673547459082, 6.381598155708262, 9.246808906273733, 120.3744548480677, 118.53626019217907, 205.0372053087909, 6.578839416090023, 186.77651891741613, 310.89810002935195, 38.99006656862809, 284.0710464795685, 194.03299742793834, 39.61900859072012, 44.55307427117663, 50.492947822910025, 141.2474382990921, 29.67558350290274, 64.94087172173812, 12.67558283533387]]"
27,"[[(0, 46), (3, 2), (48, 3), (1, 29), (15, 17), (15, 34), (29, 8), (34, 22), (7, 24), (12, 39), (18, 7), (21, 3), (39, 17), (39, 21), (24, 29), (24, 46), (17, 1), (17, 16), (25, 16), (47, 34), (37, 24), (37, 30), (42, 30), (26, 47), (36, 8), (10, 33), (33, 21), (33, 22), (33, 37), (16, 23), (27, 23), (27, 39), (22, 16), (22, 17), (22, 25)]]","[[941.6073035049814, 5.443108557560621, 677.4755108674352, 182.59612016670914, 6.633149408781058, 461.2790022120105, 303.60416570902237, 216.16965792030055, 186.76986425527747, 191.3139133180983, 74.031283560372, 426.2835390927247, 509.1803968262429, 262.72477809667157, 84.42026417532341, 298.2234429666284, 142.7864102439195, 5.42204304532122, 4.8488484523035895, 17.32609218647731, 98.5813733148363, 131.7061024997675, 13.860962841549679, 165.3534973717869, 515.5985308305569, 34.96423924708216, 209.50947238214377, 201.74763178153802, 22.11795211888309, 65.57529880723365, 54.359767480772106, 81.95962543708258, 51.403655015319146, 134.22042495812642, 31.269198927986984]]"
28,"[[(0, 46), (3, 2), (48, 3), (1, 29), (15, 17), (15, 34), (29, 8), (34, 22), (7, 24), (12, 39), (18, 7), (21, 3), (39, 17), (39, 21), (24, 29), (24, 46), (17, 1), (17, 16), (25, 16), (47, 34), (37, 24), (37, 30), (42, 30), (26, 47), (36, 8), (10, 33), (33, 21), (33, 22), (33, 37), (16, 23), (27, 23), (27, 39), (22, 16), (22, 17), (22, 25)]]","[[637.5931465297356, 5.460644475638892, 1133.7583480380822, 220.65193252609572, 5.679018126159196, 378.82262439742624, 261.3044284415995, 237.2376287260564, 189.0262323957734, 204.64676375698974, 31.685679221549258, 119.3540410162736, 253.2502447143108, 172.40212507441206, 62.52782181362127, 255.3265092418954, 156.55093272318985, 6.787592736178787, 4.556964339159932, 129.32395570449503, 95.41681754175023, 97.8559408738391, 1.2498553868431128, 228.82273150134603, 506.9912256620529, 43.60942007439567, 189.9701548257956, 198.74526704222558, 53.76562385776407, 44.71730836796901, 45.21508212524418, 282.7276496872777, 35.102534093731315, 47.49950619491295, 22.088683989316884]]"
29,"[[(0, 46), (3, 2), (48, 3), (1, 29), (15, 17), (15, 34), (29, 8), (34, 22), (7, 24), (12, 39), (18, 7), (21, 3), (39, 17), (39, 21), (24, 29), (24, 46), (17, 1), (17, 16), (25, 16), (47, 34), (37, 24), (37, 30), (42, 30), (26, 47), (36, 8), (10, 33), (33, 21), (33, 22), (33, 37), (16, 23), (27, 23), (27, 39), (22, 16), (22, 17), (22, 25)]]","[[299.91384989258825, 5.727149886378976, 626.2247517350326, 134.35001786481442, 6.484259625050225, 493.5616470954476, 255.76210560382043, 229.46176318072816, 171.64414044869625, 219.53608137977903, 55.25146983514701, 135.64744875774775, 550.8074662054362, 203.8150267152423, 100.23710155062048, 83.99419444238657, 166.80279415913958, 6.270884878129224, 4.213187991288021, 109.39597298984314, 102.56027180598356, 109.22620839215438, 11.50110448863357, 123.65710521782046, 534.9435198622315, 29.79743371313519, 53.65875667365979, 176.07780715876748, 45.72367625415389, 62.5958722924524, 47.64635221211829, 67.31392048666117, 33.76623342014523, 66.2383773485268, 11.280291899289416]]"
30,"[[(0, 46), (3, 2), (48, 3), (1, 29), (15, 17), (15, 34), (29, 8), (34, 22), (7, 24), (12, 39), (18, 7), (21, 3), (39, 17), (39, 21), (24, 29), (24, 46), (17, 1), (17, 16), (25, 16), (47, 34), (37, 24), (37, 30), (42, 30), (26, 47), (36, 8), (10, 33), (33, 21), (33, 22), (33, 37), (16, 23), (27, 23), (27, 39), (22, 16), (22, 17), (22, 25)]]","[[646.8825449033783, 5.750562195167891, 735.0954511706698, 209.2557784627399, 7.570069340974374, 441.47005324035837, 306.0807980522527, 274.4921529316206, 177.43715644442412, 195.21068197718932, 78.37398755251976, 493.44403078783495, 445.6228482896787, 180.89336717519274, 99.15261680887869, 185.2076662598639, 165.08802758868978, 5.728111349784474, 8.069816163832545, 50.59657831756962, 82.82152065865031, 187.12311925056446, 18.838973106959962, 222.94114352719728, 654.2946945305825, 36.82244417557136, 243.31123438505324, 186.51870245250606, 23.81892434030663, 45.15608234090934, 49.13080496837114, 283.92196550542474, 40.372551434020295, 136.39644383367323, 5.845268760789787]]"
31,"[[(0, 46), (3, 2), (48, 3), (1, 29), (15, 17), (15, 34), (29, 8), (34, 22), (7, 24), (12, 39), (18, 7), (21, 3), (39, 17), (39, 21), (24, 29), (24, 46), (17, 1), (17, 16), (25, 16), (47, 34), (37, 24), (37, 30), (42, 30), (26, 47), (36, 8), (10, 33), (33, 21), (33, 22), (33, 37), (16, 23), (27, 23), (27, 39), (22, 16), (22, 17), (22, 25)]]","[[867.0946985714811, 4.1581912325855, 1147.2501256576586, 202.0278465416932, 5.544774745219106, 189.46345079696655, 311.7766179216111, 212.45480951397488, 167.2337047920336, 195.73188899085264, 39.96467299481238, 410.8275049937765, 324.1464159656273, 273.97854000350225, 77.59380971133545, 237.30542982608327, 151.49755364431277, 6.976736117176046, 6.625878424059196, 26.5154653547901, 103.27700944375536, 179.11691317417083, 18.48281760511793, 337.891891677842, 530.3451337568699, 28.596558085792687, 110.78221689106472, 184.05637658042878, 40.92263788634956, 43.591177290193144, 40.58188064820256, 164.1190364413778, 38.65490286022896, 49.53730400314838, 17.156060448180867]]"
32,"[[(0, 46), (3, 2), (48, 3), (1, 29), (15, 17), (15, 34), (29, 8), (34, 22), (7, 24), (12, 39), (18, 7), (21, 3), (39, 17), (39, 21), (24, 29), (24, 46), (17, 1), (17, 16), (25, 16), (47, 34), (37, 24), (37, 30), (42, 30), (26, 47), (36, 8), (10, 33), (33, 21), (33, 22), (33, 37), (16, 23), (27, 23), (27, 39), (22, 16), (22, 17), (22, 25)]]","[[893.6545564455837, 5.476230269901486, 507.9400664203681, 118.71294420455688, 7.594364988295985, 196.57212663728643, 297.9399222932674, 234.6137284163525, 164.34446051573414, 211.18651721035187, 65.358730002935, 202.54982736077397, 352.33182836969024, 232.79430703405225, 75.10713627763792, 34.03151996055547, 164.2903092661252, 6.493476831712657, 8.145082602922372, 104.24674477664831, 98.10007215323253, 68.40773959948265, 15.01037919794477, 168.86268618761204, 427.09036351454415, 30.83148009869066, 82.8258020983877, 179.10937238147545, 29.811534705403353, 53.331291198950275, 53.08073408996711, 192.2588478204128, 35.47266685097553, 49.40357501879219, 28.245259472719642]]"
33,"[[(0, 46), (3, 2), (48, 3), (1, 29), (15, 17), (15, 34), (29, 8), (34, 22), (7, 24), (12, 39), (18, 7), (21, 3), (39, 17), (39, 21), (24, 29), (24, 46), (17, 1), (17, 16), (25, 16), (47, 34), (37, 24), (37, 30), (42, 30), (26, 47), (36, 8), (10, 33), (33, 21), (33, 22), (33, 37), (16, 23), (27, 23), (27, 39), (22, 16), (22, 17), (22, 25)]]","[[408.7389135390645, 5.4877690958006236, 880.9504097705319, 178.87387433581475, 5.326489563585284, 202.80766635869605, 309.361140324786, 245.4452011892315, 169.87803908424996, 167.07936002338124, 75.4066786851459, 408.24631013264917, 551.2403049031944, 218.18108474594328, 61.404688836511966, 298.4504826729578, 153.20837315295384, 6.377222747605561, 7.477854532140988, 72.5387951932905, 105.67253216906963, 151.16692704403283, 0.9101880903290871, 206.2181396696024, 274.6423041377645, 40.13467843186122, 124.08990479065599, 183.72855402576204, 21.51477052763365, 52.1746221310514, 43.27932782767597, 185.32238242030166, 29.17141557754142, 120.2635937874902, 10.633499213729081]]"
34,"[[(0, 46), (3, 2), (48, 3), (1, 29), (15, 17), (15, 34), (29, 8), (34, 22), (7, 24), (12, 39), (18, 7), (21, 3), (39, 17), (39, 21), (24, 29), (24, 46), (17, 1), (17, 16), (25, 16), (47, 34), (37, 24), (37, 30), (42, 30), (26, 47), (36, 8), (10, 33), (33, 21), (33, 22), (33, 37), (16, 23), (27, 23), (27, 39), (22, 16), (22, 17), (22, 25)]]","[[380.97349330609086, 4.225872959742491, 1043.1195371358617, 193.54262299874708, 4.326729527426862, 341.5891425848956, 296.78455494889243, 223.55022974344575, 173.30130578221275, 147.91618743342093, 74.59723166098478, 145.70306440615565, 370.3341219709628, 234.46504705782309, 63.78424981329839, 39.332382666468895, 151.72129778411315, 5.79866149161907, 10.671803766513282, 86.39118129293806, 102.77925468038367, 69.09282512415501, 12.250292795789818, 84.29250923428917, 681.962919382249, 40.52346379349593, 85.87979427962047, 175.97891341085722, 40.41339119344839, 66.27093101690613, 31.723403736205285, 79.94210350981787, 27.04504325068816, 109.54832499178126, 10.026571226129393]]"
35,"[[(0, 46), (3, 2), (48, 3), (1, 29), (15, 17), (15, 34), (29, 8), (34, 22), (7, 24), (12, 39), (18, 7), (21, 3), (39, 17), (39, 21), (24, 29), (24, 46), (17, 1), (17, 16), (25, 16), (47, 34), (37, 24), (37, 30), (42, 30), (26, 47), (36, 8), (10, 33), (33, 21), (33, 22), (33, 37), (16, 23), (27, 23), (27, 39), (22, 16), (22, 17), (22, 25)]]","[[350.0224627773898, 5.97466964480337, 549.5235750605223, 182.5386206109464, 6.056830222315467, 344.60719140820095, 287.89488629376655, 211.09751781217264, 164.07358777028819, 185.18761426056804, 64.04780690879282, 170.64985191538747, 274.87326987308046, 194.60356096064112, 66.36319275097877, 24.480032110859145, 150.90902577031878, 5.396722349506886, 3.799372380236804, 124.28779722471857, 87.64619572228318, 87.02481285521218, 15.258381564992444, 229.58994407775154, 574.3260375687198, 35.38170546341543, 181.3626318926862, 192.4381230621437, 40.8782990076636, 56.39580620693811, 33.03540865131515, 148.01392473804202, 31.723646824516848, 36.96606308568744, 32.27364607822245]]"
36,"[[(0, 46), (3, 2), (48, 3), (1, 29), (15, 17), (15, 34), (29, 8), (34, 22), (7, 24), (12, 39), (18, 7), (21, 3), (39, 17), (39, 21), (24, 29), (24, 46), (17, 1), (17, 16), (25, 16), (47, 34), (37, 24), (37, 30), (42, 30), (26, 47), (36, 8), (10, 33), (33, 21), (33, 22), (33, 37), (16, 23), (27, 23), (27, 39), (22, 16), (22, 17), (22, 25)]]","[[309.54225294974293, 4.262379656663818, 1299.7375736515796, 146.37459039363307, 4.685122420648019, 242.90893342276127, 259.88979601155796, 207.03171044905335, 165.00425093952268, 150.2997341566986, 71.61389499926015, 333.7446745263038, 403.95446364888767, 252.76727817394203, 68.25514569337287, 36.51657691741995, 151.21235195360038, 5.771106496688443, 3.114301398906992, 36.08742846971978, 114.39323074490653, 213.45761808722904, 10.140872329593995, 298.6272363088586, 712.0775947483868, 32.421955534227315, 224.10825034696106, 182.32844877635884, 37.95312289381659, 66.29308995010895, 41.491954339024325, 201.3797466606034, 49.24682536026507, 9.459651130606295, 29.53635174520703]]"
37,"[[(0, 46), (3, 2), (48, 3), (1, 29), (15, 17), (15, 34), (29, 8), (34, 22), (7, 24), (12, 39), (18, 7), (21, 3), (39, 17), (39, 21), (24, 29), (24, 46), (17, 1), (17, 16), (25, 16), (47, 34), (37, 24), (37, 30), (42, 30), (26, 47), (36, 8), (10, 33), (33, 21), (33, 22), (33, 37), (16, 23), (27, 23), (27, 39), (22, 16), (22, 17), (22, 25)]]","[[331.10661698113495, 5.093540598638876, 560.467573485279, 208.08758835785264, 4.753713914957224, 255.47058208659854, 310.3009612665447, 209.81465496681832, 168.30712453153743, 169.2771806787382, 80.56501140034476, 224.16947348848973, 343.9457210299839, 257.624390985577, 86.7321079124396, 38.721954971893815, 153.215634448592, 5.785596026084012, 7.198697946272982, 95.10967280904771, 100.67725447936141, 157.65300753698273, 2.1970712933505343, 338.85976919943965, 718.0213112765975, 35.307235014765766, 17.624436046145828, 169.47282783942924, 10.977217715537973, 48.35046071228482, 48.46364167133453, 257.29845509793296, 37.51921740578554, 57.72811232149595, 10.693973089204327]]"
38,"[[(0, 46), (3, 2), (48, 3), (1, 29), (15, 17), (15, 34), (29, 8), (34, 22), (7, 24), (12, 39), (18, 7), (21, 3), (39, 17), (39, 21), (24, 29), (24, 46), (17, 1), (17, 16), (25, 16), (47, 34), (37, 24), (37, 30), (42, 30), (26, 47), (36, 8), (10, 33), (33, 21), (33, 22), (33, 37), (16, 23), (27, 23), (27, 39), (22, 16), (22, 17), (22, 25)]]","[[801.0854974227963, 4.0661862987887, 820.112415292343, 106.82411546813249, 4.068358415139656, 230.69508288138184, 318.20809534508857, 264.70083506488896, 180.00231273321552, 177.21393510160829, 52.16536002767191, 128.04399898666108, 332.9574430919498, 183.76690189961525, 79.67536416730282, 37.82373991029334, 153.94874787905715, 5.677266427299244, 7.460534825819448, 82.20059533200904, 93.32228871900436, 146.24947140881042, 12.336733143850346, 253.6689132484146, 369.75759207173485, 26.43366073743339, 68.79917199722712, 168.40246078148678, 25.511313800846185, 53.203663430228744, 47.33809980379219, 58.660454112910415, 36.89389670642415, 33.37191381679722, 26.31756114856599]]"
39,"[[(0, 46), (3, 2), (48, 3), (1, 29), (15, 17), (15, 34), (29, 8), (34, 22), (7, 24), (12, 39), (18, 7), (21, 3), (39, 17), (39, 21), (24, 29), (24, 46), (17, 1), (17, 16), (25, 16), (47, 34), (37, 24), (37, 30), (42, 30), (26, 47), (36, 8), (10, 33), (33, 21), (33, 22), (33, 37), (16, 23), (27, 23), (27, 39), (22, 16), (22, 17), (22, 25)]]","[[403.82066777016104, 5.2358719732608465, 1274.7016817072163, 145.8040958330358, 7.318378706408679, 317.49316071757715, 262.2088801749215, 260.7378194885909, 164.73110611606344, 146.49654667649202, 58.564891758771616, 401.24526853364324, 551.252434609652, 179.86645716646964, 85.31757042972414, 134.44119338279884, 153.82000585236278, 5.860064746033123, 8.95529919850112, 103.49522485273178, 80.33668443958463, 81.04773259847413, 2.427120338536035, 162.5220132263853, 494.0382949923493, 41.792852799863766, 213.46108542257033, 171.9623291103827, 29.853117195846714, 63.26566612400341, 31.90968054672273, 131.2740619014691, 39.1701171934445, 29.94388482473621, 7.714653904777103]]"
40,"[[(0, 46), (3, 2), (48, 3), (1, 29), (15, 17), (15, 34), (29, 8), (34, 22), (7, 24), (12, 39), (18, 7), (21, 3), (39, 17), (39, 21), (24, 29), (24, 46), (17, 1), (17, 16), (25, 16), (47, 34), (37, 24), (37, 30), (42, 30), (26, 47), (36, 8), (10, 33), (33, 21), (33, 22), (33, 37), (16, 23), (27, 23), (27, 39), (22, 16), (22, 17), (22, 25)]]","[[395.1778726318555, 4.468509586789373, 1202.0263591643234, 161.13734064747402, 6.387113360047882, 308.52390398719035, 289.2961823998271, 235.6498686343333, 189.4436920736526, 176.0069093136812, 30.228256569286348, 409.8816373290872, 557.0162633855305, 194.42168092171505, 107.0031724592813, 173.0335065254915, 157.24861997701694, 5.418729869656426, 7.6875251552159325, 53.409797592435645, 87.3437106283037, 140.57289186536778, 10.950999983758452, 276.77980440214424, 328.7099965887341, 40.66314674730079, 28.30548052512553, 194.97749723983333, 30.12166475142299, 54.19512119118635, 45.77969506220264, 200.69710763491184, 49.16912121929928, 107.70179341192816, 5.261710416474921]]"
41,"[[(0, 46), (3, 2), (48, 3), (1, 29), (15, 17), (15, 34), (29, 8), (34, 22), (7, 24), (12, 39), (18, 7), (21, 3), (39, 17), (39, 21), (24, 29), (24, 46), (17, 1), (17, 16), (25, 16), (47, 34), (37, 24), (37, 30), (42, 30), (26, 47), (36, 8), (10, 33), (33, 21), (33, 22), (33, 37), (16, 23), (27, 23), (27, 39), (22, 16), (22, 17), (22, 25)]]","[[429.3696203434033, 4.818129439223763, 1102.978050810168, 192.9118230040279, 7.160588990234977, 275.42947549485757, 270.56826932308604, 237.2567033263752, 162.43293023060477, 157.36971718842506, 47.36508677913464, 87.2917596147648, 330.01756491244504, 258.1019006544348, 57.58519532838281, 220.99084156034442, 149.47318533159614, 5.371372725102466, 10.788817545300098, 132.69904414105673, 102.03342567442415, 128.84450570162915, 5.23413338028911, 125.0615375323384, 641.40005653667, 37.040917028328835, 76.89225987976374, 208.6338155531428, 46.54989714306142, 61.05850853009454, 44.567564640084754, 237.898881148546, 44.915447152018345, 49.160327397927944, 25.169381615814352]]"
42,"[[(0, 46), (3, 2), (48, 3), (1, 29), (15, 17), (15, 34), (29, 8), (34, 22), (7, 24), (12, 39), (18, 7), (21, 3), (39, 17), (39, 21), (24, 29), (24, 46), (17, 1), (17, 16), (25, 16), (47, 34), (37, 24), (37, 30), (42, 30), (26, 47), (36, 8), (10, 33), (33, 21), (33, 22), (33, 37), (16, 23), (27, 23), (27, 39), (22, 16), (22, 17), (22, 25)]]","[[700.1191840713534, 5.981225214196485, 1301.511734354783, 124.35185317964269, 4.376344579726132, 224.24992243234192, 320.99249714119264, 209.850694233185, 158.40810889301926, 149.38625974630816, 26.977361980200488, 496.79592524830906, 257.7186705594389, 263.9815809286184, 58.46881986835038, 8.41238345032769, 151.19998661059805, 5.455903656898872, 10.63154557725986, 117.78525247029482, 100.0199770771596, 85.34951603700446, 7.989055952994859, 327.7621964881773, 411.28129810635477, 41.01137255816871, 121.77899638666634, 199.72872885202264, 54.05649559302611, 46.859428228784786, 55.14698510289351, 239.7164431024992, 46.74290567878441, 84.42472581720084, 26.559382165310527]]"
43,"[[(0, 46), (3, 2), (48, 3), (1, 29), (15, 17), (15, 34), (29, 8), (34, 22), (7, 24), (12, 39), (18, 7), (21, 3), (39, 17), (39, 21), (24, 29), (24, 46), (17, 1), (17, 16), (25, 16), (47, 34), (37, 24), (37, 30), (42, 30), (26, 47), (36, 8), (10, 33), (33, 21), (33, 22), (33, 37), (16, 23), (27, 23), (27, 39), (22, 16), (22, 17), (22, 25)]]","[[258.2688399447872, 5.774448214529368, 601.9373891396211, 286.85867486268097, 5.500937378259363, 242.73051198134667, 316.95478135786163, 248.27531324777968, 190.26375025750718, 199.599221879163, 84.63472739082425, 424.8238708389995, 385.192475583141, 222.51024351665035, 83.70035703189404, 54.87021518936349, 144.0950536527472, 6.395013768330429, 5.196504089524132, 101.67810660404277, 99.76784735631004, 188.2229444778614, 6.122927492957961, 116.84957981813116, 446.5233907639817, 42.0322646721049, 185.93423230764049, 168.82075922542697, 39.978313924194076, 50.52868920103535, 34.28116261495765, 284.08544980773775, 33.75669368439671, 51.168785536090674, 7.342917071815766]]"
44,"[[(0, 46), (3, 2), (48, 3), (1, 29), (15, 17), (15, 34), (29, 8), (34, 22), (7, 24), (12, 39), (18, 7), (21, 3), (39, 17), (39, 21), (24, 29), (24, 46), (17, 1), (17, 16), (25, 16), (47, 34), (37, 24), (37, 30), (42, 30), (26, 47), (36, 8), (10, 33), (33, 21), (33, 22), (33, 37), (16, 23), (27, 23), (27, 39), (22, 16), (22, 17), (22, 25)]]","[[775.2468957325897, 4.285306015024686, 612.6992519681924, 218.9694357335415, 4.150232367845463, 330.34131906567416, 302.5255266317421, 244.9121230971993, 166.4201601100486, 150.42296814479317, 52.699285003981615, 372.8163141655333, 358.8468625418159, 194.79489148081473, 79.80157668104101, 229.91381091394607, 145.50439656192225, 5.911321633440166, 9.855252933314024, 52.09214955068521, 90.53878990347506, 147.15997960039823, 8.748374019320762, 75.63108729126448, 407.44629866043164, 29.752669548217224, 132.98316019306864, 169.13164393360273, 24.86507944660521, 67.85506149697981, 33.549746631302405, 59.188087273169316, 32.411894092990664, 76.43282714505824, 8.541031709140828]]"
45,"[[(0, 46), (3, 2), (48, 3), (1, 29), (15, 17), (15, 34), (29, 8), (34, 22), (7, 24), (12, 39), (18, 7), (21, 3), (39, 17), (39, 21), (24, 29), (24, 46), (17, 1), (17, 16), (25, 16), (47, 34), (37, 24), (37, 30), (42, 30), (26, 47), (36, 8), (10, 33), (33, 21), (33, 22), (33, 37), (16, 23), (27, 23), (27, 39), (22, 16), (22, 17), (22, 25)]]","[[636.9947620075849, 4.343831494965443, 916.7960977024894, 150.42753177201453, 4.217116452481438, 288.4089042515166, 284.53498886196576, 208.2564626377704, 179.66228565811954, 165.81711953900097, 33.63069119488863, 318.16890401175147, 468.9484743834711, 271.2566335149707, 60.35282250224867, 306.3291824755638, 158.7644535587596, 6.707906027846798, 5.162528744745311, 75.10735228801347, 84.8067470628822, 123.1651839097119, 8.644929844039952, 134.78279275548329, 344.8937335985965, 26.164220472378737, 236.120273848231, 171.61728449419107, 24.98926128483516, 64.30077947049948, 43.985620171021374, 258.08220956287806, 30.90315794817525, 53.82030045592549, 33.86359277728899]]"
46,"[[(0, 46), (3, 2), (48, 3), (1, 29), (15, 17), (15, 34), (29, 8), (34, 22), (7, 24), (12, 39), (18, 7), (21, 3), (39, 17), (39, 21), (24, 29), (24, 46), (17, 1), (17, 16), (25, 16), (47, 34), (37, 24), (37, 30), (42, 30), (26, 47), (36, 8), (10, 33), (33, 21), (33, 22), (33, 37), (16, 23), (27, 23), (27, 39), (22, 16), (22, 17), (22, 25)]]","[[295.8668941323383, 5.30357344268809, 919.16045652444, 138.78962187385707, 4.461118808993295, 276.5329584704577, 265.09124616611024, 215.15531546214177, 172.25242839480893, 173.44866513073458, 26.442952729350345, 281.6208234627138, 265.0910400736974, 192.3782509297215, 84.28697598833905, 331.1248500888951, 151.6871480984406, 5.523245756421369, 5.37950926903734, 98.75827400134499, 102.16451542723058, 114.63609030878722, 3.4824004954544474, 89.3054048034187, 389.46570128145595, 31.52079533480508, 196.70132826733524, 208.85561781900086, 37.61783284625736, 61.60236201715132, 46.84100167887983, 214.31027556027, 47.3183440624198, 132.5817179779082, 21.733260178455037]]"
47,"[[(0, 46), (3, 2), (48, 3), (1, 29), (15, 17), (15, 34), (29, 8), (34, 22), (7, 24), (12, 39), (18, 7), (21, 3), (39, 17), (39, 21), (24, 29), (24, 46), (17, 1), (17, 16), (25, 16), (47, 34), (37, 24), (37, 30), (42, 30), (26, 47), (36, 8), (10, 33), (33, 21), (33, 22), (33, 37), (16, 23), (27, 23), (27, 39), (22, 16), (22, 17), (22, 25)]]","[[361.94886618614134, 5.344067717550882, 1061.8185431566153, 248.0160882151184, 7.494163141430395, 208.1326356266719, 255.02664834243473, 249.43091874619407, 194.21178801020312, 132.47517170331727, 58.627891729464, 436.6643176595769, 326.81493371978604, 277.8562079952064, 57.99530802430748, 264.29706676954135, 161.87256249147504, 6.271894598248887, 5.718062518615901, 114.44412467200648, 111.87775244466857, 127.41733022337061, 0.6596145631942552, 212.54188910334796, 540.4566015628723, 29.64163734865861, 53.80004716626584, 208.1061973618011, 18.37521566398492, 54.73091927797243, 36.49027022541215, 179.96637133796247, 31.67102737041146, 68.40343066277464, 5.210775593848016]]"
48,"[[(0, 46), (3, 2), (48, 3), (1, 29), (15, 17), (15, 34), (29, 8), (34, 22), (7, 24), (12, 39), (18, 7), (21, 3), (39, 17), (39, 21), (24, 29), (24, 46), (17, 1), (17, 16), (25, 16), (47, 34), (37, 24), (37, 30), (42, 30), (26, 47), (36, 8), (10, 33), (33, 21), (33, 22), (33, 37), (16, 23), (27, 23), (27, 39), (22, 16), (22, 17), (22, 25)]]","[[942.4333973633596, 5.611804670018975, 1065.5444236044273, 283.7027602060236, 6.379146007664434, 195.9174083953054, 319.8133091748717, 245.02111593037398, 181.5773333859691, 178.51640627218805, 47.283843794406124, 455.1850092738114, 484.86184114034745, 209.0058328358144, 58.2471520575609, 171.37591879568595, 143.4490431793888, 5.3314141913848605, 3.123837421950025, 22.45674798471981, 103.21125182827416, 65.69079455482299, 16.477420241091075, 184.31560535178394, 480.7245295347805, 40.74689726659865, 38.16370028265428, 181.54109428839692, 19.58205317905678, 58.862633779458896, 38.662145086066175, 170.19995786807, 32.255971696773564, 33.97958642332918, 32.08731549144566]]"
49,"[[(0, 46), (3, 2), (48, 3), (1, 29), (15, 17), (15, 34), (29, 8), (34, 22), (7, 24), (12, 39), (18, 7), (21, 3), (39, 17), (39, 21), (24, 29), (24, 46), (17, 1), (17, 16), (25, 16), (47, 34), (37, 24), (37, 30), (42, 30), (26, 47), (36, 8), (10, 33), (33, 21), (33, 22), (33, 37), (16, 23), (27, 23), (27, 39), (22, 16), (22, 17), (22, 25)]]","[[231.82673817126926, 4.051305701470097, 973.8501966918427, 288.6838550978864, 7.301717722833869, 358.47289928861244, 299.35728460930267, 269.470183919027, 195.47776391999255, 176.20791672409925, 60.028029142092514, 409.7874810503995, 534.1677669745458, 178.22158103279085, 93.89499059650589, 252.42875331346767, 154.16102985740858, 5.9253037705657405, 5.618618441491765, 83.45170502838039, 104.73170436581384, 160.36146484674873, 10.570291503168187, 310.86891488389233, 282.83167698449904, 28.71505960845257, 283.93133657611895, 189.32793259457674, 51.90180096966375, 44.27568196155208, 43.87059371851328, 278.787606881872, 32.7993721745148, 98.77338411195106, 22.83694817960016]]"
50,"[[(0, 46), (3, 2), (48, 3), (1, 29), (15, 17), (15, 34), (29, 8), (34, 22), (7, 24), (12, 39), (18, 7), (21, 3), (39, 17), (39, 21), (24, 29), (24, 46), (17, 1), (17, 16), (25, 16), (47, 34), (37, 24), (37, 30), (42, 30), (26, 47), (36, 8), (10, 33), (33, 21), (33, 22), (33, 37), (16, 23), (27, 23), (27, 39), (22, 16), (22, 17), (22, 25)]]","[[634.9121762244179, 4.732644383181833, 1019.3866867899713, 263.9084623763063, 6.020329534214612, 190.0511033400948, 320.96358502612384, 223.00199364057713, 179.98364526423103, 204.24803027689, 69.46812659917703, 381.81284912898315, 390.18634497139044, 246.09879159302517, 104.73156792319074, 20.05454349382942, 156.17681230671548, 6.7826310240426695, 5.328198557561848, 88.12216096258184, 90.11978712375691, 78.10873873854916, 5.66310889486489, 126.77469105271388, 327.8219111293894, 35.282843154813776, 49.06227705830757, 171.64296979801588, 9.841413720774337, 51.54366989789772, 51.98821240334006, 182.3307983342259, 48.14858905683879, 73.20287131625939, 33.49278463370257]]"
51,"[[(0, 46), (3, 2), (48, 3), (1, 29), (15, 17), (15, 34), (29, 8), (34, 22), (7, 24), (12, 39), (18, 7), (21, 3), (39, 17), (39, 21), (24, 29), (24, 46), (17, 1), (17, 16), (25, 16), (47, 34), (37, 24), (37, 30), (42, 30), (26, 47), (36, 8), (10, 33), (33, 21), (33, 22), (33, 37), (16, 23), (27, 23), (27, 39), (22, 16), (22, 17), (22, 25)]]","[[260.3348489751607, 5.685787075531811, 1139.9762554070096, 255.92769469311384, 6.668732683220897, 408.64797861647975, 307.3322199870237, 271.73261113348536, 178.15071879674292, 183.48859402093854, 57.77740632394014, 272.003807303632, 548.0533897946302, 233.02303465469515, 75.38961914415458, 11.459011614392052, 167.00867067533815, 5.560243635648044, 4.919230984451388, 25.413190251283105, 113.41310874178777, 122.64012155177413, 4.645840164449346, 138.6403485416791, 380.8109994088003, 30.302085200632735, 124.27081187703382, 183.40477863588382, 39.42739190415413, 56.5104611423347, 34.53611903966483, 171.41642147629642, 36.90444180348581, 99.9427168169219, 30.424652819665845]]"
52,"[[(0, 46), (3, 2), (48, 3), (1, 29), (15, 17), (15, 34), (29, 8), (34, 22), (7, 24), (12, 39), (18, 7), (21, 3), (39, 17), (39, 21), (24, 29), (24, 46), (17, 1), (17, 16), (25, 16), (47, 34), (37, 24), (37, 30), (42, 30), (26, 47), (36, 8), (10, 33), (33, 21), (33, 22), (33, 37), (16, 23), (27, 23), (27, 39), (22, 16), (22, 17), (22, 25)]]","[[821.6835427880005, 5.69704733947307, 694.6867262064087, 237.49220416624263, 5.795169095484928, 486.30115687626335, 262.1259427496556, 222.06811404222148, 160.1003120301244, 178.72394297701553, 86.17720675635945, 493.40586375817276, 526.9833733503488, 206.32152650967944, 81.54817935848097, 222.63783901849763, 143.61143315050523, 6.1237386919858645, 10.543048257338667, 96.30055003936916, 115.693036154895, 157.25486054189028, 4.162157861315901, 278.6483918833949, 634.9220047214424, 29.60534429569783, 125.31358706793196, 184.19523307773224, 49.09433533399978, 47.642812846223165, 47.43334193943406, 152.33754821437384, 31.218747875727875, 64.66398373903912, 26.429556740378327]]"
53,"[[(0, 46), (3, 2), (48, 3), (1, 29), (15, 17), (15, 34), (29, 8), (34, 22), (7, 24), (12, 39), (18, 7), (21, 3), (39, 17), (39, 21), (24, 29), (24, 46), (17, 1), (17, 16), (25, 16), (47, 34), (37, 24), (37, 30), (42, 30), (26, 47), (36, 8), (10, 33), (33, 21), (33, 22), (33, 37), (16, 23), (27, 23), (27, 39), (22, 16), (22, 17), (22, 25)]]","[[446.34122206860513, 4.713063636316477, 1288.2644311786748, 249.4137600557944, 7.523122366036, 484.1455754480757, 292.1983503017086, 216.09600251871373, 167.26488839399644, 157.44601761659194, 42.11524027604374, 211.15431590439047, 544.9541458057158, 277.4325317494794, 102.41601500572827, 275.05978042318236, 159.98595768947, 6.7189701145301, 8.298969634585973, 73.77858126764087, 113.51938435742478, 212.04254276263535, 2.8673698068110243, 210.34260784829365, 716.3070802176247, 34.08592330953546, 258.47069521231356, 181.73103020025886, 17.760073368751783, 56.68398317491814, 45.81691411296528, 261.08504472940695, 30.480122238625277, 31.04142323381187, 20.091325444515764]]"
54,"[[(0, 46), (3, 2), (48, 3), (1, 29), (15, 17), (15, 34), (29, 8), (34, 22), (7, 24), (12, 39), (18, 7), (21, 3), (39, 17), (39, 21), (24, 29), (24, 46), (17, 1), (17, 16), (25, 16), (47, 34), (37, 24), (37, 30), (42, 30), (26, 47), (36, 8), (10, 33), (33, 21), (33, 22), (33, 37), (16, 23), (27, 23), (27, 39), (22, 16), (22, 17), (22, 25)]]","[[695.1836750402717, 4.403269052507691, 897.0726915289108, 284.4802975686711, 5.557983279978545, 521.5676179785495, 303.5702552703292, 260.8338756059386, 180.8897695441749, 126.94828740881364, 56.102793361049386, 135.055927151201, 290.32969526979474, 226.53452416206733, 60.910971507594596, 304.234810284917, 145.96094591773695, 6.245938302870099, 3.009418709031671, 24.035574541866055, 116.55671617616647, 106.70442599225514, 19.700800602649508, 293.318838341468, 358.2748812178312, 36.81960300745732, 230.72621798775123, 176.38377570569935, 46.08716548213829, 46.98579114327005, 55.439735990514166, 175.85905973668588, 47.01252084886331, 81.83406454166408, 8.489624889306242]]"
55,"[[(0, 46), (3, 2), (48, 3), (1, 29), (15, 17), (15, 34), (29, 8), (34, 22), (7, 24), (12, 39), (18, 7), (21, 3), (39, 17), (39, 21), (24, 29), (24, 46), (17, 1), (17, 16), (25, 16), (47, 34), (37, 24), (37, 30), (42, 30), (26, 47), (36, 8), (10, 33), (33, 21), (33, 22), (33, 37), (16, 23), (27, 23), (27, 39), (22, 16), (22, 17), (22, 25)]]","[[799.3893959514628, 5.366333449660653, 1123.4191583445859, 197.65215915441914, 7.204299665688408, 498.1750307969953, 318.8841279560856, 234.75728660385985, 190.68502849085294, 128.59949830383368, 68.40570989907494, 309.5815086967283, 290.9883260001416, 267.1791008782741, 76.67557004752523, 298.6616770958123, 158.87270825794252, 6.33559843844802, 4.146728099934024, 123.53923754406395, 109.46858997943667, 191.86011388735, 9.078355432799004, 141.00202730515085, 449.32759067480197, 33.79122728223216, 157.03847700184676, 184.92005436312314, 50.82433270005319, 45.20905295130056, 30.59363999391064, 124.82866826766798, 38.51635586939592, 115.09399127449126, 17.905030001824475]]"
56,"[[(0, 46), (3, 2), (48, 3), (1, 29), (15, 17), (15, 34), (29, 8), (34, 22), (7, 24), (12, 39), (18, 7), (21, 3), (39, 17), (39, 21), (24, 29), (24, 46), (17, 1), (17, 16), (25, 16), (47, 34), (37, 24), (37, 30), (42, 30), (26, 47), (36, 8), (10, 33), (33, 21), (33, 22), (33, 37), (16, 23), (27, 23), (27, 39), (22, 16), (22, 17), (22, 25)]]","[[429.832013033199, 5.445143127125809, 1169.968056730621, 194.8883914910914, 6.382274083998441, 370.3321004584475, 279.8913755621714, 209.40323906284462, 181.8391247540063, 131.95569516212385, 32.55049293447272, 343.459588502766, 316.74558403877745, 214.31095889698747, 79.63397672945375, 143.6961811269441, 147.82116178003534, 6.960567595157577, 8.816262640031017, 25.08931717352079, 116.16942555356017, 73.16382571934244, 13.913050086693104, 318.1096633478174, 631.4355668411149, 43.92117838318023, 226.03571490250255, 188.33175002776267, 13.764683031905006, 66.20341559728895, 31.247353865481493, 114.97073826387889, 40.841041444174664, 5.526112974039529, 15.688252480421552]]"
57,"[[(0, 46), (3, 2), (48, 3), (1, 29), (15, 17), (15, 34), (29, 8), (34, 22), (7, 24), (12, 39), (18, 7), (21, 3), (39, 17), (39, 21), (24, 29), (24, 46), (17, 1), (17, 16), (25, 16), (47, 34), (37, 24), (37, 30), (42, 30), (26, 47), (36, 8), (10, 33), (33, 21), (33, 22), (33, 37), (16, 23), (27, 23), (27, 39), (22, 16), (22, 17), (22, 25)]]","[[540.9698659011797, 5.6470400057191945, 1156.9067282321578, 157.19836343436214, 7.086266260205713, 457.1877896070898, 296.12688068641523, 219.00618389984902, 171.98724577560407, 216.5523308267176, 43.04208893658726, 485.64033000304755, 405.6867597292575, 246.58074266503792, 99.56609589930352, 78.12284585698744, 165.04225424286187, 6.345482961298462, 5.242364010240393, 61.35283855513206, 104.18367932328977, 170.232740145567, 2.8228918804086667, 159.64067095677333, 700.6355400675645, 29.22371215864457, 197.88981585019664, 174.36568265654512, 54.96872603484631, 56.298685705408985, 48.50999246747119, 96.52846215540508, 50.18563698046786, 93.49773754324441, 28.00928838168598]]"
58,"[[(0, 46), (3, 2), (48, 3), (1, 29), (15, 17), (15, 34), (29, 8), (34, 22), (7, 24), (12, 39), (18, 7), (21, 3), (39, 17), (39, 21), (24, 29), (24, 46), (17, 1), (17, 16), (25, 16), (47, 34), (37, 24), (37, 30), (42, 30), (26, 47), (36, 8), (10, 33), (33, 21), (33, 22), (33, 37), (16, 23), (27, 23), (27, 39), (22, 16), (22, 17), (22, 25)]]","[[477.5714762987524, 5.780933928113141, 657.4550059471262, 218.32712484404033, 7.5785835242160555, 341.8959470165146, 298.53978275162535, 237.92134271070617, 191.1739904120909, 205.9750851613719, 52.76186689962719, 244.08308910005815, 455.1233906717474, 260.84659151808404, 63.06714367287534, 65.67423531509394, 156.92436916966034, 6.013860184752019, 5.339265730492967, 48.50705814367084, 107.07068818434166, 118.5291800285562, 14.714950115646984, 166.64997822596462, 473.56215527287475, 45.621970634360636, 47.856327513411266, 205.08019126030842, 46.892755315627106, 61.357196339072004, 55.40383042766999, 211.70510915075485, 43.98811798095583, 114.30704011765191, 25.889678497475806]]"
59,"[[(0, 46), (3, 2), (48, 3), (1, 29), (15, 17), (15, 34), (29, 8), (34, 22), (7, 24), (12, 39), (18, 7), (21, 3), (39, 17), (39, 21), (24, 29), (24, 46), (17, 1), (17, 16), (25, 16), (47, 34), (37, 24), (37, 30), (42, 30), (26, 47), (36, 8), (10, 33), (33, 21), (33, 22), (33, 37), (16, 23), (27, 23), (27, 39), (22, 16), (22, 17), (22, 25)]]","[[273.0709701005213, 4.5221661510912545, 1096.8213277890866, 227.75666644465014, 5.195127703729847, 419.73942954197173, 320.9850927925553, 267.54987635503045, 170.4511910865709, 198.51888604568245, 54.690046771024086, 158.89442554331072, 319.154201270782, 173.21765317485747, 75.4908921945496, 165.22756056296265, 166.55136253895805, 5.232391524991648, 6.664743240428941, 36.687178525017686, 86.82313198537557, 131.8295756184437, 18.116857268674714, 332.0590906814456, 610.561188268241, 44.10975730928382, 281.3819697477536, 200.01701209947007, 14.80463598791752, 64.27409151425178, 42.16197920703446, 147.96176726595144, 47.26533482414606, 6.893492441388343, 27.178421114981294]]"
60,"[[(0, 46), (3, 2), (48, 3), (1, 29), (15, 17), (15, 34), (29, 8), (34, 22), (7, 24), (12, 39), (18, 7), (21, 3), (39, 17), (39, 21), (24, 29), (24, 46), (17, 1), (17, 16), (25, 16), (47, 34), (37, 24), (37, 30), (42, 30), (26, 47), (36, 8), (10, 33), (33, 21), (33, 22), (33, 37), (16, 23), (27, 23), (27, 39), (22, 16), (22, 17), (22, 25)]]","[[847.1399424145154, 4.440757084516985, 1250.719307803692, 138.4146030075349, 7.3806350721047025, 225.78726039792846, 311.76384489684943, 271.7274607504001, 195.1294429074916, 158.9968838846341, 70.55383167711642, 347.88347528994103, 508.21429729528944, 217.57666228763588, 61.90825161937369, 32.72412193360766, 150.83753212675063, 6.413534449745251, 8.51682838808489, 38.56006129897705, 98.73028698207253, 184.17185216593305, 19.197917116562422, 101.1326813355549, 329.6290346788399, 40.50624293532427, 98.99840042655451, 185.50353771408444, 13.737347137561791, 60.56761876728865, 31.16833520921087, 163.9128059162005, 39.974146441911984, 123.27725883032271, 5.277457685645496]]"
61,"[[(0, 46), (3, 2), (48, 3), (1, 29), (15, 17), (15, 34), (29, 8), (34, 22), (7, 24), (12, 39), (18, 7), (21, 3), (39, 17), (39, 21), (24, 29), (24, 46), (17, 1), (17, 16), (25, 16), (47, 34), (37, 24), (37, 30), (42, 30), (26, 47), (36, 8), (10, 33), (33, 21), (33, 22), (33, 37), (16, 23), (27, 23), (27, 39), (22, 16), (22, 17), (22, 25)]]","[[718.6448720446242, 4.7434384639291, 1312.2691589771225, 194.99984028920244, 7.39103652387168, 503.4443977200002, 275.053124611862, 259.0021438096425, 180.66384543938142, 208.33976663681963, 35.374016237894104, 92.06515875751444, 453.07584221238113, 192.36832821311359, 91.29404438312109, 108.84598350178265, 164.83401067946102, 5.092415386226129, 4.979174913370156, 32.306542452025404, 115.3552140297295, 129.58229289688114, 3.4011018772632395, 161.71069335695626, 542.404836530553, 33.16396602014451, 103.15872925069532, 206.10590381317485, 29.359175008361277, 66.24401745378572, 51.16083610325913, 103.35003539873205, 34.176072657046866, 33.83458414987945, 17.463143022938123]]"
62,"[[(0, 46), (3, 2), (48, 3), (1, 29), (15, 17), (15, 34), (29, 8), (34, 22), (7, 24), (12, 39), (18, 7), (21, 3), (39, 17), (39, 21), (24, 29), (24, 46), (17, 1), (17, 16), (25, 16), (47, 34), (37, 24), (37, 30), (42, 30), (26, 47), (36, 8), (10, 33), (33, 21), (33, 22), (33, 37), (16, 23), (27, 23), (27, 39), (22, 16), (22, 17), (22, 25)]]","[[465.4596564902964, 5.814941204039982, 957.1488994242263, 119.93059643664117, 5.062336838166225, 371.42111439135414, 296.48054737978, 255.07972317503672, 169.3196584744175, 189.91208628192902, 67.99338117307795, 362.63129266727, 364.50984591476396, 241.79390891850926, 74.38857803187224, 178.8558684891647, 148.42994361174462, 6.433865130769998, 5.285058691840053, 64.17087048330254, 87.67383214447405, 61.331278100821315, 8.801638624781612, 96.81335524242569, 275.01576385334755, 46.280883482723496, 72.26285426290244, 179.1110832868091, 40.27242484518328, 53.50522446113865, 31.219853416874624, 238.55120142056066, 45.19319703204621, 39.305538211325995, 23.935363656277705]]"
63,"[[(0, 46), (3, 2), (48, 3), (1, 29), (15, 17), (15, 34), (29, 8), (34, 22), (7, 24), (12, 39), (18, 7), (21, 3), (39, 17), (39, 21), (24, 29), (24, 46), (17, 1), (17, 16), (25, 16), (47, 34), (37, 24), (37, 30), (42, 30), (26, 47), (36, 8), (10, 33), (33, 21), (33, 22), (33, 37), (16, 23), (27, 23), (27, 39), (22, 16), (22, 17), (22, 25)]]","[[787.8600201854557, 4.486360619303946, 848.0481743104885, 209.68711238491062, 4.271173555301722, 224.16693562261293, 277.13376932187424, 274.3761418277001, 172.3754926304414, 211.32162727267453, 70.00871736822936, 226.99507888273513, 361.27757524379524, 270.1607251813821, 71.92848239647637, 95.14979800453077, 160.79862631577495, 6.837368248607577, 3.4290309782084503, 104.7006501533429, 91.37019468727169, 171.6296969785547, 3.229119702524461, 118.16430556324133, 563.7645938401884, 27.000320091563133, 35.24106288788023, 206.4270974708863, 10.592542916854503, 47.80265954905395, 46.83480344556419, 98.08975501215642, 28.081281824446883, 64.29496048312302, 16.520476921004928]]"
64,"[[(0, 46), (3, 2), (48, 3), (1, 29), (15, 17), (15, 34), (29, 8), (34, 22), (7, 24), (12, 39), (18, 7), (21, 3), (39, 17), (39, 21), (24, 29), (24, 46), (17, 1), (17, 16), (25, 16), (47, 34), (37, 24), (37, 30), (42, 30), (26, 47), (36, 8), (10, 33), (33, 21), (33, 22), (33, 37), (16, 23), (27, 23), (27, 39), (22, 16), (22, 17), (22, 25)]]","[[233.56996911240296, 4.548210100439918, 498.79204682024863, 285.7947386163341, 6.950292383052959, 195.564400488285, 299.16719548487436, 237.75782104733736, 183.33111000353134, 148.21593105411623, 71.09685754976238, 170.9741631951366, 483.62717964885076, 191.55311694798743, 105.18772374904249, 120.14205255956287, 158.11261023595628, 5.249251893578159, 9.265424971866405, 117.22303350622524, 113.12900852566486, 144.1940574875092, 8.589192201106554, 320.40269702013734, 300.6691349198512, 33.19296529160322, 282.7628623549501, 170.87899416463597, 48.404329539578605, 51.642584103696045, 44.2898894515555, 259.77888076650635, 32.48284747651379, 107.55969177472791, 24.046756109725717]]"
65,"[[(0, 46), (3, 2), (48, 3), (1, 29), (15, 17), (15, 34), (29, 8), (34, 22), (7, 24), (12, 39), (18, 7), (21, 3), (39, 17), (39, 21), (24, 29), (24, 46), (17, 1), (17, 16), (25, 16), (47, 34), (37, 24), (37, 30), (42, 30), (26, 47), (36, 8), (10, 33), (33, 21), (33, 22), (33, 37), (16, 23), (27, 23), (27, 39), (22, 16), (22, 17), (22, 25)]]","[[617.6760918752586, 5.326637869920387, 543.5214768958797, 163.71162457683448, 4.393111843600106, 441.0707005205001, 300.78134402366214, 243.45990309885914, 183.27367484588103, 130.24841692953532, 84.49204133387389, 306.42789880017, 491.2731910620373, 269.3476226466253, 58.35659297409559, 222.17837254484755, 159.42590889376606, 5.226773638364019, 10.218932523917353, 38.53920310347243, 85.9692435016701, 99.84744405507848, 3.9693679915981694, 296.11306809987946, 311.59321007442645, 46.96996885296617, 215.81361000735708, 205.12493558891367, 32.865951887393784, 52.28313440574753, 53.70889560226979, 77.19646716460804, 50.92018867841257, 109.6732493471843, 12.347380310808182]]"
66,"[[(0, 46), (3, 2), (48, 3), (1, 29), (15, 17), (15, 34), (29, 8), (34, 22), (7, 24), (12, 39), (18, 7), (21, 3), (39, 17), (39, 21), (24, 29), (24, 46), (17, 1), (17, 16), (25, 16), (47, 34), (37, 24), (37, 30), (42, 30), (26, 47), (36, 8), (10, 33), (33, 21), (33, 22), (33, 37), (16, 23), (27, 23), (27, 39), (22, 16), (22, 17), (22, 25)]]","[[681.6589483982516, 5.77286641167983, 1105.7340630886438, 266.90021429333603, 7.419899751750581, 374.8919085952118, 280.798817935514, 233.10562499861908, 161.5346976733754, 214.76122963645884, 37.668780278548326, 454.04045902319837, 435.54944200148884, 260.2815087611058, 81.33981569286593, 157.92825821271987, 167.86614392747836, 5.961731429098974, 3.1714364575061866, 97.76018130788776, 88.27371391936694, 70.95431771867378, 3.2689926553025073, 134.19177114191825, 599.5111210832902, 34.8699290824305, 250.8841265277204, 181.37794550149454, 38.68610833886951, 48.05292255430648, 49.129101461297495, 275.67857806935285, 36.183373527141505, 79.73388282705687, 7.9149442081458155]]"
67,"[[(0, 46), (3, 2), (48, 3), (1, 29), (15, 17), (15, 34), (29, 8), (34, 22), (7, 24), (12, 39), (18, 7), (21, 3), (39, 17), (39, 21), (24, 29), (24, 46), (17, 1), (17, 16), (25, 16), (47, 34), (37, 24), (37, 30), (42, 30), (26, 47), (36, 8), (10, 33), (33, 21), (33, 22), (33, 37), (16, 23), (27, 23), (27, 39), (22, 16), (22, 17), (22, 25)]]","[[529.0048183782118, 5.651120749501102, 1211.420083898196, 202.5933408092286, 7.675504098441614, 364.06920949904895, 259.24739480333295, 225.23114281861618, 189.6567515984831, 137.84819801973583, 60.03739069508527, 239.3931380622753, 538.5902766923776, 192.82713857399074, 104.31061505089707, 311.8307240726972, 144.63197510058066, 5.506395790339333, 7.287545428982159, 88.40160168633135, 89.13069743444377, 110.39349851442779, 12.9497958733765, 84.69959326416934, 332.30879068856103, 39.23215386234696, 133.00076923922188, 178.72847491497802, 24.44095716580337, 43.30006985719529, 44.31091629871379, 142.55238372620332, 44.74016490131902, 59.63598979141023, 33.62256483433247]]"
68,"[[(0, 46), (3, 2), (48, 3), (1, 29), (15, 17), (15, 34), (29, 8), (34, 22), (7, 24), (12, 39), (18, 7), (21, 3), (39, 17), (39, 21), (24, 29), (24, 46), (17, 1), (17, 16), (25, 16), (47, 34), (37, 24), (37, 30), (42, 30), (26, 47), (36, 8), (10, 33), (33, 21), (33, 22), (33, 37), (16, 23), (27, 23), (27, 39), (22, 16), (22, 17), (22, 25)]]","[[832.7979553417297, 4.06001192934434, 1208.0039193349494, 151.85554681092094, 5.339186400847139, 413.7892383680745, 313.81835265308064, 229.03762941272993, 169.03717178068362, 140.58887587708026, 63.585875174427, 311.25685573120404, 389.3622328419835, 172.32079935954806, 81.32447740640328, 274.52078330058174, 163.88096344526627, 5.09826731597537, 7.565255162702218, 12.495653804984393, 107.98841189987343, 139.2980761579574, 4.3130401508765415, 207.41605127294784, 480.6124628100747, 33.542011658288224, 165.9569678122225, 196.17119369086043, 49.99585043911287, 59.139140074686914, 38.26244937587981, 119.89363661354547, 46.48194964580834, 132.02488756348808, 19.42602299410952]]"
69,"[[(0, 46), (3, 2), (48, 3), (1, 29), (15, 17), (15, 34), (29, 8), (34, 22), (7, 24), (12, 39), (18, 7), (21, 3), (39, 17), (39, 21), (24, 29), (24, 46), (17, 1), (17, 16), (25, 16), (47, 34), (37, 24), (37, 30), (42, 30), (26, 47), (36, 8), (10, 33), (33, 21), (33, 22), (33, 37), (16, 23), (27, 23), (27, 39), (22, 16), (22, 17), (22, 25)]]","[[549.0098799624423, 5.965816112101095, 1017.4397907069294, 126.72294865982039, 7.691408770634139, 267.11709146624816, 286.9276233340406, 228.69016709350714, 159.27363204272893, 131.54699911982593, 81.56959959434519, 389.29084206919214, 333.03555572665954, 218.85372078700846, 92.81329430661324, 3.4242587151602017, 156.0409825568172, 6.229775531537507, 6.272182691030229, 113.29640441532699, 87.52751866384503, 147.7729739056725, 2.0130943788691003, 288.44888421016594, 276.28576513557636, 38.88982366940775, 63.82291860550152, 167.45101495830787, 53.485373233021626, 62.242783839135775, 55.92891435256774, 228.5008832525838, 47.175792222142775, 37.11114240736695, 22.921395513646548]]"
70,"[[(0, 46), (3, 2), (48, 3), (1, 29), (15, 17), (15, 34), (29, 8), (34, 22), (7, 24), (12, 39), (18, 7), (21, 3), (39, 17), (39, 21), (24, 29), (24, 46), (17, 1), (17, 16), (25, 16), (47, 34), (37, 24), (37, 30), (42, 30), (26, 47), (36, 8), (10, 33), (33, 21), (33, 22), (33, 37), (16, 23), (27, 23), (27, 39), (22, 16), (22, 17), (22, 25)]]","[[389.0793971263323, 5.118870281445369, 1180.9728436285104, 231.73677268191182, 7.239572105896304, 377.18592837799486, 266.31990763677493, 227.42583699040412, 191.46720904482424, 228.40732396704914, 83.06478984324153, 279.85125698004316, 406.2404550261556, 233.99565394142914, 79.46021982891935, 124.65799299797673, 167.09993528339126, 5.1560294002421525, 8.511346802541038, 9.621438034846292, 105.23037173068171, 129.46277203525398, 3.045705762717046, 121.2526109405016, 521.704959368976, 38.02173335442289, 162.13038257546486, 187.0786271772012, 10.24048363589439, 57.55173993665642, 38.590911324122395, 223.0829591086046, 42.76476168498354, 115.36270027535107, 28.48218367563954]]"
71,"[[(0, 46), (3, 2), (48, 3), (1, 29), (15, 17), (15, 34), (29, 8), (34, 22), (7, 24), (12, 39), (18, 7), (21, 3), (39, 17), (39, 21), (24, 29), (24, 46), (17, 1), (17, 16), (25, 16), (47, 34), (37, 24), (37, 30), (42, 30), (26, 47), (36, 8), (10, 33), (33, 21), (33, 22), (33, 37), (16, 23), (27, 23), (27, 39), (22, 16), (22, 17), (22, 25)]]","[[454.3814340820761, 4.508353128726695, 1038.6002728945862, 240.43309009278573, 7.6625639041607485, 304.223935962568, 307.8407508223097, 241.52786624800174, 184.13190187031927, 156.77768838504815, 48.45959597752562, 312.81141176113215, 301.2496888762404, 241.76218819501827, 79.01353524702745, 288.9940730295278, 162.35242725315896, 6.020687359355451, 5.525377692956659, 77.5108543366608, 99.85008180748423, 54.30204947228626, 7.930834298754396, 330.28934932090095, 605.6583113115657, 44.289488570141884, 142.79756839468587, 200.1763156823033, 27.088918912912447, 67.56565395538483, 47.67724880239808, 201.07960674038588, 45.763479114347255, 77.60048313751597, 23.220775962889384]]"
72,"[[(0, 46), (3, 2), (48, 3), (1, 29), (15, 17), (15, 34), (29, 8), (34, 22), (7, 24), (12, 39), (18, 7), (21, 3), (39, 17), (39, 21), (24, 29), (24, 46), (17, 1), (17, 16), (25, 16), (47, 34), (37, 24), (37, 30), (42, 30), (26, 47), (36, 8), (10, 33), (33, 21), (33, 22), (33, 37), (16, 23), (27, 23), (27, 39), (22, 16), (22, 17), (22, 25)]]","[[736.9454805260356, 4.265930927757328, 633.9083905549305, 286.232972333307, 4.44797267206561, 260.7831503140132, 255.73785845744965, 246.80195092096375, 193.00780435399565, 168.09970826903688, 44.24729052192745, 425.8661088318968, 461.9111168699856, 232.57361061787884, 91.87660135935995, 8.264708679272266, 165.9660545791754, 6.882417653093338, 3.696225159724463, 19.40507234740283, 95.36025855137176, 168.4360504134348, 11.469220272137841, 297.09548961921087, 282.8293931079065, 25.80469639532508, 181.30092787939043, 196.09095939489887, 53.47952424133334, 58.999138738832414, 47.07715101701886, 182.65664757150705, 38.53987349756234, 21.99169989001914, 29.07256394574686]]"
73,"[[(0, 46), (3, 2), (48, 3), (1, 29), (15, 17), (15, 34), (29, 8), (34, 22), (7, 24), (12, 39), (18, 7), (21, 3), (39, 17), (39, 21), (24, 29), (24, 46), (17, 1), (17, 16), (25, 16), (47, 34), (37, 24), (37, 30), (42, 30), (26, 47), (36, 8), (10, 33), (33, 21), (33, 22), (33, 37), (16, 23), (27, 23), (27, 39), (22, 16), (22, 17), (22, 25)]]","[[346.0645604153115, 4.762214563181284, 937.8026614628939, 252.69073807553943, 4.722706089857217, 517.23653886253, 311.5747560277909, 259.64979080452827, 193.15775142226653, 169.41229325652694, 83.87041795003955, 328.7225235094709, 270.1719057350397, 261.9922960234725, 61.95030453730288, 58.890376944997804, 153.35641207148922, 6.3292242395062015, 7.305369670548613, 98.21257317385027, 94.94130826637267, 155.3387954660168, 7.079100208195374, 304.63631234026496, 388.7116157306756, 32.34289057541021, 278.9474475769195, 171.77961095645531, 28.580017004352037, 44.913706289744425, 41.36195728727577, 99.26235837265241, 33.26267377986028, 85.11712851065636, 7.905111689758188]]"
74,"[[(0, 46), (3, 2), (48, 3), (1, 29), (15, 17), (15, 34), (29, 8), (34, 22), (7, 24), (12, 39), (18, 7), (21, 3), (39, 17), (39, 21), (24, 29), (24, 46), (17, 1), (17, 16), (25, 16), (47, 34), (37, 24), (37, 30), (42, 30), (26, 47), (36, 8), (10, 33), (33, 21), (33, 22), (33, 37), (16, 23), (27, 23), (27, 39), (22, 16), (22, 17), (22, 25)]]","[[447.07923436924733, 5.781242488641023, 1085.7580591251979, 277.924476676301, 7.204090735824703, 427.2768059500178, 280.2413140339036, 205.228834059298, 189.88758393288472, 139.15867935758266, 80.55580485917513, 191.34825759002962, 529.7608594067331, 172.28681400620033, 90.58101780671602, 30.447658924327285, 160.8831020418356, 6.606618761262451, 9.111046656666012, 136.9853491360828, 102.17167413742831, 87.08610470741499, 3.812157492990982, 102.72299884962474, 323.6070658526175, 27.608072056840214, 52.806205496805504, 193.4320453198116, 25.69552329344313, 57.23898422876079, 55.007938402812314, 209.0182970868924, 42.52622719830785, 117.33684452557222, 26.997416239852356]]"
75,"[[(0, 46), (3, 2), (48, 3), (1, 29), (15, 17), (15, 34), (29, 8), (34, 22), (7, 24), (12, 39), (18, 7), (21, 3), (39, 17), (39, 21), (24, 29), (24, 46), (17, 1), (17, 16), (25, 16), (47, 34), (37, 24), (37, 30), (42, 30), (26, 47), (36, 8), (10, 33), (33, 21), (33, 22), (33, 37), (16, 23), (27, 23), (27, 39), (22, 16), (22, 17), (22, 25)]]","[[381.1899432386293, 4.949655081996833, 1178.1792227985013, 216.13775597280045, 4.586420003415483, 264.0176631668371, 287.9328039028637, 263.1265488978611, 168.74607536836947, 201.40919172960793, 74.53145817513325, 389.1636733982267, 326.545286994273, 180.63139495952336, 71.23153132239614, 50.74152386205699, 145.02449552688458, 6.964583193164559, 6.402670068382938, 18.673269469164207, 120.64196445707645, 128.1384692815983, 9.339163555456093, 126.45113608141511, 389.190604748665, 39.42402716464095, 252.29544247053678, 198.56723503419397, 55.20828692099974, 55.129901652867176, 51.00808456159517, 116.75266016989261, 33.37878205676637, 47.70414432298145, 14.345070098724102]]"
76,"[[(0, 46), (3, 2), (48, 3), (1, 29), (15, 17), (15, 34), (29, 8), (34, 22), (7, 24), (12, 39), (18, 7), (21, 3), (39, 17), (39, 21), (24, 29), (24, 46), (17, 1), (17, 16), (25, 16), (47, 34), (37, 24), (37, 30), (42, 30), (26, 47), (36, 8), (10, 33), (33, 21), (33, 22), (33, 37), (16, 23), (27, 23), (27, 39), (22, 16), (22, 17), (22, 25)]]","[[634.9052068461273, 5.338867482909928, 690.2262074194646, 157.47832088280347, 5.254563084657818, 304.07997545642934, 291.8018348564001, 227.58319036903598, 158.98062790119607, 214.01337333561105, 27.258748792375474, 427.8071480424153, 529.5023458194585, 210.40199231627014, 70.61995050749863, 266.68738339580784, 159.35712454445672, 5.6110346993543825, 5.822103290029413, 9.957850104006983, 115.87645377561728, 138.29795658551018, 5.410426081338919, 157.26222961102627, 492.94076142803505, 29.22574404835379, 91.8117319395051, 172.11796321763185, 39.33843270515397, 53.52426552746596, 33.805682860781516, 252.83076177596325, 44.64296913233841, 131.8840918384476, 17.387677412678315]]"
77,"[[(0, 46), (3, 2), (48, 3), (1, 29), (15, 17), (15, 34), (29, 8), (34, 22), (7, 24), (12, 39), (18, 7), (21, 3), (39, 17), (39, 21), (24, 29), (24, 46), (17, 1), (17, 16), (25, 16), (47, 34), (37, 24), (37, 30), (42, 30), (26, 47), (36, 8), (10, 33), (33, 21), (33, 22), (33, 37), (16, 23), (27, 23), (27, 39), (22, 16), (22, 17), (22, 25)]]","[[558.0701594583455, 5.065893381268917, 670.4147460992901, 210.62931939955206, 5.7533843596082885, 442.3508329688957, 255.91409123880254, 257.935678307844, 188.61786973539736, 171.83840324411688, 57.447032346646296, 188.67148314522728, 498.047320383424, 244.63240900945075, 108.6367065870024, 162.09689551083247, 167.50861498697873, 6.93581176101019, 7.404148967456256, 42.62380575916273, 119.99598264028072, 181.73538605395706, 4.729799467376696, 274.4063934564855, 673.5912504104859, 46.30527385166106, 143.53712270817692, 206.9603865736952, 30.295022735373053, 56.85042695291763, 30.081575115201282, 270.9724708337029, 31.233450533852817, 121.78846916753072, 33.900576113788624]]"
78,"[[(0, 46), (3, 2), (48, 3), (1, 29), (15, 17), (15, 34), (29, 8), (34, 22), (7, 24), (12, 39), (18, 7), (21, 3), (39, 17), (39, 21), (24, 29), (24, 46), (17, 1), (17, 16), (25, 16), (47, 34), (37, 24), (37, 30), (42, 30), (26, 47), (36, 8), (10, 33), (33, 21), (33, 22), (33, 37), (16, 23), (27, 23), (27, 39), (22, 16), (22, 17), (22, 25)]]","[[478.4548176348568, 5.819958617360619, 1093.387421824947, 128.9508427043545, 4.453904954824205, 474.9120304527809, 268.57780213327425, 227.08181793253138, 172.86280428492515, 159.66942870309475, 69.78844219494687, 143.10748864637625, 283.1934010298526, 174.66635385525686, 99.90936988032391, 140.60036033819264, 151.67184716418498, 5.012679193500008, 8.818349092617137, 119.17794667910192, 103.24821417296809, 161.12327372783574, 11.472896990283177, 112.9478263445093, 321.31255849016446, 35.46793031974353, 246.73399489663572, 198.67309843571672, 18.06803931959282, 66.88249680575015, 52.5436577766789, 98.27677135029285, 29.4298561255915, 118.8275529558087, 23.78288425715644]]"
79,"[[(0, 46), (3, 2), (48, 3), (1, 29), (15, 17), (15, 34), (29, 8), (34, 22), (7, 24), (12, 39), (18, 7), (21, 3), (39, 17), (39, 21), (24, 29), (24, 46), (17, 1), (17, 16), (25, 16), (47, 34), (37, 24), (37, 30), (42, 30), (26, 47), (36, 8), (10, 33), (33, 21), (33, 22), (33, 37), (16, 23), (27, 23), (27, 39), (22, 16), (22, 17), (22, 25)]]","[[441.87548228162353, 4.5712482177147615, 820.0407110347176, 281.9792147247349, 4.709690246708201, 490.6240505535919, 263.7980849182032, 242.26903460550233, 192.70134613624703, 213.23104428673406, 47.573173472179704, 141.75217656397575, 355.3845858000258, 236.0280376120486, 58.37484948525582, 194.9749916616259, 159.97905064866643, 5.423376629067173, 4.830320069790139, 33.835941481366554, 94.42096016055706, 203.29794945238734, 6.390421798185768, 256.20803976827085, 647.1635857625002, 44.14174595447986, 180.79113415767415, 202.04912382034496, 47.56824193381949, 53.4211353121205, 55.869120593919334, 240.13210738540624, 28.963173141287847, 30.46115650405225, 13.44145438752332]]"
80,"[[(0, 46), (3, 2), (48, 3), (1, 29), (15, 17), (15, 34), (29, 8), (34, 22), (7, 24), (12, 39), (18, 7), (21, 3), (39, 17), (39, 21), (24, 29), (24, 46), (17, 1), (17, 16), (25, 16), (47, 34), (37, 24), (37, 30), (42, 30), (26, 47), (36, 8), (10, 33), (33, 21), (33, 22), (33, 37), (16, 23), (27, 23), (27, 39), (22, 16), (22, 17), (22, 25)]]","[[658.2823080972436, 5.47165539181341, 1172.7480133560173, 238.69132238660512, 6.575673512919443, 181.44875673364893, 314.26199456894545, 229.0815647904616, 186.11512300216157, 156.22397810438338, 26.429889395290488, 447.77947247767827, 461.913722727846, 224.726752126827, 73.4755763377819, 126.20012687234689, 147.72432808831815, 6.263632689267232, 6.041986563963695, 34.02621977990245, 86.23317342723388, 138.25375861125957, 12.021934126569771, 189.7229527322171, 391.52958835050737, 44.267541763445905, 224.12065082863413, 185.13164872467937, 48.46964380293878, 45.409488427447, 39.27096044395155, 191.4329905531698, 40.150229166806724, 44.13057754948287, 5.980565917029999]]"
81,"[[(0, 46), (3, 2), (48, 3), (1, 29), (15, 17), (15, 34), (29, 8), (34, 22), (7, 24), (12, 39), (18, 7), (21, 3), (39, 17), (39, 21), (24, 29), (24, 46), (17, 1), (17, 16), (25, 16), (47, 34), (37, 24), (37, 30), (42, 30), (26, 47), (36, 8), (10, 33), (33, 21), (33, 22), (33, 37), (16, 23), (27, 23), (27, 39), (22, 16), (22, 17), (22, 25)]]","[[261.3377113413552, 5.010519065344809, 494.80339951655475, 241.92298520791877, 7.273826371907088, 178.15369364615643, 319.8290588796062, 235.23620508439495, 175.0249726086214, 191.1391162218352, 41.684118629029186, 231.37053092561783, 531.3830842887045, 236.87986468010487, 70.64994470859163, 152.75708020215941, 146.32542858745407, 6.5459239767344695, 4.962582372047403, 44.25708262356305, 113.48132617098659, 219.28954891661562, 9.06931486555749, 137.42980148333447, 503.22141427383906, 33.158142758718284, 98.34226166781804, 187.7469013783727, 40.98558665783209, 62.32739319915076, 51.161135708156436, 64.84490186639411, 32.36929415822201, 89.07796618462172, 27.479763532415813]]"
82,"[[(0, 46), (3, 2), (48, 3), (1, 29), (15, 17), (15, 34), (29, 8), (34, 22), (7, 24), (12, 39), (18, 7), (21, 3), (39, 17), (39, 21), (24, 29), (24, 46), (17, 1), (17, 16), (25, 16), (47, 34), (37, 24), (37, 30), (42, 30), (26, 47), (36, 8), (10, 33), (33, 21), (33, 22), (33, 37), (16, 23), (27, 23), (27, 39), (22, 16), (22, 17), (22, 25)]]","[[475.86812168454276, 4.940059109236508, 855.8920341051376, 277.0362148770365, 6.460543447346208, 513.327029424104, 313.3389665175577, 259.0484353698935, 191.59492601797353, 208.84603055096272, 69.66085837634373, 175.62912671521977, 386.5208354980904, 172.95151261498316, 88.99279097579128, 233.81366196827895, 155.85476119094142, 5.241052589942092, 5.039104184158936, 41.757276267376135, 80.62565937282204, 181.3855112686027, 11.616307186391733, 199.17380364834287, 425.3697267024083, 39.243906808362176, 182.83630345017588, 210.4177083656278, 15.606516382664681, 43.30802720551604, 49.982166815516365, 102.3636439599406, 35.10277696522971, 10.978675420526287, 12.035430164515043]]"
83,"[[(0, 46), (3, 2), (48, 3), (1, 29), (15, 17), (15, 34), (29, 8), (34, 22), (7, 24), (12, 39), (18, 7), (21, 3), (39, 17), (39, 21), (24, 29), (24, 46), (17, 1), (17, 16), (25, 16), (47, 34), (37, 24), (37, 30), (42, 30), (26, 47), (36, 8), (10, 33), (33, 21), (33, 22), (33, 37), (16, 23), (27, 23), (27, 39), (22, 16), (22, 17), (22, 25)]]","[[894.5402606457682, 4.617310341760079, 634.7140510331392, 122.93624307631468, 4.453866845909479, 377.74925022639223, 288.61304827754486, 252.52255200037845, 193.9378856343026, 204.8606178229556, 57.517319319880954, 338.30435043490235, 423.87187101529923, 207.0781979919997, 62.66813844998042, 127.92530359957773, 152.3230441403104, 6.433274750630634, 9.728703219285396, 19.373784426535373, 104.81974531852191, 75.90352038005231, 15.745843044491796, 250.04070000392568, 337.19554257392303, 44.11241198728899, 159.23524758898301, 209.5017494470402, 51.04498704661454, 43.62033429173662, 33.72087887224545, 172.34081924722585, 45.32369273844571, 121.80013860567117, 25.056070593039802]]"
84,"[[(0, 46), (3, 2), (48, 3), (1, 29), (15, 17), (15, 34), (29, 8), (34, 22), (7, 24), (12, 39), (18, 7), (21, 3), (39, 17), (39, 21), (24, 29), (24, 46), (17, 1), (17, 16), (25, 16), (47, 34), (37, 24), (37, 30), (42, 30), (26, 47), (36, 8), (10, 33), (33, 21), (33, 22), (33, 37), (16, 23), (27, 23), (27, 39), (22, 16), (22, 17), (22, 25)]]","[[934.8216614899287, 5.623545277645858, 983.5686534004044, 126.52531675479312, 6.9760350037890575, 268.28092913152244, 319.49122501381805, 271.3531943021617, 195.90026710497247, 134.53753161908745, 61.25108215093963, 171.0358412988753, 265.87872358108876, 170.14732756350017, 62.05978842614684, 272.9015538526384, 167.28506319102428, 5.520663264862811, 6.259824416735902, 98.19415295648045, 95.85407561488984, 95.42347646247221, 5.46383085554321, 202.15037382958667, 371.7175306761859, 25.930427427138415, 104.8360158916075, 171.73111074050334, 52.38017267178927, 46.82175582169912, 54.19715887980816, 115.05354238957042, 29.67511421387574, 132.58672498997822, 27.922234516057372]]"
85,"[[(0, 46), (3, 2), (48, 3), (1, 29), (15, 17), (15, 34), (29, 8), (34, 22), (7, 24), (12, 39), (18, 7), (21, 3), (39, 17), (39, 21), (24, 29), (24, 46), (17, 1), (17, 16), (25, 16), (47, 34), (37, 24), (37, 30), (42, 30), (26, 47), (36, 8), (10, 33), (33, 21), (33, 22), (33, 37), (16, 23), (27, 23), (27, 39), (22, 16), (22, 17), (22, 25)]]","[[252.46251780697568, 4.144670883082327, 1176.2687001151344, 286.39010533736985, 7.314783086066573, 510.3867609530553, 293.2671635343145, 268.1022112592676, 187.21955354909267, 209.36821834095844, 73.80397009488499, 394.48254286246885, 410.8057507335847, 260.62244205509916, 76.25989258531622, 185.81149308275198, 152.71859336783524, 6.8554555978909395, 3.38894047050658, 108.61445476650199, 104.21584601040274, 132.11080123520887, 15.093632602878637, 153.5744202318483, 564.2249647932912, 42.92154444258424, 27.38698652751982, 189.12737199354677, 17.89552307806764, 65.8037133655528, 52.22978637893307, 221.50296520115901, 45.207573932231135, 80.69399601130739, 23.163809079790514]]"
86,"[[(0, 46), (3, 2), (48, 3), (1, 29), (15, 17), (15, 34), (29, 8), (34, 22), (7, 24), (12, 39), (18, 7), (21, 3), (39, 17), (39, 21), (24, 29), (24, 46), (17, 1), (17, 16), (25, 16), (47, 34), (37, 24), (37, 30), (42, 30), (26, 47), (36, 8), (10, 33), (33, 21), (33, 22), (33, 37), (16, 23), (27, 23), (27, 39), (22, 16), (22, 17), (22, 25)]]","[[631.5190356525386, 4.714355030798204, 572.1409764548697, 249.15865865955948, 6.010222069137818, 433.82360854634254, 263.470451325573, 255.43899092744243, 164.1080026868889, 151.28058529926201, 74.70846560167371, 385.73717007591097, 339.5674184687297, 200.65818454115345, 105.70046059653285, 70.03763444324778, 151.07383983487182, 6.856155872042168, 4.929093414411989, 76.89520227323608, 103.45120145117899, 103.43283673490636, 11.985784798634562, 149.13581467459076, 415.17522511665777, 29.506310847886667, 161.44420608204447, 205.2193986956562, 19.262638914824542, 45.78329499592997, 52.55854318479271, 262.809178587558, 36.05743299639954, 130.19337345359247, 4.369573947423177]]"
87,"[[(0, 46), (3, 2), (48, 3), (1, 29), (15, 17), (15, 34), (29, 8), (34, 22), (7, 24), (12, 39), (18, 7), (21, 3), (39, 17), (39, 21), (24, 29), (24, 46), (17, 1), (17, 16), (25, 16), (47, 34), (37, 24), (37, 30), (42, 30), (26, 47), (36, 8), (10, 33), (33, 21), (33, 22), (33, 37), (16, 23), (27, 23), (27, 39), (22, 16), (22, 17), (22, 25)]]","[[370.3758053509661, 4.339840507311568, 714.4164766216124, 229.85720468144658, 5.555708267301329, 389.385551990341, 314.9837824061836, 218.80821390243622, 166.07733888831984, 166.22674506461644, 80.48526801017346, 294.58197505971714, 326.44222133218153, 270.98422920562354, 73.15657050211388, 271.07758415351094, 155.93643820937814, 6.3114972738058945, 8.80212669254579, 128.71260478570895, 116.10411716477597, 118.55264050955128, 1.9154061193396932, 276.9318556765646, 411.3723388025429, 44.45968267401685, 21.702288152519333, 200.66961293754827, 45.96227545401507, 64.49451710396488, 46.32616483851511, 53.884147618894005, 37.95142221129791, 115.30348399378511, 33.14065189211644]]"
88,"[[(0, 46), (3, 2), (48, 3), (1, 29), (15, 17), (15, 34), (29, 8), (34, 22), (7, 24), (12, 39), (18, 7), (21, 3), (39, 17), (39, 21), (24, 29), (24, 46), (17, 1), (17, 16), (25, 16), (47, 34), (37, 24), (37, 30), (42, 30), (26, 47), (36, 8), (10, 33), (33, 21), (33, 22), (33, 37), (16, 23), (27, 23), (27, 39), (22, 16), (22, 17), (22, 25)]]","[[510.6712517999789, 4.699156045078652, 563.7285199451968, 272.9085230660577, 7.058095384947942, 213.0592857943289, 309.64975276504975, 234.46064256501347, 190.16479224837346, 191.3189928089489, 84.8733136384262, 98.62742576967096, 381.1261940439832, 196.83011335863017, 92.92972382089343, 148.66732807476293, 143.8330200045961, 6.067899000373818, 7.10792986599152, 21.098304708564044, 84.68466068114304, 48.504399005336346, 4.028744096357331, 202.96315877757678, 415.25224547053074, 26.572691964543367, 84.07041575054433, 180.0382316659316, 17.153575926594424, 62.06136704578434, 44.050481887534325, 57.72871795569409, 32.45253411299261, 69.62117897880974, 29.113953199859836]]"
89,"[[(0, 46), (3, 2), (48, 3), (1, 29), (15, 17), (15, 34), (29, 8), (34, 22), (7, 24), (12, 39), (18, 7), (21, 3), (39, 17), (39, 21), (24, 29), (24, 46), (17, 1), (17, 16), (25, 16), (47, 34), (37, 24), (37, 30), (42, 30), (26, 47), (36, 8), (10, 33), (33, 21), (33, 22), (33, 37), (16, 23), (27, 23), (27, 39), (22, 16), (22, 17), (22, 25)]]","[[689.8578283771726, 4.095581296851055, 1199.4210744955797, 192.1864366028596, 7.0728681614170945, 398.0659345417823, 277.97342200922503, 215.28674580503252, 159.65378439906584, 182.09640621690411, 63.44446072663584, 169.0826324582397, 374.33303676754304, 233.21299534194037, 109.32261827101223, 211.8109868318511, 167.863764784982, 6.866062892943288, 4.77970870375001, 50.88810427693917, 107.79860728842934, 84.81669868428801, 3.546424616464625, 233.33419260241624, 504.0914397092988, 31.182387234011244, 131.32203112993238, 182.33122374792146, 18.441426557243528, 51.36332695852303, 45.56387485930205, 127.4569924024401, 27.895773121107517, 46.412532827951345, 5.98977734592963]]"
90,"[[(0, 46), (3, 2), (48, 3), (1, 29), (15, 17), (15, 34), (29, 8), (34, 22), (7, 24), (12, 39), (18, 7), (21, 3), (39, 17), (39, 21), (24, 29), (24, 46), (17, 1), (17, 16), (25, 16), (47, 34), (37, 24), (37, 30), (42, 30), (26, 47), (36, 8), (10, 33), (33, 21), (33, 22), (33, 37), (16, 23), (27, 23), (27, 39), (22, 16), (22, 17), (22, 25)]]","[[891.8217255781182, 5.707167383631557, 575.2943647564753, 122.26961240501957, 6.253461689282034, 304.1224807834659, 316.19290353099785, 267.4572011003189, 189.50247946496438, 188.6018179092713, 67.35330875771821, 159.46145198256627, 351.62744861680454, 181.13809962918685, 108.76970556641045, 40.47566244498242, 143.6463904811806, 5.7713546104897135, 6.8673934856620305, 96.1484111581354, 106.58283474159491, 74.08299631431414, 8.73185164073008, 194.49222762783688, 618.8480178822625, 42.9292743647452, 173.38957179372207, 182.47260781091413, 37.213539417740506, 45.210031566443035, 55.813642368867406, 50.885037536509216, 41.37766348692329, 34.07265846558914, 8.895430438892923]]"
91,"[[(0, 46), (3, 2), (48, 3), (1, 29), (15, 17), (15, 34), (29, 8), (34, 22), (7, 24), (12, 39), (18, 7), (21, 3), (39, 17), (39, 21), (24, 29), (24, 46), (17, 1), (17, 16), (25, 16), (47, 34), (37, 24), (37, 30), (42, 30), (26, 47), (36, 8), (10, 33), (33, 21), (33, 22), (33, 37), (16, 23), (27, 23), (27, 39), (22, 16), (22, 17), (22, 25)]]","[[532.1842079604655, 4.131468524350885, 1027.915075232133, 162.18778613423578, 7.63019991052203, 422.37544317993627, 281.48273899289416, 253.30249708504851, 174.6018528773868, 216.85805584901524, 41.06303172594936, 288.52434613580306, 451.69400162180466, 190.9477637885613, 107.56708382115045, 247.45094520034988, 156.65711703750588, 6.5343137286205515, 4.210648255539613, 16.262529542337376, 85.4589793422527, 89.6181870141489, 12.847783864945141, 343.80381490600644, 270.7272079512519, 30.99479396504556, 17.22194202112408, 207.6777820219913, 51.698485831050895, 44.032695726627715, 49.729148182865345, 52.500705633960386, 42.50868138563655, 80.24176826575815, 32.74141490898121]]"
92,"[[(0, 46), (3, 2), (48, 3), (1, 29), (15, 17), (15, 34), (29, 8), (34, 22), (7, 24), (12, 39), (18, 7), (21, 3), (39, 17), (39, 21), (24, 29), (24, 46), (17, 1), (17, 16), (25, 16), (47, 34), (37, 24), (37, 30), (42, 30), (26, 47), (36, 8), (10, 33), (33, 21), (33, 22), (33, 37), (16, 23), (27, 23), (27, 39), (22, 16), (22, 17), (22, 25)]]","[[859.8805808552154, 5.620530493581031, 742.6544922375901, 277.80876539851954, 4.980131513933847, 408.00813217785424, 297.4501090522781, 266.5080283370096, 185.975298888487, 218.967956378374, 53.908576079556774, 307.89467540229566, 527.9108669368388, 236.52477341791126, 69.01021239234016, 152.1376959652667, 147.7805504483641, 5.597729821841, 4.283014676420476, 6.251312620505933, 98.05903019956145, 180.6312372563124, 18.94711387306456, 145.36681770288897, 562.1265924738511, 45.553041933069395, 218.63774881187388, 178.1476655510825, 56.587340744294266, 62.390987352472706, 52.52534130566508, 204.29001568373965, 45.40786582213424, 133.43564575106257, 23.059406586188036]]"
93,"[[(0, 46), (3, 2), (48, 3), (1, 29), (15, 17), (15, 34), (29, 8), (34, 22), (7, 24), (12, 39), (18, 7), (21, 3), (39, 17), (39, 21), (24, 29), (24, 46), (17, 1), (17, 16), (25, 16), (47, 34), (37, 24), (37, 30), (42, 30), (26, 47), (36, 8), (10, 33), (33, 21), (33, 22), (33, 37), (16, 23), (27, 23), (27, 39), (22, 16), (22, 17), (22, 25)]]","[[392.2511069535796, 5.0315353019481615, 851.8235093969844, 174.06136258627825, 5.433564400844453, 206.01972831978085, 316.0102792102546, 255.03908088842695, 168.0335107428442, 193.95172255786807, 82.30709851062267, 466.20944132867965, 262.63959668181053, 255.2078604573892, 56.47617618861322, 254.27963016665947, 160.2522683922022, 5.119230854480867, 5.2403465307060815, 48.461279755417664, 98.6746837912344, 131.44999026347654, 4.72959101885861, 221.48635219935377, 461.53958952477353, 38.29511065595915, 280.4961991488028, 182.91161504636432, 52.187129176401015, 57.409789958465566, 48.0564421769009, 216.3377360975325, 30.33746775147714, 63.48512519538362, 22.30388104436312]]"
94,"[[(0, 46), (3, 2), (48, 3), (1, 29), (15, 17), (15, 34), (29, 8), (34, 22), (7, 24), (12, 39), (18, 7), (21, 3), (39, 17), (39, 21), (24, 29), (24, 46), (17, 1), (17, 16), (25, 16), (47, 34), (37, 24), (37, 30), (42, 30), (26, 47), (36, 8), (10, 33), (33, 21), (33, 22), (33, 37), (16, 23), (27, 23), (27, 39), (22, 16), (22, 17), (22, 25)]]","[[258.8311684292212, 5.140580745353586, 1220.4797737183292, 249.72255379315558, 4.491960740959922, 256.8409114583284, 270.51976915759286, 273.67459574823994, 160.2983863079765, 143.09905641924007, 47.12022381066052, 322.74124847557675, 451.32331457034877, 227.45153789074106, 79.24499089946652, 254.9721000705916, 157.35009354138367, 5.203666608547039, 4.4533023541864125, 119.35209112013449, 110.20403453276617, 56.889171688990515, 6.159367843229042, 342.7833213881843, 640.8175624457804, 37.848093384023244, 263.4688237307132, 170.15007336706194, 32.20062887756441, 49.95662183823138, 45.85625516328137, 278.4414467226161, 40.437854890877645, 16.713552856730296, 17.947950616158927]]"
95,"[[(0, 46), (3, 2), (48, 3), (1, 29), (15, 17), (15, 34), (29, 8), (34, 22), (7, 24), (12, 39), (18, 7), (21, 3), (39, 17), (39, 21), (24, 29), (24, 46), (17, 1), (17, 16), (25, 16), (47, 34), (37, 24), (37, 30), (42, 30), (26, 47), (36, 8), (10, 33), (33, 21), (33, 22), (33, 37), (16, 23), (27, 23), (27, 39), (22, 16), (22, 17), (22, 25)]]","[[641.2918824766423, 4.532634809236132, 1259.9854807055112, 241.4929430037354, 5.179952235386516, 504.20984211784577, 286.5712224192063, 236.96771503016424, 186.08978512213935, 180.30433110403544, 33.80601964453133, 352.890740957845, 257.2815044282866, 205.19262690551685, 111.87477994315532, 286.62895362927077, 153.62290222397993, 5.563080927815161, 9.397986311142109, 51.35668482696181, 109.2258688448858, 70.27585195516849, 19.57949204906538, 175.81885126487418, 613.1726973192327, 31.698652352219305, 61.92012171297374, 167.27796503456528, 43.78169415148642, 62.91603571147928, 36.300500734778026, 178.9408060040985, 39.77585000189707, 125.48089316261024, 11.196842862600388]]"
96,"[[(0, 46), (3, 2), (48, 3), (1, 29), (15, 17), (15, 34), (29, 8), (34, 22), (7, 24), (12, 39), (18, 7), (21, 3), (39, 17), (39, 21), (24, 29), (24, 46), (17, 1), (17, 16), (25, 16), (47, 34), (37, 24), (37, 30), (42, 30), (26, 47), (36, 8), (10, 33), (33, 21), (33, 22), (33, 37), (16, 23), (27, 23), (27, 39), (22, 16), (22, 17), (22, 25)]]","[[692.0859081292224, 4.972512358079174, 1093.592014505696, 234.38602966608727, 5.790887930028049, 173.3293171182253, 292.02646162578395, 210.1932730189847, 171.18332696277787, 157.1581829823137, 47.72094811208235, 272.1533285231458, 367.12974721998387, 216.94094737136857, 98.48292966774899, 208.96301134224996, 158.22864896561035, 6.947511655247929, 5.643798925043436, 37.66889569623172, 93.91480345804271, 67.77225874067918, 15.484312256137166, 299.837807963794, 259.28450032580173, 37.026661568879256, 67.6213045361486, 179.04455854854044, 14.074913020032893, 57.093270592818, 36.93074535500491, 134.54270309842695, 48.191449286087746, 57.57065672203342, 15.696504410463751]]"
97,"[[(0, 46), (3, 2), (48, 3), (1, 29), (15, 17), (15, 34), (29, 8), (34, 22), (7, 24), (12, 39), (18, 7), (21, 3), (39, 17), (39, 21), (24, 29), (24, 46), (17, 1), (17, 16), (25, 16), (47, 34), (37, 24), (37, 30), (42, 30), (26, 47), (36, 8), (10, 33), (33, 21), (33, 22), (33, 37), (16, 23), (27, 23), (27, 39), (22, 16), (22, 17), (22, 25)]]","[[792.6142796934372, 5.032745291516008, 1145.3185406541086, 113.40911676549882, 7.218884053583049, 473.25702107745656, 282.7473088171449, 218.9610270716797, 195.81269651625203, 210.21991440269593, 82.87423048793374, 382.39047769777585, 271.3407319129787, 231.70877719199643, 65.79563913852002, 259.46599257400936, 144.33431229901487, 5.677070056832671, 5.831939929918641, 42.125310570056904, 114.84070904630363, 132.22066021437425, 17.96636287244739, 107.13272703040994, 482.171218940411, 36.88823480241865, 286.41334588042724, 189.5693006810722, 22.254255041491135, 62.223017095899465, 45.54179658987037, 173.42942638549926, 27.234320822034192, 133.68011288628338, 16.82350278972168]]"
98,"[[(0, 46), (3, 2), (48, 3), (1, 29), (15, 17), (15, 34), (29, 8), (34, 22), (7, 24), (12, 39), (18, 7), (21, 3), (39, 17), (39, 21), (24, 29), (24, 46), (17, 1), (17, 16), (25, 16), (47, 34), (37, 24), (37, 30), (42, 30), (26, 47), (36, 8), (10, 33), (33, 21), (33, 22), (33, 37), (16, 23), (27, 23), (27, 39), (22, 16), (22, 17), (22, 25)]]","[[537.5095032226304, 4.77318782410204, 1303.1987701759112, 158.2822968602486, 4.078674743809034, 393.3135141920197, 268.97927591591855, 267.1968822118231, 181.41430818581642, 133.2425517877849, 83.4741290483299, 499.3623953422827, 401.9691539829919, 189.01886615941604, 94.55928486225409, 257.5310078338491, 151.2801709356769, 5.260303398539729, 6.847077755282829, 6.5986373423018385, 86.36974003959484, 131.04428992656068, 0.9731731186967885, 130.3425939233278, 289.97416666031586, 31.576712013613424, 215.54950816450173, 210.04934821425775, 30.263914948525425, 68.21953832006606, 53.9150196764145, 224.3340110943914, 46.35800140208607, 87.78025268054712, 14.505640608204216]]"
99,"[[(0, 46), (3, 2), (48, 3), (1, 29), (15, 17), (15, 34), (29, 8), (34, 22), (7, 24), (12, 39), (18, 7), (21, 3), (39, 17), (39, 21), (24, 29), (24, 46), (17, 1), (17, 16), (25, 16), (47, 34), (37, 24), (37, 30), (42, 30), (26, 47), (36, 8), (10, 33), (33, 21), (33, 22), (33, 37), (16, 23), (27, 23), (27, 39), (22, 16), (22, 17), (22, 25)]]","[[256.4094389803153, 5.060853754027056, 1145.352966204965, 190.47775760691576, 4.646229421321322, 478.88953866682766, 296.0952376053474, 229.46479280964022, 181.81712996608212, 234.52984482481787, 77.16326813402941, 115.67446435197112, 466.1001986434154, 216.12217062093373, 57.27892719204125, 258.83261413877096, 165.21106911720676, 5.6649143162728945, 10.842438414377192, 40.321389739517564, 85.85929575984552, 194.64038373578484, 7.71930420894849, 140.53012807460928, 508.7900806328927, 26.14697806476804, 40.873586570527365, 170.49608873074183, 27.0124075384986, 67.1643760407485, 53.422599050233416, 117.20879370551984, 34.307912089987724, 128.65513775860717, 15.519965694027825]]"
