I;1;0.00653076171875;10;1000000.0;0;[0 1 2 3 4 5 6 7 8 9];1;1;0;0;0
I;2;0.029289960861206055;10;282.0;0;[  0   1   2   7 257 298 312 320 384 397];1;1;0;0;0
I;3;0.05354499816894531;10;233.0;0;[  7 110 118 150 219 253 312 320 390 397];1;1;0;0;0
I;4;0.0773308277130127;10;214.0;0;[  1   7 100 110 219 253 312 320 390 397];1;1;0;0;0
I;5;0.10163688659667969;10;212.0;0;[  1   7 100 110 219 257 312 329 390 397];1;1;0;0;0
I;6;0.12797284126281738;10;203.0;0;[  1   7 100 110 210 219 320 329 390 397];1;1;0;0;0
I;7;0.15537476539611816;10;200.0;0;[  1   7 100 110 210 219 257 312 313 397];1;1;0;0;0
I;8;0.18110179901123047;10;198.0;0;[  7 100 110 210 219 257 329 357 384 397];1;1;0;0;0
I;9;0.20991182327270508;10;193.0;0;[  1   7 100 110 196 210 257 313 390 397];1;1;0;0;0
I;10;0.2368929386138916;10;193.0;0;[  7 100 110 196 210 219 240 257 329 397];1;1;0;0;0
I;11;0.26430392265319824;10;193.0;0;[  1   7 100 110 118 196 210 257 329 397];1;1;0;0;0
I;12;0.5968587398529053;10;191.25;148.5;[  1   7 100 110 210 257 313 357 390 397];1;3;0;0;0.0020530223846435547
I;13;0.6340978145599365;10;190.5;148.5;[  1   7 100 110 210 257 313 357 390 397];3;3;0;0;0.0020530223846435547
I;14;1.4775278568267822;10;190.0;154.125;[  1   7 100 113 210 219 257 329 390 397];3;8;0;0;0.006644010543823242
I;15;1.528959035873413;10;190.0;154.125;[  1   7 100 110 210 257 311 329 390 397];8;8;0;0;0.006644010543823242
I;16;1.5950567722320557;10;189.0;154.125;[  1   7 100 110 150 210 254 257 311 397];8;8;0;0;0.006644010543823242
I;17;1.658815860748291;10;189.0;154.125;[  1   2   7  95 100 110 253 257 320 397];8;8;0;0;0.006644010543823242
I;18;1.7240147590637207;10;189.0;154.125;[  7 100 110 113 210 240 254 257 390 397];8;8;0;0;0.006644010543823242
I;19;1.794494867324829;10;189.0;154.125;[  1   7 100 110 210 257 311 357 390 397];8;8;0;0;0.006644010543823242
I;20;1.8558168411254883;10;189.0;154.125;[  1   7 100 110 113 210 257 357 390 397];8;8;0;0;0.006644010543823242
I;21;1.916773796081543;10;189.0;154.125;[  1   7 100 110 113 210 257 291 390 397];8;8;0;0;0.006644010543823242
I;22;1.992661952972412;10;188.9375;154.125;[  1   7  95 100 219 253 257 291 357 397];8;8;0;0;0.006644010543823242
I;23;2.0653839111328125;10;188.9375;154.125;[  1   7 100 110 210 257 329 357 390 397];8;8;0;0;0.006644010543823242
I;24;2.7409369945526123;10;188.9375;155.15625;[  1   2   7 100 210 219 257 329 390 397];8;11;0;0;0.009695053100585938
I;25;2.83648681640625;10;188.9375;155.15625;[  1   2   7 100 110 210 253 257 291 397];11;11;0;0;0.009695053100585938
I;26;2.9355688095092773;10;188.75;155.15625;[  1   7 100 110 210 253 257 291 313 397];11;11;0;0;0.009695053100585938
I;27;3.0437607765197754;10;188.25;155.15625;[  1   7 100 110 113 210 257 357 390 397];11;11;0;0;0.009695053100585938
I;28;3.5195887088775635;10;188.25;156.6875;[  1   7 100 110 210 253 257 329 357 397];11;13;0;0;0.011714935302734375
I;29;3.6368398666381836;10;188.25;156.6875;[  1   7  95 100 110 118 257 329 357 397];13;13;0;0;0.011714935302734375
I;30;3.742018699645996;10;188.09375;156.6875;[  1   7 100 110 210 257 329 357 390 397];13;13;0;0;0.011714935302734375
I;31;4.038197994232178;10;188.0625;157.125;[  1   7 100 110 113 150 210 257 291 397];13;14;0;0;0.012766122817993164
I;32;4.136269807815552;10;188.0625;157.125;[  1   7 100 110 113 210 257 357 390 397];14;14;0;0;0.012766122817993164
I;33;4.652541875839233;10;187.9375;157.84375;[  7  95 100 110 113 118 257 329 390 397];14;16;0;0;0.014774322509765625
I;34;4.784965753555298;10;187.9375;157.84375;[  1   7  35 100 110 257 313 384 390 397];16;16;0;0;0.014774322509765625
I;35;4.917869806289673;10;187.9375;157.84375;[  1   7 100 110 113 210 257 329 390 397];16;16;0;0;0.014774322509765625
I;36;5.055515766143799;10;187.875;157.84375;[  1   7 100 110 113 210 257 357 390 397];16;16;0;0;0.014774322509765625
I;37;6.06607985496521;10;187.875;159.65625;[  1   2   7 100 110 113 210 257 390 397];16;20;0;0;0.019023418426513672
I;38;6.235647916793823;10;187.78125;159.65625;[  1   7 100 110 210 257 291 357 390 397];20;20;0;0;0.019023418426513672
I;39;6.388582944869995;10;187.78125;159.65625;[  1   7 100 110 210 253 257 291 357 397];20;20;0;0;0.019023418426513672
I;40;6.610148906707764;10;187.78125;159.65625;[  1   2   7 100 110 210 257 291 390 397];20;20;0;0;0.019023418426513672
I;41;6.790647029876709;10;187.78125;159.65625;[  1   2   7  95 100 110 253 257 311 397];20;20;0;0;0.019023418426513672
I;42;6.9572718143463135;10;187.6875;159.65625;[  1   7 100 110 113 128 257 384 390 397];20;20;0;0;0.019023418426513672
I;43;7.163583993911743;10;187.6875;159.65625;[  2   7 100 110 113 210 240 257 390 397];20;20;0;0;0.019023418426513672
I;44;7.34220290184021;10;187.6875;159.65625;[  1   2   7 100 110 113 210 257 390 397];20;20;0;0;0.019023418426513672
I;45;8.378980875015259;10;187.6171875;161.234375;[  1   7 100 110 257 313 357 384 390 397];20;24;0;0;0.02342844009399414
I;46;8.577617883682251;10;187.59375;161.234375;[  1   7  35  95 100 128 219 257 390 397];24;24;0;0;0.02342844009399414
I;47;8.751262903213501;10;187.59375;161.234375;[  7  95 100 110 113 118 128 257 390 397];24;24;0;0;0.02342844009399414
I;48;8.949509859085083;10;187.59375;161.234375;[  2   7 100 110 113 118 210 257 390 397];24;24;0;0;0.02342844009399414
I;49;9.145358800888062;10;187.59375;161.234375;[  1   2   7 100 110 113 210 257 390 397];24;24;0;0;0.02342844009399414
I;50;11.288108825683594;10;187.546875;162.1328125;[  1   2   7 100 110 113 210 257 390 397];24;33;0;0;0.033174753189086914
I;51;11.920962810516357;10;187.5;162.4609375;[  1   2   7 100 110 113 210 257 390 397];24;35;0;0;0.0352938175201416
I;52;25.047905921936035;10;187.375;165.69921875;[  1   2   7 100 110 253 257 311 384 397];24;130;0;0;0.11948609352111816
I;53;25.5218288898468;10;187.375;165.69921875;[  1   2   7 100 110 210 253 257 291 397];130;130;0;0;0.11948609352111816
I;54;25.98487091064453;10;187.375;165.69921875;[  1   2   7  95 100 110 150 257 291 397];130;130;0;0;0.11948609352111816
I;55;26.480849981307983;10;187.333984375;165.69921875;[  1   7  95 100 110 113 257 357 390 397];130;130;0;0;0.11948609352111816
I;56;26.98914670944214;10;187.333984375;165.69921875;[  1   2   7  95 100 113 219 257 390 397];130;130;0;0;0.11948609352111816
I;57;27.471685886383057;10;187.3125;165.69921875;[  1   7 100 110 210 257 329 357 390 397];130;130;0;0;0.11948609352111816
I;58;27.979760885238647;10;187.1875;165.69921875;[  7 100 110 113 118 128 210 257 291 397];130;130;0;0;0.11948609352111816
I;59;28.54160189628601;10;187.125;165.69921875;[  1   7 100 110 113 210 257 291 390 397];130;130;0;0;0.11948609352111816
I;60;29.069584846496582;10;187.125;165.69921875;[  1   7  95 100 110 113 257 291 390 397];130;130;0;0;0.11948609352111816
I;61;29.57290291786194;10;187.046875;165.69921875;[  1   7  95 100 110 113 128 257 390 397];130;130;0;0;0.11948609352111816
I;62;30.134110927581787;10;187.046875;165.69921875;[  1   2   7  95 100 110 113 257 390 397];130;130;0;0;0.11948609352111816
I;63;53.16155695915222;10;187.03125000000017;169.9287109375;[  1   2   7 100 110 210 257 329 390 397];130;256;0;0;0.23411107063293457
I;64;54.02708983421326;10;187.0234375000001;169.9287109375;[  1   7  95 100 110 253 257 291 357 397];256;256;0;0;0.23411107063293457
I;65;54.948157787323;10;187.02343750000003;169.9287109375;[  1   2   7  95 100 110 253 257 291 397];256;256;0;0;0.23411107063293457
I;66;55.93809199333191;10;187.0;169.9287109375;[  1   7  95 100 110 113 257 291 357 397];256;256;0;0;0.23411107063293457
I;67;56.91486692428589;10;187.00000001880005;169.9287109375;[  1   2   7  95 100 110 257 291 329 397];256;256;0;0;0.23411107063293457
I;68;57.91485905647278;10;187.0;169.9287109375;[  1   7 100 110 210 257 291 329 390 397];256;256;0;0;0.23411107063293457
I;69;58.872294902801514;10;187.0;169.9287109375;[  0   1   7 100 110 113 257 291 384 397];256;256;0;0;0.23411107063293457
I;70;59.90458083152771;10;187.0;169.9287109375;[  1   2   7  95 100 110 113 257 291 397];256;256;0;0;0.23411107063293457
I;71;60.918606758117676;10;187.0;169.9287109375;[  1   7  95 100 110 150 257 291 313 397];256;256;0;0;0.23411107063293457
I;72;61.977192878723145;10;187.0;169.9287109375;[  0   1   7 100 110 253 257 291 384 397];256;256;0;0;0.23411107063293457
I;73;62.9763867855072;10;187.0;169.9287109375;[  0   1   7 100 110 210 253 257 291 397];256;256;0;0;0.23411107063293457
I;74;63.97507405281067;10;186.7714843750004;169.9287109375;[  1   7  95 100 110 113 257 311 390 397];256;256;0;0;0.23411107063293457
I;75;64.98330974578857;10;186.625;169.9287109375;[  1   2   7 100 210 219 257 311 390 397];256;256;0;0;0.23411107063293457
I;76;65.98847270011902;10;186.625;169.9287109375;[  1   7 100 110 113 210 257 329 390 397];256;256;0;0;0.23411107063293457
I;77;67.0237078666687;10;186.62500000000028;169.9287109375;[  1   2   7  95 100 110 257 291 390 397];256;256;0;0;0.23411107063293457
I;78;68.01655387878418;10;186.6250000000002;169.9287109375;[  0   1   2   7  95 100 110 257 390 397];256;256;0;0;0.23411107063293457
I;79;69.01118183135986;10;186.625;169.9287109375;[  1   7  43  95 100 113 219 257 390 397];256;256;0;0;0.23411107063293457
I;80;69.97924876213074;10;186.5078125000005;169.9287109375;[  1   7 100 110 257 291 357 384 390 397];256;256;0;0;0.23411107063293457
I;81;70.98582077026367;10;186.5;169.9287109375;[  1   7 100 110 113 210 257 291 390 397];256;256;0;0;0.23411107063293457
I;82;71.97428584098816;10;186.5;169.9287109375;[  7 100 110 113 210 240 257 291 390 397];256;256;0;0;0.23411107063293457
I;83;73.05857682228088;10;186.5;169.9287109375;[  1   7  95 100 110 113 257 291 390 397];256;256;0;0;0.23411107063293457
I;84;74.35645890235901;10;186.470703125;169.9853515625;[  1   7  95 100 110 113 257 291 390 397];256;257;0;0;0.23512506484985352
I;85;79.13330101966858;10;186.44921875;170.7265625;[  1   7  95 100 110 113 257 291 390 397];256;275;0;0;0.25273585319519043
I;86;84.08567667007446;10;186.419921875;171.091796875;[  1   7 100 110 113 210 257 357 390 397];256;297;0;0;0.2735600471496582
I;87;85.15288400650024;10;186.419921875;171.091796875;[  1   7  95 100 110 113 257 357 390 397];297;297;0;0;0.2735600471496582
I;88;86.32415676116943;10;186.412109375;171.091796875;[  0   1   7 100 110 257 291 357 384 397];297;297;0;0;0.2735600471496582
I;89;87.45381879806519;10;186.39062500000017;171.091796875;[  1   7  95 100 110 257 329 357 390 397];297;297;0;0;0.2735600471496582
I;90;88.65513968467712;10;186.373046875;171.091796875;[  1   2   7  95 100 110 253 257 291 397];297;297;0;0;0.2735600471496582
I;91;89.8564600944519;10;186.3720703125;171.091796875;[  0   1   7  95 100 110 253 257 291 397];297;297;0;0;0.2735600471496582
I;92;90.99848484992981;10;186.3593750000004;171.091796875;[  1   2   7  95 100 110 253 257 291 397];297;297;0;0;0.2735600471496582
I;93;92.47162795066833;10;186.3583984375;171.1083984375;[  0   1   7 100 110 210 257 313 390 397];297;298;0;0;0.2745680809020996
I;94;93.62992691993713;10;186.35156250000057;171.1083984375;[  1   7 100 110 210 257 291 357 390 397];298;298;0;0;0.2745680809020996
I;95;94.80948090553284;10;186.35156250000009;171.1083984375;[  1   7  95 100 110 257 291 357 390 397];298;298;0;0;0.2745680809020996
I;96;95.93340682983398;10;186.3466796875;171.1083984375;[  1   2   7 100 110 210 253 257 291 397];298;298;0;0;0.2745680809020996
I;97;97.07266187667847;10;186.3466796875;171.1083984375;[  1   2   7  95 100 110 253 257 291 397];298;298;0;0;0.2745680809020996
I;98;98.47407984733582;10;186.34375000000045;171.1171875;[  1   7 100 110 253 257 291 357 384 397];298;299;0;0;0.2755892276763916
I;99;99.60495376586914;10;186.3339843750002;171.1171875;[  1   7  95 100 110 128 253 257 291 397];299;299;0;0;0.2755892276763916
I;100;100.74455976486206;10;186.33398437500054;171.1171875;[  1   2   7  95 100 110 253 257 291 397];299;299;0;0;0.2755892276763916
I;101;102.76464104652405;10;186.3115234375;171.19140625;[  1   7 100 110 113 257 291 357 384 397];299;303;0;0;0.27950358390808105
I;102;103.9274218082428;10;186.310546875;171.19140625;[  1   7 100 110 113 257 291 357 384 397];303;303;0;0;0.27950358390808105
I;103;107.93665981292725;10;186.28320312500054;171.28515625;[  1   2   7  95 100 110 253 257 291 397];303;317;0;0;0.29332613945007324
I;104;109.09555411338806;10;186.2763671875;171.28515625;[  1   2   7 100 110 113 257 291 384 397];317;317;0;0;0.29332613945007324
I;105;110.30468678474426;10;186.2480468750007;171.28515625;[  1   7 100 110 210 253 257 291 357 397];317;317;0;0;0.29332613945007324
I;106;111.48532581329346;10;186.24804687500009;171.28515625;[  1   7  95 100 110 253 257 291 357 397];317;317;0;0;0.29332613945007324
I;107;112.66783285140991;10;186.13671875000017;171.28515625;[  1   7  95 100 110 257 291 311 329 397];317;317;0;0;0.29332613945007324
I;108;113.88707184791565;10;186.12695312500048;171.28515625;[  1   7 100 110 113 210 257 291 390 397];317;317;0;0;0.29332613945007324
I;109;115.06216382980347;10;186.12695312500048;171.28515625;[  1   7  95 100 110 113 257 291 390 397];317;317;0;0;0.29332613945007324
I;110;116.2409188747406;10;186.11425781250057;171.28515625;[  1   2   7 100 110 210 253 257 291 397];317;317;0;0;0.29332613945007324
I;111;117.45774102210999;10;186.1142578125;171.28515625;[  1   2   7  95 100 110 253 257 291 397];317;317;0;0;0.29332613945007324
I;112;118.9763069152832;10;186.11181640625;171.306640625;[  1   7  35 100 110 257 291 357 384 397];317;318;0;0;0.2942924499511719
I;113;120.173330783844;10;186.1118164062501;171.306640625;[  1   7 100 110 113 257 291 357 384 397];318;318;0;0;0.2942924499511719
I;114;128.82354998588562;10;186.0927734375;171.666015625;[  1   2   7  95 100 110 150 257 291 397];318;356;0;0;0.3303213119506836
I;115;130.05625081062317;10;186.07128906250048;171.666015625;[  1   2   7 100 110 113 210 257 291 397];356;356;0;0;0.3303213119506836
I;116;131.38036584854126;10;186.04394531250068;171.666015625;[  1   2   7 100 110 210 253 257 291 397];356;356;0;0;0.3303213119506836
I;117;132.73191690444946;10;186.0439453125;171.666015625;[  1   2   7  95 100 110 253 257 291 397];356;356;0;0;0.3303213119506836
I;118;134.0662808418274;10;186.03125;171.666015625;[  1   2   7  95 100 110 257 291 390 397];356;356;0;0;0.3303213119506836
I;119;135.37542986869812;10;186.0146484375;171.666015625;[  1   7  95 100 110 113 257 329 390 397];356;356;0;0;0.3303213119506836
I;120;136.80491495132446;10;186.00048828125;171.666015625;[  1   7  95 100 110 253 257 291 357 397];356;356;0;0;0.3303213119506836
I;121;138.2587320804596;10;185.99804687500014;171.666015625;[  1   2   7  95 100 110 253 257 291 397];356;356;0;0;0.3303213119506836
I;122;139.93364191055298;10;185.9765625;171.67578125;[  1   2   7  95 100 110 253 257 291 397];356;357;0;0;0.33137011528015137
I;123;153.6715488433838;10;185.9697265625;171.67578125;[  1   7  95 100 110 257 291 329 390 397];356;426;0;0;0.3955392837524414
I;124;155.11332297325134;10;185.9609375;171.67578125;[  1   2   7  95 100 110 113 257 291 397];426;426;0;0;0.3955392837524414
I;125;156.67079710960388;10;185.94482421875;171.67578125;[  1   7  95 100 110 113 257 311 390 397];426;426;0;0;0.3955392837524414
I;126;158.1766426563263;10;185.94482421875;171.67578125;[  7  95 100 110 113 118 257 291 390 397];426;426;0;0;0.3955392837524414
I;127;159.811861038208;10;185.94482421875028;171.67578125;[  1   7  35  95 100 110 253 257 291 397];426;426;0;0;0.3955392837524414
I;128;161.41103982925415;10;185.94482421875;171.67578125;[  1   7  95 100 113 118 257 291 390 397];426;426;0;0;0.3955392837524414
I;129;163.09427571296692;10;185.943359375;171.67578125;[  1   7  95 100 110 113 257 291 357 397];426;426;0;0;0.3955392837524414
I;130;164.7195267677307;10;185.89794921875074;171.67578125;[  1   7 100 110 210 253 257 291 357 397];426;426;0;0;0.3955392837524414
I;131;166.3596317768097;10;185.89794921875;171.67578125;[  1   7  95 100 110 253 257 291 357 397];426;426;0;0;0.3955392837524414
I;132;167.97110295295715;10;185.87207031250063;171.67578125;[  1   7  95 100 110 257 291 357 390 397];426;426;0;0;0.3955392837524414
I;133;169.53377294540405;10;185.8330078125001;171.67578125;[  1   7 100 110 210 253 257 291 311 397];426;426;0;0;0.3955392837524414
I;134;171.1110279560089;10;185.8007812500001;171.67578125;[  1   7 100 110 113 257 357 384 390 397];426;426;0;0;0.3955392837524414
I;135;172.69428300857544;10;185.79003906250017;171.67578125;[  1   2   7 100 110 113 210 257 390 397];426;426;0;0;0.3955392837524414
I;136;174.27345085144043;10;185.7900390625;171.67578125;[  2   7  95 100 110 113 222 257 390 397];426;426;0;0;0.3955392837524414
I;137;175.83431768417358;10;185.79003906250037;171.67578125;[  1   2   7  95 100 110 113 257 390 397];426;426;0;0;0.3955392837524414
I;138;177.37928867340088;10;185.771484375;171.67578125;[  1   7  35 100 110 257 291 357 384 397];426;426;0;0;0.3955392837524414
I;139;178.97972774505615;10;185.77148437500003;171.67578125;[  1   7 100 110 113 257 291 357 384 397];426;426;0;0;0.3955392837524414
I;140;187.1585009098053;10;185.7666015625;171.67578125;[  1   2   7  95 100 110 113 257 291 397];426;459;0;0;0.4260380268096924
I;141;188.71584677696228;10;185.70507812500017;171.67578125;[  1   7  95 100 110 113 257 357 390 397];459;459;0;0;0.4260380268096924
I;142;190.39991188049316;10;185.68896484375;171.67578125;[  1   7 100 110 113 210 257 291 357 397];459;459;0;0;0.4260380268096924
I;143;192.1508927345276;10;185.68896484375009;171.67578125;[  1   7  95 100 110 113 257 291 357 397];459;459;0;0;0.4260380268096924
I;144;193.85588097572327;10;185.67724609375;171.67578125;[  1   7 100 110 113 128 257 291 384 397];459;459;0;0;0.4260380268096924
I;145;195.5447428226471;10;185.67724609375;171.67578125;[  1   7  35  95 100 110 128 257 291 397];459;459;0;0;0.4260380268096924
I;146;197.26653289794922;10;185.67724609375048;171.67578125;[  1   2   7  95 100 110 113 257 291 397];459;459;0;0;0.4260380268096924
I;147;199.4296498298645;10;185.673828125;171.67578125;[  1   2   7  95 100 110 113 257 291 397];459;460;0;0;0.42704105377197266
I;148;201.52132296562195;10;185.66992187500082;171.67578125;[  1   7 100 110 113 210 257 291 390 397];459;461;0;0;0.428056001663208
I;149;203.23445081710815;10;185.66992187500082;171.67578125;[  1   7  95 100 110 113 257 291 390 397];461;461;0;0;0.428056001663208
I;150;204.90498995780945;10;185.66162109375054;171.67578125;[  1   2   7 100 110 113 210 257 291 397];461;461;0;0;0.428056001663208
I;151;206.6904628276825;10;185.66162109375054;171.67578125;[  1   2   7  95 100 110 113 257 291 397];461;461;0;0;0.428056001663208
I;152;213.54903388023376;10;185.6484375;172.23193359375;[  1   2   7 100 118 210 257 291 390 397];461;489;0;0;0.4545435905456543
I;153;215.24405097961426;10;185.636962890625;172.23193359375;[  0   1   2   7  95 100 110 257 291 397];489;489;0;0;0.4545435905456543
I;154;216.99811482429504;10;185.6362304687502;172.23193359375;[  1   7 100 110 113 257 291 357 384 397];489;489;0;0;0.4545435905456543
I;155;218.86290097236633;10;185.625732421875;172.23193359375;[  1   7 100 110 113 257 291 357 384 397];489;489;0;0;0.4545435905456543
I;156;223.73227381706238;10;185.61279296875;172.23193359375;[  1   7  95 100 110 113 128 257 291 397];489;500;0;0;0.46541929244995117
I;157;225.58617401123047;10;185.6127929687504;172.23193359375;[  1   2   7  95 100 110 113 257 291 397];500;500;0;0;0.46541929244995117
I;158;227.43718886375427;10;185.5986328125;172.23193359375;[  7  95 100 110 113 257 338 357 390 397];500;500;0;0;0.46541929244995117
I;159;229.33309173583984;10;185.59619140625;172.23193359375;[  1   7 100 110 113 257 291 357 384 397];500;500;0;0;0.46541929244995117
I;160;238.11299300193787;10;185.5888671875006;172.5791015625;[  1   2   7 100 110 113 210 257 291 397];500;533;0;0;0.4963662624359131
I;161;240.03412294387817;10;185.5888671875;172.5791015625;[  1   2   7  95 100 110 113 257 291 397];533;533;0;0;0.4963662624359131
I;162;241.9521279335022;10;185.56640625;172.5791015625;[  1   7  95 100 110 113 257 291 357 397];533;533;0;0;0.4963662624359131
I;163;243.91624689102173;10;185.564453125;172.5791015625;[  1   2   7 100 110 257 291 384 390 397];533;533;0;0;0.4963662624359131
I;164;245.87569284439087;10;185.564453125;172.5791015625;[  1   2   7 100 110 210 257 291 390 397];533;533;0;0;0.4963662624359131
I;165;247.8346769809723;10;185.56445312500023;172.5791015625;[  1   2   7  95 100 110 257 291 390 397];533;533;0;0;0.4963662624359131
I;166;249.77566075325012;10;185.54882812500074;172.5791015625;[  1   7  95 100 110 113 257 291 390 397];533;533;0;0;0.4963662624359131
I;167;251.77539205551147;10;185.5400390625;172.5791015625;[  0   1   7 100 110 210 257 291 390 397];533;533;0;0;0.4963662624359131
I;168;253.7288110256195;10;185.5400390625;172.5791015625;[  1   7 100 110 210 240 257 291 390 397];533;533;0;0;0.4963662624359131
I;169;255.6755268573761;10;185.5224609375004;172.5791015625;[  1   2   7  35  95 100 110 257 291 397];533;533;0;0;0.4963662624359131
I;170;257.6835398674011;10;185.5224609375;172.5791015625;[  1   2   7  95 100 110 113 257 291 397];533;533;0;0;0.4963662624359131
I;171;268.52561593055725;10;185.50036621093818;172.923828125;[  1   7 100 110 113 257 291 357 384 397];533;580;0;0;0.5403294563293457
I;172;270.6224660873413;10;185.4920654296875;172.923828125;[  1   7 100 110 113 257 291 357 384 397];580;580;0;0;0.5403294563293457
I;173;289.68515396118164;10;185.48681640625;172.960205078125;[  1   7 100 110 150 257 291 357 384 397];580;668;0;0;0.6219117641448975
I;174;291.9574646949768;10;185.4765625;172.960205078125;[  2   7  95 100 110 113 118 257 291 397];668;668;0;0;0.6219117641448975
I;175;294.5479328632355;10;185.47338867187563;172.960205078125;[  1   7 100 110 113 210 257 291 357 397];668;668;0;0;0.6219117641448975
I;176;297.6779508590698;10;185.4733886718752;172.960205078125;[  1   7  95 100 110 113 257 291 357 397];668;668;0;0;0.6219117641448975
I;177;300.79598689079285;10;185.46435546875077;172.960205078125;[  1   7  95 100 110 113 257 291 390 397];668;668;0;0;0.6219117641448975
I;178;303.99131083488464;10;185.4482421875;172.960205078125;[  7  95 100 110 113 118 257 357 390 397];668;668;0;0;0.6219117641448975
I;179;307.1931357383728;10;185.4472656250002;172.960205078125;[  1   7  95 100 110 113 253 257 291 397];668;668;0;0;0.6219117641448975
I;180;310.30312395095825;10;185.4384765625;172.960205078125;[  2   7  95 100 110 113 118 257 390 397];668;668;0;0;0.6219117641448975
I;181;313.5932710170746;10;185.4140625000002;172.960205078125;[  1   2   7  95 100 110 254 257 291 397];668;668;0;0;0.6219117641448975
I;182;316.8642408847809;10;185.41064453125;172.960205078125;[  1   2   7  95 100 110 253 257 291 397];668;668;0;0;0.6219117641448975
I;183;320.0303418636322;10;185.4072265625;172.960205078125;[  1   7  35  95 100 128 219 257 390 397];668;668;0;0;0.6219117641448975
I;184;323.10306882858276;10;185.4072265625;172.960205078125;[  1   2   7  95 100 110 113 257 390 397];668;668;0;0;0.6219117641448975
I;185;326.2478709220886;10;185.39794921875017;172.960205078125;[  1   7  95 100 110 253 257 291 357 397];668;668;0;0;0.6219117641448975
I;186;329.65193605422974;10;185.38916015625063;172.960205078125;[  1   2   7 100 110 113 257 291 384 397];668;668;0;0;0.6219117641448975
I;187;332.9144809246063;10;185.3891601562506;172.960205078125;[  1   2   7  95 100 110 113 257 291 397];668;668;0;0;0.6219117641448975
I;188;336.2131006717682;10;185.366455078125;172.960205078125;[  1   7  95 100 110 113 254 257 291 397];668;668;0;0;0.6219117641448975
I;189;339.49054288864136;10;185.288330078125;172.960205078125;[  1   7  95 100 110 113 257 291 357 397];668;668;0;0;0.6219117641448975
I;190;343.77735781669617;10;185.284423828125;172.989501953125;[  1   7  95 100 110 113 257 291 357 397];668;670;0;0;0.6244709491729736
I;191;353.34243083000183;10;185.2763671875008;173.181640625;[  1   7  95 100 110 113 257 357 390 397];668;691;0;0;0.6504926681518555
I;192;356.4378798007965;10;185.274169921875;173.181640625;[  1   7  95 100 110 253 254 257 291 397];691;691;0;0;0.6504926681518555
I;193;359.70099782943726;10;185.2695312500005;173.181640625;[  1   7 100 110 113 210 257 291 329 397];691;691;0;0;0.6504926681518555
I;194;362.9166190624237;10;185.26953125;173.181640625;[  0   1   7  95 100 110 113 257 291 397];691;691;0;0;0.6504926681518555
I;195;366.284738779068;10;185.257568359375;173.181640625;[  1   7  95 100 110 113 257 291 357 397];691;691;0;0;0.6504926681518555
I;196;379.70909690856934;10;185.2519531250008;173.185302734375;[  1   7  95 100 110 113 257 291 390 397];691;732;0;0;0.7000176906585693
I;197;382.93670082092285;10;185.224609375;173.185302734375;[  1   2   7 100 110 113 210 257 291 397];732;732;0;0;0.7000176906585693
I;198;386.3891489505768;10;185.22460937500003;173.185302734375;[  1   2   7  35  95 100 110 257 291 397];732;732;0;0;0.7000176906585693
I;199;389.93014788627625;10;185.224609375;173.185302734375;[  1   2   7  95 100 110 113 257 291 397];732;732;0;0;0.7000176906585693
I;200;392.9302189350128;10;185.22021484375077;173.185302734375;[  1   7  95 100 110 113 257 291 390 397];732;732;0;0;0.7000176906585693
I;201;396.74939489364624;10;185.20556640625;173.200927734375;[  1   7  95 100 110 113 257 291 390 397];732;735;0;0;0.7029259204864502
I;202;405.5461609363556;10;185.20544433593832;173.281005859375;[  1   7 100 110 113 257 291 357 384 397];732;767;0;0;0.7328898906707764
I;203;408.22024869918823;10;185.20263671875026;173.281005859375;[  1   7  95 100 110 113 257 291 357 397];767;767;0;0;0.7328898906707764
I;204;412.4315540790558;10;185.196044921875;173.32470703125;[  1   7  95 100 110 150 257 291 357 397];767;770;0;0;0.7358441352844238
I;205;415.1120798587799;10;185.19250488281276;173.32470703125;[  1   7  95 100 110 113 257 291 357 397];770;770;0;0;0.7358441352844238
I;206;420.34937381744385;10;185.1890869140625;173.32470703125;[  1   7 100 110 210 253 257 291 357 397];770;780;0;0;0.7454833984375
I;207;423.1204979419708;10;185.18908691406276;173.32470703125;[  1   7  95 100 110 253 257 291 357 397];780;780;0;0;0.7454833984375
I;208;425.95400190353394;10;185.18664550781276;173.32470703125;[  1   7  95 100 110 113 257 291 357 397];780;780;0;0;0.7454833984375
I;209;439.8129086494446;10;185.1816406250008;173.3515625;[  1   2   7  95 100 110 257 329 390 397];780;838;0;0;0.7995021343231201
I;210;442.7531189918518;10;185.140625;173.3515625;[  1   7  95 100 110 253 257 291 311 397];838;838;0;0;0.7995021343231201
I;211;445.7965257167816;10;185.13671875;173.3515625;[  1   2   7 100 110 210 254 257 390 397];838;838;0;0;0.7995021343231201
I;212;448.87160181999207;10;185.1307373046875;173.3515625;[  1   7 100 110 113 257 291 357 384 397];838;838;0;0;0.7995021343231201
I;213;451.8773307800293;10;185.12451171875;173.3515625;[  1   7  95 100 110 113 257 291 357 397];838;838;0;0;0.7995021343231201
I;214;456.037957906723;10;185.12353515625;173.3515625;[  1   7  95 100 110 113 128 257 291 397];838;843;0;0;0.8041591644287109
I;215;459.09804487228394;10;185.12353515625;173.3515625;[  1   2   7  95 100 110 113 257 291 397];843;843;0;0;0.8041591644287109
I;216;462.2210087776184;10;185.12255859375;173.3515625;[  1   2   7  95 100 110 253 257 291 397];843;843;0;0;0.8041591644287109
I;217;465.34527683258057;10;185.1047363281252;173.3515625;[  1   7  95 100 110 113 257 291 357 397];843;843;0;0;0.8041591644287109
I;218;478.98622393608093;10;185.0966796875;173.480712890625;[  7  95 100 110 113 118 257 311 390 397];843;899;0;0;0.8559823036193848
I;219;481.9839107990265;10;185.0950927734375;173.480712890625;[  1   7  35  95 100 110 257 291 357 397];899;899;0;0;0.8559823036193848
I;220;485.28685188293457;10;185.09509277343753;173.480712890625;[  1   7  95 100 110 113 257 291 357 397];899;899;0;0;0.8559823036193848
I;221;495.3599066734314;10;185.08300781250077;173.61572265625;[  1   7 100 110 113 210 257 291 390 397];899;930;0;0;0.8852581977844238
I;222;498.5722918510437;10;185.0830078125;173.61572265625;[  1   7  95 100 110 113 257 291 390 397];930;930;0;0;0.8852581977844238
I;223;501.93229579925537;10;185.0811767578125;173.61572265625;[  1   7  95 100 110 253 257 291 357 397];930;930;0;0;0.8852581977844238
I;224;505.222779750824;10;185.0791015625;173.61572265625;[  1   7  95 100 110 253 257 291 329 397];930;930;0;0;0.8852581977844238
I;225;508.5377459526062;10;185.0694580078125;173.61572265625;[  1   7 100 110 113 257 291 357 384 397];930;930;0;0;0.8852581977844238
I;226;511.998822927475;10;185.060546875;173.61572265625;[  1   7 100 110 113 118 257 291 384 397];930;930;0;0;0.8852581977844238
I;227;515.3028628826141;10;185.060546875;173.61572265625;[  1   7  95 100 110 113 118 257 291 397];930;930;0;0;0.8852581977844238
I;228;518.5666837692261;10;185.05078125;173.61572265625;[  7  95 100 110 113 240 257 291 390 397];930;930;0;0;0.8852581977844238
I;229;521.8017008304596;10;185.0311279296877;173.61572265625;[  1   7  95 100 110 113 257 291 357 397];930;930;0;0;0.8852581977844238
I;230;539.415745973587;10;185.01513671875063;173.868896484375;[  1   2   7  95 100 110 113 257 291 397];930;1004;0;0;0.9533505439758301
I;231;542.9429368972778;10;184.9925537109375;173.868896484375;[  1   7  95 100 110 253 257 291 357 397];1004;1004;0;0;0.9533505439758301
I;232;546.453950881958;10;184.989990234375;173.868896484375;[  1   7 100 110 113 210 257 291 357 397];1004;1004;0;0;0.9533505439758301
I;233;550.0957548618317;10;184.9899902343752;173.868896484375;[  1   7  95 100 110 113 257 291 357 397];1004;1004;0;0;0.9533505439758301
I;234;570.8280787467957;10;184.97265625;174.1236572265625;[  0   1   7  95 100 219 257 357 390 397];1004;1094;0;0;1.0347678661346436
I;235;574.47634100914;10;184.96362304687534;174.1236572265625;[  1   7 100 110 113 257 291 357 384 397];1094;1094;0;0;1.0347678661346436
I;236;578.392422914505;10;184.96240234375;174.1236572265625;[  1   7 100 110 113 210 254 257 390 397];1094;1094;0;0;1.0347678661346436
I;237;582.2296466827393;10;184.945556640625;174.1236572265625;[  1   7 100 113 219 257 357 384 390 397];1094;1094;0;0;1.0347678661346436
I;238;586.1657207012177;10;184.929931640625;174.1236572265625;[  1   2   7  95 100 110 113 257 291 397];1094;1094;0;0;1.0347678661346436
I;239;590.0323877334595;10;184.91748046875;174.1236572265625;[  1   2   7  95 100 110 253 257 291 397];1094;1094;0;0;1.0347678661346436
I;240;593.7789478302002;10;184.91650390625;174.1236572265625;[  1   7  95 100 110 253 257 291 357 397];1094;1094;0;0;1.0347678661346436
I;241;597.7256147861481;10;184.90979003906256;174.1236572265625;[  1   7 100 110 253 257 291 357 384 397];1094;1094;0;0;1.0347678661346436
I;242;601.58762383461;10;184.88891601562577;174.1236572265625;[  1   7  95 100 110 113 257 291 390 397];1094;1094;0;0;1.0347678661346436
I;243;605.4246048927307;10;184.8842773437508;174.1236572265625;[  1   7  95 100 110 113 257 357 390 397];1094;1094;0;0;1.0347678661346436
I;244;609.441036939621;10;184.8818359375001;174.1236572265625;[  0   1   7 100 110 257 291 357 384 397];1094;1094;0;0;1.0347678661346436
I;245;613.4097218513489;10;184.8739013671875;174.1236572265625;[  1   7 100 110 210 253 257 291 357 397];1094;1094;0;0;1.0347678661346436
I;246;617.3639998435974;10;184.87390136718753;174.1236572265625;[  1   7  95 100 110 253 257 291 357 397];1094;1094;0;0;1.0347678661346436
I;247;623.1802728176117;10;184.8612060546875;174.2174072265625;[  1   7  95 100 110 253 257 291 357 397];1094;1102;0;0;1.0423715114593506
I;248;628.6876327991486;10;184.847412109375;174.2293701171875;[  1   7 100 110 257 291 357 384 390 397];1094;1109;0;0;1.0489721298217773
I;249;632.6514859199524;10;184.84667968750082;174.2293701171875;[  1   7  95 100 110 257 329 357 390 397];1109;1109;0;0;1.0489721298217773
I;250;636.6603651046753;10;184.83898925781267;174.2293701171875;[  1   7  95 100 110 253 257 291 357 397];1109;1109;0;0;1.0489721298217773
I;251;644.8275136947632;10;184.8369140625;174.2679443359375;[  0   1   7  95 100 110 150 257 291 397];1109;1128;0;0;1.066927194595337
I;252;648.8783197402954;10;184.8352050781251;174.2679443359375;[  1   7  95 100 110 113 257 291 357 397];1128;1128;0;0;1.066927194595337
I;253;653.565279006958;10;184.8323974609375;174.2679443359375;[  1   7  95 100 110 113 257 291 357 397];1128;1129;0;0;1.0678951740264893
I;254;668.7866959571838;10;184.8046875;174.3536376953125;[  1   7 100 110 128 210 253 257 291 397];1128;1189;0;0;1.1230826377868652
I;255;672.9270887374878;10;184.8046875;174.3536376953125;[  1   7  95 100 110 128 253 257 291 397];1189;1189;0;0;1.1230826377868652
I;256;677.2938199043274;10;184.8046875;174.3536376953125;[  1   2   7  95 100 110 253 257 291 397];1189;1189;0;0;1.1230826377868652
I;257;681.5189418792725;10;184.8009033203125;174.3536376953125;[  1   7  95 100 110 253 257 291 357 397];1189;1189;0;0;1.1230826377868652
I;258;685.8448131084442;10;184.79931640625068;174.3536376953125;[  1   7  95 100 110 113 257 291 357 397];1189;1189;0;0;1.1230826377868652
I;259;691.5957498550415;10;184.7890625;174.3624267578125;[  1   2   7 100 110 113 257 384 390 397];1189;1195;0;0;1.1287288665771484
I;260;695.8331589698792;10;184.7890625;174.3624267578125;[  1   2   7  95 100 113 219 257 390 397];1195;1195;0;0;1.1287288665771484
I;261;700.0347588062286;10;184.78466796875;174.3624267578125;[  1   2   7 100 110 113 210 257 291 397];1195;1195;0;0;1.1287288665771484
I;262;704.3332138061523;10;184.78466796875;174.3624267578125;[  1   2   7  95 100 110 113 257 291 397];1195;1195;0;0;1.1287288665771484
I;263;708.6134757995605;10;184.78393554687574;174.3624267578125;[  1   7 100 110 113 210 257 291 357 397];1195;1195;0;0;1.1287288665771484
I;264;712.7407088279724;10;184.783935546875;174.3624267578125;[  1   7  95 100 110 113 257 291 357 397];1195;1195;0;0;1.1287288665771484
I;265;718.7992057800293;10;184.781494140625;174.3624267578125;[  1   7  95 100 110 113 257 291 357 397];1195;1200;0;0;1.1333739757537842
I;266;740.6186890602112;10;184.77392578125;174.4876708984375;[  1   7  95 100 110 253 257 291 357 397];1195;1278;0;0;1.220658779144287
I;267;746.2024750709534;10;184.755859375;174.4876708984375;[  0   7  95 100 110 113 257 338 390 397];1278;1278;0;0;1.220658779144287
I;268;752.6115007400513;10;184.755859375;174.4876708984375;[  0   7  95 100 110 113 118 257 390 397];1278;1278;0;0;1.220658779144287
I;269;758.7931897640228;10;184.75585937500003;174.4876708984375;[  0   1   7  95 100 110 113 257 390 397];1278;1278;0;0;1.220658779144287
I;270;764.9580368995667;10;184.75341796875077;174.4876708984375;[  1   7  95 100 110 113 257 291 390 397];1278;1278;0;0;1.220658779144287
I;271;770.9364569187164;10;184.74987792968764;174.4876708984375;[  1   7  95 100 110 113 257 291 357 397];1278;1278;0;0;1.220658779144287
I;272;799.1164059638977;10;184.7481689453125;174.80206298828125;[  1   7  95 100 110 253 257 291 357 397];1278;1381;0;0;1.3255972862243652
I;273;803.7565438747406;10;184.7451171875;174.80206298828125;[  0   1   7  95 100 110 257 291 357 397];1381;1381;0;0;1.3255972862243652
I;274;808.6355378627777;10;184.73681640625003;174.80206298828125;[  1   2   7  95 100 110 113 257 291 397];1381;1381;0;0;1.3255972862243652
I;275;813.534539937973;10;184.7269287109375;174.80206298828125;[  1   7  35 100 110 257 291 357 384 397];1381;1381;0;0;1.3255972862243652
I;276;818.2408509254456;10;184.7269287109375;174.80206298828125;[  1   7 100 110 113 257 291 357 384 397];1381;1381;0;0;1.3255972862243652
I;277;823.224803686142;10;184.72503662109375;174.80206298828125;[  1   7  95 100 110 118 257 291 357 397];1381;1381;0;0;1.3255972862243652
I;278;828.033931016922;10;184.72113037109375;174.80206298828125;[  1   7  95 100 110 253 257 291 357 397];1381;1381;0;0;1.3255972862243652
I;279;833.9571199417114;10;184.71527099609375;174.81451416015625;[  1   7  95 100 110 253 257 291 357 397];1381;1384;0;0;1.328385591506958
I;280;839.3692679405212;10;184.71319580078125;174.81451416015625;[  1   7  95 100 110 253 257 291 357 397];1381;1385;0;0;1.329310655593872
I;281;863.0440907478333;10;184.7058105468759;175.14764404296875;[  1   7  95 100 110 257 291 357 390 397];1381;1494;0;0;1.4282524585723877
I;282;867.9223387241364;10;184.7041015625;175.14764404296875;[  1   2   7 100 110 253 257 291 384 397];1494;1494;0;0;1.4282524585723877
I;283;873.2243390083313;10;184.70410156250003;175.14764404296875;[  1   2   7 100 110 210 253 257 291 397];1494;1494;0;0;1.4282524585723877
I;284;878.5537159442902;10;184.7041015625;175.14764404296875;[  1   2   7  95 100 110 253 257 291 397];1494;1494;0;0;1.4282524585723877
I;285;883.6676938533783;10;184.70135498046878;175.14764404296875;[  1   7  95 100 110 113 257 291 357 397];1494;1494;0;0;1.4282524585723877
I;286;888.9950017929077;10;184.69598388671875;175.14764404296875;[  1   7  95 100 110 113 257 291 357 397];1494;1494;0;0;1.4282524585723877
I;287;899.8954548835754;10;184.6707763671883;175.14764404296875;[  1   7  95 100 110 113 257 291 390 397];1494;1521;0;0;1.4530365467071533
I;288;905.0298519134521;10;184.66473388671875;175.14764404296875;[  1   7  35  95 100 110 257 291 357 397];1521;1521;0;0;1.4530365467071533
I;289;910.347366809845;10;184.66473388671875;175.14764404296875;[  1   7  95 100 110 113 257 291 357 397];1521;1521;0;0;1.4530365467071533
I;290;926.7518048286438;10;184.65942382812506;175.14764404296875;[  1   2   7  95 100 110 113 257 291 397];1521;1575;0;0;1.502622127532959
I;291;932.1225368976593;10;184.6478881835938;175.14764404296875;[  1   7  95 100 110 113 257 291 357 397];1575;1575;0;0;1.502622127532959
I;292;952.9901797771454;10;184.614013671875;175.28326416015625;[  1   2   7  95 100 110 118 257 291 397];1575;1648;0;0;1.5691189765930176
I;293;958.5839238166809;10;184.60961914062514;175.28326416015625;[  1   7  95 100 110 113 253 257 291 397];1648;1648;0;0;1.5691189765930176
I;294;964.304790019989;10;184.60845947265625;175.28326416015625;[  1   7  95 100 110 150 257 291 357 397];1648;1648;0;0;1.5691189765930176
I;295;969.8308579921722;10;184.60845947265634;175.28326416015625;[  1   7  95 100 110 253 257 291 357 397];1648;1648;0;0;1.5691189765930176
I;296;975.6955609321594;10;184.605224609375;175.28326416015625;[  1   7  95 100 110 113 128 257 291 397];1648;1648;0;0;1.5691189765930176
I;297;981.5195789337158;10;184.605224609375;175.28326416015625;[  1   2   7  95 100 110 113 257 291 397];1648;1648;0;0;1.5691189765930176
I;298;987.2388827800751;10;184.59948730468767;175.28326416015625;[  1   7  95 100 110 113 257 291 390 397];1648;1648;0;0;1.5691189765930176
I;299;993.0034828186035;10;184.59417724609386;175.28326416015625;[  1   7  95 100 110 113 257 291 357 397];1648;1648;0;0;1.5691189765930176
I;300;1040.8750898838043;10;184.58172607421875;175.5433349609375;[  1   7 100 110 113 257 291 357 384 397];1648;1866;0;0;1.7614796161651611
I;301;1047.269553899765;10;184.57275390625;175.5433349609375;[  0   1   7  95 100 110 257 291 329 397];1866;1866;0;0;1.7614796161651611
I;302;1053.8286728858948;10;184.56524658203145;175.5433349609375;[  1   7  95 100 110 253 257 291 357 397];1866;1866;0;0;1.7614796161651611
I;303;1060.3606510162354;10;184.56323242187517;175.5433349609375;[  1   2   7  95 100 110 253 257 291 397];1866;1866;0;0;1.7614796161651611
I;304;1066.9761400222778;10;184.558349609375;175.5433349609375;[  1   7  95 100 110 113 257 291 390 397];1866;1866;0;0;1.7614796161651611
I;305;1073.3268768787384;10;184.552734375;175.5433349609375;[  1   2   7 100 110 113 257 291 384 397];1866;1866;0;0;1.7614796161651611
I;306;1079.8712167739868;10;184.552734375;175.5433349609375;[  1   2   7 100 110 113 210 257 291 397];1866;1866;0;0;1.7614796161651611
I;307;1086.6298089027405;10;184.552734375;175.5433349609375;[  1   2   7  95 100 110 113 257 291 397];1866;1866;0;0;1.7614796161651611
I;308;1093.3138806819916;10;184.54833984375014;175.5433349609375;[  1   2   7  95 100 110 257 291 390 397];1866;1866;0;0;1.7614796161651611
I;309;1099.8258078098297;10;184.54144287109375;175.5433349609375;[  1   7  95 100 110 253 257 291 357 397];1866;1866;0;0;1.7614796161651611
I;310;1108.461945772171;10;184.5357666015625;175.5433349609375;[  1   7 100 110 253 257 291 357 384 397];1866;1874;0;0;1.7690439224243164
I;311;1114.9564538002014;10;184.52929687500023;175.5433349609375;[  0   1   7  95 100 110 257 291 390 397];1874;1874;0;0;1.7690439224243164
I;312;1121.4750669002533;10;184.525390625;175.5433349609375;[  7  95 100 110 113 118 257 291 390 397];1874;1874;0;0;1.7690439224243164
I;313;1128.1569097042084;10;184.51800537109398;175.5433349609375;[  1   7 100 110 210 253 257 291 357 397];1874;1874;0;0;1.7690439224243164
I;314;1134.631031036377;10;184.5180053710938;175.5433349609375;[  1   7  95 100 110 253 257 291 357 397];1874;1874;0;0;1.7690439224243164
I;315;1153.7190940380096;10;184.51318359375;175.6278076171875;[  7 100 110 113 118 210 257 357 390 397];1874;1940;0;0;1.8293592929840088
I;316;1160.5359938144684;10;184.51318359375;175.6278076171875;[  7  95 100 110 113 118 257 357 390 397];1940;1940;0;0;1.8293592929840088
I;317;1167.3718347549438;10;184.500732421875;175.6278076171875;[  1   2   7  95 100 110 253 257 291 397];1940;1940;0;0;1.8293592929840088
I;318;1174.0870819091797;10;184.47793579101562;175.6278076171875;[  1   7 100 113 219 257 291 384 390 397];1940;1940;0;0;1.8293592929840088
I;319;1180.8654437065125;10;184.47671508789153;175.6278076171875;[  1   7  95 100 110 113 257 291 390 397];1940;1940;0;0;1.8293592929840088
I;320;1187.6141266822815;10;184.47656250000003;175.6278076171875;[  1   2   7  95 100 110 257 291 329 397];1940;1940;0;0;1.8293592929840088
I;321;1194.1087028980255;10;184.47390747070312;175.6278076171875;[  1   7  95 100 110 113 257 291 390 397];1940;1940;0;0;1.8293592929840088
I;322;1201.9165229797363;10;184.46807861328125;175.6278076171875;[  1   7  95 100 110 253 257 291 357 397];1940;1942;0;0;1.8313031196594238
I;323;1219.2006459236145;10;184.46414184570403;175.677490234375;[  1   7  95 100 110 113 257 291 390 397];1942;1995;0;0;1.8812956809997559
I;324;1225.8919689655304;10;184.4595947265625;175.677490234375;[  1   7 100 110 113 210 257 291 357 397];1995;1995;0;0;1.8812956809997559
I;325;1232.8318710327148;10;184.4595947265625;175.677490234375;[  1   7  95 100 110 113 257 291 357 397];1995;1995;0;0;1.8812956809997559
I;326;1240.0039348602295;10;184.45751953125;175.677490234375;[  1   7 100 118 210 257 291 357 390 397];1995;1995;0;0;1.8812956809997559
I;327;1247.0479800701141;10;184.45474243164153;175.677490234375;[  1   7  95 100 110 113 257 291 390 397];1995;1995;0;0;1.8812956809997559
I;328;1256.302277803421;10;184.45306396484375;175.677490234375;[  1   7  95 100 110 113 257 291 357 397];1995;2001;0;0;1.8868982791900635
I;329;1269.0912578105927;10;184.4410400390625;175.6968994140625;[  1   7  95 100 110 253 257 291 357 397];2001;2021;0;0;1.9057068824768066
I;330;1276.089085817337;10;184.44024658203145;175.6968994140625;[  1   7  95 100 110 113 257 291 357 397];2021;2021;0;0;1.9057068824768066
I;331;1305.883152961731;10;184.437744140625;175.85833740234375;[  1   2   7  95 100 110 253 257 291 397];2021;2145;0;0;2.0227770805358887
I;332;1313.2510557174683;10;184.43399047851653;175.85833740234375;[  1   7  95 100 110 113 257 291 390 397];2145;2145;0;0;2.0227770805358887
I;333;1321.3563797473907;10;184.431640625;175.85833740234375;[  1   7  95 100 110 253 257 291 357 397];2145;2145;0;0;2.0227770805358887
I;334;1328.9587006568909;10;184.41943359375;175.85833740234375;[  1   2   7  95 100 110 113 257 291 397];2145;2145;0;0;2.0227770805358887
I;335;1336.553454875946;10;184.41461181640625;175.85833740234375;[  1   7  95 100 110 253 257 291 357 397];2145;2145;0;0;2.0227770805358887
I;336;1345.866839647293;10;184.411376953125;175.85833740234375;[  1   7  95 100 110 113 257 291 357 397];2145;2151;0;0;2.0287277698516846
I;337;1353.3508369922638;10;184.41119384765625;175.85833740234375;[  1   7  95 100 110 113 257 291 357 397];2151;2151;0;0;2.0287277698516846
I;338;1367.5706408023834;10;184.4093017578125;175.8817138671875;[  1   7  95 100 110 253 257 291 357 397];2151;2184;0;0;2.0604560375213623
I;339;1380.1723010540009;10;184.40414428711037;175.8870849609375;[  1   7  95 100 110 113 257 291 390 397];2184;2204;0;0;2.0794765949249268
I;340;1392.3202788829803;10;184.3909912109375;175.8870849609375;[  1   2   7  95 100 110 253 257 291 397];2204;2216;0;0;2.0909528732299805
I;341;1399.9542348384857;10;184.385986328125;175.8870849609375;[  1   7  95 100 110 253 257 291 357 397];2216;2216;0;0;2.0909528732299805
I;342;1413.987646818161;10;184.38583374023537;175.8870849609375;[  1   7  95 100 110 113 257 291 390 397];2216;2243;0;0;2.116420030593872
I;343;1421.7748789787292;10;184.38479614257812;175.8870849609375;[  1   7  95 100 110 113 257 291 390 397];2243;2243;0;0;2.116420030593872
I;344;1431.6321589946747;10;184.3785400390625;175.8870849609375;[  1   7  95 100 110 113 257 291 329 397];2243;2250;0;0;2.1231021881103516
I;345;1439.3306260108948;10;184.36889648437523;175.8870849609375;[  1   7  95 100 110 113 257 291 357 397];2250;2250;0;0;2.1231021881103516
I;346;1447.0914249420166;10;184.367431640625;175.8870849609375;[  1   7  95 100 110 113 257 291 357 397];2250;2250;0;0;2.1231021881103516
I;347;1494.3152010440826;10;184.36645507812503;176.08367919921875;[  1   2   7 100 110 210 253 257 291 397];2250;2413;0;0;2.2846007347106934
I;348;1502.6727240085602;10;184.366455078125;176.08367919921875;[  1   2   7  95 100 110 253 257 291 397];2413;2413;0;0;2.2846007347106934
I;349;1511.316265821457;10;184.36599731445318;176.08367919921875;[  1   7  95 100 110 113 257 291 390 397];2413;2413;0;0;2.2846007347106934
I;350;1519.7966918945312;10;184.365234375;176.08367919921875;[  2   7  95 100 113 118 219 257 390 397];2413;2413;0;0;2.2846007347106934
I;351;1528.2914979457855;10;184.36102294921875;176.08367919921875;[  1   7  95 100 110 253 257 291 357 397];2413;2413;0;0;2.2846007347106934
I;352;1536.6715776920319;10;184.358642578125;176.08367919921875;[  1   2   7  95 100 110 113 257 291 397];2413;2413;0;0;2.2846007347106934
I;353;1545.2067959308624;10;184.35214233398438;176.08367919921875;[  1   7  35 100 110 210 257 291 390 397];2413;2413;0;0;2.2846007347106934
I;354;1554.2667028903961;10;184.35214233398537;176.08367919921875;[  1   7  95 100 110 113 257 291 390 397];2413;2413;0;0;2.2846007347106934
I;355;1564.3667259216309;10;184.35137939453125;176.08660888671875;[  1   7  35  95 100 110 257 291 357 397];2413;2416;0;0;2.2875916957855225
I;356;1573.2542867660522;10;184.3513793945314;176.08660888671875;[  1   7  95 100 110 113 257 291 357 397];2416;2416;0;0;2.2875916957855225
I;357;1583.5479848384857;10;184.35061645507812;176.08758544921875;[  1   7  95 100 110 113 257 291 357 397];2416;2417;0;0;2.288536548614502
I;358;1642.7634990215302;10;184.34954833984375;176.25750732421875;[  1   7 100 110 210 253 257 291 357 397];2416;2675;0;0;2.5397250652313232
I;359;1652.0306928157806;10;184.34954833984375;176.25750732421875;[  1   7  95 100 110 253 257 291 357 397];2675;2675;0;0;2.5397250652313232
I;360;1661.201576948166;10;184.34909057617193;176.25750732421875;[  1   7  95 100 110 113 257 291 390 397];2675;2675;0;0;2.5397250652313232
I;361;1670.3607397079468;10;184.34582519531276;176.25750732421875;[  1   7  95 100 110 253 257 291 357 397];2675;2675;0;0;2.5397250652313232
I;362;1683.5962419509888;10;184.3355712890625;176.27825927734375;[  1   7  95 100 110 113 257 291 357 397];2675;2692;0;0;2.55580472946167
I;363;1703.7802288532257;10;184.3343505859375;176.33822631835938;[  1   2   7  95 100 110 253 257 291 397];2692;2735;0;0;2.596864700317383
I;364;1713.5523557662964;10;184.32940673828125;176.33822631835938;[  1   7  95 100 110 113 257 291 357 397];2735;2735;0;0;2.596864700317383
I;365;1725.4715027809143;10;184.3292236328125;176.35012817382812;[  1   7  95 100 110 113 257 291 357 397];2735;2739;0;0;2.6006016731262207
I;366;1752.640968799591;10;184.3292236328125;176.40103149414062;[  1   7  95 100 110 253 257 291 357 397];2735;2824;0;0;2.6822686195373535
I;367;1762.316377878189;10;184.32617187500017;176.40103149414062;[  1   2   7  95 100 110 113 257 291 397];2824;2824;0;0;2.6822686195373535
I;368;1772.2468628883362;10;184.32373046875;176.40103149414062;[  0   1   7  95 100 110 113 257 291 397];2824;2824;0;0;2.6822686195373535
I;369;1782.0987529754639;10;184.32315063476562;176.40103149414062;[  1   7  95 100 110 113 257 291 390 397];2824;2824;0;0;2.6822686195373535
I;370;1792.823695898056;10;184.32275390625;176.40103149414062;[  1   7  95 100 219 254 257 291 390 397];2824;2824;0;0;2.6822686195373535
I;371;1802.661278963089;10;184.31759643554787;176.40103149414062;[  1   7 100 110 113 210 257 291 390 397];2824;2824;0;0;2.6822686195373535
I;372;1812.4064238071442;10;184.31759643554688;176.40103149414062;[  1   7  95 100 110 113 257 291 390 397];2824;2824;0;0;2.6822686195373535
I;373;1828.9644558429718;10;184.31182861328125;176.40103149414062;[  1   2   7  95 100 110 253 257 291 397];2824;2850;0;0;2.707263231277466
I;374;1838.8732390403748;10;184.3095703125;176.40103149414062;[  2   7 100 110 113 210 240 257 390 397];2850;2850;0;0;2.707263231277466
I;375;1848.9063749313354;10;184.292236328125;176.40103149414062;[  1   7  95 100 110 113 118 257 291 397];2850;2850;0;0;2.707263231277466
I;376;1858.7974200248718;10;184.2895507812507;176.40103149414062;[  1   7  95 100 110 113 257 329 390 397];2850;2850;0;0;2.707263231277466
I;377;1868.7757108211517;10;184.2796020507814;176.40103149414062;[  1   7  95 100 110 253 257 291 357 397];2850;2850;0;0;2.707263231277466
I;378;1880.6327149868011;10;184.2796020507814;176.40103149414062;[  1   7  95 100 110 253 257 291 357 397];2850;2852;0;0;2.709120035171509
I;379;1891.4802448749542;10;184.278564453125;176.40103149414062;[  1   7  95 100 110 253 257 291 357 397];2850;2853;0;0;2.710041046142578
I;380;1902.6411998271942;10;184.277587890625;176.40103149414062;[  1   7  95 100 110 253 257 291 357 397];2850;2854;0;0;2.710983991622925
I;381;1919.2777128219604;10;184.26678466796875;176.40103149414062;[  1   2   7  95 100 110 253 257 291 397];2850;2879;0;0;2.7345447540283203
I;382;1929.1381449699402;10;184.26422119140625;176.40103149414062;[  1   7  95 100 110 253 257 291 357 397];2879;2879;0;0;2.7345447540283203
I;383;1945.8877289295197;10;184.263427734375;176.40103149414062;[  7  95 100 110 113 254 257 338 390 397];2879;2895;0;0;2.7495343685150146
I;384;1955.9070057868958;10;184.25753784179688;176.40103149414062;[  1   7  95 100 110 113 257 291 390 397];2895;2895;0;0;2.7495343685150146
I;385;1965.8653829097748;10;184.25613403320312;176.40103149414062;[  1   7  95 100 110 113 257 291 390 397];2895;2895;0;0;2.7495343685150146
I;386;1978.8268628120422;10;184.255126953125;176.40103149414062;[  1   7 100 110 113 210 257 291 357 397];2895;2901;0;0;2.755303382873535
I;387;1988.7812407016754;10;184.255126953125;176.40103149414062;[  1   7  95 100 110 113 257 291 357 397];2901;2901;0;0;2.755303382873535
I;388;1998.9005408287048;10;184.2529296875;176.40103149414062;[  1   7  95 100 110 113 257 291 357 397];2901;2901;0;0;2.755303382873535
I;389;2016.7860569953918;10;184.25274658203125;176.40103149414062;[  1   7  95 100 110 253 257 291 357 397];2901;2922;0;0;2.7750139236450195
I;390;2026.8515117168427;10;184.24926757812517;176.40103149414062;[  1   7  95 100 110 113 257 291 357 397];2922;2922;0;0;2.7750139236450195
I;391;2050.7522048950195;10;184.24884033203125;176.40103149414062;[  1   7  95 100 110 253 257 291 357 397];2922;2968;0;0;2.8188283443450928
I;392;2060.884094953537;10;184.24691772460955;176.40103149414062;[  1   7  95 100 110 113 257 291 357 397];2968;2968;0;0;2.8188283443450928
I;393;2073.97309589386;10;184.2467041015625;176.40103149414062;[  1   2   7  95 100 110 253 257 291 397];2968;2972;0;0;2.822643518447876
I;394;2084.126107931137;10;184.24649047851562;176.40103149414062;[  1   7  95 100 110 253 257 291 357 397];2972;2972;0;0;2.822643518447876
I;395;2094.1913328170776;10;184.24600219726562;176.40103149414062;[  1   7  95 100 110 253 257 291 357 397];2972;2972;0;0;2.822643518447876
I;396;2127.58722782135;10;184.24578857421875;176.444091796875;[  1   7  95 100 110 113 257 291 357 397];2972;3094;0;0;2.9393391609191895
I;397;2179.583158016205;10;184.24441528320412;176.63015747070312;[  1   7  95 100 110 113 257 291 390 397];3094;3290;0;0;3.1307294368743896
I;398;2190.756642818451;10;184.2393798828125;176.63015747070312;[  1   7  35 100 110 257 291 357 384 397];3290;3290;0;0;3.1307294368743896
I;399;2201.9963326454163;10;184.2393798828125;176.63015747070312;[  1   7 100 110 113 257 291 357 384 397];3290;3290;0;0;3.1307294368743896
I;400;2213.383859872818;10;184.23153686523438;176.63015747070312;[  1   2   7  95 100 110 253 257 291 397];3290;3290;0;0;3.1307294368743896
I;401;2224.778071641922;10;184.22216796875;176.63015747070312;[  1   7  95 100 110 257 291 329 357 397];3290;3290;0;0;3.1307294368743896
I;402;2236.1744797229767;10;184.21984863281253;176.63015747070312;[  1   2   7 100 110 113 210 257 291 397];3290;3290;0;0;3.1307294368743896
I;403;2248.5153288841248;10;184.2198486328125;176.63015747070312;[  1   2   7  95 100 110 113 257 291 397];3290;3290;0;0;3.1307294368743896
I;404;2259.6259100437164;10;184.20596313476562;176.63015747070312;[  7  95 100 110 113 118 257 311 390 397];3290;3290;0;0;3.1307294368743896
I;405;2270.9676599502563;10;184.19027709961037;176.63015747070312;[  1   7  95 100 110 113 257 291 390 397];3290;3290;0;0;3.1307294368743896
I;406;2293.957373857498;10;184.185302734375;176.63015747070312;[  7  95 100 110 113 240 257 357 390 397];3290;3337;0;0;3.174476146697998
I;407;2305.5958909988403;10;184.18325805664082;176.63015747070312;[  1   7 100 110 210 253 257 291 357 397];3337;3337;0;0;3.174476146697998
I;408;2317.0416798591614;10;184.18325805664062;176.63015747070312;[  1   7  95 100 110 253 257 291 357 397];3337;3337;0;0;3.174476146697998
I;409;2328.3497219085693;10;184.16427612304688;176.63015747070312;[  1   2   7 100 110 210 253 257 291 397];3337;3337;0;0;3.174476146697998
I;410;2339.868533849716;10;184.16427612304688;176.63015747070312;[  1   2   7  95 100 110 253 257 291 397];3337;3337;0;0;3.174476146697998
I;411;2355.027083873749;10;184.15925598144554;176.64871215820312;[  1   7  95 100 110 253 257 291 357 397];3337;3345;0;0;3.181948661804199
I;412;2386.2026360034943;10;184.15792846679693;176.68377685546875;[  1   2   7  95 100 110 253 257 291 397];3345;3441;0;0;3.2739036083221436
I;413;2397.9870929718018;10;184.1558837890625;176.68377685546875;[  1   7 100 110 253 257 291 357 384 397];3441;3441;0;0;3.2739036083221436
I;414;2409.740783929825;10;184.1521911621094;176.68377685546875;[  1   2   7  95 100 110 253 257 291 397];3441;3441;0;0;3.2739036083221436
I;415;2422.9863040447235;10;184.1519317626953;176.68789672851562;[  1   2   7  95 100 110 253 257 291 397];3441;3442;0;0;3.274792432785034
I;416;2440.6914207935333;10;184.15150451660156;176.75906372070312;[  1   7  95 100 110 253 257 291 357 397];3441;3468;0;0;3.299595832824707
I;417;2461.3218429088593;10;184.13536071777426;176.75906372070312;[  1   7  95 100 110 113 257 291 357 397];3468;3503;0;0;3.333004951477051
I;418;2473.2818517684937;10;184.13400268554688;176.75906372070312;[  1   7 100 113 118 257 291 384 390 397];3503;3503;0;0;3.333004951477051
I;419;2485.464583873749;10;184.1327667236328;176.75906372070312;[  1   2   7  95 100 110 253 257 291 397];3503;3503;0;0;3.333004951477051
I;420;2497.4198479652405;10;184.13121032714844;176.75906372070312;[  1   7  95 100 110 113 257 291 357 397];3503;3503;0;0;3.333004951477051
I;421;2519.6078248023987;10;184.12559509277344;176.8033447265625;[  1   7  95 100 110 113 257 291 357 397];3503;3538;0;0;3.3678596019744873
I;422;2578.9769480228424;10;184.12545776367188;176.9730224609375;[  1   7  95 100 113 219 257 311 390 397];3503;3787;0;0;3.6053342819213867
I;423;2591.6951689720154;10;184.12545776367188;176.9730224609375;[  1   7  95 100 110 113 257 291 390 397];3787;3787;0;0;3.6053342819213867
I;424;2604.2078518867493;10;184.1230926513672;176.9730224609375;[  1   7  95 100 110 253 257 291 357 397];3787;3787;0;0;3.6053342819213867
I;425;2616.7489306926727;10;184.11099243164125;176.9730224609375;[  1   2   7  95 100 110 113 257 291 397];3787;3787;0;0;3.6053342819213867
I;426;2629.445302963257;10;184.10691833496097;176.9730224609375;[  7  95 100 113 118 219 257 291 390 397];3787;3787;0;0;3.6053342819213867
I;427;2642.233154773712;10;184.0915985107422;176.9730224609375;[  1   2   7  95 100 110 253 257 291 397];3787;3787;0;0;3.6053342819213867
I;428;2655.0627188682556;10;184.0873565673828;176.9730224609375;[  1   7  95 100 110 253 257 291 357 397];3787;3787;0;0;3.6053342819213867
I;429;2670.4942939281464;10;184.08499145507912;176.978515625;[  1   7  95 100 110 113 257 291 390 397];3787;3793;0;0;3.610719680786133
I;430;2686.4937329292297;10;184.08424377441406;176.978515625;[  1   7  95 100 110 253 257 291 357 397];3793;3797;0;0;3.614379405975342
I;431;2705.493114709854;10;184.08377075195412;176.978515625;[  1   7  95 100 110 113 257 291 390 397];3797;3817;0;0;3.6330015659332275
I;432;2721.5171909332275;10;184.07545471191423;176.978515625;[  1   7  95 100 110 253 257 291 357 397];3817;3826;0;0;3.6415717601776123
I;433;2767.1236827373505;10;184.07205200195412;177.037109375;[  1   7  95 100 110 113 257 291 390 397];3826;3969;0;0;3.777682065963745
I;434;2780.3455250263214;10;184.06961059570312;177.037109375;[  1   7  95 100 110 113 257 291 390 397];3969;3969;0;0;3.777682065963745
I;435;2812.8791790008545;10;184.0613250732422;177.06997680664062;[  1   2   7  95 100 110 253 257 291 397];3969;4053;0;0;3.8574886322021484
I;436;2826.176347732544;10;184.05943298339844;177.06997680664062;[  1   7  35  95 100 110 257 291 357 397];4053;4053;0;0;3.8574886322021484
I;437;2839.863550901413;10;184.05943298339847;177.06997680664062;[  1   7  95 100 110 113 257 291 357 397];4053;4053;0;0;3.8574886322021484
I;438;2853.559590816498;10;184.04678344726582;177.06997680664062;[  1   2   7  95 100 110 113 257 291 397];4053;4053;0;0;3.8574886322021484
I;439;2867.216165781021;10;184.04580688476562;177.06997680664062;[  1   2   7 100 110 253 257 291 384 397];4053;4053;0;0;3.8574886322021484
I;440;2880.7003548145294;10;184.04579162597656;177.06997680664062;[  1   7  95 100 110 113 257 291 357 397];4053;4053;0;0;3.8574886322021484
I;441;2897.744631052017;10;184.04528808593824;177.10690307617188;[  1   7  95 100 110 113 254 257 390 397];4053;4064;0;0;3.867496967315674
I;442;2911.246162891388;10;184.0408477783203;177.10690307617188;[  1   7  95 100 110 253 257 291 357 397];4064;4064;0;0;3.867496967315674
I;443;2937.4372458457947;10;184.0397491455078;177.11087036132812;[  1   7  95 100 110 113 257 291 357 397];4064;4118;0;0;3.9183995723724365
I;444;2951.319612979889;10;184.03929138183594;177.11087036132812;[  1   7  95 100 110 113 257 291 357 397];4118;4118;0;0;3.9183995723724365
I;445;3002.1314947605133;10;184.03689575195312;177.26500701904297;[  1   7  35  95 100 219 257 291 390 397];4118;4247;0;0;4.04227352142334
I;446;3016.326516866684;10;184.03689575195412;177.26500701904297;[  1   7  95 100 110 113 257 291 390 397];4247;4247;0;0;4.04227352142334
I;447;3030.3966159820557;10;184.03225708007812;177.26500701904297;[  1   2   7  95 100 110 113 257 291 397];4247;4247;0;0;4.04227352142334
I;448;3045.0792288780212;10;184.0301971435547;177.26500701904297;[  1   7  95 100 110 253 257 291 357 397];4247;4247;0;0;4.04227352142334
I;449;3059.913680791855;10;184.0276641845703;177.26500701904297;[  1   7  95 100 110 128 253 257 291 397];4247;4247;0;0;4.04227352142334
I;450;3074.2005927562714;10;184.0276641845703;177.26500701904297;[  1   2   7  95 100 110 253 257 291 397];4247;4247;0;0;4.04227352142334
I;451;3089.0995099544525;10;184.0213623046885;177.26500701904297;[  1   7  95 100 110 113 257 291 390 397];4247;4247;0;0;4.04227352142334
I;452;3112.634383916855;10;184.01909637451172;177.30123138427734;[  1   7  95 100 110 113 257 291 357 397];4247;4280;0;0;4.074010848999023
I;453;3130.305946826935;10;184.01891326904297;177.30992889404297;[  1   7  95 100 110 113 257 291 357 397];4280;4282;0;0;4.0758137702941895
I;454;3163.3340380191803;10;184.01805114746094;177.37068939208984;[  1   7  95 100 110 253 257 291 357 397];4280;4370;0;0;4.1581947803497314
I;455;3177.8018679618835;10;184.0166168212893;177.37068939208984;[  1   2   7  95 100 110 253 257 291 397];4370;4370;0;0;4.1581947803497314
I;456;3192.268588066101;10;184.01437377929688;177.37068939208984;[  1   2   7  95 100 110 113 257 291 397];4370;4370;0;0;4.1581947803497314
I;457;3206.678224802017;10;184.013916015625;177.37068939208984;[  1   7  95 100 110 113 257 357 390 397];4370;4370;0;0;4.1581947803497314
I;458;3221.1847879886627;10;184.00801086425787;177.37068939208984;[  1   7  95 100 110 253 257 291 357 397];4370;4370;0;0;4.1581947803497314
I;459;3255.4942259788513;10;184.005126953126;177.39508819580078;[  1   7  95 100 110 113 257 291 390 397];4370;4463;0;0;4.246718645095825
I;460;3269.9902839660645;10;184.00428771972662;177.39508819580078;[  1   2   7 100 110 210 253 257 291 397];4463;4463;0;0;4.246718645095825
I;461;3285.0244948863983;10;184.00428771972656;177.39508819580078;[  1   2   7  95 100 110 253 257 291 397];4463;4463;0;0;4.246718645095825
I;462;3299.877506017685;10;184.00384521484474;177.39508819580078;[  1   7  95 100 110 113 257 291 390 397];4463;4463;0;0;4.246718645095825
I;463;3325.1106638908386;10;184.00326538085938;177.39508819580078;[  1   2   7  95 100 110 113 257 291 397];4463;4503;0;0;4.284323453903198
I;464;3340.364760875702;10;184.00265502929688;177.39508819580078;[  1   2   7  95 100 110 113 257 291 397];4503;4503;0;0;4.284323453903198
I;465;3357.1725878715515;10;184.00198364257812;177.39508819580078;[  1   2   7  95 100 110 113 257 291 397];4503;4504;0;0;4.285219430923462
I;466;3390.075250864029;10;184.00019073486328;177.46524810791016;[  1   7  95 100 110 113 257 291 357 397];4503;4550;0;0;4.328850030899048
I;467;3405.4798018932343;10;183.99935150146484;177.46524810791016;[  1   7  95 100 110 113 257 291 357 397];4550;4550;0;0;4.328850030899048
I;468;3488.8422157764435;10;183.99551391601562;177.65522003173828;[  1   2   7  95 100 110 113 257 291 397];4550;4877;0;0;4.648338794708252
I;469;3505.1280047893524;10;183.98275756835938;177.65522003173828;[  1   2   7 100 110 113 257 291 384 397];4877;4877;0;0;4.648338794708252
I;470;3521.539388895035;10;183.9702911376953;177.65522003173828;[  1   2   7  95 100 110 253 257 291 397];4877;4877;0;0;4.648338794708252
I;471;3538.016972064972;10;183.96554565429702;177.65522003173828;[  1   7  95 100 110 253 257 291 357 397];4877;4877;0;0;4.648338794708252
I;472;3554.2673757076263;10;183.96006774902344;177.65522003173828;[  1   2   7  95 100 110 253 257 291 397];4877;4877;0;0;4.648338794708252
I;473;3572.959424972534;10;183.95916748046974;177.66083526611328;[  1   7  95 100 110 113 257 291 390 397];4877;4881;0;0;4.651921987533569
I;474;3589.3229937553406;10;183.95769500732422;177.66083526611328;[  1   7  95 100 110 113 257 291 357 397];4881;4881;0;0;4.651921987533569
I;1;0.006214141845703125;10;1000000.0;0;[0 1 2 3 4 5 6 7 8 9];1;1;0;0;0
I;2;0.030679941177368164;10;282.0;0;[  0   1   2   7 257 298 312 320 384 397];1;1;0;0;0
I;3;0.0539860725402832;10;233.0;0;[  7 110 118 150 219 253 312 320 390 397];1;1;0;0;0
I;4;0.07706403732299805;10;214.0;0;[  1   7 100 110 219 253 312 320 390 397];1;1;0;0;0
I;5;0.10149693489074707;10;212.0;0;[  1   7 100 110 219 257 312 329 390 397];1;1;0;0;0
I;6;0.1264629364013672;10;203.0;0;[  1   7 100 110 210 219 320 329 390 397];1;1;0;0;0
I;7;0.15301179885864258;10;200.0;0;[  1   7 100 110 210 219 257 312 313 397];1;1;0;0;0
I;8;0.17856407165527344;10;198.0;0;[  7 100 110 210 219 257 329 357 384 397];1;1;0;0;0
I;9;0.20619583129882812;10;193.0;0;[  1   7 100 110 196 210 257 313 390 397];1;1;0;0;0
I;10;0.23321008682250977;10;193.0;0;[  7 100 110 196 210 219 240 257 329 397];1;1;0;0;0
I;11;0.2592639923095703;10;193.0;0;[  1   7 100 110 118 196 210 257 329 397];1;1;0;0;0
I;12;0.6298420429229736;10;191.25;148.5;[  1   7 100 110 210 257 313 357 390 397];1;3;0;0;0.002216815948486328
I;13;0.6667881011962891;10;190.5;148.5;[  1   7 100 110 210 257 313 357 390 397];3;3;0;0;0.002216815948486328
I;14;1.591090202331543;10;190.0;154.125;[  1   7 100 113 210 219 257 329 390 397];3;8;0;0;0.007089376449584961
I;15;1.643009901046753;10;190.0;154.125;[  1   7 100 110 210 257 311 329 390 397];8;8;0;0;0.007089376449584961
I;16;1.705420970916748;10;189.0;154.125;[  1   7 100 110 150 210 254 257 311 397];8;8;0;0;0.007089376449584961
I;17;1.7667150497436523;10;189.0;154.125;[  1   2   7  95 100 110 253 257 320 397];8;8;0;0;0.007089376449584961
I;18;1.8268730640411377;10;189.0;154.125;[  7 100 110 113 210 240 254 257 390 397];8;8;0;0;0.007089376449584961
I;19;1.8940341472625732;10;189.0;154.125;[  1   7 100 110 210 257 311 357 390 397];8;8;0;0;0.007089376449584961
I;20;1.9514009952545166;10;189.0;154.125;[  1   7 100 110 113 210 257 357 390 397];8;8;0;0;0.007089376449584961
I;21;2.00980281829834;10;189.0;154.125;[  1   7 100 110 113 210 257 291 390 397];8;8;0;0;0.007089376449584961
I;22;2.080399990081787;10;188.9375;154.125;[  1   7  95 100 219 253 257 291 357 397];8;8;0;0;0.007089376449584961
I;23;2.1505329608917236;10;188.9375;154.125;[  1   7 100 110 210 257 329 357 390 397];8;8;0;0;0.007089376449584961
I;24;2.756155014038086;10;188.9375;155.15625;[  1   2   7 100 210 219 257 329 390 397];8;11;0;0;0.009950399398803711
I;25;2.8434641361236572;10;188.9375;155.15625;[  1   2   7 100 110 210 253 257 291 397];11;11;0;0;0.009950399398803711
I;26;2.934849977493286;10;188.75;155.15625;[  1   7 100 110 210 253 257 291 313 397];11;11;0;0;0.009950399398803711
I;27;3.031494140625;10;188.25;155.15625;[  1   7 100 110 113 210 257 357 390 397];11;11;0;0;0.009950399398803711
I;28;3.458235025405884;10;188.25;156.6875;[  1   7 100 110 210 253 257 329 357 397];11;13;0;0;0.011994600296020508
I;29;3.5662219524383545;10;188.25;156.6875;[  1   7  95 100 110 118 257 329 357 397];13;13;0;0;0.011994600296020508
I;30;3.662308931350708;10;188.09375;156.6875;[  1   7 100 110 210 257 329 357 390 397];13;13;0;0;0.011994600296020508
I;31;3.928515911102295;10;188.0625;157.125;[  1   7 100 110 113 150 210 257 291 397];13;14;0;0;0.012942790985107422
I;32;4.01827597618103;10;188.0625;157.125;[  1   7 100 110 113 210 257 357 390 397];14;14;0;0;0.012942790985107422
I;33;4.481965065002441;10;187.9375;157.84375;[  7  95 100 110 113 118 257 329 390 397];14;16;0;0;0.014840126037597656
I;34;4.604449987411499;10;187.9375;157.84375;[  1   7  35 100 110 257 313 384 390 397];16;16;0;0;0.014840126037597656
I;35;4.7310950756073;10;187.9375;157.84375;[  1   7 100 110 113 210 257 329 390 397];16;16;0;0;0.014840126037597656
I;36;4.8581438064575195;10;187.875;157.84375;[  1   7 100 110 113 210 257 357 390 397];16;16;0;0;0.014840126037597656
I;37;5.762159109115601;10;187.875;159.65625;[  1   2   7 100 110 113 210 257 390 397];16;20;0;0;0.018741369247436523
I;38;5.915808916091919;10;187.78125;159.65625;[  1   7 100 110 210 257 291 357 390 397];20;20;0;0;0.018741369247436523
I;39;6.058567047119141;10;187.78125;159.65625;[  1   7 100 110 210 253 257 291 357 397];20;20;0;0;0.018741369247436523
I;40;6.260766983032227;10;187.78125;159.65625;[  1   2   7 100 110 210 257 291 390 397];20;20;0;0;0.018741369247436523
I;41;6.4274420738220215;10;187.78125;159.65625;[  1   2   7  95 100 110 253 257 311 397];20;20;0;0;0.018741369247436523
I;42;6.576968193054199;10;187.6875;159.65625;[  1   7 100 110 113 128 257 384 390 397];20;20;0;0;0.018741369247436523
I;43;6.758004903793335;10;187.6875;159.65625;[  2   7 100 110 113 210 240 257 390 397];20;20;0;0;0.018741369247436523
I;44;6.922273874282837;10;187.6875;159.65625;[  1   2   7 100 110 113 210 257 390 397];20;20;0;0;0.018741369247436523
I;45;7.850044012069702;10;187.6171875;161.234375;[  1   7 100 110 257 313 357 384 390 397];20;24;0;0;0.022809505462646484
I;46;8.030210018157959;10;187.59375;161.234375;[  1   7  35  95 100 128 219 257 390 397];24;24;0;0;0.022809505462646484
I;47;8.189135074615479;10;187.59375;161.234375;[  7  95 100 110 113 118 128 257 390 397];24;24;0;0;0.022809505462646484
I;48;8.368568897247314;10;187.59375;161.234375;[  2   7 100 110 113 118 210 257 390 397];24;24;0;0;0.022809505462646484
I;49;8.54593801498413;10;187.59375;161.234375;[  1   2   7 100 110 113 210 257 390 397];24;24;0;0;0.022809505462646484
I;50;10.48876404762268;10;187.546875;162.1328125;[  1   2   7 100 110 113 210 257 390 397];24;33;0;0;0.03216385841369629
I;51;11.06018614768982;10;187.5;162.4609375;[  1   2   7 100 110 113 210 257 390 397];24;35;0;0;0.03416609764099121
I;52;27.368937969207764;10;187.375;165.69921875;[  1   2   7 100 110 253 257 311 384 397];24;130;0;0;0.11809015274047852
I;53;27.82562804222107;10;187.375;165.69921875;[  1   2   7 100 110 210 253 257 291 397];130;130;0;0;0.11809015274047852
I;54;28.270880937576294;10;187.375;165.69921875;[  1   2   7  95 100 110 150 257 291 397];130;130;0;0;0.11809015274047852
I;55;28.746872901916504;10;187.333984375;165.69921875;[  1   7  95 100 110 113 257 357 390 397];130;130;0;0;0.11809015274047852
I;56;29.22634196281433;10;187.333984375;165.69921875;[  1   2   7  95 100 113 219 257 390 397];130;130;0;0;0.11809015274047852
I;57;29.692748069763184;10;187.3125;165.69921875;[  1   7 100 110 210 257 329 357 390 397];130;130;0;0;0.11809015274047852
I;58;30.19527792930603;10;187.1875;165.69921875;[  7 100 110 113 118 128 210 257 291 397];130;130;0;0;0.11809015274047852
I;59;30.689305067062378;10;187.125;165.69921875;[  1   7 100 110 113 210 257 291 390 397];130;130;0;0;0.11809015274047852
I;60;31.225270986557007;10;187.125;165.69921875;[  1   7  95 100 110 113 257 291 390 397];130;130;0;0;0.11809015274047852
I;61;31.7079861164093;10;187.046875;165.69921875;[  1   7  95 100 110 113 128 257 390 397];130;130;0;0;0.11809015274047852
I;62;32.22663497924805;10;187.046875;165.69921875;[  1   2   7  95 100 110 113 257 390 397];130;130;0;0;0.11809015274047852
I;63;54.02475595474243;10;187.03125000000017;169.9287109375;[  1   2   7 100 110 210 257 329 390 397];130;256;0;0;0.23235726356506348
I;64;54.88634991645813;10;187.0234375000001;169.9287109375;[  1   7  95 100 110 253 257 291 357 397];256;256;0;0;0.23235726356506348
I;65;55.79367709159851;10;187.02343750000003;169.9287109375;[  1   2   7  95 100 110 253 257 291 397];256;256;0;0;0.23235726356506348
I;66;56.7627649307251;10;187.0;169.9287109375;[  1   7  95 100 110 113 257 291 357 397];256;256;0;0;0.23235726356506348
I;67;57.712584018707275;10;187.00000001880005;169.9287109375;[  1   2   7  95 100 110 257 291 329 397];256;256;0;0;0.23235726356506348
I;68;58.694132804870605;10;187.0;169.9287109375;[  1   7 100 110 210 257 291 329 390 397];256;256;0;0;0.23235726356506348
I;69;59.69372200965881;10;187.0;169.9287109375;[  0   1   7 100 110 113 257 291 384 397];256;256;0;0;0.23235726356506348
I;70;60.73035216331482;10;187.0;169.9287109375;[  1   2   7  95 100 110 113 257 291 397];256;256;0;0;0.23235726356506348
I;71;61.751023054122925;10;187.0;169.9287109375;[  1   7  95 100 110 150 257 291 313 397];256;256;0;0;0.23235726356506348
I;72;62.74048614501953;10;187.0;169.9287109375;[  0   1   7 100 110 253 257 291 384 397];256;256;0;0;0.23235726356506348
I;73;63.742039918899536;10;187.0;169.9287109375;[  0   1   7 100 110 210 253 257 291 397];256;256;0;0;0.23235726356506348
I;74;64.71141195297241;10;186.7714843750004;169.9287109375;[  1   7  95 100 110 113 257 311 390 397];256;256;0;0;0.23235726356506348
I;75;65.69245314598083;10;186.625;169.9287109375;[  1   2   7 100 210 219 257 311 390 397];256;256;0;0;0.23235726356506348
I;76;66.66945099830627;10;186.625;169.9287109375;[  1   7 100 110 113 210 257 329 390 397];256;256;0;0;0.23235726356506348
I;77;67.67853999137878;10;186.62500000000028;169.9287109375;[  1   2   7  95 100 110 257 291 390 397];256;256;0;0;0.23235726356506348
I;78;68.67863392829895;10;186.6250000000002;169.9287109375;[  0   1   2   7  95 100 110 257 390 397];256;256;0;0;0.23235726356506348
I;79;69.6878068447113;10;186.625;169.9287109375;[  1   7  43  95 100 113 219 257 390 397];256;256;0;0;0.23235726356506348
I;80;70.67581510543823;10;186.5078125000005;169.9287109375;[  1   7 100 110 257 291 357 384 390 397];256;256;0;0;0.23235726356506348
I;81;71.68571519851685;10;186.5;169.9287109375;[  1   7 100 110 113 210 257 291 390 397];256;256;0;0;0.23235726356506348
I;82;72.66729688644409;10;186.5;169.9287109375;[  7 100 110 113 210 240 257 291 390 397];256;256;0;0;0.23235726356506348
I;83;73.71637010574341;10;186.5;169.9287109375;[  1   7  95 100 110 113 257 291 390 397];256;256;0;0;0.23235726356506348
I;84;74.96654200553894;10;186.470703125;169.9853515625;[  1   7  95 100 110 113 257 291 390 397];256;257;0;0;0.2333393096923828
I;85;79.45627212524414;10;186.44921875;170.7265625;[  1   7  95 100 110 113 257 291 390 397];256;275;0;0;0.25076913833618164
I;86;84.09966778755188;10;186.419921875;171.091796875;[  1   7 100 110 113 210 257 357 390 397];256;297;0;0;0.2709786891937256
I;87;85.1360878944397;10;186.419921875;171.091796875;[  1   7  95 100 110 113 257 357 390 397];297;297;0;0;0.2709786891937256
I;88;86.28267312049866;10;186.412109375;171.091796875;[  0   1   7 100 110 257 291 357 384 397];297;297;0;0;0.2709786891937256
I;89;87.38475298881531;10;186.39062500000017;171.091796875;[  1   7  95 100 110 257 329 357 390 397];297;297;0;0;0.2709786891937256
I;90;88.5885579586029;10;186.373046875;171.091796875;[  1   2   7  95 100 110 253 257 291 397];297;297;0;0;0.2709786891937256
I;91;89.71807718276978;10;186.3720703125;171.091796875;[  0   1   7  95 100 110 253 257 291 397];297;297;0;0;0.2709786891937256
I;92;90.86714792251587;10;186.3593750000004;171.091796875;[  1   2   7  95 100 110 253 257 291 397];297;297;0;0;0.2709786891937256
I;93;92.28526210784912;10;186.3583984375;171.1083984375;[  0   1   7 100 110 210 257 313 390 397];297;298;0;0;0.2719707489013672
I;94;93.40501809120178;10;186.35156250000057;171.1083984375;[  1   7 100 110 210 257 291 357 390 397];298;298;0;0;0.2719707489013672
I;95;94.551677942276;10;186.35156250000009;171.1083984375;[  1   7  95 100 110 257 291 357 390 397];298;298;0;0;0.2719707489013672
I;96;95.65041303634644;10;186.3466796875;171.1083984375;[  1   2   7 100 110 210 253 257 291 397];298;298;0;0;0.2719707489013672
I;97;96.80062198638916;10;186.3466796875;171.1083984375;[  1   2   7  95 100 110 253 257 291 397];298;298;0;0;0.2719707489013672
I;98;98.18963503837585;10;186.34375000000045;171.1171875;[  1   7 100 110 253 257 291 357 384 397];298;299;0;0;0.27294373512268066
I;99;99.29071879386902;10;186.3339843750002;171.1171875;[  1   7  95 100 110 128 253 257 291 397];299;299;0;0;0.27294373512268066
I;100;100.3986439704895;10;186.33398437500054;171.1171875;[  1   2   7  95 100 110 253 257 291 397];299;299;0;0;0.27294373512268066
I;101;102.40565609931946;10;186.3115234375;171.19140625;[  1   7 100 110 113 257 291 357 384 397];299;303;0;0;0.27687549591064453
I;102;103.58975005149841;10;186.310546875;171.19140625;[  1   7 100 110 113 257 291 357 384 397];303;303;0;0;0.27687549591064453
I;103;107.43216300010681;10;186.28320312500054;171.28515625;[  1   2   7  95 100 110 253 257 291 397];303;317;0;0;0.2904469966888428
I;104;108.57345604896545;10;186.2763671875;171.28515625;[  1   2   7 100 110 113 257 291 384 397];317;317;0;0;0.2904469966888428
I;105;109.7452290058136;10;186.2480468750007;171.28515625;[  1   7 100 110 210 253 257 291 357 397];317;317;0;0;0.2904469966888428
I;106;110.89303588867188;10;186.24804687500009;171.28515625;[  1   7  95 100 110 253 257 291 357 397];317;317;0;0;0.2904469966888428
I;107;112.0902419090271;10;186.13671875000017;171.28515625;[  1   7  95 100 110 257 291 311 329 397];317;317;0;0;0.2904469966888428
I;108;113.28292489051819;10;186.12695312500048;171.28515625;[  1   7 100 110 113 210 257 291 390 397];317;317;0;0;0.2904469966888428
I;109;114.50950121879578;10;186.12695312500048;171.28515625;[  1   7  95 100 110 113 257 291 390 397];317;317;0;0;0.2904469966888428
I;110;115.71238899230957;10;186.11425781250057;171.28515625;[  1   2   7 100 110 210 253 257 291 397];317;317;0;0;0.2904469966888428
I;111;116.96973991394043;10;186.1142578125;171.28515625;[  1   2   7  95 100 110 253 257 291 397];317;317;0;0;0.2904469966888428
I;112;118.5936930179596;10;186.11181640625;171.306640625;[  1   7  35 100 110 257 291 357 384 397];317;318;0;0;0.29151129722595215
I;113;119.97720098495483;10;186.1118164062501;171.306640625;[  1   7 100 110 113 257 291 357 384 397];318;318;0;0;0.29151129722595215
I;114;129.82345008850098;10;186.0927734375;171.666015625;[  1   2   7  95 100 110 150 257 291 397];318;356;0;0;0.33377790451049805
I;115;131.31425499916077;10;186.07128906250048;171.666015625;[  1   2   7 100 110 113 210 257 291 397];356;356;0;0;0.33377790451049805
I;116;132.73806405067444;10;186.04394531250068;171.666015625;[  1   2   7 100 110 210 253 257 291 397];356;356;0;0;0.33377790451049805
I;117;134.1282868385315;10;186.0439453125;171.666015625;[  1   2   7  95 100 110 253 257 291 397];356;356;0;0;0.33377790451049805
I;118;135.47259092330933;10;186.03125;171.666015625;[  1   2   7  95 100 110 257 291 390 397];356;356;0;0;0.33377790451049805
I;119;136.78816294670105;10;186.0146484375;171.666015625;[  1   7  95 100 110 113 257 329 390 397];356;356;0;0;0.33377790451049805
I;120;138.16014194488525;10;186.00048828125;171.666015625;[  1   7  95 100 110 253 257 291 357 397];356;356;0;0;0.33377790451049805
I;121;139.53812098503113;10;185.99804687500014;171.666015625;[  1   2   7  95 100 110 253 257 291 397];356;356;0;0;0.33377790451049805
I;122;141.34357118606567;10;185.9765625;171.67578125;[  1   2   7  95 100 110 253 257 291 397];356;357;0;0;0.3348250389099121
I;123;155.1103160381317;10;185.9697265625;171.67578125;[  1   7  95 100 110 257 291 329 390 397];356;426;0;0;0.4009060859680176
I;124;156.6154019832611;10;185.9609375;171.67578125;[  1   2   7  95 100 110 113 257 291 397];426;426;0;0;0.4009060859680176
I;125;158.15153980255127;10;185.94482421875;171.67578125;[  1   7  95 100 110 113 257 311 390 397];426;426;0;0;0.4009060859680176
I;126;159.69698905944824;10;185.94482421875;171.67578125;[  7  95 100 110 113 118 257 291 390 397];426;426;0;0;0.4009060859680176
I;127;161.370600938797;10;185.94482421875028;171.67578125;[  1   7  35  95 100 110 253 257 291 397];426;426;0;0;0.4009060859680176
I;128;162.97637701034546;10;185.94482421875;171.67578125;[  1   7  95 100 113 118 257 291 390 397];426;426;0;0;0.4009060859680176
I;129;164.54294109344482;10;185.943359375;171.67578125;[  1   7  95 100 110 113 257 291 357 397];426;426;0;0;0.4009060859680176
I;130;166.16149806976318;10;185.89794921875074;171.67578125;[  1   7 100 110 210 253 257 291 357 397];426;426;0;0;0.4009060859680176
I;131;167.75568199157715;10;185.89794921875;171.67578125;[  1   7  95 100 110 253 257 291 357 397];426;426;0;0;0.4009060859680176
I;132;169.2699110507965;10;185.87207031250063;171.67578125;[  1   7  95 100 110 257 291 357 390 397];426;426;0;0;0.4009060859680176
I;133;170.8116500377655;10;185.8330078125001;171.67578125;[  1   7 100 110 210 253 257 291 311 397];426;426;0;0;0.4009060859680176
I;134;172.3468279838562;10;185.8007812500001;171.67578125;[  1   7 100 110 113 257 357 384 390 397];426;426;0;0;0.4009060859680176
I;135;173.89250493049622;10;185.79003906250017;171.67578125;[  1   2   7 100 110 113 210 257 390 397];426;426;0;0;0.4009060859680176
I;136;175.4519670009613;10;185.7900390625;171.67578125;[  2   7  95 100 110 113 222 257 390 397];426;426;0;0;0.4009060859680176
I;137;177.05899906158447;10;185.79003906250037;171.67578125;[  1   2   7  95 100 110 113 257 390 397];426;426;0;0;0.4009060859680176
I;138;178.60044193267822;10;185.771484375;171.67578125;[  1   7  35 100 110 257 291 357 384 397];426;426;0;0;0.4009060859680176
I;139;180.17305493354797;10;185.77148437500003;171.67578125;[  1   7 100 110 113 257 291 357 384 397];426;426;0;0;0.4009060859680176
I;140;188.031574010849;10;185.7666015625;171.67578125;[  1   2   7  95 100 110 113 257 291 397];426;459;0;0;0.4316904544830322
I;141;189.63167190551758;10;185.70507812500017;171.67578125;[  1   7  95 100 110 113 257 357 390 397];459;459;0;0;0.4316904544830322
I;142;191.24854707717896;10;185.68896484375;171.67578125;[  1   7 100 110 113 210 257 291 357 397];459;459;0;0;0.4316904544830322
I;143;192.94214487075806;10;185.68896484375009;171.67578125;[  1   7  95 100 110 113 257 291 357 397];459;459;0;0;0.4316904544830322
I;144;194.63133311271667;10;185.67724609375;171.67578125;[  1   7 100 110 113 128 257 291 384 397];459;459;0;0;0.4316904544830322
I;145;196.3804531097412;10;185.67724609375;171.67578125;[  1   7  35  95 100 110 128 257 291 397];459;459;0;0;0.4316904544830322
I;146;198.09062790870667;10;185.67724609375048;171.67578125;[  1   2   7  95 100 110 113 257 291 397];459;459;0;0;0.4316904544830322
I;147;200.10397791862488;10;185.673828125;171.67578125;[  1   2   7  95 100 110 113 257 291 397];459;460;0;0;0.4326355457305908
I;148;202.06815004348755;10;185.66992187500082;171.67578125;[  1   7 100 110 113 210 257 291 390 397];459;461;0;0;0.4335896968841553
I;149;203.74529099464417;10;185.66992187500082;171.67578125;[  1   7  95 100 110 113 257 291 390 397];461;461;0;0;0.4335896968841553
I;150;205.48005604743958;10;185.66162109375054;171.67578125;[  1   2   7 100 110 113 210 257 291 397];461;461;0;0;0.4335896968841553
I;151;207.29236793518066;10;185.66162109375054;171.67578125;[  1   2   7  95 100 110 113 257 291 397];461;461;0;0;0.4335896968841553
I;152;213.87053203582764;10;185.6484375;172.23193359375;[  1   2   7 100 118 210 257 291 390 397];461;489;0;0;0.4596590995788574
I;153;215.57010698318481;10;185.636962890625;172.23193359375;[  0   1   2   7  95 100 110 257 291 397];489;489;0;0;0.4596590995788574
I;154;217.31223011016846;10;185.6362304687502;172.23193359375;[  1   7 100 110 113 257 291 357 384 397];489;489;0;0;0.4596590995788574
I;155;219.1229968070984;10;185.625732421875;172.23193359375;[  1   7 100 110 113 257 291 357 384 397];489;489;0;0;0.4596590995788574
I;156;223.81394696235657;10;185.61279296875;172.23193359375;[  1   7  95 100 110 113 128 257 291 397];489;500;0;0;0.4703233242034912
I;157;225.61247301101685;10;185.6127929687504;172.23193359375;[  1   2   7  95 100 110 113 257 291 397];500;500;0;0;0.4703233242034912
I;158;227.40791201591492;10;185.5986328125;172.23193359375;[  7  95 100 110 113 257 338 357 390 397];500;500;0;0;0.4703233242034912
I;159;229.24838280677795;10;185.59619140625;172.23193359375;[  1   7 100 110 113 257 291 357 384 397];500;500;0;0;0.4703233242034912
I;160;237.7124478816986;10;185.5888671875006;172.5791015625;[  1   2   7 100 110 113 210 257 291 397];500;533;0;0;0.5011999607086182
I;161;239.58308815956116;10;185.5888671875;172.5791015625;[  1   2   7  95 100 110 113 257 291 397];533;533;0;0;0.5011999607086182
I;162;241.49370098114014;10;185.56640625;172.5791015625;[  1   7  95 100 110 113 257 291 357 397];533;533;0;0;0.5011999607086182
I;163;243.3999478816986;10;185.564453125;172.5791015625;[  1   2   7 100 110 257 291 384 390 397];533;533;0;0;0.5011999607086182
I;164;245.29082894325256;10;185.564453125;172.5791015625;[  1   2   7 100 110 210 257 291 390 397];533;533;0;0;0.5011999607086182
I;165;247.264573097229;10;185.56445312500023;172.5791015625;[  1   2   7  95 100 110 257 291 390 397];533;533;0;0;0.5011999607086182
I;166;249.19604802131653;10;185.54882812500074;172.5791015625;[  1   7  95 100 110 113 257 291 390 397];533;533;0;0;0.5011999607086182
I;167;251.0872130393982;10;185.5400390625;172.5791015625;[  0   1   7 100 110 210 257 291 390 397];533;533;0;0;0.5011999607086182
I;168;253.00595903396606;10;185.5400390625;172.5791015625;[  1   7 100 110 210 240 257 291 390 397];533;533;0;0;0.5011999607086182
I;169;254.97513484954834;10;185.5224609375004;172.5791015625;[  1   2   7  35  95 100 110 257 291 397];533;533;0;0;0.5011999607086182
I;170;256.9881269931793;10;185.5224609375;172.5791015625;[  1   2   7  95 100 110 113 257 291 397];533;533;0;0;0.5011999607086182
I;171;267.2864010334015;10;185.50036621093818;172.923828125;[  1   7 100 110 113 257 291 357 384 397];533;580;0;0;0.5448629856109619
I;172;269.3420441150665;10;185.4920654296875;172.923828125;[  1   7 100 110 113 257 291 357 384 397];580;580;0;0;0.5448629856109619
I;173;287.4412078857422;10;185.48681640625;172.960205078125;[  1   7 100 110 150 257 291 357 384 397];580;668;0;0;0.6249122619628906
I;174;289.73044085502625;10;185.4765625;172.960205078125;[  2   7  95 100 110 113 118 257 291 397];668;668;0;0;0.6249122619628906
I;175;292.0983510017395;10;185.47338867187563;172.960205078125;[  1   7 100 110 113 210 257 291 357 397];668;668;0;0;0.6249122619628906
I;176;294.63112211227417;10;185.4733886718752;172.960205078125;[  1   7  95 100 110 113 257 291 357 397];668;668;0;0;0.6249122619628906
I;177;297.0731198787689;10;185.46435546875077;172.960205078125;[  1   7  95 100 110 113 257 291 390 397];668;668;0;0;0.6249122619628906
I;178;299.39738297462463;10;185.4482421875;172.960205078125;[  7  95 100 110 113 118 257 357 390 397];668;668;0;0;0.6249122619628906
I;179;301.76631116867065;10;185.4472656250002;172.960205078125;[  1   7  95 100 110 113 253 257 291 397];668;668;0;0;0.6249122619628906
I;180;304.22481989860535;10;185.4384765625;172.960205078125;[  2   7  95 100 110 113 118 257 390 397];668;668;0;0;0.6249122619628906
I;181;306.67124009132385;10;185.4140625000002;172.960205078125;[  1   2   7  95 100 110 254 257 291 397];668;668;0;0;0.6249122619628906
I;182;309.05619502067566;10;185.41064453125;172.960205078125;[  1   2   7  95 100 110 253 257 291 397];668;668;0;0;0.6249122619628906
I;183;311.40056896209717;10;185.4072265625;172.960205078125;[  1   7  35  95 100 128 219 257 390 397];668;668;0;0;0.6249122619628906
I;184;313.8338530063629;10;185.4072265625;172.960205078125;[  1   2   7  95 100 110 113 257 390 397];668;668;0;0;0.6249122619628906
I;185;316.3026080131531;10;185.39794921875017;172.960205078125;[  1   7  95 100 110 253 257 291 357 397];668;668;0;0;0.6249122619628906
I;186;318.6937110424042;10;185.38916015625063;172.960205078125;[  1   2   7 100 110 113 257 291 384 397];668;668;0;0;0.6249122619628906
I;187;321.1587200164795;10;185.3891601562506;172.960205078125;[  1   2   7  95 100 110 113 257 291 397];668;668;0;0;0.6249122619628906
I;188;323.56040382385254;10;185.366455078125;172.960205078125;[  1   7  95 100 110 113 254 257 291 397];668;668;0;0;0.6249122619628906
I;189;325.941143989563;10;185.288330078125;172.960205078125;[  1   7  95 100 110 113 257 291 357 397];668;668;0;0;0.6249122619628906
I;190;329.0139801502228;10;185.284423828125;172.989501953125;[  1   7  95 100 110 113 257 291 357 397];668;670;0;0;0.6267931461334229
I;191;335.87547421455383;10;185.2763671875008;173.181640625;[  1   7  95 100 110 113 257 357 390 397];668;691;0;0;0.6466808319091797
I;192;338.15499901771545;10;185.274169921875;173.181640625;[  1   7  95 100 110 253 254 257 291 397];691;691;0;0;0.6466808319091797
I;193;340.5806419849396;10;185.2695312500005;173.181640625;[  1   7 100 110 113 210 257 291 329 397];691;691;0;0;0.6466808319091797
I;194;343.058207988739;10;185.26953125;173.181640625;[  0   1   7  95 100 110 113 257 291 397];691;691;0;0;0.6466808319091797
I;195;345.6128959655762;10;185.257568359375;173.181640625;[  1   7  95 100 110 113 257 291 357 397];691;691;0;0;0.6466808319091797
I;196;355.4759678840637;10;185.2519531250008;173.185302734375;[  1   7  95 100 110 113 257 291 390 397];691;732;0;0;0.6850416660308838
I;197;357.96365213394165;10;185.224609375;173.185302734375;[  1   2   7 100 110 113 210 257 291 397];732;732;0;0;0.6850416660308838
I;198;360.61159491539;10;185.22460937500003;173.185302734375;[  1   2   7  35  95 100 110 257 291 397];732;732;0;0;0.6850416660308838
I;199;363.2360601425171;10;185.224609375;173.185302734375;[  1   2   7  95 100 110 113 257 291 397];732;732;0;0;0.6850416660308838
I;200;365.89463996887207;10;185.22021484375077;173.185302734375;[  1   7  95 100 110 113 257 291 390 397];732;732;0;0;0.6850416660308838
I;201;369.48014307022095;10;185.20556640625;173.200927734375;[  1   7  95 100 110 113 257 291 390 397];732;735;0;0;0.6878995895385742
I;202;377.93154191970825;10;185.20544433593832;173.281005859375;[  1   7 100 110 113 257 291 357 384 397];732;767;0;0;0.7179925441741943
I;203;380.57470202445984;10;185.20263671875026;173.281005859375;[  1   7  95 100 110 113 257 291 357 397];767;767;0;0;0.7179925441741943
I;204;384.6641049385071;10;185.196044921875;173.32470703125;[  1   7  95 100 110 150 257 291 357 397];767;770;0;0;0.7208356857299805
I;205;387.4775071144104;10;185.19250488281276;173.32470703125;[  1   7  95 100 110 113 257 291 357 397];770;770;0;0;0.7208356857299805
I;206;392.6137409210205;10;185.1890869140625;173.32470703125;[  1   7 100 110 210 253 257 291 357 397];770;780;0;0;0.7304685115814209
I;207;395.35247898101807;10;185.18908691406276;173.32470703125;[  1   7  95 100 110 253 257 291 357 397];780;780;0;0;0.7304685115814209
I;208;398.0970962047577;10;185.18664550781276;173.32470703125;[  1   7  95 100 110 113 257 291 357 397];780;780;0;0;0.7304685115814209
I;209;411.50972509384155;10;185.1816406250008;173.3515625;[  1   2   7  95 100 110 257 329 390 397];780;838;0;0;0.7847740650177002
I;210;414.3525311946869;10;185.140625;173.3515625;[  1   7  95 100 110 253 257 291 311 397];838;838;0;0;0.7847740650177002
I;211;417.31650400161743;10;185.13671875;173.3515625;[  1   2   7 100 110 210 254 257 390 397];838;838;0;0;0.7847740650177002
I;212;420.42468905448914;10;185.1307373046875;173.3515625;[  1   7 100 110 113 257 291 357 384 397];838;838;0;0;0.7847740650177002
I;213;423.44712805747986;10;185.12451171875;173.3515625;[  1   7  95 100 110 113 257 291 357 397];838;838;0;0;0.7847740650177002
I;214;427.5724070072174;10;185.12353515625;173.3515625;[  1   7  95 100 110 113 128 257 291 397];838;843;0;0;0.7894649505615234
I;215;430.55348801612854;10;185.12353515625;173.3515625;[  1   2   7  95 100 110 113 257 291 397];843;843;0;0;0.7894649505615234
I;216;433.6389191150665;10;185.12255859375;173.3515625;[  1   2   7  95 100 110 253 257 291 397];843;843;0;0;0.7894649505615234
I;217;436.6660599708557;10;185.1047363281252;173.3515625;[  1   7  95 100 110 113 257 291 357 397];843;843;0;0;0.7894649505615234
I;218;449.8574151992798;10;185.0966796875;173.480712890625;[  7  95 100 110 113 118 257 311 390 397];843;899;0;0;0.8411824703216553
I;219;452.8507649898529;10;185.0950927734375;173.480712890625;[  1   7  35  95 100 110 257 291 357 397];899;899;0;0;0.8411824703216553
I;220;456.04233479499817;10;185.09509277343753;173.480712890625;[  1   7  95 100 110 113 257 291 357 397];899;899;0;0;0.8411824703216553
I;221;465.72513699531555;10;185.08300781250077;173.61572265625;[  1   7 100 110 113 210 257 291 390 397];899;930;0;0;0.8702836036682129
I;222;468.81019401550293;10;185.0830078125;173.61572265625;[  1   7  95 100 110 113 257 291 390 397];930;930;0;0;0.8702836036682129
I;223;472.1093080043793;10;185.0811767578125;173.61572265625;[  1   7  95 100 110 253 257 291 357 397];930;930;0;0;0.8702836036682129
I;224;475.40149998664856;10;185.0791015625;173.61572265625;[  1   7  95 100 110 253 257 291 329 397];930;930;0;0;0.8702836036682129
I;225;478.6165568828583;10;185.0694580078125;173.61572265625;[  1   7 100 110 113 257 291 357 384 397];930;930;0;0;0.8702836036682129
I;226;481.9732220172882;10;185.060546875;173.61572265625;[  1   7 100 110 113 118 257 291 384 397];930;930;0;0;0.8702836036682129
I;227;485.28688406944275;10;185.060546875;173.61572265625;[  1   7  95 100 110 113 118 257 291 397];930;930;0;0;0.8702836036682129
I;228;488.55750608444214;10;185.05078125;173.61572265625;[  7  95 100 110 113 240 257 291 390 397];930;930;0;0;0.8702836036682129
I;229;491.8317720890045;10;185.0311279296877;173.61572265625;[  1   7  95 100 110 113 257 291 357 397];930;930;0;0;0.8702836036682129
I;230;508.59253120422363;10;185.01513671875063;173.868896484375;[  1   2   7  95 100 110 113 257 291 397];930;1004;0;0;0.937812328338623
I;231;512.01389503479;10;184.9925537109375;173.868896484375;[  1   7  95 100 110 253 257 291 357 397];1004;1004;0;0;0.937812328338623
I;232;515.5678179264069;10;184.989990234375;173.868896484375;[  1   7 100 110 113 210 257 291 357 397];1004;1004;0;0;0.937812328338623
I;233;519.1523571014404;10;184.9899902343752;173.868896484375;[  1   7  95 100 110 113 257 291 357 397];1004;1004;0;0;0.937812328338623
I;234;539.219400882721;10;184.97265625;174.1236572265625;[  0   1   7  95 100 219 257 357 390 397];1004;1094;0;0;1.0202839374542236
I;235;542.7934279441833;10;184.96362304687534;174.1236572265625;[  1   7 100 110 113 257 291 357 384 397];1094;1094;0;0;1.0202839374542236
I;236;546.6750960350037;10;184.96240234375;174.1236572265625;[  1   7 100 110 113 210 254 257 390 397];1094;1094;0;0;1.0202839374542236
I;237;550.3743200302124;10;184.945556640625;174.1236572265625;[  1   7 100 113 219 257 357 384 390 397];1094;1094;0;0;1.0202839374542236
I;238;554.2579188346863;10;184.929931640625;174.1236572265625;[  1   2   7  95 100 110 113 257 291 397];1094;1094;0;0;1.0202839374542236
I;239;558.0421438217163;10;184.91748046875;174.1236572265625;[  1   2   7  95 100 110 253 257 291 397];1094;1094;0;0;1.0202839374542236
I;240;561.860512971878;10;184.91650390625;174.1236572265625;[  1   7  95 100 110 253 257 291 357 397];1094;1094;0;0;1.0202839374542236
I;241;565.6447219848633;10;184.90979003906256;174.1236572265625;[  1   7 100 110 253 257 291 357 384 397];1094;1094;0;0;1.0202839374542236
I;242;569.4412190914154;10;184.88891601562577;174.1236572265625;[  1   7  95 100 110 113 257 291 390 397];1094;1094;0;0;1.0202839374542236
I;243;573.2697288990021;10;184.8842773437508;174.1236572265625;[  1   7  95 100 110 113 257 357 390 397];1094;1094;0;0;1.0202839374542236
I;244;577.1415939331055;10;184.8818359375001;174.1236572265625;[  0   1   7 100 110 257 291 357 384 397];1094;1094;0;0;1.0202839374542236
I;245;581.0780100822449;10;184.8739013671875;174.1236572265625;[  1   7 100 110 210 253 257 291 357 397];1094;1094;0;0;1.0202839374542236
I;246;585.0363810062408;10;184.87390136718753;174.1236572265625;[  1   7  95 100 110 253 257 291 357 397];1094;1094;0;0;1.0202839374542236
I;247;590.7246088981628;10;184.8612060546875;174.2174072265625;[  1   7  95 100 110 253 257 291 357 397];1094;1102;0;0;1.0280170440673828
I;248;596.2037448883057;10;184.847412109375;174.2293701171875;[  1   7 100 110 257 291 357 384 390 397];1094;1109;0;0;1.0348916053771973
I;249;600.0562920570374;10;184.84667968750082;174.2293701171875;[  1   7  95 100 110 257 329 357 390 397];1109;1109;0;0;1.0348916053771973
I;250;604.1129689216614;10;184.83898925781267;174.2293701171875;[  1   7  95 100 110 253 257 291 357 397];1109;1109;0;0;1.0348916053771973
I;251;611.8862838745117;10;184.8369140625;174.2679443359375;[  0   1   7  95 100 110 150 257 291 397];1109;1128;0;0;1.052851915359497
I;252;615.8545708656311;10;184.8352050781251;174.2679443359375;[  1   7  95 100 110 113 257 291 357 397];1128;1128;0;0;1.052851915359497
I;253;620.3562619686127;10;184.8323974609375;174.2679443359375;[  1   7  95 100 110 113 257 291 357 397];1128;1129;0;0;1.053785800933838
I;254;634.8340709209442;10;184.8046875;174.3536376953125;[  1   7 100 110 128 210 253 257 291 397];1128;1189;0;0;1.1084411144256592
I;255;638.9586789608002;10;184.8046875;174.3536376953125;[  1   7  95 100 110 128 253 257 291 397];1189;1189;0;0;1.1084411144256592
I;256;643.1008219718933;10;184.8046875;174.3536376953125;[  1   2   7  95 100 110 253 257 291 397];1189;1189;0;0;1.1084411144256592
I;257;647.1927740573883;10;184.8009033203125;174.3536376953125;[  1   7  95 100 110 253 257 291 357 397];1189;1189;0;0;1.1084411144256592
I;258;651.405287027359;10;184.79931640625068;174.3536376953125;[  1   7  95 100 110 113 257 291 357 397];1189;1189;0;0;1.1084411144256592
I;259;657.0794961452484;10;184.7890625;174.3624267578125;[  1   2   7 100 110 113 257 384 390 397];1189;1195;0;0;1.1141092777252197
I;260;661.1702609062195;10;184.7890625;174.3624267578125;[  1   2   7  95 100 113 219 257 390 397];1195;1195;0;0;1.1141092777252197
I;261;665.3314430713654;10;184.78466796875;174.3624267578125;[  1   2   7 100 110 113 210 257 291 397];1195;1195;0;0;1.1141092777252197
I;262;669.5349202156067;10;184.78466796875;174.3624267578125;[  1   2   7  95 100 110 113 257 291 397];1195;1195;0;0;1.1141092777252197
I;263;673.7034821510315;10;184.78393554687574;174.3624267578125;[  1   7 100 110 113 210 257 291 357 397];1195;1195;0;0;1.1141092777252197
I;264;677.9197988510132;10;184.783935546875;174.3624267578125;[  1   7  95 100 110 113 257 291 357 397];1195;1195;0;0;1.1141092777252197
I;265;683.7512679100037;10;184.781494140625;174.3624267578125;[  1   7  95 100 110 113 257 291 357 397];1195;1200;0;0;1.1187012195587158
I;266;701.3886940479279;10;184.77392578125;174.4876708984375;[  1   7  95 100 110 253 257 291 357 397];1195;1278;0;0;1.1897938251495361
I;267;705.618586063385;10;184.755859375;174.4876708984375;[  0   7  95 100 110 113 257 338 390 397];1278;1278;0;0;1.1897938251495361
I;268;710.3022911548615;10;184.755859375;174.4876708984375;[  0   7  95 100 110 113 118 257 390 397];1278;1278;0;0;1.1897938251495361
I;269;714.8368518352509;10;184.75585937500003;174.4876708984375;[  0   1   7  95 100 110 113 257 390 397];1278;1278;0;0;1.1897938251495361
I;270;719.2586679458618;10;184.75341796875077;174.4876708984375;[  1   7  95 100 110 113 257 291 390 397];1278;1278;0;0;1.1897938251495361
I;271;723.6225559711456;10;184.74987792968764;174.4876708984375;[  1   7  95 100 110 113 257 291 357 397];1278;1278;0;0;1.1897938251495361
I;272;747.544399023056;10;184.7481689453125;174.80206298828125;[  1   7  95 100 110 253 257 291 357 397];1278;1381;0;0;1.283451795578003
I;273;752.1384139060974;10;184.7451171875;174.80206298828125;[  0   1   7  95 100 110 257 291 357 397];1381;1381;0;0;1.283451795578003
I;274;756.9190590381622;10;184.73681640625003;174.80206298828125;[  1   2   7  95 100 110 113 257 291 397];1381;1381;0;0;1.283451795578003
I;275;761.8459820747375;10;184.7269287109375;174.80206298828125;[  1   7  35 100 110 257 291 357 384 397];1381;1381;0;0;1.283451795578003
I;276;766.5991070270538;10;184.7269287109375;174.80206298828125;[  1   7 100 110 113 257 291 357 384 397];1381;1381;0;0;1.283451795578003
I;277;771.4035928249359;10;184.72503662109375;174.80206298828125;[  1   7  95 100 110 118 257 291 357 397];1381;1381;0;0;1.283451795578003
I;278;776.1984889507294;10;184.72113037109375;174.80206298828125;[  1   7  95 100 110 253 257 291 357 397];1381;1381;0;0;1.283451795578003
I;279;782.1278021335602;10;184.71527099609375;174.81451416015625;[  1   7  95 100 110 253 257 291 357 397];1381;1384;0;0;1.2862565517425537
I;280;787.5146799087524;10;184.71319580078125;174.81451416015625;[  1   7  95 100 110 253 257 291 357 397];1381;1385;0;0;1.2871973514556885
I;281;810.2197420597076;10;184.7058105468759;175.14764404296875;[  1   7  95 100 110 257 291 357 390 397];1381;1494;0;0;1.3862433433532715
I;282;815.1603260040283;10;184.7041015625;175.14764404296875;[  1   2   7 100 110 253 257 291 384 397];1494;1494;0;0;1.3862433433532715
I;283;820.2816259860992;10;184.70410156250003;175.14764404296875;[  1   2   7 100 110 210 253 257 291 397];1494;1494;0;0;1.3862433433532715
I;284;825.562108039856;10;184.7041015625;175.14764404296875;[  1   2   7  95 100 110 253 257 291 397];1494;1494;0;0;1.3862433433532715
I;285;830.7404232025146;10;184.70135498046878;175.14764404296875;[  1   7  95 100 110 113 257 291 357 397];1494;1494;0;0;1.3862433433532715
I;286;835.9590151309967;10;184.69598388671875;175.14764404296875;[  1   7  95 100 110 113 257 291 357 397];1494;1494;0;0;1.3862433433532715
I;287;846.6004750728607;10;184.6707763671883;175.14764404296875;[  1   7  95 100 110 113 257 291 390 397];1494;1521;0;0;1.4113945960998535
I;288;851.578131198883;10;184.66473388671875;175.14764404296875;[  1   7  35  95 100 110 257 291 357 397];1521;1521;0;0;1.4113945960998535
I;289;856.9609470367432;10;184.66473388671875;175.14764404296875;[  1   7  95 100 110 113 257 291 357 397];1521;1521;0;0;1.4113945960998535
I;290;872.6823070049286;10;184.65942382812506;175.14764404296875;[  1   2   7  95 100 110 113 257 291 397];1521;1575;0;0;1.4609472751617432
I;291;878.0495488643646;10;184.6478881835938;175.14764404296875;[  1   7  95 100 110 113 257 291 357 397];1575;1575;0;0;1.4609472751617432
I;292;898.0855391025543;10;184.614013671875;175.28326416015625;[  1   2   7  95 100 110 118 257 291 397];1575;1648;0;0;1.5269968509674072
I;293;903.7566599845886;10;184.60961914062514;175.28326416015625;[  1   7  95 100 110 113 253 257 291 397];1648;1648;0;0;1.5269968509674072
I;294;909.2230749130249;10;184.60845947265625;175.28326416015625;[  1   7  95 100 110 150 257 291 357 397];1648;1648;0;0;1.5269968509674072
I;295;914.8359231948853;10;184.60845947265634;175.28326416015625;[  1   7  95 100 110 253 257 291 357 397];1648;1648;0;0;1.5269968509674072
I;296;920.4108309745789;10;184.605224609375;175.28326416015625;[  1   7  95 100 110 113 128 257 291 397];1648;1648;0;0;1.5269968509674072
I;297;926.1224420070648;10;184.605224609375;175.28326416015625;[  1   2   7  95 100 110 113 257 291 397];1648;1648;0;0;1.5269968509674072
I;298;931.84818983078;10;184.59948730468767;175.28326416015625;[  1   7  95 100 110 113 257 291 390 397];1648;1648;0;0;1.5269968509674072
I;299;937.4712800979614;10;184.59417724609386;175.28326416015625;[  1   7  95 100 110 113 257 291 357 397];1648;1648;0;0;1.5269968509674072
I;300;983.3350520133972;10;184.58172607421875;175.5433349609375;[  1   7 100 110 113 257 291 357 384 397];1648;1866;0;0;1.7207705974578857
I;301;989.758542060852;10;184.57275390625;175.5433349609375;[  0   1   7  95 100 110 257 291 329 397];1866;1866;0;0;1.7207705974578857
I;302;996.2510650157928;10;184.56524658203145;175.5433349609375;[  1   7  95 100 110 253 257 291 357 397];1866;1866;0;0;1.7207705974578857
I;303;1002.5600290298462;10;184.56323242187517;175.5433349609375;[  1   2   7  95 100 110 253 257 291 397];1866;1866;0;0;1.7207705974578857
I;304;1009.0319859981537;10;184.558349609375;175.5433349609375;[  1   7  95 100 110 113 257 291 390 397];1866;1866;0;0;1.7207705974578857
I;305;1015.3690001964569;10;184.552734375;175.5433349609375;[  1   2   7 100 110 113 257 291 384 397];1866;1866;0;0;1.7207705974578857
I;306;1021.9433488845825;10;184.552734375;175.5433349609375;[  1   2   7 100 110 113 210 257 291 397];1866;1866;0;0;1.7207705974578857
I;307;1028.493448972702;10;184.552734375;175.5433349609375;[  1   2   7  95 100 110 113 257 291 397];1866;1866;0;0;1.7207705974578857
I;308;1035.1602048873901;10;184.54833984375014;175.5433349609375;[  1   2   7  95 100 110 257 291 390 397];1866;1866;0;0;1.7207705974578857
I;309;1041.6835339069366;10;184.54144287109375;175.5433349609375;[  1   7  95 100 110 253 257 291 357 397];1866;1866;0;0;1.7207705974578857
I;310;1050.1971909999847;10;184.5357666015625;175.5433349609375;[  1   7 100 110 253 257 291 357 384 397];1866;1874;0;0;1.7282321453094482
I;311;1056.7443618774414;10;184.52929687500023;175.5433349609375;[  0   1   7  95 100 110 257 291 390 397];1874;1874;0;0;1.7282321453094482
I;312;1063.1918919086456;10;184.525390625;175.5433349609375;[  7  95 100 110 113 118 257 291 390 397];1874;1874;0;0;1.7282321453094482
I;313;1069.853640794754;10;184.51800537109398;175.5433349609375;[  1   7 100 110 210 253 257 291 357 397];1874;1874;0;0;1.7282321453094482
I;314;1076.3265011310577;10;184.5180053710938;175.5433349609375;[  1   7  95 100 110 253 257 291 357 397];1874;1874;0;0;1.7282321453094482
I;315;1094.81711602211;10;184.51318359375;175.6278076171875;[  7 100 110 113 118 210 257 357 390 397];1874;1940;0;0;1.7879831790924072
I;316;1101.6227350234985;10;184.51318359375;175.6278076171875;[  7  95 100 110 113 118 257 357 390 397];1940;1940;0;0;1.7879831790924072
I;317;1108.4251928329468;10;184.500732421875;175.6278076171875;[  1   2   7  95 100 110 253 257 291 397];1940;1940;0;0;1.7879831790924072
I;318;1114.9874861240387;10;184.47793579101562;175.6278076171875;[  1   7 100 113 219 257 291 384 390 397];1940;1940;0;0;1.7879831790924072
I;319;1121.5789968967438;10;184.47671508789153;175.6278076171875;[  1   7  95 100 110 113 257 291 390 397];1940;1940;0;0;1.7879831790924072
I;320;1128.2221930027008;10;184.47656250000003;175.6278076171875;[  1   2   7  95 100 110 257 291 329 397];1940;1940;0;0;1.7879831790924072
I;321;1134.8062608242035;10;184.47390747070312;175.6278076171875;[  1   7  95 100 110 113 257 291 390 397];1940;1940;0;0;1.7879831790924072
I;322;1142.3914840221405;10;184.46807861328125;175.6278076171875;[  1   7  95 100 110 253 257 291 357 397];1940;1942;0;0;1.7899248600006104
I;323;1159.163016796112;10;184.46414184570403;175.677490234375;[  1   7  95 100 110 113 257 291 390 397];1942;1995;0;0;1.8392162322998047
I;324;1165.9005150794983;10;184.4595947265625;175.677490234375;[  1   7 100 110 113 210 257 291 357 397];1995;1995;0;0;1.8392162322998047
I;325;1172.751037120819;10;184.4595947265625;175.677490234375;[  1   7  95 100 110 113 257 291 357 397];1995;1995;0;0;1.8392162322998047
I;326;1179.6479468345642;10;184.45751953125;175.677490234375;[  1   7 100 118 210 257 291 357 390 397];1995;1995;0;0;1.8392162322998047
I;327;1186.4962751865387;10;184.45474243164153;175.677490234375;[  1   7  95 100 110 113 257 291 390 397];1995;1995;0;0;1.8392162322998047
I;328;1195.5736198425293;10;184.45306396484375;175.677490234375;[  1   7  95 100 110 113 257 291 357 397];1995;2001;0;0;1.8446893692016602
I;329;1207.8329498767853;10;184.4410400390625;175.6968994140625;[  1   7  95 100 110 253 257 291 357 397];2001;2021;0;0;1.8629417419433594
I;330;1214.6313939094543;10;184.44024658203145;175.6968994140625;[  1   7  95 100 110 113 257 291 357 397];2021;2021;0;0;1.8629417419433594
I;331;1241.7115051746368;10;184.437744140625;175.85833740234375;[  1   2   7  95 100 110 253 257 291 397];2021;2145;0;0;1.9727463722229004
I;332;1248.715059041977;10;184.43399047851653;175.85833740234375;[  1   7  95 100 110 113 257 291 390 397];2145;2145;0;0;1.9727463722229004
I;333;1255.881828069687;10;184.431640625;175.85833740234375;[  1   7  95 100 110 253 257 291 357 397];2145;2145;0;0;1.9727463722229004
I;334;1263.1711490154266;10;184.41943359375;175.85833740234375;[  1   2   7  95 100 110 113 257 291 397];2145;2145;0;0;1.9727463722229004
I;335;1270.5151760578156;10;184.41461181640625;175.85833740234375;[  1   7  95 100 110 253 257 291 357 397];2145;2145;0;0;1.9727463722229004
I;336;1279.6016628742218;10;184.411376953125;175.85833740234375;[  1   7  95 100 110 113 257 291 357 397];2145;2151;0;0;1.9782803058624268
I;337;1286.9273290634155;10;184.41119384765625;175.85833740234375;[  1   7  95 100 110 113 257 291 357 397];2151;2151;0;0;1.9782803058624268
I;338;1300.4620130062103;10;184.4093017578125;175.8817138671875;[  1   7  95 100 110 253 257 291 357 397];2151;2184;0;0;2.0085530281066895
I;339;1312.7349610328674;10;184.40414428711037;175.8870849609375;[  1   7  95 100 110 113 257 291 390 397];2184;2204;0;0;2.0269415378570557
I;340;1324.4906961917877;10;184.3909912109375;175.8870849609375;[  1   2   7  95 100 110 253 257 291 397];2204;2216;0;0;2.0380473136901855
I;341;1331.9533591270447;10;184.385986328125;175.8870849609375;[  1   7  95 100 110 253 257 291 357 397];2216;2216;0;0;2.0380473136901855
I;342;1345.3902099132538;10;184.38583374023537;175.8870849609375;[  1   7  95 100 110 113 257 291 390 397];2216;2243;0;0;2.062872886657715
I;343;1352.9774279594421;10;184.38479614257812;175.8870849609375;[  1   7  95 100 110 113 257 291 390 397];2243;2243;0;0;2.062872886657715
I;344;1362.5613119602203;10;184.3785400390625;175.8870849609375;[  1   7  95 100 110 113 257 291 329 397];2243;2250;0;0;2.0694081783294678
I;345;1370.1255540847778;10;184.36889648437523;175.8870849609375;[  1   7  95 100 110 113 257 291 357 397];2250;2250;0;0;2.0694081783294678
I;346;1377.8169620037079;10;184.367431640625;175.8870849609375;[  1   7  95 100 110 113 257 291 357 397];2250;2250;0;0;2.0694081783294678
I;347;1419.3141589164734;10;184.36645507812503;176.08367919921875;[  1   2   7 100 110 210 253 257 291 397];2250;2413;0;0;2.217217445373535
I;348;1427.1270871162415;10;184.366455078125;176.08367919921875;[  1   2   7  95 100 110 253 257 291 397];2413;2413;0;0;2.217217445373535
I;349;1435.5137288570404;10;184.36599731445318;176.08367919921875;[  1   7  95 100 110 113 257 291 390 397];2413;2413;0;0;2.217217445373535
I;350;1443.683578968048;10;184.365234375;176.08367919921875;[  2   7  95 100 113 118 219 257 390 397];2413;2413;0;0;2.217217445373535
I;351;1451.8390021324158;10;184.36102294921875;176.08367919921875;[  1   7  95 100 110 253 257 291 357 397];2413;2413;0;0;2.217217445373535
I;352;1459.8098900318146;10;184.358642578125;176.08367919921875;[  1   2   7  95 100 110 113 257 291 397];2413;2413;0;0;2.217217445373535
I;353;1468.0403470993042;10;184.35214233398438;176.08367919921875;[  1   7  35 100 110 210 257 291 390 397];2413;2413;0;0;2.217217445373535
I;354;1476.1889300346375;10;184.35214233398537;176.08367919921875;[  1   7  95 100 110 113 257 291 390 397];2413;2413;0;0;2.217217445373535
I;355;1485.5181109905243;10;184.35137939453125;176.08660888671875;[  1   7  35  95 100 110 257 291 357 397];2413;2416;0;0;2.219935417175293
I;356;1493.7042689323425;10;184.3513793945314;176.08660888671875;[  1   7  95 100 110 113 257 291 357 397];2416;2416;0;0;2.219935417175293
I;357;1503.1084430217743;10;184.35061645507812;176.08758544921875;[  1   7  95 100 110 113 257 291 357 397];2416;2417;0;0;2.220876693725586
I;358;1554.4909410476685;10;184.34954833984375;176.25750732421875;[  1   7 100 110 210 253 257 291 357 397];2416;2675;0;0;2.4507761001586914
I;359;1563.5157070159912;10;184.34954833984375;176.25750732421875;[  1   7  95 100 110 253 257 291 357 397];2675;2675;0;0;2.4507761001586914
I;360;1572.4021470546722;10;184.34909057617193;176.25750732421875;[  1   7  95 100 110 113 257 291 390 397];2675;2675;0;0;2.4507761001586914
I;361;1581.273234128952;10;184.34582519531276;176.25750732421875;[  1   7  95 100 110 253 257 291 357 397];2675;2675;0;0;2.4507761001586914
I;362;1593.9502098560333;10;184.3355712890625;176.27825927734375;[  1   7  95 100 110 113 257 291 357 397];2675;2692;0;0;2.4663846492767334
I;363;1612.8415751457214;10;184.3343505859375;176.33822631835938;[  1   2   7  95 100 110 253 257 291 397];2692;2735;0;0;2.5059211254119873
I;364;1621.988461971283;10;184.32940673828125;176.33822631835938;[  1   7  95 100 110 113 257 291 357 397];2735;2735;0;0;2.5059211254119873
I;365;1632.8559200763702;10;184.3292236328125;176.35012817382812;[  1   7  95 100 110 113 257 291 357 397];2735;2739;0;0;2.509596586227417
I;366;1657.8424260616302;10;184.3292236328125;176.40103149414062;[  1   7  95 100 110 253 257 291 357 397];2735;2824;0;0;2.586362838745117
I;367;1667.2320120334625;10;184.32617187500017;176.40103149414062;[  1   2   7  95 100 110 113 257 291 397];2824;2824;0;0;2.586362838745117
I;368;1676.7779459953308;10;184.32373046875;176.40103149414062;[  0   1   7  95 100 110 113 257 291 397];2824;2824;0;0;2.586362838745117
I;369;1686.2812149524689;10;184.32315063476562;176.40103149414062;[  1   7  95 100 110 113 257 291 390 397];2824;2824;0;0;2.586362838745117
I;370;1695.5705490112305;10;184.32275390625;176.40103149414062;[  1   7  95 100 219 254 257 291 390 397];2824;2824;0;0;2.586362838745117
I;371;1704.9364099502563;10;184.31759643554787;176.40103149414062;[  1   7 100 110 113 210 257 291 390 397];2824;2824;0;0;2.586362838745117
I;372;1714.3647611141205;10;184.31759643554688;176.40103149414062;[  1   7  95 100 110 113 257 291 390 397];2824;2824;0;0;2.586362838745117
I;373;1730.0036919116974;10;184.31182861328125;176.40103149414062;[  1   2   7  95 100 110 253 257 291 397];2824;2850;0;0;2.6104276180267334
I;374;1739.5741260051727;10;184.3095703125;176.40103149414062;[  2   7 100 110 113 210 240 257 390 397];2850;2850;0;0;2.6104276180267334
I;375;1749.249732017517;10;184.292236328125;176.40103149414062;[  1   7  95 100 110 113 118 257 291 397];2850;2850;0;0;2.6104276180267334
I;376;1758.888939857483;10;184.2895507812507;176.40103149414062;[  1   7  95 100 110 113 257 329 390 397];2850;2850;0;0;2.6104276180267334
I;377;1768.5912528038025;10;184.2796020507814;176.40103149414062;[  1   7  95 100 110 253 257 291 357 397];2850;2850;0;0;2.6104276180267334
I;378;1780.0333847999573;10;184.2796020507814;176.40103149414062;[  1   7  95 100 110 253 257 291 357 397];2850;2852;0;0;2.612246513366699
I;379;1790.5431089401245;10;184.278564453125;176.40103149414062;[  1   7  95 100 110 253 257 291 357 397];2850;2853;0;0;2.613161325454712
I;380;1801.30823802948;10;184.277587890625;176.40103149414062;[  1   7  95 100 110 253 257 291 357 397];2850;2854;0;0;2.614065170288086
I;381;1817.2065529823303;10;184.26678466796875;176.40103149414062;[  1   2   7  95 100 110 253 257 291 397];2850;2879;0;0;2.6370272636413574
I;382;1826.7183048725128;10;184.26422119140625;176.40103149414062;[  1   7  95 100 110 253 257 291 357 397];2879;2879;0;0;2.6370272636413574
I;383;1842.9062039852142;10;184.263427734375;176.40103149414062;[  7  95 100 110 113 254 257 338 390 397];2879;2895;0;0;2.6517319679260254
I;384;1852.70512509346;10;184.25753784179688;176.40103149414062;[  1   7  95 100 110 113 257 291 390 397];2895;2895;0;0;2.6517319679260254
I;385;1862.2893450260162;10;184.25613403320312;176.40103149414062;[  1   7  95 100 110 113 257 291 390 397];2895;2895;0;0;2.6517319679260254
I;386;1874.9222309589386;10;184.255126953125;176.40103149414062;[  1   7 100 110 113 210 257 291 357 397];2895;2901;0;0;2.6572656631469727
I;387;1884.6783668994904;10;184.255126953125;176.40103149414062;[  1   7  95 100 110 113 257 291 357 397];2901;2901;0;0;2.6572656631469727
I;388;1894.5068249702454;10;184.2529296875;176.40103149414062;[  1   7  95 100 110 113 257 291 357 397];2901;2901;0;0;2.6572656631469727
I;389;1911.8353819847107;10;184.25274658203125;176.40103149414062;[  1   7  95 100 110 253 257 291 357 397];2901;2922;0;0;2.6762940883636475
I;390;1921.6341290473938;10;184.24926757812517;176.40103149414062;[  1   7  95 100 110 113 257 291 357 397];2922;2922;0;0;2.6762940883636475
I;391;1943.1853458881378;10;184.24884033203125;176.40103149414062;[  1   7  95 100 110 253 257 291 357 397];2922;2968;0;0;2.718477487564087
I;392;1952.9412899017334;10;184.24691772460955;176.40103149414062;[  1   7  95 100 110 113 257 291 357 397];2968;2968;0;0;2.718477487564087
I;393;1965.576709985733;10;184.2467041015625;176.40103149414062;[  1   2   7  95 100 110 253 257 291 397];2968;2972;0;0;2.7222423553466797
I;394;1975.5193650722504;10;184.24649047851562;176.40103149414062;[  1   7  95 100 110 253 257 291 357 397];2972;2972;0;0;2.7222423553466797
I;395;1985.377809047699;10;184.24600219726562;176.40103149414062;[  1   7  95 100 110 253 257 291 357 397];2972;2972;0;0;2.7222423553466797
I;396;2015.9750702381134;10;184.24578857421875;176.444091796875;[  1   7  95 100 110 113 257 291 357 397];2972;3094;0;0;2.8329713344573975
I;397;2061.5485150814056;10;184.24441528320412;176.63015747070312;[  1   7  95 100 110 113 257 291 390 397];3094;3290;0;0;3.006735324859619
I;398;2072.347512960434;10;184.2393798828125;176.63015747070312;[  1   7  35 100 110 257 291 357 384 397];3290;3290;0;0;3.006735324859619
I;399;2083.338304042816;10;184.2393798828125;176.63015747070312;[  1   7 100 110 113 257 291 357 384 397];3290;3290;0;0;3.006735324859619
I;400;2094.30934214592;10;184.23153686523438;176.63015747070312;[  1   2   7  95 100 110 253 257 291 397];3290;3290;0;0;3.006735324859619
I;401;2105.3521440029144;10;184.22216796875;176.63015747070312;[  1   7  95 100 110 257 291 329 357 397];3290;3290;0;0;3.006735324859619
I;402;2116.5380430221558;10;184.21984863281253;176.63015747070312;[  1   2   7 100 110 113 210 257 291 397];3290;3290;0;0;3.006735324859619
I;403;2127.706060886383;10;184.2198486328125;176.63015747070312;[  1   2   7  95 100 110 113 257 291 397];3290;3290;0;0;3.006735324859619
I;404;2138.676148891449;10;184.20596313476562;176.63015747070312;[  7  95 100 110 113 118 257 311 390 397];3290;3290;0;0;3.006735324859619
I;405;2149.740595817566;10;184.19027709961037;176.63015747070312;[  1   7  95 100 110 113 257 291 390 397];3290;3290;0;0;3.006735324859619
I;406;2171.884001016617;10;184.185302734375;176.63015747070312;[  7  95 100 110 113 240 257 357 390 397];3290;3337;0;0;3.0498251914978027
I;407;2183.089278936386;10;184.18325805664082;176.63015747070312;[  1   7 100 110 210 253 257 291 357 397];3337;3337;0;0;3.0498251914978027
I;408;2194.506443977356;10;184.18325805664062;176.63015747070312;[  1   7  95 100 110 253 257 291 357 397];3337;3337;0;0;3.0498251914978027
I;409;2205.555918931961;10;184.16427612304688;176.63015747070312;[  1   2   7 100 110 210 253 257 291 397];3337;3337;0;0;3.0498251914978027
I;410;2216.8182759284973;10;184.16427612304688;176.63015747070312;[  1   2   7  95 100 110 253 257 291 397];3337;3337;0;0;3.0498251914978027
I;411;2231.5369770526886;10;184.15925598144554;176.64871215820312;[  1   7  95 100 110 253 257 291 357 397];3337;3345;0;0;3.057258129119873
I;412;2260.182921886444;10;184.15792846679693;176.68377685546875;[  1   2   7  95 100 110 253 257 291 397];3345;3441;0;0;3.143486976623535
I;413;2271.532016992569;10;184.1558837890625;176.68377685546875;[  1   7 100 110 253 257 291 357 384 397];3441;3441;0;0;3.143486976623535
I;414;2283.167997121811;10;184.1521911621094;176.68377685546875;[  1   2   7  95 100 110 253 257 291 397];3441;3441;0;0;3.143486976623535
I;415;2296.194290161133;10;184.1519317626953;176.68789672851562;[  1   2   7  95 100 110 253 257 291 397];3441;3442;0;0;3.1443920135498047
I;416;2313.1815490722656;10;184.15150451660156;176.75906372070312;[  1   7  95 100 110 253 257 291 357 397];3441;3468;0;0;3.1683993339538574
I;417;2331.8438000679016;10;184.13536071777426;176.75906372070312;[  1   7  95 100 110 113 257 291 357 397];3468;3503;0;0;3.2000720500946045
I;418;2343.5535860061646;10;184.13400268554688;176.75906372070312;[  1   7 100 113 118 257 291 384 390 397];3503;3503;0;0;3.2000720500946045
I;419;2355.4401891231537;10;184.1327667236328;176.75906372070312;[  1   2   7  95 100 110 253 257 291 397];3503;3503;0;0;3.2000720500946045
I;420;2367.2571771144867;10;184.13121032714844;176.75906372070312;[  1   7  95 100 110 113 257 291 357 397];3503;3503;0;0;3.2000720500946045
I;421;2389.6018359661102;10;184.12559509277344;176.8033447265625;[  1   7  95 100 110 113 257 291 357 397];3503;3538;0;0;3.232184410095215
I;422;2442.982917070389;10;184.12545776367188;176.9730224609375;[  1   7  95 100 113 219 257 311 390 397];3503;3787;0;0;3.455129861831665
I;423;2455.3743419647217;10;184.12545776367188;176.9730224609375;[  1   7  95 100 110 113 257 291 390 397];3787;3787;0;0;3.455129861831665
I;424;2467.5951149463654;10;184.1230926513672;176.9730224609375;[  1   7  95 100 110 253 257 291 357 397];3787;3787;0;0;3.455129861831665
I;425;2479.7756671905518;10;184.11099243164125;176.9730224609375;[  1   2   7  95 100 110 113 257 291 397];3787;3787;0;0;3.455129861831665
I;426;2492.32652592659;10;184.10691833496097;176.9730224609375;[  7  95 100 113 118 219 257 291 390 397];3787;3787;0;0;3.455129861831665
I;427;2504.7936820983887;10;184.0915985107422;176.9730224609375;[  1   2   7  95 100 110 253 257 291 397];3787;3787;0;0;3.455129861831665
I;428;2517.342777967453;10;184.0873565673828;176.9730224609375;[  1   7  95 100 110 253 257 291 357 397];3787;3787;0;0;3.455129861831665
I;429;2532.513411998749;10;184.08499145507912;176.978515625;[  1   7  95 100 110 113 257 291 390 397];3787;3793;0;0;3.460531234741211
I;430;2548.34495306015;10;184.08424377441406;176.978515625;[  1   7  95 100 110 253 257 291 357 397];3793;3797;0;0;3.4641547203063965
I;431;2566.8691461086273;10;184.08377075195412;176.978515625;[  1   7  95 100 110 113 257 291 390 397];3797;3817;0;0;3.4832775592803955
I;432;2582.3795540332794;10;184.07545471191423;176.978515625;[  1   7  95 100 110 253 257 291 357 397];3817;3826;0;0;3.49145770072937
I;433;2624.2259759902954;10;184.07205200195412;177.037109375;[  1   7  95 100 110 113 257 291 390 397];3826;3969;0;0;3.6190669536590576
I;434;2637.1163399219513;10;184.06961059570312;177.037109375;[  1   7  95 100 110 113 257 291 390 397];3969;3969;0;0;3.6190669536590576
I;435;2667.465215921402;10;184.0613250732422;177.06997680664062;[  1   2   7  95 100 110 253 257 291 397];3969;4053;0;0;3.695772886276245
I;436;2680.49223279953;10;184.05943298339844;177.06997680664062;[  1   7  35  95 100 110 257 291 357 397];4053;4053;0;0;3.695772886276245
I;437;2693.6520879268646;10;184.05943298339847;177.06997680664062;[  1   7  95 100 110 113 257 291 357 397];4053;4053;0;0;3.695772886276245
I;438;2707.1331210136414;10;184.04678344726582;177.06997680664062;[  1   2   7  95 100 110 113 257 291 397];4053;4053;0;0;3.695772886276245
I;439;2720.4649891853333;10;184.04580688476562;177.06997680664062;[  1   2   7 100 110 253 257 291 384 397];4053;4053;0;0;3.695772886276245
I;440;2733.8455448150635;10;184.04579162597656;177.06997680664062;[  1   7  95 100 110 113 257 291 357 397];4053;4053;0;0;3.695772886276245
I;441;2750.6914989948273;10;184.04528808593824;177.10690307617188;[  1   7  95 100 110 113 254 257 390 397];4053;4064;0;0;3.7060868740081787
I;442;2763.8077149391174;10;184.0408477783203;177.10690307617188;[  1   7  95 100 110 253 257 291 357 397];4064;4064;0;0;3.7060868740081787
I;443;2788.569911003113;10;184.0397491455078;177.11087036132812;[  1   7  95 100 110 113 257 291 357 397];4064;4118;0;0;3.75515079498291
I;444;2801.8822560310364;10;184.03929138183594;177.11087036132812;[  1   7  95 100 110 113 257 291 357 397];4118;4118;0;0;3.75515079498291
I;445;2848.9285900592804;10;184.03689575195312;177.26500701904297;[  1   7  35  95 100 219 257 291 390 397];4118;4247;0;0;3.8716185092926025
I;446;2862.629565000534;10;184.03689575195412;177.26500701904297;[  1   7  95 100 110 113 257 291 390 397];4247;4247;0;0;3.8716185092926025
I;447;2876.286325931549;10;184.03225708007812;177.26500701904297;[  1   2   7  95 100 110 113 257 291 397];4247;4247;0;0;3.8716185092926025
I;448;2890.0952208042145;10;184.0301971435547;177.26500701904297;[  1   7  95 100 110 253 257 291 357 397];4247;4247;0;0;3.8716185092926025
I;449;2903.9249792099;10;184.0276641845703;177.26500701904297;[  1   7  95 100 110 128 253 257 291 397];4247;4247;0;0;3.8716185092926025
I;450;2918.065715074539;10;184.0276641845703;177.26500701904297;[  1   2   7  95 100 110 253 257 291 397];4247;4247;0;0;3.8716185092926025
I;451;2932.0176479816437;10;184.0213623046885;177.26500701904297;[  1   7  95 100 110 113 257 291 390 397];4247;4247;0;0;3.8716185092926025
I;452;2954.063104867935;10;184.01909637451172;177.30123138427734;[  1   7  95 100 110 113 257 291 357 397];4247;4280;0;0;3.900782823562622
I;453;2971.602751970291;10;184.01891326904297;177.30992889404297;[  1   7  95 100 110 113 257 291 357 397];4280;4282;0;0;3.9026427268981934
I;454;3002.9348509311676;10;184.01805114746094;177.37068939208984;[  1   7  95 100 110 253 257 291 357 397];4280;4370;0;0;3.9827158451080322
I;455;3017.1100130081177;10;184.0166168212893;177.37068939208984;[  1   2   7  95 100 110 253 257 291 397];4370;4370;0;0;3.9827158451080322
I;456;3031.4196059703827;10;184.01437377929688;177.37068939208984;[  1   2   7  95 100 110 113 257 291 397];4370;4370;0;0;3.9827158451080322
I;457;3045.599993944168;10;184.013916015625;177.37068939208984;[  1   7  95 100 110 113 257 357 390 397];4370;4370;0;0;3.9827158451080322
I;458;3059.8643391132355;10;184.00801086425787;177.37068939208984;[  1   7  95 100 110 253 257 291 357 397];4370;4370;0;0;3.9827158451080322
I;459;3091.9027791023254;10;184.005126953126;177.39508819580078;[  1   7  95 100 110 113 257 291 390 397];4370;4463;0;0;4.066642999649048
I;460;3106.2361319065094;10;184.00428771972662;177.39508819580078;[  1   2   7 100 110 210 253 257 291 397];4463;4463;0;0;4.066642999649048
I;461;3120.9295790195465;10;184.00428771972656;177.39508819580078;[  1   2   7  95 100 110 253 257 291 397];4463;4463;0;0;4.066642999649048
I;462;3135.297977924347;10;184.00384521484474;177.39508819580078;[  1   7  95 100 110 113 257 291 390 397];4463;4463;0;0;4.066642999649048
I;463;3159.405997991562;10;184.00326538085938;177.39508819580078;[  1   2   7  95 100 110 113 257 291 397];4463;4503;0;0;4.102579116821289
I;464;3174.309891939163;10;184.00265502929688;177.39508819580078;[  1   2   7  95 100 110 113 257 291 397];4503;4503;0;0;4.102579116821289
I;465;3190.563024044037;10;184.00198364257812;177.39508819580078;[  1   2   7  95 100 110 113 257 291 397];4503;4504;0;0;4.103478908538818
I;466;3222.195430994034;10;184.00019073486328;177.46524810791016;[  1   7  95 100 110 113 257 291 357 397];4503;4550;0;0;4.1457414627075195
I;467;3236.9623851776123;10;183.99935150146484;177.46524810791016;[  1   7  95 100 110 113 257 291 357 397];4550;4550;0;0;4.1457414627075195
I;468;3310.040277004242;10;183.99551391601562;177.65522003173828;[  1   2   7  95 100 110 113 257 291 397];4550;4877;0;0;4.4354188442230225
I;469;3325.938239812851;10;183.98275756835938;177.65522003173828;[  1   2   7 100 110 113 257 291 384 397];4877;4877;0;0;4.4354188442230225
I;470;3341.8266620635986;10;183.9702911376953;177.65522003173828;[  1   2   7  95 100 110 253 257 291 397];4877;4877;0;0;4.4354188442230225
I;471;3357.77149105072;10;183.96554565429702;177.65522003173828;[  1   7  95 100 110 253 257 291 357 397];4877;4877;0;0;4.4354188442230225
I;472;3373.579365968704;10;183.96006774902344;177.65522003173828;[  1   2   7  95 100 110 253 257 291 397];4877;4877;0;0;4.4354188442230225
I;473;3391.7669780254364;10;183.95916748046974;177.66083526611328;[  1   7  95 100 110 113 257 291 390 397];4877;4881;0;0;4.439012765884399
I;474;3407.548253059387;10;183.95769500732422;177.66083526611328;[  1   7  95 100 110 113 257 291 357 397];4881;4881;0;0;4.439012765884399
I;475;3435.3208339214325;10;183.95713806152347;177.69430541992188;[  1   2   7  95 100 110 253 257 291 397];4881;4910;0;0;4.465444326400757
I;476;3451.274682998657;10;183.95709228515625;177.69430541992188;[  1   7  95 100 110 253 257 291 357 397];4910;4910;0;0;4.465444326400757
I;477;3467.294097185135;10;183.95706176757812;177.69430541992188;[  1   2   7  95 100 110 113 257 291 397];4910;4910;0;0;4.465444326400757
I;478;3492.4924449920654;10;183.9569549560547;177.72177124023438;[  1   2   7  95 100 110 253 257 291 397];4910;4925;0;0;4.478809595108032
I;479;3508.652992963791;10;183.95648193359452;177.72177124023438;[  1   7  95 100 110 113 257 291 357 397];4925;4925;0;0;4.478809595108032
I;480;3564.9684340953827;10;183.95639038085938;177.81729125976562;[  1   2   7  95 100 110 113 257 291 397];4925;5127;0;0;4.659382343292236
I;481;3581.550935983658;10;183.95628356933594;177.81729125976562;[  1   2   7  95 100 110 253 257 291 397];5127;5127;0;0;4.659382343292236
I;482;3598.2042741775513;10;183.95574951171875;177.81729125976562;[  1   7  95 100 110 253 257 291 357 397];5127;5127;0;0;4.659382343292236
